solid OpenSCAD_Model
  facet normal 1 0 0
    outer loop
      vertex 58 5 12
      vertex 58 0 12
      vertex 58 5 4
    endloop
  endfacet
  facet normal 1 -0 0
    outer loop
      vertex 58 5 4
      vertex 58 18 0
      vertex 58 18 4
    endloop
  endfacet
  facet normal 1 0 0
    outer loop
      vertex 58 5 4
      vertex 58 0 0
      vertex 58 18 0
    endloop
  endfacet
  facet normal 1 0 0
    outer loop
      vertex 58 0 0
      vertex 58 5 4
      vertex 58 0 12
    endloop
  endfacet
  facet normal 0 0 1
    outer loop
      vertex 58 18 4
      vertex 54.9 12 4
      vertex 58 5 4
    endloop
  endfacet
  facet normal 0 0 1
    outer loop
      vertex 58 18 4
      vertex 54.8837 12.248 4
      vertex 54.9 12 4
    endloop
  endfacet
  facet normal 0 0 1
    outer loop
      vertex 58 18 4
      vertex 54.8353 12.4918 4
      vertex 54.8837 12.248 4
    endloop
  endfacet
  facet normal 0 0 1
    outer loop
      vertex 58 18 4
      vertex 54.7554 12.7271 4
      vertex 54.8353 12.4918 4
    endloop
  endfacet
  facet normal 0 0 1
    outer loop
      vertex 58 18 4
      vertex 54.6454 12.95 4
      vertex 54.7554 12.7271 4
    endloop
  endfacet
  facet normal 0 0 1
    outer loop
      vertex 58 18 4
      vertex 54.5074 13.1566 4
      vertex 54.6454 12.95 4
    endloop
  endfacet
  facet normal 0 0 1
    outer loop
      vertex 58 18 4
      vertex 54.3435 13.3435 4
      vertex 54.5074 13.1566 4
    endloop
  endfacet
  facet normal 0 0 1
    outer loop
      vertex 58 18 4
      vertex 54.1566 13.5074 4
      vertex 54.3435 13.3435 4
    endloop
  endfacet
  facet normal 0 0 1
    outer loop
      vertex 58 18 4
      vertex 53.95 13.6454 4
      vertex 54.1566 13.5074 4
    endloop
  endfacet
  facet normal 0 0 1
    outer loop
      vertex 58 18 4
      vertex 53.7271 13.7554 4
      vertex 53.95 13.6454 4
    endloop
  endfacet
  facet normal 0 0 1
    outer loop
      vertex 58 18 4
      vertex 53.4918 13.8353 4
      vertex 53.7271 13.7554 4
    endloop
  endfacet
  facet normal 0 0 1
    outer loop
      vertex 58 18 4
      vertex 53.248 13.8837 4
      vertex 53.4918 13.8353 4
    endloop
  endfacet
  facet normal 0 0 1
    outer loop
      vertex 58 18 4
      vertex 53 13.9 4
      vertex 53.248 13.8837 4
    endloop
  endfacet
  facet normal 0 0 1
    outer loop
      vertex 58 18 4
      vertex 52.752 13.8837 4
      vertex 53 13.9 4
    endloop
  endfacet
  facet normal 0 0 1
    outer loop
      vertex 58 18 4
      vertex 52.5082 13.8353 4
      vertex 52.752 13.8837 4
    endloop
  endfacet
  facet normal 0 0 1
    outer loop
      vertex 58 18 4
      vertex 52.2729 13.7554 4
      vertex 52.5082 13.8353 4
    endloop
  endfacet
  facet normal 0 0 1
    outer loop
      vertex 58 18 4
      vertex 52.05 13.6454 4
      vertex 52.2729 13.7554 4
    endloop
  endfacet
  facet normal 0 0 1
    outer loop
      vertex 5.95 13.6454 4
      vertex 52.05 13.6454 4
      vertex 58 18 4
    endloop
  endfacet
  facet normal 0 0 1
    outer loop
      vertex 51.1163 12.248 4
      vertex 6.9 12 4
      vertex 51.1 12 4
    endloop
  endfacet
  facet normal 0 0 1
    outer loop
      vertex 6.88375 12.248 4
      vertex 51.1163 12.248 4
      vertex 51.1647 12.4918 4
    endloop
  endfacet
  facet normal 0 0 1
    outer loop
      vertex 6.83526 12.4918 4
      vertex 51.1647 12.4918 4
      vertex 51.2446 12.7271 4
    endloop
  endfacet
  facet normal 0 0 1
    outer loop
      vertex 6.75537 12.7271 4
      vertex 51.2446 12.7271 4
      vertex 51.3546 12.95 4
    endloop
  endfacet
  facet normal 0 0 1
    outer loop
      vertex 6.64545 12.95 4
      vertex 51.3546 12.95 4
      vertex 51.4926 13.1566 4
    endloop
  endfacet
  facet normal 0 0 1
    outer loop
      vertex 6.50737 13.1566 4
      vertex 51.4926 13.1566 4
      vertex 51.6565 13.3435 4
    endloop
  endfacet
  facet normal 0 0 1
    outer loop
      vertex 6.3435 13.3435 4
      vertex 51.6565 13.3435 4
      vertex 51.8434 13.5074 4
    endloop
  endfacet
  facet normal 0 0 1
    outer loop
      vertex 52.05 13.6454 4
      vertex 5.95 13.6454 4
      vertex 51.8434 13.5074 4
    endloop
  endfacet
  facet normal 0 0 1
    outer loop
      vertex 51.1163 12.248 4
      vertex 6.88375 12.248 4
      vertex 6.9 12 4
    endloop
  endfacet
  facet normal 0 0 1
    outer loop
      vertex 51.1647 12.4918 4
      vertex 6.83526 12.4918 4
      vertex 6.88375 12.248 4
    endloop
  endfacet
  facet normal 0 0 1
    outer loop
      vertex 51.2446 12.7271 4
      vertex 6.75537 12.7271 4
      vertex 6.83526 12.4918 4
    endloop
  endfacet
  facet normal 0 0 1
    outer loop
      vertex 51.3546 12.95 4
      vertex 6.64545 12.95 4
      vertex 6.75537 12.7271 4
    endloop
  endfacet
  facet normal 0 0 1
    outer loop
      vertex 51.4926 13.1566 4
      vertex 6.50737 13.1566 4
      vertex 6.64545 12.95 4
    endloop
  endfacet
  facet normal 0 0 1
    outer loop
      vertex 51.6565 13.3435 4
      vertex 6.3435 13.3435 4
      vertex 6.50737 13.1566 4
    endloop
  endfacet
  facet normal 0 0 1
    outer loop
      vertex 51.8434 13.5074 4
      vertex 6.15665 13.5074 4
      vertex 6.3435 13.3435 4
    endloop
  endfacet
  facet normal 0 0 1
    outer loop
      vertex 51.8434 13.5074 4
      vertex 5.95 13.6454 4
      vertex 6.15665 13.5074 4
    endloop
  endfacet
  facet normal -0 0 1
    outer loop
      vertex 0 18 4
      vertex 5.95 13.6454 4
      vertex 58 18 4
    endloop
  endfacet
  facet normal 0 0 1
    outer loop
      vertex 5.95 13.6454 4
      vertex 0 18 4
      vertex 5.7271 13.7554 4
    endloop
  endfacet
  facet normal 0 0 1
    outer loop
      vertex 5.7271 13.7554 4
      vertex 0 18 4
      vertex 5.49176 13.8353 4
    endloop
  endfacet
  facet normal 0 0 1
    outer loop
      vertex 5.49176 13.8353 4
      vertex 0 18 4
      vertex 5.248 13.8837 4
    endloop
  endfacet
  facet normal 0 0 1
    outer loop
      vertex 5.248 13.8837 4
      vertex 0 18 4
      vertex 5 13.9 4
    endloop
  endfacet
  facet normal 0 0 1
    outer loop
      vertex 3.11625 12.248 4
      vertex 0 18 4
      vertex 3.1 12 4
    endloop
  endfacet
  facet normal 0 0 1
    outer loop
      vertex 3.16474 12.4918 4
      vertex 0 18 4
      vertex 3.11625 12.248 4
    endloop
  endfacet
  facet normal 0 0 1
    outer loop
      vertex 3.24463 12.7271 4
      vertex 0 18 4
      vertex 3.16474 12.4918 4
    endloop
  endfacet
  facet normal 0 0 1
    outer loop
      vertex 3.35455 12.95 4
      vertex 0 18 4
      vertex 3.24463 12.7271 4
    endloop
  endfacet
  facet normal 0 0 1
    outer loop
      vertex 3.49263 13.1566 4
      vertex 0 18 4
      vertex 3.35455 12.95 4
    endloop
  endfacet
  facet normal 0 0 1
    outer loop
      vertex 3.6565 13.3435 4
      vertex 0 18 4
      vertex 3.49263 13.1566 4
    endloop
  endfacet
  facet normal 0 0 1
    outer loop
      vertex 3.84335 13.5074 4
      vertex 0 18 4
      vertex 3.6565 13.3435 4
    endloop
  endfacet
  facet normal 0 0 1
    outer loop
      vertex 4.05 13.6454 4
      vertex 0 18 4
      vertex 3.84335 13.5074 4
    endloop
  endfacet
  facet normal 0 0 1
    outer loop
      vertex 4.2729 13.7554 4
      vertex 0 18 4
      vertex 4.05 13.6454 4
    endloop
  endfacet
  facet normal 0 0 1
    outer loop
      vertex 4.50824 13.8353 4
      vertex 0 18 4
      vertex 4.2729 13.7554 4
    endloop
  endfacet
  facet normal 0 0 1
    outer loop
      vertex 4.752 13.8837 4
      vertex 0 18 4
      vertex 4.50824 13.8353 4
    endloop
  endfacet
  facet normal 0 0 1
    outer loop
      vertex 5 13.9 4
      vertex 0 18 4
      vertex 4.752 13.8837 4
    endloop
  endfacet
  facet normal -0 0 1
    outer loop
      vertex 54.8837 11.752 4
      vertex 58 5 4
      vertex 54.9 12 4
    endloop
  endfacet
  facet normal -0 0 1
    outer loop
      vertex 54.8353 11.5082 4
      vertex 58 5 4
      vertex 54.8837 11.752 4
    endloop
  endfacet
  facet normal -0 0 1
    outer loop
      vertex 54.7554 11.2729 4
      vertex 58 5 4
      vertex 54.8353 11.5082 4
    endloop
  endfacet
  facet normal -0 0 1
    outer loop
      vertex 54.6454 11.05 4
      vertex 58 5 4
      vertex 54.7554 11.2729 4
    endloop
  endfacet
  facet normal -0 0 1
    outer loop
      vertex 54.5074 10.8434 4
      vertex 58 5 4
      vertex 54.6454 11.05 4
    endloop
  endfacet
  facet normal -0 0 1
    outer loop
      vertex 54.3435 10.6565 4
      vertex 58 5 4
      vertex 54.5074 10.8434 4
    endloop
  endfacet
  facet normal -0 0 1
    outer loop
      vertex 54.1566 10.4926 4
      vertex 58 5 4
      vertex 54.3435 10.6565 4
    endloop
  endfacet
  facet normal -0 0 1
    outer loop
      vertex 53.95 10.3546 4
      vertex 58 5 4
      vertex 54.1566 10.4926 4
    endloop
  endfacet
  facet normal -0 0 1
    outer loop
      vertex 53.7271 10.2446 4
      vertex 58 5 4
      vertex 53.95 10.3546 4
    endloop
  endfacet
  facet normal -0 0 1
    outer loop
      vertex 53.4918 10.1647 4
      vertex 58 5 4
      vertex 53.7271 10.2446 4
    endloop
  endfacet
  facet normal -0 0 1
    outer loop
      vertex 53.248 10.1163 4
      vertex 58 5 4
      vertex 53.4918 10.1647 4
    endloop
  endfacet
  facet normal -0 0 1
    outer loop
      vertex 53 10.1 4
      vertex 58 5 4
      vertex 53.248 10.1163 4
    endloop
  endfacet
  facet normal 0 0 1
    outer loop
      vertex 52.752 10.1163 4
      vertex 58 5 4
      vertex 53 10.1 4
    endloop
  endfacet
  facet normal 0 0 1
    outer loop
      vertex 52.5082 10.1647 4
      vertex 58 5 4
      vertex 52.752 10.1163 4
    endloop
  endfacet
  facet normal 0 0 1
    outer loop
      vertex 52.2729 10.2446 4
      vertex 58 5 4
      vertex 52.5082 10.1647 4
    endloop
  endfacet
  facet normal 0 0 1
    outer loop
      vertex 52.05 10.3546 4
      vertex 58 5 4
      vertex 52.2729 10.2446 4
    endloop
  endfacet
  facet normal 0 0 1
    outer loop
      vertex 51.8434 10.4926 4
      vertex 58 5 4
      vertex 52.05 10.3546 4
    endloop
  endfacet
  facet normal 0 0 1
    outer loop
      vertex 6.15665 10.4926 4
      vertex 51.8434 10.4926 4
      vertex 51.6565 10.6565 4
    endloop
  endfacet
  facet normal -0 0 1
    outer loop
      vertex 6.9 12 4
      vertex 51.1163 11.752 4
      vertex 51.1 12 4
    endloop
  endfacet
  facet normal 0 0 1
    outer loop
      vertex 6.88375 11.752 4
      vertex 51.1163 11.752 4
      vertex 6.9 12 4
    endloop
  endfacet
  facet normal 0 0 1
    outer loop
      vertex 51.1163 11.752 4
      vertex 6.88375 11.752 4
      vertex 51.1647 11.5082 4
    endloop
  endfacet
  facet normal 0 0 1
    outer loop
      vertex 6.83526 11.5082 4
      vertex 51.1647 11.5082 4
      vertex 6.88375 11.752 4
    endloop
  endfacet
  facet normal 0 0 1
    outer loop
      vertex 51.1647 11.5082 4
      vertex 6.83526 11.5082 4
      vertex 51.2446 11.2729 4
    endloop
  endfacet
  facet normal 0 0 1
    outer loop
      vertex 6.75537 11.2729 4
      vertex 51.2446 11.2729 4
      vertex 6.83526 11.5082 4
    endloop
  endfacet
  facet normal 0 0 1
    outer loop
      vertex 51.2446 11.2729 4
      vertex 6.75537 11.2729 4
      vertex 51.3546 11.05 4
    endloop
  endfacet
  facet normal 0 0 1
    outer loop
      vertex 6.64545 11.05 4
      vertex 51.3546 11.05 4
      vertex 6.75537 11.2729 4
    endloop
  endfacet
  facet normal 0 0 1
    outer loop
      vertex 51.3546 11.05 4
      vertex 6.64545 11.05 4
      vertex 51.4926 10.8434 4
    endloop
  endfacet
  facet normal 0 0 1
    outer loop
      vertex 6.50737 10.8434 4
      vertex 51.4926 10.8434 4
      vertex 6.64545 11.05 4
    endloop
  endfacet
  facet normal 0 0 1
    outer loop
      vertex 51.4926 10.8434 4
      vertex 6.50737 10.8434 4
      vertex 51.6565 10.6565 4
    endloop
  endfacet
  facet normal 0 0 1
    outer loop
      vertex 6.3435 10.6565 4
      vertex 51.6565 10.6565 4
      vertex 6.50737 10.8434 4
    endloop
  endfacet
  facet normal 0 0 1
    outer loop
      vertex 6.15665 10.4926 4
      vertex 51.6565 10.6565 4
      vertex 6.3435 10.6565 4
    endloop
  endfacet
  facet normal 0 0 1
    outer loop
      vertex 51.8434 10.4926 4
      vertex 6.15665 10.4926 4
      vertex 58 5 4
    endloop
  endfacet
  facet normal 0 0 1
    outer loop
      vertex 0 5 4
      vertex 6.15665 10.4926 4
      vertex 5.95 10.3546 4
    endloop
  endfacet
  facet normal 0 0 1
    outer loop
      vertex 0 5 4
      vertex 5.95 10.3546 4
      vertex 5.7271 10.2446 4
    endloop
  endfacet
  facet normal 0 0 1
    outer loop
      vertex 0 5 4
      vertex 5.7271 10.2446 4
      vertex 5.49176 10.1647 4
    endloop
  endfacet
  facet normal 0 0 1
    outer loop
      vertex 0 5 4
      vertex 5.49176 10.1647 4
      vertex 5.248 10.1163 4
    endloop
  endfacet
  facet normal 0 0 1
    outer loop
      vertex 0 5 4
      vertex 5.248 10.1163 4
      vertex 5 10.1 4
    endloop
  endfacet
  facet normal 0 0 1
    outer loop
      vertex 0 5 4
      vertex 5 10.1 4
      vertex 4.752 10.1163 4
    endloop
  endfacet
  facet normal 0 0 1
    outer loop
      vertex 0 5 4
      vertex 3.1 12 4
      vertex 0 18 4
    endloop
  endfacet
  facet normal 0 0 1
    outer loop
      vertex 3.1 12 4
      vertex 0 5 4
      vertex 3.11625 11.752 4
    endloop
  endfacet
  facet normal 0 0 1
    outer loop
      vertex 3.11625 11.752 4
      vertex 0 5 4
      vertex 3.16474 11.5082 4
    endloop
  endfacet
  facet normal 0 0 1
    outer loop
      vertex 6.15665 10.4926 4
      vertex 0 5 4
      vertex 58 5 4
    endloop
  endfacet
  facet normal 0 0 1
    outer loop
      vertex 4.50824 10.1647 4
      vertex 0 5 4
      vertex 4.752 10.1163 4
    endloop
  endfacet
  facet normal 0 0 1
    outer loop
      vertex 4.2729 10.2446 4
      vertex 0 5 4
      vertex 4.50824 10.1647 4
    endloop
  endfacet
  facet normal 0 0 1
    outer loop
      vertex 4.05 10.3546 4
      vertex 0 5 4
      vertex 4.2729 10.2446 4
    endloop
  endfacet
  facet normal 0 0 1
    outer loop
      vertex 3.84335 10.4926 4
      vertex 0 5 4
      vertex 4.05 10.3546 4
    endloop
  endfacet
  facet normal 0 0 1
    outer loop
      vertex 3.6565 10.6565 4
      vertex 0 5 4
      vertex 3.84335 10.4926 4
    endloop
  endfacet
  facet normal 0 0 1
    outer loop
      vertex 3.49263 10.8434 4
      vertex 0 5 4
      vertex 3.6565 10.6565 4
    endloop
  endfacet
  facet normal 0 0 1
    outer loop
      vertex 3.35455 11.05 4
      vertex 0 5 4
      vertex 3.49263 10.8434 4
    endloop
  endfacet
  facet normal 0 0 1
    outer loop
      vertex 3.24463 11.2729 4
      vertex 0 5 4
      vertex 3.35455 11.05 4
    endloop
  endfacet
  facet normal 0 0 1
    outer loop
      vertex 3.16474 11.5082 4
      vertex 0 5 4
      vertex 3.24463 11.2729 4
    endloop
  endfacet
  facet normal 0 0 -1
    outer loop
      vertex 54.8837 11.752 0
      vertex 58 18 0
      vertex 58 0 0
    endloop
  endfacet
  facet normal 0 0 -1
    outer loop
      vertex 58 18 0
      vertex 54.8837 11.752 0
      vertex 54.9 12 0
    endloop
  endfacet
  facet normal 0 0 -1
    outer loop
      vertex 58 0 0
      vertex 54.8353 11.5082 0
      vertex 54.8837 11.752 0
    endloop
  endfacet
  facet normal 0 0 -1
    outer loop
      vertex 58 0 0
      vertex 54.7554 11.2729 0
      vertex 54.8353 11.5082 0
    endloop
  endfacet
  facet normal 0 0 -1
    outer loop
      vertex 58 0 0
      vertex 54.6454 11.05 0
      vertex 54.7554 11.2729 0
    endloop
  endfacet
  facet normal 0 0 -1
    outer loop
      vertex 58 0 0
      vertex 54.5074 10.8434 0
      vertex 54.6454 11.05 0
    endloop
  endfacet
  facet normal 0 0 -1
    outer loop
      vertex 58 0 0
      vertex 54.3435 10.6565 0
      vertex 54.5074 10.8434 0
    endloop
  endfacet
  facet normal 0 0 -1
    outer loop
      vertex 58 0 0
      vertex 54.1566 10.4926 0
      vertex 54.3435 10.6565 0
    endloop
  endfacet
  facet normal 0 0 -1
    outer loop
      vertex 58 0 0
      vertex 53.95 10.3546 0
      vertex 54.1566 10.4926 0
    endloop
  endfacet
  facet normal 0 0 -1
    outer loop
      vertex 58 0 0
      vertex 53.7271 10.2446 0
      vertex 53.95 10.3546 0
    endloop
  endfacet
  facet normal 0 0 -1
    outer loop
      vertex 58 0 0
      vertex 53.4918 10.1647 0
      vertex 53.7271 10.2446 0
    endloop
  endfacet
  facet normal 0 0 -1
    outer loop
      vertex 58 0 0
      vertex 53.248 10.1163 0
      vertex 53.4918 10.1647 0
    endloop
  endfacet
  facet normal 0 0 -1
    outer loop
      vertex 58 0 0
      vertex 53 10.1 0
      vertex 53.248 10.1163 0
    endloop
  endfacet
  facet normal 0 0 -1
    outer loop
      vertex 58 0 0
      vertex 52.752 10.1163 0
      vertex 53 10.1 0
    endloop
  endfacet
  facet normal 0 0 -1
    outer loop
      vertex 58 0 0
      vertex 52.5082 10.1647 0
      vertex 52.752 10.1163 0
    endloop
  endfacet
  facet normal 0 0 -1
    outer loop
      vertex 58 0 0
      vertex 52.2729 10.2446 0
      vertex 52.5082 10.1647 0
    endloop
  endfacet
  facet normal 0 0 -1
    outer loop
      vertex 58 0 0
      vertex 52.05 10.3546 0
      vertex 52.2729 10.2446 0
    endloop
  endfacet
  facet normal 0 0 -1
    outer loop
      vertex 58 0 0
      vertex 51.8434 10.4926 0
      vertex 52.05 10.3546 0
    endloop
  endfacet
  facet normal 0 0 -1
    outer loop
      vertex 58 0 0
      vertex 51.6565 10.6565 0
      vertex 51.8434 10.4926 0
    endloop
  endfacet
  facet normal 0 0 -1
    outer loop
      vertex 6.3435 10.6565 0
      vertex 51.6565 10.6565 0
      vertex 58 0 0
    endloop
  endfacet
  facet normal 0 0 -1
    outer loop
      vertex 51.6565 10.6565 0
      vertex 6.3435 10.6565 0
      vertex 51.4926 10.8434 0
    endloop
  endfacet
  facet normal 0 0 -1
    outer loop
      vertex 51.1163 11.752 0
      vertex 6.9 12 0
      vertex 51.1 12 0
    endloop
  endfacet
  facet normal 0 0 -1
    outer loop
      vertex 6.88375 11.752 0
      vertex 51.1163 11.752 0
      vertex 51.1647 11.5082 0
    endloop
  endfacet
  facet normal 0 0 -1
    outer loop
      vertex 6.83526 11.5082 0
      vertex 51.1647 11.5082 0
      vertex 51.2446 11.2729 0
    endloop
  endfacet
  facet normal 0 0 -1
    outer loop
      vertex 6.75537 11.2729 0
      vertex 51.2446 11.2729 0
      vertex 51.3546 11.05 0
    endloop
  endfacet
  facet normal 0 -0 -1
    outer loop
      vertex 6.50737 10.8434 0
      vertex 51.4926 10.8434 0
      vertex 6.3435 10.6565 0
    endloop
  endfacet
  facet normal 0 0 -1
    outer loop
      vertex 51.1163 11.752 0
      vertex 6.88375 11.752 0
      vertex 6.9 12 0
    endloop
  endfacet
  facet normal 0 0 -1
    outer loop
      vertex 51.1647 11.5082 0
      vertex 6.83526 11.5082 0
      vertex 6.88375 11.752 0
    endloop
  endfacet
  facet normal 0 0 -1
    outer loop
      vertex 51.2446 11.2729 0
      vertex 6.75537 11.2729 0
      vertex 6.83526 11.5082 0
    endloop
  endfacet
  facet normal 0 0 -1
    outer loop
      vertex 51.3546 11.05 0
      vertex 6.64545 11.05 0
      vertex 6.75537 11.2729 0
    endloop
  endfacet
  facet normal -0 0 -1
    outer loop
      vertex 51.3546 11.05 0
      vertex 6.50737 10.8434 0
      vertex 6.64545 11.05 0
    endloop
  endfacet
  facet normal 0 0 -1
    outer loop
      vertex 51.4926 10.8434 0
      vertex 6.50737 10.8434 0
      vertex 51.3546 11.05 0
    endloop
  endfacet
  facet normal 0 0 -1
    outer loop
      vertex 0 0 0
      vertex 6.3435 10.6565 0
      vertex 58 0 0
    endloop
  endfacet
  facet normal 0 0 -1
    outer loop
      vertex 6.3435 10.6565 0
      vertex 0 0 0
      vertex 6.15665 10.4926 0
    endloop
  endfacet
  facet normal 0 0 -1
    outer loop
      vertex 6.15665 10.4926 0
      vertex 0 0 0
      vertex 5.95 10.3546 0
    endloop
  endfacet
  facet normal 0 0 -1
    outer loop
      vertex 5.95 10.3546 0
      vertex 0 0 0
      vertex 5.7271 10.2446 0
    endloop
  endfacet
  facet normal 0 0 -1
    outer loop
      vertex 5.7271 10.2446 0
      vertex 0 0 0
      vertex 5.49176 10.1647 0
    endloop
  endfacet
  facet normal 0 0 -1
    outer loop
      vertex 5.49176 10.1647 0
      vertex 0 0 0
      vertex 5.248 10.1163 0
    endloop
  endfacet
  facet normal 0 0 -1
    outer loop
      vertex 5.248 10.1163 0
      vertex 0 0 0
      vertex 5 10.1 0
    endloop
  endfacet
  facet normal 0 0 -1
    outer loop
      vertex 0 18 0
      vertex 3.11625 11.752 0
      vertex 0 0 0
    endloop
  endfacet
  facet normal -0 0 -1
    outer loop
      vertex 3.16474 11.5082 0
      vertex 0 0 0
      vertex 3.11625 11.752 0
    endloop
  endfacet
  facet normal -0 0 -1
    outer loop
      vertex 3.24463 11.2729 0
      vertex 0 0 0
      vertex 3.16474 11.5082 0
    endloop
  endfacet
  facet normal -0 0 -1
    outer loop
      vertex 3.35455 11.05 0
      vertex 0 0 0
      vertex 3.24463 11.2729 0
    endloop
  endfacet
  facet normal -0 0 -1
    outer loop
      vertex 3.49263 10.8434 0
      vertex 0 0 0
      vertex 3.35455 11.05 0
    endloop
  endfacet
  facet normal -0 0 -1
    outer loop
      vertex 3.6565 10.6565 0
      vertex 0 0 0
      vertex 3.49263 10.8434 0
    endloop
  endfacet
  facet normal -0 0 -1
    outer loop
      vertex 3.84335 10.4926 0
      vertex 0 0 0
      vertex 3.6565 10.6565 0
    endloop
  endfacet
  facet normal -0 0 -1
    outer loop
      vertex 4.05 10.3546 0
      vertex 0 0 0
      vertex 3.84335 10.4926 0
    endloop
  endfacet
  facet normal -0 0 -1
    outer loop
      vertex 4.2729 10.2446 0
      vertex 0 0 0
      vertex 4.05 10.3546 0
    endloop
  endfacet
  facet normal -0 0 -1
    outer loop
      vertex 4.50824 10.1647 0
      vertex 0 0 0
      vertex 4.2729 10.2446 0
    endloop
  endfacet
  facet normal -0 0 -1
    outer loop
      vertex 4.752 10.1163 0
      vertex 0 0 0
      vertex 4.50824 10.1647 0
    endloop
  endfacet
  facet normal -0 0 -1
    outer loop
      vertex 5 10.1 0
      vertex 0 0 0
      vertex 4.752 10.1163 0
    endloop
  endfacet
  facet normal 0 0 -1
    outer loop
      vertex 54.8837 12.248 0
      vertex 58 18 0
      vertex 54.9 12 0
    endloop
  endfacet
  facet normal 0 0 -1
    outer loop
      vertex 54.8353 12.4918 0
      vertex 58 18 0
      vertex 54.8837 12.248 0
    endloop
  endfacet
  facet normal 0 0 -1
    outer loop
      vertex 54.7554 12.7271 0
      vertex 58 18 0
      vertex 54.8353 12.4918 0
    endloop
  endfacet
  facet normal 0 0 -1
    outer loop
      vertex 54.6454 12.95 0
      vertex 58 18 0
      vertex 54.7554 12.7271 0
    endloop
  endfacet
  facet normal 0 0 -1
    outer loop
      vertex 54.5074 13.1566 0
      vertex 58 18 0
      vertex 54.6454 12.95 0
    endloop
  endfacet
  facet normal 0 0 -1
    outer loop
      vertex 54.3435 13.3435 0
      vertex 58 18 0
      vertex 54.5074 13.1566 0
    endloop
  endfacet
  facet normal 0 0 -1
    outer loop
      vertex 54.1566 13.5074 0
      vertex 58 18 0
      vertex 54.3435 13.3435 0
    endloop
  endfacet
  facet normal 0 0 -1
    outer loop
      vertex 53.95 13.6454 0
      vertex 58 18 0
      vertex 54.1566 13.5074 0
    endloop
  endfacet
  facet normal 0 0 -1
    outer loop
      vertex 53.7271 13.7554 0
      vertex 58 18 0
      vertex 53.95 13.6454 0
    endloop
  endfacet
  facet normal 0 0 -1
    outer loop
      vertex 53.4918 13.8353 0
      vertex 58 18 0
      vertex 53.7271 13.7554 0
    endloop
  endfacet
  facet normal 0 0 -1
    outer loop
      vertex 53.248 13.8837 0
      vertex 58 18 0
      vertex 53.4918 13.8353 0
    endloop
  endfacet
  facet normal 0 0 -1
    outer loop
      vertex 53 13.9 0
      vertex 58 18 0
      vertex 53.248 13.8837 0
    endloop
  endfacet
  facet normal 0 0 -1
    outer loop
      vertex 52.752 13.8837 0
      vertex 58 18 0
      vertex 53 13.9 0
    endloop
  endfacet
  facet normal 0 0 -1
    outer loop
      vertex 52.5082 13.8353 0
      vertex 58 18 0
      vertex 52.752 13.8837 0
    endloop
  endfacet
  facet normal 0 0 -1
    outer loop
      vertex 52.2729 13.7554 0
      vertex 58 18 0
      vertex 52.5082 13.8353 0
    endloop
  endfacet
  facet normal 0 0 -1
    outer loop
      vertex 52.05 13.6454 0
      vertex 58 18 0
      vertex 52.2729 13.7554 0
    endloop
  endfacet
  facet normal 0 0 -1
    outer loop
      vertex 5.95 13.6454 0
      vertex 52.05 13.6454 0
      vertex 51.8434 13.5074 0
    endloop
  endfacet
  facet normal 0 0 -1
    outer loop
      vertex 6.9 12 0
      vertex 51.1163 12.248 0
      vertex 51.1 12 0
    endloop
  endfacet
  facet normal 0 0 -1
    outer loop
      vertex 6.88375 12.248 0
      vertex 51.1163 12.248 0
      vertex 6.9 12 0
    endloop
  endfacet
  facet normal 0 0 -1
    outer loop
      vertex 51.1163 12.248 0
      vertex 6.88375 12.248 0
      vertex 51.1647 12.4918 0
    endloop
  endfacet
  facet normal 0 0 -1
    outer loop
      vertex 6.83526 12.4918 0
      vertex 51.1647 12.4918 0
      vertex 6.88375 12.248 0
    endloop
  endfacet
  facet normal 0 0 -1
    outer loop
      vertex 51.1647 12.4918 0
      vertex 6.83526 12.4918 0
      vertex 51.2446 12.7271 0
    endloop
  endfacet
  facet normal 0 0 -1
    outer loop
      vertex 6.75537 12.7271 0
      vertex 51.2446 12.7271 0
      vertex 6.83526 12.4918 0
    endloop
  endfacet
  facet normal 0 0 -1
    outer loop
      vertex 51.2446 12.7271 0
      vertex 6.75537 12.7271 0
      vertex 51.3546 12.95 0
    endloop
  endfacet
  facet normal 0 0 -1
    outer loop
      vertex 6.64545 12.95 0
      vertex 51.3546 12.95 0
      vertex 6.75537 12.7271 0
    endloop
  endfacet
  facet normal 0 0 -1
    outer loop
      vertex 51.3546 12.95 0
      vertex 6.64545 12.95 0
      vertex 51.4926 13.1566 0
    endloop
  endfacet
  facet normal 0 0 -1
    outer loop
      vertex 6.50737 13.1566 0
      vertex 51.4926 13.1566 0
      vertex 6.64545 12.95 0
    endloop
  endfacet
  facet normal 0 0 -1
    outer loop
      vertex 51.4926 13.1566 0
      vertex 6.50737 13.1566 0
      vertex 51.6565 13.3435 0
    endloop
  endfacet
  facet normal 0 0 -1
    outer loop
      vertex 6.3435 13.3435 0
      vertex 51.6565 13.3435 0
      vertex 6.50737 13.1566 0
    endloop
  endfacet
  facet normal 0 0 -1
    outer loop
      vertex 51.6565 13.3435 0
      vertex 6.3435 13.3435 0
      vertex 51.8434 13.5074 0
    endloop
  endfacet
  facet normal 0 0 -1
    outer loop
      vertex 6.15665 13.5074 0
      vertex 51.8434 13.5074 0
      vertex 6.3435 13.3435 0
    endloop
  endfacet
  facet normal 0 0 -1
    outer loop
      vertex 5.95 13.6454 0
      vertex 51.8434 13.5074 0
      vertex 6.15665 13.5074 0
    endloop
  endfacet
  facet normal 0 0 -1
    outer loop
      vertex 52.05 13.6454 0
      vertex 5.95 13.6454 0
      vertex 58 18 0
    endloop
  endfacet
  facet normal 0 0 -1
    outer loop
      vertex 0 18 0
      vertex 5.95 13.6454 0
      vertex 5.7271 13.7554 0
    endloop
  endfacet
  facet normal 0 0 -1
    outer loop
      vertex 0 18 0
      vertex 5.7271 13.7554 0
      vertex 5.49176 13.8353 0
    endloop
  endfacet
  facet normal 0 0 -1
    outer loop
      vertex 0 18 0
      vertex 5.49176 13.8353 0
      vertex 5.248 13.8837 0
    endloop
  endfacet
  facet normal 0 0 -1
    outer loop
      vertex 0 18 0
      vertex 5.248 13.8837 0
      vertex 5 13.9 0
    endloop
  endfacet
  facet normal 0 0 -1
    outer loop
      vertex 0 18 0
      vertex 5 13.9 0
      vertex 4.752 13.8837 0
    endloop
  endfacet
  facet normal 0 0 -1
    outer loop
      vertex 3.11625 11.752 0
      vertex 0 18 0
      vertex 3.1 12 0
    endloop
  endfacet
  facet normal 0 0 -1
    outer loop
      vertex 3.1 12 0
      vertex 0 18 0
      vertex 3.11625 12.248 0
    endloop
  endfacet
  facet normal 0 0 -1
    outer loop
      vertex 5.95 13.6454 0
      vertex 0 18 0
      vertex 58 18 0
    endloop
  endfacet
  facet normal 0 0 -1
    outer loop
      vertex 4.50824 13.8353 0
      vertex 0 18 0
      vertex 4.752 13.8837 0
    endloop
  endfacet
  facet normal 0 0 -1
    outer loop
      vertex 4.2729 13.7554 0
      vertex 0 18 0
      vertex 4.50824 13.8353 0
    endloop
  endfacet
  facet normal 0 0 -1
    outer loop
      vertex 4.05 13.6454 0
      vertex 0 18 0
      vertex 4.2729 13.7554 0
    endloop
  endfacet
  facet normal 0 0 -1
    outer loop
      vertex 3.84335 13.5074 0
      vertex 0 18 0
      vertex 4.05 13.6454 0
    endloop
  endfacet
  facet normal 0 0 -1
    outer loop
      vertex 3.6565 13.3435 0
      vertex 0 18 0
      vertex 3.84335 13.5074 0
    endloop
  endfacet
  facet normal 0 0 -1
    outer loop
      vertex 3.49263 13.1566 0
      vertex 0 18 0
      vertex 3.6565 13.3435 0
    endloop
  endfacet
  facet normal 0 0 -1
    outer loop
      vertex 3.35455 12.95 0
      vertex 0 18 0
      vertex 3.49263 13.1566 0
    endloop
  endfacet
  facet normal 0 0 -1
    outer loop
      vertex 3.24463 12.7271 0
      vertex 0 18 0
      vertex 3.35455 12.95 0
    endloop
  endfacet
  facet normal 0 0 -1
    outer loop
      vertex 3.16474 12.4918 0
      vertex 0 18 0
      vertex 3.24463 12.7271 0
    endloop
  endfacet
  facet normal 0 0 -1
    outer loop
      vertex 3.11625 12.248 0
      vertex 0 18 0
      vertex 3.16474 12.4918 0
    endloop
  endfacet
  facet normal -1 0 0
    outer loop
      vertex 0 18 0
      vertex 0 5 4
      vertex 0 18 4
    endloop
  endfacet
  facet normal -1 0 0
    outer loop
      vertex 0 0 0
      vertex 0 5 4
      vertex 0 18 0
    endloop
  endfacet
  facet normal -1 0 0
    outer loop
      vertex 0 0 12
      vertex 0 5 4
      vertex 0 0 0
    endloop
  endfacet
  facet normal -1 0 0
    outer loop
      vertex 0 5 4
      vertex 0 0 12
      vertex 0 5 12
    endloop
  endfacet
  facet normal 0 1 -0
    outer loop
      vertex 58 18 0
      vertex 0 18 4
      vertex 58 18 4
    endloop
  endfacet
  facet normal 0 1 0
    outer loop
      vertex 0 18 4
      vertex 58 18 0
      vertex 0 18 0
    endloop
  endfacet
  facet normal 0 -1 0
    outer loop
      vertex 0 0 12
      vertex 5.02567 0 11.6084
      vertex 5 0 12
    endloop
  endfacet
  facet normal 0 -1 0
    outer loop
      vertex 0 0 12
      vertex 5.10222 0 11.2235
      vertex 5.02567 0 11.6084
    endloop
  endfacet
  facet normal 0 -1 0
    outer loop
      vertex 0 0 12
      vertex 5.22836 0 10.8519
      vertex 5.10222 0 11.2235
    endloop
  endfacet
  facet normal 0 -1 0
    outer loop
      vertex 0 0 12
      vertex 5.40192 0 10.5
      vertex 5.22836 0 10.8519
    endloop
  endfacet
  facet normal 0 -1 0
    outer loop
      vertex 0 0 12
      vertex 5.61994 0 10.1737
      vertex 5.40192 0 10.5
    endloop
  endfacet
  facet normal 0 -1 0
    outer loop
      vertex 0 0 12
      vertex 5.87868 0 9.87868
      vertex 5.61994 0 10.1737
    endloop
  endfacet
  facet normal 0 -1 0
    outer loop
      vertex 0 0 0
      vertex 5.87868 0 9.87868
      vertex 0 0 12
    endloop
  endfacet
  facet normal 0 -1 -0
    outer loop
      vertex 5.87868 0 9.87868
      vertex 0 0 0
      vertex 6.17372 0 9.61994
    endloop
  endfacet
  facet normal 0 -1 -0
    outer loop
      vertex 6.17372 0 9.61994
      vertex 0 0 0
      vertex 6.5 0 9.40192
    endloop
  endfacet
  facet normal 0 -1 -0
    outer loop
      vertex 17.6084 0 9.02567
      vertex 0 0 0
      vertex 18 0 9
    endloop
  endfacet
  facet normal 0 -1 -0
    outer loop
      vertex 18 0 9
      vertex 0 0 0
      vertex 28 0 9
    endloop
  endfacet
  facet normal 0 -1 0
    outer loop
      vertex 58 0 0
      vertex 28 0 9
      vertex 0 0 0
    endloop
  endfacet
  facet normal 0 -1 0
    outer loop
      vertex 28 0 9
      vertex 58 0 0
      vertex 38 0 9
    endloop
  endfacet
  facet normal 0 -1 -0
    outer loop
      vertex 7.60842 0 9.02567
      vertex 0 0 0
      vertex 8 0 9
    endloop
  endfacet
  facet normal 0 -1 -0
    outer loop
      vertex 7.22354 0 9.10222
      vertex 0 0 0
      vertex 7.60842 0 9.02567
    endloop
  endfacet
  facet normal 0 -1 -0
    outer loop
      vertex 6.85195 0 9.22836
      vertex 0 0 0
      vertex 7.22354 0 9.10222
    endloop
  endfacet
  facet normal 0 -1 -0
    outer loop
      vertex 6.5 0 9.40192
      vertex 0 0 0
      vertex 6.85195 0 9.22836
    endloop
  endfacet
  facet normal 0 -1 0
    outer loop
      vertex 10.9743 0 11.6084
      vertex 15 0 12
      vertex 11 0 12
    endloop
  endfacet
  facet normal 0 -1 0
    outer loop
      vertex 10.9743 0 11.6084
      vertex 15.0257 0 11.6084
      vertex 15 0 12
    endloop
  endfacet
  facet normal 0 -1 0
    outer loop
      vertex 10.8978 0 11.2235
      vertex 15.0257 0 11.6084
      vertex 10.9743 0 11.6084
    endloop
  endfacet
  facet normal 0 -1 0
    outer loop
      vertex 10.8978 0 11.2235
      vertex 15.1022 0 11.2235
      vertex 15.0257 0 11.6084
    endloop
  endfacet
  facet normal 0 -1 0
    outer loop
      vertex 10.7716 0 10.8519
      vertex 15.1022 0 11.2235
      vertex 10.8978 0 11.2235
    endloop
  endfacet
  facet normal 0 -1 0
    outer loop
      vertex 10.7716 0 10.8519
      vertex 15.2284 0 10.8519
      vertex 15.1022 0 11.2235
    endloop
  endfacet
  facet normal 0 -1 0
    outer loop
      vertex 10.5981 0 10.5
      vertex 15.2284 0 10.8519
      vertex 10.7716 0 10.8519
    endloop
  endfacet
  facet normal 0 -1 0
    outer loop
      vertex 10.5981 0 10.5
      vertex 15.4019 0 10.5
      vertex 15.2284 0 10.8519
    endloop
  endfacet
  facet normal 0 -1 0
    outer loop
      vertex 10.3801 0 10.1737
      vertex 15.4019 0 10.5
      vertex 10.5981 0 10.5
    endloop
  endfacet
  facet normal 0 -1 0
    outer loop
      vertex 10.3801 0 10.1737
      vertex 15.6199 0 10.1737
      vertex 15.4019 0 10.5
    endloop
  endfacet
  facet normal 0 -1 0
    outer loop
      vertex 10.1213 0 9.87868
      vertex 15.6199 0 10.1737
      vertex 10.3801 0 10.1737
    endloop
  endfacet
  facet normal 0 -1 0
    outer loop
      vertex 10.1213 0 9.87868
      vertex 15.8787 0 9.87868
      vertex 15.6199 0 10.1737
    endloop
  endfacet
  facet normal 0 -1 0
    outer loop
      vertex 9.82628 0 9.61994
      vertex 15.8787 0 9.87868
      vertex 10.1213 0 9.87868
    endloop
  endfacet
  facet normal 0 -1 0
    outer loop
      vertex 9.82628 0 9.61994
      vertex 16.1737 0 9.61994
      vertex 15.8787 0 9.87868
    endloop
  endfacet
  facet normal 0 -1 0
    outer loop
      vertex 9.5 0 9.40192
      vertex 16.1737 0 9.61994
      vertex 9.82628 0 9.61994
    endloop
  endfacet
  facet normal 0 -1 0
    outer loop
      vertex 9.5 0 9.40192
      vertex 16.5 0 9.40192
      vertex 16.1737 0 9.61994
    endloop
  endfacet
  facet normal 0 -1 0
    outer loop
      vertex 9.14805 0 9.22836
      vertex 16.5 0 9.40192
      vertex 9.5 0 9.40192
    endloop
  endfacet
  facet normal 0 -1 0
    outer loop
      vertex 9.14805 0 9.22836
      vertex 16.8519 0 9.22836
      vertex 16.5 0 9.40192
    endloop
  endfacet
  facet normal 0 -1 0
    outer loop
      vertex 8.77646 0 9.10222
      vertex 16.8519 0 9.22836
      vertex 9.14805 0 9.22836
    endloop
  endfacet
  facet normal 0 -1 0
    outer loop
      vertex 8.77646 0 9.10222
      vertex 17.2235 0 9.10222
      vertex 16.8519 0 9.22836
    endloop
  endfacet
  facet normal 0 -1 0
    outer loop
      vertex 0 0 0
      vertex 8.77646 0 9.10222
      vertex 8.39158 0 9.02567
    endloop
  endfacet
  facet normal 0 -1 -0
    outer loop
      vertex 8.77646 0 9.10222
      vertex 0 0 0
      vertex 17.2235 0 9.10222
    endloop
  endfacet
  facet normal 0 -1 0
    outer loop
      vertex 0 0 0
      vertex 8.39158 0 9.02567
      vertex 8 0 9
    endloop
  endfacet
  facet normal 0 -1 -0
    outer loop
      vertex 17.2235 0 9.10222
      vertex 0 0 0
      vertex 17.6084 0 9.02567
    endloop
  endfacet
  facet normal 0 -1 0
    outer loop
      vertex 20.9743 0 11.6084
      vertex 25 0 12
      vertex 21 0 12
    endloop
  endfacet
  facet normal 0 -1 0
    outer loop
      vertex 20.9743 0 11.6084
      vertex 25.0257 0 11.6084
      vertex 25 0 12
    endloop
  endfacet
  facet normal 0 -1 0
    outer loop
      vertex 20.8978 0 11.2235
      vertex 25.0257 0 11.6084
      vertex 20.9743 0 11.6084
    endloop
  endfacet
  facet normal 0 -1 0
    outer loop
      vertex 20.8978 0 11.2235
      vertex 25.1022 0 11.2235
      vertex 25.0257 0 11.6084
    endloop
  endfacet
  facet normal 0 -1 0
    outer loop
      vertex 20.7716 0 10.8519
      vertex 25.1022 0 11.2235
      vertex 20.8978 0 11.2235
    endloop
  endfacet
  facet normal 0 -1 0
    outer loop
      vertex 20.7716 0 10.8519
      vertex 25.2284 0 10.8519
      vertex 25.1022 0 11.2235
    endloop
  endfacet
  facet normal 0 -1 0
    outer loop
      vertex 20.5981 0 10.5
      vertex 25.2284 0 10.8519
      vertex 20.7716 0 10.8519
    endloop
  endfacet
  facet normal 0 -1 0
    outer loop
      vertex 20.5981 0 10.5
      vertex 25.4019 0 10.5
      vertex 25.2284 0 10.8519
    endloop
  endfacet
  facet normal 0 -1 0
    outer loop
      vertex 20.3801 0 10.1737
      vertex 25.4019 0 10.5
      vertex 20.5981 0 10.5
    endloop
  endfacet
  facet normal 0 -1 0
    outer loop
      vertex 20.3801 0 10.1737
      vertex 25.6199 0 10.1737
      vertex 25.4019 0 10.5
    endloop
  endfacet
  facet normal 0 -1 0
    outer loop
      vertex 20.1213 0 9.87868
      vertex 25.6199 0 10.1737
      vertex 20.3801 0 10.1737
    endloop
  endfacet
  facet normal 0 -1 0
    outer loop
      vertex 20.1213 0 9.87868
      vertex 25.8787 0 9.87868
      vertex 25.6199 0 10.1737
    endloop
  endfacet
  facet normal 0 -1 0
    outer loop
      vertex 19.8263 0 9.61994
      vertex 25.8787 0 9.87868
      vertex 20.1213 0 9.87868
    endloop
  endfacet
  facet normal 0 -1 0
    outer loop
      vertex 19.8263 0 9.61994
      vertex 26.1737 0 9.61994
      vertex 25.8787 0 9.87868
    endloop
  endfacet
  facet normal 0 -1 0
    outer loop
      vertex 19.5 0 9.40192
      vertex 26.1737 0 9.61994
      vertex 19.8263 0 9.61994
    endloop
  endfacet
  facet normal 0 -1 0
    outer loop
      vertex 19.5 0 9.40192
      vertex 26.5 0 9.40192
      vertex 26.1737 0 9.61994
    endloop
  endfacet
  facet normal 0 -1 0
    outer loop
      vertex 19.148 0 9.22836
      vertex 26.5 0 9.40192
      vertex 19.5 0 9.40192
    endloop
  endfacet
  facet normal 0 -1 0
    outer loop
      vertex 19.148 0 9.22836
      vertex 26.8519 0 9.22836
      vertex 26.5 0 9.40192
    endloop
  endfacet
  facet normal 0 -1 0
    outer loop
      vertex 18.7765 0 9.10222
      vertex 26.8519 0 9.22836
      vertex 19.148 0 9.22836
    endloop
  endfacet
  facet normal 0 -1 0
    outer loop
      vertex 18.7765 0 9.10222
      vertex 27.2235 0 9.10222
      vertex 26.8519 0 9.22836
    endloop
  endfacet
  facet normal 0 -1 0
    outer loop
      vertex 18.3916 0 9.02567
      vertex 27.2235 0 9.10222
      vertex 18.7765 0 9.10222
    endloop
  endfacet
  facet normal 0 -1 0
    outer loop
      vertex 18.3916 0 9.02567
      vertex 27.6084 0 9.02567
      vertex 27.2235 0 9.10222
    endloop
  endfacet
  facet normal 0 -1 0
    outer loop
      vertex 18 0 9
      vertex 27.6084 0 9.02567
      vertex 18.3916 0 9.02567
    endloop
  endfacet
  facet normal 0 -1 -0
    outer loop
      vertex 27.6084 0 9.02567
      vertex 18 0 9
      vertex 28 0 9
    endloop
  endfacet
  facet normal 0 -1 0
    outer loop
      vertex 30.9743 0 11.6084
      vertex 35 0 12
      vertex 31 0 12
    endloop
  endfacet
  facet normal 0 -1 0
    outer loop
      vertex 30.9743 0 11.6084
      vertex 35.0257 0 11.6084
      vertex 35 0 12
    endloop
  endfacet
  facet normal 0 -1 0
    outer loop
      vertex 30.8978 0 11.2235
      vertex 35.0257 0 11.6084
      vertex 30.9743 0 11.6084
    endloop
  endfacet
  facet normal 0 -1 0
    outer loop
      vertex 30.8978 0 11.2235
      vertex 35.1022 0 11.2235
      vertex 35.0257 0 11.6084
    endloop
  endfacet
  facet normal 0 -1 0
    outer loop
      vertex 30.7716 0 10.8519
      vertex 35.1022 0 11.2235
      vertex 30.8978 0 11.2235
    endloop
  endfacet
  facet normal 0 -1 0
    outer loop
      vertex 30.7716 0 10.8519
      vertex 35.2284 0 10.8519
      vertex 35.1022 0 11.2235
    endloop
  endfacet
  facet normal 0 -1 0
    outer loop
      vertex 30.5981 0 10.5
      vertex 35.2284 0 10.8519
      vertex 30.7716 0 10.8519
    endloop
  endfacet
  facet normal 0 -1 0
    outer loop
      vertex 30.5981 0 10.5
      vertex 35.4019 0 10.5
      vertex 35.2284 0 10.8519
    endloop
  endfacet
  facet normal 0 -1 0
    outer loop
      vertex 30.3801 0 10.1737
      vertex 35.4019 0 10.5
      vertex 30.5981 0 10.5
    endloop
  endfacet
  facet normal 0 -1 0
    outer loop
      vertex 30.3801 0 10.1737
      vertex 35.6199 0 10.1737
      vertex 35.4019 0 10.5
    endloop
  endfacet
  facet normal 0 -1 0
    outer loop
      vertex 30.1213 0 9.87868
      vertex 35.6199 0 10.1737
      vertex 30.3801 0 10.1737
    endloop
  endfacet
  facet normal 0 -1 0
    outer loop
      vertex 30.1213 0 9.87868
      vertex 35.8787 0 9.87868
      vertex 35.6199 0 10.1737
    endloop
  endfacet
  facet normal 0 -1 0
    outer loop
      vertex 29.8263 0 9.61994
      vertex 35.8787 0 9.87868
      vertex 30.1213 0 9.87868
    endloop
  endfacet
  facet normal 0 -1 0
    outer loop
      vertex 29.8263 0 9.61994
      vertex 36.1737 0 9.61994
      vertex 35.8787 0 9.87868
    endloop
  endfacet
  facet normal 0 -1 0
    outer loop
      vertex 29.5 0 9.40192
      vertex 36.1737 0 9.61994
      vertex 29.8263 0 9.61994
    endloop
  endfacet
  facet normal 0 -1 0
    outer loop
      vertex 29.5 0 9.40192
      vertex 36.5 0 9.40192
      vertex 36.1737 0 9.61994
    endloop
  endfacet
  facet normal 0 -1 0
    outer loop
      vertex 29.148 0 9.22836
      vertex 36.5 0 9.40192
      vertex 29.5 0 9.40192
    endloop
  endfacet
  facet normal 0 -1 0
    outer loop
      vertex 29.148 0 9.22836
      vertex 36.852 0 9.22836
      vertex 36.5 0 9.40192
    endloop
  endfacet
  facet normal 0 -1 0
    outer loop
      vertex 28.7765 0 9.10222
      vertex 36.852 0 9.22836
      vertex 29.148 0 9.22836
    endloop
  endfacet
  facet normal 0 -1 0
    outer loop
      vertex 28.7765 0 9.10222
      vertex 37.2235 0 9.10222
      vertex 36.852 0 9.22836
    endloop
  endfacet
  facet normal 0 -1 0
    outer loop
      vertex 28.3916 0 9.02567
      vertex 37.2235 0 9.10222
      vertex 28.7765 0 9.10222
    endloop
  endfacet
  facet normal 0 -1 0
    outer loop
      vertex 28.3916 0 9.02567
      vertex 37.6084 0 9.02567
      vertex 37.2235 0 9.10222
    endloop
  endfacet
  facet normal 0 -1 0
    outer loop
      vertex 28 0 9
      vertex 37.6084 0 9.02567
      vertex 28.3916 0 9.02567
    endloop
  endfacet
  facet normal 0 -1 -0
    outer loop
      vertex 37.6084 0 9.02567
      vertex 28 0 9
      vertex 38 0 9
    endloop
  endfacet
  facet normal 0 -1 0
    outer loop
      vertex 40.9743 0 11.6084
      vertex 45 0 12
      vertex 41 0 12
    endloop
  endfacet
  facet normal 0 -1 0
    outer loop
      vertex 40.9743 0 11.6084
      vertex 45.0257 0 11.6084
      vertex 45 0 12
    endloop
  endfacet
  facet normal 0 -1 0
    outer loop
      vertex 40.8978 0 11.2235
      vertex 45.0257 0 11.6084
      vertex 40.9743 0 11.6084
    endloop
  endfacet
  facet normal 0 -1 0
    outer loop
      vertex 40.8978 0 11.2235
      vertex 45.1022 0 11.2235
      vertex 45.0257 0 11.6084
    endloop
  endfacet
  facet normal 0 -1 0
    outer loop
      vertex 40.7716 0 10.8519
      vertex 45.1022 0 11.2235
      vertex 40.8978 0 11.2235
    endloop
  endfacet
  facet normal 0 -1 0
    outer loop
      vertex 40.7716 0 10.8519
      vertex 45.2284 0 10.8519
      vertex 45.1022 0 11.2235
    endloop
  endfacet
  facet normal 0 -1 0
    outer loop
      vertex 40.5981 0 10.5
      vertex 45.2284 0 10.8519
      vertex 40.7716 0 10.8519
    endloop
  endfacet
  facet normal 0 -1 0
    outer loop
      vertex 40.5981 0 10.5
      vertex 45.4019 0 10.5
      vertex 45.2284 0 10.8519
    endloop
  endfacet
  facet normal 0 -1 0
    outer loop
      vertex 40.3801 0 10.1737
      vertex 45.4019 0 10.5
      vertex 40.5981 0 10.5
    endloop
  endfacet
  facet normal 0 -1 0
    outer loop
      vertex 40.3801 0 10.1737
      vertex 45.6199 0 10.1737
      vertex 45.4019 0 10.5
    endloop
  endfacet
  facet normal 0 -1 0
    outer loop
      vertex 40.1213 0 9.87868
      vertex 45.6199 0 10.1737
      vertex 40.3801 0 10.1737
    endloop
  endfacet
  facet normal 0 -1 0
    outer loop
      vertex 40.1213 0 9.87868
      vertex 45.8787 0 9.87868
      vertex 45.6199 0 10.1737
    endloop
  endfacet
  facet normal 0 -1 0
    outer loop
      vertex 39.8263 0 9.61994
      vertex 45.8787 0 9.87868
      vertex 40.1213 0 9.87868
    endloop
  endfacet
  facet normal 0 -1 0
    outer loop
      vertex 39.8263 0 9.61994
      vertex 46.1737 0 9.61994
      vertex 45.8787 0 9.87868
    endloop
  endfacet
  facet normal 0 -1 0
    outer loop
      vertex 39.5 0 9.40192
      vertex 46.1737 0 9.61994
      vertex 39.8263 0 9.61994
    endloop
  endfacet
  facet normal 0 -1 0
    outer loop
      vertex 39.5 0 9.40192
      vertex 46.5 0 9.40192
      vertex 46.1737 0 9.61994
    endloop
  endfacet
  facet normal 0 -1 0
    outer loop
      vertex 39.148 0 9.22836
      vertex 46.5 0 9.40192
      vertex 39.5 0 9.40192
    endloop
  endfacet
  facet normal 0 -1 0
    outer loop
      vertex 39.148 0 9.22836
      vertex 46.852 0 9.22836
      vertex 46.5 0 9.40192
    endloop
  endfacet
  facet normal 0 -1 0
    outer loop
      vertex 38.7765 0 9.10222
      vertex 46.852 0 9.22836
      vertex 39.148 0 9.22836
    endloop
  endfacet
  facet normal 0 -1 0
    outer loop
      vertex 38.7765 0 9.10222
      vertex 47.2235 0 9.10222
      vertex 46.852 0 9.22836
    endloop
  endfacet
  facet normal 0 -1 0
    outer loop
      vertex 38.3916 0 9.02567
      vertex 47.2235 0 9.10222
      vertex 38.7765 0 9.10222
    endloop
  endfacet
  facet normal 0 -1 0
    outer loop
      vertex 38.3916 0 9.02567
      vertex 47.6084 0 9.02567
      vertex 47.2235 0 9.10222
    endloop
  endfacet
  facet normal 0 -1 0
    outer loop
      vertex 38 0 9
      vertex 47.6084 0 9.02567
      vertex 38.3916 0 9.02567
    endloop
  endfacet
  facet normal 0 -1 -0
    outer loop
      vertex 47.6084 0 9.02567
      vertex 38 0 9
      vertex 48 0 9
    endloop
  endfacet
  facet normal 0 -1 0
    outer loop
      vertex 50.9743 0 11.6084
      vertex 58 0 12
      vertex 51 0 12
    endloop
  endfacet
  facet normal 0 -1 0
    outer loop
      vertex 50.8978 0 11.2235
      vertex 58 0 12
      vertex 50.9743 0 11.6084
    endloop
  endfacet
  facet normal 0 -1 0
    outer loop
      vertex 50.7716 0 10.8519
      vertex 58 0 12
      vertex 50.8978 0 11.2235
    endloop
  endfacet
  facet normal 0 -1 0
    outer loop
      vertex 50.5981 0 10.5
      vertex 58 0 12
      vertex 50.7716 0 10.8519
    endloop
  endfacet
  facet normal 0 -1 0
    outer loop
      vertex 50.3801 0 10.1737
      vertex 58 0 12
      vertex 50.5981 0 10.5
    endloop
  endfacet
  facet normal 0 -1 0
    outer loop
      vertex 58 0 0
      vertex 50.3801 0 10.1737
      vertex 50.1213 0 9.87868
    endloop
  endfacet
  facet normal 0 -1 0
    outer loop
      vertex 58 0 0
      vertex 50.1213 0 9.87868
      vertex 49.8263 0 9.61994
    endloop
  endfacet
  facet normal 0 -1 0
    outer loop
      vertex 58 0 0
      vertex 49.8263 0 9.61994
      vertex 49.5 0 9.40192
    endloop
  endfacet
  facet normal 0 -1 0
    outer loop
      vertex 58 0 0
      vertex 49.5 0 9.40192
      vertex 49.148 0 9.22836
    endloop
  endfacet
  facet normal 0 -1 0
    outer loop
      vertex 58 0 0
      vertex 49.148 0 9.22836
      vertex 48.7765 0 9.10222
    endloop
  endfacet
  facet normal 0 -1 0
    outer loop
      vertex 38 0 9
      vertex 58 0 0
      vertex 48 0 9
    endloop
  endfacet
  facet normal 0 -1 0
    outer loop
      vertex 50.3801 0 10.1737
      vertex 58 0 0
      vertex 58 0 12
    endloop
  endfacet
  facet normal 0 -1 0
    outer loop
      vertex 48.3916 0 9.02567
      vertex 58 0 0
      vertex 48.7765 0 9.10222
    endloop
  endfacet
  facet normal 0 -1 0
    outer loop
      vertex 48 0 9
      vertex 58 0 0
      vertex 48.3916 0 9.02567
    endloop
  endfacet
  facet normal -0 0 1
    outer loop
      vertex 0 5 12
      vertex 5 0 12
      vertex 5 5 12
    endloop
  endfacet
  facet normal 0 0 1
    outer loop
      vertex 5 0 12
      vertex 0 5 12
      vertex 0 0 12
    endloop
  endfacet
  facet normal -0 0 1
    outer loop
      vertex 51 5 12
      vertex 58 0 12
      vertex 58 5 12
    endloop
  endfacet
  facet normal 0 0 1
    outer loop
      vertex 58 0 12
      vertex 51 5 12
      vertex 51 0 12
    endloop
  endfacet
  facet normal -0 0 1
    outer loop
      vertex 11 5 12
      vertex 15 0 12
      vertex 15 5 12
    endloop
  endfacet
  facet normal 0 0 1
    outer loop
      vertex 15 0 12
      vertex 11 5 12
      vertex 11 0 12
    endloop
  endfacet
  facet normal -0 0 1
    outer loop
      vertex 21 5 12
      vertex 25 0 12
      vertex 25 5 12
    endloop
  endfacet
  facet normal 0 0 1
    outer loop
      vertex 25 0 12
      vertex 21 5 12
      vertex 21 0 12
    endloop
  endfacet
  facet normal -0 0 1
    outer loop
      vertex 31 5 12
      vertex 35 0 12
      vertex 35 5 12
    endloop
  endfacet
  facet normal 0 0 1
    outer loop
      vertex 35 0 12
      vertex 31 5 12
      vertex 31 0 12
    endloop
  endfacet
  facet normal -0 0 1
    outer loop
      vertex 41 5 12
      vertex 45 0 12
      vertex 45 5 12
    endloop
  endfacet
  facet normal 0 0 1
    outer loop
      vertex 45 0 12
      vertex 41 5 12
      vertex 41 0 12
    endloop
  endfacet
  facet normal 0 1 0
    outer loop
      vertex 58 5 12
      vertex 50.9743 5 11.6084
      vertex 51 5 12
    endloop
  endfacet
  facet normal 0 1 0
    outer loop
      vertex 58 5 12
      vertex 50.8978 5 11.2235
      vertex 50.9743 5 11.6084
    endloop
  endfacet
  facet normal 0 1 0
    outer loop
      vertex 58 5 12
      vertex 50.7716 5 10.8519
      vertex 50.8978 5 11.2235
    endloop
  endfacet
  facet normal 0 1 0
    outer loop
      vertex 58 5 12
      vertex 50.5981 5 10.5
      vertex 50.7716 5 10.8519
    endloop
  endfacet
  facet normal 0 1 -0
    outer loop
      vertex 58 5 4
      vertex 50.5981 5 10.5
      vertex 58 5 12
    endloop
  endfacet
  facet normal 0 1 0
    outer loop
      vertex 50.5981 5 10.5
      vertex 58 5 4
      vertex 50.3801 5 10.1737
    endloop
  endfacet
  facet normal 0 1 0
    outer loop
      vertex 50.3801 5 10.1737
      vertex 58 5 4
      vertex 50.1213 5 9.87868
    endloop
  endfacet
  facet normal 0 1 0
    outer loop
      vertex 50.1213 5 9.87868
      vertex 58 5 4
      vertex 49.8263 5 9.61994
    endloop
  endfacet
  facet normal 0 1 0
    outer loop
      vertex 49.8263 5 9.61994
      vertex 58 5 4
      vertex 49.5 5 9.40192
    endloop
  endfacet
  facet normal 0 1 0
    outer loop
      vertex 49.5 5 9.40192
      vertex 58 5 4
      vertex 49.148 5 9.22836
    endloop
  endfacet
  facet normal 0 1 0
    outer loop
      vertex 38.3916 5 9.02567
      vertex 58 5 4
      vertex 38 5 9
    endloop
  endfacet
  facet normal 0 1 0
    outer loop
      vertex 38 5 9
      vertex 58 5 4
      vertex 28 5 9
    endloop
  endfacet
  facet normal 0 1 0
    outer loop
      vertex 0 5 4
      vertex 28 5 9
      vertex 58 5 4
    endloop
  endfacet
  facet normal 0 1 0
    outer loop
      vertex 28 5 9
      vertex 0 5 4
      vertex 18 5 9
    endloop
  endfacet
  facet normal 0 1 0
    outer loop
      vertex 48.3916 5 9.02567
      vertex 58 5 4
      vertex 48 5 9
    endloop
  endfacet
  facet normal 0 1 0
    outer loop
      vertex 48.7765 5 9.10222
      vertex 58 5 4
      vertex 48.3916 5 9.02567
    endloop
  endfacet
  facet normal 0 1 0
    outer loop
      vertex 49.148 5 9.22836
      vertex 58 5 4
      vertex 48.7765 5 9.10222
    endloop
  endfacet
  facet normal 0 1 0
    outer loop
      vertex 45.0257 5 11.6084
      vertex 41 5 12
      vertex 45 5 12
    endloop
  endfacet
  facet normal 0 1 0
    outer loop
      vertex 45.0257 5 11.6084
      vertex 40.9743 5 11.6084
      vertex 41 5 12
    endloop
  endfacet
  facet normal 0 1 0
    outer loop
      vertex 45.1022 5 11.2235
      vertex 40.9743 5 11.6084
      vertex 45.0257 5 11.6084
    endloop
  endfacet
  facet normal 0 1 0
    outer loop
      vertex 45.1022 5 11.2235
      vertex 40.8978 5 11.2235
      vertex 40.9743 5 11.6084
    endloop
  endfacet
  facet normal 0 1 0
    outer loop
      vertex 45.2284 5 10.8519
      vertex 40.8978 5 11.2235
      vertex 45.1022 5 11.2235
    endloop
  endfacet
  facet normal 0 1 0
    outer loop
      vertex 45.2284 5 10.8519
      vertex 40.7716 5 10.8519
      vertex 40.8978 5 11.2235
    endloop
  endfacet
  facet normal 0 1 0
    outer loop
      vertex 45.4019 5 10.5
      vertex 40.7716 5 10.8519
      vertex 45.2284 5 10.8519
    endloop
  endfacet
  facet normal 0 1 0
    outer loop
      vertex 45.4019 5 10.5
      vertex 40.5981 5 10.5
      vertex 40.7716 5 10.8519
    endloop
  endfacet
  facet normal 0 1 0
    outer loop
      vertex 45.6199 5 10.1737
      vertex 40.5981 5 10.5
      vertex 45.4019 5 10.5
    endloop
  endfacet
  facet normal 0 1 0
    outer loop
      vertex 45.6199 5 10.1737
      vertex 40.3801 5 10.1737
      vertex 40.5981 5 10.5
    endloop
  endfacet
  facet normal 0 1 0
    outer loop
      vertex 45.8787 5 9.87868
      vertex 40.3801 5 10.1737
      vertex 45.6199 5 10.1737
    endloop
  endfacet
  facet normal 0 1 0
    outer loop
      vertex 45.8787 5 9.87868
      vertex 40.1213 5 9.87868
      vertex 40.3801 5 10.1737
    endloop
  endfacet
  facet normal 0 1 0
    outer loop
      vertex 46.1737 5 9.61994
      vertex 40.1213 5 9.87868
      vertex 45.8787 5 9.87868
    endloop
  endfacet
  facet normal 0 1 0
    outer loop
      vertex 46.1737 5 9.61994
      vertex 39.8263 5 9.61994
      vertex 40.1213 5 9.87868
    endloop
  endfacet
  facet normal 0 1 0
    outer loop
      vertex 46.5 5 9.40192
      vertex 39.8263 5 9.61994
      vertex 46.1737 5 9.61994
    endloop
  endfacet
  facet normal 0 1 0
    outer loop
      vertex 46.5 5 9.40192
      vertex 39.5 5 9.40192
      vertex 39.8263 5 9.61994
    endloop
  endfacet
  facet normal 0 1 0
    outer loop
      vertex 46.852 5 9.22836
      vertex 39.5 5 9.40192
      vertex 46.5 5 9.40192
    endloop
  endfacet
  facet normal 0 1 0
    outer loop
      vertex 46.852 5 9.22836
      vertex 39.148 5 9.22836
      vertex 39.5 5 9.40192
    endloop
  endfacet
  facet normal 0 1 0
    outer loop
      vertex 47.2235 5 9.10222
      vertex 39.148 5 9.22836
      vertex 46.852 5 9.22836
    endloop
  endfacet
  facet normal 0 1 0
    outer loop
      vertex 47.2235 5 9.10222
      vertex 38.7765 5 9.10222
      vertex 39.148 5 9.22836
    endloop
  endfacet
  facet normal 0 1 0
    outer loop
      vertex 47.6084 5 9.02567
      vertex 38.7765 5 9.10222
      vertex 47.2235 5 9.10222
    endloop
  endfacet
  facet normal 0 1 0
    outer loop
      vertex 47.6084 5 9.02567
      vertex 38.3916 5 9.02567
      vertex 38.7765 5 9.10222
    endloop
  endfacet
  facet normal 0 1 0
    outer loop
      vertex 58 5 4
      vertex 47.6084 5 9.02567
      vertex 48 5 9
    endloop
  endfacet
  facet normal 0 1 0
    outer loop
      vertex 47.6084 5 9.02567
      vertex 58 5 4
      vertex 38.3916 5 9.02567
    endloop
  endfacet
  facet normal 0 1 0
    outer loop
      vertex 35.0257 5 11.6084
      vertex 31 5 12
      vertex 35 5 12
    endloop
  endfacet
  facet normal 0 1 0
    outer loop
      vertex 35.0257 5 11.6084
      vertex 30.9743 5 11.6084
      vertex 31 5 12
    endloop
  endfacet
  facet normal 0 1 0
    outer loop
      vertex 35.1022 5 11.2235
      vertex 30.9743 5 11.6084
      vertex 35.0257 5 11.6084
    endloop
  endfacet
  facet normal 0 1 0
    outer loop
      vertex 35.1022 5 11.2235
      vertex 30.8978 5 11.2235
      vertex 30.9743 5 11.6084
    endloop
  endfacet
  facet normal 0 1 0
    outer loop
      vertex 35.2284 5 10.8519
      vertex 30.8978 5 11.2235
      vertex 35.1022 5 11.2235
    endloop
  endfacet
  facet normal 0 1 0
    outer loop
      vertex 35.2284 5 10.8519
      vertex 30.7716 5 10.8519
      vertex 30.8978 5 11.2235
    endloop
  endfacet
  facet normal 0 1 0
    outer loop
      vertex 35.4019 5 10.5
      vertex 30.7716 5 10.8519
      vertex 35.2284 5 10.8519
    endloop
  endfacet
  facet normal 0 1 0
    outer loop
      vertex 35.4019 5 10.5
      vertex 30.5981 5 10.5
      vertex 30.7716 5 10.8519
    endloop
  endfacet
  facet normal 0 1 0
    outer loop
      vertex 35.6199 5 10.1737
      vertex 30.5981 5 10.5
      vertex 35.4019 5 10.5
    endloop
  endfacet
  facet normal 0 1 0
    outer loop
      vertex 35.6199 5 10.1737
      vertex 30.3801 5 10.1737
      vertex 30.5981 5 10.5
    endloop
  endfacet
  facet normal 0 1 0
    outer loop
      vertex 35.8787 5 9.87868
      vertex 30.3801 5 10.1737
      vertex 35.6199 5 10.1737
    endloop
  endfacet
  facet normal 0 1 0
    outer loop
      vertex 35.8787 5 9.87868
      vertex 30.1213 5 9.87868
      vertex 30.3801 5 10.1737
    endloop
  endfacet
  facet normal 0 1 0
    outer loop
      vertex 36.1737 5 9.61994
      vertex 30.1213 5 9.87868
      vertex 35.8787 5 9.87868
    endloop
  endfacet
  facet normal 0 1 0
    outer loop
      vertex 36.1737 5 9.61994
      vertex 29.8263 5 9.61994
      vertex 30.1213 5 9.87868
    endloop
  endfacet
  facet normal 0 1 0
    outer loop
      vertex 36.5 5 9.40192
      vertex 29.8263 5 9.61994
      vertex 36.1737 5 9.61994
    endloop
  endfacet
  facet normal 0 1 0
    outer loop
      vertex 36.5 5 9.40192
      vertex 29.5 5 9.40192
      vertex 29.8263 5 9.61994
    endloop
  endfacet
  facet normal 0 1 0
    outer loop
      vertex 36.852 5 9.22836
      vertex 29.5 5 9.40192
      vertex 36.5 5 9.40192
    endloop
  endfacet
  facet normal 0 1 0
    outer loop
      vertex 36.852 5 9.22836
      vertex 29.148 5 9.22836
      vertex 29.5 5 9.40192
    endloop
  endfacet
  facet normal 0 1 0
    outer loop
      vertex 37.2235 5 9.10222
      vertex 29.148 5 9.22836
      vertex 36.852 5 9.22836
    endloop
  endfacet
  facet normal 0 1 0
    outer loop
      vertex 37.2235 5 9.10222
      vertex 28.7765 5 9.10222
      vertex 29.148 5 9.22836
    endloop
  endfacet
  facet normal 0 1 0
    outer loop
      vertex 37.6084 5 9.02567
      vertex 28.7765 5 9.10222
      vertex 37.2235 5 9.10222
    endloop
  endfacet
  facet normal 0 1 0
    outer loop
      vertex 37.6084 5 9.02567
      vertex 28.3916 5 9.02567
      vertex 28.7765 5 9.10222
    endloop
  endfacet
  facet normal 0 1 0
    outer loop
      vertex 38 5 9
      vertex 28.3916 5 9.02567
      vertex 37.6084 5 9.02567
    endloop
  endfacet
  facet normal 0 1 0
    outer loop
      vertex 28.3916 5 9.02567
      vertex 38 5 9
      vertex 28 5 9
    endloop
  endfacet
  facet normal 0 1 0
    outer loop
      vertex 25.0257 5 11.6084
      vertex 21 5 12
      vertex 25 5 12
    endloop
  endfacet
  facet normal 0 1 0
    outer loop
      vertex 25.0257 5 11.6084
      vertex 20.9743 5 11.6084
      vertex 21 5 12
    endloop
  endfacet
  facet normal 0 1 0
    outer loop
      vertex 25.1022 5 11.2235
      vertex 20.9743 5 11.6084
      vertex 25.0257 5 11.6084
    endloop
  endfacet
  facet normal 0 1 0
    outer loop
      vertex 25.1022 5 11.2235
      vertex 20.8978 5 11.2235
      vertex 20.9743 5 11.6084
    endloop
  endfacet
  facet normal 0 1 0
    outer loop
      vertex 25.2284 5 10.8519
      vertex 20.8978 5 11.2235
      vertex 25.1022 5 11.2235
    endloop
  endfacet
  facet normal 0 1 0
    outer loop
      vertex 25.2284 5 10.8519
      vertex 20.7716 5 10.8519
      vertex 20.8978 5 11.2235
    endloop
  endfacet
  facet normal 0 1 0
    outer loop
      vertex 25.4019 5 10.5
      vertex 20.7716 5 10.8519
      vertex 25.2284 5 10.8519
    endloop
  endfacet
  facet normal 0 1 0
    outer loop
      vertex 25.4019 5 10.5
      vertex 20.5981 5 10.5
      vertex 20.7716 5 10.8519
    endloop
  endfacet
  facet normal 0 1 0
    outer loop
      vertex 25.6199 5 10.1737
      vertex 20.5981 5 10.5
      vertex 25.4019 5 10.5
    endloop
  endfacet
  facet normal 0 1 0
    outer loop
      vertex 25.6199 5 10.1737
      vertex 20.3801 5 10.1737
      vertex 20.5981 5 10.5
    endloop
  endfacet
  facet normal 0 1 0
    outer loop
      vertex 25.8787 5 9.87868
      vertex 20.3801 5 10.1737
      vertex 25.6199 5 10.1737
    endloop
  endfacet
  facet normal 0 1 0
    outer loop
      vertex 25.8787 5 9.87868
      vertex 20.1213 5 9.87868
      vertex 20.3801 5 10.1737
    endloop
  endfacet
  facet normal 0 1 0
    outer loop
      vertex 26.1737 5 9.61994
      vertex 20.1213 5 9.87868
      vertex 25.8787 5 9.87868
    endloop
  endfacet
  facet normal 0 1 0
    outer loop
      vertex 26.1737 5 9.61994
      vertex 19.8263 5 9.61994
      vertex 20.1213 5 9.87868
    endloop
  endfacet
  facet normal 0 1 0
    outer loop
      vertex 26.5 5 9.40192
      vertex 19.8263 5 9.61994
      vertex 26.1737 5 9.61994
    endloop
  endfacet
  facet normal 0 1 0
    outer loop
      vertex 26.5 5 9.40192
      vertex 19.5 5 9.40192
      vertex 19.8263 5 9.61994
    endloop
  endfacet
  facet normal 0 1 0
    outer loop
      vertex 26.8519 5 9.22836
      vertex 19.5 5 9.40192
      vertex 26.5 5 9.40192
    endloop
  endfacet
  facet normal 0 1 0
    outer loop
      vertex 26.8519 5 9.22836
      vertex 19.148 5 9.22836
      vertex 19.5 5 9.40192
    endloop
  endfacet
  facet normal 0 1 0
    outer loop
      vertex 27.2235 5 9.10222
      vertex 19.148 5 9.22836
      vertex 26.8519 5 9.22836
    endloop
  endfacet
  facet normal 0 1 0
    outer loop
      vertex 27.2235 5 9.10222
      vertex 18.7765 5 9.10222
      vertex 19.148 5 9.22836
    endloop
  endfacet
  facet normal 0 1 0
    outer loop
      vertex 27.6084 5 9.02567
      vertex 18.7765 5 9.10222
      vertex 27.2235 5 9.10222
    endloop
  endfacet
  facet normal 0 1 0
    outer loop
      vertex 27.6084 5 9.02567
      vertex 18.3916 5 9.02567
      vertex 18.7765 5 9.10222
    endloop
  endfacet
  facet normal 0 1 0
    outer loop
      vertex 28 5 9
      vertex 18.3916 5 9.02567
      vertex 27.6084 5 9.02567
    endloop
  endfacet
  facet normal 0 1 0
    outer loop
      vertex 18.3916 5 9.02567
      vertex 28 5 9
      vertex 18 5 9
    endloop
  endfacet
  facet normal 0 1 0
    outer loop
      vertex 15.0257 5 11.6084
      vertex 11 5 12
      vertex 15 5 12
    endloop
  endfacet
  facet normal 0 1 0
    outer loop
      vertex 15.0257 5 11.6084
      vertex 10.9743 5 11.6084
      vertex 11 5 12
    endloop
  endfacet
  facet normal 0 1 0
    outer loop
      vertex 15.1022 5 11.2235
      vertex 10.9743 5 11.6084
      vertex 15.0257 5 11.6084
    endloop
  endfacet
  facet normal 0 1 0
    outer loop
      vertex 15.1022 5 11.2235
      vertex 10.8978 5 11.2235
      vertex 10.9743 5 11.6084
    endloop
  endfacet
  facet normal 0 1 0
    outer loop
      vertex 15.2284 5 10.8519
      vertex 10.8978 5 11.2235
      vertex 15.1022 5 11.2235
    endloop
  endfacet
  facet normal 0 1 0
    outer loop
      vertex 15.2284 5 10.8519
      vertex 10.7716 5 10.8519
      vertex 10.8978 5 11.2235
    endloop
  endfacet
  facet normal 0 1 0
    outer loop
      vertex 15.4019 5 10.5
      vertex 10.7716 5 10.8519
      vertex 15.2284 5 10.8519
    endloop
  endfacet
  facet normal 0 1 0
    outer loop
      vertex 15.4019 5 10.5
      vertex 10.5981 5 10.5
      vertex 10.7716 5 10.8519
    endloop
  endfacet
  facet normal 0 1 0
    outer loop
      vertex 15.6199 5 10.1737
      vertex 10.5981 5 10.5
      vertex 15.4019 5 10.5
    endloop
  endfacet
  facet normal 0 1 0
    outer loop
      vertex 15.6199 5 10.1737
      vertex 10.3801 5 10.1737
      vertex 10.5981 5 10.5
    endloop
  endfacet
  facet normal 0 1 0
    outer loop
      vertex 15.8787 5 9.87868
      vertex 10.3801 5 10.1737
      vertex 15.6199 5 10.1737
    endloop
  endfacet
  facet normal 0 1 0
    outer loop
      vertex 15.8787 5 9.87868
      vertex 10.1213 5 9.87868
      vertex 10.3801 5 10.1737
    endloop
  endfacet
  facet normal 0 1 0
    outer loop
      vertex 16.1737 5 9.61994
      vertex 10.1213 5 9.87868
      vertex 15.8787 5 9.87868
    endloop
  endfacet
  facet normal 0 1 0
    outer loop
      vertex 16.1737 5 9.61994
      vertex 9.82628 5 9.61994
      vertex 10.1213 5 9.87868
    endloop
  endfacet
  facet normal 0 1 0
    outer loop
      vertex 16.5 5 9.40192
      vertex 9.82628 5 9.61994
      vertex 16.1737 5 9.61994
    endloop
  endfacet
  facet normal 0 1 0
    outer loop
      vertex 16.5 5 9.40192
      vertex 9.5 5 9.40192
      vertex 9.82628 5 9.61994
    endloop
  endfacet
  facet normal 0 1 0
    outer loop
      vertex 16.8519 5 9.22836
      vertex 9.5 5 9.40192
      vertex 16.5 5 9.40192
    endloop
  endfacet
  facet normal 0 1 0
    outer loop
      vertex 16.8519 5 9.22836
      vertex 9.14805 5 9.22836
      vertex 9.5 5 9.40192
    endloop
  endfacet
  facet normal 0 1 0
    outer loop
      vertex 17.2235 5 9.10222
      vertex 9.14805 5 9.22836
      vertex 16.8519 5 9.22836
    endloop
  endfacet
  facet normal 0 1 0
    outer loop
      vertex 17.2235 5 9.10222
      vertex 8.77646 5 9.10222
      vertex 9.14805 5 9.22836
    endloop
  endfacet
  facet normal 0 1 0
    outer loop
      vertex 17.6084 5 9.02567
      vertex 8.77646 5 9.10222
      vertex 17.2235 5 9.10222
    endloop
  endfacet
  facet normal 0 1 0
    outer loop
      vertex 17.6084 5 9.02567
      vertex 8.39158 5 9.02567
      vertex 8.77646 5 9.10222
    endloop
  endfacet
  facet normal 0 1 0
    outer loop
      vertex 18 5 9
      vertex 8.39158 5 9.02567
      vertex 17.6084 5 9.02567
    endloop
  endfacet
  facet normal 0 1 0
    outer loop
      vertex 8.39158 5 9.02567
      vertex 18 5 9
      vertex 8 5 9
    endloop
  endfacet
  facet normal 0 1 0
    outer loop
      vertex 5.02567 5 11.6084
      vertex 0 5 12
      vertex 5 5 12
    endloop
  endfacet
  facet normal 0 1 0
    outer loop
      vertex 5.10222 5 11.2235
      vertex 0 5 12
      vertex 5.02567 5 11.6084
    endloop
  endfacet
  facet normal 0 1 0
    outer loop
      vertex 5.22836 5 10.8519
      vertex 0 5 12
      vertex 5.10222 5 11.2235
    endloop
  endfacet
  facet normal 0 1 0
    outer loop
      vertex 5.40192 5 10.5
      vertex 0 5 12
      vertex 5.22836 5 10.8519
    endloop
  endfacet
  facet normal 0 1 0
    outer loop
      vertex 0 5 4
      vertex 5.40192 5 10.5
      vertex 5.61994 5 10.1737
    endloop
  endfacet
  facet normal 0 1 0
    outer loop
      vertex 0 5 4
      vertex 5.61994 5 10.1737
      vertex 5.87868 5 9.87868
    endloop
  endfacet
  facet normal 0 1 0
    outer loop
      vertex 0 5 4
      vertex 5.87868 5 9.87868
      vertex 6.17372 5 9.61994
    endloop
  endfacet
  facet normal 0 1 0
    outer loop
      vertex 0 5 4
      vertex 6.17372 5 9.61994
      vertex 6.5 5 9.40192
    endloop
  endfacet
  facet normal 0 1 0
    outer loop
      vertex 0 5 4
      vertex 6.5 5 9.40192
      vertex 6.85195 5 9.22836
    endloop
  endfacet
  facet normal 0 1 0
    outer loop
      vertex 18 5 9
      vertex 0 5 4
      vertex 8 5 9
    endloop
  endfacet
  facet normal 0 1 0
    outer loop
      vertex 5.40192 5 10.5
      vertex 0 5 4
      vertex 0 5 12
    endloop
  endfacet
  facet normal 0 1 0
    outer loop
      vertex 7.22354 5 9.10222
      vertex 0 5 4
      vertex 6.85195 5 9.22836
    endloop
  endfacet
  facet normal 0 1 0
    outer loop
      vertex 7.60842 5 9.02567
      vertex 0 5 4
      vertex 7.22354 5 9.10222
    endloop
  endfacet
  facet normal 0 1 0
    outer loop
      vertex 8 5 9
      vertex 0 5 4
      vertex 7.60842 5 9.02567
    endloop
  endfacet
  facet normal -0.980815 0 0.19494
    outer loop
      vertex 10.8978 0 11.2235
      vertex 10.9743 5 11.6084
      vertex 10.8978 5 11.2235
    endloop
  endfacet
  facet normal -0.980815 0 0.19494
    outer loop
      vertex 10.9743 5 11.6084
      vertex 10.8978 0 11.2235
      vertex 10.9743 0 11.6084
    endloop
  endfacet
  facet normal -0.997853 0 0.0654873
    outer loop
      vertex 10.9743 0 11.6084
      vertex 11 5 12
      vertex 10.9743 5 11.6084
    endloop
  endfacet
  facet normal -0.997853 0 0.0654873
    outer loop
      vertex 11 5 12
      vertex 10.9743 0 11.6084
      vertex 11 0 12
    endloop
  endfacet
  facet normal -0.896911 0 0.442211
    outer loop
      vertex 10.5981 0 10.5
      vertex 10.7716 5 10.8519
      vertex 10.5981 5 10.5
    endloop
  endfacet
  facet normal -0.896911 0 0.442211
    outer loop
      vertex 10.7716 5 10.8519
      vertex 10.5981 0 10.5
      vertex 10.7716 0 10.8519
    endloop
  endfacet
  facet normal -0.659367 0 0.751822
    outer loop
      vertex 9.82628 5 9.61994
      vertex 10.1213 0 9.87868
      vertex 10.1213 5 9.87868
    endloop
  endfacet
  facet normal -0.659367 0 0.751822
    outer loop
      vertex 10.1213 0 9.87868
      vertex 9.82628 5 9.61994
      vertex 9.82628 0 9.61994
    endloop
  endfacet
  facet normal -0.321444 0 0.946928
    outer loop
      vertex 8.77646 5 9.10222
      vertex 9.14805 0 9.22836
      vertex 9.14805 5 9.22836
    endloop
  endfacet
  facet normal -0.321444 0 0.946928
    outer loop
      vertex 9.14805 0 9.22836
      vertex 8.77646 5 9.10222
      vertex 8.77646 0 9.10222
    endloop
  endfacet
  facet normal 0.321444 0 0.946928
    outer loop
      vertex 6.85195 5 9.22836
      vertex 7.22354 0 9.10222
      vertex 7.22354 5 9.10222
    endloop
  endfacet
  facet normal 0.321444 0 0.946928
    outer loop
      vertex 7.22354 0 9.10222
      vertex 6.85195 5 9.22836
      vertex 6.85195 0 9.22836
    endloop
  endfacet
  facet normal 0.946931 -0 0.321437
    outer loop
      vertex 5.10222 0 11.2235
      vertex 5.22836 5 10.8519
      vertex 5.10222 5 11.2235
    endloop
  endfacet
  facet normal 0.946931 0 0.321437
    outer loop
      vertex 5.22836 5 10.8519
      vertex 5.10222 0 11.2235
      vertex 5.22836 0 10.8519
    endloop
  endfacet
  facet normal 0.980791 -0 0.195062
    outer loop
      vertex 5.02567 0 11.6084
      vertex 5.10222 5 11.2235
      vertex 5.02567 5 11.6084
    endloop
  endfacet
  facet normal 0.980791 0 0.195062
    outer loop
      vertex 5.10222 5 11.2235
      vertex 5.02567 0 11.6084
      vertex 5.10222 0 11.2235
    endloop
  endfacet
  facet normal 0.751822 -0 0.659367
    outer loop
      vertex 5.61994 0 10.1737
      vertex 5.87868 5 9.87868
      vertex 5.61994 5 10.1737
    endloop
  endfacet
  facet normal 0.751822 0 0.659367
    outer loop
      vertex 5.87868 5 9.87868
      vertex 5.61994 0 10.1737
      vertex 5.87868 0 9.87868
    endloop
  endfacet
  facet normal -0.831501 0 0.555523
    outer loop
      vertex 10.3801 0 10.1737
      vertex 10.5981 5 10.5
      vertex 10.3801 5 10.1737
    endloop
  endfacet
  facet normal -0.831501 0 0.555523
    outer loop
      vertex 10.5981 5 10.5
      vertex 10.3801 0 10.1737
      vertex 10.5981 0 10.5
    endloop
  endfacet
  facet normal -0.442283 0 0.896875
    outer loop
      vertex 9.14805 5 9.22836
      vertex 9.5 0 9.40192
      vertex 9.5 5 9.40192
    endloop
  endfacet
  facet normal -0.442283 0 0.896875
    outer loop
      vertex 9.5 0 9.40192
      vertex 9.14805 5 9.22836
      vertex 9.14805 0 9.22836
    endloop
  endfacet
  facet normal 0.997858 -0 0.0654112
    outer loop
      vertex 5 0 12
      vertex 5.02567 5 11.6084
      vertex 5 5 12
    endloop
  endfacet
  facet normal 0.997858 0 0.0654112
    outer loop
      vertex 5.02567 5 11.6084
      vertex 5 0 12
      vertex 5.02567 0 11.6084
    endloop
  endfacet
  facet normal 0.0654145 0 0.997858
    outer loop
      vertex 7.60842 5 9.02567
      vertex 8 0 9
      vertex 8 5 9
    endloop
  endfacet
  facet normal 0.0654145 0 0.997858
    outer loop
      vertex 8 0 9
      vertex 7.60842 5 9.02567
      vertex 7.60842 0 9.02567
    endloop
  endfacet
  facet normal -0.555582 0 0.831462
    outer loop
      vertex 9.5 5 9.40192
      vertex 9.82628 0 9.61994
      vertex 9.82628 5 9.61994
    endloop
  endfacet
  facet normal -0.555582 0 0.831462
    outer loop
      vertex 9.82628 0 9.61994
      vertex 9.5 5 9.40192
      vertex 9.5 0 9.40192
    endloop
  endfacet
  facet normal -0.0654145 0 0.997858
    outer loop
      vertex 8 5 9
      vertex 8.39158 0 9.02567
      vertex 8.39158 5 9.02567
    endloop
  endfacet
  facet normal -0.0654145 0 0.997858
    outer loop
      vertex 8.39158 0 9.02567
      vertex 8 5 9
      vertex 8 0 9
    endloop
  endfacet
  facet normal 0.659341 0 0.751844
    outer loop
      vertex 5.87868 5 9.87868
      vertex 6.17372 0 9.61994
      vertex 6.17372 5 9.61994
    endloop
  endfacet
  facet normal 0.659341 0 0.751844
    outer loop
      vertex 6.17372 0 9.61994
      vertex 5.87868 5 9.87868
      vertex 5.87868 0 9.87868
    endloop
  endfacet
  facet normal 0.195072 0 0.980789
    outer loop
      vertex 7.22354 5 9.10222
      vertex 7.60842 0 9.02567
      vertex 7.60842 5 9.02567
    endloop
  endfacet
  facet normal 0.195072 0 0.980789
    outer loop
      vertex 7.60842 0 9.02567
      vertex 7.22354 5 9.10222
      vertex 7.22354 0 9.10222
    endloop
  endfacet
  facet normal -0.195072 0 0.980789
    outer loop
      vertex 8.39158 5 9.02567
      vertex 8.77646 0 9.10222
      vertex 8.77646 5 9.10222
    endloop
  endfacet
  facet normal -0.195072 0 0.980789
    outer loop
      vertex 8.77646 0 9.10222
      vertex 8.39158 5 9.02567
      vertex 8.39158 0 9.02567
    endloop
  endfacet
  facet normal 0.89685 -0 0.442334
    outer loop
      vertex 5.22836 0 10.8519
      vertex 5.40192 5 10.5
      vertex 5.22836 5 10.8519
    endloop
  endfacet
  facet normal 0.89685 0 0.442334
    outer loop
      vertex 5.40192 5 10.5
      vertex 5.22836 0 10.8519
      vertex 5.40192 0 10.5
    endloop
  endfacet
  facet normal 0.555582 0 0.831462
    outer loop
      vertex 6.17372 5 9.61994
      vertex 6.5 0 9.40192
      vertex 6.5 5 9.40192
    endloop
  endfacet
  facet normal 0.555582 0 0.831462
    outer loop
      vertex 6.5 0 9.40192
      vertex 6.17372 5 9.61994
      vertex 6.17372 0 9.61994
    endloop
  endfacet
  facet normal -0.751746 0 0.659453
    outer loop
      vertex 10.1213 0 9.87868
      vertex 10.3801 5 10.1737
      vertex 10.1213 5 9.87868
    endloop
  endfacet
  facet normal -0.751746 0 0.659453
    outer loop
      vertex 10.3801 5 10.1737
      vertex 10.1213 0 9.87868
      vertex 10.3801 0 10.1737
    endloop
  endfacet
  facet normal -0.946885 0 0.321574
    outer loop
      vertex 10.7716 0 10.8519
      vertex 10.8978 5 11.2235
      vertex 10.7716 5 10.8519
    endloop
  endfacet
  facet normal -0.946885 0 0.321574
    outer loop
      vertex 10.8978 5 11.2235
      vertex 10.7716 0 10.8519
      vertex 10.8978 0 11.2235
    endloop
  endfacet
  facet normal 0.442283 0 0.896875
    outer loop
      vertex 6.5 5 9.40192
      vertex 6.85195 0 9.22836
      vertex 6.85195 5 9.22836
    endloop
  endfacet
  facet normal 0.442283 0 0.896875
    outer loop
      vertex 6.85195 0 9.22836
      vertex 6.5 5 9.40192
      vertex 6.5 0 9.40192
    endloop
  endfacet
  facet normal 0.831477 -0 0.555558
    outer loop
      vertex 5.40192 0 10.5
      vertex 5.61994 5 10.1737
      vertex 5.40192 5 10.5
    endloop
  endfacet
  facet normal 0.831477 0 0.555558
    outer loop
      vertex 5.61994 5 10.1737
      vertex 5.40192 0 10.5
      vertex 5.61994 0 10.1737
    endloop
  endfacet
  facet normal -0.980815 0 0.19494
    outer loop
      vertex 20.8978 0 11.2235
      vertex 20.9743 5 11.6084
      vertex 20.8978 5 11.2235
    endloop
  endfacet
  facet normal -0.980815 0 0.19494
    outer loop
      vertex 20.9743 5 11.6084
      vertex 20.8978 0 11.2235
      vertex 20.9743 0 11.6084
    endloop
  endfacet
  facet normal -0.997853 0 0.0654873
    outer loop
      vertex 20.9743 0 11.6084
      vertex 21 5 12
      vertex 20.9743 5 11.6084
    endloop
  endfacet
  facet normal -0.997853 0 0.0654873
    outer loop
      vertex 21 5 12
      vertex 20.9743 0 11.6084
      vertex 21 0 12
    endloop
  endfacet
  facet normal 0.896911 -0 0.442211
    outer loop
      vertex 15.2284 0 10.8519
      vertex 15.4019 5 10.5
      vertex 15.2284 5 10.8519
    endloop
  endfacet
  facet normal 0.896911 0 0.442211
    outer loop
      vertex 15.4019 5 10.5
      vertex 15.2284 0 10.8519
      vertex 15.4019 0 10.5
    endloop
  endfacet
  facet normal -0.442233 0 0.8969
    outer loop
      vertex 19.148 5 9.22836
      vertex 19.5 0 9.40192
      vertex 19.5 5 9.40192
    endloop
  endfacet
  facet normal -0.442233 0 0.8969
    outer loop
      vertex 19.5 0 9.40192
      vertex 19.148 5 9.22836
      vertex 19.148 0 9.22836
    endloop
  endfacet
  facet normal 0.0654112 0 0.997858
    outer loop
      vertex 17.6084 5 9.02567
      vertex 18 0 9
      vertex 18 5 9
    endloop
  endfacet
  facet normal 0.0654112 0 0.997858
    outer loop
      vertex 18 0 9
      vertex 17.6084 5 9.02567
      vertex 17.6084 0 9.02567
    endloop
  endfacet
  facet normal -0.751746 0 0.659453
    outer loop
      vertex 20.1213 0 9.87868
      vertex 20.3801 5 10.1737
      vertex 20.1213 5 9.87868
    endloop
  endfacet
  facet normal -0.751746 0 0.659453
    outer loop
      vertex 20.3801 5 10.1737
      vertex 20.1213 0 9.87868
      vertex 20.3801 0 10.1737
    endloop
  endfacet
  facet normal 0.946885 -0 0.321574
    outer loop
      vertex 15.1022 0 11.2235
      vertex 15.2284 5 10.8519
      vertex 15.1022 5 11.2235
    endloop
  endfacet
  facet normal 0.946885 0 0.321574
    outer loop
      vertex 15.2284 5 10.8519
      vertex 15.1022 0 11.2235
      vertex 15.2284 0 10.8519
    endloop
  endfacet
  facet normal 0.555558 0 0.831477
    outer loop
      vertex 16.1737 5 9.61994
      vertex 16.5 0 9.40192
      vertex 16.5 5 9.40192
    endloop
  endfacet
  facet normal 0.555558 0 0.831477
    outer loop
      vertex 16.5 0 9.40192
      vertex 16.1737 5 9.61994
      vertex 16.1737 0 9.61994
    endloop
  endfacet
  facet normal -0.946885 0 0.321574
    outer loop
      vertex 20.7716 0 10.8519
      vertex 20.8978 5 11.2235
      vertex 20.7716 5 10.8519
    endloop
  endfacet
  facet normal -0.946885 0 0.321574
    outer loop
      vertex 20.8978 5 11.2235
      vertex 20.7716 0 10.8519
      vertex 20.8978 0 11.2235
    endloop
  endfacet
  facet normal -0.195062 0 0.980791
    outer loop
      vertex 18.3916 5 9.02567
      vertex 18.7765 0 9.10222
      vertex 18.7765 5 9.10222
    endloop
  endfacet
  facet normal -0.195062 0 0.980791
    outer loop
      vertex 18.7765 0 9.10222
      vertex 18.3916 5 9.02567
      vertex 18.3916 0 9.02567
    endloop
  endfacet
  facet normal -0.659392 0 0.751799
    outer loop
      vertex 19.8263 5 9.61994
      vertex 20.1213 0 9.87868
      vertex 20.1213 5 9.87868
    endloop
  endfacet
  facet normal -0.659392 0 0.751799
    outer loop
      vertex 20.1213 0 9.87868
      vertex 19.8263 5 9.61994
      vertex 19.8263 0 9.61994
    endloop
  endfacet
  facet normal 0.321437 0 0.946931
    outer loop
      vertex 16.8519 5 9.22836
      vertex 17.2235 0 9.10222
      vertex 17.2235 5 9.10222
    endloop
  endfacet
  facet normal 0.321437 0 0.946931
    outer loop
      vertex 17.2235 0 9.10222
      vertex 16.8519 5 9.22836
      vertex 16.8519 0 9.22836
    endloop
  endfacet
  facet normal -0.831501 0 0.555523
    outer loop
      vertex 20.3801 0 10.1737
      vertex 20.5981 5 10.5
      vertex 20.3801 5 10.1737
    endloop
  endfacet
  facet normal -0.831501 0 0.555523
    outer loop
      vertex 20.5981 5 10.5
      vertex 20.3801 0 10.1737
      vertex 20.5981 0 10.5
    endloop
  endfacet
  facet normal 0.997853 -0 0.0654873
    outer loop
      vertex 15 0 12
      vertex 15.0257 5 11.6084
      vertex 15 5 12
    endloop
  endfacet
  facet normal 0.997853 0 0.0654873
    outer loop
      vertex 15.0257 5 11.6084
      vertex 15 0 12
      vertex 15.0257 0 11.6084
    endloop
  endfacet
  facet normal 0.195062 0 0.980791
    outer loop
      vertex 17.2235 5 9.10222
      vertex 17.6084 0 9.02567
      vertex 17.6084 5 9.02567
    endloop
  endfacet
  facet normal 0.195062 0 0.980791
    outer loop
      vertex 17.6084 0 9.02567
      vertex 17.2235 5 9.10222
      vertex 17.2235 0 9.10222
    endloop
  endfacet
  facet normal -0.555558 0 0.831477
    outer loop
      vertex 19.5 5 9.40192
      vertex 19.8263 0 9.61994
      vertex 19.8263 5 9.61994
    endloop
  endfacet
  facet normal -0.555558 0 0.831477
    outer loop
      vertex 19.8263 0 9.61994
      vertex 19.5 5 9.40192
      vertex 19.5 0 9.40192
    endloop
  endfacet
  facet normal 0.751746 -0 0.659453
    outer loop
      vertex 15.6199 0 10.1737
      vertex 15.8787 5 9.87868
      vertex 15.6199 5 10.1737
    endloop
  endfacet
  facet normal 0.751746 0 0.659453
    outer loop
      vertex 15.8787 5 9.87868
      vertex 15.6199 0 10.1737
      vertex 15.8787 0 9.87868
    endloop
  endfacet
  facet normal 0.442334 0 0.89685
    outer loop
      vertex 16.5 5 9.40192
      vertex 16.8519 0 9.22836
      vertex 16.8519 5 9.22836
    endloop
  endfacet
  facet normal 0.442334 0 0.89685
    outer loop
      vertex 16.8519 0 9.22836
      vertex 16.5 5 9.40192
      vertex 16.5 0 9.40192
    endloop
  endfacet
  facet normal 0.980815 -0 0.19494
    outer loop
      vertex 15.0257 0 11.6084
      vertex 15.1022 5 11.2235
      vertex 15.0257 5 11.6084
    endloop
  endfacet
  facet normal 0.980815 0 0.19494
    outer loop
      vertex 15.1022 5 11.2235
      vertex 15.0257 0 11.6084
      vertex 15.1022 0 11.2235
    endloop
  endfacet
  facet normal -0.896911 0 0.442211
    outer loop
      vertex 20.5981 0 10.5
      vertex 20.7716 5 10.8519
      vertex 20.5981 5 10.5
    endloop
  endfacet
  facet normal -0.896911 0 0.442211
    outer loop
      vertex 20.7716 5 10.8519
      vertex 20.5981 0 10.5
      vertex 20.7716 0 10.8519
    endloop
  endfacet
  facet normal -0.321514 0 0.946905
    outer loop
      vertex 18.7765 5 9.10222
      vertex 19.148 0 9.22836
      vertex 19.148 5 9.22836
    endloop
  endfacet
  facet normal -0.321514 0 0.946905
    outer loop
      vertex 19.148 0 9.22836
      vertex 18.7765 5 9.10222
      vertex 18.7765 0 9.10222
    endloop
  endfacet
  facet normal -0.0654112 0 0.997858
    outer loop
      vertex 18 5 9
      vertex 18.3916 0 9.02567
      vertex 18.3916 5 9.02567
    endloop
  endfacet
  facet normal -0.0654112 0 0.997858
    outer loop
      vertex 18.3916 0 9.02567
      vertex 18 5 9
      vertex 18 0 9
    endloop
  endfacet
  facet normal 0.831501 -0 0.555523
    outer loop
      vertex 15.4019 0 10.5
      vertex 15.6199 5 10.1737
      vertex 15.4019 5 10.5
    endloop
  endfacet
  facet normal 0.831501 0 0.555523
    outer loop
      vertex 15.6199 5 10.1737
      vertex 15.4019 0 10.5
      vertex 15.6199 0 10.1737
    endloop
  endfacet
  facet normal 0.659392 0 0.751799
    outer loop
      vertex 15.8787 5 9.87868
      vertex 16.1737 0 9.61994
      vertex 16.1737 5 9.61994
    endloop
  endfacet
  facet normal 0.659392 0 0.751799
    outer loop
      vertex 16.1737 0 9.61994
      vertex 15.8787 5 9.87868
      vertex 15.8787 0 9.87868
    endloop
  endfacet
  facet normal -0.980815 0 0.19494
    outer loop
      vertex 30.8978 0 11.2235
      vertex 30.9743 5 11.6084
      vertex 30.8978 5 11.2235
    endloop
  endfacet
  facet normal -0.980815 0 0.19494
    outer loop
      vertex 30.9743 5 11.6084
      vertex 30.8978 0 11.2235
      vertex 30.9743 0 11.6084
    endloop
  endfacet
  facet normal -0.997853 0 0.0654873
    outer loop
      vertex 30.9743 0 11.6084
      vertex 31 5 12
      vertex 30.9743 5 11.6084
    endloop
  endfacet
  facet normal -0.997853 0 0.0654873
    outer loop
      vertex 31 5 12
      vertex 30.9743 0 11.6084
      vertex 31 0 12
    endloop
  endfacet
  facet normal -0.896911 0 0.442211
    outer loop
      vertex 30.5981 0 10.5
      vertex 30.7716 5 10.8519
      vertex 30.5981 5 10.5
    endloop
  endfacet
  facet normal -0.896911 0 0.442211
    outer loop
      vertex 30.7716 5 10.8519
      vertex 30.5981 0 10.5
      vertex 30.7716 0 10.8519
    endloop
  endfacet
  facet normal -0.659392 0 0.751799
    outer loop
      vertex 29.8263 5 9.61994
      vertex 30.1213 0 9.87868
      vertex 30.1213 5 9.87868
    endloop
  endfacet
  facet normal -0.659392 0 0.751799
    outer loop
      vertex 30.1213 0 9.87868
      vertex 29.8263 5 9.61994
      vertex 29.8263 0 9.61994
    endloop
  endfacet
  facet normal -0.321514 0 0.946905
    outer loop
      vertex 28.7765 5 9.10222
      vertex 29.148 0 9.22836
      vertex 29.148 5 9.22836
    endloop
  endfacet
  facet normal -0.321514 0 0.946905
    outer loop
      vertex 29.148 0 9.22836
      vertex 28.7765 5 9.10222
      vertex 28.7765 0 9.10222
    endloop
  endfacet
  facet normal 0.321437 0 0.946931
    outer loop
      vertex 26.8519 5 9.22836
      vertex 27.2235 0 9.10222
      vertex 27.2235 5 9.10222
    endloop
  endfacet
  facet normal 0.321437 0 0.946931
    outer loop
      vertex 27.2235 0 9.10222
      vertex 26.8519 5 9.22836
      vertex 26.8519 0 9.22836
    endloop
  endfacet
  facet normal 0.946885 -0 0.321574
    outer loop
      vertex 25.1022 0 11.2235
      vertex 25.2284 5 10.8519
      vertex 25.1022 5 11.2235
    endloop
  endfacet
  facet normal 0.946885 0 0.321574
    outer loop
      vertex 25.2284 5 10.8519
      vertex 25.1022 0 11.2235
      vertex 25.2284 0 10.8519
    endloop
  endfacet
  facet normal 0.980815 -0 0.19494
    outer loop
      vertex 25.0257 0 11.6084
      vertex 25.1022 5 11.2235
      vertex 25.0257 5 11.6084
    endloop
  endfacet
  facet normal 0.980815 0 0.19494
    outer loop
      vertex 25.1022 5 11.2235
      vertex 25.0257 0 11.6084
      vertex 25.1022 0 11.2235
    endloop
  endfacet
  facet normal 0.751746 -0 0.659453
    outer loop
      vertex 25.6199 0 10.1737
      vertex 25.8787 5 9.87868
      vertex 25.6199 5 10.1737
    endloop
  endfacet
  facet normal 0.751746 0 0.659453
    outer loop
      vertex 25.8787 5 9.87868
      vertex 25.6199 0 10.1737
      vertex 25.8787 0 9.87868
    endloop
  endfacet
  facet normal -0.831501 0 0.555523
    outer loop
      vertex 30.3801 0 10.1737
      vertex 30.5981 5 10.5
      vertex 30.3801 5 10.1737
    endloop
  endfacet
  facet normal -0.831501 0 0.555523
    outer loop
      vertex 30.5981 5 10.5
      vertex 30.3801 0 10.1737
      vertex 30.5981 0 10.5
    endloop
  endfacet
  facet normal -0.442233 0 0.8969
    outer loop
      vertex 29.148 5 9.22836
      vertex 29.5 0 9.40192
      vertex 29.5 5 9.40192
    endloop
  endfacet
  facet normal -0.442233 0 0.8969
    outer loop
      vertex 29.5 0 9.40192
      vertex 29.148 5 9.22836
      vertex 29.148 0 9.22836
    endloop
  endfacet
  facet normal 0.997853 -0 0.0654873
    outer loop
      vertex 25 0 12
      vertex 25.0257 5 11.6084
      vertex 25 5 12
    endloop
  endfacet
  facet normal 0.997853 0 0.0654873
    outer loop
      vertex 25.0257 5 11.6084
      vertex 25 0 12
      vertex 25.0257 0 11.6084
    endloop
  endfacet
  facet normal 0.0654112 0 0.997858
    outer loop
      vertex 27.6084 5 9.02567
      vertex 28 0 9
      vertex 28 5 9
    endloop
  endfacet
  facet normal 0.0654112 0 0.997858
    outer loop
      vertex 28 0 9
      vertex 27.6084 5 9.02567
      vertex 27.6084 0 9.02567
    endloop
  endfacet
  facet normal -0.555558 0 0.831477
    outer loop
      vertex 29.5 5 9.40192
      vertex 29.8263 0 9.61994
      vertex 29.8263 5 9.61994
    endloop
  endfacet
  facet normal -0.555558 0 0.831477
    outer loop
      vertex 29.8263 0 9.61994
      vertex 29.5 5 9.40192
      vertex 29.5 0 9.40192
    endloop
  endfacet
  facet normal -0.0654112 0 0.997858
    outer loop
      vertex 28 5 9
      vertex 28.3916 0 9.02567
      vertex 28.3916 5 9.02567
    endloop
  endfacet
  facet normal -0.0654112 0 0.997858
    outer loop
      vertex 28.3916 0 9.02567
      vertex 28 5 9
      vertex 28 0 9
    endloop
  endfacet
  facet normal 0.659392 0 0.751799
    outer loop
      vertex 25.8787 5 9.87868
      vertex 26.1737 0 9.61994
      vertex 26.1737 5 9.61994
    endloop
  endfacet
  facet normal 0.659392 0 0.751799
    outer loop
      vertex 26.1737 0 9.61994
      vertex 25.8787 5 9.87868
      vertex 25.8787 0 9.87868
    endloop
  endfacet
  facet normal 0.195062 0 0.980791
    outer loop
      vertex 27.2235 5 9.10222
      vertex 27.6084 0 9.02567
      vertex 27.6084 5 9.02567
    endloop
  endfacet
  facet normal 0.195062 0 0.980791
    outer loop
      vertex 27.6084 0 9.02567
      vertex 27.2235 5 9.10222
      vertex 27.2235 0 9.10222
    endloop
  endfacet
  facet normal -0.195062 0 0.980791
    outer loop
      vertex 28.3916 5 9.02567
      vertex 28.7765 0 9.10222
      vertex 28.7765 5 9.10222
    endloop
  endfacet
  facet normal -0.195062 0 0.980791
    outer loop
      vertex 28.7765 0 9.10222
      vertex 28.3916 5 9.02567
      vertex 28.3916 0 9.02567
    endloop
  endfacet
  facet normal 0.896911 -0 0.442211
    outer loop
      vertex 25.2284 0 10.8519
      vertex 25.4019 5 10.5
      vertex 25.2284 5 10.8519
    endloop
  endfacet
  facet normal 0.896911 0 0.442211
    outer loop
      vertex 25.4019 5 10.5
      vertex 25.2284 0 10.8519
      vertex 25.4019 0 10.5
    endloop
  endfacet
  facet normal 0.555558 0 0.831477
    outer loop
      vertex 26.1737 5 9.61994
      vertex 26.5 0 9.40192
      vertex 26.5 5 9.40192
    endloop
  endfacet
  facet normal 0.555558 0 0.831477
    outer loop
      vertex 26.5 0 9.40192
      vertex 26.1737 5 9.61994
      vertex 26.1737 0 9.61994
    endloop
  endfacet
  facet normal -0.751746 0 0.659453
    outer loop
      vertex 30.1213 0 9.87868
      vertex 30.3801 5 10.1737
      vertex 30.1213 5 9.87868
    endloop
  endfacet
  facet normal -0.751746 0 0.659453
    outer loop
      vertex 30.3801 5 10.1737
      vertex 30.1213 0 9.87868
      vertex 30.3801 0 10.1737
    endloop
  endfacet
  facet normal -0.946885 0 0.321574
    outer loop
      vertex 30.7716 0 10.8519
      vertex 30.8978 5 11.2235
      vertex 30.7716 5 10.8519
    endloop
  endfacet
  facet normal -0.946885 0 0.321574
    outer loop
      vertex 30.8978 5 11.2235
      vertex 30.7716 0 10.8519
      vertex 30.8978 0 11.2235
    endloop
  endfacet
  facet normal 0.442334 0 0.89685
    outer loop
      vertex 26.5 5 9.40192
      vertex 26.8519 0 9.22836
      vertex 26.8519 5 9.22836
    endloop
  endfacet
  facet normal 0.442334 0 0.89685
    outer loop
      vertex 26.8519 0 9.22836
      vertex 26.5 5 9.40192
      vertex 26.5 0 9.40192
    endloop
  endfacet
  facet normal 0.831501 -0 0.555523
    outer loop
      vertex 25.4019 0 10.5
      vertex 25.6199 5 10.1737
      vertex 25.4019 5 10.5
    endloop
  endfacet
  facet normal 0.831501 0 0.555523
    outer loop
      vertex 25.6199 5 10.1737
      vertex 25.4019 0 10.5
      vertex 25.6199 0 10.1737
    endloop
  endfacet
  facet normal -0.980815 0 0.19494
    outer loop
      vertex 40.8978 0 11.2235
      vertex 40.9743 5 11.6084
      vertex 40.8978 5 11.2235
    endloop
  endfacet
  facet normal -0.980815 0 0.19494
    outer loop
      vertex 40.9743 5 11.6084
      vertex 40.8978 0 11.2235
      vertex 40.9743 0 11.6084
    endloop
  endfacet
  facet normal -0.997853 0 0.0654873
    outer loop
      vertex 40.9743 0 11.6084
      vertex 41 5 12
      vertex 40.9743 5 11.6084
    endloop
  endfacet
  facet normal -0.997853 0 0.0654873
    outer loop
      vertex 41 5 12
      vertex 40.9743 0 11.6084
      vertex 41 0 12
    endloop
  endfacet
  facet normal -0.896911 0 0.442211
    outer loop
      vertex 40.5981 0 10.5
      vertex 40.7716 5 10.8519
      vertex 40.5981 5 10.5
    endloop
  endfacet
  facet normal -0.896911 0 0.442211
    outer loop
      vertex 40.7716 5 10.8519
      vertex 40.5981 0 10.5
      vertex 40.7716 0 10.8519
    endloop
  endfacet
  facet normal -0.659392 0 0.751799
    outer loop
      vertex 39.8263 5 9.61994
      vertex 40.1213 0 9.87868
      vertex 40.1213 5 9.87868
    endloop
  endfacet
  facet normal -0.659392 0 0.751799
    outer loop
      vertex 40.1213 0 9.87868
      vertex 39.8263 5 9.61994
      vertex 39.8263 0 9.61994
    endloop
  endfacet
  facet normal -0.321514 0 0.946905
    outer loop
      vertex 38.7765 5 9.10222
      vertex 39.148 0 9.22836
      vertex 39.148 5 9.22836
    endloop
  endfacet
  facet normal -0.321514 0 0.946905
    outer loop
      vertex 39.148 0 9.22836
      vertex 38.7765 5 9.10222
      vertex 38.7765 0 9.10222
    endloop
  endfacet
  facet normal 0.321514 0 0.946905
    outer loop
      vertex 36.852 5 9.22836
      vertex 37.2235 0 9.10222
      vertex 37.2235 5 9.10222
    endloop
  endfacet
  facet normal 0.321514 0 0.946905
    outer loop
      vertex 37.2235 0 9.10222
      vertex 36.852 5 9.22836
      vertex 36.852 0 9.22836
    endloop
  endfacet
  facet normal 0.946885 -0 0.321574
    outer loop
      vertex 35.1022 0 11.2235
      vertex 35.2284 5 10.8519
      vertex 35.1022 5 11.2235
    endloop
  endfacet
  facet normal 0.946885 0 0.321574
    outer loop
      vertex 35.2284 5 10.8519
      vertex 35.1022 0 11.2235
      vertex 35.2284 0 10.8519
    endloop
  endfacet
  facet normal 0.980815 -0 0.19494
    outer loop
      vertex 35.0257 0 11.6084
      vertex 35.1022 5 11.2235
      vertex 35.0257 5 11.6084
    endloop
  endfacet
  facet normal 0.980815 0 0.19494
    outer loop
      vertex 35.1022 5 11.2235
      vertex 35.0257 0 11.6084
      vertex 35.1022 0 11.2235
    endloop
  endfacet
  facet normal 0.751746 -0 0.659453
    outer loop
      vertex 35.6199 0 10.1737
      vertex 35.8787 5 9.87868
      vertex 35.6199 5 10.1737
    endloop
  endfacet
  facet normal 0.751746 0 0.659453
    outer loop
      vertex 35.8787 5 9.87868
      vertex 35.6199 0 10.1737
      vertex 35.8787 0 9.87868
    endloop
  endfacet
  facet normal -0.831501 0 0.555523
    outer loop
      vertex 40.3801 0 10.1737
      vertex 40.5981 5 10.5
      vertex 40.3801 5 10.1737
    endloop
  endfacet
  facet normal -0.831501 0 0.555523
    outer loop
      vertex 40.5981 5 10.5
      vertex 40.3801 0 10.1737
      vertex 40.5981 0 10.5
    endloop
  endfacet
  facet normal -0.442233 0 0.8969
    outer loop
      vertex 39.148 5 9.22836
      vertex 39.5 0 9.40192
      vertex 39.5 5 9.40192
    endloop
  endfacet
  facet normal -0.442233 0 0.8969
    outer loop
      vertex 39.5 0 9.40192
      vertex 39.148 5 9.22836
      vertex 39.148 0 9.22836
    endloop
  endfacet
  facet normal 0.997853 -0 0.0654873
    outer loop
      vertex 35 0 12
      vertex 35.0257 5 11.6084
      vertex 35 5 12
    endloop
  endfacet
  facet normal 0.997853 0 0.0654873
    outer loop
      vertex 35.0257 5 11.6084
      vertex 35 0 12
      vertex 35.0257 0 11.6084
    endloop
  endfacet
  facet normal -0.555558 0 0.831477
    outer loop
      vertex 39.5 5 9.40192
      vertex 39.8263 0 9.61994
      vertex 39.8263 5 9.61994
    endloop
  endfacet
  facet normal -0.555558 0 0.831477
    outer loop
      vertex 39.8263 0 9.61994
      vertex 39.5 5 9.40192
      vertex 39.5 0 9.40192
    endloop
  endfacet
  facet normal -0.0654112 0 0.997858
    outer loop
      vertex 38 5 9
      vertex 38.3916 0 9.02567
      vertex 38.3916 5 9.02567
    endloop
  endfacet
  facet normal -0.0654112 0 0.997858
    outer loop
      vertex 38.3916 0 9.02567
      vertex 38 5 9
      vertex 38 0 9
    endloop
  endfacet
  facet normal 0.659392 0 0.751799
    outer loop
      vertex 35.8787 5 9.87868
      vertex 36.1737 0 9.61994
      vertex 36.1737 5 9.61994
    endloop
  endfacet
  facet normal 0.659392 0 0.751799
    outer loop
      vertex 36.1737 0 9.61994
      vertex 35.8787 5 9.87868
      vertex 35.8787 0 9.87868
    endloop
  endfacet
  facet normal 0.195062 0 0.980791
    outer loop
      vertex 37.2235 5 9.10222
      vertex 37.6084 0 9.02567
      vertex 37.6084 5 9.02567
    endloop
  endfacet
  facet normal 0.195062 0 0.980791
    outer loop
      vertex 37.6084 0 9.02567
      vertex 37.2235 5 9.10222
      vertex 37.2235 0 9.10222
    endloop
  endfacet
  facet normal -0.195062 0 0.980791
    outer loop
      vertex 38.3916 5 9.02567
      vertex 38.7765 0 9.10222
      vertex 38.7765 5 9.10222
    endloop
  endfacet
  facet normal -0.195062 0 0.980791
    outer loop
      vertex 38.7765 0 9.10222
      vertex 38.3916 5 9.02567
      vertex 38.3916 0 9.02567
    endloop
  endfacet
  facet normal 0.896911 -0 0.442211
    outer loop
      vertex 35.2284 0 10.8519
      vertex 35.4019 5 10.5
      vertex 35.2284 5 10.8519
    endloop
  endfacet
  facet normal 0.896911 0 0.442211
    outer loop
      vertex 35.4019 5 10.5
      vertex 35.2284 0 10.8519
      vertex 35.4019 0 10.5
    endloop
  endfacet
  facet normal 0.555558 0 0.831477
    outer loop
      vertex 36.1737 5 9.61994
      vertex 36.5 0 9.40192
      vertex 36.5 5 9.40192
    endloop
  endfacet
  facet normal 0.555558 0 0.831477
    outer loop
      vertex 36.5 0 9.40192
      vertex 36.1737 5 9.61994
      vertex 36.1737 0 9.61994
    endloop
  endfacet
  facet normal -0.751746 0 0.659453
    outer loop
      vertex 40.1213 0 9.87868
      vertex 40.3801 5 10.1737
      vertex 40.1213 5 9.87868
    endloop
  endfacet
  facet normal -0.751746 0 0.659453
    outer loop
      vertex 40.3801 5 10.1737
      vertex 40.1213 0 9.87868
      vertex 40.3801 0 10.1737
    endloop
  endfacet
  facet normal -0.946885 0 0.321574
    outer loop
      vertex 40.7716 0 10.8519
      vertex 40.8978 5 11.2235
      vertex 40.7716 5 10.8519
    endloop
  endfacet
  facet normal -0.946885 0 0.321574
    outer loop
      vertex 40.8978 5 11.2235
      vertex 40.7716 0 10.8519
      vertex 40.8978 0 11.2235
    endloop
  endfacet
  facet normal 0.442233 0 0.8969
    outer loop
      vertex 36.5 5 9.40192
      vertex 36.852 0 9.22836
      vertex 36.852 5 9.22836
    endloop
  endfacet
  facet normal 0.442233 0 0.8969
    outer loop
      vertex 36.852 0 9.22836
      vertex 36.5 5 9.40192
      vertex 36.5 0 9.40192
    endloop
  endfacet
  facet normal 0.831501 -0 0.555523
    outer loop
      vertex 35.4019 0 10.5
      vertex 35.6199 5 10.1737
      vertex 35.4019 5 10.5
    endloop
  endfacet
  facet normal 0.831501 0 0.555523
    outer loop
      vertex 35.6199 5 10.1737
      vertex 35.4019 0 10.5
      vertex 35.6199 0 10.1737
    endloop
  endfacet
  facet normal 0.0654112 0 0.997858
    outer loop
      vertex 37.6084 5 9.02567
      vertex 38 0 9
      vertex 38 5 9
    endloop
  endfacet
  facet normal 0.0654112 0 0.997858
    outer loop
      vertex 38 0 9
      vertex 37.6084 5 9.02567
      vertex 37.6084 0 9.02567
    endloop
  endfacet
  facet normal -0.980815 0 0.19494
    outer loop
      vertex 50.8978 0 11.2235
      vertex 50.9743 5 11.6084
      vertex 50.8978 5 11.2235
    endloop
  endfacet
  facet normal -0.980815 0 0.19494
    outer loop
      vertex 50.9743 5 11.6084
      vertex 50.8978 0 11.2235
      vertex 50.9743 0 11.6084
    endloop
  endfacet
  facet normal -0.997853 0 0.0654873
    outer loop
      vertex 50.9743 0 11.6084
      vertex 51 5 12
      vertex 50.9743 5 11.6084
    endloop
  endfacet
  facet normal -0.997853 0 0.0654873
    outer loop
      vertex 51 5 12
      vertex 50.9743 0 11.6084
      vertex 51 0 12
    endloop
  endfacet
  facet normal -0.896911 0 0.442211
    outer loop
      vertex 50.5981 0 10.5
      vertex 50.7716 5 10.8519
      vertex 50.5981 5 10.5
    endloop
  endfacet
  facet normal -0.896911 0 0.442211
    outer loop
      vertex 50.7716 5 10.8519
      vertex 50.5981 0 10.5
      vertex 50.7716 0 10.8519
    endloop
  endfacet
  facet normal -0.659392 0 0.751799
    outer loop
      vertex 49.8263 5 9.61994
      vertex 50.1213 0 9.87868
      vertex 50.1213 5 9.87868
    endloop
  endfacet
  facet normal -0.659392 0 0.751799
    outer loop
      vertex 50.1213 0 9.87868
      vertex 49.8263 5 9.61994
      vertex 49.8263 0 9.61994
    endloop
  endfacet
  facet normal -0.321514 0 0.946905
    outer loop
      vertex 48.7765 5 9.10222
      vertex 49.148 0 9.22836
      vertex 49.148 5 9.22836
    endloop
  endfacet
  facet normal -0.321514 0 0.946905
    outer loop
      vertex 49.148 0 9.22836
      vertex 48.7765 5 9.10222
      vertex 48.7765 0 9.10222
    endloop
  endfacet
  facet normal 0.946885 -0 0.321574
    outer loop
      vertex 45.1022 0 11.2235
      vertex 45.2284 5 10.8519
      vertex 45.1022 5 11.2235
    endloop
  endfacet
  facet normal 0.946885 0 0.321574
    outer loop
      vertex 45.2284 5 10.8519
      vertex 45.1022 0 11.2235
      vertex 45.2284 0 10.8519
    endloop
  endfacet
  facet normal 0.980815 -0 0.19494
    outer loop
      vertex 45.0257 0 11.6084
      vertex 45.1022 5 11.2235
      vertex 45.0257 5 11.6084
    endloop
  endfacet
  facet normal 0.980815 0 0.19494
    outer loop
      vertex 45.1022 5 11.2235
      vertex 45.0257 0 11.6084
      vertex 45.1022 0 11.2235
    endloop
  endfacet
  facet normal 0.751746 -0 0.659453
    outer loop
      vertex 45.6199 0 10.1737
      vertex 45.8787 5 9.87868
      vertex 45.6199 5 10.1737
    endloop
  endfacet
  facet normal 0.751746 0 0.659453
    outer loop
      vertex 45.8787 5 9.87868
      vertex 45.6199 0 10.1737
      vertex 45.8787 0 9.87868
    endloop
  endfacet
  facet normal -0.831501 0 0.555523
    outer loop
      vertex 50.3801 0 10.1737
      vertex 50.5981 5 10.5
      vertex 50.3801 5 10.1737
    endloop
  endfacet
  facet normal -0.831501 0 0.555523
    outer loop
      vertex 50.5981 5 10.5
      vertex 50.3801 0 10.1737
      vertex 50.5981 0 10.5
    endloop
  endfacet
  facet normal -0.442233 0 0.8969
    outer loop
      vertex 49.148 5 9.22836
      vertex 49.5 0 9.40192
      vertex 49.5 5 9.40192
    endloop
  endfacet
  facet normal -0.442233 0 0.8969
    outer loop
      vertex 49.5 0 9.40192
      vertex 49.148 5 9.22836
      vertex 49.148 0 9.22836
    endloop
  endfacet
  facet normal 0.997853 -0 0.0654873
    outer loop
      vertex 45 0 12
      vertex 45.0257 5 11.6084
      vertex 45 5 12
    endloop
  endfacet
  facet normal 0.997853 0 0.0654873
    outer loop
      vertex 45.0257 5 11.6084
      vertex 45 0 12
      vertex 45.0257 0 11.6084
    endloop
  endfacet
  facet normal 0.0654112 0 0.997858
    outer loop
      vertex 47.6084 5 9.02567
      vertex 48 0 9
      vertex 48 5 9
    endloop
  endfacet
  facet normal 0.0654112 0 0.997858
    outer loop
      vertex 48 0 9
      vertex 47.6084 5 9.02567
      vertex 47.6084 0 9.02567
    endloop
  endfacet
  facet normal -0.555558 0 0.831477
    outer loop
      vertex 49.5 5 9.40192
      vertex 49.8263 0 9.61994
      vertex 49.8263 5 9.61994
    endloop
  endfacet
  facet normal -0.555558 0 0.831477
    outer loop
      vertex 49.8263 0 9.61994
      vertex 49.5 5 9.40192
      vertex 49.5 0 9.40192
    endloop
  endfacet
  facet normal -0.0654112 0 0.997858
    outer loop
      vertex 48 5 9
      vertex 48.3916 0 9.02567
      vertex 48.3916 5 9.02567
    endloop
  endfacet
  facet normal -0.0654112 0 0.997858
    outer loop
      vertex 48.3916 0 9.02567
      vertex 48 5 9
      vertex 48 0 9
    endloop
  endfacet
  facet normal 0.659392 0 0.751799
    outer loop
      vertex 45.8787 5 9.87868
      vertex 46.1737 0 9.61994
      vertex 46.1737 5 9.61994
    endloop
  endfacet
  facet normal 0.659392 0 0.751799
    outer loop
      vertex 46.1737 0 9.61994
      vertex 45.8787 5 9.87868
      vertex 45.8787 0 9.87868
    endloop
  endfacet
  facet normal 0.195062 0 0.980791
    outer loop
      vertex 47.2235 5 9.10222
      vertex 47.6084 0 9.02567
      vertex 47.6084 5 9.02567
    endloop
  endfacet
  facet normal 0.195062 0 0.980791
    outer loop
      vertex 47.6084 0 9.02567
      vertex 47.2235 5 9.10222
      vertex 47.2235 0 9.10222
    endloop
  endfacet
  facet normal -0.195062 0 0.980791
    outer loop
      vertex 48.3916 5 9.02567
      vertex 48.7765 0 9.10222
      vertex 48.7765 5 9.10222
    endloop
  endfacet
  facet normal -0.195062 0 0.980791
    outer loop
      vertex 48.7765 0 9.10222
      vertex 48.3916 5 9.02567
      vertex 48.3916 0 9.02567
    endloop
  endfacet
  facet normal 0.896911 -0 0.442211
    outer loop
      vertex 45.2284 0 10.8519
      vertex 45.4019 5 10.5
      vertex 45.2284 5 10.8519
    endloop
  endfacet
  facet normal 0.896911 0 0.442211
    outer loop
      vertex 45.4019 5 10.5
      vertex 45.2284 0 10.8519
      vertex 45.4019 0 10.5
    endloop
  endfacet
  facet normal 0.555558 0 0.831477
    outer loop
      vertex 46.1737 5 9.61994
      vertex 46.5 0 9.40192
      vertex 46.5 5 9.40192
    endloop
  endfacet
  facet normal 0.555558 0 0.831477
    outer loop
      vertex 46.5 0 9.40192
      vertex 46.1737 5 9.61994
      vertex 46.1737 0 9.61994
    endloop
  endfacet
  facet normal -0.751746 0 0.659453
    outer loop
      vertex 50.1213 0 9.87868
      vertex 50.3801 5 10.1737
      vertex 50.1213 5 9.87868
    endloop
  endfacet
  facet normal -0.751746 0 0.659453
    outer loop
      vertex 50.3801 5 10.1737
      vertex 50.1213 0 9.87868
      vertex 50.3801 0 10.1737
    endloop
  endfacet
  facet normal -0.946885 0 0.321574
    outer loop
      vertex 50.7716 0 10.8519
      vertex 50.8978 5 11.2235
      vertex 50.7716 5 10.8519
    endloop
  endfacet
  facet normal -0.946885 0 0.321574
    outer loop
      vertex 50.8978 5 11.2235
      vertex 50.7716 0 10.8519
      vertex 50.8978 0 11.2235
    endloop
  endfacet
  facet normal 0.442233 0 0.8969
    outer loop
      vertex 46.5 5 9.40192
      vertex 46.852 0 9.22836
      vertex 46.852 5 9.22836
    endloop
  endfacet
  facet normal 0.442233 0 0.8969
    outer loop
      vertex 46.852 0 9.22836
      vertex 46.5 5 9.40192
      vertex 46.5 0 9.40192
    endloop
  endfacet
  facet normal 0.321514 0 0.946905
    outer loop
      vertex 46.852 5 9.22836
      vertex 47.2235 0 9.10222
      vertex 47.2235 5 9.10222
    endloop
  endfacet
  facet normal 0.321514 0 0.946905
    outer loop
      vertex 47.2235 0 9.10222
      vertex 46.852 5 9.22836
      vertex 46.852 0 9.22836
    endloop
  endfacet
  facet normal 0.831501 -0 0.555523
    outer loop
      vertex 45.4019 0 10.5
      vertex 45.6199 5 10.1737
      vertex 45.4019 5 10.5
    endloop
  endfacet
  facet normal 0.831501 0 0.555523
    outer loop
      vertex 45.6199 5 10.1737
      vertex 45.4019 0 10.5
      vertex 45.6199 0 10.1737
    endloop
  endfacet
  facet normal -0.194754 -0.980852 0
    outer loop
      vertex 5.248 13.8837 0
      vertex 5.49176 13.8353 1.4
      vertex 5.248 13.8837 1.4
    endloop
  endfacet
  facet normal -0.194754 -0.980852 -0
    outer loop
      vertex 5.49176 13.8353 1.4
      vertex 5.248 13.8837 0
      vertex 5.49176 13.8353 0
    endloop
  endfacet
  facet normal -0.194754 -0.980852 0
    outer loop
      vertex 5.248 13.8837 3.2
      vertex 5.49176 13.8353 4
      vertex 5.248 13.8837 4
    endloop
  endfacet
  facet normal -0.194754 -0.980852 -0
    outer loop
      vertex 5.49176 13.8353 4
      vertex 5.248 13.8837 3.2
      vertex 5.49176 13.8353 3.2
    endloop
  endfacet
  facet normal -0.980789 -0.195072 0
    outer loop
      vertex 6.88375 12.248 0
      vertex 6.83526 12.4918 1.4
      vertex 6.83526 12.4918 0
    endloop
  endfacet
  facet normal -0.980789 -0.195072 0
    outer loop
      vertex 6.83526 12.4918 1.4
      vertex 6.88375 12.248 0
      vertex 6.88375 12.248 1.4
    endloop
  endfacet
  facet normal -0.980789 -0.195072 0
    outer loop
      vertex 6.88375 12.248 3.2
      vertex 6.83526 12.4918 4
      vertex 6.83526 12.4918 3.2
    endloop
  endfacet
  facet normal -0.980789 -0.195072 0
    outer loop
      vertex 6.83526 12.4918 4
      vertex 6.88375 12.248 3.2
      vertex 6.88375 12.248 4
    endloop
  endfacet
  facet normal -0.99786 -0.065384 0
    outer loop
      vertex 6.9 12 0
      vertex 6.88375 12.248 1.4
      vertex 6.88375 12.248 0
    endloop
  endfacet
  facet normal -0.99786 -0.065384 0
    outer loop
      vertex 6.88375 12.248 1.4
      vertex 6.9 12 0
      vertex 6.9 12 1.4
    endloop
  endfacet
  facet normal -0.99786 -0.065384 0
    outer loop
      vertex 6.9 12 3.2
      vertex 6.88375 12.248 4
      vertex 6.88375 12.248 3.2
    endloop
  endfacet
  facet normal -0.99786 -0.065384 0
    outer loop
      vertex 6.88375 12.248 4
      vertex 6.9 12 3.2
      vertex 6.9 12 4
    endloop
  endfacet
  facet normal -0.94691 -0.321499 0
    outer loop
      vertex 6.83526 12.4918 0
      vertex 6.75537 12.7271 1.4
      vertex 6.75537 12.7271 0
    endloop
  endfacet
  facet normal -0.94691 -0.321499 0
    outer loop
      vertex 6.75537 12.7271 1.4
      vertex 6.83526 12.4918 0
      vertex 6.83526 12.4918 1.4
    endloop
  endfacet
  facet normal -0.94691 -0.321499 0
    outer loop
      vertex 6.83526 12.4918 3.2
      vertex 6.75537 12.7271 4
      vertex 6.75537 12.7271 3.2
    endloop
  endfacet
  facet normal -0.94691 -0.321499 0
    outer loop
      vertex 6.75537 12.7271 4
      vertex 6.83526 12.4918 3.2
      vertex 6.83526 12.4918 4
    endloop
  endfacet
  facet normal -0.831406 -0.555666 0
    outer loop
      vertex 6.64545 12.95 0
      vertex 6.50737 13.1566 1.4
      vertex 6.50737 13.1566 0
    endloop
  endfacet
  facet normal -0.831406 -0.555666 0
    outer loop
      vertex 6.50737 13.1566 1.4
      vertex 6.64545 12.95 0
      vertex 6.64545 12.95 1.4
    endloop
  endfacet
  facet normal -0.831406 -0.555666 0
    outer loop
      vertex 6.64545 12.95 3.2
      vertex 6.50737 13.1566 4
      vertex 6.50737 13.1566 3.2
    endloop
  endfacet
  facet normal -0.831406 -0.555666 0
    outer loop
      vertex 6.50737 13.1566 4
      vertex 6.64545 12.95 3.2
      vertex 6.64545 12.95 4
    endloop
  endfacet
  facet normal -0.321486 -0.946914 0
    outer loop
      vertex 5.49176 13.8353 0
      vertex 5.7271 13.7554 1.4
      vertex 5.49176 13.8353 1.4
    endloop
  endfacet
  facet normal -0.321486 -0.946914 -0
    outer loop
      vertex 5.7271 13.7554 1.4
      vertex 5.49176 13.8353 0
      vertex 5.7271 13.7554 0
    endloop
  endfacet
  facet normal -0.321486 -0.946914 0
    outer loop
      vertex 5.49176 13.8353 3.2
      vertex 5.7271 13.7554 4
      vertex 5.49176 13.8353 4
    endloop
  endfacet
  facet normal -0.321486 -0.946914 -0
    outer loop
      vertex 5.7271 13.7554 4
      vertex 5.49176 13.8353 3.2
      vertex 5.7271 13.7554 3.2
    endloop
  endfacet
  facet normal 0.980789 0.195072 0
    outer loop
      vertex 3.16474 11.5082 4
      vertex 3.11625 11.752 3.2
      vertex 3.11625 11.752 4
    endloop
  endfacet
  facet normal 0.980789 0.195072 0
    outer loop
      vertex 3.11625 11.752 3.2
      vertex 3.16474 11.5082 4
      vertex 3.16474 11.5082 3.2
    endloop
  endfacet
  facet normal 0.980789 0.195072 0
    outer loop
      vertex 3.16474 11.5082 1.4
      vertex 3.11625 11.752 0
      vertex 3.11625 11.752 1.4
    endloop
  endfacet
  facet normal 0.980789 0.195072 0
    outer loop
      vertex 3.11625 11.752 0
      vertex 3.16474 11.5082 1.4
      vertex 3.16474 11.5082 0
    endloop
  endfacet
  facet normal -0.99786 0.065384 0
    outer loop
      vertex 6.88375 11.752 0
      vertex 6.9 12 1.4
      vertex 6.9 12 0
    endloop
  endfacet
  facet normal -0.99786 0.065384 0
    outer loop
      vertex 6.9 12 1.4
      vertex 6.88375 11.752 0
      vertex 6.88375 11.752 1.4
    endloop
  endfacet
  facet normal -0.99786 0.065384 0
    outer loop
      vertex 6.88375 11.752 3.2
      vertex 6.9 12 4
      vertex 6.9 12 3.2
    endloop
  endfacet
  facet normal -0.99786 0.065384 0
    outer loop
      vertex 6.9 12 4
      vertex 6.88375 11.752 3.2
      vertex 6.88375 11.752 4
    endloop
  endfacet
  facet normal 0.99786 0.065384 0
    outer loop
      vertex 3.11625 11.752 4
      vertex 3.1 12 3.2
      vertex 3.1 12 4
    endloop
  endfacet
  facet normal 0.99786 0.065384 0
    outer loop
      vertex 3.1 12 3.2
      vertex 3.11625 11.752 4
      vertex 3.11625 11.752 3.2
    endloop
  endfacet
  facet normal 0.99786 0.065384 0
    outer loop
      vertex 3.11625 11.752 1.4
      vertex 3.1 12 0
      vertex 3.1 12 1.4
    endloop
  endfacet
  facet normal 0.99786 0.065384 0
    outer loop
      vertex 3.1 12 0
      vertex 3.11625 11.752 1.4
      vertex 3.11625 11.752 0
    endloop
  endfacet
  facet normal 0.321486 0.946914 -0
    outer loop
      vertex 4.50824 10.1647 3.2
      vertex 4.2729 10.2446 4
      vertex 4.50824 10.1647 4
    endloop
  endfacet
  facet normal 0.321486 0.946914 0
    outer loop
      vertex 4.2729 10.2446 4
      vertex 4.50824 10.1647 3.2
      vertex 4.2729 10.2446 3.2
    endloop
  endfacet
  facet normal 0.321486 0.946914 -0
    outer loop
      vertex 4.50824 10.1647 0
      vertex 4.2729 10.2446 1.4
      vertex 4.50824 10.1647 1.4
    endloop
  endfacet
  facet normal 0.321486 0.946914 0
    outer loop
      vertex 4.2729 10.2446 1.4
      vertex 4.50824 10.1647 0
      vertex 4.2729 10.2446 0
    endloop
  endfacet
  facet normal -0.896876 -0.442282 0
    outer loop
      vertex 6.75537 12.7271 0
      vertex 6.64545 12.95 1.4
      vertex 6.64545 12.95 0
    endloop
  endfacet
  facet normal -0.896876 -0.442282 0
    outer loop
      vertex 6.64545 12.95 1.4
      vertex 6.75537 12.7271 0
      vertex 6.75537 12.7271 1.4
    endloop
  endfacet
  facet normal -0.896876 -0.442282 0
    outer loop
      vertex 6.75537 12.7271 3.2
      vertex 6.64545 12.95 4
      vertex 6.64545 12.95 3.2
    endloop
  endfacet
  facet normal -0.896876 -0.442282 0
    outer loop
      vertex 6.64545 12.95 4
      vertex 6.75537 12.7271 3.2
      vertex 6.75537 12.7271 4
    endloop
  endfacet
  facet normal -0.751913 -0.659262 0
    outer loop
      vertex 6.50737 13.1566 0
      vertex 6.3435 13.3435 1.4
      vertex 6.3435 13.3435 0
    endloop
  endfacet
  facet normal -0.751913 -0.659262 0
    outer loop
      vertex 6.3435 13.3435 1.4
      vertex 6.50737 13.1566 0
      vertex 6.50737 13.1566 1.4
    endloop
  endfacet
  facet normal -0.751913 -0.659262 0
    outer loop
      vertex 6.50737 13.1566 3.2
      vertex 6.3435 13.3435 4
      vertex 6.3435 13.3435 3.2
    endloop
  endfacet
  facet normal -0.751913 -0.659262 0
    outer loop
      vertex 6.3435 13.3435 4
      vertex 6.50737 13.1566 3.2
      vertex 6.50737 13.1566 4
    endloop
  endfacet
  facet normal -0.94691 0.321499 0
    outer loop
      vertex 6.75537 11.2729 3.2
      vertex 6.83526 11.5082 4
      vertex 6.83526 11.5082 3.2
    endloop
  endfacet
  facet normal -0.94691 0.321499 0
    outer loop
      vertex 6.83526 11.5082 4
      vertex 6.75537 11.2729 3.2
      vertex 6.75537 11.2729 4
    endloop
  endfacet
  facet normal -0.94691 0.321499 0
    outer loop
      vertex 6.75537 11.2729 0
      vertex 6.83526 11.5082 1.4
      vertex 6.83526 11.5082 0
    endloop
  endfacet
  facet normal -0.94691 0.321499 0
    outer loop
      vertex 6.83526 11.5082 1.4
      vertex 6.75537 11.2729 0
      vertex 6.75537 11.2729 1.4
    endloop
  endfacet
  facet normal 0.751913 0.659262 0
    outer loop
      vertex 3.6565 10.6565 4
      vertex 3.49263 10.8434 3.2
      vertex 3.49263 10.8434 4
    endloop
  endfacet
  facet normal 0.751913 0.659262 0
    outer loop
      vertex 3.49263 10.8434 3.2
      vertex 3.6565 10.6565 4
      vertex 3.6565 10.6565 3.2
    endloop
  endfacet
  facet normal 0.751913 0.659262 0
    outer loop
      vertex 3.6565 10.6565 1.4
      vertex 3.49263 10.8434 0
      vertex 3.49263 10.8434 1.4
    endloop
  endfacet
  facet normal 0.751913 0.659262 0
    outer loop
      vertex 3.49263 10.8434 0
      vertex 3.6565 10.6565 1.4
      vertex 3.6565 10.6565 0
    endloop
  endfacet
  facet normal -0.980789 0.195072 0
    outer loop
      vertex 6.83526 11.5082 3.2
      vertex 6.88375 11.752 4
      vertex 6.88375 11.752 3.2
    endloop
  endfacet
  facet normal -0.980789 0.195072 0
    outer loop
      vertex 6.88375 11.752 4
      vertex 6.83526 11.5082 3.2
      vertex 6.83526 11.5082 4
    endloop
  endfacet
  facet normal -0.980789 0.195072 0
    outer loop
      vertex 6.83526 11.5082 0
      vertex 6.88375 11.752 1.4
      vertex 6.88375 11.752 0
    endloop
  endfacet
  facet normal -0.980789 0.195072 0
    outer loop
      vertex 6.88375 11.752 1.4
      vertex 6.83526 11.5082 0
      vertex 6.83526 11.5082 1.4
    endloop
  endfacet
  facet normal -0.0655843 0.997847 0
    outer loop
      vertex 5.248 10.1163 0
      vertex 5 10.1 1.4
      vertex 5.248 10.1163 1.4
    endloop
  endfacet
  facet normal -0.0655843 0.997847 0
    outer loop
      vertex 5 10.1 1.4
      vertex 5.248 10.1163 0
      vertex 5 10.1 0
    endloop
  endfacet
  facet normal -0.0655843 0.997847 0
    outer loop
      vertex 5.248 10.1163 3.2
      vertex 5 10.1 4
      vertex 5.248 10.1163 4
    endloop
  endfacet
  facet normal -0.0655843 0.997847 0
    outer loop
      vertex 5 10.1 4
      vertex 5.248 10.1163 3.2
      vertex 5 10.1 3.2
    endloop
  endfacet
  facet normal 0.94691 0.321499 0
    outer loop
      vertex 3.24463 11.2729 1.4
      vertex 3.16474 11.5082 0
      vertex 3.16474 11.5082 1.4
    endloop
  endfacet
  facet normal 0.94691 0.321499 0
    outer loop
      vertex 3.16474 11.5082 0
      vertex 3.24463 11.2729 1.4
      vertex 3.24463 11.2729 0
    endloop
  endfacet
  facet normal 0.94691 0.321499 0
    outer loop
      vertex 3.24463 11.2729 4
      vertex 3.16474 11.5082 3.2
      vertex 3.16474 11.5082 4
    endloop
  endfacet
  facet normal 0.94691 0.321499 0
    outer loop
      vertex 3.16474 11.5082 3.2
      vertex 3.24463 11.2729 4
      vertex 3.24463 11.2729 3.2
    endloop
  endfacet
  facet normal -0.831406 0.555666 0
    outer loop
      vertex 6.50737 10.8434 0
      vertex 6.64545 11.05 1.4
      vertex 6.64545 11.05 0
    endloop
  endfacet
  facet normal -0.831406 0.555666 0
    outer loop
      vertex 6.64545 11.05 1.4
      vertex 6.50737 10.8434 0
      vertex 6.50737 10.8434 1.4
    endloop
  endfacet
  facet normal -0.831406 0.555666 0
    outer loop
      vertex 6.50737 10.8434 3.2
      vertex 6.64545 11.05 4
      vertex 6.64545 11.05 3.2
    endloop
  endfacet
  facet normal -0.831406 0.555666 0
    outer loop
      vertex 6.64545 11.05 4
      vertex 6.50737 10.8434 3.2
      vertex 6.50737 10.8434 4
    endloop
  endfacet
  facet normal -0.442541 -0.896748 0
    outer loop
      vertex 5.7271 13.7554 3.2
      vertex 5.95 13.6454 4
      vertex 5.7271 13.7554 4
    endloop
  endfacet
  facet normal -0.442541 -0.896748 -0
    outer loop
      vertex 5.95 13.6454 4
      vertex 5.7271 13.7554 3.2
      vertex 5.95 13.6454 3.2
    endloop
  endfacet
  facet normal -0.442541 -0.896748 0
    outer loop
      vertex 5.7271 13.7554 0
      vertex 5.95 13.6454 1.4
      vertex 5.7271 13.7554 1.4
    endloop
  endfacet
  facet normal -0.442541 -0.896748 -0
    outer loop
      vertex 5.95 13.6454 1.4
      vertex 5.7271 13.7554 0
      vertex 5.95 13.6454 0
    endloop
  endfacet
  facet normal 0.442541 -0.896748 0
    outer loop
      vertex 4.05 13.6454 3.2
      vertex 4.2729 13.7554 4
      vertex 4.05 13.6454 4
    endloop
  endfacet
  facet normal 0.442541 -0.896748 0
    outer loop
      vertex 4.2729 13.7554 4
      vertex 4.05 13.6454 3.2
      vertex 4.2729 13.7554 3.2
    endloop
  endfacet
  facet normal 0.442541 -0.896748 0
    outer loop
      vertex 4.05 13.6454 0
      vertex 4.2729 13.7554 1.4
      vertex 4.05 13.6454 1.4
    endloop
  endfacet
  facet normal 0.442541 -0.896748 0
    outer loop
      vertex 4.2729 13.7554 1.4
      vertex 4.05 13.6454 0
      vertex 4.2729 13.7554 0
    endloop
  endfacet
  facet normal -0.442541 0.896748 0
    outer loop
      vertex 5.95 10.3546 3.2
      vertex 5.7271 10.2446 4
      vertex 5.95 10.3546 4
    endloop
  endfacet
  facet normal -0.442541 0.896748 0
    outer loop
      vertex 5.7271 10.2446 4
      vertex 5.95 10.3546 3.2
      vertex 5.7271 10.2446 3.2
    endloop
  endfacet
  facet normal -0.442541 0.896748 0
    outer loop
      vertex 5.95 10.3546 0
      vertex 5.7271 10.2446 1.4
      vertex 5.95 10.3546 1.4
    endloop
  endfacet
  facet normal -0.442541 0.896748 0
    outer loop
      vertex 5.7271 10.2446 1.4
      vertex 5.95 10.3546 0
      vertex 5.7271 10.2446 0
    endloop
  endfacet
  facet normal -0.321486 0.946914 0
    outer loop
      vertex 5.7271 10.2446 3.2
      vertex 5.49176 10.1647 4
      vertex 5.7271 10.2446 4
    endloop
  endfacet
  facet normal -0.321486 0.946914 0
    outer loop
      vertex 5.49176 10.1647 4
      vertex 5.7271 10.2446 3.2
      vertex 5.49176 10.1647 3.2
    endloop
  endfacet
  facet normal -0.321486 0.946914 0
    outer loop
      vertex 5.7271 10.2446 0
      vertex 5.49176 10.1647 1.4
      vertex 5.7271 10.2446 1.4
    endloop
  endfacet
  facet normal -0.321486 0.946914 0
    outer loop
      vertex 5.49176 10.1647 1.4
      vertex 5.7271 10.2446 0
      vertex 5.49176 10.1647 0
    endloop
  endfacet
  facet normal 0.194754 0.980852 -0
    outer loop
      vertex 4.752 10.1163 3.2
      vertex 4.50824 10.1647 4
      vertex 4.752 10.1163 4
    endloop
  endfacet
  facet normal 0.194754 0.980852 0
    outer loop
      vertex 4.50824 10.1647 4
      vertex 4.752 10.1163 3.2
      vertex 4.50824 10.1647 3.2
    endloop
  endfacet
  facet normal 0.194754 0.980852 -0
    outer loop
      vertex 4.752 10.1163 0
      vertex 4.50824 10.1647 1.4
      vertex 4.752 10.1163 1.4
    endloop
  endfacet
  facet normal 0.194754 0.980852 0
    outer loop
      vertex 4.50824 10.1647 1.4
      vertex 4.752 10.1163 0
      vertex 4.50824 10.1647 0
    endloop
  endfacet
  facet normal 0.94691 -0.321499 0
    outer loop
      vertex 3.16474 12.4918 4
      vertex 3.24463 12.7271 3.2
      vertex 3.24463 12.7271 4
    endloop
  endfacet
  facet normal 0.94691 -0.321499 0
    outer loop
      vertex 3.24463 12.7271 3.2
      vertex 3.16474 12.4918 4
      vertex 3.16474 12.4918 3.2
    endloop
  endfacet
  facet normal 0.94691 -0.321499 0
    outer loop
      vertex 3.16474 12.4918 1.4
      vertex 3.24463 12.7271 0
      vertex 3.24463 12.7271 1.4
    endloop
  endfacet
  facet normal 0.94691 -0.321499 0
    outer loop
      vertex 3.24463 12.7271 0
      vertex 3.16474 12.4918 1.4
      vertex 3.16474 12.4918 0
    endloop
  endfacet
  facet normal 0.194754 -0.980852 0
    outer loop
      vertex 4.50824 13.8353 3.2
      vertex 4.752 13.8837 4
      vertex 4.50824 13.8353 4
    endloop
  endfacet
  facet normal 0.194754 -0.980852 0
    outer loop
      vertex 4.752 13.8837 4
      vertex 4.50824 13.8353 3.2
      vertex 4.752 13.8837 3.2
    endloop
  endfacet
  facet normal 0.194754 -0.980852 0
    outer loop
      vertex 4.50824 13.8353 0
      vertex 4.752 13.8837 1.4
      vertex 4.50824 13.8353 1.4
    endloop
  endfacet
  facet normal 0.194754 -0.980852 0
    outer loop
      vertex 4.752 13.8837 1.4
      vertex 4.50824 13.8353 0
      vertex 4.752 13.8837 0
    endloop
  endfacet
  facet normal 0.55535 -0.831617 0
    outer loop
      vertex 3.84335 13.5074 0
      vertex 4.05 13.6454 1.4
      vertex 3.84335 13.5074 1.4
    endloop
  endfacet
  facet normal 0.55535 -0.831617 0
    outer loop
      vertex 4.05 13.6454 1.4
      vertex 3.84335 13.5074 0
      vertex 4.05 13.6454 0
    endloop
  endfacet
  facet normal 0.55535 -0.831617 0
    outer loop
      vertex 3.84335 13.5074 3.2
      vertex 4.05 13.6454 4
      vertex 3.84335 13.5074 4
    endloop
  endfacet
  facet normal 0.55535 -0.831617 0
    outer loop
      vertex 4.05 13.6454 4
      vertex 3.84335 13.5074 3.2
      vertex 4.05 13.6454 3.2
    endloop
  endfacet
  facet normal -0.55535 0.831617 0
    outer loop
      vertex 6.15665 10.4926 0
      vertex 5.95 10.3546 1.4
      vertex 6.15665 10.4926 1.4
    endloop
  endfacet
  facet normal -0.55535 0.831617 0
    outer loop
      vertex 5.95 10.3546 1.4
      vertex 6.15665 10.4926 0
      vertex 5.95 10.3546 0
    endloop
  endfacet
  facet normal -0.55535 0.831617 0
    outer loop
      vertex 6.15665 10.4926 3.2
      vertex 5.95 10.3546 4
      vertex 6.15665 10.4926 4
    endloop
  endfacet
  facet normal -0.55535 0.831617 0
    outer loop
      vertex 5.95 10.3546 4
      vertex 6.15665 10.4926 3.2
      vertex 5.95 10.3546 3.2
    endloop
  endfacet
  facet normal -0.194754 0.980852 0
    outer loop
      vertex 5.49176 10.1647 0
      vertex 5.248 10.1163 1.4
      vertex 5.49176 10.1647 1.4
    endloop
  endfacet
  facet normal -0.194754 0.980852 0
    outer loop
      vertex 5.248 10.1163 1.4
      vertex 5.49176 10.1647 0
      vertex 5.248 10.1163 0
    endloop
  endfacet
  facet normal -0.194754 0.980852 0
    outer loop
      vertex 5.49176 10.1647 3.2
      vertex 5.248 10.1163 4
      vertex 5.49176 10.1647 4
    endloop
  endfacet
  facet normal -0.194754 0.980852 0
    outer loop
      vertex 5.248 10.1163 4
      vertex 5.49176 10.1647 3.2
      vertex 5.248 10.1163 3.2
    endloop
  endfacet
  facet normal 0.896876 -0.442282 0
    outer loop
      vertex 3.24463 12.7271 4
      vertex 3.35455 12.95 3.2
      vertex 3.35455 12.95 4
    endloop
  endfacet
  facet normal 0.896876 -0.442282 0
    outer loop
      vertex 3.35455 12.95 3.2
      vertex 3.24463 12.7271 4
      vertex 3.24463 12.7271 3.2
    endloop
  endfacet
  facet normal 0.896876 -0.442282 0
    outer loop
      vertex 3.24463 12.7271 1.4
      vertex 3.35455 12.95 0
      vertex 3.35455 12.95 1.4
    endloop
  endfacet
  facet normal 0.896876 -0.442282 0
    outer loop
      vertex 3.35455 12.95 0
      vertex 3.24463 12.7271 1.4
      vertex 3.24463 12.7271 0
    endloop
  endfacet
  facet normal -0.65943 -0.751766 0
    outer loop
      vertex 6.15665 13.5074 0
      vertex 6.3435 13.3435 1.4
      vertex 6.15665 13.5074 1.4
    endloop
  endfacet
  facet normal -0.65943 -0.751766 -0
    outer loop
      vertex 6.3435 13.3435 1.4
      vertex 6.15665 13.5074 0
      vertex 6.3435 13.3435 0
    endloop
  endfacet
  facet normal -0.65943 -0.751766 0
    outer loop
      vertex 6.15665 13.5074 3.2
      vertex 6.3435 13.3435 4
      vertex 6.15665 13.5074 4
    endloop
  endfacet
  facet normal -0.65943 -0.751766 -0
    outer loop
      vertex 6.3435 13.3435 4
      vertex 6.15665 13.5074 3.2
      vertex 6.3435 13.3435 3.2
    endloop
  endfacet
  facet normal 0.831406 -0.555666 0
    outer loop
      vertex 3.35455 12.95 1.4
      vertex 3.49263 13.1566 0
      vertex 3.49263 13.1566 1.4
    endloop
  endfacet
  facet normal 0.831406 -0.555666 0
    outer loop
      vertex 3.49263 13.1566 0
      vertex 3.35455 12.95 1.4
      vertex 3.35455 12.95 0
    endloop
  endfacet
  facet normal 0.831406 -0.555666 0
    outer loop
      vertex 3.35455 12.95 4
      vertex 3.49263 13.1566 3.2
      vertex 3.49263 13.1566 4
    endloop
  endfacet
  facet normal 0.831406 -0.555666 0
    outer loop
      vertex 3.49263 13.1566 3.2
      vertex 3.35455 12.95 4
      vertex 3.35455 12.95 3.2
    endloop
  endfacet
  facet normal 0.0655843 0.997847 -0
    outer loop
      vertex 5 10.1 0
      vertex 4.752 10.1163 1.4
      vertex 5 10.1 1.4
    endloop
  endfacet
  facet normal 0.0655843 0.997847 0
    outer loop
      vertex 4.752 10.1163 1.4
      vertex 5 10.1 0
      vertex 4.752 10.1163 0
    endloop
  endfacet
  facet normal 0.0655843 0.997847 -0
    outer loop
      vertex 5 10.1 3.2
      vertex 4.752 10.1163 4
      vertex 5 10.1 4
    endloop
  endfacet
  facet normal 0.0655843 0.997847 0
    outer loop
      vertex 4.752 10.1163 4
      vertex 5 10.1 3.2
      vertex 4.752 10.1163 3.2
    endloop
  endfacet
  facet normal -0.65943 0.751766 0
    outer loop
      vertex 6.3435 10.6565 0
      vertex 6.15665 10.4926 1.4
      vertex 6.3435 10.6565 1.4
    endloop
  endfacet
  facet normal -0.65943 0.751766 0
    outer loop
      vertex 6.15665 10.4926 1.4
      vertex 6.3435 10.6565 0
      vertex 6.15665 10.4926 0
    endloop
  endfacet
  facet normal -0.65943 0.751766 0
    outer loop
      vertex 6.3435 10.6565 3.2
      vertex 6.15665 10.4926 4
      vertex 6.3435 10.6565 4
    endloop
  endfacet
  facet normal -0.65943 0.751766 0
    outer loop
      vertex 6.15665 10.4926 4
      vertex 6.3435 10.6565 3.2
      vertex 6.15665 10.4926 3.2
    endloop
  endfacet
  facet normal 0.0655843 -0.997847 0
    outer loop
      vertex 4.752 13.8837 3.2
      vertex 5 13.9 4
      vertex 4.752 13.8837 4
    endloop
  endfacet
  facet normal 0.0655843 -0.997847 0
    outer loop
      vertex 5 13.9 4
      vertex 4.752 13.8837 3.2
      vertex 5 13.9 3.2
    endloop
  endfacet
  facet normal 0.0655843 -0.997847 0
    outer loop
      vertex 4.752 13.8837 0
      vertex 5 13.9 1.4
      vertex 4.752 13.8837 1.4
    endloop
  endfacet
  facet normal 0.0655843 -0.997847 0
    outer loop
      vertex 5 13.9 1.4
      vertex 4.752 13.8837 0
      vertex 5 13.9 0
    endloop
  endfacet
  facet normal 0.65943 -0.751766 0
    outer loop
      vertex 3.6565 13.3435 0
      vertex 3.84335 13.5074 1.4
      vertex 3.6565 13.3435 1.4
    endloop
  endfacet
  facet normal 0.65943 -0.751766 0
    outer loop
      vertex 3.84335 13.5074 1.4
      vertex 3.6565 13.3435 0
      vertex 3.84335 13.5074 0
    endloop
  endfacet
  facet normal 0.65943 -0.751766 0
    outer loop
      vertex 3.6565 13.3435 3.2
      vertex 3.84335 13.5074 4
      vertex 3.6565 13.3435 4
    endloop
  endfacet
  facet normal 0.65943 -0.751766 0
    outer loop
      vertex 3.84335 13.5074 4
      vertex 3.6565 13.3435 3.2
      vertex 3.84335 13.5074 3.2
    endloop
  endfacet
  facet normal 0.65943 0.751766 -0
    outer loop
      vertex 3.84335 10.4926 3.2
      vertex 3.6565 10.6565 4
      vertex 3.84335 10.4926 4
    endloop
  endfacet
  facet normal 0.65943 0.751766 0
    outer loop
      vertex 3.6565 10.6565 4
      vertex 3.84335 10.4926 3.2
      vertex 3.6565 10.6565 3.2
    endloop
  endfacet
  facet normal 0.65943 0.751766 -0
    outer loop
      vertex 3.84335 10.4926 0
      vertex 3.6565 10.6565 1.4
      vertex 3.84335 10.4926 1.4
    endloop
  endfacet
  facet normal 0.65943 0.751766 0
    outer loop
      vertex 3.6565 10.6565 1.4
      vertex 3.84335 10.4926 0
      vertex 3.6565 10.6565 0
    endloop
  endfacet
  facet normal 0.751913 -0.659262 0
    outer loop
      vertex 3.49263 13.1566 1.4
      vertex 3.6565 13.3435 0
      vertex 3.6565 13.3435 1.4
    endloop
  endfacet
  facet normal 0.751913 -0.659262 0
    outer loop
      vertex 3.6565 13.3435 0
      vertex 3.49263 13.1566 1.4
      vertex 3.49263 13.1566 0
    endloop
  endfacet
  facet normal 0.751913 -0.659262 0
    outer loop
      vertex 3.49263 13.1566 4
      vertex 3.6565 13.3435 3.2
      vertex 3.6565 13.3435 4
    endloop
  endfacet
  facet normal 0.751913 -0.659262 0
    outer loop
      vertex 3.6565 13.3435 3.2
      vertex 3.49263 13.1566 4
      vertex 3.49263 13.1566 3.2
    endloop
  endfacet
  facet normal -0.751913 0.659262 0
    outer loop
      vertex 6.3435 10.6565 0
      vertex 6.50737 10.8434 1.4
      vertex 6.50737 10.8434 0
    endloop
  endfacet
  facet normal -0.751913 0.659262 0
    outer loop
      vertex 6.50737 10.8434 1.4
      vertex 6.3435 10.6565 0
      vertex 6.3435 10.6565 1.4
    endloop
  endfacet
  facet normal -0.751913 0.659262 0
    outer loop
      vertex 6.3435 10.6565 3.2
      vertex 6.50737 10.8434 4
      vertex 6.50737 10.8434 3.2
    endloop
  endfacet
  facet normal -0.751913 0.659262 0
    outer loop
      vertex 6.50737 10.8434 4
      vertex 6.3435 10.6565 3.2
      vertex 6.3435 10.6565 4
    endloop
  endfacet
  facet normal -0.896876 0.442282 0
    outer loop
      vertex 6.64545 11.05 0
      vertex 6.75537 11.2729 1.4
      vertex 6.75537 11.2729 0
    endloop
  endfacet
  facet normal -0.896876 0.442282 0
    outer loop
      vertex 6.75537 11.2729 1.4
      vertex 6.64545 11.05 0
      vertex 6.64545 11.05 1.4
    endloop
  endfacet
  facet normal -0.896876 0.442282 0
    outer loop
      vertex 6.64545 11.05 3.2
      vertex 6.75537 11.2729 4
      vertex 6.75537 11.2729 3.2
    endloop
  endfacet
  facet normal -0.896876 0.442282 0
    outer loop
      vertex 6.75537 11.2729 4
      vertex 6.64545 11.05 3.2
      vertex 6.64545 11.05 4
    endloop
  endfacet
  facet normal 0.980789 -0.195072 0
    outer loop
      vertex 3.11625 12.248 1.4
      vertex 3.16474 12.4918 0
      vertex 3.16474 12.4918 1.4
    endloop
  endfacet
  facet normal 0.980789 -0.195072 0
    outer loop
      vertex 3.16474 12.4918 0
      vertex 3.11625 12.248 1.4
      vertex 3.11625 12.248 0
    endloop
  endfacet
  facet normal 0.980789 -0.195072 0
    outer loop
      vertex 3.11625 12.248 4
      vertex 3.16474 12.4918 3.2
      vertex 3.16474 12.4918 4
    endloop
  endfacet
  facet normal 0.980789 -0.195072 0
    outer loop
      vertex 3.16474 12.4918 3.2
      vertex 3.11625 12.248 4
      vertex 3.11625 12.248 3.2
    endloop
  endfacet
  facet normal -0.0655843 -0.997847 0
    outer loop
      vertex 5 13.9 0
      vertex 5.248 13.8837 1.4
      vertex 5 13.9 1.4
    endloop
  endfacet
  facet normal -0.0655843 -0.997847 -0
    outer loop
      vertex 5.248 13.8837 1.4
      vertex 5 13.9 0
      vertex 5.248 13.8837 0
    endloop
  endfacet
  facet normal -0.0655843 -0.997847 0
    outer loop
      vertex 5 13.9 3.2
      vertex 5.248 13.8837 4
      vertex 5 13.9 4
    endloop
  endfacet
  facet normal -0.0655843 -0.997847 -0
    outer loop
      vertex 5.248 13.8837 4
      vertex 5 13.9 3.2
      vertex 5.248 13.8837 3.2
    endloop
  endfacet
  facet normal -0.55535 -0.831617 0
    outer loop
      vertex 5.95 13.6454 0
      vertex 6.15665 13.5074 1.4
      vertex 5.95 13.6454 1.4
    endloop
  endfacet
  facet normal -0.55535 -0.831617 -0
    outer loop
      vertex 6.15665 13.5074 1.4
      vertex 5.95 13.6454 0
      vertex 6.15665 13.5074 0
    endloop
  endfacet
  facet normal -0.55535 -0.831617 0
    outer loop
      vertex 5.95 13.6454 3.2
      vertex 6.15665 13.5074 4
      vertex 5.95 13.6454 4
    endloop
  endfacet
  facet normal -0.55535 -0.831617 -0
    outer loop
      vertex 6.15665 13.5074 4
      vertex 5.95 13.6454 3.2
      vertex 6.15665 13.5074 3.2
    endloop
  endfacet
  facet normal 0.321486 -0.946914 0
    outer loop
      vertex 4.2729 13.7554 3.2
      vertex 4.50824 13.8353 4
      vertex 4.2729 13.7554 4
    endloop
  endfacet
  facet normal 0.321486 -0.946914 0
    outer loop
      vertex 4.50824 13.8353 4
      vertex 4.2729 13.7554 3.2
      vertex 4.50824 13.8353 3.2
    endloop
  endfacet
  facet normal 0.321486 -0.946914 0
    outer loop
      vertex 4.2729 13.7554 0
      vertex 4.50824 13.8353 1.4
      vertex 4.2729 13.7554 1.4
    endloop
  endfacet
  facet normal 0.321486 -0.946914 0
    outer loop
      vertex 4.50824 13.8353 1.4
      vertex 4.2729 13.7554 0
      vertex 4.50824 13.8353 0
    endloop
  endfacet
  facet normal 0.99786 -0.065384 0
    outer loop
      vertex 3.1 12 4
      vertex 3.11625 12.248 3.2
      vertex 3.11625 12.248 4
    endloop
  endfacet
  facet normal 0.99786 -0.065384 0
    outer loop
      vertex 3.11625 12.248 3.2
      vertex 3.1 12 4
      vertex 3.1 12 3.2
    endloop
  endfacet
  facet normal 0.99786 -0.065384 0
    outer loop
      vertex 3.1 12 1.4
      vertex 3.11625 12.248 0
      vertex 3.11625 12.248 1.4
    endloop
  endfacet
  facet normal 0.99786 -0.065384 0
    outer loop
      vertex 3.11625 12.248 0
      vertex 3.1 12 1.4
      vertex 3.1 12 0
    endloop
  endfacet
  facet normal 0.831406 0.555666 0
    outer loop
      vertex 3.49263 10.8434 4
      vertex 3.35455 11.05 3.2
      vertex 3.35455 11.05 4
    endloop
  endfacet
  facet normal 0.831406 0.555666 0
    outer loop
      vertex 3.35455 11.05 3.2
      vertex 3.49263 10.8434 4
      vertex 3.49263 10.8434 3.2
    endloop
  endfacet
  facet normal 0.831406 0.555666 0
    outer loop
      vertex 3.49263 10.8434 1.4
      vertex 3.35455 11.05 0
      vertex 3.35455 11.05 1.4
    endloop
  endfacet
  facet normal 0.831406 0.555666 0
    outer loop
      vertex 3.35455 11.05 0
      vertex 3.49263 10.8434 1.4
      vertex 3.49263 10.8434 0
    endloop
  endfacet
  facet normal 0.442541 0.896748 -0
    outer loop
      vertex 4.2729 10.2446 3.2
      vertex 4.05 10.3546 4
      vertex 4.2729 10.2446 4
    endloop
  endfacet
  facet normal 0.442541 0.896748 0
    outer loop
      vertex 4.05 10.3546 4
      vertex 4.2729 10.2446 3.2
      vertex 4.05 10.3546 3.2
    endloop
  endfacet
  facet normal 0.442541 0.896748 -0
    outer loop
      vertex 4.2729 10.2446 0
      vertex 4.05 10.3546 1.4
      vertex 4.2729 10.2446 1.4
    endloop
  endfacet
  facet normal 0.442541 0.896748 0
    outer loop
      vertex 4.05 10.3546 1.4
      vertex 4.2729 10.2446 0
      vertex 4.05 10.3546 0
    endloop
  endfacet
  facet normal 0.896876 0.442282 0
    outer loop
      vertex 3.35455 11.05 4
      vertex 3.24463 11.2729 3.2
      vertex 3.24463 11.2729 4
    endloop
  endfacet
  facet normal 0.896876 0.442282 0
    outer loop
      vertex 3.24463 11.2729 3.2
      vertex 3.35455 11.05 4
      vertex 3.35455 11.05 3.2
    endloop
  endfacet
  facet normal 0.896876 0.442282 0
    outer loop
      vertex 3.35455 11.05 1.4
      vertex 3.24463 11.2729 0
      vertex 3.24463 11.2729 1.4
    endloop
  endfacet
  facet normal 0.896876 0.442282 0
    outer loop
      vertex 3.24463 11.2729 0
      vertex 3.35455 11.05 1.4
      vertex 3.35455 11.05 0
    endloop
  endfacet
  facet normal 0.55535 0.831617 -0
    outer loop
      vertex 4.05 10.3546 3.2
      vertex 3.84335 10.4926 4
      vertex 4.05 10.3546 4
    endloop
  endfacet
  facet normal 0.55535 0.831617 0
    outer loop
      vertex 3.84335 10.4926 4
      vertex 4.05 10.3546 3.2
      vertex 3.84335 10.4926 3.2
    endloop
  endfacet
  facet normal 0.55535 0.831617 -0
    outer loop
      vertex 4.05 10.3546 0
      vertex 3.84335 10.4926 1.4
      vertex 4.05 10.3546 1.4
    endloop
  endfacet
  facet normal 0.55535 0.831617 0
    outer loop
      vertex 3.84335 10.4926 1.4
      vertex 4.05 10.3546 0
      vertex 3.84335 10.4926 0
    endloop
  endfacet
  facet normal -0.72619 -0.047583 0.685846
    outer loop
      vertex 6.9 12 1.4
      vertex 8.6 12 3.2
      vertex 6.88375 12.248 1.4
    endloop
  endfacet
  facet normal -0.404289 -0.605105 0.685856
    outer loop
      vertex 7.19154 14.8561 3.2
      vertex 6.8 15.1177 3.2
      vertex 5.95 13.6454 1.4
    endloop
  endfacet
  facet normal 0.479851 -0.547139 0.685844
    outer loop
      vertex 3.84335 13.5074 1.4
      vertex 2.80846 14.8561 3.2
      vertex 2.45442 14.5456 3.2
    endloop
  endfacet
  facet normal 0.689141 0.233875 0.685847
    outer loop
      vertex 1.67403 10.6223 3.2
      vertex 3.24463 11.2729 1.4
      vertex 1.52267 11.0683 3.2
    endloop
  endfacet
  facet normal 0.404289 -0.605105 0.685856
    outer loop
      vertex 4.05 13.6454 1.4
      vertex 3.2 15.1177 3.2
      vertex 2.80846 14.8561 3.2
    endloop
  endfacet
  facet normal -0.689119 0.233972 0.685837
    outer loop
      vertex 8.47733 11.0683 3.2
      vertex 6.83526 11.5082 1.4
      vertex 6.75537 11.2729 1.4
    endloop
  endfacet
  facet normal -0.321883 0.652698 0.68584
    outer loop
      vertex 6.37766 8.67403 3.2
      vertex 6.8 8.88231 3.2
      vertex 5.7271 10.2446 1.4
    endloop
  endfacet
  facet normal 0.713762 -0.141995 0.685844
    outer loop
      vertex 3.11625 12.248 1.4
      vertex 1.52267 12.9317 3.2
      vertex 1.4308 12.4699 3.2
    endloop
  endfacet
  facet normal 0.321906 -0.652682 0.685845
    outer loop
      vertex 4.2729 13.7554 1.4
      vertex 3.62234 15.326 3.2
      vertex 3.2 15.1177 3.2
    endloop
  endfacet
  facet normal 0.713771 -0.141964 0.68584
    outer loop
      vertex 3.11625 12.248 1.4
      vertex 3.16474 12.4918 1.4
      vertex 1.52267 12.9317 3.2
    endloop
  endfacet
  facet normal 0.479895 -0.547092 0.685851
    outer loop
      vertex 3.6565 13.3435 1.4
      vertex 3.84335 13.5074 1.4
      vertex 2.45442 14.5456 3.2
    endloop
  endfacet
  facet normal -0.141736 -0.713835 0.685822
    outer loop
      vertex 5.49176 13.8353 1.4
      vertex 5.93175 15.4773 3.2
      vertex 5.248 13.8837 1.4
    endloop
  endfacet
  facet normal 0.233964 0.689124 0.685835
    outer loop
      vertex 4.50824 10.1647 1.4
      vertex 4.2729 10.2446 1.4
      vertex 4.06825 8.52267 3.2
    endloop
  endfacet
  facet normal -0.404161 0.605216 0.685833
    outer loop
      vertex 7.19154 9.14393 3.2
      vertex 6.15665 10.4926 1.4
      vertex 5.95 10.3546 1.4
    endloop
  endfacet
  facet normal 0.0477291 -0.726185 0.685841
    outer loop
      vertex 5 13.9 1.4
      vertex 5 15.6 3.2
      vertex 4.752 13.8837 1.4
    endloop
  endfacet
  facet normal 0.713762 0.141995 0.685844
    outer loop
      vertex 1.52267 11.0683 3.2
      vertex 3.11625 11.752 1.4
      vertex 1.4308 11.5301 3.2
    endloop
  endfacet
  facet normal 0.479897 0.547094 0.685848
    outer loop
      vertex 3.84335 10.4926 1.4
      vertex 3.6565 10.6565 1.4
      vertex 2.45442 9.45442 3.2
    endloop
  endfacet
  facet normal -0.689141 -0.233875 0.685847
    outer loop
      vertex 8.47733 12.9317 3.2
      vertex 8.32597 13.3777 3.2
      vertex 6.75537 12.7271 1.4
    endloop
  endfacet
  facet normal -0.605081 -0.404346 0.685844
    outer loop
      vertex 8.11769 13.8 3.2
      vertex 7.85607 14.1915 3.2
      vertex 6.64545 12.95 1.4
    endloop
  endfacet
  facet normal 0.0477291 0.726185 0.685841
    outer loop
      vertex 5 8.4 3.2
      vertex 5 10.1 1.4
      vertex 4.752 10.1163 1.4
    endloop
  endfacet
  facet normal -0.32205 -0.652591 0.685863
    outer loop
      vertex 5.95 13.6454 1.4
      vertex 6.8 15.1177 3.2
      vertex 5.7271 13.7554 1.4
    endloop
  endfacet
  facet normal 0.652679 -0.321904 0.685849
    outer loop
      vertex 3.24463 12.7271 1.4
      vertex 1.88231 13.8 3.2
      vertex 1.67403 13.3777 3.2
    endloop
  endfacet
  facet normal -0.0475991 0.72618 0.685855
    outer loop
      vertex 5.46989 8.4308 3.2
      vertex 5.248 10.1163 1.4
      vertex 5 8.4 3.2
    endloop
  endfacet
  facet normal -0.0477291 0.726185 0.685841
    outer loop
      vertex 5.248 10.1163 1.4
      vertex 5 10.1 1.4
      vertex 5 8.4 3.2
    endloop
  endfacet
  facet normal -0.72619 -0.0475988 0.685844
    outer loop
      vertex 8.6 12 3.2
      vertex 8.5692 12.4699 3.2
      vertex 6.88375 12.248 1.4
    endloop
  endfacet
  facet normal 0.72619 0.0475988 0.685844
    outer loop
      vertex 1.4308 11.5301 3.2
      vertex 3.11625 11.752 1.4
      vertex 1.4 12 3.2
    endloop
  endfacet
  facet normal -0.72619 0.0475988 0.685844
    outer loop
      vertex 8.5692 11.5301 3.2
      vertex 8.6 12 3.2
      vertex 6.88375 11.752 1.4
    endloop
  endfacet
  facet normal 0.72619 -0.047583 0.685846
    outer loop
      vertex 3.1 12 1.4
      vertex 3.11625 12.248 1.4
      vertex 1.4 12 3.2
    endloop
  endfacet
  facet normal -0.479897 0.547094 0.685848
    outer loop
      vertex 7.54558 9.45442 3.2
      vertex 6.3435 10.6565 1.4
      vertex 6.15665 10.4926 1.4
    endloop
  endfacet
  facet normal 0.689141 -0.233875 0.685847
    outer loop
      vertex 3.24463 12.7271 1.4
      vertex 1.67403 13.3777 3.2
      vertex 1.52267 12.9317 3.2
    endloop
  endfacet
  facet normal -0.713771 0.141964 0.68584
    outer loop
      vertex 8.47733 11.0683 3.2
      vertex 6.88375 11.752 1.4
      vertex 6.83526 11.5082 1.4
    endloop
  endfacet
  facet normal 0.479845 0.547149 0.68584
    outer loop
      vertex 2.80846 9.14393 3.2
      vertex 3.84335 10.4926 1.4
      vertex 2.45442 9.45442 3.2
    endloop
  endfacet
  facet normal -0.404312 0.605092 0.685854
    outer loop
      vertex 6.8 8.88231 3.2
      vertex 7.19154 9.14393 3.2
      vertex 5.95 10.3546 1.4
    endloop
  endfacet
  facet normal 0.605081 -0.404346 0.685844
    outer loop
      vertex 3.35455 12.95 1.4
      vertex 2.14393 14.1915 3.2
      vertex 1.88231 13.8 3.2
    endloop
  endfacet
  facet normal -0.652679 0.321904 0.685849
    outer loop
      vertex 8.11769 10.2 3.2
      vertex 8.32597 10.6223 3.2
      vertex 6.75537 11.2729 1.4
    endloop
  endfacet
  facet normal -0.479845 0.547149 0.68584
    outer loop
      vertex 7.19154 9.14393 3.2
      vertex 7.54558 9.45442 3.2
      vertex 6.15665 10.4926 1.4
    endloop
  endfacet
  facet normal 0.72619 -0.0475988 0.685844
    outer loop
      vertex 3.11625 12.248 1.4
      vertex 1.4308 12.4699 3.2
      vertex 1.4 12 3.2
    endloop
  endfacet
  facet normal -0.689141 0.233875 0.685847
    outer loop
      vertex 8.32597 10.6223 3.2
      vertex 8.47733 11.0683 3.2
      vertex 6.75537 11.2729 1.4
    endloop
  endfacet
  facet normal -0.72619 0.047583 0.685846
    outer loop
      vertex 8.6 12 3.2
      vertex 6.9 12 1.4
      vertex 6.88375 11.752 1.4
    endloop
  endfacet
  facet normal 0.689119 0.233972 0.685837
    outer loop
      vertex 3.24463 11.2729 1.4
      vertex 3.16474 11.5082 1.4
      vertex 1.52267 11.0683 3.2
    endloop
  endfacet
  facet normal -0.321906 -0.652682 0.685845
    outer loop
      vertex 6.8 15.1177 3.2
      vertex 6.37766 15.326 3.2
      vertex 5.7271 13.7554 1.4
    endloop
  endfacet
  facet normal 0.404158 -0.605212 0.685838
    outer loop
      vertex 3.84335 13.5074 1.4
      vertex 4.05 13.6454 1.4
      vertex 2.80846 14.8561 3.2
    endloop
  endfacet
  facet normal 0.0475991 -0.72618 0.685855
    outer loop
      vertex 4.752 13.8837 1.4
      vertex 5 15.6 3.2
      vertex 4.53011 15.5692 3.2
    endloop
  endfacet
  facet normal -0.713762 0.141995 0.685844
    outer loop
      vertex 8.47733 11.0683 3.2
      vertex 8.5692 11.5301 3.2
      vertex 6.88375 11.752 1.4
    endloop
  endfacet
  facet normal -0.713771 -0.141964 0.68584
    outer loop
      vertex 6.88375 12.248 1.4
      vertex 8.47733 12.9317 3.2
      vertex 6.83526 12.4918 1.4
    endloop
  endfacet
  facet normal -0.233836 -0.689159 0.685843
    outer loop
      vertex 6.37766 15.326 3.2
      vertex 5.93175 15.4773 3.2
      vertex 5.7271 13.7554 1.4
    endloop
  endfacet
  facet normal 0.72619 0.047583 0.685846
    outer loop
      vertex 3.11625 11.752 1.4
      vertex 3.1 12 1.4
      vertex 1.4 12 3.2
    endloop
  endfacet
  facet normal -0.479895 -0.547092 0.685851
    outer loop
      vertex 6.3435 13.3435 1.4
      vertex 7.54558 14.5456 3.2
      vertex 6.15665 13.5074 1.4
    endloop
  endfacet
  facet normal 0.14202 -0.713748 0.685853
    outer loop
      vertex 4.752 13.8837 1.4
      vertex 4.53011 15.5692 3.2
      vertex 4.06825 15.4773 3.2
    endloop
  endfacet
  facet normal -0.322051 0.652593 0.685861
    outer loop
      vertex 6.8 8.88231 3.2
      vertex 5.95 10.3546 1.4
      vertex 5.7271 10.2446 1.4
    endloop
  endfacet
  facet normal -0.14202 -0.713748 0.685853
    outer loop
      vertex 5.93175 15.4773 3.2
      vertex 5.46989 15.5692 3.2
      vertex 5.248 13.8837 1.4
    endloop
  endfacet
  facet normal -0.713762 -0.141995 0.685844
    outer loop
      vertex 8.5692 12.4699 3.2
      vertex 8.47733 12.9317 3.2
      vertex 6.88375 12.248 1.4
    endloop
  endfacet
  facet normal 0.689119 -0.233972 0.685837
    outer loop
      vertex 3.16474 12.4918 1.4
      vertex 3.24463 12.7271 1.4
      vertex 1.52267 12.9317 3.2
    endloop
  endfacet
  facet normal -0.0477291 -0.726185 0.685841
    outer loop
      vertex 5.248 13.8837 1.4
      vertex 5 15.6 3.2
      vertex 5 13.9 1.4
    endloop
  endfacet
  facet normal -0.0475991 -0.72618 0.685855
    outer loop
      vertex 5.248 13.8837 1.4
      vertex 5.46989 15.5692 3.2
      vertex 5 15.6 3.2
    endloop
  endfacet
  facet normal -0.23392 0.689134 0.68584
    outer loop
      vertex 5.93175 8.52267 3.2
      vertex 6.37766 8.67403 3.2
      vertex 5.7271 10.2446 1.4
    endloop
  endfacet
  facet normal -0.141975 0.713755 0.685854
    outer loop
      vertex 5.46989 8.4308 3.2
      vertex 5.93175 8.52267 3.2
      vertex 5.248 10.1163 1.4
    endloop
  endfacet
  facet normal -0.547141 0.479838 0.685851
    outer loop
      vertex 7.54558 9.45442 3.2
      vertex 7.85607 9.80846 3.2
      vertex 6.50737 10.8434 1.4
    endloop
  endfacet
  facet normal -0.547205 0.479778 0.685842
    outer loop
      vertex 7.54558 9.45442 3.2
      vertex 6.50737 10.8434 1.4
      vertex 6.3435 10.6565 1.4
    endloop
  endfacet
  facet normal 0.404161 0.605216 0.685833
    outer loop
      vertex 4.05 10.3546 1.4
      vertex 3.84335 10.4926 1.4
      vertex 2.80846 9.14393 3.2
    endloop
  endfacet
  facet normal 0.547203 -0.479776 0.685845
    outer loop
      vertex 3.49263 13.1566 1.4
      vertex 3.6565 13.3435 1.4
      vertex 2.45442 14.5456 3.2
    endloop
  endfacet
  facet normal 0.547184 -0.479794 0.685848
    outer loop
      vertex 3.49263 13.1566 1.4
      vertex 2.45442 14.5456 3.2
      vertex 2.14393 14.1915 3.2
    endloop
  endfacet
  facet normal 0.6527 -0.32187 0.685845
    outer loop
      vertex 3.24463 12.7271 1.4
      vertex 3.35455 12.95 1.4
      vertex 1.88231 13.8 3.2
    endloop
  endfacet
  facet normal 0.32205 -0.652591 0.685863
    outer loop
      vertex 4.05 13.6454 1.4
      vertex 4.2729 13.7554 1.4
      vertex 3.2 15.1177 3.2
    endloop
  endfacet
  facet normal -0.6527 -0.32187 0.685845
    outer loop
      vertex 6.75537 12.7271 1.4
      vertex 8.11769 13.8 3.2
      vertex 6.64545 12.95 1.4
    endloop
  endfacet
  facet normal -0.479851 -0.547139 0.685844
    outer loop
      vertex 7.54558 14.5456 3.2
      vertex 7.19154 14.8561 3.2
      vertex 6.15665 13.5074 1.4
    endloop
  endfacet
  facet normal 0.652679 0.321904 0.685849
    outer loop
      vertex 1.88231 10.2 3.2
      vertex 3.24463 11.2729 1.4
      vertex 1.67403 10.6223 3.2
    endloop
  endfacet
  facet normal -0.233965 -0.689129 0.685829
    outer loop
      vertex 5.7271 13.7554 1.4
      vertex 5.93175 15.4773 3.2
      vertex 5.49176 13.8353 1.4
    endloop
  endfacet
  facet normal 0.605051 -0.404382 0.685849
    outer loop
      vertex 3.35455 12.95 1.4
      vertex 3.49263 13.1566 1.4
      vertex 2.14393 14.1915 3.2
    endloop
  endfacet
  facet normal -0.233964 0.689124 0.685835
    outer loop
      vertex 5.93175 8.52267 3.2
      vertex 5.7271 10.2446 1.4
      vertex 5.49176 10.1647 1.4
    endloop
  endfacet
  facet normal 0.605047 0.40438 0.685853
    outer loop
      vertex 3.49263 10.8434 1.4
      vertex 3.35455 11.05 1.4
      vertex 2.14393 9.80846 3.2
    endloop
  endfacet
  facet normal 0.0475991 0.72618 0.685855
    outer loop
      vertex 5 8.4 3.2
      vertex 4.752 10.1163 1.4
      vertex 4.53011 8.4308 3.2
    endloop
  endfacet
  facet normal 0.321883 0.652698 0.68584
    outer loop
      vertex 3.62234 8.67403 3.2
      vertex 4.2729 10.2446 1.4
      vertex 3.2 8.88231 3.2
    endloop
  endfacet
  facet normal -0.547203 -0.479776 0.685845
    outer loop
      vertex 6.50737 13.1566 1.4
      vertex 7.54558 14.5456 3.2
      vertex 6.3435 13.3435 1.4
    endloop
  endfacet
  facet normal -0.652679 -0.321904 0.685849
    outer loop
      vertex 8.32597 13.3777 3.2
      vertex 8.11769 13.8 3.2
      vertex 6.75537 12.7271 1.4
    endloop
  endfacet
  facet normal -0.689119 -0.233972 0.685837
    outer loop
      vertex 6.83526 12.4918 1.4
      vertex 8.47733 12.9317 3.2
      vertex 6.75537 12.7271 1.4
    endloop
  endfacet
  facet normal -0.547184 -0.479794 0.685848
    outer loop
      vertex 7.85607 14.1915 3.2
      vertex 7.54558 14.5456 3.2
      vertex 6.50737 13.1566 1.4
    endloop
  endfacet
  facet normal -0.605051 -0.404382 0.685849
    outer loop
      vertex 6.64545 12.95 1.4
      vertex 7.85607 14.1915 3.2
      vertex 6.50737 13.1566 1.4
    endloop
  endfacet
  facet normal -0.6527 0.32187 0.685845
    outer loop
      vertex 8.11769 10.2 3.2
      vertex 6.75537 11.2729 1.4
      vertex 6.64545 11.05 1.4
    endloop
  endfacet
  facet normal -0.141735 0.713829 0.685828
    outer loop
      vertex 5.93175 8.52267 3.2
      vertex 5.49176 10.1647 1.4
      vertex 5.248 10.1163 1.4
    endloop
  endfacet
  facet normal -0.605099 0.404317 0.685845
    outer loop
      vertex 7.85607 9.80846 3.2
      vertex 8.11769 10.2 3.2
      vertex 6.64545 11.05 1.4
    endloop
  endfacet
  facet normal -0.605047 0.40438 0.685853
    outer loop
      vertex 7.85607 9.80846 3.2
      vertex 6.64545 11.05 1.4
      vertex 6.50737 10.8434 1.4
    endloop
  endfacet
  facet normal -0.404158 -0.605212 0.685838
    outer loop
      vertex 6.15665 13.5074 1.4
      vertex 7.19154 14.8561 3.2
      vertex 5.95 13.6454 1.4
    endloop
  endfacet
  facet normal 0.233836 -0.689159 0.685843
    outer loop
      vertex 4.2729 13.7554 1.4
      vertex 4.06825 15.4773 3.2
      vertex 3.62234 15.326 3.2
    endloop
  endfacet
  facet normal 0.23392 0.689134 0.68584
    outer loop
      vertex 4.06825 8.52267 3.2
      vertex 4.2729 10.2446 1.4
      vertex 3.62234 8.67403 3.2
    endloop
  endfacet
  facet normal 0.6527 0.32187 0.685845
    outer loop
      vertex 3.35455 11.05 1.4
      vertex 3.24463 11.2729 1.4
      vertex 1.88231 10.2 3.2
    endloop
  endfacet
  facet normal 0.605099 0.404317 0.685845
    outer loop
      vertex 2.14393 9.80846 3.2
      vertex 3.35455 11.05 1.4
      vertex 1.88231 10.2 3.2
    endloop
  endfacet
  facet normal 0.713771 0.141964 0.68584
    outer loop
      vertex 3.16474 11.5082 1.4
      vertex 3.11625 11.752 1.4
      vertex 1.52267 11.0683 3.2
    endloop
  endfacet
  facet normal 0.141736 -0.713835 0.685822
    outer loop
      vertex 4.50824 13.8353 1.4
      vertex 4.752 13.8837 1.4
      vertex 4.06825 15.4773 3.2
    endloop
  endfacet
  facet normal 0.547205 0.479778 0.685842
    outer loop
      vertex 3.6565 10.6565 1.4
      vertex 3.49263 10.8434 1.4
      vertex 2.45442 9.45442 3.2
    endloop
  endfacet
  facet normal 0.547141 0.479838 0.685851
    outer loop
      vertex 2.45442 9.45442 3.2
      vertex 3.49263 10.8434 1.4
      vertex 2.14393 9.80846 3.2
    endloop
  endfacet
  facet normal 0 0 -1
    outer loop
      vertex 6.9 12 3.2
      vertex 8.6 12 3.2
      vertex 8.5692 11.5301 3.2
    endloop
  endfacet
  facet normal 0 0 -1
    outer loop
      vertex 6.88375 11.752 3.2
      vertex 8.5692 11.5301 3.2
      vertex 8.47733 11.0683 3.2
    endloop
  endfacet
  facet normal 0 0 -1
    outer loop
      vertex 8.6 12 3.2
      vertex 6.9 12 3.2
      vertex 8.5692 12.4699 3.2
    endloop
  endfacet
  facet normal 0 0 -1
    outer loop
      vertex 6.83526 11.5082 3.2
      vertex 8.47733 11.0683 3.2
      vertex 8.32597 10.6223 3.2
    endloop
  endfacet
  facet normal 0 0 -1
    outer loop
      vertex 6.88375 12.248 3.2
      vertex 8.5692 12.4699 3.2
      vertex 6.9 12 3.2
    endloop
  endfacet
  facet normal 0 0 -1
    outer loop
      vertex 6.75537 11.2729 3.2
      vertex 8.32597 10.6223 3.2
      vertex 8.11769 10.2 3.2
    endloop
  endfacet
  facet normal -0 0 -1
    outer loop
      vertex 8.5692 12.4699 3.2
      vertex 6.88375 12.248 3.2
      vertex 8.47733 12.9317 3.2
    endloop
  endfacet
  facet normal 0 0 -1
    outer loop
      vertex 6.64545 11.05 3.2
      vertex 8.11769 10.2 3.2
      vertex 7.85607 9.80846 3.2
    endloop
  endfacet
  facet normal 0 0 -1
    outer loop
      vertex 6.83526 12.4918 3.2
      vertex 8.47733 12.9317 3.2
      vertex 6.88375 12.248 3.2
    endloop
  endfacet
  facet normal 0 0 -1
    outer loop
      vertex 6.50737 10.8434 3.2
      vertex 7.85607 9.80846 3.2
      vertex 7.54558 9.45442 3.2
    endloop
  endfacet
  facet normal -0 0 -1
    outer loop
      vertex 8.47733 12.9317 3.2
      vertex 6.83526 12.4918 3.2
      vertex 8.32597 13.3777 3.2
    endloop
  endfacet
  facet normal 0 0 -1
    outer loop
      vertex 6.3435 10.6565 3.2
      vertex 7.54558 9.45442 3.2
      vertex 7.19154 9.14393 3.2
    endloop
  endfacet
  facet normal 0 0 -1
    outer loop
      vertex 6.75537 12.7271 3.2
      vertex 8.32597 13.3777 3.2
      vertex 6.83526 12.4918 3.2
    endloop
  endfacet
  facet normal -0 0 -1
    outer loop
      vertex 8.32597 13.3777 3.2
      vertex 6.75537 12.7271 3.2
      vertex 8.11769 13.8 3.2
    endloop
  endfacet
  facet normal 0 0 -1
    outer loop
      vertex 8.5692 11.5301 3.2
      vertex 6.88375 11.752 3.2
      vertex 6.9 12 3.2
    endloop
  endfacet
  facet normal 0 0 -1
    outer loop
      vertex 8.47733 11.0683 3.2
      vertex 6.83526 11.5082 3.2
      vertex 6.88375 11.752 3.2
    endloop
  endfacet
  facet normal 0 0 -1
    outer loop
      vertex 6.15665 10.4926 3.2
      vertex 7.19154 9.14393 3.2
      vertex 6.8 8.88231 3.2
    endloop
  endfacet
  facet normal 0 0 -1
    outer loop
      vertex 8.32597 10.6223 3.2
      vertex 6.75537 11.2729 3.2
      vertex 6.83526 11.5082 3.2
    endloop
  endfacet
  facet normal 0 0 -1
    outer loop
      vertex 8.11769 10.2 3.2
      vertex 6.64545 11.05 3.2
      vertex 6.75537 11.2729 3.2
    endloop
  endfacet
  facet normal 0 0 -1
    outer loop
      vertex 7.85607 9.80846 3.2
      vertex 6.50737 10.8434 3.2
      vertex 6.64545 11.05 3.2
    endloop
  endfacet
  facet normal 0 0 -1
    outer loop
      vertex 5.95 10.3546 3.2
      vertex 6.8 8.88231 3.2
      vertex 6.37766 8.67403 3.2
    endloop
  endfacet
  facet normal 0 0 -1
    outer loop
      vertex 7.54558 9.45442 3.2
      vertex 6.3435 10.6565 3.2
      vertex 6.50737 10.8434 3.2
    endloop
  endfacet
  facet normal 0 0 -1
    outer loop
      vertex 7.19154 9.14393 3.2
      vertex 6.15665 10.4926 3.2
      vertex 6.3435 10.6565 3.2
    endloop
  endfacet
  facet normal 0 0 -1
    outer loop
      vertex 6.8 8.88231 3.2
      vertex 5.95 10.3546 3.2
      vertex 6.15665 10.4926 3.2
    endloop
  endfacet
  facet normal 0 0 -1
    outer loop
      vertex 5.7271 10.2446 3.2
      vertex 6.37766 8.67403 3.2
      vertex 5.93175 8.52267 3.2
    endloop
  endfacet
  facet normal 0 0 -1
    outer loop
      vertex 6.37766 8.67403 3.2
      vertex 5.7271 10.2446 3.2
      vertex 5.95 10.3546 3.2
    endloop
  endfacet
  facet normal 0 0 -1
    outer loop
      vertex 5.93175 8.52267 3.2
      vertex 5.49176 10.1647 3.2
      vertex 5.7271 10.2446 3.2
    endloop
  endfacet
  facet normal 0 0 -1
    outer loop
      vertex 5.46989 8.4308 3.2
      vertex 5.49176 10.1647 3.2
      vertex 5.93175 8.52267 3.2
    endloop
  endfacet
  facet normal 0 0 -1
    outer loop
      vertex 5.46989 8.4308 3.2
      vertex 5.248 10.1163 3.2
      vertex 5.49176 10.1647 3.2
    endloop
  endfacet
  facet normal 0 0 -1
    outer loop
      vertex 5 8.4 3.2
      vertex 5.248 10.1163 3.2
      vertex 5.46989 8.4308 3.2
    endloop
  endfacet
  facet normal 0 0 -1
    outer loop
      vertex 5 8.4 3.2
      vertex 5 10.1 3.2
      vertex 5.248 10.1163 3.2
    endloop
  endfacet
  facet normal 0 0 -1
    outer loop
      vertex 5 8.4 3.2
      vertex 4.752 10.1163 3.2
      vertex 5 10.1 3.2
    endloop
  endfacet
  facet normal 0 0 -1
    outer loop
      vertex 4.53011 8.4308 3.2
      vertex 4.752 10.1163 3.2
      vertex 5 8.4 3.2
    endloop
  endfacet
  facet normal 0 0 -1
    outer loop
      vertex 4.53011 8.4308 3.2
      vertex 4.50824 10.1647 3.2
      vertex 4.752 10.1163 3.2
    endloop
  endfacet
  facet normal 0 0 -1
    outer loop
      vertex 4.06825 8.52267 3.2
      vertex 4.50824 10.1647 3.2
      vertex 4.53011 8.4308 3.2
    endloop
  endfacet
  facet normal -0 0 -1
    outer loop
      vertex 4.50824 10.1647 3.2
      vertex 4.06825 8.52267 3.2
      vertex 4.2729 10.2446 3.2
    endloop
  endfacet
  facet normal 0 0 -1
    outer loop
      vertex 3.62234 8.67403 3.2
      vertex 4.2729 10.2446 3.2
      vertex 4.06825 8.52267 3.2
    endloop
  endfacet
  facet normal -0 0 -1
    outer loop
      vertex 4.2729 10.2446 3.2
      vertex 3.62234 8.67403 3.2
      vertex 4.05 10.3546 3.2
    endloop
  endfacet
  facet normal 0 0 -1
    outer loop
      vertex 3.2 8.88231 3.2
      vertex 4.05 10.3546 3.2
      vertex 3.62234 8.67403 3.2
    endloop
  endfacet
  facet normal -0 0 -1
    outer loop
      vertex 4.05 10.3546 3.2
      vertex 3.2 8.88231 3.2
      vertex 3.84335 10.4926 3.2
    endloop
  endfacet
  facet normal 0 0 -1
    outer loop
      vertex 2.80846 9.14393 3.2
      vertex 3.84335 10.4926 3.2
      vertex 3.2 8.88231 3.2
    endloop
  endfacet
  facet normal -0 0 -1
    outer loop
      vertex 3.84335 10.4926 3.2
      vertex 2.80846 9.14393 3.2
      vertex 3.6565 10.6565 3.2
    endloop
  endfacet
  facet normal 0 0 -1
    outer loop
      vertex 2.45442 9.45442 3.2
      vertex 3.6565 10.6565 3.2
      vertex 2.80846 9.14393 3.2
    endloop
  endfacet
  facet normal -0 0 -1
    outer loop
      vertex 3.6565 10.6565 3.2
      vertex 2.45442 9.45442 3.2
      vertex 3.49263 10.8434 3.2
    endloop
  endfacet
  facet normal 0 0 -1
    outer loop
      vertex 2.14393 9.80846 3.2
      vertex 3.49263 10.8434 3.2
      vertex 2.45442 9.45442 3.2
    endloop
  endfacet
  facet normal -0 0 -1
    outer loop
      vertex 3.49263 10.8434 3.2
      vertex 2.14393 9.80846 3.2
      vertex 3.35455 11.05 3.2
    endloop
  endfacet
  facet normal 0 0 -1
    outer loop
      vertex 1.88231 10.2 3.2
      vertex 3.35455 11.05 3.2
      vertex 2.14393 9.80846 3.2
    endloop
  endfacet
  facet normal -0 0 -1
    outer loop
      vertex 3.35455 11.05 3.2
      vertex 1.88231 10.2 3.2
      vertex 3.24463 11.2729 3.2
    endloop
  endfacet
  facet normal 0 0 -1
    outer loop
      vertex 6.64545 12.95 3.2
      vertex 8.11769 13.8 3.2
      vertex 6.75537 12.7271 3.2
    endloop
  endfacet
  facet normal -0 0 -1
    outer loop
      vertex 8.11769 13.8 3.2
      vertex 6.64545 12.95 3.2
      vertex 7.85607 14.1915 3.2
    endloop
  endfacet
  facet normal 0 0 -1
    outer loop
      vertex 6.50737 13.1566 3.2
      vertex 7.85607 14.1915 3.2
      vertex 6.64545 12.95 3.2
    endloop
  endfacet
  facet normal -0 0 -1
    outer loop
      vertex 7.85607 14.1915 3.2
      vertex 6.50737 13.1566 3.2
      vertex 7.54558 14.5456 3.2
    endloop
  endfacet
  facet normal 0 0 -1
    outer loop
      vertex 6.3435 13.3435 3.2
      vertex 7.54558 14.5456 3.2
      vertex 6.50737 13.1566 3.2
    endloop
  endfacet
  facet normal -0 0 -1
    outer loop
      vertex 7.54558 14.5456 3.2
      vertex 6.3435 13.3435 3.2
      vertex 7.19154 14.8561 3.2
    endloop
  endfacet
  facet normal 0 0 -1
    outer loop
      vertex 6.15665 13.5074 3.2
      vertex 7.19154 14.8561 3.2
      vertex 6.3435 13.3435 3.2
    endloop
  endfacet
  facet normal -0 0 -1
    outer loop
      vertex 7.19154 14.8561 3.2
      vertex 6.15665 13.5074 3.2
      vertex 6.8 15.1177 3.2
    endloop
  endfacet
  facet normal 0 0 -1
    outer loop
      vertex 5.95 13.6454 3.2
      vertex 6.8 15.1177 3.2
      vertex 6.15665 13.5074 3.2
    endloop
  endfacet
  facet normal -0 0 -1
    outer loop
      vertex 6.8 15.1177 3.2
      vertex 5.95 13.6454 3.2
      vertex 6.37766 15.326 3.2
    endloop
  endfacet
  facet normal 0 0 -1
    outer loop
      vertex 5.7271 13.7554 3.2
      vertex 6.37766 15.326 3.2
      vertex 5.95 13.6454 3.2
    endloop
  endfacet
  facet normal -0 0 -1
    outer loop
      vertex 6.37766 15.326 3.2
      vertex 5.7271 13.7554 3.2
      vertex 5.93175 15.4773 3.2
    endloop
  endfacet
  facet normal 0 0 -1
    outer loop
      vertex 5.49176 13.8353 3.2
      vertex 5.93175 15.4773 3.2
      vertex 5.7271 13.7554 3.2
    endloop
  endfacet
  facet normal 0 0 -1
    outer loop
      vertex 5.49176 13.8353 3.2
      vertex 5.46989 15.5692 3.2
      vertex 5.93175 15.4773 3.2
    endloop
  endfacet
  facet normal 0 0 -1
    outer loop
      vertex 5.248 13.8837 3.2
      vertex 5.46989 15.5692 3.2
      vertex 5.49176 13.8353 3.2
    endloop
  endfacet
  facet normal 0 0 -1
    outer loop
      vertex 5 13.9 3.2
      vertex 5.46989 15.5692 3.2
      vertex 5.248 13.8837 3.2
    endloop
  endfacet
  facet normal 0 0 -1
    outer loop
      vertex 5 13.9 3.2
      vertex 5 15.6 3.2
      vertex 5.46989 15.5692 3.2
    endloop
  endfacet
  facet normal 0 0 -1
    outer loop
      vertex 4.752 13.8837 3.2
      vertex 5 15.6 3.2
      vertex 5 13.9 3.2
    endloop
  endfacet
  facet normal 0 0 -1
    outer loop
      vertex 4.752 13.8837 3.2
      vertex 4.53011 15.5692 3.2
      vertex 5 15.6 3.2
    endloop
  endfacet
  facet normal 0 0 -1
    outer loop
      vertex 4.50824 13.8353 3.2
      vertex 4.53011 15.5692 3.2
      vertex 4.752 13.8837 3.2
    endloop
  endfacet
  facet normal 0 0 -1
    outer loop
      vertex 4.06825 15.4773 3.2
      vertex 4.50824 13.8353 3.2
      vertex 4.2729 13.7554 3.2
    endloop
  endfacet
  facet normal 0 0 -1
    outer loop
      vertex 4.50824 13.8353 3.2
      vertex 4.06825 15.4773 3.2
      vertex 4.53011 15.5692 3.2
    endloop
  endfacet
  facet normal 0 0 -1
    outer loop
      vertex 3.62234 15.326 3.2
      vertex 4.2729 13.7554 3.2
      vertex 4.05 13.6454 3.2
    endloop
  endfacet
  facet normal 0 0 -1
    outer loop
      vertex 3.2 15.1177 3.2
      vertex 4.05 13.6454 3.2
      vertex 3.84335 13.5074 3.2
    endloop
  endfacet
  facet normal 0 0 -1
    outer loop
      vertex 2.80846 14.8561 3.2
      vertex 3.84335 13.5074 3.2
      vertex 3.6565 13.3435 3.2
    endloop
  endfacet
  facet normal 0 0 -1
    outer loop
      vertex 4.2729 13.7554 3.2
      vertex 3.62234 15.326 3.2
      vertex 4.06825 15.4773 3.2
    endloop
  endfacet
  facet normal 0 0 -1
    outer loop
      vertex 2.45442 14.5456 3.2
      vertex 3.6565 13.3435 3.2
      vertex 3.49263 13.1566 3.2
    endloop
  endfacet
  facet normal 0 0 -1
    outer loop
      vertex 2.14393 14.1915 3.2
      vertex 3.49263 13.1566 3.2
      vertex 3.35455 12.95 3.2
    endloop
  endfacet
  facet normal 0 0 -1
    outer loop
      vertex 1.88231 13.8 3.2
      vertex 3.35455 12.95 3.2
      vertex 3.24463 12.7271 3.2
    endloop
  endfacet
  facet normal 0 0 -1
    outer loop
      vertex 4.05 13.6454 3.2
      vertex 3.2 15.1177 3.2
      vertex 3.62234 15.326 3.2
    endloop
  endfacet
  facet normal 0 0 -1
    outer loop
      vertex 1.67403 13.3777 3.2
      vertex 3.24463 12.7271 3.2
      vertex 3.16474 12.4918 3.2
    endloop
  endfacet
  facet normal 0 0 -1
    outer loop
      vertex 1.52267 12.9317 3.2
      vertex 3.16474 12.4918 3.2
      vertex 3.11625 12.248 3.2
    endloop
  endfacet
  facet normal 0 0 -1
    outer loop
      vertex 1.4308 12.4699 3.2
      vertex 3.11625 12.248 3.2
      vertex 3.1 12 3.2
    endloop
  endfacet
  facet normal 0 0 -1
    outer loop
      vertex 1.67403 10.6223 3.2
      vertex 3.24463 11.2729 3.2
      vertex 1.88231 10.2 3.2
    endloop
  endfacet
  facet normal 0 0 -1
    outer loop
      vertex 3.84335 13.5074 3.2
      vertex 2.80846 14.8561 3.2
      vertex 3.2 15.1177 3.2
    endloop
  endfacet
  facet normal -0 0 -1
    outer loop
      vertex 3.24463 11.2729 3.2
      vertex 1.67403 10.6223 3.2
      vertex 3.16474 11.5082 3.2
    endloop
  endfacet
  facet normal 0 0 -1
    outer loop
      vertex 3.6565 13.3435 3.2
      vertex 2.45442 14.5456 3.2
      vertex 2.80846 14.8561 3.2
    endloop
  endfacet
  facet normal 0 0 -1
    outer loop
      vertex 1.52267 11.0683 3.2
      vertex 3.16474 11.5082 3.2
      vertex 1.67403 10.6223 3.2
    endloop
  endfacet
  facet normal 0 0 -1
    outer loop
      vertex 3.49263 13.1566 3.2
      vertex 2.14393 14.1915 3.2
      vertex 2.45442 14.5456 3.2
    endloop
  endfacet
  facet normal -0 0 -1
    outer loop
      vertex 3.16474 11.5082 3.2
      vertex 1.52267 11.0683 3.2
      vertex 3.11625 11.752 3.2
    endloop
  endfacet
  facet normal 0 0 -1
    outer loop
      vertex 3.35455 12.95 3.2
      vertex 1.88231 13.8 3.2
      vertex 2.14393 14.1915 3.2
    endloop
  endfacet
  facet normal 0 0 -1
    outer loop
      vertex 1.4308 11.5301 3.2
      vertex 3.11625 11.752 3.2
      vertex 1.52267 11.0683 3.2
    endloop
  endfacet
  facet normal 0 0 -1
    outer loop
      vertex 3.24463 12.7271 3.2
      vertex 1.67403 13.3777 3.2
      vertex 1.88231 13.8 3.2
    endloop
  endfacet
  facet normal -0 0 -1
    outer loop
      vertex 3.11625 11.752 3.2
      vertex 1.4308 11.5301 3.2
      vertex 3.1 12 3.2
    endloop
  endfacet
  facet normal 0 0 -1
    outer loop
      vertex 3.16474 12.4918 3.2
      vertex 1.52267 12.9317 3.2
      vertex 1.67403 13.3777 3.2
    endloop
  endfacet
  facet normal 0 0 -1
    outer loop
      vertex 1.4 12 3.2
      vertex 3.1 12 3.2
      vertex 1.4308 11.5301 3.2
    endloop
  endfacet
  facet normal 0 0 -1
    outer loop
      vertex 3.11625 12.248 3.2
      vertex 1.4308 12.4699 3.2
      vertex 1.52267 12.9317 3.2
    endloop
  endfacet
  facet normal 0 0 -1
    outer loop
      vertex 3.1 12 3.2
      vertex 1.4 12 3.2
      vertex 1.4308 12.4699 3.2
    endloop
  endfacet
  facet normal 0.141975 0.713755 0.685854
    outer loop
      vertex 4.53011 8.4308 3.2
      vertex 4.752 10.1163 1.4
      vertex 4.06825 8.52267 3.2
    endloop
  endfacet
  facet normal 0.141735 0.713829 0.685828
    outer loop
      vertex 4.752 10.1163 1.4
      vertex 4.50824 10.1647 1.4
      vertex 4.06825 8.52267 3.2
    endloop
  endfacet
  facet normal 0.233965 -0.689129 0.685829
    outer loop
      vertex 4.2729 13.7554 1.4
      vertex 4.50824 13.8353 1.4
      vertex 4.06825 15.4773 3.2
    endloop
  endfacet
  facet normal 0.322051 0.652593 0.685861
    outer loop
      vertex 4.2729 10.2446 1.4
      vertex 4.05 10.3546 1.4
      vertex 3.2 8.88231 3.2
    endloop
  endfacet
  facet normal 0.404312 0.605092 0.685854
    outer loop
      vertex 3.2 8.88231 3.2
      vertex 4.05 10.3546 1.4
      vertex 2.80846 9.14393 3.2
    endloop
  endfacet
  facet normal -0.194723 -0.980858 0
    outer loop
      vertex 53.248 13.8837 0
      vertex 53.4918 13.8353 1.4
      vertex 53.248 13.8837 1.4
    endloop
  endfacet
  facet normal -0.194723 -0.980858 -0
    outer loop
      vertex 53.4918 13.8353 1.4
      vertex 53.248 13.8837 0
      vertex 53.4918 13.8353 0
    endloop
  endfacet
  facet normal -0.194723 -0.980858 0
    outer loop
      vertex 53.248 13.8837 3.2
      vertex 53.4918 13.8353 4
      vertex 53.248 13.8837 4
    endloop
  endfacet
  facet normal -0.194723 -0.980858 -0
    outer loop
      vertex 53.4918 13.8353 4
      vertex 53.248 13.8837 3.2
      vertex 53.4918 13.8353 3.2
    endloop
  endfacet
  facet normal -0.980858 -0.194723 0
    outer loop
      vertex 54.8837 12.248 0
      vertex 54.8353 12.4918 1.4
      vertex 54.8353 12.4918 0
    endloop
  endfacet
  facet normal -0.980858 -0.194723 0
    outer loop
      vertex 54.8353 12.4918 1.4
      vertex 54.8837 12.248 0
      vertex 54.8837 12.248 1.4
    endloop
  endfacet
  facet normal -0.980858 -0.194723 0
    outer loop
      vertex 54.8837 12.248 3.2
      vertex 54.8353 12.4918 4
      vertex 54.8353 12.4918 3.2
    endloop
  endfacet
  facet normal -0.980858 -0.194723 0
    outer loop
      vertex 54.8353 12.4918 4
      vertex 54.8837 12.248 3.2
      vertex 54.8837 12.248 4
    endloop
  endfacet
  facet normal -0.997847 -0.0655843 0
    outer loop
      vertex 54.9 12 0
      vertex 54.8837 12.248 1.4
      vertex 54.8837 12.248 0
    endloop
  endfacet
  facet normal -0.997847 -0.0655843 0
    outer loop
      vertex 54.8837 12.248 1.4
      vertex 54.9 12 0
      vertex 54.9 12 1.4
    endloop
  endfacet
  facet normal -0.997847 -0.0655843 0
    outer loop
      vertex 54.9 12 3.2
      vertex 54.8837 12.248 4
      vertex 54.8837 12.248 3.2
    endloop
  endfacet
  facet normal -0.997847 -0.0655843 0
    outer loop
      vertex 54.8837 12.248 4
      vertex 54.9 12 3.2
      vertex 54.9 12 4
    endloop
  endfacet
  facet normal -0.946898 -0.321535 0
    outer loop
      vertex 54.8353 12.4918 0
      vertex 54.7554 12.7271 1.4
      vertex 54.7554 12.7271 0
    endloop
  endfacet
  facet normal -0.946898 -0.321535 0
    outer loop
      vertex 54.7554 12.7271 1.4
      vertex 54.8353 12.4918 0
      vertex 54.8353 12.4918 1.4
    endloop
  endfacet
  facet normal -0.946898 -0.321535 0
    outer loop
      vertex 54.8353 12.4918 3.2
      vertex 54.7554 12.7271 4
      vertex 54.7554 12.7271 3.2
    endloop
  endfacet
  facet normal -0.946898 -0.321535 0
    outer loop
      vertex 54.7554 12.7271 4
      vertex 54.8353 12.4918 3.2
      vertex 54.8353 12.4918 4
    endloop
  endfacet
  facet normal -0.831555 -0.555443 0
    outer loop
      vertex 54.6454 12.95 0
      vertex 54.5074 13.1566 1.4
      vertex 54.5074 13.1566 0
    endloop
  endfacet
  facet normal -0.831555 -0.555443 0
    outer loop
      vertex 54.5074 13.1566 1.4
      vertex 54.6454 12.95 0
      vertex 54.6454 12.95 1.4
    endloop
  endfacet
  facet normal -0.831555 -0.555443 0
    outer loop
      vertex 54.6454 12.95 3.2
      vertex 54.5074 13.1566 4
      vertex 54.5074 13.1566 3.2
    endloop
  endfacet
  facet normal -0.831555 -0.555443 0
    outer loop
      vertex 54.5074 13.1566 4
      vertex 54.6454 12.95 3.2
      vertex 54.6454 12.95 4
    endloop
  endfacet
  facet normal -0.321535 -0.946898 0
    outer loop
      vertex 53.4918 13.8353 3.2
      vertex 53.7271 13.7554 4
      vertex 53.4918 13.8353 4
    endloop
  endfacet
  facet normal -0.321535 -0.946898 -0
    outer loop
      vertex 53.7271 13.7554 4
      vertex 53.4918 13.8353 3.2
      vertex 53.7271 13.7554 3.2
    endloop
  endfacet
  facet normal -0.321535 -0.946898 0
    outer loop
      vertex 53.4918 13.8353 0
      vertex 53.7271 13.7554 1.4
      vertex 53.4918 13.8353 1.4
    endloop
  endfacet
  facet normal -0.321535 -0.946898 -0
    outer loop
      vertex 53.7271 13.7554 1.4
      vertex 53.4918 13.8353 0
      vertex 53.7271 13.7554 0
    endloop
  endfacet
  facet normal 0.980858 0.194723 0
    outer loop
      vertex 51.1647 11.5082 1.4
      vertex 51.1163 11.752 0
      vertex 51.1163 11.752 1.4
    endloop
  endfacet
  facet normal 0.980858 0.194723 0
    outer loop
      vertex 51.1163 11.752 0
      vertex 51.1647 11.5082 1.4
      vertex 51.1647 11.5082 0
    endloop
  endfacet
  facet normal 0.980858 0.194723 0
    outer loop
      vertex 51.1647 11.5082 4
      vertex 51.1163 11.752 3.2
      vertex 51.1163 11.752 4
    endloop
  endfacet
  facet normal 0.980858 0.194723 0
    outer loop
      vertex 51.1163 11.752 3.2
      vertex 51.1647 11.5082 4
      vertex 51.1647 11.5082 3.2
    endloop
  endfacet
  facet normal -0.997847 0.0655843 0
    outer loop
      vertex 54.8837 11.752 0
      vertex 54.9 12 1.4
      vertex 54.9 12 0
    endloop
  endfacet
  facet normal -0.997847 0.0655843 0
    outer loop
      vertex 54.9 12 1.4
      vertex 54.8837 11.752 0
      vertex 54.8837 11.752 1.4
    endloop
  endfacet
  facet normal -0.997847 0.0655843 0
    outer loop
      vertex 54.8837 11.752 3.2
      vertex 54.9 12 4
      vertex 54.9 12 3.2
    endloop
  endfacet
  facet normal -0.997847 0.0655843 0
    outer loop
      vertex 54.9 12 4
      vertex 54.8837 11.752 3.2
      vertex 54.8837 11.752 4
    endloop
  endfacet
  facet normal 0.997847 0.0655843 0
    outer loop
      vertex 51.1163 11.752 1.4
      vertex 51.1 12 0
      vertex 51.1 12 1.4
    endloop
  endfacet
  facet normal 0.997847 0.0655843 0
    outer loop
      vertex 51.1 12 0
      vertex 51.1163 11.752 1.4
      vertex 51.1163 11.752 0
    endloop
  endfacet
  facet normal 0.997847 0.0655843 0
    outer loop
      vertex 51.1163 11.752 4
      vertex 51.1 12 3.2
      vertex 51.1 12 4
    endloop
  endfacet
  facet normal 0.997847 0.0655843 0
    outer loop
      vertex 51.1 12 3.2
      vertex 51.1163 11.752 4
      vertex 51.1163 11.752 3.2
    endloop
  endfacet
  facet normal 0.321535 0.946898 -0
    outer loop
      vertex 52.5082 10.1647 3.2
      vertex 52.2729 10.2446 4
      vertex 52.5082 10.1647 4
    endloop
  endfacet
  facet normal 0.321535 0.946898 0
    outer loop
      vertex 52.2729 10.2446 4
      vertex 52.5082 10.1647 3.2
      vertex 52.2729 10.2446 3.2
    endloop
  endfacet
  facet normal 0.321535 0.946898 -0
    outer loop
      vertex 52.5082 10.1647 0
      vertex 52.2729 10.2446 1.4
      vertex 52.5082 10.1647 1.4
    endloop
  endfacet
  facet normal 0.321535 0.946898 0
    outer loop
      vertex 52.2729 10.2446 1.4
      vertex 52.5082 10.1647 0
      vertex 52.2729 10.2446 0
    endloop
  endfacet
  facet normal -0.896748 -0.442541 0
    outer loop
      vertex 54.7554 12.7271 0
      vertex 54.6454 12.95 1.4
      vertex 54.6454 12.95 0
    endloop
  endfacet
  facet normal -0.896748 -0.442541 0
    outer loop
      vertex 54.6454 12.95 1.4
      vertex 54.7554 12.7271 0
      vertex 54.7554 12.7271 1.4
    endloop
  endfacet
  facet normal -0.896748 -0.442541 0
    outer loop
      vertex 54.7554 12.7271 3.2
      vertex 54.6454 12.95 4
      vertex 54.6454 12.95 3.2
    endloop
  endfacet
  facet normal -0.896748 -0.442541 0
    outer loop
      vertex 54.6454 12.95 4
      vertex 54.7554 12.7271 3.2
      vertex 54.7554 12.7271 4
    endloop
  endfacet
  facet normal -0.751854 -0.65933 0
    outer loop
      vertex 54.5074 13.1566 0
      vertex 54.3435 13.3435 1.4
      vertex 54.3435 13.3435 0
    endloop
  endfacet
  facet normal -0.751854 -0.65933 0
    outer loop
      vertex 54.3435 13.3435 1.4
      vertex 54.5074 13.1566 0
      vertex 54.5074 13.1566 1.4
    endloop
  endfacet
  facet normal -0.751854 -0.65933 0
    outer loop
      vertex 54.5074 13.1566 3.2
      vertex 54.3435 13.3435 4
      vertex 54.3435 13.3435 3.2
    endloop
  endfacet
  facet normal -0.751854 -0.65933 0
    outer loop
      vertex 54.3435 13.3435 4
      vertex 54.5074 13.1566 3.2
      vertex 54.5074 13.1566 4
    endloop
  endfacet
  facet normal -0.946898 0.321535 0
    outer loop
      vertex 54.7554 11.2729 3.2
      vertex 54.8353 11.5082 4
      vertex 54.8353 11.5082 3.2
    endloop
  endfacet
  facet normal -0.946898 0.321535 0
    outer loop
      vertex 54.8353 11.5082 4
      vertex 54.7554 11.2729 3.2
      vertex 54.7554 11.2729 4
    endloop
  endfacet
  facet normal -0.946898 0.321535 0
    outer loop
      vertex 54.7554 11.2729 0
      vertex 54.8353 11.5082 1.4
      vertex 54.8353 11.5082 0
    endloop
  endfacet
  facet normal -0.946898 0.321535 0
    outer loop
      vertex 54.8353 11.5082 1.4
      vertex 54.7554 11.2729 0
      vertex 54.7554 11.2729 1.4
    endloop
  endfacet
  facet normal 0.751854 0.65933 0
    outer loop
      vertex 51.6565 10.6565 4
      vertex 51.4926 10.8434 3.2
      vertex 51.4926 10.8434 4
    endloop
  endfacet
  facet normal 0.751854 0.65933 0
    outer loop
      vertex 51.4926 10.8434 3.2
      vertex 51.6565 10.6565 4
      vertex 51.6565 10.6565 3.2
    endloop
  endfacet
  facet normal 0.751854 0.65933 0
    outer loop
      vertex 51.6565 10.6565 1.4
      vertex 51.4926 10.8434 0
      vertex 51.4926 10.8434 1.4
    endloop
  endfacet
  facet normal 0.751854 0.65933 0
    outer loop
      vertex 51.4926 10.8434 0
      vertex 51.6565 10.6565 1.4
      vertex 51.6565 10.6565 0
    endloop
  endfacet
  facet normal -0.980858 0.194723 0
    outer loop
      vertex 54.8353 11.5082 3.2
      vertex 54.8837 11.752 4
      vertex 54.8837 11.752 3.2
    endloop
  endfacet
  facet normal -0.980858 0.194723 0
    outer loop
      vertex 54.8837 11.752 4
      vertex 54.8353 11.5082 3.2
      vertex 54.8353 11.5082 4
    endloop
  endfacet
  facet normal -0.980858 0.194723 0
    outer loop
      vertex 54.8353 11.5082 0
      vertex 54.8837 11.752 1.4
      vertex 54.8837 11.752 0
    endloop
  endfacet
  facet normal -0.980858 0.194723 0
    outer loop
      vertex 54.8837 11.752 1.4
      vertex 54.8353 11.5082 0
      vertex 54.8353 11.5082 1.4
    endloop
  endfacet
  facet normal -0.0655843 0.997847 0
    outer loop
      vertex 53.248 10.1163 0
      vertex 53 10.1 1.4
      vertex 53.248 10.1163 1.4
    endloop
  endfacet
  facet normal -0.0655843 0.997847 0
    outer loop
      vertex 53 10.1 1.4
      vertex 53.248 10.1163 0
      vertex 53 10.1 0
    endloop
  endfacet
  facet normal -0.0655843 0.997847 0
    outer loop
      vertex 53.248 10.1163 3.2
      vertex 53 10.1 4
      vertex 53.248 10.1163 4
    endloop
  endfacet
  facet normal -0.0655843 0.997847 0
    outer loop
      vertex 53 10.1 4
      vertex 53.248 10.1163 3.2
      vertex 53 10.1 3.2
    endloop
  endfacet
  facet normal 0.946898 0.321535 0
    outer loop
      vertex 51.2446 11.2729 1.4
      vertex 51.1647 11.5082 0
      vertex 51.1647 11.5082 1.4
    endloop
  endfacet
  facet normal 0.946898 0.321535 0
    outer loop
      vertex 51.1647 11.5082 0
      vertex 51.2446 11.2729 1.4
      vertex 51.2446 11.2729 0
    endloop
  endfacet
  facet normal 0.946898 0.321535 0
    outer loop
      vertex 51.2446 11.2729 4
      vertex 51.1647 11.5082 3.2
      vertex 51.1647 11.5082 4
    endloop
  endfacet
  facet normal 0.946898 0.321535 0
    outer loop
      vertex 51.1647 11.5082 3.2
      vertex 51.2446 11.2729 4
      vertex 51.2446 11.2729 3.2
    endloop
  endfacet
  facet normal -0.831555 0.555443 0
    outer loop
      vertex 54.5074 10.8434 0
      vertex 54.6454 11.05 1.4
      vertex 54.6454 11.05 0
    endloop
  endfacet
  facet normal -0.831555 0.555443 0
    outer loop
      vertex 54.6454 11.05 1.4
      vertex 54.5074 10.8434 0
      vertex 54.5074 10.8434 1.4
    endloop
  endfacet
  facet normal -0.831555 0.555443 0
    outer loop
      vertex 54.5074 10.8434 3.2
      vertex 54.6454 11.05 4
      vertex 54.6454 11.05 3.2
    endloop
  endfacet
  facet normal -0.831555 0.555443 0
    outer loop
      vertex 54.6454 11.05 4
      vertex 54.5074 10.8434 3.2
      vertex 54.5074 10.8434 4
    endloop
  endfacet
  facet normal -0.442541 -0.896748 0
    outer loop
      vertex 53.7271 13.7554 3.2
      vertex 53.95 13.6454 4
      vertex 53.7271 13.7554 4
    endloop
  endfacet
  facet normal -0.442541 -0.896748 -0
    outer loop
      vertex 53.95 13.6454 4
      vertex 53.7271 13.7554 3.2
      vertex 53.95 13.6454 3.2
    endloop
  endfacet
  facet normal -0.442541 -0.896748 0
    outer loop
      vertex 53.7271 13.7554 0
      vertex 53.95 13.6454 1.4
      vertex 53.7271 13.7554 1.4
    endloop
  endfacet
  facet normal -0.442541 -0.896748 -0
    outer loop
      vertex 53.95 13.6454 1.4
      vertex 53.7271 13.7554 0
      vertex 53.95 13.6454 0
    endloop
  endfacet
  facet normal 0.442541 -0.896748 0
    outer loop
      vertex 52.05 13.6454 0
      vertex 52.2729 13.7554 1.4
      vertex 52.05 13.6454 1.4
    endloop
  endfacet
  facet normal 0.442541 -0.896748 0
    outer loop
      vertex 52.2729 13.7554 1.4
      vertex 52.05 13.6454 0
      vertex 52.2729 13.7554 0
    endloop
  endfacet
  facet normal 0.442541 -0.896748 0
    outer loop
      vertex 52.05 13.6454 3.2
      vertex 52.2729 13.7554 4
      vertex 52.05 13.6454 4
    endloop
  endfacet
  facet normal 0.442541 -0.896748 0
    outer loop
      vertex 52.2729 13.7554 4
      vertex 52.05 13.6454 3.2
      vertex 52.2729 13.7554 3.2
    endloop
  endfacet
  facet normal -0.442541 0.896748 0
    outer loop
      vertex 53.95 10.3546 0
      vertex 53.7271 10.2446 1.4
      vertex 53.95 10.3546 1.4
    endloop
  endfacet
  facet normal -0.442541 0.896748 0
    outer loop
      vertex 53.7271 10.2446 1.4
      vertex 53.95 10.3546 0
      vertex 53.7271 10.2446 0
    endloop
  endfacet
  facet normal -0.442541 0.896748 0
    outer loop
      vertex 53.95 10.3546 3.2
      vertex 53.7271 10.2446 4
      vertex 53.95 10.3546 4
    endloop
  endfacet
  facet normal -0.442541 0.896748 0
    outer loop
      vertex 53.7271 10.2446 4
      vertex 53.95 10.3546 3.2
      vertex 53.7271 10.2446 3.2
    endloop
  endfacet
  facet normal -0.321535 0.946898 0
    outer loop
      vertex 53.7271 10.2446 0
      vertex 53.4918 10.1647 1.4
      vertex 53.7271 10.2446 1.4
    endloop
  endfacet
  facet normal -0.321535 0.946898 0
    outer loop
      vertex 53.4918 10.1647 1.4
      vertex 53.7271 10.2446 0
      vertex 53.4918 10.1647 0
    endloop
  endfacet
  facet normal -0.321535 0.946898 0
    outer loop
      vertex 53.7271 10.2446 3.2
      vertex 53.4918 10.1647 4
      vertex 53.7271 10.2446 4
    endloop
  endfacet
  facet normal -0.321535 0.946898 0
    outer loop
      vertex 53.4918 10.1647 4
      vertex 53.7271 10.2446 3.2
      vertex 53.4918 10.1647 3.2
    endloop
  endfacet
  facet normal 0.194723 0.980858 -0
    outer loop
      vertex 52.752 10.1163 3.2
      vertex 52.5082 10.1647 4
      vertex 52.752 10.1163 4
    endloop
  endfacet
  facet normal 0.194723 0.980858 0
    outer loop
      vertex 52.5082 10.1647 4
      vertex 52.752 10.1163 3.2
      vertex 52.5082 10.1647 3.2
    endloop
  endfacet
  facet normal 0.194723 0.980858 -0
    outer loop
      vertex 52.752 10.1163 0
      vertex 52.5082 10.1647 1.4
      vertex 52.752 10.1163 1.4
    endloop
  endfacet
  facet normal 0.194723 0.980858 0
    outer loop
      vertex 52.5082 10.1647 1.4
      vertex 52.752 10.1163 0
      vertex 52.5082 10.1647 0
    endloop
  endfacet
  facet normal 0.946898 -0.321535 0
    outer loop
      vertex 51.1647 12.4918 4
      vertex 51.2446 12.7271 3.2
      vertex 51.2446 12.7271 4
    endloop
  endfacet
  facet normal 0.946898 -0.321535 0
    outer loop
      vertex 51.2446 12.7271 3.2
      vertex 51.1647 12.4918 4
      vertex 51.1647 12.4918 3.2
    endloop
  endfacet
  facet normal 0.946898 -0.321535 0
    outer loop
      vertex 51.1647 12.4918 1.4
      vertex 51.2446 12.7271 0
      vertex 51.2446 12.7271 1.4
    endloop
  endfacet
  facet normal 0.946898 -0.321535 0
    outer loop
      vertex 51.2446 12.7271 0
      vertex 51.1647 12.4918 1.4
      vertex 51.1647 12.4918 0
    endloop
  endfacet
  facet normal 0.194723 -0.980858 0
    outer loop
      vertex 52.5082 13.8353 0
      vertex 52.752 13.8837 1.4
      vertex 52.5082 13.8353 1.4
    endloop
  endfacet
  facet normal 0.194723 -0.980858 0
    outer loop
      vertex 52.752 13.8837 1.4
      vertex 52.5082 13.8353 0
      vertex 52.752 13.8837 0
    endloop
  endfacet
  facet normal 0.194723 -0.980858 0
    outer loop
      vertex 52.5082 13.8353 3.2
      vertex 52.752 13.8837 4
      vertex 52.5082 13.8353 4
    endloop
  endfacet
  facet normal 0.194723 -0.980858 0
    outer loop
      vertex 52.752 13.8837 4
      vertex 52.5082 13.8353 3.2
      vertex 52.752 13.8837 3.2
    endloop
  endfacet
  facet normal 0.555443 -0.831555 0
    outer loop
      vertex 51.8434 13.5074 0
      vertex 52.05 13.6454 1.4
      vertex 51.8434 13.5074 1.4
    endloop
  endfacet
  facet normal 0.555443 -0.831555 0
    outer loop
      vertex 52.05 13.6454 1.4
      vertex 51.8434 13.5074 0
      vertex 52.05 13.6454 0
    endloop
  endfacet
  facet normal 0.555443 -0.831555 0
    outer loop
      vertex 51.8434 13.5074 3.2
      vertex 52.05 13.6454 4
      vertex 51.8434 13.5074 4
    endloop
  endfacet
  facet normal 0.555443 -0.831555 0
    outer loop
      vertex 52.05 13.6454 4
      vertex 51.8434 13.5074 3.2
      vertex 52.05 13.6454 3.2
    endloop
  endfacet
  facet normal -0.555443 0.831555 0
    outer loop
      vertex 54.1566 10.4926 0
      vertex 53.95 10.3546 1.4
      vertex 54.1566 10.4926 1.4
    endloop
  endfacet
  facet normal -0.555443 0.831555 0
    outer loop
      vertex 53.95 10.3546 1.4
      vertex 54.1566 10.4926 0
      vertex 53.95 10.3546 0
    endloop
  endfacet
  facet normal -0.555443 0.831555 0
    outer loop
      vertex 54.1566 10.4926 3.2
      vertex 53.95 10.3546 4
      vertex 54.1566 10.4926 4
    endloop
  endfacet
  facet normal -0.555443 0.831555 0
    outer loop
      vertex 53.95 10.3546 4
      vertex 54.1566 10.4926 3.2
      vertex 53.95 10.3546 3.2
    endloop
  endfacet
  facet normal -0.194723 0.980858 0
    outer loop
      vertex 53.4918 10.1647 0
      vertex 53.248 10.1163 1.4
      vertex 53.4918 10.1647 1.4
    endloop
  endfacet
  facet normal -0.194723 0.980858 0
    outer loop
      vertex 53.248 10.1163 1.4
      vertex 53.4918 10.1647 0
      vertex 53.248 10.1163 0
    endloop
  endfacet
  facet normal -0.194723 0.980858 0
    outer loop
      vertex 53.4918 10.1647 3.2
      vertex 53.248 10.1163 4
      vertex 53.4918 10.1647 4
    endloop
  endfacet
  facet normal -0.194723 0.980858 0
    outer loop
      vertex 53.248 10.1163 4
      vertex 53.4918 10.1647 3.2
      vertex 53.248 10.1163 3.2
    endloop
  endfacet
  facet normal 0.896748 -0.442541 0
    outer loop
      vertex 51.2446 12.7271 4
      vertex 51.3546 12.95 3.2
      vertex 51.3546 12.95 4
    endloop
  endfacet
  facet normal 0.896748 -0.442541 0
    outer loop
      vertex 51.3546 12.95 3.2
      vertex 51.2446 12.7271 4
      vertex 51.2446 12.7271 3.2
    endloop
  endfacet
  facet normal 0.896748 -0.442541 0
    outer loop
      vertex 51.2446 12.7271 1.4
      vertex 51.3546 12.95 0
      vertex 51.3546 12.95 1.4
    endloop
  endfacet
  facet normal 0.896748 -0.442541 0
    outer loop
      vertex 51.3546 12.95 0
      vertex 51.2446 12.7271 1.4
      vertex 51.2446 12.7271 0
    endloop
  endfacet
  facet normal -0.65933 -0.751854 0
    outer loop
      vertex 54.1566 13.5074 0
      vertex 54.3435 13.3435 1.4
      vertex 54.1566 13.5074 1.4
    endloop
  endfacet
  facet normal -0.65933 -0.751854 -0
    outer loop
      vertex 54.3435 13.3435 1.4
      vertex 54.1566 13.5074 0
      vertex 54.3435 13.3435 0
    endloop
  endfacet
  facet normal -0.65933 -0.751854 0
    outer loop
      vertex 54.1566 13.5074 3.2
      vertex 54.3435 13.3435 4
      vertex 54.1566 13.5074 4
    endloop
  endfacet
  facet normal -0.65933 -0.751854 -0
    outer loop
      vertex 54.3435 13.3435 4
      vertex 54.1566 13.5074 3.2
      vertex 54.3435 13.3435 3.2
    endloop
  endfacet
  facet normal 0.831555 -0.555443 0
    outer loop
      vertex 51.3546 12.95 4
      vertex 51.4926 13.1566 3.2
      vertex 51.4926 13.1566 4
    endloop
  endfacet
  facet normal 0.831555 -0.555443 0
    outer loop
      vertex 51.4926 13.1566 3.2
      vertex 51.3546 12.95 4
      vertex 51.3546 12.95 3.2
    endloop
  endfacet
  facet normal 0.831555 -0.555443 0
    outer loop
      vertex 51.3546 12.95 1.4
      vertex 51.4926 13.1566 0
      vertex 51.4926 13.1566 1.4
    endloop
  endfacet
  facet normal 0.831555 -0.555443 0
    outer loop
      vertex 51.4926 13.1566 0
      vertex 51.3546 12.95 1.4
      vertex 51.3546 12.95 0
    endloop
  endfacet
  facet normal 0.0655843 0.997847 -0
    outer loop
      vertex 53 10.1 0
      vertex 52.752 10.1163 1.4
      vertex 53 10.1 1.4
    endloop
  endfacet
  facet normal 0.0655843 0.997847 0
    outer loop
      vertex 52.752 10.1163 1.4
      vertex 53 10.1 0
      vertex 52.752 10.1163 0
    endloop
  endfacet
  facet normal 0.0655843 0.997847 -0
    outer loop
      vertex 53 10.1 3.2
      vertex 52.752 10.1163 4
      vertex 53 10.1 4
    endloop
  endfacet
  facet normal 0.0655843 0.997847 0
    outer loop
      vertex 52.752 10.1163 4
      vertex 53 10.1 3.2
      vertex 52.752 10.1163 3.2
    endloop
  endfacet
  facet normal 0.0655843 -0.997847 0
    outer loop
      vertex 52.752 13.8837 0
      vertex 53 13.9 1.4
      vertex 52.752 13.8837 1.4
    endloop
  endfacet
  facet normal 0.0655843 -0.997847 0
    outer loop
      vertex 53 13.9 1.4
      vertex 52.752 13.8837 0
      vertex 53 13.9 0
    endloop
  endfacet
  facet normal 0.0655843 -0.997847 0
    outer loop
      vertex 52.752 13.8837 3.2
      vertex 53 13.9 4
      vertex 52.752 13.8837 4
    endloop
  endfacet
  facet normal 0.0655843 -0.997847 0
    outer loop
      vertex 53 13.9 4
      vertex 52.752 13.8837 3.2
      vertex 53 13.9 3.2
    endloop
  endfacet
  facet normal 0.65933 -0.751854 0
    outer loop
      vertex 51.6565 13.3435 3.2
      vertex 51.8434 13.5074 4
      vertex 51.6565 13.3435 4
    endloop
  endfacet
  facet normal 0.65933 -0.751854 0
    outer loop
      vertex 51.8434 13.5074 4
      vertex 51.6565 13.3435 3.2
      vertex 51.8434 13.5074 3.2
    endloop
  endfacet
  facet normal 0.65933 -0.751854 0
    outer loop
      vertex 51.6565 13.3435 0
      vertex 51.8434 13.5074 1.4
      vertex 51.6565 13.3435 1.4
    endloop
  endfacet
  facet normal 0.65933 -0.751854 0
    outer loop
      vertex 51.8434 13.5074 1.4
      vertex 51.6565 13.3435 0
      vertex 51.8434 13.5074 0
    endloop
  endfacet
  facet normal 0.65933 0.751854 -0
    outer loop
      vertex 51.8434 10.4926 3.2
      vertex 51.6565 10.6565 4
      vertex 51.8434 10.4926 4
    endloop
  endfacet
  facet normal 0.65933 0.751854 0
    outer loop
      vertex 51.6565 10.6565 4
      vertex 51.8434 10.4926 3.2
      vertex 51.6565 10.6565 3.2
    endloop
  endfacet
  facet normal 0.65933 0.751854 -0
    outer loop
      vertex 51.8434 10.4926 0
      vertex 51.6565 10.6565 1.4
      vertex 51.8434 10.4926 1.4
    endloop
  endfacet
  facet normal 0.65933 0.751854 0
    outer loop
      vertex 51.6565 10.6565 1.4
      vertex 51.8434 10.4926 0
      vertex 51.6565 10.6565 0
    endloop
  endfacet
  facet normal 0.751854 -0.65933 0
    outer loop
      vertex 51.4926 13.1566 4
      vertex 51.6565 13.3435 3.2
      vertex 51.6565 13.3435 4
    endloop
  endfacet
  facet normal 0.751854 -0.65933 0
    outer loop
      vertex 51.6565 13.3435 3.2
      vertex 51.4926 13.1566 4
      vertex 51.4926 13.1566 3.2
    endloop
  endfacet
  facet normal 0.751854 -0.65933 0
    outer loop
      vertex 51.4926 13.1566 1.4
      vertex 51.6565 13.3435 0
      vertex 51.6565 13.3435 1.4
    endloop
  endfacet
  facet normal 0.751854 -0.65933 0
    outer loop
      vertex 51.6565 13.3435 0
      vertex 51.4926 13.1566 1.4
      vertex 51.4926 13.1566 0
    endloop
  endfacet
  facet normal -0.751854 0.65933 0
    outer loop
      vertex 54.3435 10.6565 0
      vertex 54.5074 10.8434 1.4
      vertex 54.5074 10.8434 0
    endloop
  endfacet
  facet normal -0.751854 0.65933 0
    outer loop
      vertex 54.5074 10.8434 1.4
      vertex 54.3435 10.6565 0
      vertex 54.3435 10.6565 1.4
    endloop
  endfacet
  facet normal -0.751854 0.65933 0
    outer loop
      vertex 54.3435 10.6565 3.2
      vertex 54.5074 10.8434 4
      vertex 54.5074 10.8434 3.2
    endloop
  endfacet
  facet normal -0.751854 0.65933 0
    outer loop
      vertex 54.5074 10.8434 4
      vertex 54.3435 10.6565 3.2
      vertex 54.3435 10.6565 4
    endloop
  endfacet
  facet normal -0.896748 0.442541 0
    outer loop
      vertex 54.6454 11.05 0
      vertex 54.7554 11.2729 1.4
      vertex 54.7554 11.2729 0
    endloop
  endfacet
  facet normal -0.896748 0.442541 0
    outer loop
      vertex 54.7554 11.2729 1.4
      vertex 54.6454 11.05 0
      vertex 54.6454 11.05 1.4
    endloop
  endfacet
  facet normal -0.896748 0.442541 0
    outer loop
      vertex 54.6454 11.05 3.2
      vertex 54.7554 11.2729 4
      vertex 54.7554 11.2729 3.2
    endloop
  endfacet
  facet normal -0.896748 0.442541 0
    outer loop
      vertex 54.7554 11.2729 4
      vertex 54.6454 11.05 3.2
      vertex 54.6454 11.05 4
    endloop
  endfacet
  facet normal 0.555443 0.831555 -0
    outer loop
      vertex 52.05 10.3546 3.2
      vertex 51.8434 10.4926 4
      vertex 52.05 10.3546 4
    endloop
  endfacet
  facet normal 0.555443 0.831555 0
    outer loop
      vertex 51.8434 10.4926 4
      vertex 52.05 10.3546 3.2
      vertex 51.8434 10.4926 3.2
    endloop
  endfacet
  facet normal 0.555443 0.831555 -0
    outer loop
      vertex 52.05 10.3546 0
      vertex 51.8434 10.4926 1.4
      vertex 52.05 10.3546 1.4
    endloop
  endfacet
  facet normal 0.555443 0.831555 0
    outer loop
      vertex 51.8434 10.4926 1.4
      vertex 52.05 10.3546 0
      vertex 51.8434 10.4926 0
    endloop
  endfacet
  facet normal 0.980858 -0.194723 0
    outer loop
      vertex 51.1163 12.248 1.4
      vertex 51.1647 12.4918 0
      vertex 51.1647 12.4918 1.4
    endloop
  endfacet
  facet normal 0.980858 -0.194723 0
    outer loop
      vertex 51.1647 12.4918 0
      vertex 51.1163 12.248 1.4
      vertex 51.1163 12.248 0
    endloop
  endfacet
  facet normal 0.980858 -0.194723 0
    outer loop
      vertex 51.1163 12.248 4
      vertex 51.1647 12.4918 3.2
      vertex 51.1647 12.4918 4
    endloop
  endfacet
  facet normal 0.980858 -0.194723 0
    outer loop
      vertex 51.1647 12.4918 3.2
      vertex 51.1163 12.248 4
      vertex 51.1163 12.248 3.2
    endloop
  endfacet
  facet normal -0.0655843 -0.997847 0
    outer loop
      vertex 53 13.9 0
      vertex 53.248 13.8837 1.4
      vertex 53 13.9 1.4
    endloop
  endfacet
  facet normal -0.0655843 -0.997847 -0
    outer loop
      vertex 53.248 13.8837 1.4
      vertex 53 13.9 0
      vertex 53.248 13.8837 0
    endloop
  endfacet
  facet normal -0.0655843 -0.997847 0
    outer loop
      vertex 53 13.9 3.2
      vertex 53.248 13.8837 4
      vertex 53 13.9 4
    endloop
  endfacet
  facet normal -0.0655843 -0.997847 -0
    outer loop
      vertex 53.248 13.8837 4
      vertex 53 13.9 3.2
      vertex 53.248 13.8837 3.2
    endloop
  endfacet
  facet normal -0.555443 -0.831555 0
    outer loop
      vertex 53.95 13.6454 3.2
      vertex 54.1566 13.5074 4
      vertex 53.95 13.6454 4
    endloop
  endfacet
  facet normal -0.555443 -0.831555 -0
    outer loop
      vertex 54.1566 13.5074 4
      vertex 53.95 13.6454 3.2
      vertex 54.1566 13.5074 3.2
    endloop
  endfacet
  facet normal -0.555443 -0.831555 0
    outer loop
      vertex 53.95 13.6454 0
      vertex 54.1566 13.5074 1.4
      vertex 53.95 13.6454 1.4
    endloop
  endfacet
  facet normal -0.555443 -0.831555 -0
    outer loop
      vertex 54.1566 13.5074 1.4
      vertex 53.95 13.6454 0
      vertex 54.1566 13.5074 0
    endloop
  endfacet
  facet normal 0.321535 -0.946898 0
    outer loop
      vertex 52.2729 13.7554 0
      vertex 52.5082 13.8353 1.4
      vertex 52.2729 13.7554 1.4
    endloop
  endfacet
  facet normal 0.321535 -0.946898 0
    outer loop
      vertex 52.5082 13.8353 1.4
      vertex 52.2729 13.7554 0
      vertex 52.5082 13.8353 0
    endloop
  endfacet
  facet normal 0.321535 -0.946898 0
    outer loop
      vertex 52.2729 13.7554 3.2
      vertex 52.5082 13.8353 4
      vertex 52.2729 13.7554 4
    endloop
  endfacet
  facet normal 0.321535 -0.946898 0
    outer loop
      vertex 52.5082 13.8353 4
      vertex 52.2729 13.7554 3.2
      vertex 52.5082 13.8353 3.2
    endloop
  endfacet
  facet normal 0.997847 -0.0655843 0
    outer loop
      vertex 51.1 12 1.4
      vertex 51.1163 12.248 0
      vertex 51.1163 12.248 1.4
    endloop
  endfacet
  facet normal 0.997847 -0.0655843 0
    outer loop
      vertex 51.1163 12.248 0
      vertex 51.1 12 1.4
      vertex 51.1 12 0
    endloop
  endfacet
  facet normal 0.997847 -0.0655843 0
    outer loop
      vertex 51.1 12 4
      vertex 51.1163 12.248 3.2
      vertex 51.1163 12.248 4
    endloop
  endfacet
  facet normal 0.997847 -0.0655843 0
    outer loop
      vertex 51.1163 12.248 3.2
      vertex 51.1 12 4
      vertex 51.1 12 3.2
    endloop
  endfacet
  facet normal 0.896748 0.442541 0
    outer loop
      vertex 51.3546 11.05 4
      vertex 51.2446 11.2729 3.2
      vertex 51.2446 11.2729 4
    endloop
  endfacet
  facet normal 0.896748 0.442541 0
    outer loop
      vertex 51.2446 11.2729 3.2
      vertex 51.3546 11.05 4
      vertex 51.3546 11.05 3.2
    endloop
  endfacet
  facet normal 0.896748 0.442541 0
    outer loop
      vertex 51.3546 11.05 1.4
      vertex 51.2446 11.2729 0
      vertex 51.2446 11.2729 1.4
    endloop
  endfacet
  facet normal 0.896748 0.442541 0
    outer loop
      vertex 51.2446 11.2729 0
      vertex 51.3546 11.05 1.4
      vertex 51.3546 11.05 0
    endloop
  endfacet
  facet normal 0.442541 0.896748 -0
    outer loop
      vertex 52.2729 10.2446 3.2
      vertex 52.05 10.3546 4
      vertex 52.2729 10.2446 4
    endloop
  endfacet
  facet normal 0.442541 0.896748 0
    outer loop
      vertex 52.05 10.3546 4
      vertex 52.2729 10.2446 3.2
      vertex 52.05 10.3546 3.2
    endloop
  endfacet
  facet normal 0.442541 0.896748 -0
    outer loop
      vertex 52.2729 10.2446 0
      vertex 52.05 10.3546 1.4
      vertex 52.2729 10.2446 1.4
    endloop
  endfacet
  facet normal 0.442541 0.896748 0
    outer loop
      vertex 52.05 10.3546 1.4
      vertex 52.2729 10.2446 0
      vertex 52.05 10.3546 0
    endloop
  endfacet
  facet normal -0.65933 0.751854 0
    outer loop
      vertex 54.3435 10.6565 0
      vertex 54.1566 10.4926 1.4
      vertex 54.3435 10.6565 1.4
    endloop
  endfacet
  facet normal -0.65933 0.751854 0
    outer loop
      vertex 54.1566 10.4926 1.4
      vertex 54.3435 10.6565 0
      vertex 54.1566 10.4926 0
    endloop
  endfacet
  facet normal -0.65933 0.751854 0
    outer loop
      vertex 54.3435 10.6565 3.2
      vertex 54.1566 10.4926 4
      vertex 54.3435 10.6565 4
    endloop
  endfacet
  facet normal -0.65933 0.751854 0
    outer loop
      vertex 54.1566 10.4926 4
      vertex 54.3435 10.6565 3.2
      vertex 54.1566 10.4926 3.2
    endloop
  endfacet
  facet normal 0.831555 0.555443 0
    outer loop
      vertex 51.4926 10.8434 4
      vertex 51.3546 11.05 3.2
      vertex 51.3546 11.05 4
    endloop
  endfacet
  facet normal 0.831555 0.555443 0
    outer loop
      vertex 51.3546 11.05 3.2
      vertex 51.4926 10.8434 4
      vertex 51.4926 10.8434 3.2
    endloop
  endfacet
  facet normal 0.831555 0.555443 0
    outer loop
      vertex 51.4926 10.8434 1.4
      vertex 51.3546 11.05 0
      vertex 51.3546 11.05 1.4
    endloop
  endfacet
  facet normal 0.831555 0.555443 0
    outer loop
      vertex 51.3546 11.05 0
      vertex 51.4926 10.8434 1.4
      vertex 51.4926 10.8434 0
    endloop
  endfacet
  facet normal -0.726185 -0.0477291 0.685841
    outer loop
      vertex 54.9 12 1.4
      vertex 56.6 12 3.2
      vertex 54.8837 12.248 1.4
    endloop
  endfacet
  facet normal -0.479823 -0.547156 0.68585
    outer loop
      vertex 54.3435 13.3435 1.4
      vertex 55.5456 14.5456 3.2
      vertex 54.1566 13.5074 1.4
    endloop
  endfacet
  facet normal -0.479825 0.547158 0.685847
    outer loop
      vertex 55.5456 9.45442 3.2
      vertex 54.3435 10.6565 1.4
      vertex 54.1566 10.4926 1.4
    endloop
  endfacet
  facet normal -0.141715 -0.713843 0.685817
    outer loop
      vertex 53.4918 13.8353 1.4
      vertex 53.9317 15.4773 3.2
      vertex 53.248 13.8837 1.4
    endloop
  endfacet
  facet normal -0.72618 -0.0475981 0.685855
    outer loop
      vertex 56.6 12 3.2
      vertex 56.5692 12.4699 3.2
      vertex 54.8837 12.248 1.4
    endloop
  endfacet
  facet normal 0.547156 -0.479823 0.68585
    outer loop
      vertex 51.4926 13.1566 1.4
      vertex 51.6565 13.3435 1.4
      vertex 50.4544 14.5456 3.2
    endloop
  endfacet
  facet normal 0.72618 0.0475981 0.685855
    outer loop
      vertex 49.4308 11.5301 3.2
      vertex 51.1163 11.752 1.4
      vertex 49.4 12 3.2
    endloop
  endfacet
  facet normal 0.321929 -0.652667 0.685848
    outer loop
      vertex 52.2729 13.7554 1.4
      vertex 51.6223 15.326 3.2
      vertex 51.2 15.1177 3.2
    endloop
  endfacet
  facet normal 0.141715 -0.713843 0.685817
    outer loop
      vertex 52.5082 13.8353 1.4
      vertex 52.752 13.8837 1.4
      vertex 52.0683 15.4773 3.2
    endloop
  endfacet
  facet normal 0.0475981 -0.72618 0.685855
    outer loop
      vertex 52.752 13.8837 1.4
      vertex 53 15.6 3.2
      vertex 52.5301 15.5692 3.2
    endloop
  endfacet
  facet normal -0.713843 -0.141715 0.685817
    outer loop
      vertex 54.8837 12.248 1.4
      vertex 56.4773 12.9317 3.2
      vertex 54.8353 12.4918 1.4
    endloop
  endfacet
  facet normal -0.605164 -0.404224 0.685842
    outer loop
      vertex 54.6454 12.95 1.4
      vertex 55.8561 14.1915 3.2
      vertex 54.5074 13.1566 1.4
    endloop
  endfacet
  facet normal 0.72618 -0.0475981 0.685855
    outer loop
      vertex 51.1163 12.248 1.4
      vertex 49.4308 12.4699 3.2
      vertex 49.4 12 3.2
    endloop
  endfacet
  facet normal 0.713745 -0.142038 0.685853
    outer loop
      vertex 51.1163 12.248 1.4
      vertex 49.5227 12.9317 3.2
      vertex 49.4308 12.4699 3.2
    endloop
  endfacet
  facet normal -0.142038 -0.713745 0.685853
    outer loop
      vertex 53.9317 15.4773 3.2
      vertex 53.4699 15.5692 3.2
      vertex 53.248 13.8837 1.4
    endloop
  endfacet
  facet normal -0.689124 0.234003 0.685822
    outer loop
      vertex 56.4773 11.0683 3.2
      vertex 54.8353 11.5082 1.4
      vertex 54.7554 11.2729 1.4
    endloop
  endfacet
  facet normal -0.321929 -0.652667 0.685848
    outer loop
      vertex 54.8 15.1177 3.2
      vertex 54.3777 15.326 3.2
      vertex 53.7271 13.7554 1.4
    endloop
  endfacet
  facet normal -0.652667 0.321929 0.685848
    outer loop
      vertex 56.1177 10.2 3.2
      vertex 56.326 10.6223 3.2
      vertex 54.7554 11.2729 1.4
    endloop
  endfacet
  facet normal 0.234003 -0.689124 0.685822
    outer loop
      vertex 52.2729 13.7554 1.4
      vertex 52.5082 13.8353 1.4
      vertex 52.0683 15.4773 3.2
    endloop
  endfacet
  facet normal 0.0477291 0.726185 0.685841
    outer loop
      vertex 53 8.4 3.2
      vertex 53 10.1 1.4
      vertex 52.752 10.1163 1.4
    endloop
  endfacet
  facet normal -0.726185 0.0477291 0.685841
    outer loop
      vertex 56.6 12 3.2
      vertex 54.9 12 1.4
      vertex 54.8837 11.752 1.4
    endloop
  endfacet
  facet normal -0.72618 0.0475981 0.685855
    outer loop
      vertex 56.5692 11.5301 3.2
      vertex 56.6 12 3.2
      vertex 54.8837 11.752 1.4
    endloop
  endfacet
  facet normal 0.479825 0.547158 0.685847
    outer loop
      vertex 51.8434 10.4926 1.4
      vertex 51.6565 10.6565 1.4
      vertex 50.4544 9.45442 3.2
    endloop
  endfacet
  facet normal 0.726185 0.0477291 0.685841
    outer loop
      vertex 51.1163 11.752 1.4
      vertex 51.1 12 1.4
      vertex 49.4 12 3.2
    endloop
  endfacet
  facet normal 0.404224 -0.605164 0.685842
    outer loop
      vertex 51.8434 13.5074 1.4
      vertex 52.05 13.6454 1.4
      vertex 50.8085 14.8561 3.2
    endloop
  endfacet
  facet normal -0.547177 -0.479803 0.685847
    outer loop
      vertex 55.8561 14.1915 3.2
      vertex 55.5456 14.5456 3.2
      vertex 54.5074 13.1566 1.4
    endloop
  endfacet
  facet normal 0.234001 0.689118 0.685828
    outer loop
      vertex 52.5082 10.1647 1.4
      vertex 52.2729 10.2446 1.4
      vertex 52.0683 8.52267 3.2
    endloop
  endfacet
  facet normal -0.652591 -0.32205 0.685863
    outer loop
      vertex 54.7554 12.7271 1.4
      vertex 56.1177 13.8 3.2
      vertex 54.6454 12.95 1.4
    endloop
  endfacet
  facet normal -0.404318 -0.605086 0.685855
    outer loop
      vertex 55.1915 14.8561 3.2
      vertex 54.8 15.1177 3.2
      vertex 53.95 13.6454 1.4
    endloop
  endfacet
  facet normal -0.713745 0.142038 0.685853
    outer loop
      vertex 56.4773 11.0683 3.2
      vertex 56.5692 11.5301 3.2
      vertex 54.8837 11.752 1.4
    endloop
  endfacet
  facet normal -0.689172 0.233793 0.685844
    outer loop
      vertex 56.326 10.6223 3.2
      vertex 56.4773 11.0683 3.2
      vertex 54.7554 11.2729 1.4
    endloop
  endfacet
  facet normal 0.689172 0.233793 0.685844
    outer loop
      vertex 49.674 10.6223 3.2
      vertex 51.2446 11.2729 1.4
      vertex 49.5227 11.0683 3.2
    endloop
  endfacet
  facet normal 0.726185 -0.0477291 0.685841
    outer loop
      vertex 51.1 12 1.4
      vertex 51.1163 12.248 1.4
      vertex 49.4 12 3.2
    endloop
  endfacet
  facet normal -0.479797 0.547187 0.685843
    outer loop
      vertex 55.1915 9.14393 3.2
      vertex 55.5456 9.45442 3.2
      vertex 54.1566 10.4926 1.4
    endloop
  endfacet
  facet normal 0.713745 0.142038 0.685853
    outer loop
      vertex 49.5227 11.0683 3.2
      vertex 51.1163 11.752 1.4
      vertex 49.4308 11.5301 3.2
    endloop
  endfacet
  facet normal 0.0477291 -0.726185 0.685841
    outer loop
      vertex 53 13.9 1.4
      vertex 53 15.6 3.2
      vertex 52.752 13.8837 1.4
    endloop
  endfacet
  facet normal -0.233793 -0.689172 0.685844
    outer loop
      vertex 54.3777 15.326 3.2
      vertex 53.9317 15.4773 3.2
      vertex 53.7271 13.7554 1.4
    endloop
  endfacet
  facet normal -0.689172 -0.233793 0.685844
    outer loop
      vertex 56.4773 12.9317 3.2
      vertex 56.326 13.3777 3.2
      vertex 54.7554 12.7271 1.4
    endloop
  endfacet
  facet normal -0.605086 -0.404318 0.685855
    outer loop
      vertex 56.1177 13.8 3.2
      vertex 55.8561 14.1915 3.2
      vertex 54.6454 12.95 1.4
    endloop
  endfacet
  facet normal -0.713843 0.141715 0.685817
    outer loop
      vertex 56.4773 11.0683 3.2
      vertex 54.8837 11.752 1.4
      vertex 54.8353 11.5082 1.4
    endloop
  endfacet
  facet normal 0.652667 -0.321929 0.685848
    outer loop
      vertex 51.2446 12.7271 1.4
      vertex 49.8823 13.8 3.2
      vertex 49.674 13.3777 3.2
    endloop
  endfacet
  facet normal 0.652667 0.321929 0.685848
    outer loop
      vertex 49.8823 10.2 3.2
      vertex 51.2446 11.2729 1.4
      vertex 49.674 10.6223 3.2
    endloop
  endfacet
  facet normal -0.404227 0.605168 0.685837
    outer loop
      vertex 55.1915 9.14393 3.2
      vertex 54.1566 10.4926 1.4
      vertex 53.95 10.3546 1.4
    endloop
  endfacet
  facet normal 0.479797 0.547187 0.685843
    outer loop
      vertex 50.8085 9.14393 3.2
      vertex 51.8434 10.4926 1.4
      vertex 50.4544 9.45442 3.2
    endloop
  endfacet
  facet normal 0.605164 -0.404224 0.685842
    outer loop
      vertex 51.3546 12.95 1.4
      vertex 51.4926 13.1566 1.4
      vertex 50.1439 14.1915 3.2
    endloop
  endfacet
  facet normal -0.0475981 0.72618 0.685855
    outer loop
      vertex 53.4699 8.4308 3.2
      vertex 53.248 10.1163 1.4
      vertex 53 8.4 3.2
    endloop
  endfacet
  facet normal 0.479803 -0.547177 0.685847
    outer loop
      vertex 51.8434 13.5074 1.4
      vertex 50.8085 14.8561 3.2
      vertex 50.4544 14.5456 3.2
    endloop
  endfacet
  facet normal 0.689172 -0.233793 0.685844
    outer loop
      vertex 51.2446 12.7271 1.4
      vertex 49.674 13.3777 3.2
      vertex 49.5227 12.9317 3.2
    endloop
  endfacet
  facet normal -0.0477291 0.726185 0.685841
    outer loop
      vertex 53.248 10.1163 1.4
      vertex 53 10.1 1.4
      vertex 53 8.4 3.2
    endloop
  endfacet
  facet normal 0.605086 -0.404318 0.685855
    outer loop
      vertex 51.3546 12.95 1.4
      vertex 50.1439 14.1915 3.2
      vertex 49.8823 13.8 3.2
    endloop
  endfacet
  facet normal -0.479803 -0.547177 0.685847
    outer loop
      vertex 55.5456 14.5456 3.2
      vertex 55.1915 14.8561 3.2
      vertex 54.1566 13.5074 1.4
    endloop
  endfacet
  facet normal 0.479823 -0.547156 0.68585
    outer loop
      vertex 51.6565 13.3435 1.4
      vertex 51.8434 13.5074 1.4
      vertex 50.4544 14.5456 3.2
    endloop
  endfacet
  facet normal 0.142038 -0.713745 0.685853
    outer loop
      vertex 52.752 13.8837 1.4
      vertex 52.5301 15.5692 3.2
      vertex 52.0683 15.4773 3.2
    endloop
  endfacet
  facet normal 0.652591 -0.32205 0.685863
    outer loop
      vertex 51.2446 12.7271 1.4
      vertex 51.3546 12.95 1.4
      vertex 49.8823 13.8 3.2
    endloop
  endfacet
  facet normal -0.713745 -0.142038 0.685853
    outer loop
      vertex 56.5692 12.4699 3.2
      vertex 56.4773 12.9317 3.2
      vertex 54.8837 12.248 1.4
    endloop
  endfacet
  facet normal -0.141993 0.713752 0.685854
    outer loop
      vertex 53.4699 8.4308 3.2
      vertex 53.9317 8.52267 3.2
      vertex 53.248 10.1163 1.4
    endloop
  endfacet
  facet normal 0.689124 -0.234003 0.685822
    outer loop
      vertex 51.1647 12.4918 1.4
      vertex 51.2446 12.7271 1.4
      vertex 49.5227 12.9317 3.2
    endloop
  endfacet
  facet normal -0.0477291 -0.726185 0.685841
    outer loop
      vertex 53.248 13.8837 1.4
      vertex 53 15.6 3.2
      vertex 53 13.9 1.4
    endloop
  endfacet
  facet normal -0.0475981 -0.72618 0.685855
    outer loop
      vertex 53.248 13.8837 1.4
      vertex 53.4699 15.5692 3.2
      vertex 53 15.6 3.2
    endloop
  endfacet
  facet normal -0.233877 0.689147 0.685841
    outer loop
      vertex 53.9317 8.52267 3.2
      vertex 54.3777 8.67403 3.2
      vertex 53.7271 10.2446 1.4
    endloop
  endfacet
  facet normal -0.141713 0.713837 0.685823
    outer loop
      vertex 53.9317 8.52267 3.2
      vertex 53.4918 10.1647 1.4
      vertex 53.248 10.1163 1.4
    endloop
  endfacet
  facet normal -0.547134 0.479847 0.685851
    outer loop
      vertex 55.5456 9.45442 3.2
      vertex 55.8561 9.80846 3.2
      vertex 54.5074 10.8434 1.4
    endloop
  endfacet
  facet normal -0.547158 0.479824 0.685848
    outer loop
      vertex 55.5456 9.45442 3.2
      vertex 54.5074 10.8434 1.4
      vertex 54.3435 10.6565 1.4
    endloop
  endfacet
  facet normal -0.234001 0.689118 0.685828
    outer loop
      vertex 53.9317 8.52267 3.2
      vertex 53.7271 10.2446 1.4
      vertex 53.4918 10.1647 1.4
    endloop
  endfacet
  facet normal -0.605105 0.404289 0.685856
    outer loop
      vertex 55.8561 9.80846 3.2
      vertex 56.1177 10.2 3.2
      vertex 54.6454 11.05 1.4
    endloop
  endfacet
  facet normal 0.404227 0.605168 0.685837
    outer loop
      vertex 52.05 10.3546 1.4
      vertex 51.8434 10.4926 1.4
      vertex 50.8085 9.14393 3.2
    endloop
  endfacet
  facet normal 0.404318 -0.605086 0.685855
    outer loop
      vertex 52.05 13.6454 1.4
      vertex 51.2 15.1177 3.2
      vertex 50.8085 14.8561 3.2
    endloop
  endfacet
  facet normal 0.547177 -0.479803 0.685847
    outer loop
      vertex 51.4926 13.1566 1.4
      vertex 50.4544 14.5456 3.2
      vertex 50.1439 14.1915 3.2
    endloop
  endfacet
  facet normal 0.713843 -0.141715 0.685817
    outer loop
      vertex 51.1163 12.248 1.4
      vertex 51.1647 12.4918 1.4
      vertex 49.5227 12.9317 3.2
    endloop
  endfacet
  facet normal 0.32205 -0.652591 0.685863
    outer loop
      vertex 52.05 13.6454 1.4
      vertex 52.2729 13.7554 1.4
      vertex 51.2 15.1177 3.2
    endloop
  endfacet
  facet normal -0.234003 -0.689124 0.685822
    outer loop
      vertex 53.7271 13.7554 1.4
      vertex 53.9317 15.4773 3.2
      vertex 53.4918 13.8353 1.4
    endloop
  endfacet
  facet normal -0.322051 0.652593 0.685861
    outer loop
      vertex 54.8 8.88231 3.2
      vertex 53.95 10.3546 1.4
      vertex 53.7271 10.2446 1.4
    endloop
  endfacet
  facet normal -0.60516 0.404221 0.685847
    outer loop
      vertex 55.8561 9.80846 3.2
      vertex 54.6454 11.05 1.4
      vertex 54.5074 10.8434 1.4
    endloop
  endfacet
  facet normal 0.60516 0.404221 0.685847
    outer loop
      vertex 51.4926 10.8434 1.4
      vertex 51.3546 11.05 1.4
      vertex 50.1439 9.80846 3.2
    endloop
  endfacet
  facet normal 0.0475981 0.72618 0.685855
    outer loop
      vertex 53 8.4 3.2
      vertex 52.752 10.1163 1.4
      vertex 52.5301 8.4308 3.2
    endloop
  endfacet
  facet normal 0.321906 0.652684 0.685843
    outer loop
      vertex 51.6223 8.67403 3.2
      vertex 52.2729 10.2446 1.4
      vertex 51.2 8.88231 3.2
    endloop
  endfacet
  facet normal -0.689124 -0.234003 0.685822
    outer loop
      vertex 54.8353 12.4918 1.4
      vertex 56.4773 12.9317 3.2
      vertex 54.7554 12.7271 1.4
    endloop
  endfacet
  facet normal -0.652667 -0.321929 0.685848
    outer loop
      vertex 56.326 13.3777 3.2
      vertex 56.1177 13.8 3.2
      vertex 54.7554 12.7271 1.4
    endloop
  endfacet
  facet normal -0.547156 -0.479823 0.68585
    outer loop
      vertex 54.5074 13.1566 1.4
      vertex 55.5456 14.5456 3.2
      vertex 54.3435 13.3435 1.4
    endloop
  endfacet
  facet normal -0.321906 0.652684 0.685843
    outer loop
      vertex 54.3777 8.67403 3.2
      vertex 54.8 8.88231 3.2
      vertex 53.7271 10.2446 1.4
    endloop
  endfacet
  facet normal -0.404341 0.605074 0.685852
    outer loop
      vertex 54.8 8.88231 3.2
      vertex 55.1915 9.14393 3.2
      vertex 53.95 10.3546 1.4
    endloop
  endfacet
  facet normal -0.32205 -0.652591 0.685863
    outer loop
      vertex 53.95 13.6454 1.4
      vertex 54.8 15.1177 3.2
      vertex 53.7271 13.7554 1.4
    endloop
  endfacet
  facet normal -0.652591 0.32205 0.685863
    outer loop
      vertex 56.1177 10.2 3.2
      vertex 54.7554 11.2729 1.4
      vertex 54.6454 11.05 1.4
    endloop
  endfacet
  facet normal -0.404224 -0.605164 0.685842
    outer loop
      vertex 54.1566 13.5074 1.4
      vertex 55.1915 14.8561 3.2
      vertex 53.95 13.6454 1.4
    endloop
  endfacet
  facet normal 0.233793 -0.689172 0.685844
    outer loop
      vertex 52.2729 13.7554 1.4
      vertex 52.0683 15.4773 3.2
      vertex 51.6223 15.326 3.2
    endloop
  endfacet
  facet normal 0.233877 0.689147 0.685841
    outer loop
      vertex 52.0683 8.52267 3.2
      vertex 52.2729 10.2446 1.4
      vertex 51.6223 8.67403 3.2
    endloop
  endfacet
  facet normal 0.652591 0.32205 0.685863
    outer loop
      vertex 51.3546 11.05 1.4
      vertex 51.2446 11.2729 1.4
      vertex 49.8823 10.2 3.2
    endloop
  endfacet
  facet normal 0.605105 0.404289 0.685856
    outer loop
      vertex 50.1439 9.80846 3.2
      vertex 51.3546 11.05 1.4
      vertex 49.8823 10.2 3.2
    endloop
  endfacet
  facet normal 0.713843 0.141715 0.685817
    outer loop
      vertex 51.1647 11.5082 1.4
      vertex 51.1163 11.752 1.4
      vertex 49.5227 11.0683 3.2
    endloop
  endfacet
  facet normal 0.547158 0.479824 0.685848
    outer loop
      vertex 51.6565 10.6565 1.4
      vertex 51.4926 10.8434 1.4
      vertex 50.4544 9.45442 3.2
    endloop
  endfacet
  facet normal 0.547134 0.479847 0.685851
    outer loop
      vertex 50.4544 9.45442 3.2
      vertex 51.4926 10.8434 1.4
      vertex 50.1439 9.80846 3.2
    endloop
  endfacet
  facet normal 0 0 -1
    outer loop
      vertex 54.9 12 3.2
      vertex 56.6 12 3.2
      vertex 56.5692 11.5301 3.2
    endloop
  endfacet
  facet normal 0 0 -1
    outer loop
      vertex 54.8837 11.752 3.2
      vertex 56.5692 11.5301 3.2
      vertex 56.4773 11.0683 3.2
    endloop
  endfacet
  facet normal 0 0 -1
    outer loop
      vertex 56.6 12 3.2
      vertex 54.9 12 3.2
      vertex 56.5692 12.4699 3.2
    endloop
  endfacet
  facet normal 0 0 -1
    outer loop
      vertex 54.8353 11.5082 3.2
      vertex 56.4773 11.0683 3.2
      vertex 56.326 10.6223 3.2
    endloop
  endfacet
  facet normal 0 0 -1
    outer loop
      vertex 54.8837 12.248 3.2
      vertex 56.5692 12.4699 3.2
      vertex 54.9 12 3.2
    endloop
  endfacet
  facet normal 0 0 -1
    outer loop
      vertex 54.7554 11.2729 3.2
      vertex 56.326 10.6223 3.2
      vertex 56.1177 10.2 3.2
    endloop
  endfacet
  facet normal -0 0 -1
    outer loop
      vertex 56.5692 12.4699 3.2
      vertex 54.8837 12.248 3.2
      vertex 56.4773 12.9317 3.2
    endloop
  endfacet
  facet normal 0 0 -1
    outer loop
      vertex 54.6454 11.05 3.2
      vertex 56.1177 10.2 3.2
      vertex 55.8561 9.80846 3.2
    endloop
  endfacet
  facet normal 0 0 -1
    outer loop
      vertex 54.8353 12.4918 3.2
      vertex 56.4773 12.9317 3.2
      vertex 54.8837 12.248 3.2
    endloop
  endfacet
  facet normal 0 0 -1
    outer loop
      vertex 54.5074 10.8434 3.2
      vertex 55.8561 9.80846 3.2
      vertex 55.5456 9.45442 3.2
    endloop
  endfacet
  facet normal -0 0 -1
    outer loop
      vertex 56.4773 12.9317 3.2
      vertex 54.8353 12.4918 3.2
      vertex 56.326 13.3777 3.2
    endloop
  endfacet
  facet normal 0 0 -1
    outer loop
      vertex 54.3435 10.6565 3.2
      vertex 55.5456 9.45442 3.2
      vertex 55.1915 9.14393 3.2
    endloop
  endfacet
  facet normal 0 0 -1
    outer loop
      vertex 54.7554 12.7271 3.2
      vertex 56.326 13.3777 3.2
      vertex 54.8353 12.4918 3.2
    endloop
  endfacet
  facet normal -0 0 -1
    outer loop
      vertex 56.326 13.3777 3.2
      vertex 54.7554 12.7271 3.2
      vertex 56.1177 13.8 3.2
    endloop
  endfacet
  facet normal 0 0 -1
    outer loop
      vertex 56.5692 11.5301 3.2
      vertex 54.8837 11.752 3.2
      vertex 54.9 12 3.2
    endloop
  endfacet
  facet normal 0 0 -1
    outer loop
      vertex 56.4773 11.0683 3.2
      vertex 54.8353 11.5082 3.2
      vertex 54.8837 11.752 3.2
    endloop
  endfacet
  facet normal 0 0 -1
    outer loop
      vertex 54.1566 10.4926 3.2
      vertex 55.1915 9.14393 3.2
      vertex 54.8 8.88231 3.2
    endloop
  endfacet
  facet normal 0 0 -1
    outer loop
      vertex 56.326 10.6223 3.2
      vertex 54.7554 11.2729 3.2
      vertex 54.8353 11.5082 3.2
    endloop
  endfacet
  facet normal 0 0 -1
    outer loop
      vertex 56.1177 10.2 3.2
      vertex 54.6454 11.05 3.2
      vertex 54.7554 11.2729 3.2
    endloop
  endfacet
  facet normal 0 0 -1
    outer loop
      vertex 55.8561 9.80846 3.2
      vertex 54.5074 10.8434 3.2
      vertex 54.6454 11.05 3.2
    endloop
  endfacet
  facet normal 0 0 -1
    outer loop
      vertex 53.95 10.3546 3.2
      vertex 54.8 8.88231 3.2
      vertex 54.3777 8.67403 3.2
    endloop
  endfacet
  facet normal 0 0 -1
    outer loop
      vertex 55.5456 9.45442 3.2
      vertex 54.3435 10.6565 3.2
      vertex 54.5074 10.8434 3.2
    endloop
  endfacet
  facet normal 0 0 -1
    outer loop
      vertex 55.1915 9.14393 3.2
      vertex 54.1566 10.4926 3.2
      vertex 54.3435 10.6565 3.2
    endloop
  endfacet
  facet normal 0 0 -1
    outer loop
      vertex 54.8 8.88231 3.2
      vertex 53.95 10.3546 3.2
      vertex 54.1566 10.4926 3.2
    endloop
  endfacet
  facet normal 0 0 -1
    outer loop
      vertex 53.7271 10.2446 3.2
      vertex 54.3777 8.67403 3.2
      vertex 53.9317 8.52267 3.2
    endloop
  endfacet
  facet normal 0 0 -1
    outer loop
      vertex 54.3777 8.67403 3.2
      vertex 53.7271 10.2446 3.2
      vertex 53.95 10.3546 3.2
    endloop
  endfacet
  facet normal 0 0 -1
    outer loop
      vertex 53.9317 8.52267 3.2
      vertex 53.4918 10.1647 3.2
      vertex 53.7271 10.2446 3.2
    endloop
  endfacet
  facet normal 0 0 -1
    outer loop
      vertex 53.4699 8.4308 3.2
      vertex 53.4918 10.1647 3.2
      vertex 53.9317 8.52267 3.2
    endloop
  endfacet
  facet normal 0 0 -1
    outer loop
      vertex 53.4699 8.4308 3.2
      vertex 53.248 10.1163 3.2
      vertex 53.4918 10.1647 3.2
    endloop
  endfacet
  facet normal 0 0 -1
    outer loop
      vertex 53 8.4 3.2
      vertex 53.248 10.1163 3.2
      vertex 53.4699 8.4308 3.2
    endloop
  endfacet
  facet normal 0 0 -1
    outer loop
      vertex 53 8.4 3.2
      vertex 53 10.1 3.2
      vertex 53.248 10.1163 3.2
    endloop
  endfacet
  facet normal 0 0 -1
    outer loop
      vertex 53 8.4 3.2
      vertex 52.752 10.1163 3.2
      vertex 53 10.1 3.2
    endloop
  endfacet
  facet normal 0 0 -1
    outer loop
      vertex 52.5301 8.4308 3.2
      vertex 52.752 10.1163 3.2
      vertex 53 8.4 3.2
    endloop
  endfacet
  facet normal 0 0 -1
    outer loop
      vertex 52.5301 8.4308 3.2
      vertex 52.5082 10.1647 3.2
      vertex 52.752 10.1163 3.2
    endloop
  endfacet
  facet normal 0 0 -1
    outer loop
      vertex 52.0683 8.52267 3.2
      vertex 52.5082 10.1647 3.2
      vertex 52.5301 8.4308 3.2
    endloop
  endfacet
  facet normal -0 0 -1
    outer loop
      vertex 52.5082 10.1647 3.2
      vertex 52.0683 8.52267 3.2
      vertex 52.2729 10.2446 3.2
    endloop
  endfacet
  facet normal 0 0 -1
    outer loop
      vertex 51.6223 8.67403 3.2
      vertex 52.2729 10.2446 3.2
      vertex 52.0683 8.52267 3.2
    endloop
  endfacet
  facet normal -0 0 -1
    outer loop
      vertex 52.2729 10.2446 3.2
      vertex 51.6223 8.67403 3.2
      vertex 52.05 10.3546 3.2
    endloop
  endfacet
  facet normal 0 0 -1
    outer loop
      vertex 51.2 8.88231 3.2
      vertex 52.05 10.3546 3.2
      vertex 51.6223 8.67403 3.2
    endloop
  endfacet
  facet normal -0 0 -1
    outer loop
      vertex 52.05 10.3546 3.2
      vertex 51.2 8.88231 3.2
      vertex 51.8434 10.4926 3.2
    endloop
  endfacet
  facet normal 0 0 -1
    outer loop
      vertex 50.8085 9.14393 3.2
      vertex 51.8434 10.4926 3.2
      vertex 51.2 8.88231 3.2
    endloop
  endfacet
  facet normal -0 0 -1
    outer loop
      vertex 51.8434 10.4926 3.2
      vertex 50.8085 9.14393 3.2
      vertex 51.6565 10.6565 3.2
    endloop
  endfacet
  facet normal 0 0 -1
    outer loop
      vertex 50.4544 9.45442 3.2
      vertex 51.6565 10.6565 3.2
      vertex 50.8085 9.14393 3.2
    endloop
  endfacet
  facet normal -0 0 -1
    outer loop
      vertex 51.6565 10.6565 3.2
      vertex 50.4544 9.45442 3.2
      vertex 51.4926 10.8434 3.2
    endloop
  endfacet
  facet normal 0 0 -1
    outer loop
      vertex 50.1439 9.80846 3.2
      vertex 51.4926 10.8434 3.2
      vertex 50.4544 9.45442 3.2
    endloop
  endfacet
  facet normal -0 0 -1
    outer loop
      vertex 51.4926 10.8434 3.2
      vertex 50.1439 9.80846 3.2
      vertex 51.3546 11.05 3.2
    endloop
  endfacet
  facet normal 0 0 -1
    outer loop
      vertex 49.8823 10.2 3.2
      vertex 51.3546 11.05 3.2
      vertex 50.1439 9.80846 3.2
    endloop
  endfacet
  facet normal -0 0 -1
    outer loop
      vertex 51.3546 11.05 3.2
      vertex 49.8823 10.2 3.2
      vertex 51.2446 11.2729 3.2
    endloop
  endfacet
  facet normal 0 0 -1
    outer loop
      vertex 54.6454 12.95 3.2
      vertex 56.1177 13.8 3.2
      vertex 54.7554 12.7271 3.2
    endloop
  endfacet
  facet normal -0 0 -1
    outer loop
      vertex 56.1177 13.8 3.2
      vertex 54.6454 12.95 3.2
      vertex 55.8561 14.1915 3.2
    endloop
  endfacet
  facet normal 0 0 -1
    outer loop
      vertex 54.5074 13.1566 3.2
      vertex 55.8561 14.1915 3.2
      vertex 54.6454 12.95 3.2
    endloop
  endfacet
  facet normal -0 0 -1
    outer loop
      vertex 55.8561 14.1915 3.2
      vertex 54.5074 13.1566 3.2
      vertex 55.5456 14.5456 3.2
    endloop
  endfacet
  facet normal 0 0 -1
    outer loop
      vertex 54.3435 13.3435 3.2
      vertex 55.5456 14.5456 3.2
      vertex 54.5074 13.1566 3.2
    endloop
  endfacet
  facet normal -0 0 -1
    outer loop
      vertex 55.5456 14.5456 3.2
      vertex 54.3435 13.3435 3.2
      vertex 55.1915 14.8561 3.2
    endloop
  endfacet
  facet normal 0 0 -1
    outer loop
      vertex 54.1566 13.5074 3.2
      vertex 55.1915 14.8561 3.2
      vertex 54.3435 13.3435 3.2
    endloop
  endfacet
  facet normal -0 0 -1
    outer loop
      vertex 55.1915 14.8561 3.2
      vertex 54.1566 13.5074 3.2
      vertex 54.8 15.1177 3.2
    endloop
  endfacet
  facet normal 0 0 -1
    outer loop
      vertex 53.95 13.6454 3.2
      vertex 54.8 15.1177 3.2
      vertex 54.1566 13.5074 3.2
    endloop
  endfacet
  facet normal -0 0 -1
    outer loop
      vertex 54.8 15.1177 3.2
      vertex 53.95 13.6454 3.2
      vertex 54.3777 15.326 3.2
    endloop
  endfacet
  facet normal 0 0 -1
    outer loop
      vertex 53.7271 13.7554 3.2
      vertex 54.3777 15.326 3.2
      vertex 53.95 13.6454 3.2
    endloop
  endfacet
  facet normal -0 0 -1
    outer loop
      vertex 54.3777 15.326 3.2
      vertex 53.7271 13.7554 3.2
      vertex 53.9317 15.4773 3.2
    endloop
  endfacet
  facet normal 0 0 -1
    outer loop
      vertex 53.4918 13.8353 3.2
      vertex 53.9317 15.4773 3.2
      vertex 53.7271 13.7554 3.2
    endloop
  endfacet
  facet normal 0 0 -1
    outer loop
      vertex 53.4918 13.8353 3.2
      vertex 53.4699 15.5692 3.2
      vertex 53.9317 15.4773 3.2
    endloop
  endfacet
  facet normal 0 0 -1
    outer loop
      vertex 53.248 13.8837 3.2
      vertex 53.4699 15.5692 3.2
      vertex 53.4918 13.8353 3.2
    endloop
  endfacet
  facet normal 0 0 -1
    outer loop
      vertex 53 13.9 3.2
      vertex 53.4699 15.5692 3.2
      vertex 53.248 13.8837 3.2
    endloop
  endfacet
  facet normal 0 0 -1
    outer loop
      vertex 53 13.9 3.2
      vertex 53 15.6 3.2
      vertex 53.4699 15.5692 3.2
    endloop
  endfacet
  facet normal 0 0 -1
    outer loop
      vertex 52.752 13.8837 3.2
      vertex 53 15.6 3.2
      vertex 53 13.9 3.2
    endloop
  endfacet
  facet normal 0 0 -1
    outer loop
      vertex 52.752 13.8837 3.2
      vertex 52.5301 15.5692 3.2
      vertex 53 15.6 3.2
    endloop
  endfacet
  facet normal 0 0 -1
    outer loop
      vertex 52.5082 13.8353 3.2
      vertex 52.5301 15.5692 3.2
      vertex 52.752 13.8837 3.2
    endloop
  endfacet
  facet normal 0 0 -1
    outer loop
      vertex 52.0683 15.4773 3.2
      vertex 52.5082 13.8353 3.2
      vertex 52.2729 13.7554 3.2
    endloop
  endfacet
  facet normal 0 0 -1
    outer loop
      vertex 52.5082 13.8353 3.2
      vertex 52.0683 15.4773 3.2
      vertex 52.5301 15.5692 3.2
    endloop
  endfacet
  facet normal 0 0 -1
    outer loop
      vertex 51.6223 15.326 3.2
      vertex 52.2729 13.7554 3.2
      vertex 52.05 13.6454 3.2
    endloop
  endfacet
  facet normal 0 0 -1
    outer loop
      vertex 51.2 15.1177 3.2
      vertex 52.05 13.6454 3.2
      vertex 51.8434 13.5074 3.2
    endloop
  endfacet
  facet normal 0 0 -1
    outer loop
      vertex 50.8085 14.8561 3.2
      vertex 51.8434 13.5074 3.2
      vertex 51.6565 13.3435 3.2
    endloop
  endfacet
  facet normal 0 0 -1
    outer loop
      vertex 52.2729 13.7554 3.2
      vertex 51.6223 15.326 3.2
      vertex 52.0683 15.4773 3.2
    endloop
  endfacet
  facet normal 0 0 -1
    outer loop
      vertex 50.4544 14.5456 3.2
      vertex 51.6565 13.3435 3.2
      vertex 51.4926 13.1566 3.2
    endloop
  endfacet
  facet normal 0 0 -1
    outer loop
      vertex 50.1439 14.1915 3.2
      vertex 51.4926 13.1566 3.2
      vertex 51.3546 12.95 3.2
    endloop
  endfacet
  facet normal 0 0 -1
    outer loop
      vertex 49.8823 13.8 3.2
      vertex 51.3546 12.95 3.2
      vertex 51.2446 12.7271 3.2
    endloop
  endfacet
  facet normal 0 0 -1
    outer loop
      vertex 52.05 13.6454 3.2
      vertex 51.2 15.1177 3.2
      vertex 51.6223 15.326 3.2
    endloop
  endfacet
  facet normal 0 0 -1
    outer loop
      vertex 49.674 13.3777 3.2
      vertex 51.2446 12.7271 3.2
      vertex 51.1647 12.4918 3.2
    endloop
  endfacet
  facet normal 0 0 -1
    outer loop
      vertex 49.5227 12.9317 3.2
      vertex 51.1647 12.4918 3.2
      vertex 51.1163 12.248 3.2
    endloop
  endfacet
  facet normal 0 0 -1
    outer loop
      vertex 49.4308 12.4699 3.2
      vertex 51.1163 12.248 3.2
      vertex 51.1 12 3.2
    endloop
  endfacet
  facet normal 0 0 -1
    outer loop
      vertex 49.674 10.6223 3.2
      vertex 51.2446 11.2729 3.2
      vertex 49.8823 10.2 3.2
    endloop
  endfacet
  facet normal 0 0 -1
    outer loop
      vertex 51.8434 13.5074 3.2
      vertex 50.8085 14.8561 3.2
      vertex 51.2 15.1177 3.2
    endloop
  endfacet
  facet normal -0 0 -1
    outer loop
      vertex 51.2446 11.2729 3.2
      vertex 49.674 10.6223 3.2
      vertex 51.1647 11.5082 3.2
    endloop
  endfacet
  facet normal 0 0 -1
    outer loop
      vertex 51.6565 13.3435 3.2
      vertex 50.4544 14.5456 3.2
      vertex 50.8085 14.8561 3.2
    endloop
  endfacet
  facet normal 0 0 -1
    outer loop
      vertex 49.5227 11.0683 3.2
      vertex 51.1647 11.5082 3.2
      vertex 49.674 10.6223 3.2
    endloop
  endfacet
  facet normal 0 0 -1
    outer loop
      vertex 51.4926 13.1566 3.2
      vertex 50.1439 14.1915 3.2
      vertex 50.4544 14.5456 3.2
    endloop
  endfacet
  facet normal -0 0 -1
    outer loop
      vertex 51.1647 11.5082 3.2
      vertex 49.5227 11.0683 3.2
      vertex 51.1163 11.752 3.2
    endloop
  endfacet
  facet normal 0 0 -1
    outer loop
      vertex 51.3546 12.95 3.2
      vertex 49.8823 13.8 3.2
      vertex 50.1439 14.1915 3.2
    endloop
  endfacet
  facet normal 0 0 -1
    outer loop
      vertex 49.4308 11.5301 3.2
      vertex 51.1163 11.752 3.2
      vertex 49.5227 11.0683 3.2
    endloop
  endfacet
  facet normal 0 0 -1
    outer loop
      vertex 51.2446 12.7271 3.2
      vertex 49.674 13.3777 3.2
      vertex 49.8823 13.8 3.2
    endloop
  endfacet
  facet normal -0 0 -1
    outer loop
      vertex 51.1163 11.752 3.2
      vertex 49.4308 11.5301 3.2
      vertex 51.1 12 3.2
    endloop
  endfacet
  facet normal 0 0 -1
    outer loop
      vertex 51.1647 12.4918 3.2
      vertex 49.5227 12.9317 3.2
      vertex 49.674 13.3777 3.2
    endloop
  endfacet
  facet normal 0 0 -1
    outer loop
      vertex 49.4 12 3.2
      vertex 51.1 12 3.2
      vertex 49.4308 11.5301 3.2
    endloop
  endfacet
  facet normal 0 0 -1
    outer loop
      vertex 51.1163 12.248 3.2
      vertex 49.4308 12.4699 3.2
      vertex 49.5227 12.9317 3.2
    endloop
  endfacet
  facet normal 0 0 -1
    outer loop
      vertex 51.1 12 3.2
      vertex 49.4 12 3.2
      vertex 49.4308 12.4699 3.2
    endloop
  endfacet
  facet normal 0.141993 0.713752 0.685854
    outer loop
      vertex 52.5301 8.4308 3.2
      vertex 52.752 10.1163 1.4
      vertex 52.0683 8.52267 3.2
    endloop
  endfacet
  facet normal 0.141713 0.713837 0.685823
    outer loop
      vertex 52.752 10.1163 1.4
      vertex 52.5082 10.1647 1.4
      vertex 52.0683 8.52267 3.2
    endloop
  endfacet
  facet normal 0.689124 0.234003 0.685822
    outer loop
      vertex 51.2446 11.2729 1.4
      vertex 51.1647 11.5082 1.4
      vertex 49.5227 11.0683 3.2
    endloop
  endfacet
  facet normal 0.322051 0.652593 0.685861
    outer loop
      vertex 52.2729 10.2446 1.4
      vertex 52.05 10.3546 1.4
      vertex 51.2 8.88231 3.2
    endloop
  endfacet
  facet normal 0.404341 0.605074 0.685852
    outer loop
      vertex 51.2 8.88231 3.2
      vertex 52.05 10.3546 1.4
      vertex 50.8085 9.14393 3.2
    endloop
  endfacet
endsolid OpenSCAD_Model
