solid OpenSCAD_Model
  facet normal 0.466628 -0.532278 -0.706356
    outer loop
      vertex -3.12379 -39.2177 0.799999
      vertex -3.61079 -38.583 0
      vertex -2.94185 -39.0582 0.799999
    endloop
  endfacet
  facet normal -0.313142 0.634826 -0.706356
    outer loop
      vertex -38.1518 -3.27992 0
      vertex -38.675 -2.64786 0.799999
      vertex -38.458 -2.54082 0.799999
    endloop
  endfacet
  facet normal -0.532436 -0.466462 -0.706346
    outer loop
      vertex -38.4925 -38.4925 0
      vertex -39.0582 -39.0582 0.799999
      vertex -38.583 -38.3892 0
    endloop
  endfacet
  facet normal 0.0462822 0.706344 -0.706354
    outer loop
      vertex -4.11295 -3.20898 0
      vertex -4.25 -3.2 0
      vertex -4.25 -2.39999 0.799999
    endloop
  endfacet
  facet normal 0.946959 -0.321355 0
    outer loop
      vertex -2.54082 -38.458 2.6
      vertex -2.46304 -38.2288 0.799999
      vertex -2.46304 -38.2288 2.6
    endloop
  endfacet
  facet normal 0.946959 -0.321355 0
    outer loop
      vertex -2.46304 -38.2288 0.799999
      vertex -2.54082 -38.458 2.6
      vertex -2.54082 -38.458 0.799999
    endloop
  endfacet
  facet normal -0.313285 -0.634761 -0.70635
    outer loop
      vertex -38.458 -39.4592 0.799999
      vertex -38.675 -39.3521 0.799999
      vertex -38.1518 -38.7201 0
    endloop
  endfacet
  facet normal -0.65909 -0.752065 0
    outer loop
      vertex -39.0582 -39.0582 0.799999
      vertex -38.8762 -39.2177 2.6
      vertex -39.0582 -39.0582 2.6
    endloop
  endfacet
  facet normal -0.65909 -0.752065 -0
    outer loop
      vertex -38.8762 -39.2177 2.6
      vertex -39.0582 -39.0582 0.799999
      vertex -38.8762 -39.2177 0.799999
    endloop
  endfacet
  facet normal 0.442314 0.89686 -0
    outer loop
      vertex -3.325 -2.64786 0.799999
      vertex -3.54204 -2.54082 2.6
      vertex -3.325 -2.64786 2.6
    endloop
  endfacet
  facet normal 0.442314 0.89686 0
    outer loop
      vertex -3.54204 -2.54082 2.6
      vertex -3.325 -2.64786 0.799999
      vertex -3.54204 -2.54082 0.799999
    endloop
  endfacet
  facet normal -0.946908 0.321504 0
    outer loop
      vertex -39.537 -3.77118 0.799999
      vertex -39.4592 -3.54204 2.6
      vertex -39.4592 -3.54204 0.799999
    endloop
  endfacet
  facet normal -0.946908 0.321504 0
    outer loop
      vertex -39.4592 -3.54204 2.6
      vertex -39.537 -3.77118 0.799999
      vertex -39.537 -3.77118 2.6
    endloop
  endfacet
  facet normal 0.694266 0.138093 -0.706347
    outer loop
      vertex -2.41583 -4.00853 0.799999
      vertex -3.20898 -4.11295 0
      vertex -2.46304 -3.77118 0.799999
    endloop
  endfacet
  facet normal -0.532278 0.466628 -0.706356
    outer loop
      vertex -38.583 -3.61079 0
      vertex -39.2177 -3.12379 0.799999
      vertex -39.0582 -2.94185 0.799999
    endloop
  endfacet
  facet normal -0.670343 0.227296 -0.706382
    outer loop
      vertex -38.7642 -3.97824 0
      vertex -39.537 -3.77118 0.799999
      vertex -38.7201 -3.84818 0
    endloop
  endfacet
  facet normal -0.138089 -0.694246 -0.706367
    outer loop
      vertex -37.9915 -39.5842 0.799999
      vertex -38.2288 -39.537 0.799999
      vertex -37.8871 -38.791 0
    endloop
  endfacet
  facet normal 0.3932 -0.588615 -0.706347
    outer loop
      vertex -3.325 -39.3521 0.799999
      vertex -3.72501 -38.6593 0
      vertex -3.61079 -38.583 0
    endloop
  endfacet
  facet normal -0.393191 -0.588617 -0.70635
    outer loop
      vertex -38.675 -39.3521 0.799999
      vertex -38.8762 -39.2177 0.799999
      vertex -38.3892 -38.583 0
    endloop
  endfacet
  facet normal 0.997856 -0.0654494 0
    outer loop
      vertex -2.41583 -37.9915 2.6
      vertex -2.39999 -37.75 0.799999
      vertex -2.39999 -37.75 2.6
    endloop
  endfacet
  facet normal 0.997856 -0.0654494 0
    outer loop
      vertex -2.39999 -37.75 0.799999
      vertex -2.41583 -37.9915 2.6
      vertex -2.41583 -37.9915 0.799999
    endloop
  endfacet
  facet normal 0.751962 -0.659206 0
    outer loop
      vertex -2.94185 -39.0582 2.6
      vertex -2.7823 -38.8762 0.799999
      vertex -2.7823 -38.8762 2.6
    endloop
  endfacet
  facet normal 0.751962 -0.659206 0
    outer loop
      vertex -2.7823 -38.8762 0.799999
      vertex -2.94185 -39.0582 2.6
      vertex -2.94185 -39.0582 0.799999
    endloop
  endfacet
  facet normal 0 0 -1
    outer loop
      vertex -4.25 -38.8 0
      vertex -3.2 -37.75 0
      vertex -3.20898 -37.8871 0
    endloop
  endfacet
  facet normal -0 0 -1
    outer loop
      vertex -3.2 -37.75 0
      vertex -4.25 -38.8 0
      vertex -3.2 -4.25 0
    endloop
  endfacet
  facet normal 0 0 -1
    outer loop
      vertex -4.25 -38.8 0
      vertex -3.20898 -37.8871 0
      vertex -3.23578 -38.0218 0
    endloop
  endfacet
  facet normal 0 0 -1
    outer loop
      vertex -4.25 -3.2 0
      vertex -3.2 -4.25 0
      vertex -4.25 -38.8 0
    endloop
  endfacet
  facet normal 0 0 -1
    outer loop
      vertex -4.25 -38.8 0
      vertex -3.23578 -38.0218 0
      vertex -3.27992 -38.1518 0
    endloop
  endfacet
  facet normal 0 0 -1
    outer loop
      vertex -3.2 -4.25 0
      vertex -4.25 -3.2 0
      vertex -3.20898 -4.11295 0
    endloop
  endfacet
  facet normal 0 0 -1
    outer loop
      vertex -4.25 -38.8 0
      vertex -3.27992 -38.1518 0
      vertex -3.34067 -38.275 0
    endloop
  endfacet
  facet normal 0 0 -1
    outer loop
      vertex -3.20898 -4.11295 0
      vertex -4.25 -3.2 0
      vertex -3.23578 -3.97824 0
    endloop
  endfacet
  facet normal 0 0 -1
    outer loop
      vertex -4.25 -38.8 0
      vertex -3.34067 -38.275 0
      vertex -3.41698 -38.3892 0
    endloop
  endfacet
  facet normal 0 0 -1
    outer loop
      vertex -3.23578 -3.97824 0
      vertex -4.25 -3.2 0
      vertex -3.27992 -3.84818 0
    endloop
  endfacet
  facet normal 0 0 -1
    outer loop
      vertex -4.25 -38.8 0
      vertex -3.41698 -38.3892 0
      vertex -3.50754 -38.4925 0
    endloop
  endfacet
  facet normal 0 0 -1
    outer loop
      vertex -3.27992 -3.84818 0
      vertex -4.25 -3.2 0
      vertex -3.34067 -3.72501 0
    endloop
  endfacet
  facet normal 0 0 -1
    outer loop
      vertex -4.25 -38.8 0
      vertex -3.50754 -38.4925 0
      vertex -3.61079 -38.583 0
    endloop
  endfacet
  facet normal 0 0 -1
    outer loop
      vertex -3.34067 -3.72501 0
      vertex -4.25 -3.2 0
      vertex -3.41698 -3.61079 0
    endloop
  endfacet
  facet normal 0 0 -1
    outer loop
      vertex -4.25 -38.8 0
      vertex -3.61079 -38.583 0
      vertex -3.72501 -38.6593 0
    endloop
  endfacet
  facet normal 0 0 -1
    outer loop
      vertex -3.41698 -3.61079 0
      vertex -4.25 -3.2 0
      vertex -3.50754 -3.50754 0
    endloop
  endfacet
  facet normal 0 0 -1
    outer loop
      vertex -4.25 -38.8 0
      vertex -3.72501 -38.6593 0
      vertex -3.84818 -38.7201 0
    endloop
  endfacet
  facet normal 0 0 -1
    outer loop
      vertex -3.50754 -3.50754 0
      vertex -4.25 -3.2 0
      vertex -3.61079 -3.41698 0
    endloop
  endfacet
  facet normal 0 0 -1
    outer loop
      vertex -4.25 -38.8 0
      vertex -3.84818 -38.7201 0
      vertex -3.97824 -38.7642 0
    endloop
  endfacet
  facet normal 0 0 -1
    outer loop
      vertex -3.61079 -3.41698 0
      vertex -4.25 -3.2 0
      vertex -3.72501 -3.34067 0
    endloop
  endfacet
  facet normal 0 0 -1
    outer loop
      vertex -4.25 -38.8 0
      vertex -3.97824 -38.7642 0
      vertex -4.11295 -38.791 0
    endloop
  endfacet
  facet normal 0 0 -1
    outer loop
      vertex -3.72501 -3.34067 0
      vertex -4.25 -3.2 0
      vertex -3.84818 -3.27992 0
    endloop
  endfacet
  facet normal 0 0 -1
    outer loop
      vertex -3.84818 -3.27992 0
      vertex -4.25 -3.2 0
      vertex -3.97824 -3.23578 0
    endloop
  endfacet
  facet normal 0 0 -1
    outer loop
      vertex -3.97824 -3.23578 0
      vertex -4.25 -3.2 0
      vertex -4.11295 -3.20898 0
    endloop
  endfacet
  facet normal 0 0 -1
    outer loop
      vertex -37.75 -38.8 0
      vertex -4.25 -3.2 0
      vertex -4.25 -38.8 0
    endloop
  endfacet
  facet normal 0 0 -1
    outer loop
      vertex -37.75 -38.8 0
      vertex -37.75 -3.2 0
      vertex -4.25 -3.2 0
    endloop
  endfacet
  facet normal 0 0 -1
    outer loop
      vertex -38.8 -37.75 0
      vertex -37.75 -38.8 0
      vertex -37.8871 -38.791 0
    endloop
  endfacet
  facet normal 0 0 -1
    outer loop
      vertex -37.75 -38.8 0
      vertex -38.8 -37.75 0
      vertex -37.75 -3.2 0
    endloop
  endfacet
  facet normal 0 0 -1
    outer loop
      vertex -38.8 -37.75 0
      vertex -37.8871 -38.791 0
      vertex -38.0218 -38.7642 0
    endloop
  endfacet
  facet normal 0 0 -1
    outer loop
      vertex -38.8 -4.25 0
      vertex -37.75 -3.2 0
      vertex -38.8 -37.75 0
    endloop
  endfacet
  facet normal 0 0 -1
    outer loop
      vertex -38.8 -37.75 0
      vertex -38.0218 -38.7642 0
      vertex -38.1518 -38.7201 0
    endloop
  endfacet
  facet normal 0 0 -1
    outer loop
      vertex -37.75 -3.2 0
      vertex -38.8 -4.25 0
      vertex -37.8871 -3.20898 0
    endloop
  endfacet
  facet normal 0 0 -1
    outer loop
      vertex -38.8 -37.75 0
      vertex -38.1518 -38.7201 0
      vertex -38.275 -38.6593 0
    endloop
  endfacet
  facet normal 0 0 -1
    outer loop
      vertex -37.8871 -3.20898 0
      vertex -38.8 -4.25 0
      vertex -38.0218 -3.23578 0
    endloop
  endfacet
  facet normal 0 0 -1
    outer loop
      vertex -38.8 -37.75 0
      vertex -38.275 -38.6593 0
      vertex -38.3892 -38.583 0
    endloop
  endfacet
  facet normal 0 0 -1
    outer loop
      vertex -38.0218 -3.23578 0
      vertex -38.8 -4.25 0
      vertex -38.1518 -3.27992 0
    endloop
  endfacet
  facet normal 0 0 -1
    outer loop
      vertex -38.8 -37.75 0
      vertex -38.3892 -38.583 0
      vertex -38.4925 -38.4925 0
    endloop
  endfacet
  facet normal 0 0 -1
    outer loop
      vertex -38.1518 -3.27992 0
      vertex -38.8 -4.25 0
      vertex -38.275 -3.34067 0
    endloop
  endfacet
  facet normal 0 0 -1
    outer loop
      vertex -38.8 -37.75 0
      vertex -38.4925 -38.4925 0
      vertex -38.583 -38.3892 0
    endloop
  endfacet
  facet normal 0 0 -1
    outer loop
      vertex -38.275 -3.34067 0
      vertex -38.8 -4.25 0
      vertex -38.3892 -3.41698 0
    endloop
  endfacet
  facet normal 0 0 -1
    outer loop
      vertex -38.8 -37.75 0
      vertex -38.583 -38.3892 0
      vertex -38.6593 -38.275 0
    endloop
  endfacet
  facet normal 0 0 -1
    outer loop
      vertex -38.3892 -3.41698 0
      vertex -38.8 -4.25 0
      vertex -38.4925 -3.50754 0
    endloop
  endfacet
  facet normal 0 0 -1
    outer loop
      vertex -38.8 -37.75 0
      vertex -38.6593 -38.275 0
      vertex -38.7201 -38.1518 0
    endloop
  endfacet
  facet normal 0 0 -1
    outer loop
      vertex -38.4925 -3.50754 0
      vertex -38.8 -4.25 0
      vertex -38.583 -3.61079 0
    endloop
  endfacet
  facet normal 0 0 -1
    outer loop
      vertex -38.8 -37.75 0
      vertex -38.7201 -38.1518 0
      vertex -38.7642 -38.0218 0
    endloop
  endfacet
  facet normal 0 0 -1
    outer loop
      vertex -38.583 -3.61079 0
      vertex -38.8 -4.25 0
      vertex -38.6593 -3.72501 0
    endloop
  endfacet
  facet normal 0 0 -1
    outer loop
      vertex -38.8 -37.75 0
      vertex -38.7642 -38.0218 0
      vertex -38.791 -37.8871 0
    endloop
  endfacet
  facet normal 0 0 -1
    outer loop
      vertex -38.6593 -3.72501 0
      vertex -38.8 -4.25 0
      vertex -38.7201 -3.84818 0
    endloop
  endfacet
  facet normal 0 0 -1
    outer loop
      vertex -38.7201 -3.84818 0
      vertex -38.8 -4.25 0
      vertex -38.7642 -3.97824 0
    endloop
  endfacet
  facet normal 0 0 -1
    outer loop
      vertex -38.7642 -3.97824 0
      vertex -38.8 -4.25 0
      vertex -38.791 -4.11295 0
    endloop
  endfacet
  facet normal -0.896762 0.442514 0
    outer loop
      vertex -39.4592 -3.54204 0.799999
      vertex -39.3521 -3.325 2.6
      vertex -39.3521 -3.325 0.799999
    endloop
  endfacet
  facet normal -0.896762 0.442514 0
    outer loop
      vertex -39.3521 -3.325 2.6
      vertex -39.4592 -3.54204 0.799999
      vertex -39.4592 -3.54204 2.6
    endloop
  endfacet
  facet normal -0.670295 -0.227526 -0.706355
    outer loop
      vertex -39.4592 -38.458 0.799999
      vertex -39.537 -38.2288 0.799999
      vertex -38.7201 -38.1518 0
    endloop
  endfacet
  facet normal 0 0.707102 -0.707112
    outer loop
      vertex -37.75 -3.2 0
      vertex -4.25 -2.39999 0.799999
      vertex -4.25 -3.2 0
    endloop
  endfacet
  facet normal 0 0.707102 -0.707112
    outer loop
      vertex -4.25 -2.39999 0.799999
      vertex -37.75 -3.2 0
      vertex -37.75 -2.39999 0.799999
    endloop
  endfacet
  facet normal 0 -0.707106 -0.707107
    outer loop
      vertex -37.75 -39.6 0.799999
      vertex -4.25 -38.8 0
      vertex -4.25 -39.6 0.799999
    endloop
  endfacet
  facet normal -0 -0.707106 -0.707107
    outer loop
      vertex -4.25 -38.8 0
      vertex -37.75 -39.6 0.799999
      vertex -37.75 -38.8 0
    endloop
  endfacet
  facet normal -0.0463684 -0.706346 -0.706347
    outer loop
      vertex -37.75 -39.6 0.799999
      vertex -37.8871 -38.791 0
      vertex -37.75 -38.8 0
    endloop
  endfacet
  facet normal -0.227394 -0.670323 -0.706371
    outer loop
      vertex -38.0218 -38.7642 0
      vertex -38.2288 -39.537 0.799999
      vertex -38.1518 -38.7201 0
    endloop
  endfacet
  facet normal 0.46676 0.532166 -0.706353
    outer loop
      vertex -3.50754 -3.50754 0
      vertex -3.61079 -3.41698 0
      vertex -2.94185 -2.94185 0.799999
    endloop
  endfacet
  facet normal -0.706338 -0.0462117 -0.706365
    outer loop
      vertex -39.5842 -37.9915 0.799999
      vertex -39.6 -37.75 0.799999
      vertex -38.791 -37.8871 0
    endloop
  endfacet
  facet normal -0.946934 -0.321429 0
    outer loop
      vertex -39.4592 -38.458 0.799999
      vertex -39.537 -38.2288 2.6
      vertex -39.537 -38.2288 0.799999
    endloop
  endfacet
  facet normal -0.946934 -0.321429 0
    outer loop
      vertex -39.537 -38.2288 2.6
      vertex -39.4592 -38.458 0.799999
      vertex -39.4592 -38.458 2.6
    endloop
  endfacet
  facet normal 0.588566 -0.393275 -0.706346
    outer loop
      vertex -2.7823 -38.8762 0.799999
      vertex -3.41698 -38.3892 0
      vertex -2.64786 -38.675 0.799999
    endloop
  endfacet
  facet normal 0.138093 0.694266 -0.706347
    outer loop
      vertex -3.77118 -2.46304 0.799999
      vertex -4.11295 -3.20898 0
      vertex -4.00853 -2.41583 0.799999
    endloop
  endfacet
  facet normal 0.997855 0.0654575 0
    outer loop
      vertex -2.39999 -4.25 2.6
      vertex -2.41583 -4.00853 0.799999
      vertex -2.41583 -4.00853 2.6
    endloop
  endfacet
  facet normal 0.997855 0.0654575 0
    outer loop
      vertex -2.41583 -4.00853 0.799999
      vertex -2.39999 -4.25 2.6
      vertex -2.39999 -4.25 0.799999
    endloop
  endfacet
  facet normal -0.44238 0.896828 0
    outer loop
      vertex -38.458 -2.54082 0.799999
      vertex -38.675 -2.64786 2.6
      vertex -38.458 -2.54082 2.6
    endloop
  endfacet
  facet normal -0.44238 0.896828 0
    outer loop
      vertex -38.675 -2.64786 2.6
      vertex -38.458 -2.54082 0.799999
      vertex -38.675 -2.64786 0.799999
    endloop
  endfacet
  facet normal 0 -1 0
    outer loop
      vertex -37.75 -39.6 0.799999
      vertex -4.25 -39.6 2.6
      vertex -37.75 -39.6 2.6
    endloop
  endfacet
  facet normal 0 -1 -0
    outer loop
      vertex -4.25 -39.6 2.6
      vertex -37.75 -39.6 0.799999
      vertex -4.25 -39.6 0.799999
    endloop
  endfacet
  facet normal 0.393178 -0.588626 -0.70635
    outer loop
      vertex -3.325 -39.3521 0.799999
      vertex -3.61079 -38.583 0
      vertex -3.12379 -39.2177 0.799999
    endloop
  endfacet
  facet normal 0.227491 0.67031 -0.706351
    outer loop
      vertex -3.84818 -3.27992 0
      vertex -3.97824 -3.23578 0
      vertex -3.77118 -2.46304 0.799999
    endloop
  endfacet
  facet normal 0.659212 -0.751957 0
    outer loop
      vertex -3.12379 -39.2177 0.799999
      vertex -2.94185 -39.0582 2.6
      vertex -3.12379 -39.2177 2.6
    endloop
  endfacet
  facet normal 0.659212 -0.751957 0
    outer loop
      vertex -2.94185 -39.0582 2.6
      vertex -3.12379 -39.2177 0.799999
      vertex -2.94185 -39.0582 0.799999
    endloop
  endfacet
  facet normal -0.466634 0.53228 -0.706351
    outer loop
      vertex -38.4925 -3.50754 0
      vertex -39.0582 -2.94185 0.799999
      vertex -38.3892 -3.41698 0
    endloop
  endfacet
  facet normal -0.707106 0 -0.707107
    outer loop
      vertex -39.6 -37.75 0.799999
      vertex -38.8 -4.25 0
      vertex -38.8 -37.75 0
    endloop
  endfacet
  facet normal -0.707106 0 -0.707107
    outer loop
      vertex -38.8 -4.25 0
      vertex -39.6 -37.75 0.799999
      vertex -39.6 -4.25 0.799999
    endloop
  endfacet
  facet normal 0.53228 -0.466634 -0.706351
    outer loop
      vertex -2.94185 -39.0582 0.799999
      vertex -3.50754 -38.4925 0
      vertex -3.41698 -38.3892 0
    endloop
  endfacet
  facet normal -0.313265 -0.634774 -0.706348
    outer loop
      vertex -38.1518 -38.7201 0
      vertex -38.675 -39.3521 0.799999
      vertex -38.275 -38.6593 0
    endloop
  endfacet
  facet normal 0.634858 0.3131 -0.706346
    outer loop
      vertex -2.54082 -3.54204 0.799999
      vertex -3.27992 -3.84818 0
      vertex -2.64786 -3.325 0.799999
    endloop
  endfacet
  facet normal -0.831554 0.555444 0
    outer loop
      vertex -39.3521 -3.325 0.799999
      vertex -39.2177 -3.12379 2.6
      vertex -39.2177 -3.12379 0.799999
    endloop
  endfacet
  facet normal -0.831554 0.555444 0
    outer loop
      vertex -39.2177 -3.12379 2.6
      vertex -39.3521 -3.325 0.799999
      vertex -39.3521 -3.325 2.6
    endloop
  endfacet
  facet normal -0.752065 -0.65909 0
    outer loop
      vertex -39.0582 -39.0582 0.799999
      vertex -39.2177 -38.8762 2.6
      vertex -39.2177 -38.8762 0.799999
    endloop
  endfacet
  facet normal -0.752065 -0.65909 0
    outer loop
      vertex -39.2177 -38.8762 2.6
      vertex -39.0582 -39.0582 0.799999
      vertex -39.0582 -39.0582 2.6
    endloop
  endfacet
  facet normal 0.707102 0 -0.707112
    outer loop
      vertex -3.2 -37.75 0
      vertex -2.39999 -4.25 0.799999
      vertex -2.39999 -37.75 0.799999
    endloop
  endfacet
  facet normal 0.707102 0 -0.707112
    outer loop
      vertex -2.39999 -4.25 0.799999
      vertex -3.2 -37.75 0
      vertex -3.2 -4.25 0
    endloop
  endfacet
  facet normal -0.0462653 0.706345 -0.706354
    outer loop
      vertex -37.75 -3.2 0
      vertex -37.8871 -3.20898 0
      vertex -37.75 -2.39999 0.799999
    endloop
  endfacet
  facet normal 0.313119 0.634845 -0.706348
    outer loop
      vertex -3.72501 -3.34067 0
      vertex -3.84818 -3.27992 0
      vertex -3.325 -2.64786 0.799999
    endloop
  endfacet
  facet normal -0.588587 -0.39325 -0.706342
    outer loop
      vertex -38.583 -38.3892 0
      vertex -39.3521 -38.675 0.799999
      vertex -38.6593 -38.275 0
    endloop
  endfacet
  facet normal -0.634761 -0.313285 -0.70635
    outer loop
      vertex -39.3521 -38.675 0.799999
      vertex -39.4592 -38.458 0.799999
      vertex -38.7201 -38.1518 0
    endloop
  endfacet
  facet normal 1 -0 0
    outer loop
      vertex -2.39999 -37.75 2.6
      vertex -2.39999 -4.25 0.799999
      vertex -2.39999 -4.25 2.6
    endloop
  endfacet
  facet normal 1 0 0
    outer loop
      vertex -2.39999 -4.25 0.799999
      vertex -2.39999 -37.75 2.6
      vertex -2.39999 -37.75 0.799999
    endloop
  endfacet
  facet normal 0.466588 -0.532322 -0.706349
    outer loop
      vertex -2.94185 -39.0582 0.799999
      vertex -3.61079 -38.583 0
      vertex -3.50754 -38.4925 0
    endloop
  endfacet
  facet normal 0.555444 -0.831554 0
    outer loop
      vertex -3.325 -39.3521 0.799999
      vertex -3.12379 -39.2177 2.6
      vertex -3.325 -39.3521 2.6
    endloop
  endfacet
  facet normal 0.555444 -0.831554 0
    outer loop
      vertex -3.12379 -39.2177 2.6
      vertex -3.325 -39.3521 0.799999
      vertex -3.12379 -39.2177 0.799999
    endloop
  endfacet
  facet normal -0.442579 -0.896729 0
    outer loop
      vertex -38.675 -39.3521 0.799999
      vertex -38.458 -39.4592 2.6
      vertex -38.675 -39.3521 2.6
    endloop
  endfacet
  facet normal -0.442579 -0.896729 -0
    outer loop
      vertex -38.458 -39.4592 2.6
      vertex -38.675 -39.3521 0.799999
      vertex -38.458 -39.4592 0.799999
    endloop
  endfacet
  facet normal -0.466538 -0.532351 -0.70636
    outer loop
      vertex -38.8762 -39.2177 0.799999
      vertex -39.0582 -39.0582 0.799999
      vertex -38.3892 -38.583 0
    endloop
  endfacet
  facet normal -0.0652849 -0.997867 0
    outer loop
      vertex -37.9915 -39.5842 0.799999
      vertex -37.75 -39.6 2.6
      vertex -37.9915 -39.5842 2.6
    endloop
  endfacet
  facet normal -0.0652849 -0.997867 -0
    outer loop
      vertex -37.75 -39.6 2.6
      vertex -37.9915 -39.5842 0.799999
      vertex -37.75 -39.6 0.799999
    endloop
  endfacet
  facet normal 0.0652929 -0.997866 0
    outer loop
      vertex -4.25 -39.6 0.799999
      vertex -4.00853 -39.5842 2.6
      vertex -4.25 -39.6 2.6
    endloop
  endfacet
  facet normal 0.0652929 -0.997866 0
    outer loop
      vertex -4.00853 -39.5842 2.6
      vertex -4.25 -39.6 0.799999
      vertex -4.00853 -39.5842 0.799999
    endloop
  endfacet
  facet normal -0.0654494 0.997856 0
    outer loop
      vertex -37.75 -2.39999 0.799999
      vertex -37.9915 -2.41583 2.6
      vertex -37.75 -2.39999 2.6
    endloop
  endfacet
  facet normal -0.0654494 0.997856 0
    outer loop
      vertex -37.9915 -2.41583 2.6
      vertex -37.75 -2.39999 0.799999
      vertex -37.9915 -2.41583 0.799999
    endloop
  endfacet
  facet normal 0.227581 -0.670283 -0.706348
    outer loop
      vertex -3.77118 -39.537 0.799999
      vertex -3.84818 -38.7201 0
      vertex -3.54204 -39.4592 0.799999
    endloop
  endfacet
  facet normal -0.321429 -0.946934 0
    outer loop
      vertex -38.458 -39.4592 0.799999
      vertex -38.2288 -39.537 2.6
      vertex -38.458 -39.4592 2.6
    endloop
  endfacet
  facet normal -0.321429 -0.946934 -0
    outer loop
      vertex -38.2288 -39.537 2.6
      vertex -38.458 -39.4592 0.799999
      vertex -38.2288 -39.537 0.799999
    endloop
  endfacet
  facet normal -0.706336 0.0462174 -0.706366
    outer loop
      vertex -38.791 -4.11295 0
      vertex -39.6 -4.25 0.799999
      vertex -39.5842 -4.00853 0.799999
    endloop
  endfacet
  facet normal -0.39325 -0.588587 -0.706342
    outer loop
      vertex -38.275 -38.6593 0
      vertex -38.675 -39.3521 0.799999
      vertex -38.3892 -38.583 0
    endloop
  endfacet
  facet normal -0.706345 0.0463853 -0.706346
    outer loop
      vertex -38.8 -4.25 0
      vertex -39.6 -4.25 0.799999
      vertex -38.791 -4.11295 0
    endloop
  endfacet
  facet normal 0.831465 -0.555577 0
    outer loop
      vertex -2.7823 -38.8762 2.6
      vertex -2.64786 -38.675 0.799999
      vertex -2.64786 -38.675 2.6
    endloop
  endfacet
  facet normal 0.831465 -0.555577 0
    outer loop
      vertex -2.64786 -38.675 0.799999
      vertex -2.7823 -38.8762 2.6
      vertex -2.7823 -38.8762 0.799999
    endloop
  endfacet
  facet normal -0.0462117 -0.706338 -0.706365
    outer loop
      vertex -37.75 -39.6 0.799999
      vertex -37.9915 -39.5842 0.799999
      vertex -37.8871 -38.791 0
    endloop
  endfacet
  facet normal -0.227526 -0.670295 -0.706355
    outer loop
      vertex -38.2288 -39.537 0.799999
      vertex -38.458 -39.4592 0.799999
      vertex -38.1518 -38.7201 0
    endloop
  endfacet
  facet normal 0.0463351 0.706347 -0.706348
    outer loop
      vertex -4.11295 -3.20898 0
      vertex -4.25 -2.39999 0.799999
      vertex -4.00853 -2.41583 0.799999
    endloop
  endfacet
  facet normal 0.555558 0.831478 -0
    outer loop
      vertex -3.12379 -2.7823 0.799999
      vertex -3.325 -2.64786 2.6
      vertex -3.12379 -2.7823 2.6
    endloop
  endfacet
  facet normal 0.555558 0.831478 0
    outer loop
      vertex -3.325 -2.64786 2.6
      vertex -3.12379 -2.7823 0.799999
      vertex -3.325 -2.64786 0.799999
    endloop
  endfacet
  facet normal 0.313243 -0.634793 -0.70634
    outer loop
      vertex -3.54204 -39.4592 0.799999
      vertex -3.84818 -38.7201 0
      vertex -3.325 -39.3521 0.799999
    endloop
  endfacet
  facet normal 0.69426 -0.13813 -0.706345
    outer loop
      vertex -2.46304 -38.2288 0.799999
      vertex -3.23578 -38.0218 0
      vertex -3.20898 -37.8871 0
    endloop
  endfacet
  facet normal 0.588576 0.393261 -0.706345
    outer loop
      vertex -2.64786 -3.325 0.799999
      vertex -3.41698 -3.61079 0
      vertex -2.7823 -3.12379 0.799999
    endloop
  endfacet
  facet normal 0.634845 0.313119 -0.706348
    outer loop
      vertex -3.27992 -3.84818 0
      vertex -3.34067 -3.72501 0
      vertex -2.64786 -3.325 0.799999
    endloop
  endfacet
  facet normal -1 0 0
    outer loop
      vertex -39.6 -37.75 0.799999
      vertex -39.6 -4.25 2.6
      vertex -39.6 -4.25 0.799999
    endloop
  endfacet
  facet normal -1 -0 0
    outer loop
      vertex -39.6 -4.25 2.6
      vertex -39.6 -37.75 0.799999
      vertex -39.6 -37.75 2.6
    endloop
  endfacet
  facet normal -0.0463294 0.706348 -0.706347
    outer loop
      vertex -37.8871 -3.20898 0
      vertex -37.9915 -2.41583 0.799999
      vertex -37.75 -2.39999 0.799999
    endloop
  endfacet
  facet normal -0.227589 0.67029 -0.706339
    outer loop
      vertex -38.1518 -3.27992 0
      vertex -38.2288 -2.46304 0.799999
      vertex -38.0218 -3.23578 0
    endloop
  endfacet
  facet normal 0.706345 -0.0462653 -0.706354
    outer loop
      vertex -2.39999 -37.75 0.799999
      vertex -3.20898 -37.8871 0
      vertex -3.2 -37.75 0
    endloop
  endfacet
  facet normal 0.313325 -0.63474 -0.706352
    outer loop
      vertex -3.325 -39.3521 0.799999
      vertex -3.84818 -38.7201 0
      vertex -3.72501 -38.6593 0
    endloop
  endfacet
  facet normal 0.896828 -0.44238 0
    outer loop
      vertex -2.64786 -38.675 2.6
      vertex -2.54082 -38.458 0.799999
      vertex -2.54082 -38.458 2.6
    endloop
  endfacet
  facet normal 0.896828 -0.44238 0
    outer loop
      vertex -2.54082 -38.458 0.799999
      vertex -2.64786 -38.675 2.6
      vertex -2.64786 -38.675 0.799999
    endloop
  endfacet
  facet normal 0.532286 -0.466628 -0.70635
    outer loop
      vertex -2.94185 -39.0582 0.799999
      vertex -3.41698 -38.3892 0
      vertex -2.7823 -38.8762 0.799999
    endloop
  endfacet
  facet normal 0.89686 0.442314 0
    outer loop
      vertex -2.54082 -3.54204 2.6
      vertex -2.64786 -3.325 0.799999
      vertex -2.64786 -3.325 2.6
    endloop
  endfacet
  facet normal 0.89686 0.442314 0
    outer loop
      vertex -2.64786 -3.325 0.799999
      vertex -2.54082 -3.54204 2.6
      vertex -2.54082 -3.54204 0.799999
    endloop
  endfacet
  facet normal 0 1 -0
    outer loop
      vertex -4.25 -2.39999 0.799999
      vertex -37.75 -2.39999 2.6
      vertex -4.25 -2.39999 2.6
    endloop
  endfacet
  facet normal 0 1 0
    outer loop
      vertex -37.75 -2.39999 2.6
      vertex -4.25 -2.39999 0.799999
      vertex -37.75 -2.39999 0.799999
    endloop
  endfacet
  facet normal -0.831541 -0.555463 0
    outer loop
      vertex -39.2177 -38.8762 0.799999
      vertex -39.3521 -38.675 2.6
      vertex -39.3521 -38.675 0.799999
    endloop
  endfacet
  facet normal -0.831541 -0.555463 0
    outer loop
      vertex -39.3521 -38.675 2.6
      vertex -39.2177 -38.8762 0.799999
      vertex -39.2177 -38.8762 2.6
    endloop
  endfacet
  facet normal -0.896729 -0.442579 0
    outer loop
      vertex -39.3521 -38.675 0.799999
      vertex -39.4592 -38.458 2.6
      vertex -39.4592 -38.458 0.799999
    endloop
  endfacet
  facet normal -0.896729 -0.442579 0
    outer loop
      vertex -39.4592 -38.458 2.6
      vertex -39.3521 -38.675 0.799999
      vertex -39.3521 -38.675 2.6
    endloop
  endfacet
  facet normal -0.321355 0.946959 0
    outer loop
      vertex -38.2288 -2.46304 0.799999
      vertex -38.458 -2.54082 2.6
      vertex -38.2288 -2.46304 2.6
    endloop
  endfacet
  facet normal -0.321355 0.946959 0
    outer loop
      vertex -38.458 -2.54082 2.6
      vertex -38.2288 -2.46304 0.799999
      vertex -38.458 -2.54082 0.799999
    endloop
  endfacet
  facet normal 0.751854 0.659329 0
    outer loop
      vertex -2.7823 -3.12379 2.6
      vertex -2.94185 -2.94185 0.799999
      vertex -2.94185 -2.94185 2.6
    endloop
  endfacet
  facet normal 0.751854 0.659329 0
    outer loop
      vertex -2.94185 -2.94185 0.799999
      vertex -2.7823 -3.12379 2.6
      vertex -2.7823 -3.12379 0.799999
    endloop
  endfacet
  facet normal -0.555463 -0.831541 0
    outer loop
      vertex -38.8762 -39.2177 0.799999
      vertex -38.675 -39.3521 2.6
      vertex -38.8762 -39.2177 2.6
    endloop
  endfacet
  facet normal -0.555463 -0.831541 -0
    outer loop
      vertex -38.675 -39.3521 2.6
      vertex -38.8762 -39.2177 0.799999
      vertex -38.675 -39.3521 0.799999
    endloop
  endfacet
  facet normal -0.466462 -0.532436 -0.706346
    outer loop
      vertex -38.3892 -38.583 0
      vertex -39.0582 -39.0582 0.799999
      vertex -38.4925 -38.4925 0
    endloop
  endfacet
  facet normal 0.0462174 -0.706336 -0.706366
    outer loop
      vertex -4.00853 -39.5842 0.799999
      vertex -4.25 -39.6 0.799999
      vertex -4.11295 -38.791 0
    endloop
  endfacet
  facet normal 0.831478 0.555558 0
    outer loop
      vertex -2.64786 -3.325 2.6
      vertex -2.7823 -3.12379 0.799999
      vertex -2.7823 -3.12379 2.6
    endloop
  endfacet
  facet normal 0.831478 0.555558 0
    outer loop
      vertex -2.7823 -3.12379 0.799999
      vertex -2.64786 -3.325 2.6
      vertex -2.64786 -3.325 0.799999
    endloop
  endfacet
  facet normal -0.588617 -0.393191 -0.70635
    outer loop
      vertex -39.2177 -38.8762 0.799999
      vertex -39.3521 -38.675 0.799999
      vertex -38.583 -38.3892 0
    endloop
  endfacet
  facet normal -0.532351 -0.466538 -0.70636
    outer loop
      vertex -39.0582 -39.0582 0.799999
      vertex -39.2177 -38.8762 0.799999
      vertex -38.583 -38.3892 0
    endloop
  endfacet
  facet normal -0.195083 -0.980787 0
    outer loop
      vertex -38.2288 -39.537 0.799999
      vertex -37.9915 -39.5842 2.6
      vertex -38.2288 -39.537 2.6
    endloop
  endfacet
  facet normal -0.195083 -0.980787 -0
    outer loop
      vertex -37.9915 -39.5842 2.6
      vertex -38.2288 -39.537 0.799999
      vertex -37.9915 -39.5842 0.799999
    endloop
  endfacet
  facet normal -0.997867 -0.0652849 0
    outer loop
      vertex -39.5842 -37.9915 0.799999
      vertex -39.6 -37.75 2.6
      vertex -39.6 -37.75 0.799999
    endloop
  endfacet
  facet normal -0.997867 -0.0652849 0
    outer loop
      vertex -39.6 -37.75 2.6
      vertex -39.5842 -37.9915 0.799999
      vertex -39.5842 -37.9915 2.6
    endloop
  endfacet
  facet normal 0.442514 -0.896762 0
    outer loop
      vertex -3.54204 -39.4592 0.799999
      vertex -3.325 -39.3521 2.6
      vertex -3.54204 -39.4592 2.6
    endloop
  endfacet
  facet normal 0.442514 -0.896762 0
    outer loop
      vertex -3.325 -39.3521 2.6
      vertex -3.54204 -39.4592 0.799999
      vertex -3.325 -39.3521 0.799999
    endloop
  endfacet
  facet normal 0.466717 0.532213 -0.706346
    outer loop
      vertex -2.94185 -2.94185 0.799999
      vertex -3.61079 -3.41698 0
      vertex -3.12379 -2.7823 0.799999
    endloop
  endfacet
  facet normal -0.466628 0.532286 -0.70635
    outer loop
      vertex -38.3892 -3.41698 0
      vertex -39.0582 -2.94185 0.799999
      vertex -38.8762 -2.7823 0.799999
    endloop
  endfacet
  facet normal -0.555577 0.831465 0
    outer loop
      vertex -38.675 -2.64786 0.799999
      vertex -38.8762 -2.7823 2.6
      vertex -38.675 -2.64786 2.6
    endloop
  endfacet
  facet normal -0.555577 0.831465 0
    outer loop
      vertex -38.8762 -2.7823 2.6
      vertex -38.675 -2.64786 0.799999
      vertex -38.8762 -2.7823 0.799999
    endloop
  endfacet
  facet normal -0.138121 0.694263 -0.706344
    outer loop
      vertex -37.8871 -3.20898 0
      vertex -38.2288 -2.46304 0.799999
      vertex -37.9915 -2.41583 0.799999
    endloop
  endfacet
  facet normal -0.227474 0.670314 -0.706353
    outer loop
      vertex -38.1518 -3.27992 0
      vertex -38.458 -2.54082 0.799999
      vertex -38.2288 -2.46304 0.799999
    endloop
  endfacet
  facet normal 0.532166 0.46676 -0.706353
    outer loop
      vertex -3.41698 -3.61079 0
      vertex -3.50754 -3.50754 0
      vertex -2.94185 -2.94185 0.799999
    endloop
  endfacet
  facet normal -0.980787 -0.195083 0
    outer loop
      vertex -39.537 -38.2288 0.799999
      vertex -39.5842 -37.9915 2.6
      vertex -39.5842 -37.9915 0.799999
    endloop
  endfacet
  facet normal -0.980787 -0.195083 0
    outer loop
      vertex -39.5842 -37.9915 2.6
      vertex -39.537 -38.2288 0.799999
      vertex -39.537 -38.2288 2.6
    endloop
  endfacet
  facet normal 0.532213 0.466717 -0.706346
    outer loop
      vertex -2.7823 -3.12379 0.799999
      vertex -3.41698 -3.61079 0
      vertex -2.94185 -2.94185 0.799999
    endloop
  endfacet
  facet normal -0.588615 0.3932 -0.706347
    outer loop
      vertex -38.6593 -3.72501 0
      vertex -39.3521 -3.325 0.799999
      vertex -38.583 -3.61079 0
    endloop
  endfacet
  facet normal 0.0463853 -0.706345 -0.706346
    outer loop
      vertex -4.11295 -38.791 0
      vertex -4.25 -39.6 0.799999
      vertex -4.25 -38.8 0
    endloop
  endfacet
  facet normal 0.706348 -0.0463294 -0.706347
    outer loop
      vertex -2.41583 -37.9915 0.799999
      vertex -3.20898 -37.8871 0
      vertex -2.39999 -37.75 0.799999
    endloop
  endfacet
  facet normal 0.0654575 0.997855 -0
    outer loop
      vertex -4.00853 -2.41583 0.799999
      vertex -4.25 -2.39999 2.6
      vertex -4.00853 -2.41583 2.6
    endloop
  endfacet
  facet normal 0.0654575 0.997855 0
    outer loop
      vertex -4.25 -2.39999 2.6
      vertex -4.00853 -2.41583 0.799999
      vertex -4.25 -2.39999 0.799999
    endloop
  endfacet
  facet normal 0.670302 0.22753 -0.706346
    outer loop
      vertex -2.46304 -3.77118 0.799999
      vertex -3.27992 -3.84818 0
      vertex -2.54082 -3.54204 0.799999
    endloop
  endfacet
  facet normal -0.588626 0.393178 -0.70635
    outer loop
      vertex -38.583 -3.61079 0
      vertex -39.3521 -3.325 0.799999
      vertex -39.2177 -3.12379 0.799999
    endloop
  endfacet
  facet normal 0.659329 0.751854 -0
    outer loop
      vertex -2.94185 -2.94185 0.799999
      vertex -3.12379 -2.7823 2.6
      vertex -2.94185 -2.94185 2.6
    endloop
  endfacet
  facet normal 0.659329 0.751854 0
    outer loop
      vertex -3.12379 -2.7823 2.6
      vertex -2.94185 -2.94185 0.799999
      vertex -3.12379 -2.7823 0.799999
    endloop
  endfacet
  facet normal -0.138125 -0.694234 -0.706371
    outer loop
      vertex -37.8871 -38.791 0
      vertex -38.2288 -39.537 0.799999
      vertex -38.0218 -38.7642 0
    endloop
  endfacet
  facet normal 0.195043 -0.980795 0
    outer loop
      vertex -4.00853 -39.5842 0.799999
      vertex -3.77118 -39.537 2.6
      vertex -4.00853 -39.5842 2.6
    endloop
  endfacet
  facet normal 0.195043 -0.980795 0
    outer loop
      vertex -3.77118 -39.537 2.6
      vertex -4.00853 -39.5842 0.799999
      vertex -3.77118 -39.537 0.799999
    endloop
  endfacet
  facet normal 0.321504 -0.946908 0
    outer loop
      vertex -3.77118 -39.537 0.799999
      vertex -3.54204 -39.4592 2.6
      vertex -3.77118 -39.537 2.6
    endloop
  endfacet
  facet normal 0.321504 -0.946908 0
    outer loop
      vertex -3.54204 -39.4592 2.6
      vertex -3.77118 -39.537 0.799999
      vertex -3.54204 -39.4592 0.799999
    endloop
  endfacet
  facet normal -0.195123 0.980779 0
    outer loop
      vertex -37.9915 -2.41583 0.799999
      vertex -38.2288 -2.46304 2.6
      vertex -37.9915 -2.41583 2.6
    endloop
  endfacet
  facet normal -0.195123 0.980779 0
    outer loop
      vertex -38.2288 -2.46304 2.6
      vertex -37.9915 -2.41583 0.799999
      vertex -38.2288 -2.46304 0.799999
    endloop
  endfacet
  facet normal -0.694234 -0.138125 -0.706371
    outer loop
      vertex -38.7642 -38.0218 0
      vertex -39.537 -38.2288 0.799999
      vertex -38.791 -37.8871 0
    endloop
  endfacet
  facet normal 0.3131 0.634858 -0.706346
    outer loop
      vertex -3.325 -2.64786 0.799999
      vertex -3.84818 -3.27992 0
      vertex -3.54204 -2.54082 0.799999
    endloop
  endfacet
  facet normal 0.22753 0.670302 -0.706346
    outer loop
      vertex -3.54204 -2.54082 0.799999
      vertex -3.84818 -3.27992 0
      vertex -3.77118 -2.46304 0.799999
    endloop
  endfacet
  facet normal 0.670314 -0.227474 -0.706353
    outer loop
      vertex -2.54082 -38.458 0.799999
      vertex -3.27992 -38.1518 0
      vertex -2.46304 -38.2288 0.799999
    endloop
  endfacet
  facet normal 0.138114 -0.694231 -0.706376
    outer loop
      vertex -3.77118 -39.537 0.799999
      vertex -4.11295 -38.791 0
      vertex -3.97824 -38.7642 0
    endloop
  endfacet
  facet normal 0.634826 -0.313142 -0.706356
    outer loop
      vertex -2.64786 -38.675 0.799999
      vertex -3.27992 -38.1518 0
      vertex -2.54082 -38.458 0.799999
    endloop
  endfacet
  facet normal 0.980779 -0.195123 0
    outer loop
      vertex -2.46304 -38.2288 2.6
      vertex -2.41583 -37.9915 0.799999
      vertex -2.41583 -37.9915 2.6
    endloop
  endfacet
  facet normal 0.980779 -0.195123 0
    outer loop
      vertex -2.41583 -37.9915 0.799999
      vertex -2.46304 -38.2288 2.6
      vertex -2.46304 -38.2288 0.799999
    endloop
  endfacet
  facet normal -0.997866 0.0652929 0
    outer loop
      vertex -39.6 -4.25 0.799999
      vertex -39.5842 -4.00853 2.6
      vertex -39.5842 -4.00853 0.799999
    endloop
  endfacet
  facet normal -0.997866 0.0652929 0
    outer loop
      vertex -39.5842 -4.00853 2.6
      vertex -39.6 -4.25 0.799999
      vertex -39.6 -4.25 2.6
    endloop
  endfacet
  facet normal 0.67029 -0.227589 -0.706339
    outer loop
      vertex -2.46304 -38.2288 0.799999
      vertex -3.27992 -38.1518 0
      vertex -3.23578 -38.0218 0
    endloop
  endfacet
  facet normal -0.634774 -0.313265 -0.706348
    outer loop
      vertex -38.6593 -38.275 0
      vertex -39.3521 -38.675 0.799999
      vertex -38.7201 -38.1518 0
    endloop
  endfacet
  facet normal 0.980787 0.195083 0
    outer loop
      vertex -2.41583 -4.00853 2.6
      vertex -2.46304 -3.77118 0.799999
      vertex -2.46304 -3.77118 2.6
    endloop
  endfacet
  facet normal 0.980787 0.195083 0
    outer loop
      vertex -2.46304 -3.77118 0.799999
      vertex -2.41583 -4.00853 2.6
      vertex -2.41583 -4.00853 0.799999
    endloop
  endfacet
  facet normal 0.13806 -0.694249 -0.706369
    outer loop
      vertex -4.00853 -39.5842 0.799999
      vertex -4.11295 -38.791 0
      vertex -3.77118 -39.537 0.799999
    endloop
  endfacet
  facet normal -0.694246 -0.138089 -0.706367
    outer loop
      vertex -39.537 -38.2288 0.799999
      vertex -39.5842 -37.9915 0.799999
      vertex -38.791 -37.8871 0
    endloop
  endfacet
  facet normal -0.751957 0.659212 0
    outer loop
      vertex -39.2177 -3.12379 0.799999
      vertex -39.0582 -2.94185 2.6
      vertex -39.0582 -2.94185 0.799999
    endloop
  endfacet
  facet normal -0.751957 0.659212 0
    outer loop
      vertex -39.0582 -2.94185 2.6
      vertex -39.2177 -3.12379 0.799999
      vertex -39.2177 -3.12379 2.6
    endloop
  endfacet
  facet normal -0.706346 -0.0463684 -0.706347
    outer loop
      vertex -38.791 -37.8871 0
      vertex -39.6 -37.75 0.799999
      vertex -38.8 -37.75 0
    endloop
  endfacet
  facet normal 0.588589 0.393235 -0.706349
    outer loop
      vertex -3.34067 -3.72501 0
      vertex -3.41698 -3.61079 0
      vertex -2.64786 -3.325 0.799999
    endloop
  endfacet
  facet normal 0.634879 -0.313059 -0.706344
    outer loop
      vertex -2.64786 -38.675 0.799999
      vertex -3.34067 -38.275 0
      vertex -3.27992 -38.1518 0
    endloop
  endfacet
  facet normal -0.659206 0.751962 0
    outer loop
      vertex -38.8762 -2.7823 0.799999
      vertex -39.0582 -2.94185 2.6
      vertex -38.8762 -2.7823 2.6
    endloop
  endfacet
  facet normal -0.659206 0.751962 0
    outer loop
      vertex -39.0582 -2.94185 2.6
      vertex -38.8762 -2.7823 0.799999
      vertex -39.0582 -2.94185 0.799999
    endloop
  endfacet
  facet normal 0.13812 0.694257 -0.70635
    outer loop
      vertex -3.97824 -3.23578 0
      vertex -4.11295 -3.20898 0
      vertex -3.77118 -2.46304 0.799999
    endloop
  endfacet
  facet normal 0.588561 -0.393285 -0.706345
    outer loop
      vertex -2.64786 -38.675 0.799999
      vertex -3.41698 -38.3892 0
      vertex -3.34067 -38.275 0
    endloop
  endfacet
  facet normal -0.532322 0.466588 -0.706349
    outer loop
      vertex -38.583 -3.61079 0
      vertex -39.0582 -2.94185 0.799999
      vertex -38.4925 -3.50754 0
    endloop
  endfacet
  facet normal -0.393275 0.588566 -0.706346
    outer loop
      vertex -38.3892 -3.41698 0
      vertex -38.8762 -2.7823 0.799999
      vertex -38.675 -2.64786 0.799999
    endloop
  endfacet
  facet normal -0.13813 0.69426 -0.706345
    outer loop
      vertex -38.0218 -3.23578 0
      vertex -38.2288 -2.46304 0.799999
      vertex -37.8871 -3.20898 0
    endloop
  endfacet
  facet normal -0.63474 0.313325 -0.706352
    outer loop
      vertex -38.7201 -3.84818 0
      vertex -39.3521 -3.325 0.799999
      vertex -38.6593 -3.72501 0
    endloop
  endfacet
  facet normal -0.670283 0.227581 -0.706348
    outer loop
      vertex -38.7201 -3.84818 0
      vertex -39.537 -3.77118 0.799999
      vertex -39.4592 -3.54204 0.799999
    endloop
  endfacet
  facet normal 0.195083 0.980787 -0
    outer loop
      vertex -3.77118 -2.46304 0.799999
      vertex -4.00853 -2.41583 2.6
      vertex -3.77118 -2.46304 2.6
    endloop
  endfacet
  facet normal 0.195083 0.980787 0
    outer loop
      vertex -4.00853 -2.41583 2.6
      vertex -3.77118 -2.46304 0.799999
      vertex -4.00853 -2.41583 0.799999
    endloop
  endfacet
  facet normal 0.67031 0.227491 -0.706351
    outer loop
      vertex -3.23578 -3.97824 0
      vertex -3.27992 -3.84818 0
      vertex -2.46304 -3.77118 0.799999
    endloop
  endfacet
  facet normal 0.694263 -0.138121 -0.706344
    outer loop
      vertex -2.46304 -38.2288 0.799999
      vertex -3.20898 -37.8871 0
      vertex -2.41583 -37.9915 0.799999
    endloop
  endfacet
  facet normal -0.694249 0.13806 -0.706369
    outer loop
      vertex -38.791 -4.11295 0
      vertex -39.5842 -4.00853 0.799999
      vertex -39.537 -3.77118 0.799999
    endloop
  endfacet
  facet normal -0.694231 0.138114 -0.706376
    outer loop
      vertex -38.791 -4.11295 0
      vertex -39.537 -3.77118 0.799999
      vertex -38.7642 -3.97824 0
    endloop
  endfacet
  facet normal 0.393261 0.588576 -0.706345
    outer loop
      vertex -3.12379 -2.7823 0.799999
      vertex -3.61079 -3.41698 0
      vertex -3.325 -2.64786 0.799999
    endloop
  endfacet
  facet normal 0.393235 0.588589 -0.706349
    outer loop
      vertex -3.61079 -3.41698 0
      vertex -3.72501 -3.34067 0
      vertex -3.325 -2.64786 0.799999
    endloop
  endfacet
  facet normal 0.227296 -0.670343 -0.706382
    outer loop
      vertex -3.77118 -39.537 0.799999
      vertex -3.97824 -38.7642 0
      vertex -3.84818 -38.7201 0
    endloop
  endfacet
  facet normal -0.980795 0.195043 0
    outer loop
      vertex -39.5842 -4.00853 0.799999
      vertex -39.537 -3.77118 2.6
      vertex -39.537 -3.77118 0.799999
    endloop
  endfacet
  facet normal -0.980795 0.195043 0
    outer loop
      vertex -39.537 -3.77118 2.6
      vertex -39.5842 -4.00853 0.799999
      vertex -39.5842 -4.00853 2.6
    endloop
  endfacet
  facet normal -0.634793 0.313243 -0.70634
    outer loop
      vertex -38.7201 -3.84818 0
      vertex -39.4592 -3.54204 0.799999
      vertex -39.3521 -3.325 0.799999
    endloop
  endfacet
  facet normal 0.706347 0.0463351 -0.706348
    outer loop
      vertex -2.39999 -4.25 0.799999
      vertex -3.20898 -4.11295 0
      vertex -2.41583 -4.00853 0.799999
    endloop
  endfacet
  facet normal -0.670323 -0.227394 -0.706371
    outer loop
      vertex -38.7201 -38.1518 0
      vertex -39.537 -38.2288 0.799999
      vertex -38.7642 -38.0218 0
    endloop
  endfacet
  facet normal -0.393285 0.588561 -0.706345
    outer loop
      vertex -38.3892 -3.41698 0
      vertex -38.675 -2.64786 0.799999
      vertex -38.275 -3.34067 0
    endloop
  endfacet
  facet normal -0.313059 0.634879 -0.706344
    outer loop
      vertex -38.275 -3.34067 0
      vertex -38.675 -2.64786 0.799999
      vertex -38.1518 -3.27992 0
    endloop
  endfacet
  facet normal 0.706344 0.0462822 -0.706354
    outer loop
      vertex -3.2 -4.25 0
      vertex -3.20898 -4.11295 0
      vertex -2.39999 -4.25 0.799999
    endloop
  endfacet
  facet normal 0.32143 0.946933 -0
    outer loop
      vertex -3.54204 -2.54082 0.799999
      vertex -3.77118 -2.46304 2.6
      vertex -3.54204 -2.54082 2.6
    endloop
  endfacet
  facet normal 0.32143 0.946933 0
    outer loop
      vertex -3.77118 -2.46304 2.6
      vertex -3.54204 -2.54082 0.799999
      vertex -3.77118 -2.46304 0.799999
    endloop
  endfacet
  facet normal 0.694257 0.13812 -0.70635
    outer loop
      vertex -3.20898 -4.11295 0
      vertex -3.23578 -3.97824 0
      vertex -2.46304 -3.77118 0.799999
    endloop
  endfacet
  facet normal 0.946933 0.32143 0
    outer loop
      vertex -2.46304 -3.77118 2.6
      vertex -2.54082 -3.54204 0.799999
      vertex -2.54082 -3.54204 2.6
    endloop
  endfacet
  facet normal 0.946933 0.32143 0
    outer loop
      vertex -2.54082 -3.54204 0.799999
      vertex -2.46304 -3.77118 2.6
      vertex -2.46304 -3.77118 0.799999
    endloop
  endfacet
  facet normal 0.588573 0.393259 -0.706349
    outer loop
      vertex -2.7823 -3.12379 2.6
      vertex -1.08389 -1.82198 4.74
      vertex -2.64786 -3.325 2.6
    endloop
  endfacet
  facet normal 0.587987 0.394077 -0.706381
    outer loop
      vertex -1.08389 -1.82198 4.74
      vertex -2.7823 -3.12379 2.6
      vertex -1.08452 -1.82104 4.74
    endloop
  endfacet
  facet normal -0.634779 0.313237 -0.706355
    outer loop
      vertex -41.2059 -2.25601 4.74
      vertex -39.3521 -3.325 2.6
      vertex -39.4592 -3.54204 2.6
    endloop
  endfacet
  facet normal -0.634352 0.314036 -0.706385
    outer loop
      vertex -39.3521 -3.325 2.6
      vertex -41.2059 -2.25601 4.74
      vertex -41.2054 -2.255 4.74
    endloop
  endfacet
  facet normal 0.186056 -0.682207 -0.70709
    outer loop
      vertex -3.21841 -41.6043 4.74
      vertex -3.77118 -39.537 2.6
      vertex -3.21731 -41.604 4.74
    endloop
  endfacet
  facet normal 0.138064 -0.694271 -0.706347
    outer loop
      vertex -3.77118 -39.537 2.6
      vertex -3.21841 -41.6043 4.74
      vertex -4.00853 -39.5842 2.6
    endloop
  endfacet
  facet normal -0.751842 -0.659343 0
    outer loop
      vertex -40.5784 -40.5784 4.74
      vertex -40.9234 -40.185 41.14
      vertex -40.9234 -40.185 4.74
    endloop
  endfacet
  facet normal -0.751842 -0.659343 0
    outer loop
      vertex -40.9234 -40.185 41.14
      vertex -40.5784 -40.5784 4.74
      vertex -40.5784 -40.5784 41.14
    endloop
  endfacet
  facet normal -0.313143 0.634829 -0.706352
    outer loop
      vertex -38.675 -2.64786 2.6
      vertex -39.744 -0.794066 4.74
      vertex -38.458 -2.54082 2.6
    endloop
  endfacet
  facet normal -0.315513 0.63356 -0.706437
    outer loop
      vertex -39.744 -0.794066 4.74
      vertex -38.675 -2.64786 2.6
      vertex -39.745 -0.794564 4.74
    endloop
  endfacet
  facet normal 0.532232 -0.466695 -0.706346
    outer loop
      vertex -1.42864 -40.5714 4.74
      vertex -2.94185 -39.0582 2.6
      vertex -1.08526 -40.1798 4.74
    endloop
  endfacet
  facet normal 0.0466671 0.706312 -0.70636
    outer loop
      vertex -4.00853 -2.41583 2.6
      vertex -3.73032 -0.294066 4.74
      vertex -3.7292 -0.29414 4.74
    endloop
  endfacet
  facet normal 0.046335 0.706345 -0.70635
    outer loop
      vertex -3.73032 -0.294066 4.74
      vertex -4.00853 -2.41583 2.6
      vertex -4.25 -2.39999 2.6
    endloop
  endfacet
  facet normal -0.670298 0.227537 -0.706348
    outer loop
      vertex -39.4592 -3.54204 2.6
      vertex -41.6037 -3.21624 4.74
      vertex -41.4363 -2.7231 4.74
    endloop
  endfacet
  facet normal -0.707107 0 -0.707107
    outer loop
      vertex -39.6 -37.75 2.6
      vertex -41.74 -4.25 4.74
      vertex -39.6 -4.25 2.6
    endloop
  endfacet
  facet normal -0.707107 -0 -0.707107
    outer loop
      vertex -41.74 -4.25 4.74
      vertex -39.6 -37.75 2.6
      vertex -41.74 -37.75 4.74
    endloop
  endfacet
  facet normal 0.489042 -0.513494 -0.705097
    outer loop
      vertex -3.12379 -39.2177 2.6
      vertex -1.8202 -40.9147 4.74
      vertex -1.82104 -40.9155 4.74
    endloop
  endfacet
  facet normal 0.466633 -0.532284 -0.706348
    outer loop
      vertex -1.8202 -40.9147 4.74
      vertex -3.12379 -39.2177 2.6
      vertex -2.94185 -39.0582 2.6
    endloop
  endfacet
  facet normal 0 -0.707107 -0.707107
    outer loop
      vertex -37.75 -39.6 2.6
      vertex -4.25 -41.74 4.74
      vertex -37.75 -41.74 4.74
    endloop
  endfacet
  facet normal 0 -0.707107 -0.707107
    outer loop
      vertex -4.25 -41.74 4.74
      vertex -37.75 -39.6 2.6
      vertex -4.25 -39.6 2.6
    endloop
  endfacet
  facet normal 0.707108 0 -0.707105
    outer loop
      vertex -0.26 -37.75 4.74
      vertex -2.39999 -4.25 2.6
      vertex -0.26 -4.25 4.74
    endloop
  endfacet
  facet normal 0.707108 0 -0.707105
    outer loop
      vertex -2.39999 -4.25 2.6
      vertex -0.26 -37.75 4.74
      vertex -2.39999 -37.75 2.6
    endloop
  endfacet
  facet normal -0.588631 0.393181 -0.706345
    outer loop
      vertex -40.9161 -1.82198 4.74
      vertex -39.2177 -3.12379 2.6
      vertex -39.3521 -3.325 2.6
    endloop
  endfacet
  facet normal -0.597146 0.381157 -0.705788
    outer loop
      vertex -39.2177 -3.12379 2.6
      vertex -40.9161 -1.82198 4.74
      vertex -40.9155 -1.82104 4.74
    endloop
  endfacet
  facet normal 0.63356 -0.315513 -0.706437
    outer loop
      vertex -2.64786 -38.675 2.6
      vertex -0.794066 -39.744 4.74
      vertex -0.794564 -39.745 4.74
    endloop
  endfacet
  facet normal 0.634829 -0.313143 -0.706352
    outer loop
      vertex -0.794066 -39.744 4.74
      vertex -2.64786 -38.675 2.6
      vertex -2.54082 -38.458 2.6
    endloop
  endfacet
  facet normal 0.138082 0.694265 -0.706349
    outer loop
      vertex -3.21841 -0.395731 4.74
      vertex -4.00853 -2.41583 2.6
      vertex -3.7292 -0.29414 4.74
    endloop
  endfacet
  facet normal -0.682206 -0.186056 -0.707092
    outer loop
      vertex -41.6043 -38.7816 4.74
      vertex -39.537 -38.2288 2.6
      vertex -41.604 -38.7827 4.74
    endloop
  endfacet
  facet normal -0.694263 -0.138092 -0.706349
    outer loop
      vertex -39.537 -38.2288 2.6
      vertex -41.6043 -38.7816 4.74
      vertex -39.5842 -37.9915 2.6
    endloop
  endfacet
  facet normal -0.0463468 -0.706347 -0.706347
    outer loop
      vertex -37.75 -41.74 4.74
      vertex -38.2697 -41.7059 4.74
      vertex -37.75 -39.6 2.6
    endloop
  endfacet
  facet normal -0.694271 0.138064 -0.706347
    outer loop
      vertex -41.6043 -3.21841 4.74
      vertex -39.537 -3.77118 2.6
      vertex -39.5842 -4.00853 2.6
    endloop
  endfacet
  facet normal -0.682207 0.186056 -0.70709
    outer loop
      vertex -39.537 -3.77118 2.6
      vertex -41.6043 -3.21841 4.74
      vertex -41.604 -3.21731 4.74
    endloop
  endfacet
  facet normal 0.599548 -0.377715 -0.705602
    outer loop
      vertex -2.7823 -38.8762 2.6
      vertex -1.08389 -40.178 4.74
      vertex -1.08452 -40.179 4.74
    endloop
  endfacet
  facet normal 0.588564 -0.393273 -0.706349
    outer loop
      vertex -1.08389 -40.178 4.74
      vertex -2.7823 -38.8762 2.6
      vertex -2.64786 -38.675 2.6
    endloop
  endfacet
  facet normal 0.394077 0.587987 -0.706381
    outer loop
      vertex -3.12379 -2.7823 2.6
      vertex -1.82198 -1.08389 4.74
      vertex -1.82104 -1.08452 4.74
    endloop
  endfacet
  facet normal 0.393259 0.588573 -0.706349
    outer loop
      vertex -1.82198 -1.08389 4.74
      vertex -3.12379 -2.7823 2.6
      vertex -3.325 -2.64786 2.6
    endloop
  endfacet
  facet normal -1 0 0
    outer loop
      vertex -41.75 -37.75 4.74
      vertex -41.75 37.75 41.14
      vertex -41.75 37.75 4.74
    endloop
  endfacet
  facet normal -1 -0 0
    outer loop
      vertex -41.75 37.75 41.14
      vertex -41.75 -37.75 4.74
      vertex -41.75 -37.75 41.14
    endloop
  endfacet
  facet normal 0.313075 0.634868 -0.706347
    outer loop
      vertex -2.25601 -0.794066 4.74
      vertex -3.54204 -2.54082 2.6
      vertex -2.7231 -0.563728 4.74
    endloop
  endfacet
  facet normal 0.52018 -0.481166 -0.705614
    outer loop
      vertex -1.08526 -40.1798 4.74
      vertex -2.7823 -38.8762 2.6
      vertex -1.08452 -40.179 4.74
    endloop
  endfacet
  facet normal 0.532283 -0.466625 -0.706354
    outer loop
      vertex -2.7823 -38.8762 2.6
      vertex -1.08526 -40.1798 4.74
      vertex -2.94185 -39.0582 2.6
    endloop
  endfacet
  facet normal 0.46672 0.532206 -0.706349
    outer loop
      vertex -1.42864 -1.42864 4.74
      vertex -2.94185 -2.94185 2.6
      vertex -1.8202 -1.08526 4.74
    endloop
  endfacet
  facet normal 0.694263 0.138092 -0.70635
    outer loop
      vertex -2.46304 -3.77118 2.6
      vertex -0.395731 -3.21841 4.74
      vertex -2.41583 -4.00853 2.6
    endloop
  endfacet
  facet normal 0.694093 0.138819 -0.706374
    outer loop
      vertex -0.395731 -3.21841 4.74
      vertex -2.46304 -3.77118 2.6
      vertex -0.395951 -3.21731 4.74
    endloop
  endfacet
  facet normal 0 0.707108 -0.707105
    outer loop
      vertex -4.25 -2.39999 2.6
      vertex -37.75 -0.26 4.74
      vertex -4.25 -0.26 4.74
    endloop
  endfacet
  facet normal 0 0.707108 -0.707105
    outer loop
      vertex -37.75 -0.26 4.74
      vertex -4.25 -2.39999 2.6
      vertex -37.75 -2.39999 2.6
    endloop
  endfacet
  facet normal 0.39326 0.588573 -0.706349
    outer loop
      vertex -1.82198 -1.08389 4.74
      vertex -3.325 -2.64786 2.6
      vertex -2.255 -0.794564 4.74
    endloop
  endfacet
  facet normal -0.997861 -0.0653646 0
    outer loop
      vertex -41.7158 -38.2721 4.74
      vertex -41.75 -37.75 41.14
      vertex -41.75 -37.75 4.74
    endloop
  endfacet
  facet normal -0.997861 -0.0653646 0
    outer loop
      vertex -41.75 -37.75 41.14
      vertex -41.7158 -38.2721 4.74
      vertex -41.7158 -38.2721 41.14
    endloop
  endfacet
  facet normal -0.670287 0.227583 -0.706344
    outer loop
      vertex -39.537 -3.77118 2.6
      vertex -41.6037 -3.21624 4.74
      vertex -39.4592 -3.54204 2.6
    endloop
  endfacet
  facet normal -0.680888 0.190903 -0.70707
    outer loop
      vertex -41.6037 -3.21624 4.74
      vertex -39.537 -3.77118 2.6
      vertex -41.604 -3.21731 4.74
    endloop
  endfacet
  facet normal 0.0463026 0.70635 -0.706347
    outer loop
      vertex -3.73032 -0.294066 4.74
      vertex -4.25 -2.39999 2.6
      vertex -4.25 -0.26 4.74
    endloop
  endfacet
  facet normal 0.634854 0.313098 -0.706349
    outer loop
      vertex -2.64786 -3.325 2.6
      vertex -0.794066 -2.25601 4.74
      vertex -2.54082 -3.54204 2.6
    endloop
  endfacet
  facet normal 0.634884 0.313042 -0.706347
    outer loop
      vertex -0.794066 -2.25601 4.74
      vertex -2.64786 -3.325 2.6
      vertex -0.794564 -2.255 4.74
    endloop
  endfacet
  facet normal -0.532284 0.466633 -0.706348
    outer loop
      vertex -39.2177 -3.12379 2.6
      vertex -40.9147 -1.8202 4.74
      vertex -39.0582 -2.94185 2.6
    endloop
  endfacet
  facet normal -0.513494 0.489042 -0.705097
    outer loop
      vertex -40.9147 -1.8202 4.74
      vertex -39.2177 -3.12379 2.6
      vertex -40.9155 -1.82104 4.74
    endloop
  endfacet
  facet normal -0.588588 0.393234 -0.706351
    outer loop
      vertex -39.3521 -3.325 2.6
      vertex -41.2054 -2.255 4.74
      vertex -40.9161 -1.82198 4.74
    endloop
  endfacet
  facet normal -0.313139 -0.634841 -0.706343
    outer loop
      vertex -39.2769 -41.4363 4.74
      vertex -39.744 -41.2059 4.74
      vertex -38.458 -39.4592 2.6
    endloop
  endfacet
  facet normal -0.227573 0.670288 -0.706346
    outer loop
      vertex -38.458 -2.54082 2.6
      vertex -39.2769 -0.563728 4.74
      vertex -38.7838 -0.396313 4.74
    endloop
  endfacet
  facet normal -0.694263 -0.138092 -0.706349
    outer loop
      vertex -41.6043 -38.7816 4.74
      vertex -41.7059 -38.2708 4.74
      vertex -39.5842 -37.9915 2.6
    endloop
  endfacet
  facet normal 0.138819 0.694093 -0.706374
    outer loop
      vertex -3.77118 -2.46304 2.6
      vertex -3.21841 -0.395731 4.74
      vertex -3.21731 -0.395951 4.74
    endloop
  endfacet
  facet normal 0.138092 0.694263 -0.70635
    outer loop
      vertex -3.21841 -0.395731 4.74
      vertex -3.77118 -2.46304 2.6
      vertex -4.00853 -2.41583 2.6
    endloop
  endfacet
  facet normal 0.70635 0.0463026 -0.706347
    outer loop
      vertex -0.26 -4.25 4.74
      vertex -2.39999 -4.25 2.6
      vertex -0.294066 -3.73032 4.74
    endloop
  endfacet
  facet normal -0.634841 -0.313139 -0.706343
    outer loop
      vertex -41.2059 -39.744 4.74
      vertex -41.4363 -39.2769 4.74
      vertex -39.4592 -38.458 2.6
    endloop
  endfacet
  facet normal -0.532263 0.466662 -0.706345
    outer loop
      vertex -39.0582 -2.94185 2.6
      vertex -40.9147 -1.8202 4.74
      vertex -40.5714 -1.42864 4.74
    endloop
  endfacet
  facet normal 0.227537 -0.670298 -0.706348
    outer loop
      vertex -3.21624 -41.6037 4.74
      vertex -3.54204 -39.4592 2.6
      vertex -2.7231 -41.4363 4.74
    endloop
  endfacet
  facet normal -0.634836 0.313144 -0.706346
    outer loop
      vertex -39.4592 -3.54204 2.6
      vertex -41.4363 -2.7231 4.74
      vertex -41.2059 -2.25601 4.74
    endloop
  endfacet
  facet normal 0.393234 -0.588588 -0.706351
    outer loop
      vertex -2.255 -41.2054 4.74
      vertex -3.325 -39.3521 2.6
      vertex -1.82198 -40.9161 4.74
    endloop
  endfacet
  facet normal 0.670506 0.226844 -0.706373
    outer loop
      vertex -2.46304 -3.77118 2.6
      vertex -0.396313 -3.21624 4.74
      vertex -0.395951 -3.21731 4.74
    endloop
  endfacet
  facet normal 0.670299 0.227528 -0.70635
    outer loop
      vertex -0.396313 -3.21624 4.74
      vertex -2.46304 -3.77118 2.6
      vertex -2.54082 -3.54204 2.6
    endloop
  endfacet
  facet normal -0.442238 -0.896898 0
    outer loop
      vertex -39.75 -41.2141 4.74
      vertex -39.2807 -41.4455 41.14
      vertex -39.75 -41.2141 41.14
    endloop
  endfacet
  facet normal -0.442238 -0.896898 -0
    outer loop
      vertex -39.2807 -41.4455 41.14
      vertex -39.75 -41.2141 4.74
      vertex -39.2807 -41.4455 4.74
    endloop
  endfacet
  facet normal 0.314036 -0.634352 -0.706385
    outer loop
      vertex -2.25601 -41.2059 4.74
      vertex -3.325 -39.3521 2.6
      vertex -2.255 -41.2054 4.74
    endloop
  endfacet
  facet normal 0.313237 -0.634779 -0.706355
    outer loop
      vertex -3.325 -39.3521 2.6
      vertex -2.25601 -41.2059 4.74
      vertex -3.54204 -39.4592 2.6
    endloop
  endfacet
  facet normal -0.694262 0.138094 -0.70635
    outer loop
      vertex -39.5842 -4.00853 2.6
      vertex -41.7059 -3.7292 4.74
      vertex -41.6043 -3.21841 4.74
    endloop
  endfacet
  facet normal -0.706367 0.0462194 -0.706335
    outer loop
      vertex -41.7059 -3.73032 4.74
      vertex -39.5842 -4.00853 2.6
      vertex -39.6 -4.25 2.6
    endloop
  endfacet
  facet normal -0.710137 0 -0.704064
    outer loop
      vertex -39.5842 -4.00853 2.6
      vertex -41.7059 -3.73032 4.74
      vertex -41.7059 -3.7292 4.74
    endloop
  endfacet
  facet normal 0 -1 0
    outer loop
      vertex -37.75 -41.75 4.74
      vertex 37.75 -41.75 41.14
      vertex -37.75 -41.75 41.14
    endloop
  endfacet
  facet normal 0 -1 -0
    outer loop
      vertex 37.75 -41.75 41.14
      vertex -37.75 -41.75 4.74
      vertex 37.75 -41.75 4.74
    endloop
  endfacet
  facet normal 0.532206 0.46672 -0.706349
    outer loop
      vertex -1.08526 -1.8202 4.74
      vertex -2.94185 -2.94185 2.6
      vertex -1.42864 -1.42864 4.74
    endloop
  endfacet
  facet normal 0.531191 0.467954 -0.706296
    outer loop
      vertex -2.7823 -3.12379 2.6
      vertex -1.08526 -1.8202 4.74
      vertex -1.08452 -1.82104 4.74
    endloop
  endfacet
  facet normal 0.53221 0.466715 -0.706349
    outer loop
      vertex -1.08526 -1.8202 4.74
      vertex -2.7823 -3.12379 2.6
      vertex -2.94185 -2.94185 2.6
    endloop
  endfacet
  facet normal -0.13808 0.694267 -0.706348
    outer loop
      vertex -37.9915 -2.41583 2.6
      vertex -38.7816 -0.395731 4.74
      vertex -38.2708 -0.29414 4.74
    endloop
  endfacet
  facet normal -0.0463293 0.706346 -0.706349
    outer loop
      vertex -37.9915 -2.41583 2.6
      vertex -38.2697 -0.294066 4.74
      vertex -37.75 -2.39999 2.6
    endloop
  endfacet
  facet normal -0.04751 0.706229 -0.706387
    outer loop
      vertex -38.2697 -0.294066 4.74
      vertex -37.9915 -2.41583 2.6
      vertex -38.2708 -0.29414 4.74
    endloop
  endfacet
  facet normal -0.227555 -0.670294 -0.706347
    outer loop
      vertex -38.7838 -41.6037 4.74
      vertex -39.2769 -41.4363 4.74
      vertex -38.458 -39.4592 2.6
    endloop
  endfacet
  facet normal -0.532356 -0.466543 -0.706353
    outer loop
      vertex -40.9147 -40.1798 4.74
      vertex -39.2177 -38.8762 2.6
      vertex -39.0582 -39.0582 2.6
    endloop
  endfacet
  facet normal -0.502137 -0.502137 -0.704071
    outer loop
      vertex -39.2177 -38.8762 2.6
      vertex -40.9147 -40.1798 4.74
      vertex -40.9155 -40.179 4.74
    endloop
  endfacet
  facet normal 0.670288 -0.227573 -0.706346
    outer loop
      vertex -0.563728 -39.2769 4.74
      vertex -2.54082 -38.458 2.6
      vertex -0.396313 -38.7838 4.74
    endloop
  endfacet
  facet normal -0.0463008 0.70635 -0.706347
    outer loop
      vertex -37.75 -2.39999 2.6
      vertex -38.2697 -0.294066 4.74
      vertex -37.75 -0.26 4.74
    endloop
  endfacet
  facet normal -0.313071 0.634873 -0.706344
    outer loop
      vertex -38.458 -2.54082 2.6
      vertex -39.744 -0.794066 4.74
      vertex -39.2769 -0.563728 4.74
    endloop
  endfacet
  facet normal -0.393273 0.588564 -0.706349
    outer loop
      vertex -38.8762 -2.7823 2.6
      vertex -40.178 -1.08389 4.74
      vertex -38.675 -2.64786 2.6
    endloop
  endfacet
  facet normal -0.377715 0.599548 -0.705602
    outer loop
      vertex -40.178 -1.08389 4.74
      vertex -38.8762 -2.7823 2.6
      vertex -40.179 -1.08452 4.74
    endloop
  endfacet
  facet normal -0.94691 -0.321498 0
    outer loop
      vertex -41.4455 -39.2807 4.74
      vertex -41.6137 -38.7853 41.14
      vertex -41.6137 -38.7853 4.74
    endloop
  endfacet
  facet normal -0.94691 -0.321498 0
    outer loop
      vertex -41.6137 -38.7853 41.14
      vertex -41.4455 -39.2807 4.74
      vertex -41.4455 -39.2807 41.14
    endloop
  endfacet
  facet normal -0.831432 -0.555626 0
    outer loop
      vertex -40.9234 -40.185 4.74
      vertex -41.2141 -39.75 41.14
      vertex -41.2141 -39.75 4.74
    endloop
  endfacet
  facet normal -0.831432 -0.555626 0
    outer loop
      vertex -41.2141 -39.75 41.14
      vertex -40.9234 -40.185 4.74
      vertex -40.9234 -40.185 41.14
    endloop
  endfacet
  facet normal -0.466695 0.532232 -0.706346
    outer loop
      vertex -39.0582 -2.94185 2.6
      vertex -40.5714 -1.42864 4.74
      vertex -40.1798 -1.08526 4.74
    endloop
  endfacet
  facet normal -0.706347 0.0463486 -0.706347
    outer loop
      vertex -39.6 -4.25 2.6
      vertex -41.74 -4.25 4.74
      vertex -41.7059 -3.73032 4.74
    endloop
  endfacet
  facet normal -0.896898 -0.442238 0
    outer loop
      vertex -41.2141 -39.75 4.74
      vertex -41.4455 -39.2807 41.14
      vertex -41.4455 -39.2807 4.74
    endloop
  endfacet
  facet normal -0.896898 -0.442238 0
    outer loop
      vertex -41.4455 -39.2807 41.14
      vertex -41.2141 -39.75 4.74
      vertex -41.2141 -39.75 41.14
    endloop
  endfacet
  facet normal -0.227473 0.670312 -0.706355
    outer loop
      vertex -38.7838 -0.396313 4.74
      vertex -38.2288 -2.46304 2.6
      vertex -38.458 -2.54082 2.6
    endloop
  endfacet
  facet normal -0.221214 0.672197 -0.706552
    outer loop
      vertex -38.2288 -2.46304 2.6
      vertex -38.7838 -0.396313 4.74
      vertex -38.7827 -0.395951 4.74
    endloop
  endfacet
  facet normal 0.670292 0.227556 -0.706348
    outer loop
      vertex -0.396313 -3.21624 4.74
      vertex -2.54082 -3.54204 2.6
      vertex -0.563728 -2.7231 4.74
    endloop
  endfacet
  facet normal 0.634868 0.313075 -0.706347
    outer loop
      vertex -0.563728 -2.7231 4.74
      vertex -2.54082 -3.54204 2.6
      vertex -0.794066 -2.25601 4.74
    endloop
  endfacet
  facet normal 0.634873 -0.313071 -0.706344
    outer loop
      vertex -0.794066 -39.744 4.74
      vertex -2.54082 -38.458 2.6
      vertex -0.563728 -39.2769 4.74
    endloop
  endfacet
  facet normal 0.466715 0.53221 -0.706349
    outer loop
      vertex -3.12379 -2.7823 2.6
      vertex -1.8202 -1.08526 4.74
      vertex -2.94185 -2.94185 2.6
    endloop
  endfacet
  facet normal 0.467954 0.531191 -0.706296
    outer loop
      vertex -1.8202 -1.08526 4.74
      vertex -3.12379 -2.7823 2.6
      vertex -1.82104 -1.08452 4.74
    endloop
  endfacet
  facet normal 0.706345 0.046335 -0.70635
    outer loop
      vertex -2.41583 -4.00853 2.6
      vertex -0.294066 -3.73032 4.74
      vertex -2.39999 -4.25 2.6
    endloop
  endfacet
  facet normal 0.706312 0.0466671 -0.70636
    outer loop
      vertex -0.294066 -3.73032 4.74
      vertex -2.41583 -4.00853 2.6
      vertex -0.29414 -3.7292 4.74
    endloop
  endfacet
  facet normal 0.672197 -0.221214 -0.706552
    outer loop
      vertex -0.396313 -38.7838 4.74
      vertex -2.46304 -38.2288 2.6
      vertex -0.395951 -38.7827 4.74
    endloop
  endfacet
  facet normal 0.670312 -0.227473 -0.706355
    outer loop
      vertex -2.46304 -38.2288 2.6
      vertex -0.396313 -38.7838 4.74
      vertex -2.54082 -38.458 2.6
    endloop
  endfacet
  facet normal -0.138092 -0.694263 -0.706349
    outer loop
      vertex -38.2708 -41.7059 4.74
      vertex -38.7816 -41.6043 4.74
      vertex -37.9915 -39.5842 2.6
    endloop
  endfacet
  facet normal 0.0463486 -0.706347 -0.706347
    outer loop
      vertex -3.73032 -41.7059 4.74
      vertex -4.25 -41.74 4.74
      vertex -4.25 -39.6 2.6
    endloop
  endfacet
  facet normal 0.694265 0.138082 -0.706349
    outer loop
      vertex -0.29414 -3.7292 4.74
      vertex -2.41583 -4.00853 2.6
      vertex -0.395731 -3.21841 4.74
    endloop
  endfacet
  facet normal 0 -0.710137 -0.704064
    outer loop
      vertex -3.73032 -41.7059 4.74
      vertex -4.00853 -39.5842 2.6
      vertex -3.7292 -41.7059 4.74
    endloop
  endfacet
  facet normal 0.0462194 -0.706367 -0.706335
    outer loop
      vertex -4.00853 -39.5842 2.6
      vertex -3.73032 -41.7059 4.74
      vertex -4.25 -39.6 2.6
    endloop
  endfacet
  facet normal -0.393247 -0.58858 -0.70635
    outer loop
      vertex -39.745 -41.2054 4.74
      vertex -40.178 -40.9161 4.74
      vertex -38.675 -39.3521 2.6
    endloop
  endfacet
  facet normal -0.633023 -0.316512 -0.706472
    outer loop
      vertex -41.2059 -39.744 4.74
      vertex -39.3521 -38.675 2.6
      vertex -41.2054 -39.745 4.74
    endloop
  endfacet
  facet normal -0.634754 -0.313282 -0.706358
    outer loop
      vertex -39.3521 -38.675 2.6
      vertex -41.2059 -39.744 4.74
      vertex -39.4592 -38.458 2.6
    endloop
  endfacet
  facet normal -0.466625 0.532283 -0.706354
    outer loop
      vertex -40.1798 -1.08526 4.74
      vertex -38.8762 -2.7823 2.6
      vertex -39.0582 -2.94185 2.6
    endloop
  endfacet
  facet normal -0.481166 0.52018 -0.705614
    outer loop
      vertex -38.8762 -2.7823 2.6
      vertex -40.1798 -1.08526 4.74
      vertex -40.179 -1.08452 4.74
    endloop
  endfacet
  facet normal 0.227556 0.670292 -0.706348
    outer loop
      vertex -2.7231 -0.563728 4.74
      vertex -3.54204 -2.54082 2.6
      vertex -3.21624 -0.396313 4.74
    endloop
  endfacet
  facet normal 0.588573 0.39326 -0.706349
    outer loop
      vertex -0.794564 -2.255 4.74
      vertex -2.64786 -3.325 2.6
      vertex -1.08389 -1.82198 4.74
    endloop
  endfacet
  facet normal -0.670294 -0.227555 -0.706347
    outer loop
      vertex -41.4363 -39.2769 4.74
      vertex -41.6037 -38.7838 4.74
      vertex -39.4592 -38.458 2.6
    endloop
  endfacet
  facet normal 0.706229 -0.04751 -0.706387
    outer loop
      vertex -2.41583 -37.9915 2.6
      vertex -0.294066 -38.2697 4.74
      vertex -0.29414 -38.2708 4.74
    endloop
  endfacet
  facet normal 0.706346 -0.0463293 -0.706349
    outer loop
      vertex -0.294066 -38.2697 4.74
      vertex -2.41583 -37.9915 2.6
      vertex -2.39999 -37.75 2.6
    endloop
  endfacet
  facet normal -0.6703 -0.227528 -0.706349
    outer loop
      vertex -41.6037 -38.7838 4.74
      vertex -39.537 -38.2288 2.6
      vertex -39.4592 -38.458 2.6
    endloop
  endfacet
  facet normal -0.682206 -0.186056 -0.707092
    outer loop
      vertex -39.537 -38.2288 2.6
      vertex -41.6037 -38.7838 4.74
      vertex -41.604 -38.7827 4.74
    endloop
  endfacet
  facet normal 0.313042 0.634884 -0.706347
    outer loop
      vertex -3.325 -2.64786 2.6
      vertex -2.25601 -0.794066 4.74
      vertex -2.255 -0.794564 4.74
    endloop
  endfacet
  facet normal 0.313098 0.634854 -0.706349
    outer loop
      vertex -2.25601 -0.794066 4.74
      vertex -3.325 -2.64786 2.6
      vertex -3.54204 -2.54082 2.6
    endloop
  endfacet
  facet normal 0.70635 -0.0463008 -0.706347
    outer loop
      vertex -0.294066 -38.2697 4.74
      vertex -2.39999 -37.75 2.6
      vertex -0.26 -37.75 4.74
    endloop
  endfacet
  facet normal -0.13812 0.694255 -0.706352
    outer loop
      vertex -38.2288 -2.46304 2.6
      vertex -38.7816 -0.395731 4.74
      vertex -37.9915 -2.41583 2.6
    endloop
  endfacet
  facet normal -0.138818 0.694092 -0.706375
    outer loop
      vertex -38.7816 -0.395731 4.74
      vertex -38.2288 -2.46304 2.6
      vertex -38.7827 -0.395951 4.74
    endloop
  endfacet
  facet normal -0.706347 -0.0463468 -0.706347
    outer loop
      vertex -41.7059 -38.2697 4.74
      vertex -41.74 -37.75 4.74
      vertex -39.6 -37.75 2.6
    endloop
  endfacet
  facet normal -0.393273 0.588565 -0.706349
    outer loop
      vertex -38.675 -2.64786 2.6
      vertex -40.178 -1.08389 4.74
      vertex -39.745 -0.794564 4.74
    endloop
  endfacet
  facet normal -0.502137 -0.502137 -0.704071
    outer loop
      vertex -40.1798 -40.9147 4.74
      vertex -38.8762 -39.2177 2.6
      vertex -40.179 -40.9155 4.74
    endloop
  endfacet
  facet normal -0.466543 -0.532356 -0.706353
    outer loop
      vertex -38.8762 -39.2177 2.6
      vertex -40.1798 -40.9147 4.74
      vertex -39.0582 -39.0582 2.6
    endloop
  endfacet
  facet normal -0.393195 -0.588622 -0.706344
    outer loop
      vertex -40.178 -40.9161 4.74
      vertex -38.8762 -39.2177 2.6
      vertex -38.675 -39.3521 2.6
    endloop
  endfacet
  facet normal -0.364984 -0.608306 -0.704805
    outer loop
      vertex -38.8762 -39.2177 2.6
      vertex -40.178 -40.9161 4.74
      vertex -40.179 -40.9155 4.74
    endloop
  endfacet
  facet normal 0.466662 -0.532263 -0.706345
    outer loop
      vertex -1.8202 -40.9147 4.74
      vertex -2.94185 -39.0582 2.6
      vertex -1.42864 -40.5714 4.74
    endloop
  endfacet
  facet normal 0.190903 -0.680888 -0.70707
    outer loop
      vertex -3.77118 -39.537 2.6
      vertex -3.21624 -41.6037 4.74
      vertex -3.21731 -41.604 4.74
    endloop
  endfacet
  facet normal 0.227583 -0.670287 -0.706344
    outer loop
      vertex -3.21624 -41.6037 4.74
      vertex -3.77118 -39.537 2.6
      vertex -3.54204 -39.4592 2.6
    endloop
  endfacet
  facet normal 0.138094 -0.694262 -0.70635
    outer loop
      vertex -3.7292 -41.7059 4.74
      vertex -4.00853 -39.5842 2.6
      vertex -3.21841 -41.6043 4.74
    endloop
  endfacet
  facet normal -0.138092 -0.694263 -0.706349
    outer loop
      vertex -38.7816 -41.6043 4.74
      vertex -38.2288 -39.537 2.6
      vertex -37.9915 -39.5842 2.6
    endloop
  endfacet
  facet normal -0.186056 -0.682206 -0.707092
    outer loop
      vertex -38.2288 -39.537 2.6
      vertex -38.7816 -41.6043 4.74
      vertex -38.7827 -41.604 4.74
    endloop
  endfacet
  facet normal -0.186056 -0.682206 -0.707092
    outer loop
      vertex -38.7838 -41.6037 4.74
      vertex -38.2288 -39.537 2.6
      vertex -38.7827 -41.604 4.74
    endloop
  endfacet
  facet normal -0.227528 -0.6703 -0.706349
    outer loop
      vertex -38.2288 -39.537 2.6
      vertex -38.7838 -41.6037 4.74
      vertex -38.458 -39.4592 2.6
    endloop
  endfacet
  facet normal -0.710137 -0 -0.704064
    outer loop
      vertex -41.7059 -38.2697 4.74
      vertex -39.5842 -37.9915 2.6
      vertex -41.7059 -38.2708 4.74
    endloop
  endfacet
  facet normal -0.706368 -0.0462137 -0.706335
    outer loop
      vertex -39.5842 -37.9915 2.6
      vertex -41.7059 -38.2697 4.74
      vertex -39.6 -37.75 2.6
    endloop
  endfacet
  facet normal 0.588565 -0.393273 -0.706349
    outer loop
      vertex -1.08389 -40.178 4.74
      vertex -2.64786 -38.675 2.6
      vertex -0.794564 -39.745 4.74
    endloop
  endfacet
  facet normal 0.227528 0.670299 -0.70635
    outer loop
      vertex -3.77118 -2.46304 2.6
      vertex -3.21624 -0.396313 4.74
      vertex -3.54204 -2.54082 2.6
    endloop
  endfacet
  facet normal 0.226844 0.670506 -0.706373
    outer loop
      vertex -3.21624 -0.396313 4.74
      vertex -3.77118 -2.46304 2.6
      vertex -3.21731 -0.395951 4.74
    endloop
  endfacet
  facet normal -0.321498 -0.94691 0
    outer loop
      vertex -39.2807 -41.4455 4.74
      vertex -38.7853 -41.6137 41.14
      vertex -39.2807 -41.4455 41.14
    endloop
  endfacet
  facet normal -0.321498 -0.94691 -0
    outer loop
      vertex -38.7853 -41.6137 41.14
      vertex -39.2807 -41.4455 4.74
      vertex -38.7853 -41.6137 4.74
    endloop
  endfacet
  facet normal -0.313282 -0.634754 -0.706358
    outer loop
      vertex -39.744 -41.2059 4.74
      vertex -38.675 -39.3521 2.6
      vertex -38.458 -39.4592 2.6
    endloop
  endfacet
  facet normal -0.316512 -0.633023 -0.706472
    outer loop
      vertex -38.675 -39.3521 2.6
      vertex -39.744 -41.2059 4.74
      vertex -39.745 -41.2054 4.74
    endloop
  endfacet
  facet normal -0.659343 -0.751842 0
    outer loop
      vertex -40.5784 -40.5784 4.74
      vertex -40.185 -40.9234 41.14
      vertex -40.5784 -40.5784 41.14
    endloop
  endfacet
  facet normal -0.659343 -0.751842 -0
    outer loop
      vertex -40.185 -40.9234 41.14
      vertex -40.5784 -40.5784 4.74
      vertex -40.185 -40.9234 4.74
    endloop
  endfacet
  facet normal 0.381157 -0.597146 -0.705788
    outer loop
      vertex -1.82198 -40.9161 4.74
      vertex -3.12379 -39.2177 2.6
      vertex -1.82104 -40.9155 4.74
    endloop
  endfacet
  facet normal 0.393181 -0.588631 -0.706345
    outer loop
      vertex -3.12379 -39.2177 2.6
      vertex -1.82198 -40.9161 4.74
      vertex -3.325 -39.3521 2.6
    endloop
  endfacet
  facet normal 0.313144 -0.634836 -0.706346
    outer loop
      vertex -2.7231 -41.4363 4.74
      vertex -3.54204 -39.4592 2.6
      vertex -2.25601 -41.2059 4.74
    endloop
  endfacet
  facet normal -0.195124 -0.980779 0
    outer loop
      vertex -38.7853 -41.6137 4.74
      vertex -38.2721 -41.7158 41.14
      vertex -38.7853 -41.6137 41.14
    endloop
  endfacet
  facet normal -0.195124 -0.980779 -0
    outer loop
      vertex -38.2721 -41.7158 41.14
      vertex -38.7853 -41.6137 4.74
      vertex -38.2721 -41.7158 4.74
    endloop
  endfacet
  facet normal -0.532289 -0.466636 -0.706342
    outer loop
      vertex -40.5714 -40.5714 4.74
      vertex -40.9147 -40.1798 4.74
      vertex -39.0582 -39.0582 2.6
    endloop
  endfacet
  facet normal -0.466636 -0.532289 -0.706342
    outer loop
      vertex -40.1798 -40.9147 4.74
      vertex -40.5714 -40.5714 4.74
      vertex -39.0582 -39.0582 2.6
    endloop
  endfacet
  facet normal -0.555626 -0.831432 0
    outer loop
      vertex -40.185 -40.9234 4.74
      vertex -39.75 -41.2141 41.14
      vertex -40.185 -40.9234 41.14
    endloop
  endfacet
  facet normal -0.555626 -0.831432 -0
    outer loop
      vertex -39.75 -41.2141 41.14
      vertex -40.185 -40.9234 4.74
      vertex -39.75 -41.2141 4.74
    endloop
  endfacet
  facet normal 0.694092 -0.138818 -0.706375
    outer loop
      vertex -2.46304 -38.2288 2.6
      vertex -0.395731 -38.7816 4.74
      vertex -0.395951 -38.7827 4.74
    endloop
  endfacet
  facet normal 0.694255 -0.13812 -0.706352
    outer loop
      vertex -0.395731 -38.7816 4.74
      vertex -2.46304 -38.2288 2.6
      vertex -2.41583 -37.9915 2.6
    endloop
  endfacet
  facet normal 0.694267 -0.13808 -0.706348
    outer loop
      vertex -0.395731 -38.7816 4.74
      vertex -2.41583 -37.9915 2.6
      vertex -0.29414 -38.2708 4.74
    endloop
  endfacet
  facet normal -0.980779 -0.195124 0
    outer loop
      vertex -41.6137 -38.7853 4.74
      vertex -41.7158 -38.2721 41.14
      vertex -41.7158 -38.2721 4.74
    endloop
  endfacet
  facet normal -0.980779 -0.195124 0
    outer loop
      vertex -41.7158 -38.2721 41.14
      vertex -41.6137 -38.7853 4.74
      vertex -41.6137 -38.7853 41.14
    endloop
  endfacet
  facet normal -0.0462137 -0.706368 -0.706335
    outer loop
      vertex -38.2697 -41.7059 4.74
      vertex -37.9915 -39.5842 2.6
      vertex -37.75 -39.6 2.6
    endloop
  endfacet
  facet normal 0 -0.710137 -0.704064
    outer loop
      vertex -37.9915 -39.5842 2.6
      vertex -38.2697 -41.7059 4.74
      vertex -38.2708 -41.7059 4.74
    endloop
  endfacet
  facet normal -0.0653646 -0.997861 0
    outer loop
      vertex -38.2721 -41.7158 4.74
      vertex -37.75 -41.75 41.14
      vertex -38.2721 -41.7158 41.14
    endloop
  endfacet
  facet normal -0.0653646 -0.997861 -0
    outer loop
      vertex -37.75 -41.75 41.14
      vertex -38.2721 -41.7158 4.74
      vertex -37.75 -41.75 4.74
    endloop
  endfacet
  facet normal -0.58858 -0.393247 -0.70635
    outer loop
      vertex -40.9161 -40.178 4.74
      vertex -41.2054 -39.745 4.74
      vertex -39.3521 -38.675 2.6
    endloop
  endfacet
  facet normal -0.608306 -0.364984 -0.704805
    outer loop
      vertex -40.9161 -40.178 4.74
      vertex -39.2177 -38.8762 2.6
      vertex -40.9155 -40.179 4.74
    endloop
  endfacet
  facet normal -0.588622 -0.393195 -0.706344
    outer loop
      vertex -39.2177 -38.8762 2.6
      vertex -40.9161 -40.178 4.74
      vertex -39.3521 -38.675 2.6
    endloop
  endfacet
  facet normal 0.466717 -0.532213 -0.706346
    outer loop
      vertex -3.12379 2.7823 0.799999
      vertex -3.61079 3.41698 0
      vertex -2.94185 2.94185 0.799999
    endloop
  endfacet
  facet normal -0.313285 0.634761 -0.70635
    outer loop
      vertex -38.1518 38.7201 0
      vertex -38.675 39.3521 0.799999
      vertex -38.458 39.4592 0.799999
    endloop
  endfacet
  facet normal -0.532322 -0.466588 -0.706349
    outer loop
      vertex -38.4925 3.50754 0
      vertex -39.0582 2.94185 0.799999
      vertex -38.583 3.61079 0
    endloop
  endfacet
  facet normal 0.0463853 0.706345 -0.706346
    outer loop
      vertex -4.11295 38.791 0
      vertex -4.25 38.8 0
      vertex -4.25 39.6 0.799999
    endloop
  endfacet
  facet normal 0.946933 -0.32143 0
    outer loop
      vertex -2.54082 3.54204 2.6
      vertex -2.46304 3.77118 0.799999
      vertex -2.46304 3.77118 2.6
    endloop
  endfacet
  facet normal 0.946933 -0.32143 0
    outer loop
      vertex -2.46304 3.77118 0.799999
      vertex -2.54082 3.54204 2.6
      vertex -2.54082 3.54204 0.799999
    endloop
  endfacet
  facet normal -0.313142 -0.634826 -0.706356
    outer loop
      vertex -38.458 2.54082 0.799999
      vertex -38.675 2.64786 0.799999
      vertex -38.1518 3.27992 0
    endloop
  endfacet
  facet normal -0.659206 -0.751962 0
    outer loop
      vertex -39.0582 2.94185 0.799999
      vertex -38.8762 2.7823 2.6
      vertex -39.0582 2.94185 2.6
    endloop
  endfacet
  facet normal -0.659206 -0.751962 -0
    outer loop
      vertex -38.8762 2.7823 2.6
      vertex -39.0582 2.94185 0.799999
      vertex -38.8762 2.7823 0.799999
    endloop
  endfacet
  facet normal 0.442514 0.896762 -0
    outer loop
      vertex -3.325 39.3521 0.799999
      vertex -3.54204 39.4592 2.6
      vertex -3.325 39.3521 2.6
    endloop
  endfacet
  facet normal 0.442514 0.896762 0
    outer loop
      vertex -3.54204 39.4592 2.6
      vertex -3.325 39.3521 0.799999
      vertex -3.54204 39.4592 0.799999
    endloop
  endfacet
  facet normal -0.946934 0.321429 0
    outer loop
      vertex -39.537 38.2288 0.799999
      vertex -39.4592 38.458 2.6
      vertex -39.4592 38.458 0.799999
    endloop
  endfacet
  facet normal -0.946934 0.321429 0
    outer loop
      vertex -39.4592 38.458 2.6
      vertex -39.537 38.2288 0.799999
      vertex -39.537 38.2288 2.6
    endloop
  endfacet
  facet normal 0.694263 0.138121 -0.706344
    outer loop
      vertex -2.41583 37.9915 0.799999
      vertex -3.20898 37.8871 0
      vertex -2.46304 38.2288 0.799999
    endloop
  endfacet
  facet normal -0.532351 0.466538 -0.70636
    outer loop
      vertex -38.583 38.3892 0
      vertex -39.2177 38.8762 0.799999
      vertex -39.0582 39.0582 0.799999
    endloop
  endfacet
  facet normal -0.670323 0.227394 -0.706371
    outer loop
      vertex -38.7642 38.0218 0
      vertex -39.537 38.2288 0.799999
      vertex -38.7201 38.1518 0
    endloop
  endfacet
  facet normal -0.138121 -0.694263 -0.706344
    outer loop
      vertex -37.9915 2.41583 0.799999
      vertex -38.2288 2.46304 0.799999
      vertex -37.8871 3.20898 0
    endloop
  endfacet
  facet normal 0.393235 -0.588589 -0.706349
    outer loop
      vertex -3.325 2.64786 0.799999
      vertex -3.72501 3.34067 0
      vertex -3.61079 3.41698 0
    endloop
  endfacet
  facet normal -0.393275 -0.588566 -0.706346
    outer loop
      vertex -38.675 2.64786 0.799999
      vertex -38.8762 2.7823 0.799999
      vertex -38.3892 3.41698 0
    endloop
  endfacet
  facet normal 0.997855 -0.0654575 0
    outer loop
      vertex -2.41583 4.00853 2.6
      vertex -2.39999 4.25 0.799999
      vertex -2.39999 4.25 2.6
    endloop
  endfacet
  facet normal 0.997855 -0.0654575 0
    outer loop
      vertex -2.39999 4.25 0.799999
      vertex -2.41583 4.00853 2.6
      vertex -2.41583 4.00853 0.799999
    endloop
  endfacet
  facet normal 0.751854 -0.659329 0
    outer loop
      vertex -2.94185 2.94185 2.6
      vertex -2.7823 3.12379 0.799999
      vertex -2.7823 3.12379 2.6
    endloop
  endfacet
  facet normal 0.751854 -0.659329 0
    outer loop
      vertex -2.7823 3.12379 0.799999
      vertex -2.94185 2.94185 2.6
      vertex -2.94185 2.94185 0.799999
    endloop
  endfacet
  facet normal 0 0 -1
    outer loop
      vertex -4.25 3.2 0
      vertex -3.2 4.25 0
      vertex -3.20898 4.11295 0
    endloop
  endfacet
  facet normal -0 0 -1
    outer loop
      vertex -3.2 4.25 0
      vertex -4.25 3.2 0
      vertex -3.2 37.75 0
    endloop
  endfacet
  facet normal 0 0 -1
    outer loop
      vertex -4.25 3.2 0
      vertex -3.20898 4.11295 0
      vertex -3.23578 3.97824 0
    endloop
  endfacet
  facet normal 0 0 -1
    outer loop
      vertex -4.25 38.8 0
      vertex -3.2 37.75 0
      vertex -4.25 3.2 0
    endloop
  endfacet
  facet normal 0 0 -1
    outer loop
      vertex -4.25 3.2 0
      vertex -3.23578 3.97824 0
      vertex -3.27992 3.84818 0
    endloop
  endfacet
  facet normal 0 0 -1
    outer loop
      vertex -3.2 37.75 0
      vertex -4.25 38.8 0
      vertex -3.20898 37.8871 0
    endloop
  endfacet
  facet normal 0 0 -1
    outer loop
      vertex -4.25 3.2 0
      vertex -3.27992 3.84818 0
      vertex -3.34067 3.72501 0
    endloop
  endfacet
  facet normal 0 0 -1
    outer loop
      vertex -3.20898 37.8871 0
      vertex -4.25 38.8 0
      vertex -3.23578 38.0218 0
    endloop
  endfacet
  facet normal 0 0 -1
    outer loop
      vertex -4.25 3.2 0
      vertex -3.34067 3.72501 0
      vertex -3.41698 3.61079 0
    endloop
  endfacet
  facet normal 0 0 -1
    outer loop
      vertex -3.23578 38.0218 0
      vertex -4.25 38.8 0
      vertex -3.27992 38.1518 0
    endloop
  endfacet
  facet normal 0 0 -1
    outer loop
      vertex -4.25 3.2 0
      vertex -3.41698 3.61079 0
      vertex -3.50754 3.50754 0
    endloop
  endfacet
  facet normal 0 0 -1
    outer loop
      vertex -3.27992 38.1518 0
      vertex -4.25 38.8 0
      vertex -3.34067 38.275 0
    endloop
  endfacet
  facet normal 0 0 -1
    outer loop
      vertex -4.25 3.2 0
      vertex -3.50754 3.50754 0
      vertex -3.61079 3.41698 0
    endloop
  endfacet
  facet normal 0 0 -1
    outer loop
      vertex -3.34067 38.275 0
      vertex -4.25 38.8 0
      vertex -3.41698 38.3892 0
    endloop
  endfacet
  facet normal 0 0 -1
    outer loop
      vertex -4.25 3.2 0
      vertex -3.61079 3.41698 0
      vertex -3.72501 3.34067 0
    endloop
  endfacet
  facet normal 0 0 -1
    outer loop
      vertex -3.41698 38.3892 0
      vertex -4.25 38.8 0
      vertex -3.50754 38.4925 0
    endloop
  endfacet
  facet normal 0 0 -1
    outer loop
      vertex -4.25 3.2 0
      vertex -3.72501 3.34067 0
      vertex -3.84818 3.27992 0
    endloop
  endfacet
  facet normal 0 0 -1
    outer loop
      vertex -3.50754 38.4925 0
      vertex -4.25 38.8 0
      vertex -3.61079 38.583 0
    endloop
  endfacet
  facet normal 0 0 -1
    outer loop
      vertex -4.25 3.2 0
      vertex -3.84818 3.27992 0
      vertex -3.97824 3.23578 0
    endloop
  endfacet
  facet normal 0 0 -1
    outer loop
      vertex -3.61079 38.583 0
      vertex -4.25 38.8 0
      vertex -3.72501 38.6593 0
    endloop
  endfacet
  facet normal 0 0 -1
    outer loop
      vertex -4.25 3.2 0
      vertex -3.97824 3.23578 0
      vertex -4.11295 3.20898 0
    endloop
  endfacet
  facet normal 0 0 -1
    outer loop
      vertex -3.72501 38.6593 0
      vertex -4.25 38.8 0
      vertex -3.84818 38.7201 0
    endloop
  endfacet
  facet normal 0 0 -1
    outer loop
      vertex -3.84818 38.7201 0
      vertex -4.25 38.8 0
      vertex -3.97824 38.7642 0
    endloop
  endfacet
  facet normal 0 0 -1
    outer loop
      vertex -3.97824 38.7642 0
      vertex -4.25 38.8 0
      vertex -4.11295 38.791 0
    endloop
  endfacet
  facet normal 0 0 -1
    outer loop
      vertex -37.75 3.2 0
      vertex -4.25 38.8 0
      vertex -4.25 3.2 0
    endloop
  endfacet
  facet normal 0 0 -1
    outer loop
      vertex -37.75 3.2 0
      vertex -37.75 38.8 0
      vertex -4.25 38.8 0
    endloop
  endfacet
  facet normal 0 0 -1
    outer loop
      vertex -38.8 4.25 0
      vertex -37.75 3.2 0
      vertex -37.8871 3.20898 0
    endloop
  endfacet
  facet normal 0 0 -1
    outer loop
      vertex -37.75 3.2 0
      vertex -38.8 4.25 0
      vertex -37.75 38.8 0
    endloop
  endfacet
  facet normal 0 0 -1
    outer loop
      vertex -38.8 4.25 0
      vertex -37.8871 3.20898 0
      vertex -38.0218 3.23578 0
    endloop
  endfacet
  facet normal 0 0 -1
    outer loop
      vertex -38.8 37.75 0
      vertex -37.75 38.8 0
      vertex -38.8 4.25 0
    endloop
  endfacet
  facet normal 0 0 -1
    outer loop
      vertex -38.8 4.25 0
      vertex -38.0218 3.23578 0
      vertex -38.1518 3.27992 0
    endloop
  endfacet
  facet normal 0 0 -1
    outer loop
      vertex -37.75 38.8 0
      vertex -38.8 37.75 0
      vertex -37.8871 38.791 0
    endloop
  endfacet
  facet normal 0 0 -1
    outer loop
      vertex -38.8 4.25 0
      vertex -38.1518 3.27992 0
      vertex -38.275 3.34067 0
    endloop
  endfacet
  facet normal 0 0 -1
    outer loop
      vertex -37.8871 38.791 0
      vertex -38.8 37.75 0
      vertex -38.0218 38.7642 0
    endloop
  endfacet
  facet normal 0 0 -1
    outer loop
      vertex -38.8 4.25 0
      vertex -38.275 3.34067 0
      vertex -38.3892 3.41698 0
    endloop
  endfacet
  facet normal 0 0 -1
    outer loop
      vertex -38.0218 38.7642 0
      vertex -38.8 37.75 0
      vertex -38.1518 38.7201 0
    endloop
  endfacet
  facet normal 0 0 -1
    outer loop
      vertex -38.8 4.25 0
      vertex -38.3892 3.41698 0
      vertex -38.4925 3.50754 0
    endloop
  endfacet
  facet normal 0 0 -1
    outer loop
      vertex -38.1518 38.7201 0
      vertex -38.8 37.75 0
      vertex -38.275 38.6593 0
    endloop
  endfacet
  facet normal 0 0 -1
    outer loop
      vertex -38.8 4.25 0
      vertex -38.4925 3.50754 0
      vertex -38.583 3.61079 0
    endloop
  endfacet
  facet normal 0 0 -1
    outer loop
      vertex -38.275 38.6593 0
      vertex -38.8 37.75 0
      vertex -38.3892 38.583 0
    endloop
  endfacet
  facet normal 0 0 -1
    outer loop
      vertex -38.8 4.25 0
      vertex -38.583 3.61079 0
      vertex -38.6593 3.72501 0
    endloop
  endfacet
  facet normal 0 0 -1
    outer loop
      vertex -38.3892 38.583 0
      vertex -38.8 37.75 0
      vertex -38.4925 38.4925 0
    endloop
  endfacet
  facet normal 0 0 -1
    outer loop
      vertex -38.8 4.25 0
      vertex -38.6593 3.72501 0
      vertex -38.7201 3.84818 0
    endloop
  endfacet
  facet normal 0 0 -1
    outer loop
      vertex -38.4925 38.4925 0
      vertex -38.8 37.75 0
      vertex -38.583 38.3892 0
    endloop
  endfacet
  facet normal 0 0 -1
    outer loop
      vertex -38.8 4.25 0
      vertex -38.7201 3.84818 0
      vertex -38.7642 3.97824 0
    endloop
  endfacet
  facet normal 0 0 -1
    outer loop
      vertex -38.583 38.3892 0
      vertex -38.8 37.75 0
      vertex -38.6593 38.275 0
    endloop
  endfacet
  facet normal 0 0 -1
    outer loop
      vertex -38.8 4.25 0
      vertex -38.7642 3.97824 0
      vertex -38.791 4.11295 0
    endloop
  endfacet
  facet normal 0 0 -1
    outer loop
      vertex -38.6593 38.275 0
      vertex -38.8 37.75 0
      vertex -38.7201 38.1518 0
    endloop
  endfacet
  facet normal 0 0 -1
    outer loop
      vertex -38.7201 38.1518 0
      vertex -38.8 37.75 0
      vertex -38.7642 38.0218 0
    endloop
  endfacet
  facet normal 0 0 -1
    outer loop
      vertex -38.7642 38.0218 0
      vertex -38.8 37.75 0
      vertex -38.791 37.8871 0
    endloop
  endfacet
  facet normal -0.896729 0.442579 0
    outer loop
      vertex -39.4592 38.458 0.799999
      vertex -39.3521 38.675 2.6
      vertex -39.3521 38.675 0.799999
    endloop
  endfacet
  facet normal -0.896729 0.442579 0
    outer loop
      vertex -39.3521 38.675 2.6
      vertex -39.4592 38.458 0.799999
      vertex -39.4592 38.458 2.6
    endloop
  endfacet
  facet normal -0.670283 -0.227581 -0.706348
    outer loop
      vertex -39.4592 3.54204 0.799999
      vertex -39.537 3.77118 0.799999
      vertex -38.7201 3.84818 0
    endloop
  endfacet
  facet normal 0 0.707106 -0.707107
    outer loop
      vertex -37.75 38.8 0
      vertex -4.25 39.6 0.799999
      vertex -4.25 38.8 0
    endloop
  endfacet
  facet normal 0 0.707106 -0.707107
    outer loop
      vertex -4.25 39.6 0.799999
      vertex -37.75 38.8 0
      vertex -37.75 39.6 0.799999
    endloop
  endfacet
  facet normal 0 -0.707102 -0.707112
    outer loop
      vertex -37.75 2.39999 0.799999
      vertex -4.25 3.2 0
      vertex -4.25 2.39999 0.799999
    endloop
  endfacet
  facet normal -0 -0.707102 -0.707112
    outer loop
      vertex -4.25 3.2 0
      vertex -37.75 2.39999 0.799999
      vertex -37.75 3.2 0
    endloop
  endfacet
  facet normal -0.0462653 -0.706345 -0.706354
    outer loop
      vertex -37.75 2.39999 0.799999
      vertex -37.8871 3.20898 0
      vertex -37.75 3.2 0
    endloop
  endfacet
  facet normal -0.227589 -0.67029 -0.706339
    outer loop
      vertex -38.0218 3.23578 0
      vertex -38.2288 2.46304 0.799999
      vertex -38.1518 3.27992 0
    endloop
  endfacet
  facet normal 0.466588 0.532322 -0.706349
    outer loop
      vertex -3.50754 38.4925 0
      vertex -3.61079 38.583 0
      vertex -2.94185 39.0582 0.799999
    endloop
  endfacet
  facet normal -0.706336 -0.0462174 -0.706366
    outer loop
      vertex -39.5842 4.00853 0.799999
      vertex -39.6 4.25 0.799999
      vertex -38.791 4.11295 0
    endloop
  endfacet
  facet normal -0.946908 -0.321504 0
    outer loop
      vertex -39.4592 3.54204 0.799999
      vertex -39.537 3.77118 2.6
      vertex -39.537 3.77118 0.799999
    endloop
  endfacet
  facet normal -0.946908 -0.321504 0
    outer loop
      vertex -39.537 3.77118 2.6
      vertex -39.4592 3.54204 0.799999
      vertex -39.4592 3.54204 2.6
    endloop
  endfacet
  facet normal 0.588576 -0.393261 -0.706345
    outer loop
      vertex -2.7823 3.12379 0.799999
      vertex -3.41698 3.61079 0
      vertex -2.64786 3.325 0.799999
    endloop
  endfacet
  facet normal 0.13806 0.694249 -0.706369
    outer loop
      vertex -3.77118 39.537 0.799999
      vertex -4.11295 38.791 0
      vertex -4.00853 39.5842 0.799999
    endloop
  endfacet
  facet normal 0.997856 0.0654494 0
    outer loop
      vertex -2.39999 37.75 2.6
      vertex -2.41583 37.9915 0.799999
      vertex -2.41583 37.9915 2.6
    endloop
  endfacet
  facet normal 0.997856 0.0654494 0
    outer loop
      vertex -2.41583 37.9915 0.799999
      vertex -2.39999 37.75 2.6
      vertex -2.39999 37.75 0.799999
    endloop
  endfacet
  facet normal -0.442579 0.896729 0
    outer loop
      vertex -38.458 39.4592 0.799999
      vertex -38.675 39.3521 2.6
      vertex -38.458 39.4592 2.6
    endloop
  endfacet
  facet normal -0.442579 0.896729 0
    outer loop
      vertex -38.675 39.3521 2.6
      vertex -38.458 39.4592 0.799999
      vertex -38.675 39.3521 0.799999
    endloop
  endfacet
  facet normal 0 -1 0
    outer loop
      vertex -37.75 2.39999 0.799999
      vertex -4.25 2.39999 2.6
      vertex -37.75 2.39999 2.6
    endloop
  endfacet
  facet normal 0 -1 -0
    outer loop
      vertex -4.25 2.39999 2.6
      vertex -37.75 2.39999 0.799999
      vertex -4.25 2.39999 0.799999
    endloop
  endfacet
  facet normal 0.393261 -0.588576 -0.706345
    outer loop
      vertex -3.325 2.64786 0.799999
      vertex -3.61079 3.41698 0
      vertex -3.12379 2.7823 0.799999
    endloop
  endfacet
  facet normal 0.227296 0.670343 -0.706382
    outer loop
      vertex -3.84818 38.7201 0
      vertex -3.97824 38.7642 0
      vertex -3.77118 39.537 0.799999
    endloop
  endfacet
  facet normal 0.659329 -0.751854 0
    outer loop
      vertex -3.12379 2.7823 0.799999
      vertex -2.94185 2.94185 2.6
      vertex -3.12379 2.7823 2.6
    endloop
  endfacet
  facet normal 0.659329 -0.751854 0
    outer loop
      vertex -2.94185 2.94185 2.6
      vertex -3.12379 2.7823 0.799999
      vertex -2.94185 2.94185 0.799999
    endloop
  endfacet
  facet normal -0.466462 0.532436 -0.706346
    outer loop
      vertex -38.4925 38.4925 0
      vertex -39.0582 39.0582 0.799999
      vertex -38.3892 38.583 0
    endloop
  endfacet
  facet normal -0.707106 0 -0.707107
    outer loop
      vertex -39.6 4.25 0.799999
      vertex -38.8 37.75 0
      vertex -38.8 4.25 0
    endloop
  endfacet
  facet normal -0.707106 0 -0.707107
    outer loop
      vertex -38.8 37.75 0
      vertex -39.6 4.25 0.799999
      vertex -39.6 37.75 0.799999
    endloop
  endfacet
  facet normal 0.532166 -0.46676 -0.706353
    outer loop
      vertex -2.94185 2.94185 0.799999
      vertex -3.50754 3.50754 0
      vertex -3.41698 3.61079 0
    endloop
  endfacet
  facet normal -0.313059 -0.634879 -0.706344
    outer loop
      vertex -38.1518 3.27992 0
      vertex -38.675 2.64786 0.799999
      vertex -38.275 3.34067 0
    endloop
  endfacet
  facet normal 0.634826 0.313142 -0.706356
    outer loop
      vertex -2.54082 38.458 0.799999
      vertex -3.27992 38.1518 0
      vertex -2.64786 38.675 0.799999
    endloop
  endfacet
  facet normal -0.831541 0.555463 0
    outer loop
      vertex -39.3521 38.675 0.799999
      vertex -39.2177 38.8762 2.6
      vertex -39.2177 38.8762 0.799999
    endloop
  endfacet
  facet normal -0.831541 0.555463 0
    outer loop
      vertex -39.2177 38.8762 2.6
      vertex -39.3521 38.675 0.799999
      vertex -39.3521 38.675 2.6
    endloop
  endfacet
  facet normal -0.751957 -0.659212 0
    outer loop
      vertex -39.0582 2.94185 0.799999
      vertex -39.2177 3.12379 2.6
      vertex -39.2177 3.12379 0.799999
    endloop
  endfacet
  facet normal -0.751957 -0.659212 0
    outer loop
      vertex -39.2177 3.12379 2.6
      vertex -39.0582 2.94185 0.799999
      vertex -39.0582 2.94185 2.6
    endloop
  endfacet
  facet normal 0.707102 0 -0.707112
    outer loop
      vertex -3.2 4.25 0
      vertex -2.39999 37.75 0.799999
      vertex -2.39999 4.25 0.799999
    endloop
  endfacet
  facet normal 0.707102 0 -0.707112
    outer loop
      vertex -2.39999 37.75 0.799999
      vertex -3.2 4.25 0
      vertex -3.2 37.75 0
    endloop
  endfacet
  facet normal -0.0463684 0.706346 -0.706347
    outer loop
      vertex -37.75 38.8 0
      vertex -37.8871 38.791 0
      vertex -37.75 39.6 0.799999
    endloop
  endfacet
  facet normal 0.313325 0.63474 -0.706352
    outer loop
      vertex -3.72501 38.6593 0
      vertex -3.84818 38.7201 0
      vertex -3.325 39.3521 0.799999
    endloop
  endfacet
  facet normal -0.588615 -0.3932 -0.706347
    outer loop
      vertex -38.583 3.61079 0
      vertex -39.3521 3.325 0.799999
      vertex -38.6593 3.72501 0
    endloop
  endfacet
  facet normal -0.634793 -0.313243 -0.70634
    outer loop
      vertex -39.3521 3.325 0.799999
      vertex -39.4592 3.54204 0.799999
      vertex -38.7201 3.84818 0
    endloop
  endfacet
  facet normal 1 -0 0
    outer loop
      vertex -2.39999 4.25 2.6
      vertex -2.39999 37.75 0.799999
      vertex -2.39999 37.75 2.6
    endloop
  endfacet
  facet normal 1 0 0
    outer loop
      vertex -2.39999 37.75 0.799999
      vertex -2.39999 4.25 2.6
      vertex -2.39999 4.25 0.799999
    endloop
  endfacet
  facet normal 0.46676 -0.532166 -0.706353
    outer loop
      vertex -2.94185 2.94185 0.799999
      vertex -3.61079 3.41698 0
      vertex -3.50754 3.50754 0
    endloop
  endfacet
  facet normal 0.555558 -0.831478 0
    outer loop
      vertex -3.325 2.64786 0.799999
      vertex -3.12379 2.7823 2.6
      vertex -3.325 2.64786 2.6
    endloop
  endfacet
  facet normal 0.555558 -0.831478 0
    outer loop
      vertex -3.12379 2.7823 2.6
      vertex -3.325 2.64786 0.799999
      vertex -3.12379 2.7823 0.799999
    endloop
  endfacet
  facet normal -0.44238 -0.896828 0
    outer loop
      vertex -38.675 2.64786 0.799999
      vertex -38.458 2.54082 2.6
      vertex -38.675 2.64786 2.6
    endloop
  endfacet
  facet normal -0.44238 -0.896828 -0
    outer loop
      vertex -38.458 2.54082 2.6
      vertex -38.675 2.64786 0.799999
      vertex -38.458 2.54082 0.799999
    endloop
  endfacet
  facet normal -0.466628 -0.532286 -0.70635
    outer loop
      vertex -38.8762 2.7823 0.799999
      vertex -39.0582 2.94185 0.799999
      vertex -38.3892 3.41698 0
    endloop
  endfacet
  facet normal -0.0654494 -0.997856 0
    outer loop
      vertex -37.9915 2.41583 0.799999
      vertex -37.75 2.39999 2.6
      vertex -37.9915 2.41583 2.6
    endloop
  endfacet
  facet normal -0.0654494 -0.997856 -0
    outer loop
      vertex -37.75 2.39999 2.6
      vertex -37.9915 2.41583 0.799999
      vertex -37.75 2.39999 0.799999
    endloop
  endfacet
  facet normal 0.0654575 -0.997855 0
    outer loop
      vertex -4.25 2.39999 0.799999
      vertex -4.00853 2.41583 2.6
      vertex -4.25 2.39999 2.6
    endloop
  endfacet
  facet normal 0.0654575 -0.997855 0
    outer loop
      vertex -4.00853 2.41583 2.6
      vertex -4.25 2.39999 0.799999
      vertex -4.00853 2.41583 0.799999
    endloop
  endfacet
  facet normal -0.0652849 0.997867 0
    outer loop
      vertex -37.75 39.6 0.799999
      vertex -37.9915 39.5842 2.6
      vertex -37.75 39.6 2.6
    endloop
  endfacet
  facet normal -0.0652849 0.997867 0
    outer loop
      vertex -37.9915 39.5842 2.6
      vertex -37.75 39.6 0.799999
      vertex -37.9915 39.5842 0.799999
    endloop
  endfacet
  facet normal 0.22753 -0.670302 -0.706346
    outer loop
      vertex -3.77118 2.46304 0.799999
      vertex -3.84818 3.27992 0
      vertex -3.54204 2.54082 0.799999
    endloop
  endfacet
  facet normal -0.321355 -0.946959 0
    outer loop
      vertex -38.458 2.54082 0.799999
      vertex -38.2288 2.46304 2.6
      vertex -38.458 2.54082 2.6
    endloop
  endfacet
  facet normal -0.321355 -0.946959 -0
    outer loop
      vertex -38.2288 2.46304 2.6
      vertex -38.458 2.54082 0.799999
      vertex -38.2288 2.46304 0.799999
    endloop
  endfacet
  facet normal -0.706338 0.0462117 -0.706365
    outer loop
      vertex -38.791 37.8871 0
      vertex -39.6 37.75 0.799999
      vertex -39.5842 37.9915 0.799999
    endloop
  endfacet
  facet normal -0.393285 -0.588561 -0.706345
    outer loop
      vertex -38.275 3.34067 0
      vertex -38.675 2.64786 0.799999
      vertex -38.3892 3.41698 0
    endloop
  endfacet
  facet normal -0.706346 0.0463684 -0.706347
    outer loop
      vertex -38.8 37.75 0
      vertex -39.6 37.75 0.799999
      vertex -38.791 37.8871 0
    endloop
  endfacet
  facet normal 0.831478 -0.555558 0
    outer loop
      vertex -2.7823 3.12379 2.6
      vertex -2.64786 3.325 0.799999
      vertex -2.64786 3.325 2.6
    endloop
  endfacet
  facet normal 0.831478 -0.555558 0
    outer loop
      vertex -2.64786 3.325 0.799999
      vertex -2.7823 3.12379 2.6
      vertex -2.7823 3.12379 0.799999
    endloop
  endfacet
  facet normal -0.0463294 -0.706348 -0.706347
    outer loop
      vertex -37.75 2.39999 0.799999
      vertex -37.9915 2.41583 0.799999
      vertex -37.8871 3.20898 0
    endloop
  endfacet
  facet normal -0.227474 -0.670314 -0.706353
    outer loop
      vertex -38.2288 2.46304 0.799999
      vertex -38.458 2.54082 0.799999
      vertex -38.1518 3.27992 0
    endloop
  endfacet
  facet normal 0.0462174 0.706336 -0.706366
    outer loop
      vertex -4.11295 38.791 0
      vertex -4.25 39.6 0.799999
      vertex -4.00853 39.5842 0.799999
    endloop
  endfacet
  facet normal 0.555444 0.831554 -0
    outer loop
      vertex -3.12379 39.2177 0.799999
      vertex -3.325 39.3521 2.6
      vertex -3.12379 39.2177 2.6
    endloop
  endfacet
  facet normal 0.555444 0.831554 0
    outer loop
      vertex -3.325 39.3521 2.6
      vertex -3.12379 39.2177 0.799999
      vertex -3.325 39.3521 0.799999
    endloop
  endfacet
  facet normal 0.3131 -0.634858 -0.706346
    outer loop
      vertex -3.54204 2.54082 0.799999
      vertex -3.84818 3.27992 0
      vertex -3.325 2.64786 0.799999
    endloop
  endfacet
  facet normal 0.694257 -0.13812 -0.70635
    outer loop
      vertex -2.46304 3.77118 0.799999
      vertex -3.23578 3.97824 0
      vertex -3.20898 4.11295 0
    endloop
  endfacet
  facet normal 0.588566 0.393275 -0.706346
    outer loop
      vertex -2.64786 38.675 0.799999
      vertex -3.41698 38.3892 0
      vertex -2.7823 38.8762 0.799999
    endloop
  endfacet
  facet normal 0.634879 0.313059 -0.706344
    outer loop
      vertex -3.27992 38.1518 0
      vertex -3.34067 38.275 0
      vertex -2.64786 38.675 0.799999
    endloop
  endfacet
  facet normal -1 0 0
    outer loop
      vertex -39.6 4.25 0.799999
      vertex -39.6 37.75 2.6
      vertex -39.6 37.75 0.799999
    endloop
  endfacet
  facet normal -1 -0 0
    outer loop
      vertex -39.6 37.75 2.6
      vertex -39.6 4.25 0.799999
      vertex -39.6 4.25 2.6
    endloop
  endfacet
  facet normal -0.0462117 0.706338 -0.706365
    outer loop
      vertex -37.8871 38.791 0
      vertex -37.9915 39.5842 0.799999
      vertex -37.75 39.6 0.799999
    endloop
  endfacet
  facet normal -0.227394 0.670323 -0.706371
    outer loop
      vertex -38.1518 38.7201 0
      vertex -38.2288 39.537 0.799999
      vertex -38.0218 38.7642 0
    endloop
  endfacet
  facet normal 0.706344 -0.0462822 -0.706354
    outer loop
      vertex -2.39999 4.25 0.799999
      vertex -3.20898 4.11295 0
      vertex -3.2 4.25 0
    endloop
  endfacet
  facet normal 0.313119 -0.634845 -0.706348
    outer loop
      vertex -3.325 2.64786 0.799999
      vertex -3.84818 3.27992 0
      vertex -3.72501 3.34067 0
    endloop
  endfacet
  facet normal 0.89686 -0.442314 0
    outer loop
      vertex -2.64786 3.325 2.6
      vertex -2.54082 3.54204 0.799999
      vertex -2.54082 3.54204 2.6
    endloop
  endfacet
  facet normal 0.89686 -0.442314 0
    outer loop
      vertex -2.54082 3.54204 0.799999
      vertex -2.64786 3.325 2.6
      vertex -2.64786 3.325 0.799999
    endloop
  endfacet
  facet normal 0.532213 -0.466717 -0.706346
    outer loop
      vertex -2.94185 2.94185 0.799999
      vertex -3.41698 3.61079 0
      vertex -2.7823 3.12379 0.799999
    endloop
  endfacet
  facet normal 0.896828 0.44238 0
    outer loop
      vertex -2.54082 38.458 2.6
      vertex -2.64786 38.675 0.799999
      vertex -2.64786 38.675 2.6
    endloop
  endfacet
  facet normal 0.896828 0.44238 0
    outer loop
      vertex -2.64786 38.675 0.799999
      vertex -2.54082 38.458 2.6
      vertex -2.54082 38.458 0.799999
    endloop
  endfacet
  facet normal 0 1 -0
    outer loop
      vertex -4.25 39.6 0.799999
      vertex -37.75 39.6 2.6
      vertex -4.25 39.6 2.6
    endloop
  endfacet
  facet normal 0 1 0
    outer loop
      vertex -37.75 39.6 2.6
      vertex -4.25 39.6 0.799999
      vertex -37.75 39.6 0.799999
    endloop
  endfacet
  facet normal -0.831554 -0.555444 0
    outer loop
      vertex -39.2177 3.12379 0.799999
      vertex -39.3521 3.325 2.6
      vertex -39.3521 3.325 0.799999
    endloop
  endfacet
  facet normal -0.831554 -0.555444 0
    outer loop
      vertex -39.3521 3.325 2.6
      vertex -39.2177 3.12379 0.799999
      vertex -39.2177 3.12379 2.6
    endloop
  endfacet
  facet normal -0.896762 -0.442514 0
    outer loop
      vertex -39.3521 3.325 0.799999
      vertex -39.4592 3.54204 2.6
      vertex -39.4592 3.54204 0.799999
    endloop
  endfacet
  facet normal -0.896762 -0.442514 0
    outer loop
      vertex -39.4592 3.54204 2.6
      vertex -39.3521 3.325 0.799999
      vertex -39.3521 3.325 2.6
    endloop
  endfacet
  facet normal -0.321429 0.946934 0
    outer loop
      vertex -38.2288 39.537 0.799999
      vertex -38.458 39.4592 2.6
      vertex -38.2288 39.537 2.6
    endloop
  endfacet
  facet normal -0.321429 0.946934 0
    outer loop
      vertex -38.458 39.4592 2.6
      vertex -38.2288 39.537 0.799999
      vertex -38.458 39.4592 0.799999
    endloop
  endfacet
  facet normal 0.751962 0.659206 0
    outer loop
      vertex -2.7823 38.8762 2.6
      vertex -2.94185 39.0582 0.799999
      vertex -2.94185 39.0582 2.6
    endloop
  endfacet
  facet normal 0.751962 0.659206 0
    outer loop
      vertex -2.94185 39.0582 0.799999
      vertex -2.7823 38.8762 2.6
      vertex -2.7823 38.8762 0.799999
    endloop
  endfacet
  facet normal -0.555577 -0.831465 0
    outer loop
      vertex -38.8762 2.7823 0.799999
      vertex -38.675 2.64786 2.6
      vertex -38.8762 2.7823 2.6
    endloop
  endfacet
  facet normal -0.555577 -0.831465 -0
    outer loop
      vertex -38.675 2.64786 2.6
      vertex -38.8762 2.7823 0.799999
      vertex -38.675 2.64786 0.799999
    endloop
  endfacet
  facet normal -0.466634 -0.53228 -0.706351
    outer loop
      vertex -38.3892 3.41698 0
      vertex -39.0582 2.94185 0.799999
      vertex -38.4925 3.50754 0
    endloop
  endfacet
  facet normal 0.0463351 -0.706347 -0.706348
    outer loop
      vertex -4.00853 2.41583 0.799999
      vertex -4.25 2.39999 0.799999
      vertex -4.11295 3.20898 0
    endloop
  endfacet
  facet normal 0.831465 0.555577 0
    outer loop
      vertex -2.64786 38.675 2.6
      vertex -2.7823 38.8762 0.799999
      vertex -2.7823 38.8762 2.6
    endloop
  endfacet
  facet normal 0.831465 0.555577 0
    outer loop
      vertex -2.7823 38.8762 0.799999
      vertex -2.64786 38.675 2.6
      vertex -2.64786 38.675 0.799999
    endloop
  endfacet
  facet normal -0.588626 -0.393178 -0.70635
    outer loop
      vertex -39.2177 3.12379 0.799999
      vertex -39.3521 3.325 0.799999
      vertex -38.583 3.61079 0
    endloop
  endfacet
  facet normal -0.532278 -0.466628 -0.706356
    outer loop
      vertex -39.0582 2.94185 0.799999
      vertex -39.2177 3.12379 0.799999
      vertex -38.583 3.61079 0
    endloop
  endfacet
  facet normal -0.195123 -0.980779 0
    outer loop
      vertex -38.2288 2.46304 0.799999
      vertex -37.9915 2.41583 2.6
      vertex -38.2288 2.46304 2.6
    endloop
  endfacet
  facet normal -0.195123 -0.980779 -0
    outer loop
      vertex -37.9915 2.41583 2.6
      vertex -38.2288 2.46304 0.799999
      vertex -37.9915 2.41583 0.799999
    endloop
  endfacet
  facet normal -0.997866 -0.0652929 0
    outer loop
      vertex -39.5842 4.00853 0.799999
      vertex -39.6 4.25 2.6
      vertex -39.6 4.25 0.799999
    endloop
  endfacet
  facet normal -0.997866 -0.0652929 0
    outer loop
      vertex -39.6 4.25 2.6
      vertex -39.5842 4.00853 0.799999
      vertex -39.5842 4.00853 2.6
    endloop
  endfacet
  facet normal 0.442314 -0.89686 0
    outer loop
      vertex -3.54204 2.54082 0.799999
      vertex -3.325 2.64786 2.6
      vertex -3.54204 2.54082 2.6
    endloop
  endfacet
  facet normal 0.442314 -0.89686 0
    outer loop
      vertex -3.325 2.64786 2.6
      vertex -3.54204 2.54082 0.799999
      vertex -3.325 2.64786 0.799999
    endloop
  endfacet
  facet normal 0.466628 0.532278 -0.706356
    outer loop
      vertex -2.94185 39.0582 0.799999
      vertex -3.61079 38.583 0
      vertex -3.12379 39.2177 0.799999
    endloop
  endfacet
  facet normal -0.466538 0.532351 -0.70636
    outer loop
      vertex -38.3892 38.583 0
      vertex -39.0582 39.0582 0.799999
      vertex -38.8762 39.2177 0.799999
    endloop
  endfacet
  facet normal -0.555463 0.831541 0
    outer loop
      vertex -38.675 39.3521 0.799999
      vertex -38.8762 39.2177 2.6
      vertex -38.675 39.3521 2.6
    endloop
  endfacet
  facet normal -0.555463 0.831541 0
    outer loop
      vertex -38.8762 39.2177 2.6
      vertex -38.675 39.3521 0.799999
      vertex -38.8762 39.2177 0.799999
    endloop
  endfacet
  facet normal -0.138089 0.694246 -0.706367
    outer loop
      vertex -37.8871 38.791 0
      vertex -38.2288 39.537 0.799999
      vertex -37.9915 39.5842 0.799999
    endloop
  endfacet
  facet normal -0.227526 0.670295 -0.706355
    outer loop
      vertex -38.1518 38.7201 0
      vertex -38.458 39.4592 0.799999
      vertex -38.2288 39.537 0.799999
    endloop
  endfacet
  facet normal 0.53228 0.466634 -0.706351
    outer loop
      vertex -3.41698 38.3892 0
      vertex -3.50754 38.4925 0
      vertex -2.94185 39.0582 0.799999
    endloop
  endfacet
  facet normal -0.980795 -0.195043 0
    outer loop
      vertex -39.537 3.77118 0.799999
      vertex -39.5842 4.00853 2.6
      vertex -39.5842 4.00853 0.799999
    endloop
  endfacet
  facet normal -0.980795 -0.195043 0
    outer loop
      vertex -39.5842 4.00853 2.6
      vertex -39.537 3.77118 0.799999
      vertex -39.537 3.77118 2.6
    endloop
  endfacet
  facet normal 0.532286 0.466628 -0.70635
    outer loop
      vertex -2.7823 38.8762 0.799999
      vertex -3.41698 38.3892 0
      vertex -2.94185 39.0582 0.799999
    endloop
  endfacet
  facet normal -0.588587 0.39325 -0.706342
    outer loop
      vertex -38.6593 38.275 0
      vertex -39.3521 38.675 0.799999
      vertex -38.583 38.3892 0
    endloop
  endfacet
  facet normal 0.0462822 -0.706344 -0.706354
    outer loop
      vertex -4.11295 3.20898 0
      vertex -4.25 2.39999 0.799999
      vertex -4.25 3.2 0
    endloop
  endfacet
  facet normal 0.706347 -0.0463351 -0.706348
    outer loop
      vertex -2.41583 4.00853 0.799999
      vertex -3.20898 4.11295 0
      vertex -2.39999 4.25 0.799999
    endloop
  endfacet
  facet normal 0.0652929 0.997866 -0
    outer loop
      vertex -4.00853 39.5842 0.799999
      vertex -4.25 39.6 2.6
      vertex -4.00853 39.5842 2.6
    endloop
  endfacet
  facet normal 0.0652929 0.997866 0
    outer loop
      vertex -4.25 39.6 2.6
      vertex -4.00853 39.5842 0.799999
      vertex -4.25 39.6 0.799999
    endloop
  endfacet
  facet normal 0.670314 0.227474 -0.706353
    outer loop
      vertex -2.46304 38.2288 0.799999
      vertex -3.27992 38.1518 0
      vertex -2.54082 38.458 0.799999
    endloop
  endfacet
  facet normal -0.588617 0.393191 -0.70635
    outer loop
      vertex -38.583 38.3892 0
      vertex -39.3521 38.675 0.799999
      vertex -39.2177 38.8762 0.799999
    endloop
  endfacet
  facet normal 0.659212 0.751957 -0
    outer loop
      vertex -2.94185 39.0582 0.799999
      vertex -3.12379 39.2177 2.6
      vertex -2.94185 39.0582 2.6
    endloop
  endfacet
  facet normal 0.659212 0.751957 0
    outer loop
      vertex -3.12379 39.2177 2.6
      vertex -2.94185 39.0582 0.799999
      vertex -3.12379 39.2177 0.799999
    endloop
  endfacet
  facet normal -0.13813 -0.69426 -0.706345
    outer loop
      vertex -37.8871 3.20898 0
      vertex -38.2288 2.46304 0.799999
      vertex -38.0218 3.23578 0
    endloop
  endfacet
  facet normal 0.195083 -0.980787 0
    outer loop
      vertex -4.00853 2.41583 0.799999
      vertex -3.77118 2.46304 2.6
      vertex -4.00853 2.41583 2.6
    endloop
  endfacet
  facet normal 0.195083 -0.980787 0
    outer loop
      vertex -3.77118 2.46304 2.6
      vertex -4.00853 2.41583 0.799999
      vertex -3.77118 2.46304 0.799999
    endloop
  endfacet
  facet normal 0.32143 -0.946933 0
    outer loop
      vertex -3.77118 2.46304 0.799999
      vertex -3.54204 2.54082 2.6
      vertex -3.77118 2.46304 2.6
    endloop
  endfacet
  facet normal 0.32143 -0.946933 0
    outer loop
      vertex -3.54204 2.54082 2.6
      vertex -3.77118 2.46304 0.799999
      vertex -3.54204 2.54082 0.799999
    endloop
  endfacet
  facet normal -0.195083 0.980787 0
    outer loop
      vertex -37.9915 39.5842 0.799999
      vertex -38.2288 39.537 2.6
      vertex -37.9915 39.5842 2.6
    endloop
  endfacet
  facet normal -0.195083 0.980787 0
    outer loop
      vertex -38.2288 39.537 2.6
      vertex -37.9915 39.5842 0.799999
      vertex -38.2288 39.537 0.799999
    endloop
  endfacet
  facet normal -0.694231 -0.138114 -0.706376
    outer loop
      vertex -38.7642 3.97824 0
      vertex -39.537 3.77118 0.799999
      vertex -38.791 4.11295 0
    endloop
  endfacet
  facet normal 0.313243 0.634793 -0.70634
    outer loop
      vertex -3.325 39.3521 0.799999
      vertex -3.84818 38.7201 0
      vertex -3.54204 39.4592 0.799999
    endloop
  endfacet
  facet normal 0.227581 0.670283 -0.706348
    outer loop
      vertex -3.54204 39.4592 0.799999
      vertex -3.84818 38.7201 0
      vertex -3.77118 39.537 0.799999
    endloop
  endfacet
  facet normal 0.670302 -0.22753 -0.706346
    outer loop
      vertex -2.54082 3.54204 0.799999
      vertex -3.27992 3.84818 0
      vertex -2.46304 3.77118 0.799999
    endloop
  endfacet
  facet normal 0.13812 -0.694257 -0.70635
    outer loop
      vertex -3.77118 2.46304 0.799999
      vertex -4.11295 3.20898 0
      vertex -3.97824 3.23578 0
    endloop
  endfacet
  facet normal 0.634858 -0.3131 -0.706346
    outer loop
      vertex -2.64786 3.325 0.799999
      vertex -3.27992 3.84818 0
      vertex -2.54082 3.54204 0.799999
    endloop
  endfacet
  facet normal 0.980787 -0.195083 0
    outer loop
      vertex -2.46304 3.77118 2.6
      vertex -2.41583 4.00853 0.799999
      vertex -2.41583 4.00853 2.6
    endloop
  endfacet
  facet normal 0.980787 -0.195083 0
    outer loop
      vertex -2.41583 4.00853 0.799999
      vertex -2.46304 3.77118 2.6
      vertex -2.46304 3.77118 0.799999
    endloop
  endfacet
  facet normal -0.997867 0.0652849 0
    outer loop
      vertex -39.6 37.75 0.799999
      vertex -39.5842 37.9915 2.6
      vertex -39.5842 37.9915 0.799999
    endloop
  endfacet
  facet normal -0.997867 0.0652849 0
    outer loop
      vertex -39.5842 37.9915 2.6
      vertex -39.6 37.75 0.799999
      vertex -39.6 37.75 2.6
    endloop
  endfacet
  facet normal 0.67031 -0.227491 -0.706351
    outer loop
      vertex -2.46304 3.77118 0.799999
      vertex -3.27992 3.84818 0
      vertex -3.23578 3.97824 0
    endloop
  endfacet
  facet normal -0.63474 -0.313325 -0.706352
    outer loop
      vertex -38.6593 3.72501 0
      vertex -39.3521 3.325 0.799999
      vertex -38.7201 3.84818 0
    endloop
  endfacet
  facet normal 0.980779 0.195123 0
    outer loop
      vertex -2.41583 37.9915 2.6
      vertex -2.46304 38.2288 0.799999
      vertex -2.46304 38.2288 2.6
    endloop
  endfacet
  facet normal 0.980779 0.195123 0
    outer loop
      vertex -2.46304 38.2288 0.799999
      vertex -2.41583 37.9915 2.6
      vertex -2.41583 37.9915 0.799999
    endloop
  endfacet
  facet normal 0.138093 -0.694266 -0.706347
    outer loop
      vertex -4.00853 2.41583 0.799999
      vertex -4.11295 3.20898 0
      vertex -3.77118 2.46304 0.799999
    endloop
  endfacet
  facet normal -0.694249 -0.13806 -0.706369
    outer loop
      vertex -39.537 3.77118 0.799999
      vertex -39.5842 4.00853 0.799999
      vertex -38.791 4.11295 0
    endloop
  endfacet
  facet normal -0.752065 0.65909 0
    outer loop
      vertex -39.2177 38.8762 0.799999
      vertex -39.0582 39.0582 2.6
      vertex -39.0582 39.0582 0.799999
    endloop
  endfacet
  facet normal -0.752065 0.65909 0
    outer loop
      vertex -39.0582 39.0582 2.6
      vertex -39.2177 38.8762 0.799999
      vertex -39.2177 38.8762 2.6
    endloop
  endfacet
  facet normal -0.706345 -0.0463853 -0.706346
    outer loop
      vertex -38.791 4.11295 0
      vertex -39.6 4.25 0.799999
      vertex -38.8 4.25 0
    endloop
  endfacet
  facet normal 0.588561 0.393285 -0.706345
    outer loop
      vertex -3.34067 38.275 0
      vertex -3.41698 38.3892 0
      vertex -2.64786 38.675 0.799999
    endloop
  endfacet
  facet normal 0.634845 -0.313119 -0.706348
    outer loop
      vertex -2.64786 3.325 0.799999
      vertex -3.34067 3.72501 0
      vertex -3.27992 3.84818 0
    endloop
  endfacet
  facet normal -0.65909 0.752065 0
    outer loop
      vertex -38.8762 39.2177 0.799999
      vertex -39.0582 39.0582 2.6
      vertex -38.8762 39.2177 2.6
    endloop
  endfacet
  facet normal -0.65909 0.752065 0
    outer loop
      vertex -39.0582 39.0582 2.6
      vertex -38.8762 39.2177 0.799999
      vertex -39.0582 39.0582 0.799999
    endloop
  endfacet
  facet normal 0.138114 0.694231 -0.706376
    outer loop
      vertex -3.97824 38.7642 0
      vertex -4.11295 38.791 0
      vertex -3.77118 39.537 0.799999
    endloop
  endfacet
  facet normal 0.588589 -0.393235 -0.706349
    outer loop
      vertex -2.64786 3.325 0.799999
      vertex -3.41698 3.61079 0
      vertex -3.34067 3.72501 0
    endloop
  endfacet
  facet normal -0.532436 0.466462 -0.706346
    outer loop
      vertex -38.583 38.3892 0
      vertex -39.0582 39.0582 0.799999
      vertex -38.4925 38.4925 0
    endloop
  endfacet
  facet normal -0.393191 0.588617 -0.70635
    outer loop
      vertex -38.3892 38.583 0
      vertex -38.8762 39.2177 0.799999
      vertex -38.675 39.3521 0.799999
    endloop
  endfacet
  facet normal -0.138125 0.694234 -0.706371
    outer loop
      vertex -38.0218 38.7642 0
      vertex -38.2288 39.537 0.799999
      vertex -37.8871 38.791 0
    endloop
  endfacet
  facet normal -0.634774 0.313265 -0.706348
    outer loop
      vertex -38.7201 38.1518 0
      vertex -39.3521 38.675 0.799999
      vertex -38.6593 38.275 0
    endloop
  endfacet
  facet normal -0.670295 0.227526 -0.706355
    outer loop
      vertex -38.7201 38.1518 0
      vertex -39.537 38.2288 0.799999
      vertex -39.4592 38.458 0.799999
    endloop
  endfacet
  facet normal 0.195043 0.980795 -0
    outer loop
      vertex -3.77118 39.537 0.799999
      vertex -4.00853 39.5842 2.6
      vertex -3.77118 39.537 2.6
    endloop
  endfacet
  facet normal 0.195043 0.980795 0
    outer loop
      vertex -4.00853 39.5842 2.6
      vertex -3.77118 39.537 0.799999
      vertex -4.00853 39.5842 0.799999
    endloop
  endfacet
  facet normal 0.67029 0.227589 -0.706339
    outer loop
      vertex -3.23578 38.0218 0
      vertex -3.27992 38.1518 0
      vertex -2.46304 38.2288 0.799999
    endloop
  endfacet
  facet normal 0.694266 -0.138093 -0.706347
    outer loop
      vertex -2.46304 3.77118 0.799999
      vertex -3.20898 4.11295 0
      vertex -2.41583 4.00853 0.799999
    endloop
  endfacet
  facet normal -0.694246 0.138089 -0.706367
    outer loop
      vertex -38.791 37.8871 0
      vertex -39.5842 37.9915 0.799999
      vertex -39.537 38.2288 0.799999
    endloop
  endfacet
  facet normal -0.694234 0.138125 -0.706371
    outer loop
      vertex -38.791 37.8871 0
      vertex -39.537 38.2288 0.799999
      vertex -38.7642 38.0218 0
    endloop
  endfacet
  facet normal 0.393178 0.588626 -0.70635
    outer loop
      vertex -3.12379 39.2177 0.799999
      vertex -3.61079 38.583 0
      vertex -3.325 39.3521 0.799999
    endloop
  endfacet
  facet normal 0.3932 0.588615 -0.706347
    outer loop
      vertex -3.61079 38.583 0
      vertex -3.72501 38.6593 0
      vertex -3.325 39.3521 0.799999
    endloop
  endfacet
  facet normal 0.227491 -0.67031 -0.706351
    outer loop
      vertex -3.77118 2.46304 0.799999
      vertex -3.97824 3.23578 0
      vertex -3.84818 3.27992 0
    endloop
  endfacet
  facet normal -0.980787 0.195083 0
    outer loop
      vertex -39.5842 37.9915 0.799999
      vertex -39.537 38.2288 2.6
      vertex -39.537 38.2288 0.799999
    endloop
  endfacet
  facet normal -0.980787 0.195083 0
    outer loop
      vertex -39.537 38.2288 2.6
      vertex -39.5842 37.9915 0.799999
      vertex -39.5842 37.9915 2.6
    endloop
  endfacet
  facet normal -0.634761 0.313285 -0.70635
    outer loop
      vertex -38.7201 38.1518 0
      vertex -39.4592 38.458 0.799999
      vertex -39.3521 38.675 0.799999
    endloop
  endfacet
  facet normal 0.706348 0.0463294 -0.706347
    outer loop
      vertex -2.39999 37.75 0.799999
      vertex -3.20898 37.8871 0
      vertex -2.41583 37.9915 0.799999
    endloop
  endfacet
  facet normal -0.670343 -0.227296 -0.706382
    outer loop
      vertex -38.7201 3.84818 0
      vertex -39.537 3.77118 0.799999
      vertex -38.7642 3.97824 0
    endloop
  endfacet
  facet normal -0.39325 0.588587 -0.706342
    outer loop
      vertex -38.3892 38.583 0
      vertex -38.675 39.3521 0.799999
      vertex -38.275 38.6593 0
    endloop
  endfacet
  facet normal -0.313265 0.634774 -0.706348
    outer loop
      vertex -38.275 38.6593 0
      vertex -38.675 39.3521 0.799999
      vertex -38.1518 38.7201 0
    endloop
  endfacet
  facet normal 0.706345 0.0462653 -0.706354
    outer loop
      vertex -3.2 37.75 0
      vertex -3.20898 37.8871 0
      vertex -2.39999 37.75 0.799999
    endloop
  endfacet
  facet normal 0.321504 0.946908 -0
    outer loop
      vertex -3.54204 39.4592 0.799999
      vertex -3.77118 39.537 2.6
      vertex -3.54204 39.4592 2.6
    endloop
  endfacet
  facet normal 0.321504 0.946908 0
    outer loop
      vertex -3.77118 39.537 2.6
      vertex -3.54204 39.4592 0.799999
      vertex -3.77118 39.537 0.799999
    endloop
  endfacet
  facet normal 0.69426 0.13813 -0.706345
    outer loop
      vertex -3.20898 37.8871 0
      vertex -3.23578 38.0218 0
      vertex -2.46304 38.2288 0.799999
    endloop
  endfacet
  facet normal 0.946959 0.321355 0
    outer loop
      vertex -2.46304 38.2288 2.6
      vertex -2.54082 38.458 0.799999
      vertex -2.54082 38.458 2.6
    endloop
  endfacet
  facet normal 0.946959 0.321355 0
    outer loop
      vertex -2.54082 38.458 0.799999
      vertex -2.46304 38.2288 2.6
      vertex -2.46304 38.2288 0.799999
    endloop
  endfacet
  facet normal 0.588564 0.393273 -0.706349
    outer loop
      vertex -2.7823 38.8762 2.6
      vertex -1.08389 40.178 4.74
      vertex -2.64786 38.675 2.6
    endloop
  endfacet
  facet normal 0.599548 0.377715 -0.705602
    outer loop
      vertex -1.08389 40.178 4.74
      vertex -2.7823 38.8762 2.6
      vertex -1.08452 40.179 4.74
    endloop
  endfacet
  facet normal -0.634754 0.313282 -0.706358
    outer loop
      vertex -41.2059 39.744 4.74
      vertex -39.3521 38.675 2.6
      vertex -39.4592 38.458 2.6
    endloop
  endfacet
  facet normal -0.633023 0.316512 -0.706472
    outer loop
      vertex -39.3521 38.675 2.6
      vertex -41.2059 39.744 4.74
      vertex -41.2054 39.745 4.74
    endloop
  endfacet
  facet normal 0.138819 -0.694093 -0.706374
    outer loop
      vertex -3.21841 0.395731 4.74
      vertex -3.77118 2.46304 2.6
      vertex -3.21731 0.395951 4.74
    endloop
  endfacet
  facet normal 0.138092 -0.694263 -0.70635
    outer loop
      vertex -3.77118 2.46304 2.6
      vertex -3.21841 0.395731 4.74
      vertex -4.00853 2.41583 2.6
    endloop
  endfacet
  facet normal -0.313282 0.634754 -0.706358
    outer loop
      vertex -38.675 39.3521 2.6
      vertex -39.744 41.2059 4.74
      vertex -38.458 39.4592 2.6
    endloop
  endfacet
  facet normal -0.316512 0.633023 -0.706472
    outer loop
      vertex -39.744 41.2059 4.74
      vertex -38.675 39.3521 2.6
      vertex -39.745 41.2054 4.74
    endloop
  endfacet
  facet normal 0.532206 -0.46672 -0.706349
    outer loop
      vertex -1.42864 1.42864 4.74
      vertex -2.94185 2.94185 2.6
      vertex -1.08526 1.8202 4.74
    endloop
  endfacet
  facet normal 0 0.710137 -0.704064
    outer loop
      vertex -4.00853 39.5842 2.6
      vertex -3.73032 41.7059 4.74
      vertex -3.7292 41.7059 4.74
    endloop
  endfacet
  facet normal 0.0462194 0.706367 -0.706335
    outer loop
      vertex -3.73032 41.7059 4.74
      vertex -4.00853 39.5842 2.6
      vertex -4.25 39.6 2.6
    endloop
  endfacet
  facet normal -0.670294 0.227555 -0.706347
    outer loop
      vertex -39.4592 38.458 2.6
      vertex -41.6037 38.7838 4.74
      vertex -41.4363 39.2769 4.74
    endloop
  endfacet
  facet normal -0.707107 0 -0.707107
    outer loop
      vertex -39.6 4.25 2.6
      vertex -41.74 37.75 4.74
      vertex -39.6 37.75 2.6
    endloop
  endfacet
  facet normal -0.707107 -0 -0.707107
    outer loop
      vertex -41.74 37.75 4.74
      vertex -39.6 4.25 2.6
      vertex -41.74 4.25 4.74
    endloop
  endfacet
  facet normal 0.467954 -0.531191 -0.706296
    outer loop
      vertex -3.12379 2.7823 2.6
      vertex -1.8202 1.08526 4.74
      vertex -1.82104 1.08452 4.74
    endloop
  endfacet
  facet normal 0.466715 -0.53221 -0.706349
    outer loop
      vertex -1.8202 1.08526 4.74
      vertex -3.12379 2.7823 2.6
      vertex -2.94185 2.94185 2.6
    endloop
  endfacet
  facet normal -0.751842 0.659343 0
    outer loop
      vertex -40.9234 40.185 4.74
      vertex -40.5784 40.5784 41.14
      vertex -40.5784 40.5784 4.74
    endloop
  endfacet
  facet normal -0.751842 0.659343 0
    outer loop
      vertex -40.5784 40.5784 41.14
      vertex -40.9234 40.185 4.74
      vertex -40.9234 40.185 41.14
    endloop
  endfacet
  facet normal -0.555626 0.831432 0
    outer loop
      vertex -39.75 41.2141 4.74
      vertex -40.185 40.9234 41.14
      vertex -39.75 41.2141 41.14
    endloop
  endfacet
  facet normal -0.555626 0.831432 0
    outer loop
      vertex -40.185 40.9234 41.14
      vertex -39.75 41.2141 4.74
      vertex -40.185 40.9234 4.74
    endloop
  endfacet
  facet normal 0 -0.707108 -0.707105
    outer loop
      vertex -37.75 2.39999 2.6
      vertex -4.25 0.26 4.74
      vertex -37.75 0.26 4.74
    endloop
  endfacet
  facet normal 0 -0.707108 -0.707105
    outer loop
      vertex -4.25 0.26 4.74
      vertex -37.75 2.39999 2.6
      vertex -4.25 2.39999 2.6
    endloop
  endfacet
  facet normal 0.707108 0 -0.707105
    outer loop
      vertex -0.26 4.25 4.74
      vertex -2.39999 37.75 2.6
      vertex -0.26 37.75 4.74
    endloop
  endfacet
  facet normal 0.707108 0 -0.707105
    outer loop
      vertex -2.39999 37.75 2.6
      vertex -0.26 4.25 4.74
      vertex -2.39999 4.25 2.6
    endloop
  endfacet
  facet normal -0.588622 0.393195 -0.706344
    outer loop
      vertex -40.9161 40.178 4.74
      vertex -39.2177 38.8762 2.6
      vertex -39.3521 38.675 2.6
    endloop
  endfacet
  facet normal -0.608306 0.364984 -0.704805
    outer loop
      vertex -39.2177 38.8762 2.6
      vertex -40.9161 40.178 4.74
      vertex -40.9155 40.179 4.74
    endloop
  endfacet
  facet normal -0.896898 0.442238 0
    outer loop
      vertex -41.4455 39.2807 4.74
      vertex -41.2141 39.75 41.14
      vertex -41.2141 39.75 4.74
    endloop
  endfacet
  facet normal -0.896898 0.442238 0
    outer loop
      vertex -41.2141 39.75 41.14
      vertex -41.4455 39.2807 4.74
      vertex -41.4455 39.2807 41.14
    endloop
  endfacet
  facet normal 0.634884 -0.313042 -0.706347
    outer loop
      vertex -2.64786 3.325 2.6
      vertex -0.794066 2.25601 4.74
      vertex -0.794564 2.255 4.74
    endloop
  endfacet
  facet normal 0.634854 -0.313098 -0.706349
    outer loop
      vertex -0.794066 2.25601 4.74
      vertex -2.64786 3.325 2.6
      vertex -2.54082 3.54204 2.6
    endloop
  endfacet
  facet normal 0.138094 0.694262 -0.70635
    outer loop
      vertex -3.21841 41.6043 4.74
      vertex -4.00853 39.5842 2.6
      vertex -3.7292 41.7059 4.74
    endloop
  endfacet
  facet normal -0.682207 -0.186056 -0.70709
    outer loop
      vertex -41.6043 3.21841 4.74
      vertex -39.537 3.77118 2.6
      vertex -41.604 3.21731 4.74
    endloop
  endfacet
  facet normal -0.694271 -0.138064 -0.706347
    outer loop
      vertex -39.537 3.77118 2.6
      vertex -41.6043 3.21841 4.74
      vertex -39.5842 4.00853 2.6
    endloop
  endfacet
  facet normal -0.659343 0.751842 0
    outer loop
      vertex -40.185 40.9234 4.74
      vertex -40.5784 40.5784 41.14
      vertex -40.185 40.9234 41.14
    endloop
  endfacet
  facet normal -0.659343 0.751842 0
    outer loop
      vertex -40.5784 40.5784 41.14
      vertex -40.185 40.9234 4.74
      vertex -40.5784 40.5784 4.74
    endloop
  endfacet
  facet normal -0.0463008 -0.70635 -0.706347
    outer loop
      vertex -37.75 0.26 4.74
      vertex -38.2697 0.294066 4.74
      vertex -37.75 2.39999 2.6
    endloop
  endfacet
  facet normal -0.694263 0.138092 -0.706349
    outer loop
      vertex -41.6043 38.7816 4.74
      vertex -39.537 38.2288 2.6
      vertex -39.5842 37.9915 2.6
    endloop
  endfacet
  facet normal -0.682206 0.186056 -0.707092
    outer loop
      vertex -39.537 38.2288 2.6
      vertex -41.6043 38.7816 4.74
      vertex -41.604 38.7827 4.74
    endloop
  endfacet
  facet normal 0.587987 -0.394077 -0.706381
    outer loop
      vertex -2.7823 3.12379 2.6
      vertex -1.08389 1.82198 4.74
      vertex -1.08452 1.82104 4.74
    endloop
  endfacet
  facet normal 0.588573 -0.393259 -0.706349
    outer loop
      vertex -1.08389 1.82198 4.74
      vertex -2.7823 3.12379 2.6
      vertex -2.64786 3.325 2.6
    endloop
  endfacet
  facet normal 0.381157 0.597146 -0.705788
    outer loop
      vertex -3.12379 39.2177 2.6
      vertex -1.82198 40.9161 4.74
      vertex -1.82104 40.9155 4.74
    endloop
  endfacet
  facet normal 0.393181 0.588631 -0.706345
    outer loop
      vertex -1.82198 40.9161 4.74
      vertex -3.12379 39.2177 2.6
      vertex -3.325 39.3521 2.6
    endloop
  endfacet
  facet normal 0.313144 0.634836 -0.706346
    outer loop
      vertex -2.25601 41.2059 4.74
      vertex -3.54204 39.4592 2.6
      vertex -2.7231 41.4363 4.74
    endloop
  endfacet
  facet normal 0.531191 -0.467954 -0.706296
    outer loop
      vertex -1.08526 1.8202 4.74
      vertex -2.7823 3.12379 2.6
      vertex -1.08452 1.82104 4.74
    endloop
  endfacet
  facet normal 0.53221 -0.466715 -0.706349
    outer loop
      vertex -2.7823 3.12379 2.6
      vertex -1.08526 1.8202 4.74
      vertex -2.94185 2.94185 2.6
    endloop
  endfacet
  facet normal 0.466662 0.532263 -0.706345
    outer loop
      vertex -1.42864 40.5714 4.74
      vertex -2.94185 39.0582 2.6
      vertex -1.8202 40.9147 4.74
    endloop
  endfacet
  facet normal 0.694255 0.13812 -0.706352
    outer loop
      vertex -2.46304 38.2288 2.6
      vertex -0.395731 38.7816 4.74
      vertex -2.41583 37.9915 2.6
    endloop
  endfacet
  facet normal 0.694092 0.138818 -0.706375
    outer loop
      vertex -0.395731 38.7816 4.74
      vertex -2.46304 38.2288 2.6
      vertex -0.395951 38.7827 4.74
    endloop
  endfacet
  facet normal 0 0.707107 -0.707107
    outer loop
      vertex -4.25 39.6 2.6
      vertex -37.75 41.74 4.74
      vertex -4.25 41.74 4.74
    endloop
  endfacet
  facet normal 0 0.707107 -0.707107
    outer loop
      vertex -37.75 41.74 4.74
      vertex -4.25 39.6 2.6
      vertex -37.75 39.6 2.6
    endloop
  endfacet
  facet normal 0.393234 0.588588 -0.706351
    outer loop
      vertex -1.82198 40.9161 4.74
      vertex -3.325 39.3521 2.6
      vertex -2.255 41.2054 4.74
    endloop
  endfacet
  facet normal -0.6703 0.227528 -0.706349
    outer loop
      vertex -39.537 38.2288 2.6
      vertex -41.6037 38.7838 4.74
      vertex -39.4592 38.458 2.6
    endloop
  endfacet
  facet normal -0.682206 0.186056 -0.707092
    outer loop
      vertex -41.6037 38.7838 4.74
      vertex -39.537 38.2288 2.6
      vertex -41.604 38.7827 4.74
    endloop
  endfacet
  facet normal 0.0463486 0.706347 -0.706347
    outer loop
      vertex -3.73032 41.7059 4.74
      vertex -4.25 39.6 2.6
      vertex -4.25 41.74 4.74
    endloop
  endfacet
  facet normal 0.634829 0.313143 -0.706352
    outer loop
      vertex -2.64786 38.675 2.6
      vertex -0.794066 39.744 4.74
      vertex -2.54082 38.458 2.6
    endloop
  endfacet
  facet normal 0.63356 0.315513 -0.706437
    outer loop
      vertex -0.794066 39.744 4.74
      vertex -2.64786 38.675 2.6
      vertex -0.794564 39.745 4.74
    endloop
  endfacet
  facet normal -0.532356 0.466543 -0.706353
    outer loop
      vertex -39.2177 38.8762 2.6
      vertex -40.9147 40.1798 4.74
      vertex -39.0582 39.0582 2.6
    endloop
  endfacet
  facet normal -0.502137 0.502137 -0.704071
    outer loop
      vertex -40.9147 40.1798 4.74
      vertex -39.2177 38.8762 2.6
      vertex -40.9155 40.179 4.74
    endloop
  endfacet
  facet normal -0.58858 0.393247 -0.70635
    outer loop
      vertex -39.3521 38.675 2.6
      vertex -41.2054 39.745 4.74
      vertex -40.9161 40.178 4.74
    endloop
  endfacet
  facet normal -0.313071 -0.634873 -0.706344
    outer loop
      vertex -39.2769 0.563728 4.74
      vertex -39.744 0.794066 4.74
      vertex -38.458 2.54082 2.6
    endloop
  endfacet
  facet normal -0.227555 0.670294 -0.706347
    outer loop
      vertex -38.458 39.4592 2.6
      vertex -39.2769 41.4363 4.74
      vertex -38.7838 41.6037 4.74
    endloop
  endfacet
  facet normal -0.694262 -0.138094 -0.70635
    outer loop
      vertex -41.6043 3.21841 4.74
      vertex -41.7059 3.7292 4.74
      vertex -39.5842 4.00853 2.6
    endloop
  endfacet
  facet normal 0.186056 0.682207 -0.70709
    outer loop
      vertex -3.77118 39.537 2.6
      vertex -3.21841 41.6043 4.74
      vertex -3.21731 41.604 4.74
    endloop
  endfacet
  facet normal 0.138064 0.694271 -0.706347
    outer loop
      vertex -3.21841 41.6043 4.74
      vertex -3.77118 39.537 2.6
      vertex -4.00853 39.5842 2.6
    endloop
  endfacet
  facet normal 0.70635 0.0463008 -0.706347
    outer loop
      vertex -0.26 37.75 4.74
      vertex -2.39999 37.75 2.6
      vertex -0.294066 38.2697 4.74
    endloop
  endfacet
  facet normal -0.634836 -0.313144 -0.706346
    outer loop
      vertex -41.2059 2.25601 4.74
      vertex -41.4363 2.7231 4.74
      vertex -39.4592 3.54204 2.6
    endloop
  endfacet
  facet normal -0.532289 0.466636 -0.706342
    outer loop
      vertex -39.0582 39.0582 2.6
      vertex -40.9147 40.1798 4.74
      vertex -40.5714 40.5714 4.74
    endloop
  endfacet
  facet normal -0.831432 0.555626 0
    outer loop
      vertex -41.2141 39.75 4.74
      vertex -40.9234 40.185 41.14
      vertex -40.9234 40.185 4.74
    endloop
  endfacet
  facet normal -0.831432 0.555626 0
    outer loop
      vertex -40.9234 40.185 41.14
      vertex -41.2141 39.75 4.74
      vertex -41.2141 39.75 41.14
    endloop
  endfacet
  facet normal 0.227556 -0.670292 -0.706348
    outer loop
      vertex -3.21624 0.396313 4.74
      vertex -3.54204 2.54082 2.6
      vertex -2.7231 0.563728 4.74
    endloop
  endfacet
  facet normal -0.634841 0.313139 -0.706343
    outer loop
      vertex -39.4592 38.458 2.6
      vertex -41.4363 39.2769 4.74
      vertex -41.2059 39.744 4.74
    endloop
  endfacet
  facet normal 0.39326 -0.588573 -0.706349
    outer loop
      vertex -2.255 0.794564 4.74
      vertex -3.325 2.64786 2.6
      vertex -1.82198 1.08389 4.74
    endloop
  endfacet
  facet normal 0.672197 0.221214 -0.706552
    outer loop
      vertex -2.46304 38.2288 2.6
      vertex -0.396313 38.7838 4.74
      vertex -0.395951 38.7827 4.74
    endloop
  endfacet
  facet normal 0.670312 0.227473 -0.706355
    outer loop
      vertex -0.396313 38.7838 4.74
      vertex -2.46304 38.2288 2.6
      vertex -2.54082 38.458 2.6
    endloop
  endfacet
  facet normal 0 1 -0
    outer loop
      vertex 37.75 41.75 4.74
      vertex -37.75 41.75 41.14
      vertex 37.75 41.75 41.14
    endloop
  endfacet
  facet normal 0 1 0
    outer loop
      vertex -37.75 41.75 41.14
      vertex 37.75 41.75 4.74
      vertex -37.75 41.75 4.74
    endloop
  endfacet
  facet normal 0.313042 -0.634884 -0.706347
    outer loop
      vertex -2.25601 0.794066 4.74
      vertex -3.325 2.64786 2.6
      vertex -2.255 0.794564 4.74
    endloop
  endfacet
  facet normal 0.313098 -0.634854 -0.706349
    outer loop
      vertex -3.325 2.64786 2.6
      vertex -2.25601 0.794066 4.74
      vertex -3.54204 2.54082 2.6
    endloop
  endfacet
  facet normal -0.694263 0.138092 -0.706349
    outer loop
      vertex -39.5842 37.9915 2.6
      vertex -41.7059 38.2708 4.74
      vertex -41.6043 38.7816 4.74
    endloop
  endfacet
  facet normal -0.706368 0.0462137 -0.706335
    outer loop
      vertex -41.7059 38.2697 4.74
      vertex -39.5842 37.9915 2.6
      vertex -39.6 37.75 2.6
    endloop
  endfacet
  facet normal -0.710137 0 -0.704064
    outer loop
      vertex -39.5842 37.9915 2.6
      vertex -41.7059 38.2697 4.74
      vertex -41.7059 38.2708 4.74
    endloop
  endfacet
  facet normal 0.532232 0.466695 -0.706346
    outer loop
      vertex -1.08526 40.1798 4.74
      vertex -2.94185 39.0582 2.6
      vertex -1.42864 40.5714 4.74
    endloop
  endfacet
  facet normal 0.52018 0.481166 -0.705614
    outer loop
      vertex -2.7823 38.8762 2.6
      vertex -1.08526 40.1798 4.74
      vertex -1.08452 40.179 4.74
    endloop
  endfacet
  facet normal 0.532283 0.466625 -0.706354
    outer loop
      vertex -1.08526 40.1798 4.74
      vertex -2.7823 38.8762 2.6
      vertex -2.94185 39.0582 2.6
    endloop
  endfacet
  facet normal -0.997861 0.0653646 0
    outer loop
      vertex -41.75 37.75 4.74
      vertex -41.7158 38.2721 41.14
      vertex -41.7158 38.2721 4.74
    endloop
  endfacet
  facet normal -0.997861 0.0653646 0
    outer loop
      vertex -41.7158 38.2721 41.14
      vertex -41.75 37.75 4.74
      vertex -41.75 37.75 41.14
    endloop
  endfacet
  facet normal -0.138092 0.694263 -0.706349
    outer loop
      vertex -37.9915 39.5842 2.6
      vertex -38.7816 41.6043 4.74
      vertex -38.2708 41.7059 4.74
    endloop
  endfacet
  facet normal -0.0462137 0.706368 -0.706335
    outer loop
      vertex -37.9915 39.5842 2.6
      vertex -38.2697 41.7059 4.74
      vertex -37.75 39.6 2.6
    endloop
  endfacet
  facet normal 0 0.710137 -0.704064
    outer loop
      vertex -38.2697 41.7059 4.74
      vertex -37.9915 39.5842 2.6
      vertex -38.2708 41.7059 4.74
    endloop
  endfacet
  facet normal -0.227573 -0.670288 -0.706346
    outer loop
      vertex -38.7838 0.396313 4.74
      vertex -39.2769 0.563728 4.74
      vertex -38.458 2.54082 2.6
    endloop
  endfacet
  facet normal -0.532284 -0.466633 -0.706348
    outer loop
      vertex -40.9147 1.8202 4.74
      vertex -39.2177 3.12379 2.6
      vertex -39.0582 2.94185 2.6
    endloop
  endfacet
  facet normal -0.513494 -0.489042 -0.705097
    outer loop
      vertex -39.2177 3.12379 2.6
      vertex -40.9147 1.8202 4.74
      vertex -40.9155 1.82104 4.74
    endloop
  endfacet
  facet normal 0.670292 -0.227556 -0.706348
    outer loop
      vertex -0.563728 2.7231 4.74
      vertex -2.54082 3.54204 2.6
      vertex -0.396313 3.21624 4.74
    endloop
  endfacet
  facet normal -0.0463468 0.706347 -0.706347
    outer loop
      vertex -37.75 39.6 2.6
      vertex -38.2697 41.7059 4.74
      vertex -37.75 41.74 4.74
    endloop
  endfacet
  facet normal -0.313139 0.634841 -0.706343
    outer loop
      vertex -38.458 39.4592 2.6
      vertex -39.744 41.2059 4.74
      vertex -39.2769 41.4363 4.74
    endloop
  endfacet
  facet normal -0.393195 0.588622 -0.706344
    outer loop
      vertex -38.8762 39.2177 2.6
      vertex -40.178 40.9161 4.74
      vertex -38.675 39.3521 2.6
    endloop
  endfacet
  facet normal -0.364984 0.608306 -0.704805
    outer loop
      vertex -40.178 40.9161 4.74
      vertex -38.8762 39.2177 2.6
      vertex -40.179 40.9155 4.74
    endloop
  endfacet
  facet normal -0.94691 0.321498 0
    outer loop
      vertex -41.6137 38.7853 4.74
      vertex -41.4455 39.2807 41.14
      vertex -41.4455 39.2807 4.74
    endloop
  endfacet
  facet normal -0.94691 0.321498 0
    outer loop
      vertex -41.4455 39.2807 41.14
      vertex -41.6137 38.7853 4.74
      vertex -41.6137 38.7853 41.14
    endloop
  endfacet
  facet normal -0.466636 0.532289 -0.706342
    outer loop
      vertex -39.0582 39.0582 2.6
      vertex -40.5714 40.5714 4.74
      vertex -40.1798 40.9147 4.74
    endloop
  endfacet
  facet normal -0.706347 0.0463468 -0.706347
    outer loop
      vertex -39.6 37.75 2.6
      vertex -41.74 37.75 4.74
      vertex -41.7059 38.2697 4.74
    endloop
  endfacet
  facet normal -0.227528 0.6703 -0.706349
    outer loop
      vertex -38.7838 41.6037 4.74
      vertex -38.2288 39.537 2.6
      vertex -38.458 39.4592 2.6
    endloop
  endfacet
  facet normal -0.186056 0.682206 -0.707092
    outer loop
      vertex -38.2288 39.537 2.6
      vertex -38.7838 41.6037 4.74
      vertex -38.7827 41.604 4.74
    endloop
  endfacet
  facet normal 0.670288 0.227573 -0.706346
    outer loop
      vertex -0.396313 38.7838 4.74
      vertex -2.54082 38.458 2.6
      vertex -0.563728 39.2769 4.74
    endloop
  endfacet
  facet normal 0.634873 0.313071 -0.706344
    outer loop
      vertex -0.563728 39.2769 4.74
      vertex -2.54082 38.458 2.6
      vertex -0.794066 39.744 4.74
    endloop
  endfacet
  facet normal 0.634868 -0.313075 -0.706347
    outer loop
      vertex -0.794066 2.25601 4.74
      vertex -2.54082 3.54204 2.6
      vertex -0.563728 2.7231 4.74
    endloop
  endfacet
  facet normal 0.466633 0.532284 -0.706348
    outer loop
      vertex -3.12379 39.2177 2.6
      vertex -1.8202 40.9147 4.74
      vertex -2.94185 39.0582 2.6
    endloop
  endfacet
  facet normal 0.489042 0.513494 -0.705097
    outer loop
      vertex -1.8202 40.9147 4.74
      vertex -3.12379 39.2177 2.6
      vertex -1.82104 40.9155 4.74
    endloop
  endfacet
  facet normal 0.706346 0.0463293 -0.706349
    outer loop
      vertex -2.41583 37.9915 2.6
      vertex -0.294066 38.2697 4.74
      vertex -2.39999 37.75 2.6
    endloop
  endfacet
  facet normal 0.706229 0.04751 -0.706387
    outer loop
      vertex -0.294066 38.2697 4.74
      vertex -2.41583 37.9915 2.6
      vertex -0.29414 38.2708 4.74
    endloop
  endfacet
  facet normal 0.670506 -0.226844 -0.706373
    outer loop
      vertex -0.396313 3.21624 4.74
      vertex -2.46304 3.77118 2.6
      vertex -0.395951 3.21731 4.74
    endloop
  endfacet
  facet normal 0.670299 -0.227528 -0.70635
    outer loop
      vertex -2.46304 3.77118 2.6
      vertex -0.396313 3.21624 4.74
      vertex -2.54082 3.54204 2.6
    endloop
  endfacet
  facet normal -0.13808 -0.694267 -0.706348
    outer loop
      vertex -38.2708 0.29414 4.74
      vertex -38.7816 0.395731 4.74
      vertex -37.9915 2.41583 2.6
    endloop
  endfacet
  facet normal 0.0463026 -0.70635 -0.706347
    outer loop
      vertex -3.73032 0.294066 4.74
      vertex -4.25 0.26 4.74
      vertex -4.25 2.39999 2.6
    endloop
  endfacet
  facet normal 0.694267 0.13808 -0.706348
    outer loop
      vertex -0.29414 38.2708 4.74
      vertex -2.41583 37.9915 2.6
      vertex -0.395731 38.7816 4.74
    endloop
  endfacet
  facet normal 0.0466671 -0.706312 -0.70636
    outer loop
      vertex -3.73032 0.294066 4.74
      vertex -4.00853 2.41583 2.6
      vertex -3.7292 0.29414 4.74
    endloop
  endfacet
  facet normal 0.046335 -0.706345 -0.70635
    outer loop
      vertex -4.00853 2.41583 2.6
      vertex -3.73032 0.294066 4.74
      vertex -4.25 2.39999 2.6
    endloop
  endfacet
  facet normal -0.195124 0.980779 0
    outer loop
      vertex -38.2721 41.7158 4.74
      vertex -38.7853 41.6137 41.14
      vertex -38.2721 41.7158 41.14
    endloop
  endfacet
  facet normal -0.195124 0.980779 0
    outer loop
      vertex -38.7853 41.6137 41.14
      vertex -38.2721 41.7158 4.74
      vertex -38.7853 41.6137 4.74
    endloop
  endfacet
  facet normal -0.393273 -0.588565 -0.706349
    outer loop
      vertex -39.745 0.794564 4.74
      vertex -40.178 1.08389 4.74
      vertex -38.675 2.64786 2.6
    endloop
  endfacet
  facet normal -0.634352 -0.314036 -0.706385
    outer loop
      vertex -41.2059 2.25601 4.74
      vertex -39.3521 3.325 2.6
      vertex -41.2054 2.255 4.74
    endloop
  endfacet
  facet normal -0.634779 -0.313237 -0.706355
    outer loop
      vertex -39.3521 3.325 2.6
      vertex -41.2059 2.25601 4.74
      vertex -39.4592 3.54204 2.6
    endloop
  endfacet
  facet normal -0.466543 0.532356 -0.706353
    outer loop
      vertex -40.1798 40.9147 4.74
      vertex -38.8762 39.2177 2.6
      vertex -39.0582 39.0582 2.6
    endloop
  endfacet
  facet normal -0.502137 0.502137 -0.704071
    outer loop
      vertex -38.8762 39.2177 2.6
      vertex -40.1798 40.9147 4.74
      vertex -40.179 40.9155 4.74
    endloop
  endfacet
  facet normal 0.227537 0.670298 -0.706348
    outer loop
      vertex -2.7231 41.4363 4.74
      vertex -3.54204 39.4592 2.6
      vertex -3.21624 41.6037 4.74
    endloop
  endfacet
  facet normal 0.588565 0.393273 -0.706349
    outer loop
      vertex -0.794564 39.745 4.74
      vertex -2.64786 38.675 2.6
      vertex -1.08389 40.178 4.74
    endloop
  endfacet
  facet normal -0.670298 -0.227537 -0.706348
    outer loop
      vertex -41.4363 2.7231 4.74
      vertex -41.6037 3.21624 4.74
      vertex -39.4592 3.54204 2.6
    endloop
  endfacet
  facet normal 0.706312 -0.0466671 -0.70636
    outer loop
      vertex -2.41583 4.00853 2.6
      vertex -0.294066 3.73032 4.74
      vertex -0.29414 3.7292 4.74
    endloop
  endfacet
  facet normal 0.706345 -0.046335 -0.70635
    outer loop
      vertex -0.294066 3.73032 4.74
      vertex -2.41583 4.00853 2.6
      vertex -2.39999 4.25 2.6
    endloop
  endfacet
  facet normal -0.670287 -0.227583 -0.706344
    outer loop
      vertex -41.6037 3.21624 4.74
      vertex -39.537 3.77118 2.6
      vertex -39.4592 3.54204 2.6
    endloop
  endfacet
  facet normal -0.680888 -0.190903 -0.70707
    outer loop
      vertex -39.537 3.77118 2.6
      vertex -41.6037 3.21624 4.74
      vertex -41.604 3.21731 4.74
    endloop
  endfacet
  facet normal 0.314036 0.634352 -0.706385
    outer loop
      vertex -3.325 39.3521 2.6
      vertex -2.25601 41.2059 4.74
      vertex -2.255 41.2054 4.74
    endloop
  endfacet
  facet normal 0.313237 0.634779 -0.706355
    outer loop
      vertex -2.25601 41.2059 4.74
      vertex -3.325 39.3521 2.6
      vertex -3.54204 39.4592 2.6
    endloop
  endfacet
  facet normal 0.70635 -0.0463026 -0.706347
    outer loop
      vertex -0.294066 3.73032 4.74
      vertex -2.39999 4.25 2.6
      vertex -0.26 4.25 4.74
    endloop
  endfacet
  facet normal -0.138092 0.694263 -0.706349
    outer loop
      vertex -38.2288 39.537 2.6
      vertex -38.7816 41.6043 4.74
      vertex -37.9915 39.5842 2.6
    endloop
  endfacet
  facet normal -0.186056 0.682206 -0.707092
    outer loop
      vertex -38.7816 41.6043 4.74
      vertex -38.2288 39.537 2.6
      vertex -38.7827 41.604 4.74
    endloop
  endfacet
  facet normal -0.980779 0.195124 0
    outer loop
      vertex -41.7158 38.2721 4.74
      vertex -41.6137 38.7853 41.14
      vertex -41.6137 38.7853 4.74
    endloop
  endfacet
  facet normal -0.980779 0.195124 0
    outer loop
      vertex -41.6137 38.7853 41.14
      vertex -41.7158 38.2721 4.74
      vertex -41.7158 38.2721 41.14
    endloop
  endfacet
  facet normal -0.706347 -0.0463486 -0.706347
    outer loop
      vertex -41.7059 3.73032 4.74
      vertex -41.74 4.25 4.74
      vertex -39.6 4.25 2.6
    endloop
  endfacet
  facet normal -0.393247 0.58858 -0.70635
    outer loop
      vertex -38.675 39.3521 2.6
      vertex -40.178 40.9161 4.74
      vertex -39.745 41.2054 4.74
    endloop
  endfacet
  facet normal -0.481166 -0.52018 -0.705614
    outer loop
      vertex -40.1798 1.08526 4.74
      vertex -38.8762 2.7823 2.6
      vertex -40.179 1.08452 4.74
    endloop
  endfacet
  facet normal -0.466625 -0.532283 -0.706354
    outer loop
      vertex -38.8762 2.7823 2.6
      vertex -40.1798 1.08526 4.74
      vertex -39.0582 2.94185 2.6
    endloop
  endfacet
  facet normal -0.393273 -0.588564 -0.706349
    outer loop
      vertex -40.178 1.08389 4.74
      vertex -38.8762 2.7823 2.6
      vertex -38.675 2.64786 2.6
    endloop
  endfacet
  facet normal -0.377715 -0.599548 -0.705602
    outer loop
      vertex -38.8762 2.7823 2.6
      vertex -40.178 1.08389 4.74
      vertex -40.179 1.08452 4.74
    endloop
  endfacet
  facet normal -0.0653646 0.997861 0
    outer loop
      vertex -37.75 41.75 4.74
      vertex -38.2721 41.7158 41.14
      vertex -37.75 41.75 41.14
    endloop
  endfacet
  facet normal -0.0653646 0.997861 0
    outer loop
      vertex -38.2721 41.7158 41.14
      vertex -37.75 41.75 4.74
      vertex -38.2721 41.7158 4.74
    endloop
  endfacet
  facet normal 0.46672 -0.532206 -0.706349
    outer loop
      vertex -1.8202 1.08526 4.74
      vertex -2.94185 2.94185 2.6
      vertex -1.42864 1.42864 4.74
    endloop
  endfacet
  facet normal 0.226844 -0.670506 -0.706373
    outer loop
      vertex -3.77118 2.46304 2.6
      vertex -3.21624 0.396313 4.74
      vertex -3.21731 0.395951 4.74
    endloop
  endfacet
  facet normal 0.227528 -0.670299 -0.70635
    outer loop
      vertex -3.21624 0.396313 4.74
      vertex -3.77118 2.46304 2.6
      vertex -3.54204 2.54082 2.6
    endloop
  endfacet
  facet normal 0.138082 -0.694265 -0.706349
    outer loop
      vertex -3.7292 0.29414 4.74
      vertex -4.00853 2.41583 2.6
      vertex -3.21841 0.395731 4.74
    endloop
  endfacet
  facet normal -0.13812 -0.694255 -0.706352
    outer loop
      vertex -38.7816 0.395731 4.74
      vertex -38.2288 2.46304 2.6
      vertex -37.9915 2.41583 2.6
    endloop
  endfacet
  facet normal -0.138818 -0.694092 -0.706375
    outer loop
      vertex -38.2288 2.46304 2.6
      vertex -38.7816 0.395731 4.74
      vertex -38.7827 0.395951 4.74
    endloop
  endfacet
  facet normal -0.221214 -0.672197 -0.706552
    outer loop
      vertex -38.7838 0.396313 4.74
      vertex -38.2288 2.46304 2.6
      vertex -38.7827 0.395951 4.74
    endloop
  endfacet
  facet normal -0.227473 -0.670312 -0.706355
    outer loop
      vertex -38.2288 2.46304 2.6
      vertex -38.7838 0.396313 4.74
      vertex -38.458 2.54082 2.6
    endloop
  endfacet
  facet normal -0.710137 -0 -0.704064
    outer loop
      vertex -41.7059 3.73032 4.74
      vertex -39.5842 4.00853 2.6
      vertex -41.7059 3.7292 4.74
    endloop
  endfacet
  facet normal -0.706367 -0.0462194 -0.706335
    outer loop
      vertex -39.5842 4.00853 2.6
      vertex -41.7059 3.73032 4.74
      vertex -39.6 4.25 2.6
    endloop
  endfacet
  facet normal 0.588573 -0.39326 -0.706349
    outer loop
      vertex -1.08389 1.82198 4.74
      vertex -2.64786 3.325 2.6
      vertex -0.794564 2.255 4.74
    endloop
  endfacet
  facet normal 0.227583 0.670287 -0.706344
    outer loop
      vertex -3.77118 39.537 2.6
      vertex -3.21624 41.6037 4.74
      vertex -3.54204 39.4592 2.6
    endloop
  endfacet
  facet normal 0.190903 0.680888 -0.70707
    outer loop
      vertex -3.21624 41.6037 4.74
      vertex -3.77118 39.537 2.6
      vertex -3.21731 41.604 4.74
    endloop
  endfacet
  facet normal -0.313143 -0.634829 -0.706352
    outer loop
      vertex -39.744 0.794066 4.74
      vertex -38.675 2.64786 2.6
      vertex -38.458 2.54082 2.6
    endloop
  endfacet
  facet normal -0.315513 -0.63356 -0.706437
    outer loop
      vertex -38.675 2.64786 2.6
      vertex -39.744 0.794066 4.74
      vertex -39.745 0.794564 4.74
    endloop
  endfacet
  facet normal -0.442238 0.896898 0
    outer loop
      vertex -39.2807 41.4455 4.74
      vertex -39.75 41.2141 41.14
      vertex -39.2807 41.4455 41.14
    endloop
  endfacet
  facet normal -0.442238 0.896898 0
    outer loop
      vertex -39.75 41.2141 41.14
      vertex -39.2807 41.4455 4.74
      vertex -39.75 41.2141 4.74
    endloop
  endfacet
  facet normal 0.394077 -0.587987 -0.706381
    outer loop
      vertex -1.82198 1.08389 4.74
      vertex -3.12379 2.7823 2.6
      vertex -1.82104 1.08452 4.74
    endloop
  endfacet
  facet normal 0.393259 -0.588573 -0.706349
    outer loop
      vertex -3.12379 2.7823 2.6
      vertex -1.82198 1.08389 4.74
      vertex -3.325 2.64786 2.6
    endloop
  endfacet
  facet normal 0.313075 -0.634868 -0.706347
    outer loop
      vertex -2.7231 0.563728 4.74
      vertex -3.54204 2.54082 2.6
      vertex -2.25601 0.794066 4.74
    endloop
  endfacet
  facet normal -0.532263 -0.466662 -0.706345
    outer loop
      vertex -40.5714 1.42864 4.74
      vertex -40.9147 1.8202 4.74
      vertex -39.0582 2.94185 2.6
    endloop
  endfacet
  facet normal -0.466695 -0.532232 -0.706346
    outer loop
      vertex -40.1798 1.08526 4.74
      vertex -40.5714 1.42864 4.74
      vertex -39.0582 2.94185 2.6
    endloop
  endfacet
  facet normal 0.694093 -0.138819 -0.706374
    outer loop
      vertex -2.46304 3.77118 2.6
      vertex -0.395731 3.21841 4.74
      vertex -0.395951 3.21731 4.74
    endloop
  endfacet
  facet normal 0.694263 -0.138092 -0.70635
    outer loop
      vertex -0.395731 3.21841 4.74
      vertex -2.46304 3.77118 2.6
      vertex -2.41583 4.00853 2.6
    endloop
  endfacet
  facet normal 0.694265 -0.138082 -0.706349
    outer loop
      vertex -0.395731 3.21841 4.74
      vertex -2.41583 4.00853 2.6
      vertex -0.29414 3.7292 4.74
    endloop
  endfacet
  facet normal -0.321498 0.94691 0
    outer loop
      vertex -38.7853 41.6137 4.74
      vertex -39.2807 41.4455 41.14
      vertex -38.7853 41.6137 41.14
    endloop
  endfacet
  facet normal -0.321498 0.94691 0
    outer loop
      vertex -39.2807 41.4455 41.14
      vertex -38.7853 41.6137 4.74
      vertex -39.2807 41.4455 4.74
    endloop
  endfacet
  facet normal -0.0463293 -0.706346 -0.706349
    outer loop
      vertex -38.2697 0.294066 4.74
      vertex -37.9915 2.41583 2.6
      vertex -37.75 2.39999 2.6
    endloop
  endfacet
  facet normal -0.04751 -0.706229 -0.706387
    outer loop
      vertex -37.9915 2.41583 2.6
      vertex -38.2697 0.294066 4.74
      vertex -38.2708 0.29414 4.74
    endloop
  endfacet
  facet normal -0.588588 -0.393234 -0.706351
    outer loop
      vertex -40.9161 1.82198 4.74
      vertex -41.2054 2.255 4.74
      vertex -39.3521 3.325 2.6
    endloop
  endfacet
  facet normal -0.597146 -0.381157 -0.705788
    outer loop
      vertex -40.9161 1.82198 4.74
      vertex -39.2177 3.12379 2.6
      vertex -40.9155 1.82104 4.74
    endloop
  endfacet
  facet normal -0.588631 -0.393181 -0.706345
    outer loop
      vertex -39.2177 3.12379 2.6
      vertex -40.9161 1.82198 4.74
      vertex -39.3521 3.325 2.6
    endloop
  endfacet
  facet normal 0.466538 -0.532351 -0.70636
    outer loop
      vertex 38.8762 -39.2177 0.799999
      vertex 38.3892 -38.583 0
      vertex 39.0582 -39.0582 0.799999
    endloop
  endfacet
  facet normal -0.3131 0.634858 -0.706346
    outer loop
      vertex 3.84818 -3.27992 0
      vertex 3.325 -2.64786 0.799999
      vertex 3.54204 -2.54082 0.799999
    endloop
  endfacet
  facet normal -0.53228 -0.466634 -0.706351
    outer loop
      vertex 3.50754 -38.4925 0
      vertex 2.94185 -39.0582 0.799999
      vertex 3.41698 -38.3892 0
    endloop
  endfacet
  facet normal 0.0462653 0.706345 -0.706354
    outer loop
      vertex 37.8871 -3.20898 0
      vertex 37.75 -3.2 0
      vertex 37.75 -2.39999 0.799999
    endloop
  endfacet
  facet normal 0.946934 -0.321429 0
    outer loop
      vertex 39.4592 -38.458 2.6
      vertex 39.537 -38.2288 0.799999
      vertex 39.537 -38.2288 2.6
    endloop
  endfacet
  facet normal 0.946934 -0.321429 0
    outer loop
      vertex 39.537 -38.2288 0.799999
      vertex 39.4592 -38.458 2.6
      vertex 39.4592 -38.458 0.799999
    endloop
  endfacet
  facet normal -0.313243 -0.634793 -0.70634
    outer loop
      vertex 3.54204 -39.4592 0.799999
      vertex 3.325 -39.3521 0.799999
      vertex 3.84818 -38.7201 0
    endloop
  endfacet
  facet normal -0.659212 -0.751957 0
    outer loop
      vertex 2.94185 -39.0582 0.799999
      vertex 3.12379 -39.2177 2.6
      vertex 2.94185 -39.0582 2.6
    endloop
  endfacet
  facet normal -0.659212 -0.751957 -0
    outer loop
      vertex 3.12379 -39.2177 2.6
      vertex 2.94185 -39.0582 0.799999
      vertex 3.12379 -39.2177 0.799999
    endloop
  endfacet
  facet normal 0.44238 0.896828 -0
    outer loop
      vertex 38.675 -2.64786 0.799999
      vertex 38.458 -2.54082 2.6
      vertex 38.675 -2.64786 2.6
    endloop
  endfacet
  facet normal 0.44238 0.896828 0
    outer loop
      vertex 38.458 -2.54082 2.6
      vertex 38.675 -2.64786 0.799999
      vertex 38.458 -2.54082 0.799999
    endloop
  endfacet
  facet normal -0.946933 0.32143 0
    outer loop
      vertex 2.46304 -3.77118 0.799999
      vertex 2.54082 -3.54204 2.6
      vertex 2.54082 -3.54204 0.799999
    endloop
  endfacet
  facet normal -0.946933 0.32143 0
    outer loop
      vertex 2.54082 -3.54204 2.6
      vertex 2.46304 -3.77118 0.799999
      vertex 2.46304 -3.77118 2.6
    endloop
  endfacet
  facet normal 0.694249 0.13806 -0.706369
    outer loop
      vertex 39.5842 -4.00853 0.799999
      vertex 38.791 -4.11295 0
      vertex 39.537 -3.77118 0.799999
    endloop
  endfacet
  facet normal -0.532213 0.466717 -0.706346
    outer loop
      vertex 3.41698 -3.61079 0
      vertex 2.7823 -3.12379 0.799999
      vertex 2.94185 -2.94185 0.799999
    endloop
  endfacet
  facet normal -0.67031 0.227491 -0.706351
    outer loop
      vertex 3.23578 -3.97824 0
      vertex 2.46304 -3.77118 0.799999
      vertex 3.27992 -3.84818 0
    endloop
  endfacet
  facet normal -0.13806 -0.694249 -0.706369
    outer loop
      vertex 4.00853 -39.5842 0.799999
      vertex 3.77118 -39.537 0.799999
      vertex 4.11295 -38.791 0
    endloop
  endfacet
  facet normal 0.39325 -0.588587 -0.706342
    outer loop
      vertex 38.675 -39.3521 0.799999
      vertex 38.275 -38.6593 0
      vertex 38.3892 -38.583 0
    endloop
  endfacet
  facet normal -0.393178 -0.588626 -0.70635
    outer loop
      vertex 3.325 -39.3521 0.799999
      vertex 3.12379 -39.2177 0.799999
      vertex 3.61079 -38.583 0
    endloop
  endfacet
  facet normal 0.997867 -0.0652849 0
    outer loop
      vertex 39.5842 -37.9915 2.6
      vertex 39.6 -37.75 0.799999
      vertex 39.6 -37.75 2.6
    endloop
  endfacet
  facet normal 0.997867 -0.0652849 0
    outer loop
      vertex 39.6 -37.75 0.799999
      vertex 39.5842 -37.9915 2.6
      vertex 39.5842 -37.9915 0.799999
    endloop
  endfacet
  facet normal 0.752065 -0.65909 0
    outer loop
      vertex 39.0582 -39.0582 2.6
      vertex 39.2177 -38.8762 0.799999
      vertex 39.2177 -38.8762 2.6
    endloop
  endfacet
  facet normal 0.752065 -0.65909 0
    outer loop
      vertex 39.2177 -38.8762 0.799999
      vertex 39.0582 -39.0582 2.6
      vertex 39.0582 -39.0582 0.799999
    endloop
  endfacet
  facet normal 0 0 -1
    outer loop
      vertex 37.75 -38.8 0
      vertex 38.8 -37.75 0
      vertex 38.791 -37.8871 0
    endloop
  endfacet
  facet normal -0 0 -1
    outer loop
      vertex 38.8 -37.75 0
      vertex 37.75 -38.8 0
      vertex 38.8 -4.25 0
    endloop
  endfacet
  facet normal 0 0 -1
    outer loop
      vertex 37.75 -38.8 0
      vertex 38.791 -37.8871 0
      vertex 38.7642 -38.0218 0
    endloop
  endfacet
  facet normal 0 0 -1
    outer loop
      vertex 37.75 -3.2 0
      vertex 38.8 -4.25 0
      vertex 37.75 -38.8 0
    endloop
  endfacet
  facet normal 0 0 -1
    outer loop
      vertex 37.75 -38.8 0
      vertex 38.7642 -38.0218 0
      vertex 38.7201 -38.1518 0
    endloop
  endfacet
  facet normal 0 0 -1
    outer loop
      vertex 38.8 -4.25 0
      vertex 37.75 -3.2 0
      vertex 38.791 -4.11295 0
    endloop
  endfacet
  facet normal 0 0 -1
    outer loop
      vertex 37.75 -38.8 0
      vertex 38.7201 -38.1518 0
      vertex 38.6593 -38.275 0
    endloop
  endfacet
  facet normal 0 0 -1
    outer loop
      vertex 38.791 -4.11295 0
      vertex 37.75 -3.2 0
      vertex 38.7642 -3.97824 0
    endloop
  endfacet
  facet normal 0 0 -1
    outer loop
      vertex 37.75 -38.8 0
      vertex 38.6593 -38.275 0
      vertex 38.583 -38.3892 0
    endloop
  endfacet
  facet normal 0 0 -1
    outer loop
      vertex 38.7642 -3.97824 0
      vertex 37.75 -3.2 0
      vertex 38.7201 -3.84818 0
    endloop
  endfacet
  facet normal 0 0 -1
    outer loop
      vertex 37.75 -38.8 0
      vertex 38.583 -38.3892 0
      vertex 38.4925 -38.4925 0
    endloop
  endfacet
  facet normal 0 0 -1
    outer loop
      vertex 38.7201 -3.84818 0
      vertex 37.75 -3.2 0
      vertex 38.6593 -3.72501 0
    endloop
  endfacet
  facet normal 0 0 -1
    outer loop
      vertex 37.75 -38.8 0
      vertex 38.4925 -38.4925 0
      vertex 38.3892 -38.583 0
    endloop
  endfacet
  facet normal 0 0 -1
    outer loop
      vertex 38.6593 -3.72501 0
      vertex 37.75 -3.2 0
      vertex 38.583 -3.61079 0
    endloop
  endfacet
  facet normal 0 0 -1
    outer loop
      vertex 37.75 -38.8 0
      vertex 38.3892 -38.583 0
      vertex 38.275 -38.6593 0
    endloop
  endfacet
  facet normal 0 0 -1
    outer loop
      vertex 38.583 -3.61079 0
      vertex 37.75 -3.2 0
      vertex 38.4925 -3.50754 0
    endloop
  endfacet
  facet normal 0 0 -1
    outer loop
      vertex 37.75 -38.8 0
      vertex 38.275 -38.6593 0
      vertex 38.1518 -38.7201 0
    endloop
  endfacet
  facet normal 0 0 -1
    outer loop
      vertex 38.4925 -3.50754 0
      vertex 37.75 -3.2 0
      vertex 38.3892 -3.41698 0
    endloop
  endfacet
  facet normal 0 0 -1
    outer loop
      vertex 37.75 -38.8 0
      vertex 38.1518 -38.7201 0
      vertex 38.0218 -38.7642 0
    endloop
  endfacet
  facet normal 0 0 -1
    outer loop
      vertex 38.3892 -3.41698 0
      vertex 37.75 -3.2 0
      vertex 38.275 -3.34067 0
    endloop
  endfacet
  facet normal 0 0 -1
    outer loop
      vertex 37.75 -38.8 0
      vertex 38.0218 -38.7642 0
      vertex 37.8871 -38.791 0
    endloop
  endfacet
  facet normal 0 0 -1
    outer loop
      vertex 38.275 -3.34067 0
      vertex 37.75 -3.2 0
      vertex 38.1518 -3.27992 0
    endloop
  endfacet
  facet normal 0 0 -1
    outer loop
      vertex 38.1518 -3.27992 0
      vertex 37.75 -3.2 0
      vertex 38.0218 -3.23578 0
    endloop
  endfacet
  facet normal 0 0 -1
    outer loop
      vertex 38.0218 -3.23578 0
      vertex 37.75 -3.2 0
      vertex 37.8871 -3.20898 0
    endloop
  endfacet
  facet normal 0 0 -1
    outer loop
      vertex 4.25 -38.8 0
      vertex 37.75 -3.2 0
      vertex 37.75 -38.8 0
    endloop
  endfacet
  facet normal 0 0 -1
    outer loop
      vertex 4.25 -38.8 0
      vertex 4.25 -3.2 0
      vertex 37.75 -3.2 0
    endloop
  endfacet
  facet normal 0 0 -1
    outer loop
      vertex 3.2 -37.75 0
      vertex 4.25 -38.8 0
      vertex 4.11295 -38.791 0
    endloop
  endfacet
  facet normal 0 0 -1
    outer loop
      vertex 4.25 -38.8 0
      vertex 3.2 -37.75 0
      vertex 4.25 -3.2 0
    endloop
  endfacet
  facet normal 0 0 -1
    outer loop
      vertex 3.2 -37.75 0
      vertex 4.11295 -38.791 0
      vertex 3.97824 -38.7642 0
    endloop
  endfacet
  facet normal 0 0 -1
    outer loop
      vertex 3.2 -4.25 0
      vertex 4.25 -3.2 0
      vertex 3.2 -37.75 0
    endloop
  endfacet
  facet normal 0 0 -1
    outer loop
      vertex 3.2 -37.75 0
      vertex 3.97824 -38.7642 0
      vertex 3.84818 -38.7201 0
    endloop
  endfacet
  facet normal 0 0 -1
    outer loop
      vertex 4.25 -3.2 0
      vertex 3.2 -4.25 0
      vertex 4.11295 -3.20898 0
    endloop
  endfacet
  facet normal 0 0 -1
    outer loop
      vertex 3.2 -37.75 0
      vertex 3.84818 -38.7201 0
      vertex 3.72501 -38.6593 0
    endloop
  endfacet
  facet normal 0 0 -1
    outer loop
      vertex 4.11295 -3.20898 0
      vertex 3.2 -4.25 0
      vertex 3.97824 -3.23578 0
    endloop
  endfacet
  facet normal 0 0 -1
    outer loop
      vertex 3.2 -37.75 0
      vertex 3.72501 -38.6593 0
      vertex 3.61079 -38.583 0
    endloop
  endfacet
  facet normal 0 0 -1
    outer loop
      vertex 3.97824 -3.23578 0
      vertex 3.2 -4.25 0
      vertex 3.84818 -3.27992 0
    endloop
  endfacet
  facet normal 0 0 -1
    outer loop
      vertex 3.2 -37.75 0
      vertex 3.61079 -38.583 0
      vertex 3.50754 -38.4925 0
    endloop
  endfacet
  facet normal 0 0 -1
    outer loop
      vertex 3.84818 -3.27992 0
      vertex 3.2 -4.25 0
      vertex 3.72501 -3.34067 0
    endloop
  endfacet
  facet normal 0 0 -1
    outer loop
      vertex 3.2 -37.75 0
      vertex 3.50754 -38.4925 0
      vertex 3.41698 -38.3892 0
    endloop
  endfacet
  facet normal 0 0 -1
    outer loop
      vertex 3.72501 -3.34067 0
      vertex 3.2 -4.25 0
      vertex 3.61079 -3.41698 0
    endloop
  endfacet
  facet normal 0 0 -1
    outer loop
      vertex 3.2 -37.75 0
      vertex 3.41698 -38.3892 0
      vertex 3.34067 -38.275 0
    endloop
  endfacet
  facet normal 0 0 -1
    outer loop
      vertex 3.61079 -3.41698 0
      vertex 3.2 -4.25 0
      vertex 3.50754 -3.50754 0
    endloop
  endfacet
  facet normal 0 0 -1
    outer loop
      vertex 3.2 -37.75 0
      vertex 3.34067 -38.275 0
      vertex 3.27992 -38.1518 0
    endloop
  endfacet
  facet normal 0 0 -1
    outer loop
      vertex 3.50754 -3.50754 0
      vertex 3.2 -4.25 0
      vertex 3.41698 -3.61079 0
    endloop
  endfacet
  facet normal 0 0 -1
    outer loop
      vertex 3.2 -37.75 0
      vertex 3.27992 -38.1518 0
      vertex 3.23578 -38.0218 0
    endloop
  endfacet
  facet normal 0 0 -1
    outer loop
      vertex 3.41698 -3.61079 0
      vertex 3.2 -4.25 0
      vertex 3.34067 -3.72501 0
    endloop
  endfacet
  facet normal 0 0 -1
    outer loop
      vertex 3.2 -37.75 0
      vertex 3.23578 -38.0218 0
      vertex 3.20898 -37.8871 0
    endloop
  endfacet
  facet normal 0 0 -1
    outer loop
      vertex 3.34067 -3.72501 0
      vertex 3.2 -4.25 0
      vertex 3.27992 -3.84818 0
    endloop
  endfacet
  facet normal 0 0 -1
    outer loop
      vertex 3.27992 -3.84818 0
      vertex 3.2 -4.25 0
      vertex 3.23578 -3.97824 0
    endloop
  endfacet
  facet normal 0 0 -1
    outer loop
      vertex 3.23578 -3.97824 0
      vertex 3.2 -4.25 0
      vertex 3.20898 -4.11295 0
    endloop
  endfacet
  facet normal -0.89686 0.442314 0
    outer loop
      vertex 2.54082 -3.54204 0.799999
      vertex 2.64786 -3.325 2.6
      vertex 2.64786 -3.325 0.799999
    endloop
  endfacet
  facet normal -0.89686 0.442314 0
    outer loop
      vertex 2.64786 -3.325 2.6
      vertex 2.54082 -3.54204 0.799999
      vertex 2.54082 -3.54204 2.6
    endloop
  endfacet
  facet normal -0.670314 -0.227474 -0.706353
    outer loop
      vertex 2.54082 -38.458 0.799999
      vertex 2.46304 -38.2288 0.799999
      vertex 3.27992 -38.1518 0
    endloop
  endfacet
  facet normal 0 0.707102 -0.707112
    outer loop
      vertex 4.25 -3.2 0
      vertex 37.75 -2.39999 0.799999
      vertex 37.75 -3.2 0
    endloop
  endfacet
  facet normal 0 0.707102 -0.707112
    outer loop
      vertex 37.75 -2.39999 0.799999
      vertex 4.25 -3.2 0
      vertex 4.25 -2.39999 0.799999
    endloop
  endfacet
  facet normal 0 -0.707106 -0.707107
    outer loop
      vertex 4.25 -39.6 0.799999
      vertex 37.75 -38.8 0
      vertex 37.75 -39.6 0.799999
    endloop
  endfacet
  facet normal -0 -0.707106 -0.707107
    outer loop
      vertex 37.75 -38.8 0
      vertex 4.25 -39.6 0.799999
      vertex 4.25 -38.8 0
    endloop
  endfacet
  facet normal -0.0463853 -0.706345 -0.706346
    outer loop
      vertex 4.25 -39.6 0.799999
      vertex 4.11295 -38.791 0
      vertex 4.25 -38.8 0
    endloop
  endfacet
  facet normal -0.227296 -0.670343 -0.706382
    outer loop
      vertex 3.97824 -38.7642 0
      vertex 3.77118 -39.537 0.799999
      vertex 3.84818 -38.7201 0
    endloop
  endfacet
  facet normal 0.466634 0.53228 -0.706351
    outer loop
      vertex 38.4925 -3.50754 0
      vertex 38.3892 -3.41698 0
      vertex 39.0582 -2.94185 0.799999
    endloop
  endfacet
  facet normal -0.706348 -0.0463294 -0.706347
    outer loop
      vertex 2.41583 -37.9915 0.799999
      vertex 2.39999 -37.75 0.799999
      vertex 3.20898 -37.8871 0
    endloop
  endfacet
  facet normal -0.946959 -0.321355 0
    outer loop
      vertex 2.54082 -38.458 0.799999
      vertex 2.46304 -38.2288 2.6
      vertex 2.46304 -38.2288 0.799999
    endloop
  endfacet
  facet normal -0.946959 -0.321355 0
    outer loop
      vertex 2.46304 -38.2288 2.6
      vertex 2.54082 -38.458 0.799999
      vertex 2.54082 -38.458 2.6
    endloop
  endfacet
  facet normal 0.588617 -0.393191 -0.70635
    outer loop
      vertex 39.2177 -38.8762 0.799999
      vertex 38.583 -38.3892 0
      vertex 39.3521 -38.675 0.799999
    endloop
  endfacet
  facet normal 0.138121 0.694263 -0.706344
    outer loop
      vertex 38.2288 -2.46304 0.799999
      vertex 37.8871 -3.20898 0
      vertex 37.9915 -2.41583 0.799999
    endloop
  endfacet
  facet normal 0.997866 0.0652929 0
    outer loop
      vertex 39.6 -4.25 2.6
      vertex 39.5842 -4.00853 0.799999
      vertex 39.5842 -4.00853 2.6
    endloop
  endfacet
  facet normal 0.997866 0.0652929 0
    outer loop
      vertex 39.5842 -4.00853 0.799999
      vertex 39.6 -4.25 2.6
      vertex 39.6 -4.25 0.799999
    endloop
  endfacet
  facet normal -0.442314 0.89686 0
    outer loop
      vertex 3.54204 -2.54082 0.799999
      vertex 3.325 -2.64786 2.6
      vertex 3.54204 -2.54082 2.6
    endloop
  endfacet
  facet normal -0.442314 0.89686 0
    outer loop
      vertex 3.325 -2.64786 2.6
      vertex 3.54204 -2.54082 0.799999
      vertex 3.325 -2.64786 0.799999
    endloop
  endfacet
  facet normal 0 -1 0
    outer loop
      vertex 4.25 -39.6 0.799999
      vertex 37.75 -39.6 2.6
      vertex 4.25 -39.6 2.6
    endloop
  endfacet
  facet normal 0 -1 -0
    outer loop
      vertex 37.75 -39.6 2.6
      vertex 4.25 -39.6 0.799999
      vertex 37.75 -39.6 0.799999
    endloop
  endfacet
  facet normal 0.393191 -0.588617 -0.70635
    outer loop
      vertex 38.675 -39.3521 0.799999
      vertex 38.3892 -38.583 0
      vertex 38.8762 -39.2177 0.799999
    endloop
  endfacet
  facet normal 0.227589 0.67029 -0.706339
    outer loop
      vertex 38.1518 -3.27992 0
      vertex 38.0218 -3.23578 0
      vertex 38.2288 -2.46304 0.799999
    endloop
  endfacet
  facet normal 0.65909 -0.752065 0
    outer loop
      vertex 38.8762 -39.2177 0.799999
      vertex 39.0582 -39.0582 2.6
      vertex 38.8762 -39.2177 2.6
    endloop
  endfacet
  facet normal 0.65909 -0.752065 0
    outer loop
      vertex 39.0582 -39.0582 2.6
      vertex 38.8762 -39.2177 0.799999
      vertex 39.0582 -39.0582 0.799999
    endloop
  endfacet
  facet normal -0.46676 0.532166 -0.706353
    outer loop
      vertex 3.50754 -3.50754 0
      vertex 2.94185 -2.94185 0.799999
      vertex 3.61079 -3.41698 0
    endloop
  endfacet
  facet normal -0.707102 0 -0.707112
    outer loop
      vertex 2.39999 -37.75 0.799999
      vertex 3.2 -4.25 0
      vertex 3.2 -37.75 0
    endloop
  endfacet
  facet normal -0.707102 0 -0.707112
    outer loop
      vertex 3.2 -4.25 0
      vertex 2.39999 -37.75 0.799999
      vertex 2.39999 -4.25 0.799999
    endloop
  endfacet
  facet normal 0.532436 -0.466462 -0.706346
    outer loop
      vertex 39.0582 -39.0582 0.799999
      vertex 38.4925 -38.4925 0
      vertex 38.583 -38.3892 0
    endloop
  endfacet
  facet normal -0.313325 -0.63474 -0.706352
    outer loop
      vertex 3.84818 -38.7201 0
      vertex 3.325 -39.3521 0.799999
      vertex 3.72501 -38.6593 0
    endloop
  endfacet
  facet normal 0.634793 0.313243 -0.70634
    outer loop
      vertex 39.4592 -3.54204 0.799999
      vertex 38.7201 -3.84818 0
      vertex 39.3521 -3.325 0.799999
    endloop
  endfacet
  facet normal -0.831478 0.555558 0
    outer loop
      vertex 2.64786 -3.325 0.799999
      vertex 2.7823 -3.12379 2.6
      vertex 2.7823 -3.12379 0.799999
    endloop
  endfacet
  facet normal -0.831478 0.555558 0
    outer loop
      vertex 2.7823 -3.12379 2.6
      vertex 2.64786 -3.325 0.799999
      vertex 2.64786 -3.325 2.6
    endloop
  endfacet
  facet normal -0.751962 -0.659206 0
    outer loop
      vertex 2.94185 -39.0582 0.799999
      vertex 2.7823 -38.8762 2.6
      vertex 2.7823 -38.8762 0.799999
    endloop
  endfacet
  facet normal -0.751962 -0.659206 0
    outer loop
      vertex 2.7823 -38.8762 2.6
      vertex 2.94185 -39.0582 0.799999
      vertex 2.94185 -39.0582 2.6
    endloop
  endfacet
  facet normal 0.707106 0 -0.707107
    outer loop
      vertex 38.8 -37.75 0
      vertex 39.6 -4.25 0.799999
      vertex 39.6 -37.75 0.799999
    endloop
  endfacet
  facet normal 0.707106 0 -0.707107
    outer loop
      vertex 39.6 -4.25 0.799999
      vertex 38.8 -37.75 0
      vertex 38.8 -4.25 0
    endloop
  endfacet
  facet normal -0.0462822 0.706344 -0.706354
    outer loop
      vertex 4.25 -3.2 0
      vertex 4.11295 -3.20898 0
      vertex 4.25 -2.39999 0.799999
    endloop
  endfacet
  facet normal 0.313059 0.634879 -0.706344
    outer loop
      vertex 38.275 -3.34067 0
      vertex 38.1518 -3.27992 0
      vertex 38.675 -2.64786 0.799999
    endloop
  endfacet
  facet normal -0.588561 -0.393285 -0.706345
    outer loop
      vertex 3.41698 -38.3892 0
      vertex 2.64786 -38.675 0.799999
      vertex 3.34067 -38.275 0
    endloop
  endfacet
  facet normal -0.634826 -0.313142 -0.706356
    outer loop
      vertex 2.64786 -38.675 0.799999
      vertex 2.54082 -38.458 0.799999
      vertex 3.27992 -38.1518 0
    endloop
  endfacet
  facet normal 1 -0 0
    outer loop
      vertex 39.6 -37.75 2.6
      vertex 39.6 -4.25 0.799999
      vertex 39.6 -4.25 2.6
    endloop
  endfacet
  facet normal 1 0 0
    outer loop
      vertex 39.6 -4.25 0.799999
      vertex 39.6 -37.75 2.6
      vertex 39.6 -37.75 0.799999
    endloop
  endfacet
  facet normal 0.466462 -0.532436 -0.706346
    outer loop
      vertex 39.0582 -39.0582 0.799999
      vertex 38.3892 -38.583 0
      vertex 38.4925 -38.4925 0
    endloop
  endfacet
  facet normal 0.555463 -0.831541 0
    outer loop
      vertex 38.675 -39.3521 0.799999
      vertex 38.8762 -39.2177 2.6
      vertex 38.675 -39.3521 2.6
    endloop
  endfacet
  facet normal 0.555463 -0.831541 0
    outer loop
      vertex 38.8762 -39.2177 2.6
      vertex 38.675 -39.3521 0.799999
      vertex 38.8762 -39.2177 0.799999
    endloop
  endfacet
  facet normal -0.442514 -0.896762 0
    outer loop
      vertex 3.325 -39.3521 0.799999
      vertex 3.54204 -39.4592 2.6
      vertex 3.325 -39.3521 2.6
    endloop
  endfacet
  facet normal -0.442514 -0.896762 -0
    outer loop
      vertex 3.54204 -39.4592 2.6
      vertex 3.325 -39.3521 0.799999
      vertex 3.54204 -39.4592 0.799999
    endloop
  endfacet
  facet normal -0.466628 -0.532278 -0.706356
    outer loop
      vertex 3.12379 -39.2177 0.799999
      vertex 2.94185 -39.0582 0.799999
      vertex 3.61079 -38.583 0
    endloop
  endfacet
  facet normal -0.0652929 -0.997866 0
    outer loop
      vertex 4.00853 -39.5842 0.799999
      vertex 4.25 -39.6 2.6
      vertex 4.00853 -39.5842 2.6
    endloop
  endfacet
  facet normal -0.0652929 -0.997866 -0
    outer loop
      vertex 4.25 -39.6 2.6
      vertex 4.00853 -39.5842 0.799999
      vertex 4.25 -39.6 0.799999
    endloop
  endfacet
  facet normal 0.0652849 -0.997867 0
    outer loop
      vertex 37.75 -39.6 0.799999
      vertex 37.9915 -39.5842 2.6
      vertex 37.75 -39.6 2.6
    endloop
  endfacet
  facet normal 0.0652849 -0.997867 0
    outer loop
      vertex 37.9915 -39.5842 2.6
      vertex 37.75 -39.6 0.799999
      vertex 37.9915 -39.5842 0.799999
    endloop
  endfacet
  facet normal -0.0654575 0.997855 0
    outer loop
      vertex 4.25 -2.39999 0.799999
      vertex 4.00853 -2.41583 2.6
      vertex 4.25 -2.39999 2.6
    endloop
  endfacet
  facet normal -0.0654575 0.997855 0
    outer loop
      vertex 4.00853 -2.41583 2.6
      vertex 4.25 -2.39999 0.799999
      vertex 4.00853 -2.41583 0.799999
    endloop
  endfacet
  facet normal 0.227526 -0.670295 -0.706355
    outer loop
      vertex 38.2288 -39.537 0.799999
      vertex 38.1518 -38.7201 0
      vertex 38.458 -39.4592 0.799999
    endloop
  endfacet
  facet normal -0.321504 -0.946908 0
    outer loop
      vertex 3.54204 -39.4592 0.799999
      vertex 3.77118 -39.537 2.6
      vertex 3.54204 -39.4592 2.6
    endloop
  endfacet
  facet normal -0.321504 -0.946908 -0
    outer loop
      vertex 3.77118 -39.537 2.6
      vertex 3.54204 -39.4592 0.799999
      vertex 3.77118 -39.537 0.799999
    endloop
  endfacet
  facet normal -0.706347 0.0463351 -0.706348
    outer loop
      vertex 3.20898 -4.11295 0
      vertex 2.39999 -4.25 0.799999
      vertex 2.41583 -4.00853 0.799999
    endloop
  endfacet
  facet normal -0.3932 -0.588615 -0.706347
    outer loop
      vertex 3.72501 -38.6593 0
      vertex 3.325 -39.3521 0.799999
      vertex 3.61079 -38.583 0
    endloop
  endfacet
  facet normal -0.706344 0.0462822 -0.706354
    outer loop
      vertex 3.2 -4.25 0
      vertex 2.39999 -4.25 0.799999
      vertex 3.20898 -4.11295 0
    endloop
  endfacet
  facet normal 0.831541 -0.555463 0
    outer loop
      vertex 39.2177 -38.8762 2.6
      vertex 39.3521 -38.675 0.799999
      vertex 39.3521 -38.675 2.6
    endloop
  endfacet
  facet normal 0.831541 -0.555463 0
    outer loop
      vertex 39.3521 -38.675 0.799999
      vertex 39.2177 -38.8762 2.6
      vertex 39.2177 -38.8762 0.799999
    endloop
  endfacet
  facet normal -0.0462174 -0.706336 -0.706366
    outer loop
      vertex 4.25 -39.6 0.799999
      vertex 4.00853 -39.5842 0.799999
      vertex 4.11295 -38.791 0
    endloop
  endfacet
  facet normal -0.227581 -0.670283 -0.706348
    outer loop
      vertex 3.77118 -39.537 0.799999
      vertex 3.54204 -39.4592 0.799999
      vertex 3.84818 -38.7201 0
    endloop
  endfacet
  facet normal 0.0463294 0.706348 -0.706347
    outer loop
      vertex 37.8871 -3.20898 0
      vertex 37.75 -2.39999 0.799999
      vertex 37.9915 -2.41583 0.799999
    endloop
  endfacet
  facet normal 0.555577 0.831465 -0
    outer loop
      vertex 38.8762 -2.7823 0.799999
      vertex 38.675 -2.64786 2.6
      vertex 38.8762 -2.7823 2.6
    endloop
  endfacet
  facet normal 0.555577 0.831465 0
    outer loop
      vertex 38.675 -2.64786 2.6
      vertex 38.8762 -2.7823 0.799999
      vertex 38.675 -2.64786 0.799999
    endloop
  endfacet
  facet normal 0.313285 -0.634761 -0.70635
    outer loop
      vertex 38.458 -39.4592 0.799999
      vertex 38.1518 -38.7201 0
      vertex 38.675 -39.3521 0.799999
    endloop
  endfacet
  facet normal 0.694234 -0.138125 -0.706371
    outer loop
      vertex 39.537 -38.2288 0.799999
      vertex 38.7642 -38.0218 0
      vertex 38.791 -37.8871 0
    endloop
  endfacet
  facet normal 0.588626 0.393178 -0.70635
    outer loop
      vertex 39.3521 -3.325 0.799999
      vertex 38.583 -3.61079 0
      vertex 39.2177 -3.12379 0.799999
    endloop
  endfacet
  facet normal 0.63474 0.313325 -0.706352
    outer loop
      vertex 38.7201 -3.84818 0
      vertex 38.6593 -3.72501 0
      vertex 39.3521 -3.325 0.799999
    endloop
  endfacet
  facet normal -1 0 0
    outer loop
      vertex 2.39999 -37.75 0.799999
      vertex 2.39999 -4.25 2.6
      vertex 2.39999 -4.25 0.799999
    endloop
  endfacet
  facet normal -1 -0 0
    outer loop
      vertex 2.39999 -4.25 2.6
      vertex 2.39999 -37.75 0.799999
      vertex 2.39999 -37.75 2.6
    endloop
  endfacet
  facet normal -0.0463351 0.706347 -0.706348
    outer loop
      vertex 4.11295 -3.20898 0
      vertex 4.00853 -2.41583 0.799999
      vertex 4.25 -2.39999 0.799999
    endloop
  endfacet
  facet normal -0.227491 0.67031 -0.706351
    outer loop
      vertex 3.84818 -3.27992 0
      vertex 3.77118 -2.46304 0.799999
      vertex 3.97824 -3.23578 0
    endloop
  endfacet
  facet normal 0.706346 -0.0463684 -0.706347
    outer loop
      vertex 39.6 -37.75 0.799999
      vertex 38.791 -37.8871 0
      vertex 38.8 -37.75 0
    endloop
  endfacet
  facet normal 0.313265 -0.634774 -0.706348
    outer loop
      vertex 38.675 -39.3521 0.799999
      vertex 38.1518 -38.7201 0
      vertex 38.275 -38.6593 0
    endloop
  endfacet
  facet normal 0.896729 -0.442579 0
    outer loop
      vertex 39.3521 -38.675 2.6
      vertex 39.4592 -38.458 0.799999
      vertex 39.4592 -38.458 2.6
    endloop
  endfacet
  facet normal 0.896729 -0.442579 0
    outer loop
      vertex 39.4592 -38.458 0.799999
      vertex 39.3521 -38.675 2.6
      vertex 39.3521 -38.675 0.799999
    endloop
  endfacet
  facet normal 0.532351 -0.466538 -0.70636
    outer loop
      vertex 39.0582 -39.0582 0.799999
      vertex 38.583 -38.3892 0
      vertex 39.2177 -38.8762 0.799999
    endloop
  endfacet
  facet normal 0.896762 0.442514 0
    outer loop
      vertex 39.4592 -3.54204 2.6
      vertex 39.3521 -3.325 0.799999
      vertex 39.3521 -3.325 2.6
    endloop
  endfacet
  facet normal 0.896762 0.442514 0
    outer loop
      vertex 39.3521 -3.325 0.799999
      vertex 39.4592 -3.54204 2.6
      vertex 39.4592 -3.54204 0.799999
    endloop
  endfacet
  facet normal 0 1 -0
    outer loop
      vertex 37.75 -2.39999 0.799999
      vertex 4.25 -2.39999 2.6
      vertex 37.75 -2.39999 2.6
    endloop
  endfacet
  facet normal 0 1 0
    outer loop
      vertex 4.25 -2.39999 2.6
      vertex 37.75 -2.39999 0.799999
      vertex 4.25 -2.39999 0.799999
    endloop
  endfacet
  facet normal -0.831465 -0.555577 0
    outer loop
      vertex 2.7823 -38.8762 0.799999
      vertex 2.64786 -38.675 2.6
      vertex 2.64786 -38.675 0.799999
    endloop
  endfacet
  facet normal -0.831465 -0.555577 0
    outer loop
      vertex 2.64786 -38.675 2.6
      vertex 2.7823 -38.8762 0.799999
      vertex 2.7823 -38.8762 2.6
    endloop
  endfacet
  facet normal -0.896828 -0.44238 0
    outer loop
      vertex 2.64786 -38.675 0.799999
      vertex 2.54082 -38.458 2.6
      vertex 2.54082 -38.458 0.799999
    endloop
  endfacet
  facet normal -0.896828 -0.44238 0
    outer loop
      vertex 2.54082 -38.458 2.6
      vertex 2.64786 -38.675 0.799999
      vertex 2.64786 -38.675 2.6
    endloop
  endfacet
  facet normal -0.32143 0.946933 0
    outer loop
      vertex 3.77118 -2.46304 0.799999
      vertex 3.54204 -2.54082 2.6
      vertex 3.77118 -2.46304 2.6
    endloop
  endfacet
  facet normal -0.32143 0.946933 0
    outer loop
      vertex 3.54204 -2.54082 2.6
      vertex 3.77118 -2.46304 0.799999
      vertex 3.54204 -2.54082 0.799999
    endloop
  endfacet
  facet normal 0.751957 0.659212 0
    outer loop
      vertex 39.2177 -3.12379 2.6
      vertex 39.0582 -2.94185 0.799999
      vertex 39.0582 -2.94185 2.6
    endloop
  endfacet
  facet normal 0.751957 0.659212 0
    outer loop
      vertex 39.0582 -2.94185 0.799999
      vertex 39.2177 -3.12379 2.6
      vertex 39.2177 -3.12379 0.799999
    endloop
  endfacet
  facet normal -0.555444 -0.831554 0
    outer loop
      vertex 3.12379 -39.2177 0.799999
      vertex 3.325 -39.3521 2.6
      vertex 3.12379 -39.2177 2.6
    endloop
  endfacet
  facet normal -0.555444 -0.831554 -0
    outer loop
      vertex 3.325 -39.3521 2.6
      vertex 3.12379 -39.2177 0.799999
      vertex 3.325 -39.3521 0.799999
    endloop
  endfacet
  facet normal -0.466588 -0.532322 -0.706349
    outer loop
      vertex 3.61079 -38.583 0
      vertex 2.94185 -39.0582 0.799999
      vertex 3.50754 -38.4925 0
    endloop
  endfacet
  facet normal 0.0462117 -0.706338 -0.706365
    outer loop
      vertex 37.9915 -39.5842 0.799999
      vertex 37.75 -39.6 0.799999
      vertex 37.8871 -38.791 0
    endloop
  endfacet
  facet normal 0.831554 0.555444 0
    outer loop
      vertex 39.3521 -3.325 2.6
      vertex 39.2177 -3.12379 0.799999
      vertex 39.2177 -3.12379 2.6
    endloop
  endfacet
  facet normal 0.831554 0.555444 0
    outer loop
      vertex 39.2177 -3.12379 0.799999
      vertex 39.3521 -3.325 2.6
      vertex 39.3521 -3.325 0.799999
    endloop
  endfacet
  facet normal -0.588566 -0.393275 -0.706346
    outer loop
      vertex 2.7823 -38.8762 0.799999
      vertex 2.64786 -38.675 0.799999
      vertex 3.41698 -38.3892 0
    endloop
  endfacet
  facet normal -0.532286 -0.466628 -0.70635
    outer loop
      vertex 2.94185 -39.0582 0.799999
      vertex 2.7823 -38.8762 0.799999
      vertex 3.41698 -38.3892 0
    endloop
  endfacet
  facet normal -0.195043 -0.980795 0
    outer loop
      vertex 3.77118 -39.537 0.799999
      vertex 4.00853 -39.5842 2.6
      vertex 3.77118 -39.537 2.6
    endloop
  endfacet
  facet normal -0.195043 -0.980795 -0
    outer loop
      vertex 4.00853 -39.5842 2.6
      vertex 3.77118 -39.537 0.799999
      vertex 4.00853 -39.5842 0.799999
    endloop
  endfacet
  facet normal -0.997856 -0.0654494 0
    outer loop
      vertex 2.41583 -37.9915 0.799999
      vertex 2.39999 -37.75 2.6
      vertex 2.39999 -37.75 0.799999
    endloop
  endfacet
  facet normal -0.997856 -0.0654494 0
    outer loop
      vertex 2.39999 -37.75 2.6
      vertex 2.41583 -37.9915 0.799999
      vertex 2.41583 -37.9915 2.6
    endloop
  endfacet
  facet normal 0.442579 -0.896729 0
    outer loop
      vertex 38.458 -39.4592 0.799999
      vertex 38.675 -39.3521 2.6
      vertex 38.458 -39.4592 2.6
    endloop
  endfacet
  facet normal 0.442579 -0.896729 0
    outer loop
      vertex 38.675 -39.3521 2.6
      vertex 38.458 -39.4592 0.799999
      vertex 38.675 -39.3521 0.799999
    endloop
  endfacet
  facet normal 0.466628 0.532286 -0.70635
    outer loop
      vertex 39.0582 -2.94185 0.799999
      vertex 38.3892 -3.41698 0
      vertex 38.8762 -2.7823 0.799999
    endloop
  endfacet
  facet normal -0.466717 0.532213 -0.706346
    outer loop
      vertex 3.61079 -3.41698 0
      vertex 2.94185 -2.94185 0.799999
      vertex 3.12379 -2.7823 0.799999
    endloop
  endfacet
  facet normal -0.555558 0.831478 0
    outer loop
      vertex 3.325 -2.64786 0.799999
      vertex 3.12379 -2.7823 2.6
      vertex 3.325 -2.64786 2.6
    endloop
  endfacet
  facet normal -0.555558 0.831478 0
    outer loop
      vertex 3.12379 -2.7823 2.6
      vertex 3.325 -2.64786 0.799999
      vertex 3.12379 -2.7823 0.799999
    endloop
  endfacet
  facet normal -0.138093 0.694266 -0.706347
    outer loop
      vertex 4.11295 -3.20898 0
      vertex 3.77118 -2.46304 0.799999
      vertex 4.00853 -2.41583 0.799999
    endloop
  endfacet
  facet normal -0.22753 0.670302 -0.706346
    outer loop
      vertex 3.84818 -3.27992 0
      vertex 3.54204 -2.54082 0.799999
      vertex 3.77118 -2.46304 0.799999
    endloop
  endfacet
  facet normal 0.532322 0.466588 -0.706349
    outer loop
      vertex 38.583 -3.61079 0
      vertex 38.4925 -3.50754 0
      vertex 39.0582 -2.94185 0.799999
    endloop
  endfacet
  facet normal -0.980779 -0.195123 0
    outer loop
      vertex 2.46304 -38.2288 0.799999
      vertex 2.41583 -37.9915 2.6
      vertex 2.41583 -37.9915 0.799999
    endloop
  endfacet
  facet normal -0.980779 -0.195123 0
    outer loop
      vertex 2.41583 -37.9915 2.6
      vertex 2.46304 -38.2288 0.799999
      vertex 2.46304 -38.2288 2.6
    endloop
  endfacet
  facet normal 0.532278 0.466628 -0.706356
    outer loop
      vertex 39.2177 -3.12379 0.799999
      vertex 38.583 -3.61079 0
      vertex 39.0582 -2.94185 0.799999
    endloop
  endfacet
  facet normal -0.588589 0.393235 -0.706349
    outer loop
      vertex 3.34067 -3.72501 0
      vertex 2.64786 -3.325 0.799999
      vertex 3.41698 -3.61079 0
    endloop
  endfacet
  facet normal 0.0463684 -0.706346 -0.706347
    outer loop
      vertex 37.8871 -38.791 0
      vertex 37.75 -39.6 0.799999
      vertex 37.75 -38.8 0
    endloop
  endfacet
  facet normal 0.706338 -0.0462117 -0.706365
    outer loop
      vertex 39.5842 -37.9915 0.799999
      vertex 38.791 -37.8871 0
      vertex 39.6 -37.75 0.799999
    endloop
  endfacet
  facet normal 0.0654494 0.997856 -0
    outer loop
      vertex 37.9915 -2.41583 0.799999
      vertex 37.75 -2.39999 2.6
      vertex 37.9915 -2.41583 2.6
    endloop
  endfacet
  facet normal 0.0654494 0.997856 0
    outer loop
      vertex 37.75 -2.39999 2.6
      vertex 37.9915 -2.41583 0.799999
      vertex 37.75 -2.39999 0.799999
    endloop
  endfacet
  facet normal 0.670283 0.227581 -0.706348
    outer loop
      vertex 39.537 -3.77118 0.799999
      vertex 38.7201 -3.84818 0
      vertex 39.4592 -3.54204 0.799999
    endloop
  endfacet
  facet normal -0.588576 0.393261 -0.706345
    outer loop
      vertex 3.41698 -3.61079 0
      vertex 2.64786 -3.325 0.799999
      vertex 2.7823 -3.12379 0.799999
    endloop
  endfacet
  facet normal 0.659206 0.751962 -0
    outer loop
      vertex 39.0582 -2.94185 0.799999
      vertex 38.8762 -2.7823 2.6
      vertex 39.0582 -2.94185 2.6
    endloop
  endfacet
  facet normal 0.659206 0.751962 0
    outer loop
      vertex 38.8762 -2.7823 2.6
      vertex 39.0582 -2.94185 0.799999
      vertex 38.8762 -2.7823 0.799999
    endloop
  endfacet
  facet normal -0.138114 -0.694231 -0.706376
    outer loop
      vertex 4.11295 -38.791 0
      vertex 3.77118 -39.537 0.799999
      vertex 3.97824 -38.7642 0
    endloop
  endfacet
  facet normal 0.195083 -0.980787 0
    outer loop
      vertex 37.9915 -39.5842 0.799999
      vertex 38.2288 -39.537 2.6
      vertex 37.9915 -39.5842 2.6
    endloop
  endfacet
  facet normal 0.195083 -0.980787 0
    outer loop
      vertex 38.2288 -39.537 2.6
      vertex 37.9915 -39.5842 0.799999
      vertex 38.2288 -39.537 0.799999
    endloop
  endfacet
  facet normal 0.321429 -0.946934 0
    outer loop
      vertex 38.2288 -39.537 0.799999
      vertex 38.458 -39.4592 2.6
      vertex 38.2288 -39.537 2.6
    endloop
  endfacet
  facet normal 0.321429 -0.946934 0
    outer loop
      vertex 38.458 -39.4592 2.6
      vertex 38.2288 -39.537 0.799999
      vertex 38.458 -39.4592 0.799999
    endloop
  endfacet
  facet normal -0.195083 0.980787 0
    outer loop
      vertex 4.00853 -2.41583 0.799999
      vertex 3.77118 -2.46304 2.6
      vertex 4.00853 -2.41583 2.6
    endloop
  endfacet
  facet normal -0.195083 0.980787 0
    outer loop
      vertex 3.77118 -2.46304 2.6
      vertex 4.00853 -2.41583 0.799999
      vertex 3.77118 -2.46304 0.799999
    endloop
  endfacet
  facet normal -0.69426 -0.13813 -0.706345
    outer loop
      vertex 3.23578 -38.0218 0
      vertex 2.46304 -38.2288 0.799999
      vertex 3.20898 -37.8871 0
    endloop
  endfacet
  facet normal 0.313142 0.634826 -0.706356
    outer loop
      vertex 38.675 -2.64786 0.799999
      vertex 38.1518 -3.27992 0
      vertex 38.458 -2.54082 0.799999
    endloop
  endfacet
  facet normal 0.227474 0.670314 -0.706353
    outer loop
      vertex 38.458 -2.54082 0.799999
      vertex 38.1518 -3.27992 0
      vertex 38.2288 -2.46304 0.799999
    endloop
  endfacet
  facet normal 0.670295 -0.227526 -0.706355
    outer loop
      vertex 39.4592 -38.458 0.799999
      vertex 38.7201 -38.1518 0
      vertex 39.537 -38.2288 0.799999
    endloop
  endfacet
  facet normal 0.138125 -0.694234 -0.706371
    outer loop
      vertex 38.2288 -39.537 0.799999
      vertex 37.8871 -38.791 0
      vertex 38.0218 -38.7642 0
    endloop
  endfacet
  facet normal 0.634761 -0.313285 -0.70635
    outer loop
      vertex 39.3521 -38.675 0.799999
      vertex 38.7201 -38.1518 0
      vertex 39.4592 -38.458 0.799999
    endloop
  endfacet
  facet normal 0.980787 -0.195083 0
    outer loop
      vertex 39.537 -38.2288 2.6
      vertex 39.5842 -37.9915 0.799999
      vertex 39.5842 -37.9915 2.6
    endloop
  endfacet
  facet normal 0.980787 -0.195083 0
    outer loop
      vertex 39.5842 -37.9915 0.799999
      vertex 39.537 -38.2288 2.6
      vertex 39.537 -38.2288 0.799999
    endloop
  endfacet
  facet normal -0.997855 0.0654575 0
    outer loop
      vertex 2.39999 -4.25 0.799999
      vertex 2.41583 -4.00853 2.6
      vertex 2.41583 -4.00853 0.799999
    endloop
  endfacet
  facet normal -0.997855 0.0654575 0
    outer loop
      vertex 2.41583 -4.00853 2.6
      vertex 2.39999 -4.25 0.799999
      vertex 2.39999 -4.25 2.6
    endloop
  endfacet
  facet normal 0.670323 -0.227394 -0.706371
    outer loop
      vertex 39.537 -38.2288 0.799999
      vertex 38.7201 -38.1518 0
      vertex 38.7642 -38.0218 0
    endloop
  endfacet
  facet normal -0.634879 -0.313059 -0.706344
    outer loop
      vertex 3.34067 -38.275 0
      vertex 2.64786 -38.675 0.799999
      vertex 3.27992 -38.1518 0
    endloop
  endfacet
  facet normal 0.980795 0.195043 0
    outer loop
      vertex 39.5842 -4.00853 2.6
      vertex 39.537 -3.77118 0.799999
      vertex 39.537 -3.77118 2.6
    endloop
  endfacet
  facet normal 0.980795 0.195043 0
    outer loop
      vertex 39.537 -3.77118 0.799999
      vertex 39.5842 -4.00853 2.6
      vertex 39.5842 -4.00853 0.799999
    endloop
  endfacet
  facet normal 0.138089 -0.694246 -0.706367
    outer loop
      vertex 37.9915 -39.5842 0.799999
      vertex 37.8871 -38.791 0
      vertex 38.2288 -39.537 0.799999
    endloop
  endfacet
  facet normal -0.694263 -0.138121 -0.706344
    outer loop
      vertex 2.46304 -38.2288 0.799999
      vertex 2.41583 -37.9915 0.799999
      vertex 3.20898 -37.8871 0
    endloop
  endfacet
  facet normal -0.751854 0.659329 0
    outer loop
      vertex 2.7823 -3.12379 0.799999
      vertex 2.94185 -2.94185 2.6
      vertex 2.94185 -2.94185 0.799999
    endloop
  endfacet
  facet normal -0.751854 0.659329 0
    outer loop
      vertex 2.94185 -2.94185 2.6
      vertex 2.7823 -3.12379 0.799999
      vertex 2.7823 -3.12379 2.6
    endloop
  endfacet
  facet normal -0.706345 -0.0462653 -0.706354
    outer loop
      vertex 3.20898 -37.8871 0
      vertex 2.39999 -37.75 0.799999
      vertex 3.2 -37.75 0
    endloop
  endfacet
  facet normal 0.588615 0.3932 -0.706347
    outer loop
      vertex 38.6593 -3.72501 0
      vertex 38.583 -3.61079 0
      vertex 39.3521 -3.325 0.799999
    endloop
  endfacet
  facet normal 0.634774 -0.313265 -0.706348
    outer loop
      vertex 39.3521 -38.675 0.799999
      vertex 38.6593 -38.275 0
      vertex 38.7201 -38.1518 0
    endloop
  endfacet
  facet normal -0.659329 0.751854 0
    outer loop
      vertex 3.12379 -2.7823 0.799999
      vertex 2.94185 -2.94185 2.6
      vertex 3.12379 -2.7823 2.6
    endloop
  endfacet
  facet normal -0.659329 0.751854 0
    outer loop
      vertex 2.94185 -2.94185 2.6
      vertex 3.12379 -2.7823 0.799999
      vertex 2.94185 -2.94185 0.799999
    endloop
  endfacet
  facet normal 0.13813 0.69426 -0.706345
    outer loop
      vertex 38.0218 -3.23578 0
      vertex 37.8871 -3.20898 0
      vertex 38.2288 -2.46304 0.799999
    endloop
  endfacet
  facet normal 0.588587 -0.39325 -0.706342
    outer loop
      vertex 39.3521 -38.675 0.799999
      vertex 38.583 -38.3892 0
      vertex 38.6593 -38.275 0
    endloop
  endfacet
  facet normal -0.532166 0.46676 -0.706353
    outer loop
      vertex 3.41698 -3.61079 0
      vertex 2.94185 -2.94185 0.799999
      vertex 3.50754 -3.50754 0
    endloop
  endfacet
  facet normal -0.393261 0.588576 -0.706345
    outer loop
      vertex 3.61079 -3.41698 0
      vertex 3.12379 -2.7823 0.799999
      vertex 3.325 -2.64786 0.799999
    endloop
  endfacet
  facet normal -0.13812 0.694257 -0.70635
    outer loop
      vertex 3.97824 -3.23578 0
      vertex 3.77118 -2.46304 0.799999
      vertex 4.11295 -3.20898 0
    endloop
  endfacet
  facet normal -0.634845 0.313119 -0.706348
    outer loop
      vertex 3.27992 -3.84818 0
      vertex 2.64786 -3.325 0.799999
      vertex 3.34067 -3.72501 0
    endloop
  endfacet
  facet normal -0.670302 0.22753 -0.706346
    outer loop
      vertex 3.27992 -3.84818 0
      vertex 2.46304 -3.77118 0.799999
      vertex 2.54082 -3.54204 0.799999
    endloop
  endfacet
  facet normal 0.195123 0.980779 -0
    outer loop
      vertex 38.2288 -2.46304 0.799999
      vertex 37.9915 -2.41583 2.6
      vertex 38.2288 -2.46304 2.6
    endloop
  endfacet
  facet normal 0.195123 0.980779 0
    outer loop
      vertex 37.9915 -2.41583 2.6
      vertex 38.2288 -2.46304 0.799999
      vertex 37.9915 -2.41583 0.799999
    endloop
  endfacet
  facet normal 0.670343 0.227296 -0.706382
    outer loop
      vertex 38.7642 -3.97824 0
      vertex 38.7201 -3.84818 0
      vertex 39.537 -3.77118 0.799999
    endloop
  endfacet
  facet normal 0.694246 -0.138089 -0.706367
    outer loop
      vertex 39.537 -38.2288 0.799999
      vertex 38.791 -37.8871 0
      vertex 39.5842 -37.9915 0.799999
    endloop
  endfacet
  facet normal -0.694266 0.138093 -0.706347
    outer loop
      vertex 3.20898 -4.11295 0
      vertex 2.41583 -4.00853 0.799999
      vertex 2.46304 -3.77118 0.799999
    endloop
  endfacet
  facet normal -0.694257 0.13812 -0.70635
    outer loop
      vertex 3.20898 -4.11295 0
      vertex 2.46304 -3.77118 0.799999
      vertex 3.23578 -3.97824 0
    endloop
  endfacet
  facet normal 0.393275 0.588566 -0.706346
    outer loop
      vertex 38.8762 -2.7823 0.799999
      vertex 38.3892 -3.41698 0
      vertex 38.675 -2.64786 0.799999
    endloop
  endfacet
  facet normal 0.393285 0.588561 -0.706345
    outer loop
      vertex 38.3892 -3.41698 0
      vertex 38.275 -3.34067 0
      vertex 38.675 -2.64786 0.799999
    endloop
  endfacet
  facet normal 0.227394 -0.670323 -0.706371
    outer loop
      vertex 38.2288 -39.537 0.799999
      vertex 38.0218 -38.7642 0
      vertex 38.1518 -38.7201 0
    endloop
  endfacet
  facet normal -0.980787 0.195083 0
    outer loop
      vertex 2.41583 -4.00853 0.799999
      vertex 2.46304 -3.77118 2.6
      vertex 2.46304 -3.77118 0.799999
    endloop
  endfacet
  facet normal -0.980787 0.195083 0
    outer loop
      vertex 2.46304 -3.77118 2.6
      vertex 2.41583 -4.00853 0.799999
      vertex 2.41583 -4.00853 2.6
    endloop
  endfacet
  facet normal -0.634858 0.3131 -0.706346
    outer loop
      vertex 3.27992 -3.84818 0
      vertex 2.54082 -3.54204 0.799999
      vertex 2.64786 -3.325 0.799999
    endloop
  endfacet
  facet normal 0.706336 0.0462174 -0.706366
    outer loop
      vertex 39.6 -4.25 0.799999
      vertex 38.791 -4.11295 0
      vertex 39.5842 -4.00853 0.799999
    endloop
  endfacet
  facet normal -0.67029 -0.227589 -0.706339
    outer loop
      vertex 3.27992 -38.1518 0
      vertex 2.46304 -38.2288 0.799999
      vertex 3.23578 -38.0218 0
    endloop
  endfacet
  facet normal -0.393235 0.588589 -0.706349
    outer loop
      vertex 3.61079 -3.41698 0
      vertex 3.325 -2.64786 0.799999
      vertex 3.72501 -3.34067 0
    endloop
  endfacet
  facet normal -0.313119 0.634845 -0.706348
    outer loop
      vertex 3.72501 -3.34067 0
      vertex 3.325 -2.64786 0.799999
      vertex 3.84818 -3.27992 0
    endloop
  endfacet
  facet normal 0.706345 0.0463853 -0.706346
    outer loop
      vertex 38.8 -4.25 0
      vertex 38.791 -4.11295 0
      vertex 39.6 -4.25 0.799999
    endloop
  endfacet
  facet normal 0.321355 0.946959 -0
    outer loop
      vertex 38.458 -2.54082 0.799999
      vertex 38.2288 -2.46304 2.6
      vertex 38.458 -2.54082 2.6
    endloop
  endfacet
  facet normal 0.321355 0.946959 0
    outer loop
      vertex 38.2288 -2.46304 2.6
      vertex 38.458 -2.54082 0.799999
      vertex 38.2288 -2.46304 0.799999
    endloop
  endfacet
  facet normal 0.694231 0.138114 -0.706376
    outer loop
      vertex 38.791 -4.11295 0
      vertex 38.7642 -3.97824 0
      vertex 39.537 -3.77118 0.799999
    endloop
  endfacet
  facet normal 0.946908 0.321504 0
    outer loop
      vertex 39.537 -3.77118 2.6
      vertex 39.4592 -3.54204 0.799999
      vertex 39.4592 -3.54204 2.6
    endloop
  endfacet
  facet normal 0.946908 0.321504 0
    outer loop
      vertex 39.4592 -3.54204 0.799999
      vertex 39.537 -3.77118 2.6
      vertex 39.537 -3.77118 0.799999
    endloop
  endfacet
  facet normal 0.588631 0.393181 -0.706345
    outer loop
      vertex 39.2177 -3.12379 2.6
      vertex 40.9161 -1.82198 4.74
      vertex 39.3521 -3.325 2.6
    endloop
  endfacet
  facet normal 0.597146 0.381157 -0.705788
    outer loop
      vertex 40.9161 -1.82198 4.74
      vertex 39.2177 -3.12379 2.6
      vertex 40.9155 -1.82104 4.74
    endloop
  endfacet
  facet normal -0.634854 0.313098 -0.706349
    outer loop
      vertex 0.794066 -2.25601 4.74
      vertex 2.64786 -3.325 2.6
      vertex 2.54082 -3.54204 2.6
    endloop
  endfacet
  facet normal -0.634884 0.313042 -0.706347
    outer loop
      vertex 2.64786 -3.325 2.6
      vertex 0.794066 -2.25601 4.74
      vertex 0.794564 -2.255 4.74
    endloop
  endfacet
  facet normal 0.186056 -0.682206 -0.707092
    outer loop
      vertex 38.7816 -41.6043 4.74
      vertex 38.2288 -39.537 2.6
      vertex 38.7827 -41.604 4.74
    endloop
  endfacet
  facet normal 0.138092 -0.694263 -0.706349
    outer loop
      vertex 38.2288 -39.537 2.6
      vertex 38.7816 -41.6043 4.74
      vertex 37.9915 -39.5842 2.6
    endloop
  endfacet
  facet normal -0.313098 0.634854 -0.706349
    outer loop
      vertex 3.325 -2.64786 2.6
      vertex 2.25601 -0.794066 4.74
      vertex 3.54204 -2.54082 2.6
    endloop
  endfacet
  facet normal -0.313042 0.634884 -0.706347
    outer loop
      vertex 2.25601 -0.794066 4.74
      vertex 3.325 -2.64786 2.6
      vertex 2.255 -0.794564 4.74
    endloop
  endfacet
  facet normal 0.532289 -0.466636 -0.706342
    outer loop
      vertex 40.5714 -40.5714 4.74
      vertex 39.0582 -39.0582 2.6
      vertex 40.9147 -40.1798 4.74
    endloop
  endfacet
  facet normal 0.04751 0.706229 -0.706387
    outer loop
      vertex 37.9915 -2.41583 2.6
      vertex 38.2697 -0.294066 4.74
      vertex 38.2708 -0.29414 4.74
    endloop
  endfacet
  facet normal 0.0463293 0.706346 -0.706349
    outer loop
      vertex 38.2697 -0.294066 4.74
      vertex 37.9915 -2.41583 2.6
      vertex 37.75 -2.39999 2.6
    endloop
  endfacet
  facet normal -0.670292 0.227556 -0.706348
    outer loop
      vertex 2.54082 -3.54204 2.6
      vertex 0.396313 -3.21624 4.74
      vertex 0.563728 -2.7231 4.74
    endloop
  endfacet
  facet normal 0.0653646 -0.997861 0
    outer loop
      vertex 37.75 -41.75 4.74
      vertex 38.2721 -41.7158 41.14
      vertex 37.75 -41.75 41.14
    endloop
  endfacet
  facet normal 0.0653646 -0.997861 0
    outer loop
      vertex 38.2721 -41.7158 41.14
      vertex 37.75 -41.75 4.74
      vertex 38.2721 -41.7158 4.74
    endloop
  endfacet
  facet normal -0.707108 0 -0.707105
    outer loop
      vertex 2.39999 -37.75 2.6
      vertex 0.26 -4.25 4.74
      vertex 2.39999 -4.25 2.6
    endloop
  endfacet
  facet normal -0.707108 -0 -0.707105
    outer loop
      vertex 0.26 -4.25 4.74
      vertex 2.39999 -37.75 2.6
      vertex 0.26 -37.75 4.74
    endloop
  endfacet
  facet normal 0.502137 -0.502137 -0.704071
    outer loop
      vertex 38.8762 -39.2177 2.6
      vertex 40.1798 -40.9147 4.74
      vertex 40.179 -40.9155 4.74
    endloop
  endfacet
  facet normal 0.466543 -0.532356 -0.706353
    outer loop
      vertex 40.1798 -40.9147 4.74
      vertex 38.8762 -39.2177 2.6
      vertex 39.0582 -39.0582 2.6
    endloop
  endfacet
  facet normal 0 -0.707107 -0.707107
    outer loop
      vertex 4.25 -39.6 2.6
      vertex 37.75 -41.74 4.74
      vertex 4.25 -41.74 4.74
    endloop
  endfacet
  facet normal 0 -0.707107 -0.707107
    outer loop
      vertex 37.75 -41.74 4.74
      vertex 4.25 -39.6 2.6
      vertex 37.75 -39.6 2.6
    endloop
  endfacet
  facet normal 0.707107 0 -0.707107
    outer loop
      vertex 41.74 -37.75 4.74
      vertex 39.6 -4.25 2.6
      vertex 41.74 -4.25 4.74
    endloop
  endfacet
  facet normal 0.707107 0 -0.707107
    outer loop
      vertex 39.6 -4.25 2.6
      vertex 41.74 -37.75 4.74
      vertex 39.6 -37.75 2.6
    endloop
  endfacet
  facet normal -0.588573 0.393259 -0.706349
    outer loop
      vertex 1.08389 -1.82198 4.74
      vertex 2.7823 -3.12379 2.6
      vertex 2.64786 -3.325 2.6
    endloop
  endfacet
  facet normal -0.587987 0.394077 -0.706381
    outer loop
      vertex 2.7823 -3.12379 2.6
      vertex 1.08389 -1.82198 4.74
      vertex 1.08452 -1.82104 4.74
    endloop
  endfacet
  facet normal 0.633023 -0.316512 -0.706472
    outer loop
      vertex 39.3521 -38.675 2.6
      vertex 41.2059 -39.744 4.74
      vertex 41.2054 -39.745 4.74
    endloop
  endfacet
  facet normal 0.634754 -0.313282 -0.706358
    outer loop
      vertex 41.2059 -39.744 4.74
      vertex 39.3521 -38.675 2.6
      vertex 39.4592 -38.458 2.6
    endloop
  endfacet
  facet normal 0.13808 0.694267 -0.706348
    outer loop
      vertex 38.7816 -0.395731 4.74
      vertex 37.9915 -2.41583 2.6
      vertex 38.2708 -0.29414 4.74
    endloop
  endfacet
  facet normal -0.694092 -0.138818 -0.706375
    outer loop
      vertex 0.395731 -38.7816 4.74
      vertex 2.46304 -38.2288 2.6
      vertex 0.395951 -38.7827 4.74
    endloop
  endfacet
  facet normal -0.694255 -0.13812 -0.706352
    outer loop
      vertex 2.46304 -38.2288 2.6
      vertex 0.395731 -38.7816 4.74
      vertex 2.41583 -37.9915 2.6
    endloop
  endfacet
  facet normal -0.0463486 -0.706347 -0.706347
    outer loop
      vertex 4.25 -41.74 4.74
      vertex 3.73032 -41.7059 4.74
      vertex 4.25 -39.6 2.6
    endloop
  endfacet
  facet normal -0.694263 0.138092 -0.70635
    outer loop
      vertex 0.395731 -3.21841 4.74
      vertex 2.46304 -3.77118 2.6
      vertex 2.41583 -4.00853 2.6
    endloop
  endfacet
  facet normal -0.694093 0.138819 -0.706374
    outer loop
      vertex 2.46304 -3.77118 2.6
      vertex 0.395731 -3.21841 4.74
      vertex 0.395951 -3.21731 4.74
    endloop
  endfacet
  facet normal 0.608306 -0.364984 -0.704805
    outer loop
      vertex 39.2177 -38.8762 2.6
      vertex 40.9161 -40.178 4.74
      vertex 40.9155 -40.179 4.74
    endloop
  endfacet
  facet normal 0.588622 -0.393195 -0.706344
    outer loop
      vertex 40.9161 -40.178 4.74
      vertex 39.2177 -38.8762 2.6
      vertex 39.3521 -38.675 2.6
    endloop
  endfacet
  facet normal 0.321498 -0.94691 0
    outer loop
      vertex 38.7853 -41.6137 4.74
      vertex 39.2807 -41.4455 41.14
      vertex 38.7853 -41.6137 41.14
    endloop
  endfacet
  facet normal 0.321498 -0.94691 0
    outer loop
      vertex 39.2807 -41.4455 41.14
      vertex 38.7853 -41.6137 4.74
      vertex 39.2807 -41.4455 4.74
    endloop
  endfacet
  facet normal 0.377715 0.599548 -0.705602
    outer loop
      vertex 38.8762 -2.7823 2.6
      vertex 40.178 -1.08389 4.74
      vertex 40.179 -1.08452 4.74
    endloop
  endfacet
  facet normal 0.393273 0.588564 -0.706349
    outer loop
      vertex 40.178 -1.08389 4.74
      vertex 38.8762 -2.7823 2.6
      vertex 38.675 -2.64786 2.6
    endloop
  endfacet
  facet normal 0.313071 0.634873 -0.706344
    outer loop
      vertex 39.744 -0.794066 4.74
      vertex 38.458 -2.54082 2.6
      vertex 39.2769 -0.563728 4.74
    endloop
  endfacet
  facet normal 0.502137 -0.502137 -0.704071
    outer loop
      vertex 40.9147 -40.1798 4.74
      vertex 39.2177 -38.8762 2.6
      vertex 40.9155 -40.179 4.74
    endloop
  endfacet
  facet normal 0.532356 -0.466543 -0.706353
    outer loop
      vertex 39.2177 -38.8762 2.6
      vertex 40.9147 -40.1798 4.74
      vertex 39.0582 -39.0582 2.6
    endloop
  endfacet
  facet normal 0.466695 0.532232 -0.706346
    outer loop
      vertex 40.5714 -1.42864 4.74
      vertex 39.0582 -2.94185 2.6
      vertex 40.1798 -1.08526 4.74
    endloop
  endfacet
  facet normal 0.751842 -0.659343 0
    outer loop
      vertex 40.5784 -40.5784 41.14
      vertex 40.9234 -40.185 4.74
      vertex 40.9234 -40.185 41.14
    endloop
  endfacet
  facet normal 0.751842 -0.659343 0
    outer loop
      vertex 40.9234 -40.185 4.74
      vertex 40.5784 -40.5784 41.14
      vertex 40.5784 -40.5784 4.74
    endloop
  endfacet
  facet normal 0.694271 0.138064 -0.706347
    outer loop
      vertex 39.537 -3.77118 2.6
      vertex 41.6043 -3.21841 4.74
      vertex 39.5842 -4.00853 2.6
    endloop
  endfacet
  facet normal 0.682207 0.186056 -0.70709
    outer loop
      vertex 41.6043 -3.21841 4.74
      vertex 39.537 -3.77118 2.6
      vertex 41.604 -3.21731 4.74
    endloop
  endfacet
  facet normal 0 0.707108 -0.707105
    outer loop
      vertex 37.75 -2.39999 2.6
      vertex 4.25 -0.26 4.74
      vertex 37.75 -0.26 4.74
    endloop
  endfacet
  facet normal 0 0.707108 -0.707105
    outer loop
      vertex 4.25 -0.26 4.74
      vertex 37.75 -2.39999 2.6
      vertex 4.25 -2.39999 2.6
    endloop
  endfacet
  facet normal 0.393273 0.588565 -0.706349
    outer loop
      vertex 40.178 -1.08389 4.74
      vertex 38.675 -2.64786 2.6
      vertex 39.745 -0.794564 4.74
    endloop
  endfacet
  facet normal -0.670299 0.227528 -0.70635
    outer loop
      vertex 2.46304 -3.77118 2.6
      vertex 0.396313 -3.21624 4.74
      vertex 2.54082 -3.54204 2.6
    endloop
  endfacet
  facet normal -0.670506 0.226844 -0.706373
    outer loop
      vertex 0.396313 -3.21624 4.74
      vertex 2.46304 -3.77118 2.6
      vertex 0.395951 -3.21731 4.74
    endloop
  endfacet
  facet normal 0.0463008 0.70635 -0.706347
    outer loop
      vertex 38.2697 -0.294066 4.74
      vertex 37.75 -2.39999 2.6
      vertex 37.75 -0.26 4.74
    endloop
  endfacet
  facet normal 0.634779 0.313237 -0.706355
    outer loop
      vertex 39.3521 -3.325 2.6
      vertex 41.2059 -2.25601 4.74
      vertex 39.4592 -3.54204 2.6
    endloop
  endfacet
  facet normal 0.634352 0.314036 -0.706385
    outer loop
      vertex 41.2059 -2.25601 4.74
      vertex 39.3521 -3.325 2.6
      vertex 41.2054 -2.255 4.74
    endloop
  endfacet
  facet normal -0.53221 0.466715 -0.706349
    outer loop
      vertex 2.7823 -3.12379 2.6
      vertex 1.08526 -1.8202 4.74
      vertex 2.94185 -2.94185 2.6
    endloop
  endfacet
  facet normal -0.531191 0.467954 -0.706296
    outer loop
      vertex 1.08526 -1.8202 4.74
      vertex 2.7823 -3.12379 2.6
      vertex 1.08452 -1.82104 4.74
    endloop
  endfacet
  facet normal -0.588573 0.39326 -0.706349
    outer loop
      vertex 2.64786 -3.325 2.6
      vertex 0.794564 -2.255 4.74
      vertex 1.08389 -1.82198 4.74
    endloop
  endfacet
  facet normal 1 -0 0
    outer loop
      vertex 41.75 -37.75 41.14
      vertex 41.75 37.75 4.74
      vertex 41.75 37.75 41.14
    endloop
  endfacet
  facet normal 1 0 0
    outer loop
      vertex 41.75 37.75 4.74
      vertex 41.75 -37.75 41.14
      vertex 41.75 -37.75 4.74
    endloop
  endfacet
  facet normal -0.313144 -0.634836 -0.706346
    outer loop
      vertex 2.7231 -41.4363 4.74
      vertex 2.25601 -41.2059 4.74
      vertex 3.54204 -39.4592 2.6
    endloop
  endfacet
  facet normal -0.227556 0.670292 -0.706348
    outer loop
      vertex 3.54204 -2.54082 2.6
      vertex 2.7231 -0.563728 4.74
      vertex 3.21624 -0.396313 4.74
    endloop
  endfacet
  facet normal -0.694267 -0.13808 -0.706348
    outer loop
      vertex 0.395731 -38.7816 4.74
      vertex 0.29414 -38.2708 4.74
      vertex 2.41583 -37.9915 2.6
    endloop
  endfacet
  facet normal 0.138818 0.694092 -0.706375
    outer loop
      vertex 38.2288 -2.46304 2.6
      vertex 38.7816 -0.395731 4.74
      vertex 38.7827 -0.395951 4.74
    endloop
  endfacet
  facet normal 0.13812 0.694255 -0.706352
    outer loop
      vertex 38.7816 -0.395731 4.74
      vertex 38.2288 -2.46304 2.6
      vertex 37.9915 -2.41583 2.6
    endloop
  endfacet
  facet normal 0.706347 0.0463486 -0.706347
    outer loop
      vertex 41.74 -4.25 4.74
      vertex 39.6 -4.25 2.6
      vertex 41.7059 -3.73032 4.74
    endloop
  endfacet
  facet normal -0.634873 -0.313071 -0.706344
    outer loop
      vertex 0.794066 -39.744 4.74
      vertex 0.563728 -39.2769 4.74
      vertex 2.54082 -38.458 2.6
    endloop
  endfacet
  facet normal -0.532206 0.46672 -0.706349
    outer loop
      vertex 2.94185 -2.94185 2.6
      vertex 1.08526 -1.8202 4.74
      vertex 1.42864 -1.42864 4.74
    endloop
  endfacet
  facet normal 0.227555 -0.670294 -0.706347
    outer loop
      vertex 38.7838 -41.6037 4.74
      vertex 38.458 -39.4592 2.6
      vertex 39.2769 -41.4363 4.74
    endloop
  endfacet
  facet normal -0.634868 0.313075 -0.706347
    outer loop
      vertex 2.54082 -3.54204 2.6
      vertex 0.563728 -2.7231 4.74
      vertex 0.794066 -2.25601 4.74
    endloop
  endfacet
  facet normal 0.393247 -0.58858 -0.70635
    outer loop
      vertex 39.745 -41.2054 4.74
      vertex 38.675 -39.3521 2.6
      vertex 40.178 -40.9161 4.74
    endloop
  endfacet
  facet normal 0.680888 0.190903 -0.70707
    outer loop
      vertex 39.537 -3.77118 2.6
      vertex 41.6037 -3.21624 4.74
      vertex 41.604 -3.21731 4.74
    endloop
  endfacet
  facet normal 0.670287 0.227583 -0.706344
    outer loop
      vertex 41.6037 -3.21624 4.74
      vertex 39.537 -3.77118 2.6
      vertex 39.4592 -3.54204 2.6
    endloop
  endfacet
  facet normal 0.316512 -0.633023 -0.706472
    outer loop
      vertex 39.744 -41.2059 4.74
      vertex 38.675 -39.3521 2.6
      vertex 39.745 -41.2054 4.74
    endloop
  endfacet
  facet normal 0.313282 -0.634754 -0.706358
    outer loop
      vertex 38.675 -39.3521 2.6
      vertex 39.744 -41.2059 4.74
      vertex 38.458 -39.4592 2.6
    endloop
  endfacet
  facet normal -0.694265 0.138082 -0.706349
    outer loop
      vertex 2.41583 -4.00853 2.6
      vertex 0.29414 -3.7292 4.74
      vertex 0.395731 -3.21841 4.74
    endloop
  endfacet
  facet normal -0.706345 0.046335 -0.70635
    outer loop
      vertex 0.294066 -3.73032 4.74
      vertex 2.41583 -4.00853 2.6
      vertex 2.39999 -4.25 2.6
    endloop
  endfacet
  facet normal -0.706312 0.0466671 -0.70636
    outer loop
      vertex 2.41583 -4.00853 2.6
      vertex 0.294066 -3.73032 4.74
      vertex 0.29414 -3.7292 4.74
    endloop
  endfacet
  facet normal 0.532263 0.466662 -0.706345
    outer loop
      vertex 40.9147 -1.8202 4.74
      vertex 39.0582 -2.94185 2.6
      vertex 40.5714 -1.42864 4.74
    endloop
  endfacet
  facet normal 0.513494 0.489042 -0.705097
    outer loop
      vertex 39.2177 -3.12379 2.6
      vertex 40.9147 -1.8202 4.74
      vertex 40.9155 -1.82104 4.74
    endloop
  endfacet
  facet normal 0.532284 0.466633 -0.706348
    outer loop
      vertex 40.9147 -1.8202 4.74
      vertex 39.2177 -3.12379 2.6
      vertex 39.0582 -2.94185 2.6
    endloop
  endfacet
  facet normal -0.138082 0.694265 -0.706349
    outer loop
      vertex 4.00853 -2.41583 2.6
      vertex 3.21841 -0.395731 4.74
      vertex 3.7292 -0.29414 4.74
    endloop
  endfacet
  facet normal -0.046335 0.706345 -0.70635
    outer loop
      vertex 4.00853 -2.41583 2.6
      vertex 3.73032 -0.294066 4.74
      vertex 4.25 -2.39999 2.6
    endloop
  endfacet
  facet normal -0.0466671 0.706312 -0.70636
    outer loop
      vertex 3.73032 -0.294066 4.74
      vertex 4.00853 -2.41583 2.6
      vertex 3.7292 -0.29414 4.74
    endloop
  endfacet
  facet normal -0.227537 -0.670298 -0.706348
    outer loop
      vertex 3.21624 -41.6037 4.74
      vertex 2.7231 -41.4363 4.74
      vertex 3.54204 -39.4592 2.6
    endloop
  endfacet
  facet normal -0.532283 -0.466625 -0.706354
    outer loop
      vertex 1.08526 -40.1798 4.74
      vertex 2.7823 -38.8762 2.6
      vertex 2.94185 -39.0582 2.6
    endloop
  endfacet
  facet normal -0.52018 -0.481166 -0.705614
    outer loop
      vertex 2.7823 -38.8762 2.6
      vertex 1.08526 -40.1798 4.74
      vertex 1.08452 -40.179 4.74
    endloop
  endfacet
  facet normal 0.670294 -0.227555 -0.706347
    outer loop
      vertex 41.4363 -39.2769 4.74
      vertex 39.4592 -38.458 2.6
      vertex 41.6037 -38.7838 4.74
    endloop
  endfacet
  facet normal -0.0463026 0.70635 -0.706347
    outer loop
      vertex 4.25 -2.39999 2.6
      vertex 3.73032 -0.294066 4.74
      vertex 4.25 -0.26 4.74
    endloop
  endfacet
  facet normal -0.313075 0.634868 -0.706347
    outer loop
      vertex 3.54204 -2.54082 2.6
      vertex 2.25601 -0.794066 4.74
      vertex 2.7231 -0.563728 4.74
    endloop
  endfacet
  facet normal -0.393259 0.588573 -0.706349
    outer loop
      vertex 3.12379 -2.7823 2.6
      vertex 1.82198 -1.08389 4.74
      vertex 3.325 -2.64786 2.6
    endloop
  endfacet
  facet normal -0.394077 0.587987 -0.706381
    outer loop
      vertex 1.82198 -1.08389 4.74
      vertex 3.12379 -2.7823 2.6
      vertex 1.82104 -1.08452 4.74
    endloop
  endfacet
  facet normal 0.997861 -0.0653646 0
    outer loop
      vertex 41.7158 -38.2721 41.14
      vertex 41.75 -37.75 4.74
      vertex 41.75 -37.75 41.14
    endloop
  endfacet
  facet normal 0.997861 -0.0653646 0
    outer loop
      vertex 41.75 -37.75 4.74
      vertex 41.7158 -38.2721 41.14
      vertex 41.7158 -38.2721 4.74
    endloop
  endfacet
  facet normal 0.896898 -0.442238 0
    outer loop
      vertex 41.2141 -39.75 41.14
      vertex 41.4455 -39.2807 4.74
      vertex 41.4455 -39.2807 41.14
    endloop
  endfacet
  facet normal 0.896898 -0.442238 0
    outer loop
      vertex 41.4455 -39.2807 4.74
      vertex 41.2141 -39.75 41.14
      vertex 41.2141 -39.75 4.74
    endloop
  endfacet
  facet normal -0.46672 0.532206 -0.706349
    outer loop
      vertex 2.94185 -2.94185 2.6
      vertex 1.42864 -1.42864 4.74
      vertex 1.8202 -1.08526 4.74
    endloop
  endfacet
  facet normal -0.70635 0.0463026 -0.706347
    outer loop
      vertex 2.39999 -4.25 2.6
      vertex 0.26 -4.25 4.74
      vertex 0.294066 -3.73032 4.74
    endloop
  endfacet
  facet normal -0.227528 0.670299 -0.70635
    outer loop
      vertex 3.21624 -0.396313 4.74
      vertex 3.77118 -2.46304 2.6
      vertex 3.54204 -2.54082 2.6
    endloop
  endfacet
  facet normal -0.226844 0.670506 -0.706373
    outer loop
      vertex 3.77118 -2.46304 2.6
      vertex 3.21624 -0.396313 4.74
      vertex 3.21731 -0.395951 4.74
    endloop
  endfacet
  facet normal 0.670298 0.227537 -0.706348
    outer loop
      vertex 41.6037 -3.21624 4.74
      vertex 39.4592 -3.54204 2.6
      vertex 41.4363 -2.7231 4.74
    endloop
  endfacet
  facet normal 0.634836 0.313144 -0.706346
    outer loop
      vertex 41.4363 -2.7231 4.74
      vertex 39.4592 -3.54204 2.6
      vertex 41.2059 -2.25601 4.74
    endloop
  endfacet
  facet normal 0.831432 -0.555626 0
    outer loop
      vertex 40.9234 -40.185 41.14
      vertex 41.2141 -39.75 4.74
      vertex 41.2141 -39.75 41.14
    endloop
  endfacet
  facet normal 0.831432 -0.555626 0
    outer loop
      vertex 41.2141 -39.75 4.74
      vertex 40.9234 -40.185 41.14
      vertex 40.9234 -40.185 4.74
    endloop
  endfacet
  facet normal 0.634841 -0.313139 -0.706343
    outer loop
      vertex 41.2059 -39.744 4.74
      vertex 39.4592 -38.458 2.6
      vertex 41.4363 -39.2769 4.74
    endloop
  endfacet
  facet normal 0.466625 0.532283 -0.706354
    outer loop
      vertex 38.8762 -2.7823 2.6
      vertex 40.1798 -1.08526 4.74
      vertex 39.0582 -2.94185 2.6
    endloop
  endfacet
  facet normal 0.481166 0.52018 -0.705614
    outer loop
      vertex 40.1798 -1.08526 4.74
      vertex 38.8762 -2.7823 2.6
      vertex 40.179 -1.08452 4.74
    endloop
  endfacet
  facet normal 0.706367 0.0462194 -0.706335
    outer loop
      vertex 39.5842 -4.00853 2.6
      vertex 41.7059 -3.73032 4.74
      vertex 39.6 -4.25 2.6
    endloop
  endfacet
  facet normal 0.710137 0 -0.704064
    outer loop
      vertex 41.7059 -3.73032 4.74
      vertex 39.5842 -4.00853 2.6
      vertex 41.7059 -3.7292 4.74
    endloop
  endfacet
  facet normal 0.195124 -0.980779 0
    outer loop
      vertex 38.2721 -41.7158 4.74
      vertex 38.7853 -41.6137 41.14
      vertex 38.2721 -41.7158 41.14
    endloop
  endfacet
  facet normal 0.195124 -0.980779 0
    outer loop
      vertex 38.7853 -41.6137 41.14
      vertex 38.2721 -41.7158 4.74
      vertex 38.7853 -41.6137 4.74
    endloop
  endfacet
  facet normal 0.682206 -0.186056 -0.707092
    outer loop
      vertex 41.6037 -38.7838 4.74
      vertex 39.537 -38.2288 2.6
      vertex 41.604 -38.7827 4.74
    endloop
  endfacet
  facet normal 0.6703 -0.227528 -0.706349
    outer loop
      vertex 39.537 -38.2288 2.6
      vertex 41.6037 -38.7838 4.74
      vertex 39.4592 -38.458 2.6
    endloop
  endfacet
  facet normal -0.138094 -0.694262 -0.70635
    outer loop
      vertex 3.7292 -41.7059 4.74
      vertex 3.21841 -41.6043 4.74
      vertex 4.00853 -39.5842 2.6
    endloop
  endfacet
  facet normal 0.0463468 -0.706347 -0.706347
    outer loop
      vertex 38.2697 -41.7059 4.74
      vertex 37.75 -41.74 4.74
      vertex 37.75 -39.6 2.6
    endloop
  endfacet
  facet normal 0.980779 -0.195124 0
    outer loop
      vertex 41.6137 -38.7853 41.14
      vertex 41.7158 -38.2721 4.74
      vertex 41.7158 -38.2721 41.14
    endloop
  endfacet
  facet normal 0.980779 -0.195124 0
    outer loop
      vertex 41.7158 -38.2721 4.74
      vertex 41.6137 -38.7853 41.14
      vertex 41.6137 -38.7853 4.74
    endloop
  endfacet
  facet normal 0.694262 0.138094 -0.70635
    outer loop
      vertex 41.7059 -3.7292 4.74
      vertex 39.5842 -4.00853 2.6
      vertex 41.6043 -3.21841 4.74
    endloop
  endfacet
  facet normal 0 -0.710137 -0.704064
    outer loop
      vertex 38.2697 -41.7059 4.74
      vertex 37.9915 -39.5842 2.6
      vertex 38.2708 -41.7059 4.74
    endloop
  endfacet
  facet normal 0.0462137 -0.706368 -0.706335
    outer loop
      vertex 37.9915 -39.5842 2.6
      vertex 38.2697 -41.7059 4.74
      vertex 37.75 -39.6 2.6
    endloop
  endfacet
  facet normal -0.393234 -0.588588 -0.706351
    outer loop
      vertex 2.255 -41.2054 4.74
      vertex 1.82198 -40.9161 4.74
      vertex 3.325 -39.3521 2.6
    endloop
  endfacet
  facet normal -0.63356 -0.315513 -0.706437
    outer loop
      vertex 0.794066 -39.744 4.74
      vertex 2.64786 -38.675 2.6
      vertex 0.794564 -39.745 4.74
    endloop
  endfacet
  facet normal -0.634829 -0.313143 -0.706352
    outer loop
      vertex 2.64786 -38.675 2.6
      vertex 0.794066 -39.744 4.74
      vertex 2.54082 -38.458 2.6
    endloop
  endfacet
  facet normal -0.466715 0.53221 -0.706349
    outer loop
      vertex 1.8202 -1.08526 4.74
      vertex 3.12379 -2.7823 2.6
      vertex 2.94185 -2.94185 2.6
    endloop
  endfacet
  facet normal -0.467954 0.531191 -0.706296
    outer loop
      vertex 3.12379 -2.7823 2.6
      vertex 1.8202 -1.08526 4.74
      vertex 1.82104 -1.08452 4.74
    endloop
  endfacet
  facet normal 0.227573 0.670288 -0.706346
    outer loop
      vertex 39.2769 -0.563728 4.74
      vertex 38.458 -2.54082 2.6
      vertex 38.7838 -0.396313 4.74
    endloop
  endfacet
  facet normal 0.588588 0.393234 -0.706351
    outer loop
      vertex 41.2054 -2.255 4.74
      vertex 39.3521 -3.325 2.6
      vertex 40.9161 -1.82198 4.74
    endloop
  endfacet
  facet normal -0.670288 -0.227573 -0.706346
    outer loop
      vertex 0.563728 -39.2769 4.74
      vertex 0.396313 -38.7838 4.74
      vertex 2.54082 -38.458 2.6
    endloop
  endfacet
  facet normal 0.710137 0 -0.704064
    outer loop
      vertex 39.5842 -37.9915 2.6
      vertex 41.7059 -38.2697 4.74
      vertex 41.7059 -38.2708 4.74
    endloop
  endfacet
  facet normal 0.706368 -0.0462137 -0.706335
    outer loop
      vertex 41.7059 -38.2697 4.74
      vertex 39.5842 -37.9915 2.6
      vertex 39.6 -37.75 2.6
    endloop
  endfacet
  facet normal -0.670312 -0.227473 -0.706355
    outer loop
      vertex 0.396313 -38.7838 4.74
      vertex 2.46304 -38.2288 2.6
      vertex 2.54082 -38.458 2.6
    endloop
  endfacet
  facet normal -0.672197 -0.221214 -0.706552
    outer loop
      vertex 2.46304 -38.2288 2.6
      vertex 0.396313 -38.7838 4.74
      vertex 0.395951 -38.7827 4.74
    endloop
  endfacet
  facet normal 0.315513 0.63356 -0.706437
    outer loop
      vertex 38.675 -2.64786 2.6
      vertex 39.744 -0.794066 4.74
      vertex 39.745 -0.794564 4.74
    endloop
  endfacet
  facet normal 0.313143 0.634829 -0.706352
    outer loop
      vertex 39.744 -0.794066 4.74
      vertex 38.675 -2.64786 2.6
      vertex 38.458 -2.54082 2.6
    endloop
  endfacet
  facet normal 0.706347 -0.0463468 -0.706347
    outer loop
      vertex 41.7059 -38.2697 4.74
      vertex 39.6 -37.75 2.6
      vertex 41.74 -37.75 4.74
    endloop
  endfacet
  facet normal -0.138092 0.694263 -0.70635
    outer loop
      vertex 3.77118 -2.46304 2.6
      vertex 3.21841 -0.395731 4.74
      vertex 4.00853 -2.41583 2.6
    endloop
  endfacet
  facet normal -0.138819 0.694093 -0.706374
    outer loop
      vertex 3.21841 -0.395731 4.74
      vertex 3.77118 -2.46304 2.6
      vertex 3.21731 -0.395951 4.74
    endloop
  endfacet
  facet normal -0.70635 -0.0463008 -0.706347
    outer loop
      vertex 0.294066 -38.2697 4.74
      vertex 0.26 -37.75 4.74
      vertex 2.39999 -37.75 2.6
    endloop
  endfacet
  facet normal 0.94691 -0.321498 0
    outer loop
      vertex 41.4455 -39.2807 41.14
      vertex 41.6137 -38.7853 4.74
      vertex 41.6137 -38.7853 41.14
    endloop
  endfacet
  facet normal 0.94691 -0.321498 0
    outer loop
      vertex 41.6137 -38.7853 4.74
      vertex 41.4455 -39.2807 41.14
      vertex 41.4455 -39.2807 4.74
    endloop
  endfacet
  facet normal -0.39326 0.588573 -0.706349
    outer loop
      vertex 3.325 -2.64786 2.6
      vertex 1.82198 -1.08389 4.74
      vertex 2.255 -0.794564 4.74
    endloop
  endfacet
  facet normal -0.489042 -0.513494 -0.705097
    outer loop
      vertex 1.8202 -40.9147 4.74
      vertex 3.12379 -39.2177 2.6
      vertex 1.82104 -40.9155 4.74
    endloop
  endfacet
  facet normal -0.466633 -0.532284 -0.706348
    outer loop
      vertex 3.12379 -39.2177 2.6
      vertex 1.8202 -40.9147 4.74
      vertex 2.94185 -39.0582 2.6
    endloop
  endfacet
  facet normal -0.393181 -0.588631 -0.706345
    outer loop
      vertex 1.82198 -40.9161 4.74
      vertex 3.12379 -39.2177 2.6
      vertex 3.325 -39.3521 2.6
    endloop
  endfacet
  facet normal -0.381157 -0.597146 -0.705788
    outer loop
      vertex 3.12379 -39.2177 2.6
      vertex 1.82198 -40.9161 4.74
      vertex 1.82104 -40.9155 4.74
    endloop
  endfacet
  facet normal 0.659343 -0.751842 0
    outer loop
      vertex 40.185 -40.9234 4.74
      vertex 40.5784 -40.5784 41.14
      vertex 40.185 -40.9234 41.14
    endloop
  endfacet
  facet normal 0.659343 -0.751842 0
    outer loop
      vertex 40.5784 -40.5784 41.14
      vertex 40.185 -40.9234 4.74
      vertex 40.5784 -40.5784 4.74
    endloop
  endfacet
  facet normal 0.466636 -0.532289 -0.706342
    outer loop
      vertex 40.1798 -40.9147 4.74
      vertex 39.0582 -39.0582 2.6
      vertex 40.5714 -40.5714 4.74
    endloop
  endfacet
  facet normal 0.186056 -0.682206 -0.707092
    outer loop
      vertex 38.2288 -39.537 2.6
      vertex 38.7838 -41.6037 4.74
      vertex 38.7827 -41.604 4.74
    endloop
  endfacet
  facet normal 0.227528 -0.6703 -0.706349
    outer loop
      vertex 38.7838 -41.6037 4.74
      vertex 38.2288 -39.537 2.6
      vertex 38.458 -39.4592 2.6
    endloop
  endfacet
  facet normal 0.138092 -0.694263 -0.706349
    outer loop
      vertex 38.2708 -41.7059 4.74
      vertex 37.9915 -39.5842 2.6
      vertex 38.7816 -41.6043 4.74
    endloop
  endfacet
  facet normal -0.138064 -0.694271 -0.706347
    outer loop
      vertex 3.21841 -41.6043 4.74
      vertex 3.77118 -39.537 2.6
      vertex 4.00853 -39.5842 2.6
    endloop
  endfacet
  facet normal -0.186056 -0.682207 -0.70709
    outer loop
      vertex 3.77118 -39.537 2.6
      vertex 3.21841 -41.6043 4.74
      vertex 3.21731 -41.604 4.74
    endloop
  endfacet
  facet normal -0.190903 -0.680888 -0.70707
    outer loop
      vertex 3.21624 -41.6037 4.74
      vertex 3.77118 -39.537 2.6
      vertex 3.21731 -41.604 4.74
    endloop
  endfacet
  facet normal -0.227583 -0.670287 -0.706344
    outer loop
      vertex 3.77118 -39.537 2.6
      vertex 3.21624 -41.6037 4.74
      vertex 3.54204 -39.4592 2.6
    endloop
  endfacet
  facet normal -0.706229 -0.04751 -0.706387
    outer loop
      vertex 0.294066 -38.2697 4.74
      vertex 2.41583 -37.9915 2.6
      vertex 0.29414 -38.2708 4.74
    endloop
  endfacet
  facet normal -0.706346 -0.0463293 -0.706349
    outer loop
      vertex 2.41583 -37.9915 2.6
      vertex 0.294066 -38.2697 4.74
      vertex 2.39999 -37.75 2.6
    endloop
  endfacet
  facet normal 0.555626 -0.831432 0
    outer loop
      vertex 39.75 -41.2141 4.74
      vertex 40.185 -40.9234 41.14
      vertex 39.75 -41.2141 41.14
    endloop
  endfacet
  facet normal 0.555626 -0.831432 0
    outer loop
      vertex 40.185 -40.9234 41.14
      vertex 39.75 -41.2141 4.74
      vertex 40.185 -40.9234 4.74
    endloop
  endfacet
  facet normal 0.58858 -0.393247 -0.70635
    outer loop
      vertex 40.9161 -40.178 4.74
      vertex 39.3521 -38.675 2.6
      vertex 41.2054 -39.745 4.74
    endloop
  endfacet
  facet normal 0.227473 0.670312 -0.706355
    outer loop
      vertex 38.2288 -2.46304 2.6
      vertex 38.7838 -0.396313 4.74
      vertex 38.458 -2.54082 2.6
    endloop
  endfacet
  facet normal 0.221214 0.672197 -0.706552
    outer loop
      vertex 38.7838 -0.396313 4.74
      vertex 38.2288 -2.46304 2.6
      vertex 38.7827 -0.395951 4.74
    endloop
  endfacet
  facet normal -0.313237 -0.634779 -0.706355
    outer loop
      vertex 2.25601 -41.2059 4.74
      vertex 3.325 -39.3521 2.6
      vertex 3.54204 -39.4592 2.6
    endloop
  endfacet
  facet normal -0.314036 -0.634352 -0.706385
    outer loop
      vertex 3.325 -39.3521 2.6
      vertex 2.25601 -41.2059 4.74
      vertex 2.255 -41.2054 4.74
    endloop
  endfacet
  facet normal 0.364984 -0.608306 -0.704805
    outer loop
      vertex 40.178 -40.9161 4.74
      vertex 38.8762 -39.2177 2.6
      vertex 40.179 -40.9155 4.74
    endloop
  endfacet
  facet normal 0.393195 -0.588622 -0.706344
    outer loop
      vertex 38.8762 -39.2177 2.6
      vertex 40.178 -40.9161 4.74
      vertex 38.675 -39.3521 2.6
    endloop
  endfacet
  facet normal 0.442238 -0.896898 0
    outer loop
      vertex 39.2807 -41.4455 4.74
      vertex 39.75 -41.2141 41.14
      vertex 39.2807 -41.4455 41.14
    endloop
  endfacet
  facet normal 0.442238 -0.896898 0
    outer loop
      vertex 39.75 -41.2141 41.14
      vertex 39.2807 -41.4455 4.74
      vertex 39.75 -41.2141 4.74
    endloop
  endfacet
  facet normal 0.313139 -0.634841 -0.706343
    outer loop
      vertex 39.2769 -41.4363 4.74
      vertex 38.458 -39.4592 2.6
      vertex 39.744 -41.2059 4.74
    endloop
  endfacet
  facet normal -0.532232 -0.466695 -0.706346
    outer loop
      vertex 1.42864 -40.5714 4.74
      vertex 1.08526 -40.1798 4.74
      vertex 2.94185 -39.0582 2.6
    endloop
  endfacet
  facet normal -0.466662 -0.532263 -0.706345
    outer loop
      vertex 1.8202 -40.9147 4.74
      vertex 1.42864 -40.5714 4.74
      vertex 2.94185 -39.0582 2.6
    endloop
  endfacet
  facet normal 0.682206 -0.186056 -0.707092
    outer loop
      vertex 39.537 -38.2288 2.6
      vertex 41.6043 -38.7816 4.74
      vertex 41.604 -38.7827 4.74
    endloop
  endfacet
  facet normal 0.694263 -0.138092 -0.706349
    outer loop
      vertex 41.6043 -38.7816 4.74
      vertex 39.537 -38.2288 2.6
      vertex 39.5842 -37.9915 2.6
    endloop
  endfacet
  facet normal 0.694263 -0.138092 -0.706349
    outer loop
      vertex 41.6043 -38.7816 4.74
      vertex 39.5842 -37.9915 2.6
      vertex 41.7059 -38.2708 4.74
    endloop
  endfacet
  facet normal -0.0462194 -0.706367 -0.706335
    outer loop
      vertex 3.73032 -41.7059 4.74
      vertex 4.00853 -39.5842 2.6
      vertex 4.25 -39.6 2.6
    endloop
  endfacet
  facet normal 0 -0.710137 -0.704064
    outer loop
      vertex 4.00853 -39.5842 2.6
      vertex 3.73032 -41.7059 4.74
      vertex 3.7292 -41.7059 4.74
    endloop
  endfacet
  facet normal -0.588565 -0.393273 -0.706349
    outer loop
      vertex 1.08389 -40.178 4.74
      vertex 0.794564 -39.745 4.74
      vertex 2.64786 -38.675 2.6
    endloop
  endfacet
  facet normal -0.599548 -0.377715 -0.705602
    outer loop
      vertex 1.08389 -40.178 4.74
      vertex 2.7823 -38.8762 2.6
      vertex 1.08452 -40.179 4.74
    endloop
  endfacet
  facet normal -0.588564 -0.393273 -0.706349
    outer loop
      vertex 2.7823 -38.8762 2.6
      vertex 1.08389 -40.178 4.74
      vertex 2.64786 -38.675 2.6
    endloop
  endfacet
  facet normal 0.466628 -0.532286 -0.70635
    outer loop
      vertex 38.8762 2.7823 0.799999
      vertex 38.3892 3.41698 0
      vertex 39.0582 2.94185 0.799999
    endloop
  endfacet
  facet normal -0.313243 0.634793 -0.70634
    outer loop
      vertex 3.84818 38.7201 0
      vertex 3.325 39.3521 0.799999
      vertex 3.54204 39.4592 0.799999
    endloop
  endfacet
  facet normal -0.532166 -0.46676 -0.706353
    outer loop
      vertex 3.50754 3.50754 0
      vertex 2.94185 2.94185 0.799999
      vertex 3.41698 3.61079 0
    endloop
  endfacet
  facet normal 0.0463684 0.706346 -0.706347
    outer loop
      vertex 37.8871 38.791 0
      vertex 37.75 38.8 0
      vertex 37.75 39.6 0.799999
    endloop
  endfacet
  facet normal 0.946908 -0.321504 0
    outer loop
      vertex 39.4592 3.54204 2.6
      vertex 39.537 3.77118 0.799999
      vertex 39.537 3.77118 2.6
    endloop
  endfacet
  facet normal 0.946908 -0.321504 0
    outer loop
      vertex 39.537 3.77118 0.799999
      vertex 39.4592 3.54204 2.6
      vertex 39.4592 3.54204 0.799999
    endloop
  endfacet
  facet normal -0.3131 -0.634858 -0.706346
    outer loop
      vertex 3.54204 2.54082 0.799999
      vertex 3.325 2.64786 0.799999
      vertex 3.84818 3.27992 0
    endloop
  endfacet
  facet normal -0.659329 -0.751854 0
    outer loop
      vertex 2.94185 2.94185 0.799999
      vertex 3.12379 2.7823 2.6
      vertex 2.94185 2.94185 2.6
    endloop
  endfacet
  facet normal -0.659329 -0.751854 -0
    outer loop
      vertex 3.12379 2.7823 2.6
      vertex 2.94185 2.94185 0.799999
      vertex 3.12379 2.7823 0.799999
    endloop
  endfacet
  facet normal 0.442579 0.896729 -0
    outer loop
      vertex 38.675 39.3521 0.799999
      vertex 38.458 39.4592 2.6
      vertex 38.675 39.3521 2.6
    endloop
  endfacet
  facet normal 0.442579 0.896729 0
    outer loop
      vertex 38.458 39.4592 2.6
      vertex 38.675 39.3521 0.799999
      vertex 38.458 39.4592 0.799999
    endloop
  endfacet
  facet normal -0.946959 0.321355 0
    outer loop
      vertex 2.46304 38.2288 0.799999
      vertex 2.54082 38.458 2.6
      vertex 2.54082 38.458 0.799999
    endloop
  endfacet
  facet normal -0.946959 0.321355 0
    outer loop
      vertex 2.54082 38.458 2.6
      vertex 2.46304 38.2288 0.799999
      vertex 2.46304 38.2288 2.6
    endloop
  endfacet
  facet normal 0.694246 0.138089 -0.706367
    outer loop
      vertex 39.5842 37.9915 0.799999
      vertex 38.791 37.8871 0
      vertex 39.537 38.2288 0.799999
    endloop
  endfacet
  facet normal -0.532286 0.466628 -0.70635
    outer loop
      vertex 3.41698 38.3892 0
      vertex 2.7823 38.8762 0.799999
      vertex 2.94185 39.0582 0.799999
    endloop
  endfacet
  facet normal -0.67029 0.227589 -0.706339
    outer loop
      vertex 3.23578 38.0218 0
      vertex 2.46304 38.2288 0.799999
      vertex 3.27992 38.1518 0
    endloop
  endfacet
  facet normal -0.138093 -0.694266 -0.706347
    outer loop
      vertex 4.00853 2.41583 0.799999
      vertex 3.77118 2.46304 0.799999
      vertex 4.11295 3.20898 0
    endloop
  endfacet
  facet normal 0.393285 -0.588561 -0.706345
    outer loop
      vertex 38.675 2.64786 0.799999
      vertex 38.275 3.34067 0
      vertex 38.3892 3.41698 0
    endloop
  endfacet
  facet normal -0.393261 -0.588576 -0.706345
    outer loop
      vertex 3.325 2.64786 0.799999
      vertex 3.12379 2.7823 0.799999
      vertex 3.61079 3.41698 0
    endloop
  endfacet
  facet normal 0.997866 -0.0652929 0
    outer loop
      vertex 39.5842 4.00853 2.6
      vertex 39.6 4.25 0.799999
      vertex 39.6 4.25 2.6
    endloop
  endfacet
  facet normal 0.997866 -0.0652929 0
    outer loop
      vertex 39.6 4.25 0.799999
      vertex 39.5842 4.00853 2.6
      vertex 39.5842 4.00853 0.799999
    endloop
  endfacet
  facet normal 0.751957 -0.659212 0
    outer loop
      vertex 39.0582 2.94185 2.6
      vertex 39.2177 3.12379 0.799999
      vertex 39.2177 3.12379 2.6
    endloop
  endfacet
  facet normal 0.751957 -0.659212 0
    outer loop
      vertex 39.2177 3.12379 0.799999
      vertex 39.0582 2.94185 2.6
      vertex 39.0582 2.94185 0.799999
    endloop
  endfacet
  facet normal 0 0 -1
    outer loop
      vertex 37.75 3.2 0
      vertex 38.8 4.25 0
      vertex 38.791 4.11295 0
    endloop
  endfacet
  facet normal -0 0 -1
    outer loop
      vertex 38.8 4.25 0
      vertex 37.75 3.2 0
      vertex 38.8 37.75 0
    endloop
  endfacet
  facet normal 0 0 -1
    outer loop
      vertex 37.75 3.2 0
      vertex 38.791 4.11295 0
      vertex 38.7642 3.97824 0
    endloop
  endfacet
  facet normal 0 0 -1
    outer loop
      vertex 37.75 38.8 0
      vertex 38.8 37.75 0
      vertex 37.75 3.2 0
    endloop
  endfacet
  facet normal 0 0 -1
    outer loop
      vertex 37.75 3.2 0
      vertex 38.7642 3.97824 0
      vertex 38.7201 3.84818 0
    endloop
  endfacet
  facet normal 0 0 -1
    outer loop
      vertex 38.8 37.75 0
      vertex 37.75 38.8 0
      vertex 38.791 37.8871 0
    endloop
  endfacet
  facet normal 0 0 -1
    outer loop
      vertex 37.75 3.2 0
      vertex 38.7201 3.84818 0
      vertex 38.6593 3.72501 0
    endloop
  endfacet
  facet normal 0 0 -1
    outer loop
      vertex 38.791 37.8871 0
      vertex 37.75 38.8 0
      vertex 38.7642 38.0218 0
    endloop
  endfacet
  facet normal 0 0 -1
    outer loop
      vertex 37.75 3.2 0
      vertex 38.6593 3.72501 0
      vertex 38.583 3.61079 0
    endloop
  endfacet
  facet normal 0 0 -1
    outer loop
      vertex 38.7642 38.0218 0
      vertex 37.75 38.8 0
      vertex 38.7201 38.1518 0
    endloop
  endfacet
  facet normal 0 0 -1
    outer loop
      vertex 37.75 3.2 0
      vertex 38.583 3.61079 0
      vertex 38.4925 3.50754 0
    endloop
  endfacet
  facet normal 0 0 -1
    outer loop
      vertex 38.7201 38.1518 0
      vertex 37.75 38.8 0
      vertex 38.6593 38.275 0
    endloop
  endfacet
  facet normal 0 0 -1
    outer loop
      vertex 37.75 3.2 0
      vertex 38.4925 3.50754 0
      vertex 38.3892 3.41698 0
    endloop
  endfacet
  facet normal 0 0 -1
    outer loop
      vertex 38.6593 38.275 0
      vertex 37.75 38.8 0
      vertex 38.583 38.3892 0
    endloop
  endfacet
  facet normal 0 0 -1
    outer loop
      vertex 37.75 3.2 0
      vertex 38.3892 3.41698 0
      vertex 38.275 3.34067 0
    endloop
  endfacet
  facet normal 0 0 -1
    outer loop
      vertex 38.583 38.3892 0
      vertex 37.75 38.8 0
      vertex 38.4925 38.4925 0
    endloop
  endfacet
  facet normal 0 0 -1
    outer loop
      vertex 37.75 3.2 0
      vertex 38.275 3.34067 0
      vertex 38.1518 3.27992 0
    endloop
  endfacet
  facet normal 0 0 -1
    outer loop
      vertex 38.4925 38.4925 0
      vertex 37.75 38.8 0
      vertex 38.3892 38.583 0
    endloop
  endfacet
  facet normal 0 0 -1
    outer loop
      vertex 37.75 3.2 0
      vertex 38.1518 3.27992 0
      vertex 38.0218 3.23578 0
    endloop
  endfacet
  facet normal 0 0 -1
    outer loop
      vertex 38.3892 38.583 0
      vertex 37.75 38.8 0
      vertex 38.275 38.6593 0
    endloop
  endfacet
  facet normal 0 0 -1
    outer loop
      vertex 37.75 3.2 0
      vertex 38.0218 3.23578 0
      vertex 37.8871 3.20898 0
    endloop
  endfacet
  facet normal 0 0 -1
    outer loop
      vertex 38.275 38.6593 0
      vertex 37.75 38.8 0
      vertex 38.1518 38.7201 0
    endloop
  endfacet
  facet normal 0 0 -1
    outer loop
      vertex 38.1518 38.7201 0
      vertex 37.75 38.8 0
      vertex 38.0218 38.7642 0
    endloop
  endfacet
  facet normal 0 0 -1
    outer loop
      vertex 38.0218 38.7642 0
      vertex 37.75 38.8 0
      vertex 37.8871 38.791 0
    endloop
  endfacet
  facet normal 0 0 -1
    outer loop
      vertex 4.25 3.2 0
      vertex 37.75 38.8 0
      vertex 37.75 3.2 0
    endloop
  endfacet
  facet normal 0 0 -1
    outer loop
      vertex 4.25 3.2 0
      vertex 4.25 38.8 0
      vertex 37.75 38.8 0
    endloop
  endfacet
  facet normal 0 0 -1
    outer loop
      vertex 3.2 4.25 0
      vertex 4.25 3.2 0
      vertex 4.11295 3.20898 0
    endloop
  endfacet
  facet normal 0 0 -1
    outer loop
      vertex 4.25 3.2 0
      vertex 3.2 4.25 0
      vertex 4.25 38.8 0
    endloop
  endfacet
  facet normal 0 0 -1
    outer loop
      vertex 3.2 4.25 0
      vertex 4.11295 3.20898 0
      vertex 3.97824 3.23578 0
    endloop
  endfacet
  facet normal 0 0 -1
    outer loop
      vertex 3.2 37.75 0
      vertex 4.25 38.8 0
      vertex 3.2 4.25 0
    endloop
  endfacet
  facet normal 0 0 -1
    outer loop
      vertex 3.2 4.25 0
      vertex 3.97824 3.23578 0
      vertex 3.84818 3.27992 0
    endloop
  endfacet
  facet normal 0 0 -1
    outer loop
      vertex 4.25 38.8 0
      vertex 3.2 37.75 0
      vertex 4.11295 38.791 0
    endloop
  endfacet
  facet normal 0 0 -1
    outer loop
      vertex 3.2 4.25 0
      vertex 3.84818 3.27992 0
      vertex 3.72501 3.34067 0
    endloop
  endfacet
  facet normal 0 0 -1
    outer loop
      vertex 4.11295 38.791 0
      vertex 3.2 37.75 0
      vertex 3.97824 38.7642 0
    endloop
  endfacet
  facet normal 0 0 -1
    outer loop
      vertex 3.2 4.25 0
      vertex 3.72501 3.34067 0
      vertex 3.61079 3.41698 0
    endloop
  endfacet
  facet normal 0 0 -1
    outer loop
      vertex 3.97824 38.7642 0
      vertex 3.2 37.75 0
      vertex 3.84818 38.7201 0
    endloop
  endfacet
  facet normal 0 0 -1
    outer loop
      vertex 3.2 4.25 0
      vertex 3.61079 3.41698 0
      vertex 3.50754 3.50754 0
    endloop
  endfacet
  facet normal 0 0 -1
    outer loop
      vertex 3.84818 38.7201 0
      vertex 3.2 37.75 0
      vertex 3.72501 38.6593 0
    endloop
  endfacet
  facet normal 0 0 -1
    outer loop
      vertex 3.2 4.25 0
      vertex 3.50754 3.50754 0
      vertex 3.41698 3.61079 0
    endloop
  endfacet
  facet normal 0 0 -1
    outer loop
      vertex 3.72501 38.6593 0
      vertex 3.2 37.75 0
      vertex 3.61079 38.583 0
    endloop
  endfacet
  facet normal 0 0 -1
    outer loop
      vertex 3.2 4.25 0
      vertex 3.41698 3.61079 0
      vertex 3.34067 3.72501 0
    endloop
  endfacet
  facet normal 0 0 -1
    outer loop
      vertex 3.61079 38.583 0
      vertex 3.2 37.75 0
      vertex 3.50754 38.4925 0
    endloop
  endfacet
  facet normal 0 0 -1
    outer loop
      vertex 3.2 4.25 0
      vertex 3.34067 3.72501 0
      vertex 3.27992 3.84818 0
    endloop
  endfacet
  facet normal 0 0 -1
    outer loop
      vertex 3.50754 38.4925 0
      vertex 3.2 37.75 0
      vertex 3.41698 38.3892 0
    endloop
  endfacet
  facet normal 0 0 -1
    outer loop
      vertex 3.2 4.25 0
      vertex 3.27992 3.84818 0
      vertex 3.23578 3.97824 0
    endloop
  endfacet
  facet normal 0 0 -1
    outer loop
      vertex 3.41698 38.3892 0
      vertex 3.2 37.75 0
      vertex 3.34067 38.275 0
    endloop
  endfacet
  facet normal 0 0 -1
    outer loop
      vertex 3.2 4.25 0
      vertex 3.23578 3.97824 0
      vertex 3.20898 4.11295 0
    endloop
  endfacet
  facet normal 0 0 -1
    outer loop
      vertex 3.34067 38.275 0
      vertex 3.2 37.75 0
      vertex 3.27992 38.1518 0
    endloop
  endfacet
  facet normal 0 0 -1
    outer loop
      vertex 3.27992 38.1518 0
      vertex 3.2 37.75 0
      vertex 3.23578 38.0218 0
    endloop
  endfacet
  facet normal 0 0 -1
    outer loop
      vertex 3.23578 38.0218 0
      vertex 3.2 37.75 0
      vertex 3.20898 37.8871 0
    endloop
  endfacet
  facet normal -0.896828 0.44238 0
    outer loop
      vertex 2.54082 38.458 0.799999
      vertex 2.64786 38.675 2.6
      vertex 2.64786 38.675 0.799999
    endloop
  endfacet
  facet normal -0.896828 0.44238 0
    outer loop
      vertex 2.64786 38.675 2.6
      vertex 2.54082 38.458 0.799999
      vertex 2.54082 38.458 2.6
    endloop
  endfacet
  facet normal -0.670302 -0.22753 -0.706346
    outer loop
      vertex 2.54082 3.54204 0.799999
      vertex 2.46304 3.77118 0.799999
      vertex 3.27992 3.84818 0
    endloop
  endfacet
  facet normal 0 0.707106 -0.707107
    outer loop
      vertex 4.25 38.8 0
      vertex 37.75 39.6 0.799999
      vertex 37.75 38.8 0
    endloop
  endfacet
  facet normal 0 0.707106 -0.707107
    outer loop
      vertex 37.75 39.6 0.799999
      vertex 4.25 38.8 0
      vertex 4.25 39.6 0.799999
    endloop
  endfacet
  facet normal 0 -0.707102 -0.707112
    outer loop
      vertex 4.25 2.39999 0.799999
      vertex 37.75 3.2 0
      vertex 37.75 2.39999 0.799999
    endloop
  endfacet
  facet normal -0 -0.707102 -0.707112
    outer loop
      vertex 37.75 3.2 0
      vertex 4.25 2.39999 0.799999
      vertex 4.25 3.2 0
    endloop
  endfacet
  facet normal -0.0462822 -0.706344 -0.706354
    outer loop
      vertex 4.25 2.39999 0.799999
      vertex 4.11295 3.20898 0
      vertex 4.25 3.2 0
    endloop
  endfacet
  facet normal -0.227491 -0.67031 -0.706351
    outer loop
      vertex 3.97824 3.23578 0
      vertex 3.77118 2.46304 0.799999
      vertex 3.84818 3.27992 0
    endloop
  endfacet
  facet normal 0.466462 0.532436 -0.706346
    outer loop
      vertex 38.4925 38.4925 0
      vertex 38.3892 38.583 0
      vertex 39.0582 39.0582 0.799999
    endloop
  endfacet
  facet normal -0.706347 -0.0463351 -0.706348
    outer loop
      vertex 2.41583 4.00853 0.799999
      vertex 2.39999 4.25 0.799999
      vertex 3.20898 4.11295 0
    endloop
  endfacet
  facet normal -0.946933 -0.32143 0
    outer loop
      vertex 2.54082 3.54204 0.799999
      vertex 2.46304 3.77118 2.6
      vertex 2.46304 3.77118 0.799999
    endloop
  endfacet
  facet normal -0.946933 -0.32143 0
    outer loop
      vertex 2.46304 3.77118 2.6
      vertex 2.54082 3.54204 0.799999
      vertex 2.54082 3.54204 2.6
    endloop
  endfacet
  facet normal 0.588626 -0.393178 -0.70635
    outer loop
      vertex 39.2177 3.12379 0.799999
      vertex 38.583 3.61079 0
      vertex 39.3521 3.325 0.799999
    endloop
  endfacet
  facet normal 0.138089 0.694246 -0.706367
    outer loop
      vertex 38.2288 39.537 0.799999
      vertex 37.8871 38.791 0
      vertex 37.9915 39.5842 0.799999
    endloop
  endfacet
  facet normal 0.997867 0.0652849 0
    outer loop
      vertex 39.6 37.75 2.6
      vertex 39.5842 37.9915 0.799999
      vertex 39.5842 37.9915 2.6
    endloop
  endfacet
  facet normal 0.997867 0.0652849 0
    outer loop
      vertex 39.5842 37.9915 0.799999
      vertex 39.6 37.75 2.6
      vertex 39.6 37.75 0.799999
    endloop
  endfacet
  facet normal -0.442514 0.896762 0
    outer loop
      vertex 3.54204 39.4592 0.799999
      vertex 3.325 39.3521 2.6
      vertex 3.54204 39.4592 2.6
    endloop
  endfacet
  facet normal -0.442514 0.896762 0
    outer loop
      vertex 3.325 39.3521 2.6
      vertex 3.54204 39.4592 0.799999
      vertex 3.325 39.3521 0.799999
    endloop
  endfacet
  facet normal 0 -1 0
    outer loop
      vertex 4.25 2.39999 0.799999
      vertex 37.75 2.39999 2.6
      vertex 4.25 2.39999 2.6
    endloop
  endfacet
  facet normal 0 -1 -0
    outer loop
      vertex 37.75 2.39999 2.6
      vertex 4.25 2.39999 0.799999
      vertex 37.75 2.39999 0.799999
    endloop
  endfacet
  facet normal 0.393275 -0.588566 -0.706346
    outer loop
      vertex 38.675 2.64786 0.799999
      vertex 38.3892 3.41698 0
      vertex 38.8762 2.7823 0.799999
    endloop
  endfacet
  facet normal 0.227394 0.670323 -0.706371
    outer loop
      vertex 38.1518 38.7201 0
      vertex 38.0218 38.7642 0
      vertex 38.2288 39.537 0.799999
    endloop
  endfacet
  facet normal 0.659206 -0.751962 0
    outer loop
      vertex 38.8762 2.7823 0.799999
      vertex 39.0582 2.94185 2.6
      vertex 38.8762 2.7823 2.6
    endloop
  endfacet
  facet normal 0.659206 -0.751962 0
    outer loop
      vertex 39.0582 2.94185 2.6
      vertex 38.8762 2.7823 0.799999
      vertex 39.0582 2.94185 0.799999
    endloop
  endfacet
  facet normal -0.466588 0.532322 -0.706349
    outer loop
      vertex 3.50754 38.4925 0
      vertex 2.94185 39.0582 0.799999
      vertex 3.61079 38.583 0
    endloop
  endfacet
  facet normal -0.707102 0 -0.707112
    outer loop
      vertex 2.39999 4.25 0.799999
      vertex 3.2 37.75 0
      vertex 3.2 4.25 0
    endloop
  endfacet
  facet normal -0.707102 0 -0.707112
    outer loop
      vertex 3.2 37.75 0
      vertex 2.39999 4.25 0.799999
      vertex 2.39999 37.75 0.799999
    endloop
  endfacet
  facet normal 0.532322 -0.466588 -0.706349
    outer loop
      vertex 39.0582 2.94185 0.799999
      vertex 38.4925 3.50754 0
      vertex 38.583 3.61079 0
    endloop
  endfacet
  facet normal -0.313119 -0.634845 -0.706348
    outer loop
      vertex 3.84818 3.27992 0
      vertex 3.325 2.64786 0.799999
      vertex 3.72501 3.34067 0
    endloop
  endfacet
  facet normal 0.634761 0.313285 -0.70635
    outer loop
      vertex 39.4592 38.458 0.799999
      vertex 38.7201 38.1518 0
      vertex 39.3521 38.675 0.799999
    endloop
  endfacet
  facet normal -0.831465 0.555577 0
    outer loop
      vertex 2.64786 38.675 0.799999
      vertex 2.7823 38.8762 2.6
      vertex 2.7823 38.8762 0.799999
    endloop
  endfacet
  facet normal -0.831465 0.555577 0
    outer loop
      vertex 2.7823 38.8762 2.6
      vertex 2.64786 38.675 0.799999
      vertex 2.64786 38.675 2.6
    endloop
  endfacet
  facet normal -0.751854 -0.659329 0
    outer loop
      vertex 2.94185 2.94185 0.799999
      vertex 2.7823 3.12379 2.6
      vertex 2.7823 3.12379 0.799999
    endloop
  endfacet
  facet normal -0.751854 -0.659329 0
    outer loop
      vertex 2.7823 3.12379 2.6
      vertex 2.94185 2.94185 0.799999
      vertex 2.94185 2.94185 2.6
    endloop
  endfacet
  facet normal 0.707106 0 -0.707107
    outer loop
      vertex 38.8 4.25 0
      vertex 39.6 37.75 0.799999
      vertex 39.6 4.25 0.799999
    endloop
  endfacet
  facet normal 0.707106 0 -0.707107
    outer loop
      vertex 39.6 37.75 0.799999
      vertex 38.8 4.25 0
      vertex 38.8 37.75 0
    endloop
  endfacet
  facet normal -0.0463853 0.706345 -0.706346
    outer loop
      vertex 4.25 38.8 0
      vertex 4.11295 38.791 0
      vertex 4.25 39.6 0.799999
    endloop
  endfacet
  facet normal 0.313265 0.634774 -0.706348
    outer loop
      vertex 38.275 38.6593 0
      vertex 38.1518 38.7201 0
      vertex 38.675 39.3521 0.799999
    endloop
  endfacet
  facet normal -0.588589 -0.393235 -0.706349
    outer loop
      vertex 3.41698 3.61079 0
      vertex 2.64786 3.325 0.799999
      vertex 3.34067 3.72501 0
    endloop
  endfacet
  facet normal -0.634858 -0.3131 -0.706346
    outer loop
      vertex 2.64786 3.325 0.799999
      vertex 2.54082 3.54204 0.799999
      vertex 3.27992 3.84818 0
    endloop
  endfacet
  facet normal 1 -0 0
    outer loop
      vertex 39.6 4.25 2.6
      vertex 39.6 37.75 0.799999
      vertex 39.6 37.75 2.6
    endloop
  endfacet
  facet normal 1 0 0
    outer loop
      vertex 39.6 37.75 0.799999
      vertex 39.6 4.25 2.6
      vertex 39.6 4.25 0.799999
    endloop
  endfacet
  facet normal 0.466634 -0.53228 -0.706351
    outer loop
      vertex 39.0582 2.94185 0.799999
      vertex 38.3892 3.41698 0
      vertex 38.4925 3.50754 0
    endloop
  endfacet
  facet normal 0.555577 -0.831465 0
    outer loop
      vertex 38.675 2.64786 0.799999
      vertex 38.8762 2.7823 2.6
      vertex 38.675 2.64786 2.6
    endloop
  endfacet
  facet normal 0.555577 -0.831465 0
    outer loop
      vertex 38.8762 2.7823 2.6
      vertex 38.675 2.64786 0.799999
      vertex 38.8762 2.7823 0.799999
    endloop
  endfacet
  facet normal -0.442314 -0.89686 0
    outer loop
      vertex 3.325 2.64786 0.799999
      vertex 3.54204 2.54082 2.6
      vertex 3.325 2.64786 2.6
    endloop
  endfacet
  facet normal -0.442314 -0.89686 -0
    outer loop
      vertex 3.54204 2.54082 2.6
      vertex 3.325 2.64786 0.799999
      vertex 3.54204 2.54082 0.799999
    endloop
  endfacet
  facet normal -0.466717 -0.532213 -0.706346
    outer loop
      vertex 3.12379 2.7823 0.799999
      vertex 2.94185 2.94185 0.799999
      vertex 3.61079 3.41698 0
    endloop
  endfacet
  facet normal -0.0654575 -0.997855 0
    outer loop
      vertex 4.00853 2.41583 0.799999
      vertex 4.25 2.39999 2.6
      vertex 4.00853 2.41583 2.6
    endloop
  endfacet
  facet normal -0.0654575 -0.997855 -0
    outer loop
      vertex 4.25 2.39999 2.6
      vertex 4.00853 2.41583 0.799999
      vertex 4.25 2.39999 0.799999
    endloop
  endfacet
  facet normal 0.0654494 -0.997856 0
    outer loop
      vertex 37.75 2.39999 0.799999
      vertex 37.9915 2.41583 2.6
      vertex 37.75 2.39999 2.6
    endloop
  endfacet
  facet normal 0.0654494 -0.997856 0
    outer loop
      vertex 37.9915 2.41583 2.6
      vertex 37.75 2.39999 0.799999
      vertex 37.9915 2.41583 0.799999
    endloop
  endfacet
  facet normal -0.0652929 0.997866 0
    outer loop
      vertex 4.25 39.6 0.799999
      vertex 4.00853 39.5842 2.6
      vertex 4.25 39.6 2.6
    endloop
  endfacet
  facet normal -0.0652929 0.997866 0
    outer loop
      vertex 4.00853 39.5842 2.6
      vertex 4.25 39.6 0.799999
      vertex 4.00853 39.5842 0.799999
    endloop
  endfacet
  facet normal 0.227474 -0.670314 -0.706353
    outer loop
      vertex 38.2288 2.46304 0.799999
      vertex 38.1518 3.27992 0
      vertex 38.458 2.54082 0.799999
    endloop
  endfacet
  facet normal -0.32143 -0.946933 0
    outer loop
      vertex 3.54204 2.54082 0.799999
      vertex 3.77118 2.46304 2.6
      vertex 3.54204 2.54082 2.6
    endloop
  endfacet
  facet normal -0.32143 -0.946933 -0
    outer loop
      vertex 3.77118 2.46304 2.6
      vertex 3.54204 2.54082 0.799999
      vertex 3.77118 2.46304 0.799999
    endloop
  endfacet
  facet normal -0.706348 0.0463294 -0.706347
    outer loop
      vertex 3.20898 37.8871 0
      vertex 2.39999 37.75 0.799999
      vertex 2.41583 37.9915 0.799999
    endloop
  endfacet
  facet normal -0.393235 -0.588589 -0.706349
    outer loop
      vertex 3.72501 3.34067 0
      vertex 3.325 2.64786 0.799999
      vertex 3.61079 3.41698 0
    endloop
  endfacet
  facet normal -0.706345 0.0462653 -0.706354
    outer loop
      vertex 3.2 37.75 0
      vertex 2.39999 37.75 0.799999
      vertex 3.20898 37.8871 0
    endloop
  endfacet
  facet normal 0.831554 -0.555444 0
    outer loop
      vertex 39.2177 3.12379 2.6
      vertex 39.3521 3.325 0.799999
      vertex 39.3521 3.325 2.6
    endloop
  endfacet
  facet normal 0.831554 -0.555444 0
    outer loop
      vertex 39.3521 3.325 0.799999
      vertex 39.2177 3.12379 2.6
      vertex 39.2177 3.12379 0.799999
    endloop
  endfacet
  facet normal -0.0463351 -0.706347 -0.706348
    outer loop
      vertex 4.25 2.39999 0.799999
      vertex 4.00853 2.41583 0.799999
      vertex 4.11295 3.20898 0
    endloop
  endfacet
  facet normal -0.22753 -0.670302 -0.706346
    outer loop
      vertex 3.77118 2.46304 0.799999
      vertex 3.54204 2.54082 0.799999
      vertex 3.84818 3.27992 0
    endloop
  endfacet
  facet normal 0.0462117 0.706338 -0.706365
    outer loop
      vertex 37.8871 38.791 0
      vertex 37.75 39.6 0.799999
      vertex 37.9915 39.5842 0.799999
    endloop
  endfacet
  facet normal 0.555463 0.831541 -0
    outer loop
      vertex 38.8762 39.2177 0.799999
      vertex 38.675 39.3521 2.6
      vertex 38.8762 39.2177 2.6
    endloop
  endfacet
  facet normal 0.555463 0.831541 0
    outer loop
      vertex 38.675 39.3521 2.6
      vertex 38.8762 39.2177 0.799999
      vertex 38.675 39.3521 0.799999
    endloop
  endfacet
  facet normal 0.313142 -0.634826 -0.706356
    outer loop
      vertex 38.458 2.54082 0.799999
      vertex 38.1518 3.27992 0
      vertex 38.675 2.64786 0.799999
    endloop
  endfacet
  facet normal 0.694231 -0.138114 -0.706376
    outer loop
      vertex 39.537 3.77118 0.799999
      vertex 38.7642 3.97824 0
      vertex 38.791 4.11295 0
    endloop
  endfacet
  facet normal 0.588617 0.393191 -0.70635
    outer loop
      vertex 39.3521 38.675 0.799999
      vertex 38.583 38.3892 0
      vertex 39.2177 38.8762 0.799999
    endloop
  endfacet
  facet normal 0.634774 0.313265 -0.706348
    outer loop
      vertex 38.7201 38.1518 0
      vertex 38.6593 38.275 0
      vertex 39.3521 38.675 0.799999
    endloop
  endfacet
  facet normal -1 0 0
    outer loop
      vertex 2.39999 4.25 0.799999
      vertex 2.39999 37.75 2.6
      vertex 2.39999 37.75 0.799999
    endloop
  endfacet
  facet normal -1 -0 0
    outer loop
      vertex 2.39999 37.75 2.6
      vertex 2.39999 4.25 0.799999
      vertex 2.39999 4.25 2.6
    endloop
  endfacet
  facet normal -0.0462174 0.706336 -0.706366
    outer loop
      vertex 4.11295 38.791 0
      vertex 4.00853 39.5842 0.799999
      vertex 4.25 39.6 0.799999
    endloop
  endfacet
  facet normal -0.227296 0.670343 -0.706382
    outer loop
      vertex 3.84818 38.7201 0
      vertex 3.77118 39.537 0.799999
      vertex 3.97824 38.7642 0
    endloop
  endfacet
  facet normal 0.706345 -0.0463853 -0.706346
    outer loop
      vertex 39.6 4.25 0.799999
      vertex 38.791 4.11295 0
      vertex 38.8 4.25 0
    endloop
  endfacet
  facet normal 0.313059 -0.634879 -0.706344
    outer loop
      vertex 38.675 2.64786 0.799999
      vertex 38.1518 3.27992 0
      vertex 38.275 3.34067 0
    endloop
  endfacet
  facet normal 0.896762 -0.442514 0
    outer loop
      vertex 39.3521 3.325 2.6
      vertex 39.4592 3.54204 0.799999
      vertex 39.4592 3.54204 2.6
    endloop
  endfacet
  facet normal 0.896762 -0.442514 0
    outer loop
      vertex 39.4592 3.54204 0.799999
      vertex 39.3521 3.325 2.6
      vertex 39.3521 3.325 0.799999
    endloop
  endfacet
  facet normal 0.532278 -0.466628 -0.706356
    outer loop
      vertex 39.0582 2.94185 0.799999
      vertex 38.583 3.61079 0
      vertex 39.2177 3.12379 0.799999
    endloop
  endfacet
  facet normal 0.896729 0.442579 0
    outer loop
      vertex 39.4592 38.458 2.6
      vertex 39.3521 38.675 0.799999
      vertex 39.3521 38.675 2.6
    endloop
  endfacet
  facet normal 0.896729 0.442579 0
    outer loop
      vertex 39.3521 38.675 0.799999
      vertex 39.4592 38.458 2.6
      vertex 39.4592 38.458 0.799999
    endloop
  endfacet
  facet normal 0 1 -0
    outer loop
      vertex 37.75 39.6 0.799999
      vertex 4.25 39.6 2.6
      vertex 37.75 39.6 2.6
    endloop
  endfacet
  facet normal 0 1 0
    outer loop
      vertex 4.25 39.6 2.6
      vertex 37.75 39.6 0.799999
      vertex 4.25 39.6 0.799999
    endloop
  endfacet
  facet normal -0.831478 -0.555558 0
    outer loop
      vertex 2.7823 3.12379 0.799999
      vertex 2.64786 3.325 2.6
      vertex 2.64786 3.325 0.799999
    endloop
  endfacet
  facet normal -0.831478 -0.555558 0
    outer loop
      vertex 2.64786 3.325 2.6
      vertex 2.7823 3.12379 0.799999
      vertex 2.7823 3.12379 2.6
    endloop
  endfacet
  facet normal -0.89686 -0.442314 0
    outer loop
      vertex 2.64786 3.325 0.799999
      vertex 2.54082 3.54204 2.6
      vertex 2.54082 3.54204 0.799999
    endloop
  endfacet
  facet normal -0.89686 -0.442314 0
    outer loop
      vertex 2.54082 3.54204 2.6
      vertex 2.64786 3.325 0.799999
      vertex 2.64786 3.325 2.6
    endloop
  endfacet
  facet normal -0.321504 0.946908 0
    outer loop
      vertex 3.77118 39.537 0.799999
      vertex 3.54204 39.4592 2.6
      vertex 3.77118 39.537 2.6
    endloop
  endfacet
  facet normal -0.321504 0.946908 0
    outer loop
      vertex 3.54204 39.4592 2.6
      vertex 3.77118 39.537 0.799999
      vertex 3.54204 39.4592 0.799999
    endloop
  endfacet
  facet normal 0.752065 0.65909 0
    outer loop
      vertex 39.2177 38.8762 2.6
      vertex 39.0582 39.0582 0.799999
      vertex 39.0582 39.0582 2.6
    endloop
  endfacet
  facet normal 0.752065 0.65909 0
    outer loop
      vertex 39.0582 39.0582 0.799999
      vertex 39.2177 38.8762 2.6
      vertex 39.2177 38.8762 0.799999
    endloop
  endfacet
  facet normal -0.555558 -0.831478 0
    outer loop
      vertex 3.12379 2.7823 0.799999
      vertex 3.325 2.64786 2.6
      vertex 3.12379 2.7823 2.6
    endloop
  endfacet
  facet normal -0.555558 -0.831478 -0
    outer loop
      vertex 3.325 2.64786 2.6
      vertex 3.12379 2.7823 0.799999
      vertex 3.325 2.64786 0.799999
    endloop
  endfacet
  facet normal -0.46676 -0.532166 -0.706353
    outer loop
      vertex 3.61079 3.41698 0
      vertex 2.94185 2.94185 0.799999
      vertex 3.50754 3.50754 0
    endloop
  endfacet
  facet normal 0.0463294 -0.706348 -0.706347
    outer loop
      vertex 37.9915 2.41583 0.799999
      vertex 37.75 2.39999 0.799999
      vertex 37.8871 3.20898 0
    endloop
  endfacet
  facet normal 0.831541 0.555463 0
    outer loop
      vertex 39.3521 38.675 2.6
      vertex 39.2177 38.8762 0.799999
      vertex 39.2177 38.8762 2.6
    endloop
  endfacet
  facet normal 0.831541 0.555463 0
    outer loop
      vertex 39.2177 38.8762 0.799999
      vertex 39.3521 38.675 2.6
      vertex 39.3521 38.675 0.799999
    endloop
  endfacet
  facet normal -0.588576 -0.393261 -0.706345
    outer loop
      vertex 2.7823 3.12379 0.799999
      vertex 2.64786 3.325 0.799999
      vertex 3.41698 3.61079 0
    endloop
  endfacet
  facet normal -0.532213 -0.466717 -0.706346
    outer loop
      vertex 2.94185 2.94185 0.799999
      vertex 2.7823 3.12379 0.799999
      vertex 3.41698 3.61079 0
    endloop
  endfacet
  facet normal -0.195083 -0.980787 0
    outer loop
      vertex 3.77118 2.46304 0.799999
      vertex 4.00853 2.41583 2.6
      vertex 3.77118 2.46304 2.6
    endloop
  endfacet
  facet normal -0.195083 -0.980787 -0
    outer loop
      vertex 4.00853 2.41583 2.6
      vertex 3.77118 2.46304 0.799999
      vertex 4.00853 2.41583 0.799999
    endloop
  endfacet
  facet normal -0.997855 -0.0654575 0
    outer loop
      vertex 2.41583 4.00853 0.799999
      vertex 2.39999 4.25 2.6
      vertex 2.39999 4.25 0.799999
    endloop
  endfacet
  facet normal -0.997855 -0.0654575 0
    outer loop
      vertex 2.39999 4.25 2.6
      vertex 2.41583 4.00853 0.799999
      vertex 2.41583 4.00853 2.6
    endloop
  endfacet
  facet normal 0.44238 -0.896828 0
    outer loop
      vertex 38.458 2.54082 0.799999
      vertex 38.675 2.64786 2.6
      vertex 38.458 2.54082 2.6
    endloop
  endfacet
  facet normal 0.44238 -0.896828 0
    outer loop
      vertex 38.675 2.64786 2.6
      vertex 38.458 2.54082 0.799999
      vertex 38.675 2.64786 0.799999
    endloop
  endfacet
  facet normal 0.466538 0.532351 -0.70636
    outer loop
      vertex 39.0582 39.0582 0.799999
      vertex 38.3892 38.583 0
      vertex 38.8762 39.2177 0.799999
    endloop
  endfacet
  facet normal -0.466628 0.532278 -0.706356
    outer loop
      vertex 3.61079 38.583 0
      vertex 2.94185 39.0582 0.799999
      vertex 3.12379 39.2177 0.799999
    endloop
  endfacet
  facet normal -0.555444 0.831554 0
    outer loop
      vertex 3.325 39.3521 0.799999
      vertex 3.12379 39.2177 2.6
      vertex 3.325 39.3521 2.6
    endloop
  endfacet
  facet normal -0.555444 0.831554 0
    outer loop
      vertex 3.12379 39.2177 2.6
      vertex 3.325 39.3521 0.799999
      vertex 3.12379 39.2177 0.799999
    endloop
  endfacet
  facet normal -0.13806 0.694249 -0.706369
    outer loop
      vertex 4.11295 38.791 0
      vertex 3.77118 39.537 0.799999
      vertex 4.00853 39.5842 0.799999
    endloop
  endfacet
  facet normal -0.227581 0.670283 -0.706348
    outer loop
      vertex 3.84818 38.7201 0
      vertex 3.54204 39.4592 0.799999
      vertex 3.77118 39.537 0.799999
    endloop
  endfacet
  facet normal 0.532436 0.466462 -0.706346
    outer loop
      vertex 38.583 38.3892 0
      vertex 38.4925 38.4925 0
      vertex 39.0582 39.0582 0.799999
    endloop
  endfacet
  facet normal -0.980787 -0.195083 0
    outer loop
      vertex 2.46304 3.77118 0.799999
      vertex 2.41583 4.00853 2.6
      vertex 2.41583 4.00853 0.799999
    endloop
  endfacet
  facet normal -0.980787 -0.195083 0
    outer loop
      vertex 2.41583 4.00853 2.6
      vertex 2.46304 3.77118 0.799999
      vertex 2.46304 3.77118 2.6
    endloop
  endfacet
  facet normal 0.532351 0.466538 -0.70636
    outer loop
      vertex 39.2177 38.8762 0.799999
      vertex 38.583 38.3892 0
      vertex 39.0582 39.0582 0.799999
    endloop
  endfacet
  facet normal -0.588561 0.393285 -0.706345
    outer loop
      vertex 3.34067 38.275 0
      vertex 2.64786 38.675 0.799999
      vertex 3.41698 38.3892 0
    endloop
  endfacet
  facet normal 0.0462653 -0.706345 -0.706354
    outer loop
      vertex 37.8871 3.20898 0
      vertex 37.75 2.39999 0.799999
      vertex 37.75 3.2 0
    endloop
  endfacet
  facet normal 0.706336 -0.0462174 -0.706366
    outer loop
      vertex 39.5842 4.00853 0.799999
      vertex 38.791 4.11295 0
      vertex 39.6 4.25 0.799999
    endloop
  endfacet
  facet normal 0.0652849 0.997867 -0
    outer loop
      vertex 37.9915 39.5842 0.799999
      vertex 37.75 39.6 2.6
      vertex 37.9915 39.5842 2.6
    endloop
  endfacet
  facet normal 0.0652849 0.997867 0
    outer loop
      vertex 37.75 39.6 2.6
      vertex 37.9915 39.5842 0.799999
      vertex 37.75 39.6 0.799999
    endloop
  endfacet
  facet normal 0.670295 0.227526 -0.706355
    outer loop
      vertex 39.537 38.2288 0.799999
      vertex 38.7201 38.1518 0
      vertex 39.4592 38.458 0.799999
    endloop
  endfacet
  facet normal -0.588566 0.393275 -0.706346
    outer loop
      vertex 3.41698 38.3892 0
      vertex 2.64786 38.675 0.799999
      vertex 2.7823 38.8762 0.799999
    endloop
  endfacet
  facet normal 0.65909 0.752065 -0
    outer loop
      vertex 39.0582 39.0582 0.799999
      vertex 38.8762 39.2177 2.6
      vertex 39.0582 39.0582 2.6
    endloop
  endfacet
  facet normal 0.65909 0.752065 0
    outer loop
      vertex 38.8762 39.2177 2.6
      vertex 39.0582 39.0582 0.799999
      vertex 38.8762 39.2177 0.799999
    endloop
  endfacet
  facet normal -0.13812 -0.694257 -0.70635
    outer loop
      vertex 4.11295 3.20898 0
      vertex 3.77118 2.46304 0.799999
      vertex 3.97824 3.23578 0
    endloop
  endfacet
  facet normal 0.195123 -0.980779 0
    outer loop
      vertex 37.9915 2.41583 0.799999
      vertex 38.2288 2.46304 2.6
      vertex 37.9915 2.41583 2.6
    endloop
  endfacet
  facet normal 0.195123 -0.980779 0
    outer loop
      vertex 38.2288 2.46304 2.6
      vertex 37.9915 2.41583 0.799999
      vertex 38.2288 2.46304 0.799999
    endloop
  endfacet
  facet normal 0.321355 -0.946959 0
    outer loop
      vertex 38.2288 2.46304 0.799999
      vertex 38.458 2.54082 2.6
      vertex 38.2288 2.46304 2.6
    endloop
  endfacet
  facet normal 0.321355 -0.946959 0
    outer loop
      vertex 38.458 2.54082 2.6
      vertex 38.2288 2.46304 0.799999
      vertex 38.458 2.54082 0.799999
    endloop
  endfacet
  facet normal -0.195043 0.980795 0
    outer loop
      vertex 4.00853 39.5842 0.799999
      vertex 3.77118 39.537 2.6
      vertex 4.00853 39.5842 2.6
    endloop
  endfacet
  facet normal -0.195043 0.980795 0
    outer loop
      vertex 3.77118 39.537 2.6
      vertex 4.00853 39.5842 0.799999
      vertex 3.77118 39.537 0.799999
    endloop
  endfacet
  facet normal -0.694257 -0.13812 -0.70635
    outer loop
      vertex 3.23578 3.97824 0
      vertex 2.46304 3.77118 0.799999
      vertex 3.20898 4.11295 0
    endloop
  endfacet
  facet normal 0.313285 0.634761 -0.70635
    outer loop
      vertex 38.675 39.3521 0.799999
      vertex 38.1518 38.7201 0
      vertex 38.458 39.4592 0.799999
    endloop
  endfacet
  facet normal 0.227526 0.670295 -0.706355
    outer loop
      vertex 38.458 39.4592 0.799999
      vertex 38.1518 38.7201 0
      vertex 38.2288 39.537 0.799999
    endloop
  endfacet
  facet normal 0.670283 -0.227581 -0.706348
    outer loop
      vertex 39.4592 3.54204 0.799999
      vertex 38.7201 3.84818 0
      vertex 39.537 3.77118 0.799999
    endloop
  endfacet
  facet normal 0.13813 -0.69426 -0.706345
    outer loop
      vertex 38.2288 2.46304 0.799999
      vertex 37.8871 3.20898 0
      vertex 38.0218 3.23578 0
    endloop
  endfacet
  facet normal 0.634793 -0.313243 -0.70634
    outer loop
      vertex 39.3521 3.325 0.799999
      vertex 38.7201 3.84818 0
      vertex 39.4592 3.54204 0.799999
    endloop
  endfacet
  facet normal 0.980795 -0.195043 0
    outer loop
      vertex 39.537 3.77118 2.6
      vertex 39.5842 4.00853 0.799999
      vertex 39.5842 4.00853 2.6
    endloop
  endfacet
  facet normal 0.980795 -0.195043 0
    outer loop
      vertex 39.5842 4.00853 0.799999
      vertex 39.537 3.77118 2.6
      vertex 39.537 3.77118 0.799999
    endloop
  endfacet
  facet normal -0.997856 0.0654494 0
    outer loop
      vertex 2.39999 37.75 0.799999
      vertex 2.41583 37.9915 2.6
      vertex 2.41583 37.9915 0.799999
    endloop
  endfacet
  facet normal -0.997856 0.0654494 0
    outer loop
      vertex 2.41583 37.9915 2.6
      vertex 2.39999 37.75 0.799999
      vertex 2.39999 37.75 2.6
    endloop
  endfacet
  facet normal 0.670343 -0.227296 -0.706382
    outer loop
      vertex 39.537 3.77118 0.799999
      vertex 38.7201 3.84818 0
      vertex 38.7642 3.97824 0
    endloop
  endfacet
  facet normal -0.634845 -0.313119 -0.706348
    outer loop
      vertex 3.34067 3.72501 0
      vertex 2.64786 3.325 0.799999
      vertex 3.27992 3.84818 0
    endloop
  endfacet
  facet normal 0.980787 0.195083 0
    outer loop
      vertex 39.5842 37.9915 2.6
      vertex 39.537 38.2288 0.799999
      vertex 39.537 38.2288 2.6
    endloop
  endfacet
  facet normal 0.980787 0.195083 0
    outer loop
      vertex 39.537 38.2288 0.799999
      vertex 39.5842 37.9915 2.6
      vertex 39.5842 37.9915 0.799999
    endloop
  endfacet
  facet normal 0.138121 -0.694263 -0.706344
    outer loop
      vertex 37.9915 2.41583 0.799999
      vertex 37.8871 3.20898 0
      vertex 38.2288 2.46304 0.799999
    endloop
  endfacet
  facet normal -0.694266 -0.138093 -0.706347
    outer loop
      vertex 2.46304 3.77118 0.799999
      vertex 2.41583 4.00853 0.799999
      vertex 3.20898 4.11295 0
    endloop
  endfacet
  facet normal -0.751962 0.659206 0
    outer loop
      vertex 2.7823 38.8762 0.799999
      vertex 2.94185 39.0582 2.6
      vertex 2.94185 39.0582 0.799999
    endloop
  endfacet
  facet normal -0.751962 0.659206 0
    outer loop
      vertex 2.94185 39.0582 2.6
      vertex 2.7823 38.8762 0.799999
      vertex 2.7823 38.8762 2.6
    endloop
  endfacet
  facet normal -0.706344 -0.0462822 -0.706354
    outer loop
      vertex 3.20898 4.11295 0
      vertex 2.39999 4.25 0.799999
      vertex 3.2 4.25 0
    endloop
  endfacet
  facet normal 0.588587 0.39325 -0.706342
    outer loop
      vertex 38.6593 38.275 0
      vertex 38.583 38.3892 0
      vertex 39.3521 38.675 0.799999
    endloop
  endfacet
  facet normal 0.63474 -0.313325 -0.706352
    outer loop
      vertex 39.3521 3.325 0.799999
      vertex 38.6593 3.72501 0
      vertex 38.7201 3.84818 0
    endloop
  endfacet
  facet normal -0.659212 0.751957 0
    outer loop
      vertex 3.12379 39.2177 0.799999
      vertex 2.94185 39.0582 2.6
      vertex 3.12379 39.2177 2.6
    endloop
  endfacet
  facet normal -0.659212 0.751957 0
    outer loop
      vertex 2.94185 39.0582 2.6
      vertex 3.12379 39.2177 0.799999
      vertex 2.94185 39.0582 0.799999
    endloop
  endfacet
  facet normal 0.138125 0.694234 -0.706371
    outer loop
      vertex 38.0218 38.7642 0
      vertex 37.8871 38.791 0
      vertex 38.2288 39.537 0.799999
    endloop
  endfacet
  facet normal 0.588615 -0.3932 -0.706347
    outer loop
      vertex 39.3521 3.325 0.799999
      vertex 38.583 3.61079 0
      vertex 38.6593 3.72501 0
    endloop
  endfacet
  facet normal -0.53228 0.466634 -0.706351
    outer loop
      vertex 3.41698 38.3892 0
      vertex 2.94185 39.0582 0.799999
      vertex 3.50754 38.4925 0
    endloop
  endfacet
  facet normal -0.393178 0.588626 -0.70635
    outer loop
      vertex 3.61079 38.583 0
      vertex 3.12379 39.2177 0.799999
      vertex 3.325 39.3521 0.799999
    endloop
  endfacet
  facet normal -0.138114 0.694231 -0.706376
    outer loop
      vertex 3.97824 38.7642 0
      vertex 3.77118 39.537 0.799999
      vertex 4.11295 38.791 0
    endloop
  endfacet
  facet normal -0.634879 0.313059 -0.706344
    outer loop
      vertex 3.27992 38.1518 0
      vertex 2.64786 38.675 0.799999
      vertex 3.34067 38.275 0
    endloop
  endfacet
  facet normal -0.670314 0.227474 -0.706353
    outer loop
      vertex 3.27992 38.1518 0
      vertex 2.46304 38.2288 0.799999
      vertex 2.54082 38.458 0.799999
    endloop
  endfacet
  facet normal 0.195083 0.980787 -0
    outer loop
      vertex 38.2288 39.537 0.799999
      vertex 37.9915 39.5842 2.6
      vertex 38.2288 39.537 2.6
    endloop
  endfacet
  facet normal 0.195083 0.980787 0
    outer loop
      vertex 37.9915 39.5842 2.6
      vertex 38.2288 39.537 0.799999
      vertex 37.9915 39.5842 0.799999
    endloop
  endfacet
  facet normal 0.670323 0.227394 -0.706371
    outer loop
      vertex 38.7642 38.0218 0
      vertex 38.7201 38.1518 0
      vertex 39.537 38.2288 0.799999
    endloop
  endfacet
  facet normal 0.694249 -0.13806 -0.706369
    outer loop
      vertex 39.537 3.77118 0.799999
      vertex 38.791 4.11295 0
      vertex 39.5842 4.00853 0.799999
    endloop
  endfacet
  facet normal -0.694263 0.138121 -0.706344
    outer loop
      vertex 3.20898 37.8871 0
      vertex 2.41583 37.9915 0.799999
      vertex 2.46304 38.2288 0.799999
    endloop
  endfacet
  facet normal -0.69426 0.13813 -0.706345
    outer loop
      vertex 3.20898 37.8871 0
      vertex 2.46304 38.2288 0.799999
      vertex 3.23578 38.0218 0
    endloop
  endfacet
  facet normal 0.393191 0.588617 -0.70635
    outer loop
      vertex 38.8762 39.2177 0.799999
      vertex 38.3892 38.583 0
      vertex 38.675 39.3521 0.799999
    endloop
  endfacet
  facet normal 0.39325 0.588587 -0.706342
    outer loop
      vertex 38.3892 38.583 0
      vertex 38.275 38.6593 0
      vertex 38.675 39.3521 0.799999
    endloop
  endfacet
  facet normal 0.227589 -0.67029 -0.706339
    outer loop
      vertex 38.2288 2.46304 0.799999
      vertex 38.0218 3.23578 0
      vertex 38.1518 3.27992 0
    endloop
  endfacet
  facet normal -0.980779 0.195123 0
    outer loop
      vertex 2.41583 37.9915 0.799999
      vertex 2.46304 38.2288 2.6
      vertex 2.46304 38.2288 0.799999
    endloop
  endfacet
  facet normal -0.980779 0.195123 0
    outer loop
      vertex 2.46304 38.2288 2.6
      vertex 2.41583 37.9915 0.799999
      vertex 2.41583 37.9915 2.6
    endloop
  endfacet
  facet normal -0.634826 0.313142 -0.706356
    outer loop
      vertex 3.27992 38.1518 0
      vertex 2.54082 38.458 0.799999
      vertex 2.64786 38.675 0.799999
    endloop
  endfacet
  facet normal 0.706338 0.0462117 -0.706365
    outer loop
      vertex 39.6 37.75 0.799999
      vertex 38.791 37.8871 0
      vertex 39.5842 37.9915 0.799999
    endloop
  endfacet
  facet normal -0.67031 -0.227491 -0.706351
    outer loop
      vertex 3.27992 3.84818 0
      vertex 2.46304 3.77118 0.799999
      vertex 3.23578 3.97824 0
    endloop
  endfacet
  facet normal -0.3932 0.588615 -0.706347
    outer loop
      vertex 3.61079 38.583 0
      vertex 3.325 39.3521 0.799999
      vertex 3.72501 38.6593 0
    endloop
  endfacet
  facet normal -0.313325 0.63474 -0.706352
    outer loop
      vertex 3.72501 38.6593 0
      vertex 3.325 39.3521 0.799999
      vertex 3.84818 38.7201 0
    endloop
  endfacet
  facet normal 0.706346 0.0463684 -0.706347
    outer loop
      vertex 38.8 37.75 0
      vertex 38.791 37.8871 0
      vertex 39.6 37.75 0.799999
    endloop
  endfacet
  facet normal 0.321429 0.946934 -0
    outer loop
      vertex 38.458 39.4592 0.799999
      vertex 38.2288 39.537 2.6
      vertex 38.458 39.4592 2.6
    endloop
  endfacet
  facet normal 0.321429 0.946934 0
    outer loop
      vertex 38.2288 39.537 2.6
      vertex 38.458 39.4592 0.799999
      vertex 38.2288 39.537 0.799999
    endloop
  endfacet
  facet normal 0.694234 0.138125 -0.706371
    outer loop
      vertex 38.791 37.8871 0
      vertex 38.7642 38.0218 0
      vertex 39.537 38.2288 0.799999
    endloop
  endfacet
  facet normal 0.946934 0.321429 0
    outer loop
      vertex 39.537 38.2288 2.6
      vertex 39.4592 38.458 0.799999
      vertex 39.4592 38.458 2.6
    endloop
  endfacet
  facet normal 0.946934 0.321429 0
    outer loop
      vertex 39.4592 38.458 0.799999
      vertex 39.537 38.2288 2.6
      vertex 39.537 38.2288 0.799999
    endloop
  endfacet
  facet normal 0.588622 0.393195 -0.706344
    outer loop
      vertex 39.2177 38.8762 2.6
      vertex 40.9161 40.178 4.74
      vertex 39.3521 38.675 2.6
    endloop
  endfacet
  facet normal 0.608306 0.364984 -0.704805
    outer loop
      vertex 40.9161 40.178 4.74
      vertex 39.2177 38.8762 2.6
      vertex 40.9155 40.179 4.74
    endloop
  endfacet
  facet normal -0.634829 0.313143 -0.706352
    outer loop
      vertex 0.794066 39.744 4.74
      vertex 2.64786 38.675 2.6
      vertex 2.54082 38.458 2.6
    endloop
  endfacet
  facet normal -0.63356 0.315513 -0.706437
    outer loop
      vertex 2.64786 38.675 2.6
      vertex 0.794066 39.744 4.74
      vertex 0.794564 39.745 4.74
    endloop
  endfacet
  facet normal 0.138818 -0.694092 -0.706375
    outer loop
      vertex 38.7816 0.395731 4.74
      vertex 38.2288 2.46304 2.6
      vertex 38.7827 0.395951 4.74
    endloop
  endfacet
  facet normal 0.13812 -0.694255 -0.706352
    outer loop
      vertex 38.2288 2.46304 2.6
      vertex 38.7816 0.395731 4.74
      vertex 37.9915 2.41583 2.6
    endloop
  endfacet
  facet normal 0.997861 0.0653646 0
    outer loop
      vertex 41.75 37.75 41.14
      vertex 41.7158 38.2721 4.74
      vertex 41.7158 38.2721 41.14
    endloop
  endfacet
  facet normal 0.997861 0.0653646 0
    outer loop
      vertex 41.7158 38.2721 4.74
      vertex 41.75 37.75 41.14
      vertex 41.75 37.75 4.74
    endloop
  endfacet
  facet normal 0.0653646 0.997861 -0
    outer loop
      vertex 38.2721 41.7158 4.74
      vertex 37.75 41.75 41.14
      vertex 38.2721 41.7158 41.14
    endloop
  endfacet
  facet normal 0.0653646 0.997861 0
    outer loop
      vertex 37.75 41.75 41.14
      vertex 38.2721 41.7158 4.74
      vertex 37.75 41.75 4.74
    endloop
  endfacet
  facet normal 0.751842 0.659343 0
    outer loop
      vertex 40.9234 40.185 41.14
      vertex 40.5784 40.5784 4.74
      vertex 40.5784 40.5784 41.14
    endloop
  endfacet
  facet normal 0.751842 0.659343 0
    outer loop
      vertex 40.5784 40.5784 4.74
      vertex 40.9234 40.185 41.14
      vertex 40.9234 40.185 4.74
    endloop
  endfacet
  facet normal -0.313237 0.634779 -0.706355
    outer loop
      vertex 3.325 39.3521 2.6
      vertex 2.25601 41.2059 4.74
      vertex 3.54204 39.4592 2.6
    endloop
  endfacet
  facet normal -0.314036 0.634352 -0.706385
    outer loop
      vertex 2.25601 41.2059 4.74
      vertex 3.325 39.3521 2.6
      vertex 2.255 41.2054 4.74
    endloop
  endfacet
  facet normal 0.532263 -0.466662 -0.706345
    outer loop
      vertex 40.5714 1.42864 4.74
      vertex 39.0582 2.94185 2.6
      vertex 40.9147 1.8202 4.74
    endloop
  endfacet
  facet normal 0 0.710137 -0.704064
    outer loop
      vertex 37.9915 39.5842 2.6
      vertex 38.2697 41.7059 4.74
      vertex 38.2708 41.7059 4.74
    endloop
  endfacet
  facet normal 0.0462137 0.706368 -0.706335
    outer loop
      vertex 38.2697 41.7059 4.74
      vertex 37.9915 39.5842 2.6
      vertex 37.75 39.6 2.6
    endloop
  endfacet
  facet normal -0.670288 0.227573 -0.706346
    outer loop
      vertex 2.54082 38.458 2.6
      vertex 0.396313 38.7838 4.74
      vertex 0.563728 39.2769 4.74
    endloop
  endfacet
  facet normal -0.707108 0 -0.707105
    outer loop
      vertex 2.39999 4.25 2.6
      vertex 0.26 37.75 4.74
      vertex 2.39999 37.75 2.6
    endloop
  endfacet
  facet normal -0.707108 -0 -0.707105
    outer loop
      vertex 0.26 37.75 4.74
      vertex 2.39999 4.25 2.6
      vertex 0.26 4.25 4.74
    endloop
  endfacet
  facet normal 0.481166 -0.52018 -0.705614
    outer loop
      vertex 38.8762 2.7823 2.6
      vertex 40.1798 1.08526 4.74
      vertex 40.179 1.08452 4.74
    endloop
  endfacet
  facet normal 0.466625 -0.532283 -0.706354
    outer loop
      vertex 40.1798 1.08526 4.74
      vertex 38.8762 2.7823 2.6
      vertex 39.0582 2.94185 2.6
    endloop
  endfacet
  facet normal 0 -0.707108 -0.707105
    outer loop
      vertex 4.25 2.39999 2.6
      vertex 37.75 0.26 4.74
      vertex 4.25 0.26 4.74
    endloop
  endfacet
  facet normal 0 -0.707108 -0.707105
    outer loop
      vertex 37.75 0.26 4.74
      vertex 4.25 2.39999 2.6
      vertex 37.75 2.39999 2.6
    endloop
  endfacet
  facet normal 0.707107 0 -0.707107
    outer loop
      vertex 41.74 4.25 4.74
      vertex 39.6 37.75 2.6
      vertex 41.74 37.75 4.74
    endloop
  endfacet
  facet normal 0.707107 0 -0.707107
    outer loop
      vertex 39.6 37.75 2.6
      vertex 41.74 4.25 4.74
      vertex 39.6 4.25 2.6
    endloop
  endfacet
  facet normal -0.588564 0.393273 -0.706349
    outer loop
      vertex 1.08389 40.178 4.74
      vertex 2.7823 38.8762 2.6
      vertex 2.64786 38.675 2.6
    endloop
  endfacet
  facet normal -0.599548 0.377715 -0.705602
    outer loop
      vertex 2.7823 38.8762 2.6
      vertex 1.08389 40.178 4.74
      vertex 1.08452 40.179 4.74
    endloop
  endfacet
  facet normal 0.321498 0.94691 -0
    outer loop
      vertex 39.2807 41.4455 4.74
      vertex 38.7853 41.6137 41.14
      vertex 39.2807 41.4455 41.14
    endloop
  endfacet
  facet normal 0.321498 0.94691 0
    outer loop
      vertex 38.7853 41.6137 41.14
      vertex 39.2807 41.4455 4.74
      vertex 38.7853 41.6137 4.74
    endloop
  endfacet
  facet normal 0.634352 -0.314036 -0.706385
    outer loop
      vertex 39.3521 3.325 2.6
      vertex 41.2059 2.25601 4.74
      vertex 41.2054 2.255 4.74
    endloop
  endfacet
  facet normal 0.634779 -0.313237 -0.706355
    outer loop
      vertex 41.2059 2.25601 4.74
      vertex 39.3521 3.325 2.6
      vertex 39.4592 3.54204 2.6
    endloop
  endfacet
  facet normal 0.138092 0.694263 -0.706349
    outer loop
      vertex 38.7816 41.6043 4.74
      vertex 37.9915 39.5842 2.6
      vertex 38.2708 41.7059 4.74
    endloop
  endfacet
  facet normal -0.694093 -0.138819 -0.706374
    outer loop
      vertex 0.395731 3.21841 4.74
      vertex 2.46304 3.77118 2.6
      vertex 0.395951 3.21731 4.74
    endloop
  endfacet
  facet normal -0.694263 -0.138092 -0.70635
    outer loop
      vertex 2.46304 3.77118 2.6
      vertex 0.395731 3.21841 4.74
      vertex 2.41583 4.00853 2.6
    endloop
  endfacet
  facet normal 0.442238 0.896898 -0
    outer loop
      vertex 39.75 41.2141 4.74
      vertex 39.2807 41.4455 41.14
      vertex 39.75 41.2141 41.14
    endloop
  endfacet
  facet normal 0.442238 0.896898 0
    outer loop
      vertex 39.2807 41.4455 41.14
      vertex 39.75 41.2141 4.74
      vertex 39.2807 41.4455 4.74
    endloop
  endfacet
  facet normal -0.0463026 -0.70635 -0.706347
    outer loop
      vertex 4.25 0.26 4.74
      vertex 3.73032 0.294066 4.74
      vertex 4.25 2.39999 2.6
    endloop
  endfacet
  facet normal -0.694255 0.13812 -0.706352
    outer loop
      vertex 0.395731 38.7816 4.74
      vertex 2.46304 38.2288 2.6
      vertex 2.41583 37.9915 2.6
    endloop
  endfacet
  facet normal -0.694092 0.138818 -0.706375
    outer loop
      vertex 2.46304 38.2288 2.6
      vertex 0.395731 38.7816 4.74
      vertex 0.395951 38.7827 4.74
    endloop
  endfacet
  facet normal 0.597146 -0.381157 -0.705788
    outer loop
      vertex 39.2177 3.12379 2.6
      vertex 40.9161 1.82198 4.74
      vertex 40.9155 1.82104 4.74
    endloop
  endfacet
  facet normal 0.588631 -0.393181 -0.706345
    outer loop
      vertex 40.9161 1.82198 4.74
      vertex 39.2177 3.12379 2.6
      vertex 39.3521 3.325 2.6
    endloop
  endfacet
  facet normal 0.659343 0.751842 -0
    outer loop
      vertex 40.5784 40.5784 4.74
      vertex 40.185 40.9234 41.14
      vertex 40.5784 40.5784 41.14
    endloop
  endfacet
  facet normal 0.659343 0.751842 0
    outer loop
      vertex 40.185 40.9234 41.14
      vertex 40.5784 40.5784 4.74
      vertex 40.185 40.9234 4.74
    endloop
  endfacet
  facet normal 0.364984 0.608306 -0.704805
    outer loop
      vertex 38.8762 39.2177 2.6
      vertex 40.178 40.9161 4.74
      vertex 40.179 40.9155 4.74
    endloop
  endfacet
  facet normal 0.393195 0.588622 -0.706344
    outer loop
      vertex 40.178 40.9161 4.74
      vertex 38.8762 39.2177 2.6
      vertex 38.675 39.3521 2.6
    endloop
  endfacet
  facet normal 0.313139 0.634841 -0.706343
    outer loop
      vertex 39.744 41.2059 4.74
      vertex 38.458 39.4592 2.6
      vertex 39.2769 41.4363 4.74
    endloop
  endfacet
  facet normal 0.513494 -0.489042 -0.705097
    outer loop
      vertex 40.9147 1.8202 4.74
      vertex 39.2177 3.12379 2.6
      vertex 40.9155 1.82104 4.74
    endloop
  endfacet
  facet normal 0.532284 -0.466633 -0.706348
    outer loop
      vertex 39.2177 3.12379 2.6
      vertex 40.9147 1.8202 4.74
      vertex 39.0582 2.94185 2.6
    endloop
  endfacet
  facet normal 0.466636 0.532289 -0.706342
    outer loop
      vertex 40.5714 40.5714 4.74
      vertex 39.0582 39.0582 2.6
      vertex 40.1798 40.9147 4.74
    endloop
  endfacet
  facet normal 0.694263 0.138092 -0.706349
    outer loop
      vertex 39.537 38.2288 2.6
      vertex 41.6043 38.7816 4.74
      vertex 39.5842 37.9915 2.6
    endloop
  endfacet
  facet normal 0.682206 0.186056 -0.707092
    outer loop
      vertex 41.6043 38.7816 4.74
      vertex 39.537 38.2288 2.6
      vertex 41.604 38.7827 4.74
    endloop
  endfacet
  facet normal 0 0.707107 -0.707107
    outer loop
      vertex 37.75 39.6 2.6
      vertex 4.25 41.74 4.74
      vertex 37.75 41.74 4.74
    endloop
  endfacet
  facet normal 0 0.707107 -0.707107
    outer loop
      vertex 4.25 41.74 4.74
      vertex 37.75 39.6 2.6
      vertex 4.25 39.6 2.6
    endloop
  endfacet
  facet normal 0.393247 0.58858 -0.70635
    outer loop
      vertex 40.178 40.9161 4.74
      vertex 38.675 39.3521 2.6
      vertex 39.745 41.2054 4.74
    endloop
  endfacet
  facet normal -0.670312 0.227473 -0.706355
    outer loop
      vertex 2.46304 38.2288 2.6
      vertex 0.396313 38.7838 4.74
      vertex 2.54082 38.458 2.6
    endloop
  endfacet
  facet normal -0.672197 0.221214 -0.706552
    outer loop
      vertex 0.396313 38.7838 4.74
      vertex 2.46304 38.2288 2.6
      vertex 0.395951 38.7827 4.74
    endloop
  endfacet
  facet normal 0.0463468 0.706347 -0.706347
    outer loop
      vertex 38.2697 41.7059 4.74
      vertex 37.75 39.6 2.6
      vertex 37.75 41.74 4.74
    endloop
  endfacet
  facet normal 0.634754 0.313282 -0.706358
    outer loop
      vertex 39.3521 38.675 2.6
      vertex 41.2059 39.744 4.74
      vertex 39.4592 38.458 2.6
    endloop
  endfacet
  facet normal 0.633023 0.316512 -0.706472
    outer loop
      vertex 41.2059 39.744 4.74
      vertex 39.3521 38.675 2.6
      vertex 41.2054 39.745 4.74
    endloop
  endfacet
  facet normal -0.532283 0.466625 -0.706354
    outer loop
      vertex 2.7823 38.8762 2.6
      vertex 1.08526 40.1798 4.74
      vertex 2.94185 39.0582 2.6
    endloop
  endfacet
  facet normal -0.52018 0.481166 -0.705614
    outer loop
      vertex 1.08526 40.1798 4.74
      vertex 2.7823 38.8762 2.6
      vertex 1.08452 40.179 4.74
    endloop
  endfacet
  facet normal -0.588565 0.393273 -0.706349
    outer loop
      vertex 2.64786 38.675 2.6
      vertex 0.794564 39.745 4.74
      vertex 1.08389 40.178 4.74
    endloop
  endfacet
  facet normal 0.831432 0.555626 0
    outer loop
      vertex 41.2141 39.75 41.14
      vertex 40.9234 40.185 4.74
      vertex 40.9234 40.185 41.14
    endloop
  endfacet
  facet normal 0.831432 0.555626 0
    outer loop
      vertex 40.9234 40.185 4.74
      vertex 41.2141 39.75 41.14
      vertex 41.2141 39.75 4.74
    endloop
  endfacet
  facet normal -0.313075 -0.634868 -0.706347
    outer loop
      vertex 2.7231 0.563728 4.74
      vertex 2.25601 0.794066 4.74
      vertex 3.54204 2.54082 2.6
    endloop
  endfacet
  facet normal -0.227537 0.670298 -0.706348
    outer loop
      vertex 3.54204 39.4592 2.6
      vertex 2.7231 41.4363 4.74
      vertex 3.21624 41.6037 4.74
    endloop
  endfacet
  facet normal -0.694265 -0.138082 -0.706349
    outer loop
      vertex 0.395731 3.21841 4.74
      vertex 0.29414 3.7292 4.74
      vertex 2.41583 4.00853 2.6
    endloop
  endfacet
  facet normal 0.186056 0.682206 -0.707092
    outer loop
      vertex 38.2288 39.537 2.6
      vertex 38.7816 41.6043 4.74
      vertex 38.7827 41.604 4.74
    endloop
  endfacet
  facet normal 0.138092 0.694263 -0.706349
    outer loop
      vertex 38.7816 41.6043 4.74
      vertex 38.2288 39.537 2.6
      vertex 37.9915 39.5842 2.6
    endloop
  endfacet
  facet normal 0.706347 0.0463468 -0.706347
    outer loop
      vertex 41.74 37.75 4.74
      vertex 39.6 37.75 2.6
      vertex 41.7059 38.2697 4.74
    endloop
  endfacet
  facet normal -0.634868 -0.313075 -0.706347
    outer loop
      vertex 0.794066 2.25601 4.74
      vertex 0.563728 2.7231 4.74
      vertex 2.54082 3.54204 2.6
    endloop
  endfacet
  facet normal -0.532232 0.466695 -0.706346
    outer loop
      vertex 2.94185 39.0582 2.6
      vertex 1.08526 40.1798 4.74
      vertex 1.42864 40.5714 4.74
    endloop
  endfacet
  facet normal 0.555626 0.831432 -0
    outer loop
      vertex 40.185 40.9234 4.74
      vertex 39.75 41.2141 41.14
      vertex 40.185 40.9234 41.14
    endloop
  endfacet
  facet normal 0.555626 0.831432 0
    outer loop
      vertex 39.75 41.2141 41.14
      vertex 40.185 40.9234 4.74
      vertex 39.75 41.2141 4.74
    endloop
  endfacet
  facet normal 0.227573 -0.670288 -0.706346
    outer loop
      vertex 38.7838 0.396313 4.74
      vertex 38.458 2.54082 2.6
      vertex 39.2769 0.563728 4.74
    endloop
  endfacet
  facet normal -0.634873 0.313071 -0.706344
    outer loop
      vertex 2.54082 38.458 2.6
      vertex 0.563728 39.2769 4.74
      vertex 0.794066 39.744 4.74
    endloop
  endfacet
  facet normal 0.393273 -0.588565 -0.706349
    outer loop
      vertex 39.745 0.794564 4.74
      vertex 38.675 2.64786 2.6
      vertex 40.178 1.08389 4.74
    endloop
  endfacet
  facet normal 0.682206 0.186056 -0.707092
    outer loop
      vertex 39.537 38.2288 2.6
      vertex 41.6037 38.7838 4.74
      vertex 41.604 38.7827 4.74
    endloop
  endfacet
  facet normal 0.6703 0.227528 -0.706349
    outer loop
      vertex 41.6037 38.7838 4.74
      vertex 39.537 38.2288 2.6
      vertex 39.4592 38.458 2.6
    endloop
  endfacet
  facet normal 0.315513 -0.63356 -0.706437
    outer loop
      vertex 39.744 0.794066 4.74
      vertex 38.675 2.64786 2.6
      vertex 39.745 0.794564 4.74
    endloop
  endfacet
  facet normal 0.313143 -0.634829 -0.706352
    outer loop
      vertex 38.675 2.64786 2.6
      vertex 39.744 0.794066 4.74
      vertex 38.458 2.54082 2.6
    endloop
  endfacet
  facet normal -0.694267 0.13808 -0.706348
    outer loop
      vertex 2.41583 37.9915 2.6
      vertex 0.29414 38.2708 4.74
      vertex 0.395731 38.7816 4.74
    endloop
  endfacet
  facet normal -0.706346 0.0463293 -0.706349
    outer loop
      vertex 0.294066 38.2697 4.74
      vertex 2.41583 37.9915 2.6
      vertex 2.39999 37.75 2.6
    endloop
  endfacet
  facet normal -0.706229 0.04751 -0.706387
    outer loop
      vertex 2.41583 37.9915 2.6
      vertex 0.294066 38.2697 4.74
      vertex 0.29414 38.2708 4.74
    endloop
  endfacet
  facet normal 0.195124 0.980779 -0
    outer loop
      vertex 38.7853 41.6137 4.74
      vertex 38.2721 41.7158 41.14
      vertex 38.7853 41.6137 41.14
    endloop
  endfacet
  facet normal 0.195124 0.980779 0
    outer loop
      vertex 38.2721 41.7158 41.14
      vertex 38.7853 41.6137 4.74
      vertex 38.2721 41.7158 4.74
    endloop
  endfacet
  facet normal 0.532289 0.466636 -0.706342
    outer loop
      vertex 40.9147 40.1798 4.74
      vertex 39.0582 39.0582 2.6
      vertex 40.5714 40.5714 4.74
    endloop
  endfacet
  facet normal 0.502137 0.502137 -0.704071
    outer loop
      vertex 39.2177 38.8762 2.6
      vertex 40.9147 40.1798 4.74
      vertex 40.9155 40.179 4.74
    endloop
  endfacet
  facet normal 0.532356 0.466543 -0.706353
    outer loop
      vertex 40.9147 40.1798 4.74
      vertex 39.2177 38.8762 2.6
      vertex 39.0582 39.0582 2.6
    endloop
  endfacet
  facet normal -0.138094 0.694262 -0.70635
    outer loop
      vertex 4.00853 39.5842 2.6
      vertex 3.21841 41.6043 4.74
      vertex 3.7292 41.7059 4.74
    endloop
  endfacet
  facet normal -0.0462194 0.706367 -0.706335
    outer loop
      vertex 4.00853 39.5842 2.6
      vertex 3.73032 41.7059 4.74
      vertex 4.25 39.6 2.6
    endloop
  endfacet
  facet normal 0 0.710137 -0.704064
    outer loop
      vertex 3.73032 41.7059 4.74
      vertex 4.00853 39.5842 2.6
      vertex 3.7292 41.7059 4.74
    endloop
  endfacet
  facet normal -0.227556 -0.670292 -0.706348
    outer loop
      vertex 3.21624 0.396313 4.74
      vertex 2.7231 0.563728 4.74
      vertex 3.54204 2.54082 2.6
    endloop
  endfacet
  facet normal -0.53221 -0.466715 -0.706349
    outer loop
      vertex 1.08526 1.8202 4.74
      vertex 2.7823 3.12379 2.6
      vertex 2.94185 2.94185 2.6
    endloop
  endfacet
  facet normal -0.531191 -0.467954 -0.706296
    outer loop
      vertex 2.7823 3.12379 2.6
      vertex 1.08526 1.8202 4.74
      vertex 1.08452 1.82104 4.74
    endloop
  endfacet
  facet normal 0.670298 -0.227537 -0.706348
    outer loop
      vertex 41.4363 2.7231 4.74
      vertex 39.4592 3.54204 2.6
      vertex 41.6037 3.21624 4.74
    endloop
  endfacet
  facet normal -0.0463486 0.706347 -0.706347
    outer loop
      vertex 4.25 39.6 2.6
      vertex 3.73032 41.7059 4.74
      vertex 4.25 41.74 4.74
    endloop
  endfacet
  facet normal -0.313144 0.634836 -0.706346
    outer loop
      vertex 3.54204 39.4592 2.6
      vertex 2.25601 41.2059 4.74
      vertex 2.7231 41.4363 4.74
    endloop
  endfacet
  facet normal 0.980779 0.195124 0
    outer loop
      vertex 41.7158 38.2721 41.14
      vertex 41.6137 38.7853 4.74
      vertex 41.6137 38.7853 41.14
    endloop
  endfacet
  facet normal 0.980779 0.195124 0
    outer loop
      vertex 41.6137 38.7853 4.74
      vertex 41.7158 38.2721 41.14
      vertex 41.7158 38.2721 4.74
    endloop
  endfacet
  facet normal -0.393181 0.588631 -0.706345
    outer loop
      vertex 3.12379 39.2177 2.6
      vertex 1.82198 40.9161 4.74
      vertex 3.325 39.3521 2.6
    endloop
  endfacet
  facet normal -0.381157 0.597146 -0.705788
    outer loop
      vertex 1.82198 40.9161 4.74
      vertex 3.12379 39.2177 2.6
      vertex 1.82104 40.9155 4.74
    endloop
  endfacet
  facet normal -0.466662 0.532263 -0.706345
    outer loop
      vertex 2.94185 39.0582 2.6
      vertex 1.42864 40.5714 4.74
      vertex 1.8202 40.9147 4.74
    endloop
  endfacet
  facet normal -0.70635 0.0463008 -0.706347
    outer loop
      vertex 2.39999 37.75 2.6
      vertex 0.26 37.75 4.74
      vertex 0.294066 38.2697 4.74
    endloop
  endfacet
  facet normal -0.227583 0.670287 -0.706344
    outer loop
      vertex 3.21624 41.6037 4.74
      vertex 3.77118 39.537 2.6
      vertex 3.54204 39.4592 2.6
    endloop
  endfacet
  facet normal -0.190903 0.680888 -0.70707
    outer loop
      vertex 3.77118 39.537 2.6
      vertex 3.21624 41.6037 4.74
      vertex 3.21731 41.604 4.74
    endloop
  endfacet
  facet normal 0.670294 0.227555 -0.706347
    outer loop
      vertex 41.6037 38.7838 4.74
      vertex 39.4592 38.458 2.6
      vertex 41.4363 39.2769 4.74
    endloop
  endfacet
  facet normal 0.634841 0.313139 -0.706343
    outer loop
      vertex 41.4363 39.2769 4.74
      vertex 39.4592 38.458 2.6
      vertex 41.2059 39.744 4.74
    endloop
  endfacet
  facet normal 0.896898 0.442238 0
    outer loop
      vertex 41.4455 39.2807 41.14
      vertex 41.2141 39.75 4.74
      vertex 41.2141 39.75 41.14
    endloop
  endfacet
  facet normal 0.896898 0.442238 0
    outer loop
      vertex 41.2141 39.75 4.74
      vertex 41.4455 39.2807 41.14
      vertex 41.4455 39.2807 4.74
    endloop
  endfacet
  facet normal 0.634836 -0.313144 -0.706346
    outer loop
      vertex 41.2059 2.25601 4.74
      vertex 39.4592 3.54204 2.6
      vertex 41.4363 2.7231 4.74
    endloop
  endfacet
  facet normal 0.466543 0.532356 -0.706353
    outer loop
      vertex 38.8762 39.2177 2.6
      vertex 40.1798 40.9147 4.74
      vertex 39.0582 39.0582 2.6
    endloop
  endfacet
  facet normal 0.502137 0.502137 -0.704071
    outer loop
      vertex 40.1798 40.9147 4.74
      vertex 38.8762 39.2177 2.6
      vertex 40.179 40.9155 4.74
    endloop
  endfacet
  facet normal 0.706368 0.0462137 -0.706335
    outer loop
      vertex 39.5842 37.9915 2.6
      vertex 41.7059 38.2697 4.74
      vertex 39.6 37.75 2.6
    endloop
  endfacet
  facet normal 0.710137 0 -0.704064
    outer loop
      vertex 41.7059 38.2697 4.74
      vertex 39.5842 37.9915 2.6
      vertex 41.7059 38.2708 4.74
    endloop
  endfacet
  facet normal 0.680888 -0.190903 -0.70707
    outer loop
      vertex 41.6037 3.21624 4.74
      vertex 39.537 3.77118 2.6
      vertex 41.604 3.21731 4.74
    endloop
  endfacet
  facet normal 0.670287 -0.227583 -0.706344
    outer loop
      vertex 39.537 3.77118 2.6
      vertex 41.6037 3.21624 4.74
      vertex 39.4592 3.54204 2.6
    endloop
  endfacet
  facet normal -0.138082 -0.694265 -0.706349
    outer loop
      vertex 3.7292 0.29414 4.74
      vertex 3.21841 0.395731 4.74
      vertex 4.00853 2.41583 2.6
    endloop
  endfacet
  facet normal 0.0463008 -0.70635 -0.706347
    outer loop
      vertex 38.2697 0.294066 4.74
      vertex 37.75 0.26 4.74
      vertex 37.75 2.39999 2.6
    endloop
  endfacet
  facet normal 0.694263 0.138092 -0.706349
    outer loop
      vertex 41.7059 38.2708 4.74
      vertex 39.5842 37.9915 2.6
      vertex 41.6043 38.7816 4.74
    endloop
  endfacet
  facet normal 0.04751 -0.706229 -0.706387
    outer loop
      vertex 38.2697 0.294066 4.74
      vertex 37.9915 2.41583 2.6
      vertex 38.2708 0.29414 4.74
    endloop
  endfacet
  facet normal 0.0463293 -0.706346 -0.706349
    outer loop
      vertex 37.9915 2.41583 2.6
      vertex 38.2697 0.294066 4.74
      vertex 37.75 2.39999 2.6
    endloop
  endfacet
  facet normal -0.39326 -0.588573 -0.706349
    outer loop
      vertex 2.255 0.794564 4.74
      vertex 1.82198 1.08389 4.74
      vertex 3.325 2.64786 2.6
    endloop
  endfacet
  facet normal -0.634884 -0.313042 -0.706347
    outer loop
      vertex 0.794066 2.25601 4.74
      vertex 2.64786 3.325 2.6
      vertex 0.794564 2.255 4.74
    endloop
  endfacet
  facet normal -0.634854 -0.313098 -0.706349
    outer loop
      vertex 2.64786 3.325 2.6
      vertex 0.794066 2.25601 4.74
      vertex 2.54082 3.54204 2.6
    endloop
  endfacet
  facet normal -0.466633 0.532284 -0.706348
    outer loop
      vertex 1.8202 40.9147 4.74
      vertex 3.12379 39.2177 2.6
      vertex 2.94185 39.0582 2.6
    endloop
  endfacet
  facet normal -0.489042 0.513494 -0.705097
    outer loop
      vertex 3.12379 39.2177 2.6
      vertex 1.8202 40.9147 4.74
      vertex 1.82104 40.9155 4.74
    endloop
  endfacet
  facet normal 0.227555 0.670294 -0.706347
    outer loop
      vertex 39.2769 41.4363 4.74
      vertex 38.458 39.4592 2.6
      vertex 38.7838 41.6037 4.74
    endloop
  endfacet
  facet normal 0.58858 0.393247 -0.70635
    outer loop
      vertex 41.2054 39.745 4.74
      vertex 39.3521 38.675 2.6
      vertex 40.9161 40.178 4.74
    endloop
  endfacet
  facet normal -0.670292 -0.227556 -0.706348
    outer loop
      vertex 0.563728 2.7231 4.74
      vertex 0.396313 3.21624 4.74
      vertex 2.54082 3.54204 2.6
    endloop
  endfacet
  facet normal 0.94691 0.321498 0
    outer loop
      vertex 41.6137 38.7853 41.14
      vertex 41.4455 39.2807 4.74
      vertex 41.4455 39.2807 41.14
    endloop
  endfacet
  facet normal 0.94691 0.321498 0
    outer loop
      vertex 41.4455 39.2807 4.74
      vertex 41.6137 38.7853 41.14
      vertex 41.6137 38.7853 4.74
    endloop
  endfacet
  facet normal 0.710137 0 -0.704064
    outer loop
      vertex 39.5842 4.00853 2.6
      vertex 41.7059 3.73032 4.74
      vertex 41.7059 3.7292 4.74
    endloop
  endfacet
  facet normal 0.706367 -0.0462194 -0.706335
    outer loop
      vertex 41.7059 3.73032 4.74
      vertex 39.5842 4.00853 2.6
      vertex 39.6 4.25 2.6
    endloop
  endfacet
  facet normal -0.670299 -0.227528 -0.70635
    outer loop
      vertex 0.396313 3.21624 4.74
      vertex 2.46304 3.77118 2.6
      vertex 2.54082 3.54204 2.6
    endloop
  endfacet
  facet normal -0.670506 -0.226844 -0.706373
    outer loop
      vertex 2.46304 3.77118 2.6
      vertex 0.396313 3.21624 4.74
      vertex 0.395951 3.21731 4.74
    endloop
  endfacet
  facet normal 0.316512 0.633023 -0.706472
    outer loop
      vertex 38.675 39.3521 2.6
      vertex 39.744 41.2059 4.74
      vertex 39.745 41.2054 4.74
    endloop
  endfacet
  facet normal 0.313282 0.634754 -0.706358
    outer loop
      vertex 39.744 41.2059 4.74
      vertex 38.675 39.3521 2.6
      vertex 38.458 39.4592 2.6
    endloop
  endfacet
  facet normal 0.706347 -0.0463486 -0.706347
    outer loop
      vertex 41.7059 3.73032 4.74
      vertex 39.6 4.25 2.6
      vertex 41.74 4.25 4.74
    endloop
  endfacet
  facet normal -0.138064 0.694271 -0.706347
    outer loop
      vertex 3.77118 39.537 2.6
      vertex 3.21841 41.6043 4.74
      vertex 4.00853 39.5842 2.6
    endloop
  endfacet
  facet normal -0.186056 0.682207 -0.70709
    outer loop
      vertex 3.21841 41.6043 4.74
      vertex 3.77118 39.537 2.6
      vertex 3.21731 41.604 4.74
    endloop
  endfacet
  facet normal -0.70635 -0.0463026 -0.706347
    outer loop
      vertex 0.294066 3.73032 4.74
      vertex 0.26 4.25 4.74
      vertex 2.39999 4.25 2.6
    endloop
  endfacet
  facet normal -0.393234 0.588588 -0.706351
    outer loop
      vertex 3.325 39.3521 2.6
      vertex 1.82198 40.9161 4.74
      vertex 2.255 41.2054 4.74
    endloop
  endfacet
  facet normal -0.467954 -0.531191 -0.706296
    outer loop
      vertex 1.8202 1.08526 4.74
      vertex 3.12379 2.7823 2.6
      vertex 1.82104 1.08452 4.74
    endloop
  endfacet
  facet normal -0.466715 -0.53221 -0.706349
    outer loop
      vertex 3.12379 2.7823 2.6
      vertex 1.8202 1.08526 4.74
      vertex 2.94185 2.94185 2.6
    endloop
  endfacet
  facet normal -0.393259 -0.588573 -0.706349
    outer loop
      vertex 1.82198 1.08389 4.74
      vertex 3.12379 2.7823 2.6
      vertex 3.325 2.64786 2.6
    endloop
  endfacet
  facet normal -0.394077 -0.587987 -0.706381
    outer loop
      vertex 3.12379 2.7823 2.6
      vertex 1.82198 1.08389 4.74
      vertex 1.82104 1.08452 4.74
    endloop
  endfacet
  facet normal 0.466695 -0.532232 -0.706346
    outer loop
      vertex 40.1798 1.08526 4.74
      vertex 39.0582 2.94185 2.6
      vertex 40.5714 1.42864 4.74
    endloop
  endfacet
  facet normal 0.221214 -0.672197 -0.706552
    outer loop
      vertex 38.2288 2.46304 2.6
      vertex 38.7838 0.396313 4.74
      vertex 38.7827 0.395951 4.74
    endloop
  endfacet
  facet normal 0.227473 -0.670312 -0.706355
    outer loop
      vertex 38.7838 0.396313 4.74
      vertex 38.2288 2.46304 2.6
      vertex 38.458 2.54082 2.6
    endloop
  endfacet
  facet normal 0.13808 -0.694267 -0.706348
    outer loop
      vertex 38.2708 0.29414 4.74
      vertex 37.9915 2.41583 2.6
      vertex 38.7816 0.395731 4.74
    endloop
  endfacet
  facet normal -0.138092 -0.694263 -0.70635
    outer loop
      vertex 3.21841 0.395731 4.74
      vertex 3.77118 2.46304 2.6
      vertex 4.00853 2.41583 2.6
    endloop
  endfacet
  facet normal -0.138819 -0.694093 -0.706374
    outer loop
      vertex 3.77118 2.46304 2.6
      vertex 3.21841 0.395731 4.74
      vertex 3.21731 0.395951 4.74
    endloop
  endfacet
  facet normal -0.226844 -0.670506 -0.706373
    outer loop
      vertex 3.21624 0.396313 4.74
      vertex 3.77118 2.46304 2.6
      vertex 3.21731 0.395951 4.74
    endloop
  endfacet
  facet normal -0.227528 -0.670299 -0.70635
    outer loop
      vertex 3.77118 2.46304 2.6
      vertex 3.21624 0.396313 4.74
      vertex 3.54204 2.54082 2.6
    endloop
  endfacet
  facet normal -0.706312 -0.0466671 -0.70636
    outer loop
      vertex 0.294066 3.73032 4.74
      vertex 2.41583 4.00853 2.6
      vertex 0.29414 3.7292 4.74
    endloop
  endfacet
  facet normal -0.706345 -0.046335 -0.70635
    outer loop
      vertex 2.41583 4.00853 2.6
      vertex 0.294066 3.73032 4.74
      vertex 2.39999 4.25 2.6
    endloop
  endfacet
  facet normal 0.588588 -0.393234 -0.706351
    outer loop
      vertex 40.9161 1.82198 4.74
      vertex 39.3521 3.325 2.6
      vertex 41.2054 2.255 4.74
    endloop
  endfacet
  facet normal 0.227528 0.6703 -0.706349
    outer loop
      vertex 38.2288 39.537 2.6
      vertex 38.7838 41.6037 4.74
      vertex 38.458 39.4592 2.6
    endloop
  endfacet
  facet normal 0.186056 0.682206 -0.707092
    outer loop
      vertex 38.7838 41.6037 4.74
      vertex 38.2288 39.537 2.6
      vertex 38.7827 41.604 4.74
    endloop
  endfacet
  facet normal -0.313098 -0.634854 -0.706349
    outer loop
      vertex 2.25601 0.794066 4.74
      vertex 3.325 2.64786 2.6
      vertex 3.54204 2.54082 2.6
    endloop
  endfacet
  facet normal -0.313042 -0.634884 -0.706347
    outer loop
      vertex 3.325 2.64786 2.6
      vertex 2.25601 0.794066 4.74
      vertex 2.255 0.794564 4.74
    endloop
  endfacet
  facet normal 0.377715 -0.599548 -0.705602
    outer loop
      vertex 40.178 1.08389 4.74
      vertex 38.8762 2.7823 2.6
      vertex 40.179 1.08452 4.74
    endloop
  endfacet
  facet normal 0.393273 -0.588564 -0.706349
    outer loop
      vertex 38.8762 2.7823 2.6
      vertex 40.178 1.08389 4.74
      vertex 38.675 2.64786 2.6
    endloop
  endfacet
  facet normal 0.313071 -0.634873 -0.706344
    outer loop
      vertex 39.2769 0.563728 4.74
      vertex 38.458 2.54082 2.6
      vertex 39.744 0.794066 4.74
    endloop
  endfacet
  facet normal -0.532206 -0.46672 -0.706349
    outer loop
      vertex 1.42864 1.42864 4.74
      vertex 1.08526 1.8202 4.74
      vertex 2.94185 2.94185 2.6
    endloop
  endfacet
  facet normal -0.46672 -0.532206 -0.706349
    outer loop
      vertex 1.8202 1.08526 4.74
      vertex 1.42864 1.42864 4.74
      vertex 2.94185 2.94185 2.6
    endloop
  endfacet
  facet normal 0.682207 -0.186056 -0.70709
    outer loop
      vertex 39.537 3.77118 2.6
      vertex 41.6043 3.21841 4.74
      vertex 41.604 3.21731 4.74
    endloop
  endfacet
  facet normal 0.694271 -0.138064 -0.706347
    outer loop
      vertex 41.6043 3.21841 4.74
      vertex 39.537 3.77118 2.6
      vertex 39.5842 4.00853 2.6
    endloop
  endfacet
  facet normal 0.694262 -0.138094 -0.70635
    outer loop
      vertex 41.6043 3.21841 4.74
      vertex 39.5842 4.00853 2.6
      vertex 41.7059 3.7292 4.74
    endloop
  endfacet
  facet normal -0.046335 -0.706345 -0.70635
    outer loop
      vertex 3.73032 0.294066 4.74
      vertex 4.00853 2.41583 2.6
      vertex 4.25 2.39999 2.6
    endloop
  endfacet
  facet normal -0.0466671 -0.706312 -0.70636
    outer loop
      vertex 4.00853 2.41583 2.6
      vertex 3.73032 0.294066 4.74
      vertex 3.7292 0.29414 4.74
    endloop
  endfacet
  facet normal -0.588573 -0.39326 -0.706349
    outer loop
      vertex 1.08389 1.82198 4.74
      vertex 0.794564 2.255 4.74
      vertex 2.64786 3.325 2.6
    endloop
  endfacet
  facet normal -0.587987 -0.394077 -0.706381
    outer loop
      vertex 1.08389 1.82198 4.74
      vertex 2.7823 3.12379 2.6
      vertex 1.08452 1.82104 4.74
    endloop
  endfacet
  facet normal -0.588573 -0.393259 -0.706349
    outer loop
      vertex 2.7823 3.12379 2.6
      vertex 1.08389 1.82198 4.74
      vertex 2.64786 3.325 2.6
    endloop
  endfacet
  facet normal 0 0 -1
    outer loop
      vertex 0.794066 -2.25601 4.74
      vertex -0.794066 -2.25601 4.74
      vertex 0.794564 -2.255 4.74
    endloop
  endfacet
  facet normal 0 0 -1
    outer loop
      vertex 0.563728 2.7231 4.74
      vertex -0.294066 3.73032 4.74
      vertex -0.26 4.25 4.74
    endloop
  endfacet
  facet normal 0 0 -1
    outer loop
      vertex -0.794564 -2.255 4.74
      vertex 0.794564 -2.255 4.74
      vertex -0.794066 -2.25601 4.74
    endloop
  endfacet
  facet normal 0 0 -1
    outer loop
      vertex 0.563728 2.7231 4.74
      vertex -0.29414 3.7292 4.74
      vertex -0.294066 3.73032 4.74
    endloop
  endfacet
  facet normal 0 0 -1
    outer loop
      vertex 0.794564 -2.255 4.74
      vertex -0.794564 -2.255 4.74
      vertex 1.08389 -1.82198 4.74
    endloop
  endfacet
  facet normal 0 0 -1
    outer loop
      vertex 0.563728 2.7231 4.74
      vertex -0.395731 3.21841 4.74
      vertex -0.29414 3.7292 4.74
    endloop
  endfacet
  facet normal 0 0 -1
    outer loop
      vertex -1.08389 -1.82198 4.74
      vertex 1.08389 -1.82198 4.74
      vertex -0.794564 -2.255 4.74
    endloop
  endfacet
  facet normal 0 0 -1
    outer loop
      vertex 0.563728 2.7231 4.74
      vertex -0.395951 3.21731 4.74
      vertex -0.395731 3.21841 4.74
    endloop
  endfacet
  facet normal 0 0 -1
    outer loop
      vertex -1.08452 -1.82104 4.74
      vertex 1.08389 -1.82198 4.74
      vertex -1.08389 -1.82198 4.74
    endloop
  endfacet
  facet normal 0 0 -1
    outer loop
      vertex 0.563728 2.7231 4.74
      vertex -0.396313 3.21624 4.74
      vertex -0.395951 3.21731 4.74
    endloop
  endfacet
  facet normal 0 0 -1
    outer loop
      vertex -1.08526 -1.8202 4.74
      vertex 1.08389 -1.82198 4.74
      vertex -1.08452 -1.82104 4.74
    endloop
  endfacet
  facet normal 0 0 -1
    outer loop
      vertex 0.563728 2.7231 4.74
      vertex -0.563728 2.7231 4.74
      vertex -0.396313 3.21624 4.74
    endloop
  endfacet
  facet normal 0 0 -1
    outer loop
      vertex -1.42864 -1.42864 4.74
      vertex 1.08389 -1.82198 4.74
      vertex -1.08526 -1.8202 4.74
    endloop
  endfacet
  facet normal -0 0 -1
    outer loop
      vertex 0.563728 2.7231 4.74
      vertex -0.794066 2.25601 4.74
      vertex -0.563728 2.7231 4.74
    endloop
  endfacet
  facet normal 0 0 -1
    outer loop
      vertex 1.08389 -1.82198 4.74
      vertex -1.42864 -1.42864 4.74
      vertex 1.08389 1.82198 4.74
    endloop
  endfacet
  facet normal 0 0 -1
    outer loop
      vertex 0.794066 2.25601 4.74
      vertex -0.794066 2.25601 4.74
      vertex 0.563728 2.7231 4.74
    endloop
  endfacet
  facet normal 0 0 -1
    outer loop
      vertex -1.42864 1.42864 4.74
      vertex 1.08389 1.82198 4.74
      vertex -1.42864 -1.42864 4.74
    endloop
  endfacet
  facet normal 0 -0 -1
    outer loop
      vertex -0.794066 2.25601 4.74
      vertex 0.794066 2.25601 4.74
      vertex -0.794564 2.255 4.74
    endloop
  endfacet
  facet normal 0 -0 -1
    outer loop
      vertex -0.794564 2.255 4.74
      vertex 0.794564 2.255 4.74
      vertex -1.08389 1.82198 4.74
    endloop
  endfacet
  facet normal 0 0 -1
    outer loop
      vertex 0.794564 2.255 4.74
      vertex -0.794564 2.255 4.74
      vertex 0.794066 2.25601 4.74
    endloop
  endfacet
  facet normal 0 -0 -1
    outer loop
      vertex -1.08526 1.8202 4.74
      vertex 1.08389 1.82198 4.74
      vertex -1.42864 1.42864 4.74
    endloop
  endfacet
  facet normal 0 0 -1
    outer loop
      vertex 1.08389 1.82198 4.74
      vertex -1.08389 1.82198 4.74
      vertex 0.794564 2.255 4.74
    endloop
  endfacet
  facet normal 0 -0 -1
    outer loop
      vertex -1.08452 1.82104 4.74
      vertex 1.08389 1.82198 4.74
      vertex -1.08526 1.8202 4.74
    endloop
  endfacet
  facet normal 0 -0 -1
    outer loop
      vertex -1.08389 1.82198 4.74
      vertex 1.08389 1.82198 4.74
      vertex -1.08452 1.82104 4.74
    endloop
  endfacet
  facet normal 0 0 -1
    outer loop
      vertex -1.8202 -1.08526 4.74
      vertex -1.42864 1.42864 4.74
      vertex -1.42864 -1.42864 4.74
    endloop
  endfacet
  facet normal 0 0 -1
    outer loop
      vertex -1.8202 -1.08526 4.74
      vertex -1.8202 1.08526 4.74
      vertex -1.42864 1.42864 4.74
    endloop
  endfacet
  facet normal 0 0 -1
    outer loop
      vertex -1.82104 -1.08452 4.74
      vertex -1.8202 1.08526 4.74
      vertex -1.8202 -1.08526 4.74
    endloop
  endfacet
  facet normal 0 0 -1
    outer loop
      vertex -1.82104 -1.08452 4.74
      vertex -1.82104 1.08452 4.74
      vertex -1.8202 1.08526 4.74
    endloop
  endfacet
  facet normal 0 0 -1
    outer loop
      vertex -1.82198 -1.08389 4.74
      vertex -1.82104 1.08452 4.74
      vertex -1.82104 -1.08452 4.74
    endloop
  endfacet
  facet normal 0 0 -1
    outer loop
      vertex -1.82198 -1.08389 4.74
      vertex -1.82198 1.08389 4.74
      vertex -1.82104 1.08452 4.74
    endloop
  endfacet
  facet normal 0 0 -1
    outer loop
      vertex -2.255 -0.794564 4.74
      vertex -1.82198 1.08389 4.74
      vertex -1.82198 -1.08389 4.74
    endloop
  endfacet
  facet normal 0 0 -1
    outer loop
      vertex -2.255 -0.794564 4.74
      vertex -2.255 0.794564 4.74
      vertex -1.82198 1.08389 4.74
    endloop
  endfacet
  facet normal 0 0 -1
    outer loop
      vertex -2.25601 -0.794066 4.74
      vertex -2.255 0.794564 4.74
      vertex -2.255 -0.794564 4.74
    endloop
  endfacet
  facet normal 0 0 -1
    outer loop
      vertex -2.25601 -0.794066 4.74
      vertex -2.25601 0.794066 4.74
      vertex -2.255 0.794564 4.74
    endloop
  endfacet
  facet normal 0 0 -1
    outer loop
      vertex -2.7231 -0.563728 4.74
      vertex -2.25601 0.794066 4.74
      vertex -2.25601 -0.794066 4.74
    endloop
  endfacet
  facet normal 0 0 -1
    outer loop
      vertex -2.7231 -0.563728 4.74
      vertex -2.7231 0.563728 4.74
      vertex -2.25601 0.794066 4.74
    endloop
  endfacet
  facet normal 0 0 -1
    outer loop
      vertex -3.21624 -0.396313 4.74
      vertex -2.7231 0.563728 4.74
      vertex -2.7231 -0.563728 4.74
    endloop
  endfacet
  facet normal 0 0 -1
    outer loop
      vertex -3.21624 -0.396313 4.74
      vertex -3.21624 0.396313 4.74
      vertex -2.7231 0.563728 4.74
    endloop
  endfacet
  facet normal 0 0 -1
    outer loop
      vertex -3.21731 -0.395951 4.74
      vertex -3.21624 0.396313 4.74
      vertex -3.21624 -0.396313 4.74
    endloop
  endfacet
  facet normal 0 0 -1
    outer loop
      vertex -3.21731 -0.395951 4.74
      vertex -3.21731 0.395951 4.74
      vertex -3.21624 0.396313 4.74
    endloop
  endfacet
  facet normal 0 0 -1
    outer loop
      vertex -3.21841 -0.395731 4.74
      vertex -3.21731 0.395951 4.74
      vertex -3.21731 -0.395951 4.74
    endloop
  endfacet
  facet normal 0 0 -1
    outer loop
      vertex -3.21841 -0.395731 4.74
      vertex -3.21841 0.395731 4.74
      vertex -3.21731 0.395951 4.74
    endloop
  endfacet
  facet normal 0 0 -1
    outer loop
      vertex -3.7292 -0.29414 4.74
      vertex -3.21841 0.395731 4.74
      vertex -3.21841 -0.395731 4.74
    endloop
  endfacet
  facet normal 0 0 -1
    outer loop
      vertex -3.7292 -0.29414 4.74
      vertex -3.7292 0.29414 4.74
      vertex -3.21841 0.395731 4.74
    endloop
  endfacet
  facet normal 0 0 -1
    outer loop
      vertex -3.73032 -0.294066 4.74
      vertex -3.7292 0.29414 4.74
      vertex -3.7292 -0.29414 4.74
    endloop
  endfacet
  facet normal 0 0 -1
    outer loop
      vertex -3.73032 -0.294066 4.74
      vertex -3.73032 0.294066 4.74
      vertex -3.7292 0.29414 4.74
    endloop
  endfacet
  facet normal 0 0 -1
    outer loop
      vertex -4.25 -0.26 4.74
      vertex -3.73032 0.294066 4.74
      vertex -3.73032 -0.294066 4.74
    endloop
  endfacet
  facet normal 0 0 -1
    outer loop
      vertex -4.25 -0.26 4.74
      vertex -4.25 0.26 4.74
      vertex -3.73032 0.294066 4.74
    endloop
  endfacet
  facet normal 0 0 -1
    outer loop
      vertex -37.75 -0.26 4.74
      vertex -4.25 0.26 4.74
      vertex -4.25 -0.26 4.74
    endloop
  endfacet
  facet normal 0 0 -1
    outer loop
      vertex -37.75 -0.26 4.74
      vertex -37.75 0.26 4.74
      vertex -4.25 0.26 4.74
    endloop
  endfacet
  facet normal 0 0 -1
    outer loop
      vertex -38.2697 -0.294066 4.74
      vertex -37.75 0.26 4.74
      vertex -37.75 -0.26 4.74
    endloop
  endfacet
  facet normal 0 0 -1
    outer loop
      vertex -38.2697 -0.294066 4.74
      vertex -38.2697 0.294066 4.74
      vertex -37.75 0.26 4.74
    endloop
  endfacet
  facet normal 0 0 -1
    outer loop
      vertex -38.2708 -0.29414 4.74
      vertex -38.2697 0.294066 4.74
      vertex -38.2697 -0.294066 4.74
    endloop
  endfacet
  facet normal 0 0 -1
    outer loop
      vertex -38.2708 -0.29414 4.74
      vertex -38.2708 0.29414 4.74
      vertex -38.2697 0.294066 4.74
    endloop
  endfacet
  facet normal 0 0 -1
    outer loop
      vertex -38.7816 -0.395731 4.74
      vertex -38.2708 0.29414 4.74
      vertex -38.2708 -0.29414 4.74
    endloop
  endfacet
  facet normal 0 0 -1
    outer loop
      vertex -38.7816 -0.395731 4.74
      vertex -38.7816 0.395731 4.74
      vertex -38.2708 0.29414 4.74
    endloop
  endfacet
  facet normal 0 0 -1
    outer loop
      vertex -38.7827 -0.395951 4.74
      vertex -38.7816 0.395731 4.74
      vertex -38.7816 -0.395731 4.74
    endloop
  endfacet
  facet normal 0 0 -1
    outer loop
      vertex -38.7827 -0.395951 4.74
      vertex -38.7827 0.395951 4.74
      vertex -38.7816 0.395731 4.74
    endloop
  endfacet
  facet normal 0 0 -1
    outer loop
      vertex -38.7838 -0.396313 4.74
      vertex -38.7827 0.395951 4.74
      vertex -38.7827 -0.395951 4.74
    endloop
  endfacet
  facet normal 0 0 -1
    outer loop
      vertex -38.7838 -0.396313 4.74
      vertex -38.7838 0.396313 4.74
      vertex -38.7827 0.395951 4.74
    endloop
  endfacet
  facet normal 0 0 -1
    outer loop
      vertex -39.2769 -0.563728 4.74
      vertex -38.7838 0.396313 4.74
      vertex -38.7838 -0.396313 4.74
    endloop
  endfacet
  facet normal 0 0 -1
    outer loop
      vertex -39.2769 -0.563728 4.74
      vertex -39.2769 0.563728 4.74
      vertex -38.7838 0.396313 4.74
    endloop
  endfacet
  facet normal 0 0 -1
    outer loop
      vertex -39.744 -0.794066 4.74
      vertex -39.2769 0.563728 4.74
      vertex -39.2769 -0.563728 4.74
    endloop
  endfacet
  facet normal 0 0 -1
    outer loop
      vertex -39.744 -0.794066 4.74
      vertex -39.744 0.794066 4.74
      vertex -39.2769 0.563728 4.74
    endloop
  endfacet
  facet normal 0 0 -1
    outer loop
      vertex -39.745 -0.794564 4.74
      vertex -39.744 0.794066 4.74
      vertex -39.744 -0.794066 4.74
    endloop
  endfacet
  facet normal 0 0 -1
    outer loop
      vertex -39.745 -0.794564 4.74
      vertex -39.745 0.794564 4.74
      vertex -39.744 0.794066 4.74
    endloop
  endfacet
  facet normal 0 0 -1
    outer loop
      vertex -40.178 -1.08389 4.74
      vertex -39.745 0.794564 4.74
      vertex -39.745 -0.794564 4.74
    endloop
  endfacet
  facet normal 0 0 -1
    outer loop
      vertex -40.178 -1.08389 4.74
      vertex -40.178 1.08389 4.74
      vertex -39.745 0.794564 4.74
    endloop
  endfacet
  facet normal 0 0 -1
    outer loop
      vertex -40.179 -1.08452 4.74
      vertex -40.178 1.08389 4.74
      vertex -40.178 -1.08389 4.74
    endloop
  endfacet
  facet normal 0 0 -1
    outer loop
      vertex -40.179 -1.08452 4.74
      vertex -40.179 1.08452 4.74
      vertex -40.178 1.08389 4.74
    endloop
  endfacet
  facet normal 0 0 -1
    outer loop
      vertex -40.1798 -1.08526 4.74
      vertex -40.179 1.08452 4.74
      vertex -40.179 -1.08452 4.74
    endloop
  endfacet
  facet normal 0 0 -1
    outer loop
      vertex -40.1798 -1.08526 4.74
      vertex -40.1798 1.08526 4.74
      vertex -40.179 1.08452 4.74
    endloop
  endfacet
  facet normal 0 0 -1
    outer loop
      vertex -40.5714 -1.42864 4.74
      vertex -40.1798 1.08526 4.74
      vertex -40.1798 -1.08526 4.74
    endloop
  endfacet
  facet normal 0 0 -1
    outer loop
      vertex -40.5714 -1.42864 4.74
      vertex -40.5714 1.42864 4.74
      vertex -40.1798 1.08526 4.74
    endloop
  endfacet
  facet normal 0 0 -1
    outer loop
      vertex -40.9147 -1.8202 4.74
      vertex -40.5714 1.42864 4.74
      vertex -40.5714 -1.42864 4.74
    endloop
  endfacet
  facet normal 0 0 -1
    outer loop
      vertex -40.9147 -1.8202 4.74
      vertex -40.9147 1.8202 4.74
      vertex -40.5714 1.42864 4.74
    endloop
  endfacet
  facet normal 0 0 -1
    outer loop
      vertex -40.9155 -1.82104 4.74
      vertex -40.9147 1.8202 4.74
      vertex -40.9147 -1.8202 4.74
    endloop
  endfacet
  facet normal 0 0 -1
    outer loop
      vertex -40.9155 -1.82104 4.74
      vertex -40.9155 1.82104 4.74
      vertex -40.9147 1.8202 4.74
    endloop
  endfacet
  facet normal 0 0 -1
    outer loop
      vertex -40.9161 -1.82198 4.74
      vertex -40.9155 1.82104 4.74
      vertex -40.9155 -1.82104 4.74
    endloop
  endfacet
  facet normal 0 0 -1
    outer loop
      vertex -40.9161 -1.82198 4.74
      vertex -40.9161 1.82198 4.74
      vertex -40.9155 1.82104 4.74
    endloop
  endfacet
  facet normal 0 0 -1
    outer loop
      vertex -41.2054 -2.255 4.74
      vertex -40.9161 1.82198 4.74
      vertex -40.9161 -1.82198 4.74
    endloop
  endfacet
  facet normal 0 0 -1
    outer loop
      vertex -41.2054 -2.255 4.74
      vertex -41.2054 2.255 4.74
      vertex -40.9161 1.82198 4.74
    endloop
  endfacet
  facet normal 0 0 -1
    outer loop
      vertex -41.2059 -2.25601 4.74
      vertex -41.2054 2.255 4.74
      vertex -41.2054 -2.255 4.74
    endloop
  endfacet
  facet normal 0 0 -1
    outer loop
      vertex -41.2059 -2.25601 4.74
      vertex -41.2059 2.25601 4.74
      vertex -41.2054 2.255 4.74
    endloop
  endfacet
  facet normal 0 0 -1
    outer loop
      vertex -41.4363 -2.7231 4.74
      vertex -41.2059 2.25601 4.74
      vertex -41.2059 -2.25601 4.74
    endloop
  endfacet
  facet normal 0 0 -1
    outer loop
      vertex -41.4363 -2.7231 4.74
      vertex -41.4363 2.7231 4.74
      vertex -41.2059 2.25601 4.74
    endloop
  endfacet
  facet normal 0 0 -1
    outer loop
      vertex -41.6037 -3.21624 4.74
      vertex -41.4363 2.7231 4.74
      vertex -41.4363 -2.7231 4.74
    endloop
  endfacet
  facet normal 0 0 -1
    outer loop
      vertex -41.6037 -3.21624 4.74
      vertex -41.6037 3.21624 4.74
      vertex -41.4363 2.7231 4.74
    endloop
  endfacet
  facet normal 0 0 -1
    outer loop
      vertex -41.604 -3.21731 4.74
      vertex -41.6037 3.21624 4.74
      vertex -41.6037 -3.21624 4.74
    endloop
  endfacet
  facet normal 0 0 -1
    outer loop
      vertex -41.604 -3.21731 4.74
      vertex -41.604 3.21731 4.74
      vertex -41.6037 3.21624 4.74
    endloop
  endfacet
  facet normal 0 0 -1
    outer loop
      vertex -41.6043 -3.21841 4.74
      vertex -41.604 3.21731 4.74
      vertex -41.604 -3.21731 4.74
    endloop
  endfacet
  facet normal 0 0 -1
    outer loop
      vertex -41.6043 -3.21841 4.74
      vertex -41.6043 3.21841 4.74
      vertex -41.604 3.21731 4.74
    endloop
  endfacet
  facet normal 0 0 -1
    outer loop
      vertex -41.7059 -3.7292 4.74
      vertex -41.6043 3.21841 4.74
      vertex -41.6043 -3.21841 4.74
    endloop
  endfacet
  facet normal 0 0 -1
    outer loop
      vertex -41.7059 -3.7292 4.74
      vertex -41.7059 3.7292 4.74
      vertex -41.6043 3.21841 4.74
    endloop
  endfacet
  facet normal 0 0 0
    outer loop
      vertex -41.7059 -3.73032 4.74
      vertex -41.7059 3.7292 4.74
      vertex -41.7059 -3.7292 4.74
    endloop
  endfacet
  facet normal 0 0 0
    outer loop
      vertex -41.7059 -3.73032 4.74
      vertex -41.7059 3.73032 4.74
      vertex -41.7059 3.7292 4.74
    endloop
  endfacet
  facet normal 0 0 -1
    outer loop
      vertex -41.74 -4.25 4.74
      vertex -41.7059 3.73032 4.74
      vertex -41.7059 -3.73032 4.74
    endloop
  endfacet
  facet normal -0 0 -1
    outer loop
      vertex -41.7059 3.73032 4.74
      vertex -41.74 -4.25 4.74
      vertex -41.74 4.25 4.74
    endloop
  endfacet
  facet normal 0 0 -1
    outer loop
      vertex 41.7059 -3.73032 4.74
      vertex 41.74 4.25 4.74
      vertex 41.74 -4.25 4.74
    endloop
  endfacet
  facet normal 0 0 -1
    outer loop
      vertex 41.7059 -3.73032 4.74
      vertex 41.7059 3.73032 4.74
      vertex 41.74 4.25 4.74
    endloop
  endfacet
  facet normal 0 0 -0
    outer loop
      vertex 41.7059 -3.7292 4.74
      vertex 41.7059 3.73032 4.74
      vertex 41.7059 -3.73032 4.74
    endloop
  endfacet
  facet normal 0 0 0
    outer loop
      vertex 41.7059 -3.7292 4.74
      vertex 41.7059 3.7292 4.74
      vertex 41.7059 3.73032 4.74
    endloop
  endfacet
  facet normal 0 0 -1
    outer loop
      vertex 41.6043 -3.21841 4.74
      vertex 41.7059 3.7292 4.74
      vertex 41.7059 -3.7292 4.74
    endloop
  endfacet
  facet normal 0 0 -1
    outer loop
      vertex 41.6043 -3.21841 4.74
      vertex 41.6043 3.21841 4.74
      vertex 41.7059 3.7292 4.74
    endloop
  endfacet
  facet normal 0 0 -1
    outer loop
      vertex 41.604 -3.21731 4.74
      vertex 41.6043 3.21841 4.74
      vertex 41.6043 -3.21841 4.74
    endloop
  endfacet
  facet normal 0 0 -1
    outer loop
      vertex 41.604 -3.21731 4.74
      vertex 41.604 3.21731 4.74
      vertex 41.6043 3.21841 4.74
    endloop
  endfacet
  facet normal 0 0 -1
    outer loop
      vertex 41.6037 -3.21624 4.74
      vertex 41.604 3.21731 4.74
      vertex 41.604 -3.21731 4.74
    endloop
  endfacet
  facet normal 0 0 -1
    outer loop
      vertex 41.6037 -3.21624 4.74
      vertex 41.6037 3.21624 4.74
      vertex 41.604 3.21731 4.74
    endloop
  endfacet
  facet normal 0 0 -1
    outer loop
      vertex 41.4363 -2.7231 4.74
      vertex 41.6037 3.21624 4.74
      vertex 41.6037 -3.21624 4.74
    endloop
  endfacet
  facet normal 0 0 -1
    outer loop
      vertex 41.4363 -2.7231 4.74
      vertex 41.4363 2.7231 4.74
      vertex 41.6037 3.21624 4.74
    endloop
  endfacet
  facet normal 0 0 -1
    outer loop
      vertex 41.2059 -2.25601 4.74
      vertex 41.4363 2.7231 4.74
      vertex 41.4363 -2.7231 4.74
    endloop
  endfacet
  facet normal 0 0 -1
    outer loop
      vertex 41.2059 -2.25601 4.74
      vertex 41.2059 2.25601 4.74
      vertex 41.4363 2.7231 4.74
    endloop
  endfacet
  facet normal 0 0 -1
    outer loop
      vertex 41.2054 -2.255 4.74
      vertex 41.2059 2.25601 4.74
      vertex 41.2059 -2.25601 4.74
    endloop
  endfacet
  facet normal 0 0 -1
    outer loop
      vertex 41.2054 -2.255 4.74
      vertex 41.2054 2.255 4.74
      vertex 41.2059 2.25601 4.74
    endloop
  endfacet
  facet normal 0 0 -1
    outer loop
      vertex 40.9161 -1.82198 4.74
      vertex 41.2054 2.255 4.74
      vertex 41.2054 -2.255 4.74
    endloop
  endfacet
  facet normal 0 0 -1
    outer loop
      vertex 40.9161 -1.82198 4.74
      vertex 40.9161 1.82198 4.74
      vertex 41.2054 2.255 4.74
    endloop
  endfacet
  facet normal 0 0 -1
    outer loop
      vertex 40.9155 -1.82104 4.74
      vertex 40.9161 1.82198 4.74
      vertex 40.9161 -1.82198 4.74
    endloop
  endfacet
  facet normal 0 0 -1
    outer loop
      vertex 40.9155 -1.82104 4.74
      vertex 40.9155 1.82104 4.74
      vertex 40.9161 1.82198 4.74
    endloop
  endfacet
  facet normal 0 0 -1
    outer loop
      vertex 40.9147 -1.8202 4.74
      vertex 40.9155 1.82104 4.74
      vertex 40.9155 -1.82104 4.74
    endloop
  endfacet
  facet normal 0 0 -1
    outer loop
      vertex 40.9147 -1.8202 4.74
      vertex 40.9147 1.8202 4.74
      vertex 40.9155 1.82104 4.74
    endloop
  endfacet
  facet normal 0 0 -1
    outer loop
      vertex 40.5714 -1.42864 4.74
      vertex 40.9147 1.8202 4.74
      vertex 40.9147 -1.8202 4.74
    endloop
  endfacet
  facet normal 0 0 -1
    outer loop
      vertex 40.5714 -1.42864 4.74
      vertex 40.5714 1.42864 4.74
      vertex 40.9147 1.8202 4.74
    endloop
  endfacet
  facet normal 0 0 -1
    outer loop
      vertex 40.1798 -1.08526 4.74
      vertex 40.5714 1.42864 4.74
      vertex 40.5714 -1.42864 4.74
    endloop
  endfacet
  facet normal 0 0 -1
    outer loop
      vertex 40.1798 -1.08526 4.74
      vertex 40.1798 1.08526 4.74
      vertex 40.5714 1.42864 4.74
    endloop
  endfacet
  facet normal 0 0 -1
    outer loop
      vertex 40.179 -1.08452 4.74
      vertex 40.1798 1.08526 4.74
      vertex 40.1798 -1.08526 4.74
    endloop
  endfacet
  facet normal 0 0 -1
    outer loop
      vertex 40.179 -1.08452 4.74
      vertex 40.179 1.08452 4.74
      vertex 40.1798 1.08526 4.74
    endloop
  endfacet
  facet normal 0 0 -1
    outer loop
      vertex 40.178 -1.08389 4.74
      vertex 40.179 1.08452 4.74
      vertex 40.179 -1.08452 4.74
    endloop
  endfacet
  facet normal 0 0 -1
    outer loop
      vertex 40.178 -1.08389 4.74
      vertex 40.178 1.08389 4.74
      vertex 40.179 1.08452 4.74
    endloop
  endfacet
  facet normal 0 0 -1
    outer loop
      vertex 39.745 -0.794564 4.74
      vertex 40.178 1.08389 4.74
      vertex 40.178 -1.08389 4.74
    endloop
  endfacet
  facet normal 0 0 -1
    outer loop
      vertex 39.745 -0.794564 4.74
      vertex 39.745 0.794564 4.74
      vertex 40.178 1.08389 4.74
    endloop
  endfacet
  facet normal 0 0 -1
    outer loop
      vertex 39.744 -0.794066 4.74
      vertex 39.745 0.794564 4.74
      vertex 39.745 -0.794564 4.74
    endloop
  endfacet
  facet normal 0 0 -1
    outer loop
      vertex 39.744 -0.794066 4.74
      vertex 39.744 0.794066 4.74
      vertex 39.745 0.794564 4.74
    endloop
  endfacet
  facet normal 0 0 -1
    outer loop
      vertex 39.2769 -0.563728 4.74
      vertex 39.744 0.794066 4.74
      vertex 39.744 -0.794066 4.74
    endloop
  endfacet
  facet normal 0 0 -1
    outer loop
      vertex 39.2769 -0.563728 4.74
      vertex 39.2769 0.563728 4.74
      vertex 39.744 0.794066 4.74
    endloop
  endfacet
  facet normal 0 0 -1
    outer loop
      vertex 38.7838 -0.396313 4.74
      vertex 39.2769 0.563728 4.74
      vertex 39.2769 -0.563728 4.74
    endloop
  endfacet
  facet normal 0 0 -1
    outer loop
      vertex 38.7838 -0.396313 4.74
      vertex 38.7838 0.396313 4.74
      vertex 39.2769 0.563728 4.74
    endloop
  endfacet
  facet normal 0 0 -1
    outer loop
      vertex 38.7827 -0.395951 4.74
      vertex 38.7838 0.396313 4.74
      vertex 38.7838 -0.396313 4.74
    endloop
  endfacet
  facet normal 0 0 -1
    outer loop
      vertex 38.7827 -0.395951 4.74
      vertex 38.7827 0.395951 4.74
      vertex 38.7838 0.396313 4.74
    endloop
  endfacet
  facet normal 0 0 -1
    outer loop
      vertex 38.7816 -0.395731 4.74
      vertex 38.7827 0.395951 4.74
      vertex 38.7827 -0.395951 4.74
    endloop
  endfacet
  facet normal 0 0 -1
    outer loop
      vertex 38.7816 -0.395731 4.74
      vertex 38.7816 0.395731 4.74
      vertex 38.7827 0.395951 4.74
    endloop
  endfacet
  facet normal 0 0 -1
    outer loop
      vertex 38.2708 -0.29414 4.74
      vertex 38.7816 0.395731 4.74
      vertex 38.7816 -0.395731 4.74
    endloop
  endfacet
  facet normal 0 0 -1
    outer loop
      vertex 38.2708 -0.29414 4.74
      vertex 38.2708 0.29414 4.74
      vertex 38.7816 0.395731 4.74
    endloop
  endfacet
  facet normal 0 0 -1
    outer loop
      vertex 38.2697 -0.294066 4.74
      vertex 38.2708 0.29414 4.74
      vertex 38.2708 -0.29414 4.74
    endloop
  endfacet
  facet normal 0 0 -1
    outer loop
      vertex 38.2697 -0.294066 4.74
      vertex 38.2697 0.294066 4.74
      vertex 38.2708 0.29414 4.74
    endloop
  endfacet
  facet normal 0 0 -1
    outer loop
      vertex 37.75 -0.26 4.74
      vertex 38.2697 0.294066 4.74
      vertex 38.2697 -0.294066 4.74
    endloop
  endfacet
  facet normal 0 0 -1
    outer loop
      vertex 37.75 -0.26 4.74
      vertex 37.75 0.26 4.74
      vertex 38.2697 0.294066 4.74
    endloop
  endfacet
  facet normal 0 0 -1
    outer loop
      vertex 4.25 -0.26 4.74
      vertex 37.75 0.26 4.74
      vertex 37.75 -0.26 4.74
    endloop
  endfacet
  facet normal 0 0 -1
    outer loop
      vertex 4.25 -0.26 4.74
      vertex 4.25 0.26 4.74
      vertex 37.75 0.26 4.74
    endloop
  endfacet
  facet normal 0 0 -1
    outer loop
      vertex 3.73032 -0.294066 4.74
      vertex 4.25 0.26 4.74
      vertex 4.25 -0.26 4.74
    endloop
  endfacet
  facet normal 0 0 -1
    outer loop
      vertex 3.73032 -0.294066 4.74
      vertex 3.73032 0.294066 4.74
      vertex 4.25 0.26 4.74
    endloop
  endfacet
  facet normal 0 0 -1
    outer loop
      vertex 3.7292 -0.29414 4.74
      vertex 3.73032 0.294066 4.74
      vertex 3.73032 -0.294066 4.74
    endloop
  endfacet
  facet normal 0 0 -1
    outer loop
      vertex 3.7292 -0.29414 4.74
      vertex 3.7292 0.29414 4.74
      vertex 3.73032 0.294066 4.74
    endloop
  endfacet
  facet normal 0 0 -1
    outer loop
      vertex 3.21841 -0.395731 4.74
      vertex 3.7292 0.29414 4.74
      vertex 3.7292 -0.29414 4.74
    endloop
  endfacet
  facet normal 0 0 -1
    outer loop
      vertex 3.21841 -0.395731 4.74
      vertex 3.21841 0.395731 4.74
      vertex 3.7292 0.29414 4.74
    endloop
  endfacet
  facet normal 0 0 -1
    outer loop
      vertex 3.21731 -0.395951 4.74
      vertex 3.21841 0.395731 4.74
      vertex 3.21841 -0.395731 4.74
    endloop
  endfacet
  facet normal 0 0 -1
    outer loop
      vertex 3.21731 -0.395951 4.74
      vertex 3.21731 0.395951 4.74
      vertex 3.21841 0.395731 4.74
    endloop
  endfacet
  facet normal 0 0 -1
    outer loop
      vertex 3.21624 -0.396313 4.74
      vertex 3.21731 0.395951 4.74
      vertex 3.21731 -0.395951 4.74
    endloop
  endfacet
  facet normal 0 0 -1
    outer loop
      vertex 3.21624 -0.396313 4.74
      vertex 3.21624 0.396313 4.74
      vertex 3.21731 0.395951 4.74
    endloop
  endfacet
  facet normal 0 0 -1
    outer loop
      vertex 2.7231 -0.563728 4.74
      vertex 3.21624 0.396313 4.74
      vertex 3.21624 -0.396313 4.74
    endloop
  endfacet
  facet normal 0 0 -1
    outer loop
      vertex 2.7231 -0.563728 4.74
      vertex 2.7231 0.563728 4.74
      vertex 3.21624 0.396313 4.74
    endloop
  endfacet
  facet normal 0 0 -1
    outer loop
      vertex 2.25601 -0.794066 4.74
      vertex 2.7231 0.563728 4.74
      vertex 2.7231 -0.563728 4.74
    endloop
  endfacet
  facet normal 0 0 -1
    outer loop
      vertex 2.25601 -0.794066 4.74
      vertex 2.25601 0.794066 4.74
      vertex 2.7231 0.563728 4.74
    endloop
  endfacet
  facet normal 0 0 -1
    outer loop
      vertex 2.255 -0.794564 4.74
      vertex 2.25601 0.794066 4.74
      vertex 2.25601 -0.794066 4.74
    endloop
  endfacet
  facet normal 0 0 -1
    outer loop
      vertex 2.255 -0.794564 4.74
      vertex 2.255 0.794564 4.74
      vertex 2.25601 0.794066 4.74
    endloop
  endfacet
  facet normal 0 0 -1
    outer loop
      vertex 1.82198 -1.08389 4.74
      vertex 2.255 0.794564 4.74
      vertex 2.255 -0.794564 4.74
    endloop
  endfacet
  facet normal 0 0 -1
    outer loop
      vertex 1.82198 -1.08389 4.74
      vertex 1.82198 1.08389 4.74
      vertex 2.255 0.794564 4.74
    endloop
  endfacet
  facet normal 0 0 -1
    outer loop
      vertex 1.82104 -1.08452 4.74
      vertex 1.82198 1.08389 4.74
      vertex 1.82198 -1.08389 4.74
    endloop
  endfacet
  facet normal 0 0 -1
    outer loop
      vertex 1.82104 -1.08452 4.74
      vertex 1.82104 1.08452 4.74
      vertex 1.82198 1.08389 4.74
    endloop
  endfacet
  facet normal 0 0 -1
    outer loop
      vertex 1.8202 -1.08526 4.74
      vertex 1.82104 1.08452 4.74
      vertex 1.82104 -1.08452 4.74
    endloop
  endfacet
  facet normal 0 0 -1
    outer loop
      vertex 1.8202 -1.08526 4.74
      vertex 1.8202 1.08526 4.74
      vertex 1.82104 1.08452 4.74
    endloop
  endfacet
  facet normal 0 0 -1
    outer loop
      vertex 1.42864 -1.42864 4.74
      vertex 1.8202 1.08526 4.74
      vertex 1.8202 -1.08526 4.74
    endloop
  endfacet
  facet normal 0 0 -1
    outer loop
      vertex 1.42864 -1.42864 4.74
      vertex 1.42864 1.42864 4.74
      vertex 1.8202 1.08526 4.74
    endloop
  endfacet
  facet normal 0 0 -1
    outer loop
      vertex 1.08526 -1.8202 4.74
      vertex 1.42864 1.42864 4.74
      vertex 1.42864 -1.42864 4.74
    endloop
  endfacet
  facet normal 0 0 -1
    outer loop
      vertex 1.08526 -1.8202 4.74
      vertex 1.08526 1.8202 4.74
      vertex 1.42864 1.42864 4.74
    endloop
  endfacet
  facet normal 0 0 -1
    outer loop
      vertex 1.08452 -1.82104 4.74
      vertex 1.08526 1.8202 4.74
      vertex 1.08526 -1.8202 4.74
    endloop
  endfacet
  facet normal 0 0 -1
    outer loop
      vertex 1.08452 -1.82104 4.74
      vertex 1.08452 1.82104 4.74
      vertex 1.08526 1.8202 4.74
    endloop
  endfacet
  facet normal 0 0 -1
    outer loop
      vertex 1.08389 -1.82198 4.74
      vertex 1.08452 1.82104 4.74
      vertex 1.08452 -1.82104 4.74
    endloop
  endfacet
  facet normal 0 0 -1
    outer loop
      vertex 1.08389 -1.82198 4.74
      vertex 1.08389 1.82198 4.74
      vertex 1.08452 1.82104 4.74
    endloop
  endfacet
  facet normal 0 0 -1
    outer loop
      vertex -0.563728 -2.7231 4.74
      vertex 0.563728 -2.7231 4.74
      vertex -0.396313 -3.21624 4.74
    endloop
  endfacet
  facet normal 0 0 -1
    outer loop
      vertex 0.563728 -2.7231 4.74
      vertex -0.563728 -2.7231 4.74
      vertex 0.794066 -2.25601 4.74
    endloop
  endfacet
  facet normal 0 0 -1
    outer loop
      vertex 0.396313 -3.21624 4.74
      vertex -0.396313 -3.21624 4.74
      vertex 0.563728 -2.7231 4.74
    endloop
  endfacet
  facet normal 0 0 -1
    outer loop
      vertex -0.794066 -2.25601 4.74
      vertex 0.794066 -2.25601 4.74
      vertex -0.563728 -2.7231 4.74
    endloop
  endfacet
  facet normal 0 0 -1
    outer loop
      vertex -0.395951 -3.21731 4.74
      vertex 0.395951 -3.21731 4.74
      vertex -0.395731 -3.21841 4.74
    endloop
  endfacet
  facet normal 0 0 -1
    outer loop
      vertex 0.395951 -3.21731 4.74
      vertex -0.395951 -3.21731 4.74
      vertex 0.396313 -3.21624 4.74
    endloop
  endfacet
  facet normal 0 0 -1
    outer loop
      vertex -0.395731 -3.21841 4.74
      vertex 0.395731 -3.21841 4.74
      vertex -0.29414 -3.7292 4.74
    endloop
  endfacet
  facet normal 0 0 -1
    outer loop
      vertex 0.395731 -3.21841 4.74
      vertex -0.395731 -3.21841 4.74
      vertex 0.395951 -3.21731 4.74
    endloop
  endfacet
  facet normal 0 0 -1
    outer loop
      vertex 0.29414 -3.7292 4.74
      vertex -0.29414 -3.7292 4.74
      vertex 0.395731 -3.21841 4.74
    endloop
  endfacet
  facet normal 0 0 -1
    outer loop
      vertex -0.396313 -3.21624 4.74
      vertex 0.396313 -3.21624 4.74
      vertex -0.395951 -3.21731 4.74
    endloop
  endfacet
  facet normal 0 0 -1
    outer loop
      vertex -0.29414 -3.7292 4.74
      vertex 0.29414 -3.7292 4.74
      vertex -0.294066 -3.73032 4.74
    endloop
  endfacet
  facet normal 0 0 -1
    outer loop
      vertex 0.563728 2.7231 4.74
      vertex -0.26 4.25 4.74
      vertex 0.396313 3.21624 4.74
    endloop
  endfacet
  facet normal 0 0 -1
    outer loop
      vertex 0.294066 -3.73032 4.74
      vertex -0.294066 -3.73032 4.74
      vertex 0.29414 -3.7292 4.74
    endloop
  endfacet
  facet normal 0 0 -1
    outer loop
      vertex 0.396313 3.21624 4.74
      vertex -0.26 4.25 4.74
      vertex 0.395951 3.21731 4.74
    endloop
  endfacet
  facet normal 0 0 -1
    outer loop
      vertex -0.294066 -3.73032 4.74
      vertex 0.294066 -3.73032 4.74
      vertex -0.26 -4.25 4.74
    endloop
  endfacet
  facet normal 0 0 -1
    outer loop
      vertex 0.395951 3.21731 4.74
      vertex -0.26 4.25 4.74
      vertex 0.395731 3.21841 4.74
    endloop
  endfacet
  facet normal 0 0 -1
    outer loop
      vertex -0.26 -4.25 4.74
      vertex 0.294066 -3.73032 4.74
      vertex 0.26 -4.25 4.74
    endloop
  endfacet
  facet normal 0 0 -1
    outer loop
      vertex 0.395731 3.21841 4.74
      vertex -0.26 4.25 4.74
      vertex 0.29414 3.7292 4.74
    endloop
  endfacet
  facet normal 0 0 -1
    outer loop
      vertex 41.74 -4.25 4.74
      vertex 41.75 -37.75 4.74
      vertex 41.74 -37.75 4.74
    endloop
  endfacet
  facet normal 0 0 -1
    outer loop
      vertex 41.7059 -38.2697 4.74
      vertex 41.75 -37.75 4.74
      vertex 41.7158 -38.2721 4.74
    endloop
  endfacet
  facet normal -0 0 -1
    outer loop
      vertex 41.75 -37.75 4.74
      vertex 41.7059 -38.2697 4.74
      vertex 41.74 -37.75 4.74
    endloop
  endfacet
  facet normal 0 0 -1
    outer loop
      vertex 41.7158 -38.2721 4.74
      vertex 41.7059 -38.2708 4.74
      vertex 41.7059 -38.2697 4.74
    endloop
  endfacet
  facet normal 0 0 -1
    outer loop
      vertex 41.6043 -38.7816 4.74
      vertex 41.7158 -38.2721 4.74
      vertex 41.6137 -38.7853 4.74
    endloop
  endfacet
  facet normal -0 0 -1
    outer loop
      vertex 41.7158 -38.2721 4.74
      vertex 41.6043 -38.7816 4.74
      vertex 41.7059 -38.2708 4.74
    endloop
  endfacet
  facet normal 0 0 -1
    outer loop
      vertex 41.6137 -38.7853 4.74
      vertex 41.604 -38.7827 4.74
      vertex 41.6043 -38.7816 4.74
    endloop
  endfacet
  facet normal 0 0 -1
    outer loop
      vertex 41.6137 -38.7853 4.74
      vertex 41.6037 -38.7838 4.74
      vertex 41.604 -38.7827 4.74
    endloop
  endfacet
  facet normal 0 0 -1
    outer loop
      vertex 41.4455 -39.2807 4.74
      vertex 41.6037 -38.7838 4.74
      vertex 41.6137 -38.7853 4.74
    endloop
  endfacet
  facet normal 0 0 -1
    outer loop
      vertex 41.4455 -39.2807 4.74
      vertex 41.4363 -39.2769 4.74
      vertex 41.6037 -38.7838 4.74
    endloop
  endfacet
  facet normal 0 0 -1
    outer loop
      vertex 41.2059 -39.744 4.74
      vertex 41.4455 -39.2807 4.74
      vertex 41.2141 -39.75 4.74
    endloop
  endfacet
  facet normal -0 0 -1
    outer loop
      vertex 41.4455 -39.2807 4.74
      vertex 41.2059 -39.744 4.74
      vertex 41.4363 -39.2769 4.74
    endloop
  endfacet
  facet normal 0 0 -1
    outer loop
      vertex 41.2141 -39.75 4.74
      vertex 41.2054 -39.745 4.74
      vertex 41.2059 -39.744 4.74
    endloop
  endfacet
  facet normal 0 0 -1
    outer loop
      vertex 40.9161 -40.178 4.74
      vertex 41.2141 -39.75 4.74
      vertex 40.9234 -40.185 4.74
    endloop
  endfacet
  facet normal -0 0 -1
    outer loop
      vertex 41.2141 -39.75 4.74
      vertex 40.9161 -40.178 4.74
      vertex 41.2054 -39.745 4.74
    endloop
  endfacet
  facet normal 0 0 -1
    outer loop
      vertex 40.9234 -40.185 4.74
      vertex 40.9155 -40.179 4.74
      vertex 40.9161 -40.178 4.74
    endloop
  endfacet
  facet normal 0 0 -1
    outer loop
      vertex 40.9234 -40.185 4.74
      vertex 40.9147 -40.1798 4.74
      vertex 40.9155 -40.179 4.74
    endloop
  endfacet
  facet normal 0 0 -1
    outer loop
      vertex 40.5784 -40.5784 4.74
      vertex 40.9147 -40.1798 4.74
      vertex 40.9234 -40.185 4.74
    endloop
  endfacet
  facet normal 0 0 -1
    outer loop
      vertex 40.5784 -40.5784 4.74
      vertex 40.5714 -40.5714 4.74
      vertex 40.9147 -40.1798 4.74
    endloop
  endfacet
  facet normal 0 0 -1
    outer loop
      vertex 40.1798 -40.9147 4.74
      vertex 40.5784 -40.5784 4.74
      vertex 40.185 -40.9234 4.74
    endloop
  endfacet
  facet normal -0 0 -1
    outer loop
      vertex 40.5784 -40.5784 4.74
      vertex 40.1798 -40.9147 4.74
      vertex 40.5714 -40.5714 4.74
    endloop
  endfacet
  facet normal 0 0 -1
    outer loop
      vertex 40.185 -40.9234 4.74
      vertex 40.179 -40.9155 4.74
      vertex 40.1798 -40.9147 4.74
    endloop
  endfacet
  facet normal 0 0 -1
    outer loop
      vertex 40.185 -40.9234 4.74
      vertex 40.178 -40.9161 4.74
      vertex 40.179 -40.9155 4.74
    endloop
  endfacet
  facet normal 0 0 -1
    outer loop
      vertex 39.75 -41.2141 4.74
      vertex 40.178 -40.9161 4.74
      vertex 40.185 -40.9234 4.74
    endloop
  endfacet
  facet normal 0 0 -1
    outer loop
      vertex 39.75 -41.2141 4.74
      vertex 39.745 -41.2054 4.74
      vertex 40.178 -40.9161 4.74
    endloop
  endfacet
  facet normal 0 0 -1
    outer loop
      vertex 39.75 -41.2141 4.74
      vertex 39.744 -41.2059 4.74
      vertex 39.745 -41.2054 4.74
    endloop
  endfacet
  facet normal 0 0 -1
    outer loop
      vertex 39.2807 -41.4455 4.74
      vertex 39.744 -41.2059 4.74
      vertex 39.75 -41.2141 4.74
    endloop
  endfacet
  facet normal 0 0 -1
    outer loop
      vertex 39.2807 -41.4455 4.74
      vertex 39.2769 -41.4363 4.74
      vertex 39.744 -41.2059 4.74
    endloop
  endfacet
  facet normal 0 0 -1
    outer loop
      vertex 38.7838 -41.6037 4.74
      vertex 39.2807 -41.4455 4.74
      vertex 38.7853 -41.6137 4.74
    endloop
  endfacet
  facet normal -0 0 -1
    outer loop
      vertex 39.2807 -41.4455 4.74
      vertex 38.7838 -41.6037 4.74
      vertex 39.2769 -41.4363 4.74
    endloop
  endfacet
  facet normal 0 0 -1
    outer loop
      vertex 38.7853 -41.6137 4.74
      vertex 38.7827 -41.604 4.74
      vertex 38.7838 -41.6037 4.74
    endloop
  endfacet
  facet normal 0 0 -1
    outer loop
      vertex 38.7853 -41.6137 4.74
      vertex 38.7816 -41.6043 4.74
      vertex 38.7827 -41.604 4.74
    endloop
  endfacet
  facet normal 0 0 -1
    outer loop
      vertex 38.2721 -41.7158 4.74
      vertex 38.7816 -41.6043 4.74
      vertex 38.7853 -41.6137 4.74
    endloop
  endfacet
  facet normal 0 0 -1
    outer loop
      vertex 38.2721 -41.7158 4.74
      vertex 38.2708 -41.7059 4.74
      vertex 38.7816 -41.6043 4.74
    endloop
  endfacet
  facet normal 0 0 -1
    outer loop
      vertex 38.2721 -41.7158 4.74
      vertex 38.2697 -41.7059 4.74
      vertex 38.2708 -41.7059 4.74
    endloop
  endfacet
  facet normal 0 0 -1
    outer loop
      vertex 37.75 -41.75 4.74
      vertex 38.2697 -41.7059 4.74
      vertex 38.2721 -41.7158 4.74
    endloop
  endfacet
  facet normal 0 0 -1
    outer loop
      vertex 37.75 -41.75 4.74
      vertex 37.75 -41.74 4.74
      vertex 38.2697 -41.7059 4.74
    endloop
  endfacet
  facet normal 0 0 -1
    outer loop
      vertex 37.75 -41.75 4.74
      vertex 4.25 -41.74 4.74
      vertex 37.75 -41.74 4.74
    endloop
  endfacet
  facet normal 0 0 -1
    outer loop
      vertex 4.25 -41.74 4.74
      vertex 3.7292 -41.7059 4.74
      vertex 3.73032 -41.7059 4.74
    endloop
  endfacet
  facet normal 0 0 -1
    outer loop
      vertex -3.21841 -41.6043 4.74
      vertex 3.21841 -41.6043 4.74
      vertex 3.7292 -41.7059 4.74
    endloop
  endfacet
  facet normal 0 0 -1
    outer loop
      vertex -3.21624 -41.6037 4.74
      vertex 3.21624 -41.6037 4.74
      vertex 3.21731 -41.604 4.74
    endloop
  endfacet
  facet normal 0 0 -1
    outer loop
      vertex -2.25601 -41.2059 4.74
      vertex 2.25601 -41.2059 4.74
      vertex 2.7231 -41.4363 4.74
    endloop
  endfacet
  facet normal 0 0 -1
    outer loop
      vertex -0.396313 -38.7838 4.74
      vertex 0.396313 -38.7838 4.74
      vertex 0.563728 -39.2769 4.74
    endloop
  endfacet
  facet normal 0 0 -1
    outer loop
      vertex -0.395731 -38.7816 4.74
      vertex 0.395731 -38.7816 4.74
      vertex 0.395951 -38.7827 4.74
    endloop
  endfacet
  facet normal 0 0 -1
    outer loop
      vertex -0.294066 -38.2697 4.74
      vertex 0.294066 -38.2697 4.74
      vertex 0.29414 -38.2708 4.74
    endloop
  endfacet
  facet normal 0 0 -1
    outer loop
      vertex -0.26 -4.25 4.74
      vertex 0.26 -4.25 4.74
      vertex 0.26 -37.75 4.74
    endloop
  endfacet
  facet normal 0 0 -1
    outer loop
      vertex 0.29414 3.7292 4.74
      vertex -0.26 4.25 4.74
      vertex 0.294066 3.73032 4.74
    endloop
  endfacet
  facet normal 0 0 -1
    outer loop
      vertex -0.26 -4.25 4.74
      vertex 0.26 -37.75 4.74
      vertex -0.26 -37.75 4.74
    endloop
  endfacet
  facet normal 0 0 -1
    outer loop
      vertex 0.294066 -38.2697 4.74
      vertex -0.26 -37.75 4.74
      vertex 0.26 -37.75 4.74
    endloop
  endfacet
  facet normal 0 0 -1
    outer loop
      vertex 0.395731 -38.7816 4.74
      vertex -0.29414 -38.2708 4.74
      vertex 0.29414 -38.2708 4.74
    endloop
  endfacet
  facet normal 0 0 -1
    outer loop
      vertex 0.396313 -38.7838 4.74
      vertex -0.396313 -38.7838 4.74
      vertex 0.395951 -38.7827 4.74
    endloop
  endfacet
  facet normal 0 0 -1
    outer loop
      vertex -0.563728 -39.2769 4.74
      vertex 0.563728 -39.2769 4.74
      vertex 0.794066 -39.744 4.74
    endloop
  endfacet
  facet normal 0 0 -1
    outer loop
      vertex -0.794066 -39.744 4.74
      vertex 0.794066 -39.744 4.74
      vertex 0.794564 -39.745 4.74
    endloop
  endfacet
  facet normal 0 0 -1
    outer loop
      vertex 0.294066 -38.2697 4.74
      vertex -0.294066 -38.2697 4.74
      vertex -0.26 -37.75 4.74
    endloop
  endfacet
  facet normal 0 0 -1
    outer loop
      vertex -0.794564 -39.745 4.74
      vertex 0.794564 -39.745 4.74
      vertex 1.08389 -40.178 4.74
    endloop
  endfacet
  facet normal 0 0 -1
    outer loop
      vertex -1.08389 -40.178 4.74
      vertex 1.08389 -40.178 4.74
      vertex 1.08452 -40.179 4.74
    endloop
  endfacet
  facet normal 0 0 -1
    outer loop
      vertex 0.29414 -38.2708 4.74
      vertex -0.29414 -38.2708 4.74
      vertex -0.294066 -38.2697 4.74
    endloop
  endfacet
  facet normal 0 0 -1
    outer loop
      vertex 0.395731 -38.7816 4.74
      vertex -0.395731 -38.7816 4.74
      vertex -0.29414 -38.2708 4.74
    endloop
  endfacet
  facet normal 0 0 -1
    outer loop
      vertex -1.08452 -40.179 4.74
      vertex 1.08452 -40.179 4.74
      vertex 1.08526 -40.1798 4.74
    endloop
  endfacet
  facet normal 0 0 -1
    outer loop
      vertex -1.08526 -40.1798 4.74
      vertex 1.08526 -40.1798 4.74
      vertex 1.42864 -40.5714 4.74
    endloop
  endfacet
  facet normal 0 0 -1
    outer loop
      vertex 0.395951 -38.7827 4.74
      vertex -0.395951 -38.7827 4.74
      vertex -0.395731 -38.7816 4.74
    endloop
  endfacet
  facet normal -0 0 -1
    outer loop
      vertex 0.395951 -38.7827 4.74
      vertex -0.396313 -38.7838 4.74
      vertex -0.395951 -38.7827 4.74
    endloop
  endfacet
  facet normal 0 0 -1
    outer loop
      vertex 0.563728 -39.2769 4.74
      vertex -0.563728 -39.2769 4.74
      vertex -0.396313 -38.7838 4.74
    endloop
  endfacet
  facet normal 0 0 -1
    outer loop
      vertex -1.42864 -40.5714 4.74
      vertex 1.42864 -40.5714 4.74
      vertex 1.8202 -40.9147 4.74
    endloop
  endfacet
  facet normal 0 0 -1
    outer loop
      vertex -1.8202 -40.9147 4.74
      vertex 1.8202 -40.9147 4.74
      vertex 1.82104 -40.9155 4.74
    endloop
  endfacet
  facet normal 0 0 -1
    outer loop
      vertex 0.794066 -39.744 4.74
      vertex -0.794066 -39.744 4.74
      vertex -0.563728 -39.2769 4.74
    endloop
  endfacet
  facet normal 0 0 -1
    outer loop
      vertex -1.82104 -40.9155 4.74
      vertex 1.82104 -40.9155 4.74
      vertex 1.82198 -40.9161 4.74
    endloop
  endfacet
  facet normal 0 0 -1
    outer loop
      vertex -1.82198 -40.9161 4.74
      vertex 1.82198 -40.9161 4.74
      vertex 2.255 -41.2054 4.74
    endloop
  endfacet
  facet normal 0 0 -1
    outer loop
      vertex 2.25601 -41.2059 4.74
      vertex -2.25601 -41.2059 4.74
      vertex 2.255 -41.2054 4.74
    endloop
  endfacet
  facet normal 0 0 -1
    outer loop
      vertex 0.794564 -39.745 4.74
      vertex -0.794564 -39.745 4.74
      vertex -0.794066 -39.744 4.74
    endloop
  endfacet
  facet normal 0 0 -1
    outer loop
      vertex 1.08389 -40.178 4.74
      vertex -1.08389 -40.178 4.74
      vertex -0.794564 -39.745 4.74
    endloop
  endfacet
  facet normal 0 0 -1
    outer loop
      vertex 3.21624 -41.6037 4.74
      vertex -2.7231 -41.4363 4.74
      vertex 2.7231 -41.4363 4.74
    endloop
  endfacet
  facet normal 0 0 -1
    outer loop
      vertex 1.08452 -40.179 4.74
      vertex -1.08452 -40.179 4.74
      vertex -1.08389 -40.178 4.74
    endloop
  endfacet
  facet normal 0 0 -1
    outer loop
      vertex 1.08526 -40.1798 4.74
      vertex -1.08526 -40.1798 4.74
      vertex -1.08452 -40.179 4.74
    endloop
  endfacet
  facet normal 0 0 -1
    outer loop
      vertex 1.42864 -40.5714 4.74
      vertex -1.42864 -40.5714 4.74
      vertex -1.08526 -40.1798 4.74
    endloop
  endfacet
  facet normal 0 0 -1
    outer loop
      vertex 1.8202 -40.9147 4.74
      vertex -1.8202 -40.9147 4.74
      vertex -1.42864 -40.5714 4.74
    endloop
  endfacet
  facet normal 0 0 -1
    outer loop
      vertex 3.21841 -41.6043 4.74
      vertex -3.21841 -41.6043 4.74
      vertex 3.21731 -41.604 4.74
    endloop
  endfacet
  facet normal 0 0 -1
    outer loop
      vertex 1.82104 -40.9155 4.74
      vertex -1.82104 -40.9155 4.74
      vertex -1.8202 -40.9147 4.74
    endloop
  endfacet
  facet normal 0 0 -1
    outer loop
      vertex 1.82198 -40.9161 4.74
      vertex -1.82198 -40.9161 4.74
      vertex -1.82104 -40.9155 4.74
    endloop
  endfacet
  facet normal 0 0 -1
    outer loop
      vertex 2.255 -41.2054 4.74
      vertex -2.255 -41.2054 4.74
      vertex -1.82198 -40.9161 4.74
    endloop
  endfacet
  facet normal -0 0 -1
    outer loop
      vertex 2.255 -41.2054 4.74
      vertex -2.25601 -41.2059 4.74
      vertex -2.255 -41.2054 4.74
    endloop
  endfacet
  facet normal 0 0 -1
    outer loop
      vertex 2.7231 -41.4363 4.74
      vertex -2.7231 -41.4363 4.74
      vertex -2.25601 -41.2059 4.74
    endloop
  endfacet
  facet normal 0 0 -1
    outer loop
      vertex -3.7292 -41.7059 4.74
      vertex 3.7292 -41.7059 4.74
      vertex 4.25 -41.74 4.74
    endloop
  endfacet
  facet normal 0 0 -1
    outer loop
      vertex 3.21624 -41.6037 4.74
      vertex -3.21624 -41.6037 4.74
      vertex -2.7231 -41.4363 4.74
    endloop
  endfacet
  facet normal 0 0 -1
    outer loop
      vertex 3.21731 -41.604 4.74
      vertex -3.21731 -41.604 4.74
      vertex -3.21624 -41.6037 4.74
    endloop
  endfacet
  facet normal -0 0 -1
    outer loop
      vertex 3.21731 -41.604 4.74
      vertex -3.21841 -41.6043 4.74
      vertex -3.21731 -41.604 4.74
    endloop
  endfacet
  facet normal 0 0 -1
    outer loop
      vertex 3.7292 -41.7059 4.74
      vertex -3.7292 -41.7059 4.74
      vertex -3.21841 -41.6043 4.74
    endloop
  endfacet
  facet normal 0 0 -1
    outer loop
      vertex 4.25 -41.74 4.74
      vertex -3.73032 -41.7059 4.74
      vertex -3.7292 -41.7059 4.74
    endloop
  endfacet
  facet normal 0 0 -1
    outer loop
      vertex 4.25 -41.74 4.74
      vertex -4.25 -41.74 4.74
      vertex -3.73032 -41.7059 4.74
    endloop
  endfacet
  facet normal 0 0 -1
    outer loop
      vertex 37.75 -41.75 4.74
      vertex -4.25 -41.74 4.74
      vertex 4.25 -41.74 4.74
    endloop
  endfacet
  facet normal 0 0 -1
    outer loop
      vertex -37.75 -41.75 4.74
      vertex -4.25 -41.74 4.74
      vertex 37.75 -41.75 4.74
    endloop
  endfacet
  facet normal 0 0 -1
    outer loop
      vertex -37.75 -41.75 4.74
      vertex -37.75 -41.74 4.74
      vertex -4.25 -41.74 4.74
    endloop
  endfacet
  facet normal 0 0 -1
    outer loop
      vertex -37.75 -41.75 4.74
      vertex -38.2697 -41.7059 4.74
      vertex -37.75 -41.74 4.74
    endloop
  endfacet
  facet normal 0 0 -1
    outer loop
      vertex -38.2721 -41.7158 4.74
      vertex -38.2697 -41.7059 4.74
      vertex -37.75 -41.75 4.74
    endloop
  endfacet
  facet normal -0 0 -1
    outer loop
      vertex -38.2697 -41.7059 4.74
      vertex -38.2721 -41.7158 4.74
      vertex -38.2708 -41.7059 4.74
    endloop
  endfacet
  facet normal 0 0 -1
    outer loop
      vertex -38.2721 -41.7158 4.74
      vertex -38.7816 -41.6043 4.74
      vertex -38.2708 -41.7059 4.74
    endloop
  endfacet
  facet normal 0 0 -1
    outer loop
      vertex -38.7853 -41.6137 4.74
      vertex -38.7816 -41.6043 4.74
      vertex -38.2721 -41.7158 4.74
    endloop
  endfacet
  facet normal -0 0 -1
    outer loop
      vertex -38.7816 -41.6043 4.74
      vertex -38.7853 -41.6137 4.74
      vertex -38.7827 -41.604 4.74
    endloop
  endfacet
  facet normal 0 0 -1
    outer loop
      vertex -38.7853 -41.6137 4.74
      vertex -38.7838 -41.6037 4.74
      vertex -38.7827 -41.604 4.74
    endloop
  endfacet
  facet normal 0 0 -1
    outer loop
      vertex -39.2807 -41.4455 4.74
      vertex -38.7838 -41.6037 4.74
      vertex -38.7853 -41.6137 4.74
    endloop
  endfacet
  facet normal 0 0 -1
    outer loop
      vertex -38.7838 -41.6037 4.74
      vertex -39.2807 -41.4455 4.74
      vertex -39.2769 -41.4363 4.74
    endloop
  endfacet
  facet normal 0 0 -1
    outer loop
      vertex -39.2807 -41.4455 4.74
      vertex -39.744 -41.2059 4.74
      vertex -39.2769 -41.4363 4.74
    endloop
  endfacet
  facet normal 0 0 -1
    outer loop
      vertex -39.75 -41.2141 4.74
      vertex -39.744 -41.2059 4.74
      vertex -39.2807 -41.4455 4.74
    endloop
  endfacet
  facet normal -0 0 -1
    outer loop
      vertex -39.744 -41.2059 4.74
      vertex -39.75 -41.2141 4.74
      vertex -39.745 -41.2054 4.74
    endloop
  endfacet
  facet normal 0 0 -1
    outer loop
      vertex -39.75 -41.2141 4.74
      vertex -40.178 -40.9161 4.74
      vertex -39.745 -41.2054 4.74
    endloop
  endfacet
  facet normal 0 0 -1
    outer loop
      vertex -40.185 -40.9234 4.74
      vertex -40.178 -40.9161 4.74
      vertex -39.75 -41.2141 4.74
    endloop
  endfacet
  facet normal -0 0 -1
    outer loop
      vertex -40.178 -40.9161 4.74
      vertex -40.185 -40.9234 4.74
      vertex -40.179 -40.9155 4.74
    endloop
  endfacet
  facet normal 0 0 -1
    outer loop
      vertex -40.185 -40.9234 4.74
      vertex -40.1798 -40.9147 4.74
      vertex -40.179 -40.9155 4.74
    endloop
  endfacet
  facet normal 0 0 -1
    outer loop
      vertex -40.5784 -40.5784 4.74
      vertex -40.1798 -40.9147 4.74
      vertex -40.185 -40.9234 4.74
    endloop
  endfacet
  facet normal 0 0 -1
    outer loop
      vertex -40.1798 -40.9147 4.74
      vertex -40.5784 -40.5784 4.74
      vertex -40.5714 -40.5714 4.74
    endloop
  endfacet
  facet normal 0 0 -1
    outer loop
      vertex -40.5784 -40.5784 4.74
      vertex -40.9147 -40.1798 4.74
      vertex -40.5714 -40.5714 4.74
    endloop
  endfacet
  facet normal 0 0 -1
    outer loop
      vertex -40.9234 -40.185 4.74
      vertex -40.9147 -40.1798 4.74
      vertex -40.5784 -40.5784 4.74
    endloop
  endfacet
  facet normal -0 0 -1
    outer loop
      vertex -40.9147 -40.1798 4.74
      vertex -40.9234 -40.185 4.74
      vertex -40.9155 -40.179 4.74
    endloop
  endfacet
  facet normal 0 0 -1
    outer loop
      vertex -40.9234 -40.185 4.74
      vertex -40.9161 -40.178 4.74
      vertex -40.9155 -40.179 4.74
    endloop
  endfacet
  facet normal 0 0 -1
    outer loop
      vertex -41.2141 -39.75 4.74
      vertex -40.9161 -40.178 4.74
      vertex -40.9234 -40.185 4.74
    endloop
  endfacet
  facet normal 0 0 -1
    outer loop
      vertex -40.9161 -40.178 4.74
      vertex -41.2141 -39.75 4.74
      vertex -41.2054 -39.745 4.74
    endloop
  endfacet
  facet normal 0 0 -1
    outer loop
      vertex -41.2141 -39.75 4.74
      vertex -41.2059 -39.744 4.74
      vertex -41.2054 -39.745 4.74
    endloop
  endfacet
  facet normal 0 0 -1
    outer loop
      vertex -41.4455 -39.2807 4.74
      vertex -41.2059 -39.744 4.74
      vertex -41.2141 -39.75 4.74
    endloop
  endfacet
  facet normal 0 0 -1
    outer loop
      vertex -41.2059 -39.744 4.74
      vertex -41.4455 -39.2807 4.74
      vertex -41.4363 -39.2769 4.74
    endloop
  endfacet
  facet normal 0 0 -1
    outer loop
      vertex -41.4455 -39.2807 4.74
      vertex -41.6037 -38.7838 4.74
      vertex -41.4363 -39.2769 4.74
    endloop
  endfacet
  facet normal 0 0 -1
    outer loop
      vertex -41.6137 -38.7853 4.74
      vertex -41.6037 -38.7838 4.74
      vertex -41.4455 -39.2807 4.74
    endloop
  endfacet
  facet normal -0 0 -1
    outer loop
      vertex -41.6037 -38.7838 4.74
      vertex -41.6137 -38.7853 4.74
      vertex -41.604 -38.7827 4.74
    endloop
  endfacet
  facet normal 0 0 -1
    outer loop
      vertex -41.6137 -38.7853 4.74
      vertex -41.6043 -38.7816 4.74
      vertex -41.604 -38.7827 4.74
    endloop
  endfacet
  facet normal 0 0 -1
    outer loop
      vertex -41.7158 -38.2721 4.74
      vertex -41.6043 -38.7816 4.74
      vertex -41.6137 -38.7853 4.74
    endloop
  endfacet
  facet normal 0 0 -1
    outer loop
      vertex -41.6043 -38.7816 4.74
      vertex -41.7158 -38.2721 4.74
      vertex -41.7059 -38.2708 4.74
    endloop
  endfacet
  facet normal 0 0 -1
    outer loop
      vertex -41.7158 -38.2721 4.74
      vertex -41.7059 -38.2697 4.74
      vertex -41.7059 -38.2708 4.74
    endloop
  endfacet
  facet normal 0 0 -1
    outer loop
      vertex -41.75 -37.75 4.74
      vertex -41.7059 -38.2697 4.74
      vertex -41.7158 -38.2721 4.74
    endloop
  endfacet
  facet normal 0 0 -1
    outer loop
      vertex -41.75 -37.75 4.74
      vertex -41.74 -4.25 4.74
      vertex -41.74 -37.75 4.74
    endloop
  endfacet
  facet normal -0 0 -1
    outer loop
      vertex -41.74 -4.25 4.74
      vertex -41.75 -37.75 4.74
      vertex -41.74 4.25 4.74
    endloop
  endfacet
  facet normal 0 0 -1
    outer loop
      vertex -41.75 37.75 4.74
      vertex -41.74 4.25 4.74
      vertex -41.75 -37.75 4.74
    endloop
  endfacet
  facet normal 0 0 -1
    outer loop
      vertex -41.7059 -38.2697 4.74
      vertex -41.75 -37.75 4.74
      vertex -41.74 -37.75 4.74
    endloop
  endfacet
  facet normal 0 0 -1
    outer loop
      vertex 41.75 -37.75 4.74
      vertex 41.74 -4.25 4.74
      vertex 41.75 37.75 4.74
    endloop
  endfacet
  facet normal 0 0 -1
    outer loop
      vertex 41.74 4.25 4.74
      vertex 41.75 37.75 4.74
      vertex 41.74 -4.25 4.74
    endloop
  endfacet
  facet normal 0 0 -1
    outer loop
      vertex 41.74 37.75 4.74
      vertex 41.75 37.75 4.74
      vertex 41.74 4.25 4.74
    endloop
  endfacet
  facet normal 0 0 -1
    outer loop
      vertex 41.7059 38.2697 4.74
      vertex 41.75 37.75 4.74
      vertex 41.74 37.75 4.74
    endloop
  endfacet
  facet normal 0 0 -1
    outer loop
      vertex 41.75 37.75 4.74
      vertex 41.7059 38.2697 4.74
      vertex 41.7158 38.2721 4.74
    endloop
  endfacet
  facet normal 0 0 -1
    outer loop
      vertex 41.7059 38.2708 4.74
      vertex 41.7158 38.2721 4.74
      vertex 41.7059 38.2697 4.74
    endloop
  endfacet
  facet normal 0 0 -1
    outer loop
      vertex 41.6043 38.7816 4.74
      vertex 41.7158 38.2721 4.74
      vertex 41.7059 38.2708 4.74
    endloop
  endfacet
  facet normal 0 0 -1
    outer loop
      vertex 41.7158 38.2721 4.74
      vertex 41.6043 38.7816 4.74
      vertex 41.6137 38.7853 4.74
    endloop
  endfacet
  facet normal 0 0 -1
    outer loop
      vertex 41.604 38.7827 4.74
      vertex 41.6137 38.7853 4.74
      vertex 41.6043 38.7816 4.74
    endloop
  endfacet
  facet normal 0 0 -1
    outer loop
      vertex 41.6037 38.7838 4.74
      vertex 41.6137 38.7853 4.74
      vertex 41.604 38.7827 4.74
    endloop
  endfacet
  facet normal 0 0 -1
    outer loop
      vertex 41.6037 38.7838 4.74
      vertex 41.4455 39.2807 4.74
      vertex 41.6137 38.7853 4.74
    endloop
  endfacet
  facet normal 0 0 -1
    outer loop
      vertex 41.4363 39.2769 4.74
      vertex 41.4455 39.2807 4.74
      vertex 41.6037 38.7838 4.74
    endloop
  endfacet
  facet normal 0 0 -1
    outer loop
      vertex 41.2059 39.744 4.74
      vertex 41.4455 39.2807 4.74
      vertex 41.4363 39.2769 4.74
    endloop
  endfacet
  facet normal 0 0 -1
    outer loop
      vertex 41.4455 39.2807 4.74
      vertex 41.2059 39.744 4.74
      vertex 41.2141 39.75 4.74
    endloop
  endfacet
  facet normal 0 0 -1
    outer loop
      vertex 41.2054 39.745 4.74
      vertex 41.2141 39.75 4.74
      vertex 41.2059 39.744 4.74
    endloop
  endfacet
  facet normal 0 0 -1
    outer loop
      vertex 40.9161 40.178 4.74
      vertex 41.2141 39.75 4.74
      vertex 41.2054 39.745 4.74
    endloop
  endfacet
  facet normal 0 0 -1
    outer loop
      vertex 41.2141 39.75 4.74
      vertex 40.9161 40.178 4.74
      vertex 40.9234 40.185 4.74
    endloop
  endfacet
  facet normal 0 0 -1
    outer loop
      vertex 40.9155 40.179 4.74
      vertex 40.9234 40.185 4.74
      vertex 40.9161 40.178 4.74
    endloop
  endfacet
  facet normal 0 0 -1
    outer loop
      vertex 40.9147 40.1798 4.74
      vertex 40.9234 40.185 4.74
      vertex 40.9155 40.179 4.74
    endloop
  endfacet
  facet normal 0 0 -1
    outer loop
      vertex 40.9147 40.1798 4.74
      vertex 40.5784 40.5784 4.74
      vertex 40.9234 40.185 4.74
    endloop
  endfacet
  facet normal 0 0 -1
    outer loop
      vertex 40.5714 40.5714 4.74
      vertex 40.5784 40.5784 4.74
      vertex 40.9147 40.1798 4.74
    endloop
  endfacet
  facet normal 0 0 -1
    outer loop
      vertex 40.1798 40.9147 4.74
      vertex 40.5784 40.5784 4.74
      vertex 40.5714 40.5714 4.74
    endloop
  endfacet
  facet normal 0 0 -1
    outer loop
      vertex 40.5784 40.5784 4.74
      vertex 40.1798 40.9147 4.74
      vertex 40.185 40.9234 4.74
    endloop
  endfacet
  facet normal 0 0 -1
    outer loop
      vertex 40.179 40.9155 4.74
      vertex 40.185 40.9234 4.74
      vertex 40.1798 40.9147 4.74
    endloop
  endfacet
  facet normal 0 0 -1
    outer loop
      vertex 40.178 40.9161 4.74
      vertex 40.185 40.9234 4.74
      vertex 40.179 40.9155 4.74
    endloop
  endfacet
  facet normal 0 0 -1
    outer loop
      vertex 40.178 40.9161 4.74
      vertex 39.75 41.2141 4.74
      vertex 40.185 40.9234 4.74
    endloop
  endfacet
  facet normal 0 0 -1
    outer loop
      vertex 39.745 41.2054 4.74
      vertex 39.75 41.2141 4.74
      vertex 40.178 40.9161 4.74
    endloop
  endfacet
  facet normal 0 0 -1
    outer loop
      vertex 39.744 41.2059 4.74
      vertex 39.75 41.2141 4.74
      vertex 39.745 41.2054 4.74
    endloop
  endfacet
  facet normal 0 0 -1
    outer loop
      vertex 39.744 41.2059 4.74
      vertex 39.2807 41.4455 4.74
      vertex 39.75 41.2141 4.74
    endloop
  endfacet
  facet normal 0 0 -1
    outer loop
      vertex 39.2769 41.4363 4.74
      vertex 39.2807 41.4455 4.74
      vertex 39.744 41.2059 4.74
    endloop
  endfacet
  facet normal 0 0 -1
    outer loop
      vertex 38.7838 41.6037 4.74
      vertex 39.2807 41.4455 4.74
      vertex 39.2769 41.4363 4.74
    endloop
  endfacet
  facet normal 0 0 -1
    outer loop
      vertex 39.2807 41.4455 4.74
      vertex 38.7838 41.6037 4.74
      vertex 38.7853 41.6137 4.74
    endloop
  endfacet
  facet normal 0 0 -1
    outer loop
      vertex 38.7827 41.604 4.74
      vertex 38.7853 41.6137 4.74
      vertex 38.7838 41.6037 4.74
    endloop
  endfacet
  facet normal 0 0 -1
    outer loop
      vertex 38.7816 41.6043 4.74
      vertex 38.7853 41.6137 4.74
      vertex 38.7827 41.604 4.74
    endloop
  endfacet
  facet normal 0 0 -1
    outer loop
      vertex 38.7816 41.6043 4.74
      vertex 38.2721 41.7158 4.74
      vertex 38.7853 41.6137 4.74
    endloop
  endfacet
  facet normal 0 0 -1
    outer loop
      vertex 38.2708 41.7059 4.74
      vertex 38.2721 41.7158 4.74
      vertex 38.7816 41.6043 4.74
    endloop
  endfacet
  facet normal 0 0 -1
    outer loop
      vertex 38.2697 41.7059 4.74
      vertex 38.2721 41.7158 4.74
      vertex 38.2708 41.7059 4.74
    endloop
  endfacet
  facet normal 0 0 -1
    outer loop
      vertex 37.75 41.75 4.74
      vertex 38.2697 41.7059 4.74
      vertex 37.75 41.74 4.74
    endloop
  endfacet
  facet normal 0 0 -1
    outer loop
      vertex 38.2697 41.7059 4.74
      vertex 37.75 41.75 4.74
      vertex 38.2721 41.7158 4.74
    endloop
  endfacet
  facet normal 0 0 -1
    outer loop
      vertex 4.25 41.74 4.74
      vertex 37.75 41.75 4.74
      vertex 37.75 41.74 4.74
    endloop
  endfacet
  facet normal 0 0 -1
    outer loop
      vertex 3.7292 41.7059 4.74
      vertex 4.25 41.74 4.74
      vertex 3.73032 41.7059 4.74
    endloop
  endfacet
  facet normal 0 0 -1
    outer loop
      vertex -3.21841 41.6043 4.74
      vertex 3.21841 41.6043 4.74
      vertex 3.21731 41.604 4.74
    endloop
  endfacet
  facet normal 0 0 -1
    outer loop
      vertex -2.7231 41.4363 4.74
      vertex 3.21624 41.6037 4.74
      vertex 2.7231 41.4363 4.74
    endloop
  endfacet
  facet normal 0 0 -1
    outer loop
      vertex -2.25601 41.2059 4.74
      vertex 2.25601 41.2059 4.74
      vertex 2.255 41.2054 4.74
    endloop
  endfacet
  facet normal 0 0 -1
    outer loop
      vertex -0.396313 38.7838 4.74
      vertex 0.396313 38.7838 4.74
      vertex 0.395951 38.7827 4.74
    endloop
  endfacet
  facet normal 0 0 -1
    outer loop
      vertex -0.29414 38.2708 4.74
      vertex 0.395731 38.7816 4.74
      vertex 0.29414 38.2708 4.74
    endloop
  endfacet
  facet normal 0 0 -1
    outer loop
      vertex -0.26 37.75 4.74
      vertex 0.294066 38.2697 4.74
      vertex 0.26 37.75 4.74
    endloop
  endfacet
  facet normal 0 0 -1
    outer loop
      vertex 0.294066 3.73032 4.74
      vertex -0.26 4.25 4.74
      vertex 0.26 4.25 4.74
    endloop
  endfacet
  facet normal 0 0 -1
    outer loop
      vertex 0.26 4.25 4.74
      vertex -0.26 4.25 4.74
      vertex 0.26 37.75 4.74
    endloop
  endfacet
  facet normal 0 0 -1
    outer loop
      vertex -0.26 37.75 4.74
      vertex 0.26 37.75 4.74
      vertex -0.26 4.25 4.74
    endloop
  endfacet
  facet normal 0 0 -1
    outer loop
      vertex -0.294066 38.2697 4.74
      vertex 0.294066 38.2697 4.74
      vertex -0.26 37.75 4.74
    endloop
  endfacet
  facet normal 0 0 -1
    outer loop
      vertex 0.294066 38.2697 4.74
      vertex -0.294066 38.2697 4.74
      vertex 0.29414 38.2708 4.74
    endloop
  endfacet
  facet normal 0 0 -1
    outer loop
      vertex -0.29414 38.2708 4.74
      vertex 0.29414 38.2708 4.74
      vertex -0.294066 38.2697 4.74
    endloop
  endfacet
  facet normal 0 0 -1
    outer loop
      vertex -0.395731 38.7816 4.74
      vertex 0.395731 38.7816 4.74
      vertex -0.29414 38.2708 4.74
    endloop
  endfacet
  facet normal 0 0 -1
    outer loop
      vertex 0.395731 38.7816 4.74
      vertex -0.395731 38.7816 4.74
      vertex 0.395951 38.7827 4.74
    endloop
  endfacet
  facet normal 0 0 -1
    outer loop
      vertex -0.395951 38.7827 4.74
      vertex 0.395951 38.7827 4.74
      vertex -0.395731 38.7816 4.74
    endloop
  endfacet
  facet normal 0 0 -1
    outer loop
      vertex -0.396313 38.7838 4.74
      vertex 0.395951 38.7827 4.74
      vertex -0.395951 38.7827 4.74
    endloop
  endfacet
  facet normal 0 0 -1
    outer loop
      vertex 0.396313 38.7838 4.74
      vertex -0.396313 38.7838 4.74
      vertex 0.563728 39.2769 4.74
    endloop
  endfacet
  facet normal 0 0 -1
    outer loop
      vertex -0.563728 39.2769 4.74
      vertex 0.563728 39.2769 4.74
      vertex -0.396313 38.7838 4.74
    endloop
  endfacet
  facet normal 0 0 -1
    outer loop
      vertex 0.563728 39.2769 4.74
      vertex -0.563728 39.2769 4.74
      vertex 0.794066 39.744 4.74
    endloop
  endfacet
  facet normal 0 0 -1
    outer loop
      vertex -0.794066 39.744 4.74
      vertex 0.794066 39.744 4.74
      vertex -0.563728 39.2769 4.74
    endloop
  endfacet
  facet normal 0 0 -1
    outer loop
      vertex 0.794066 39.744 4.74
      vertex -0.794066 39.744 4.74
      vertex 0.794564 39.745 4.74
    endloop
  endfacet
  facet normal 0 0 -1
    outer loop
      vertex -0.794564 39.745 4.74
      vertex 0.794564 39.745 4.74
      vertex -0.794066 39.744 4.74
    endloop
  endfacet
  facet normal 0 0 -1
    outer loop
      vertex 0.794564 39.745 4.74
      vertex -0.794564 39.745 4.74
      vertex 1.08389 40.178 4.74
    endloop
  endfacet
  facet normal 0 0 -1
    outer loop
      vertex -1.08389 40.178 4.74
      vertex 1.08389 40.178 4.74
      vertex -0.794564 39.745 4.74
    endloop
  endfacet
  facet normal 0 0 -1
    outer loop
      vertex 1.08389 40.178 4.74
      vertex -1.08389 40.178 4.74
      vertex 1.08452 40.179 4.74
    endloop
  endfacet
  facet normal 0 0 -1
    outer loop
      vertex -1.08452 40.179 4.74
      vertex 1.08452 40.179 4.74
      vertex -1.08389 40.178 4.74
    endloop
  endfacet
  facet normal 0 0 -1
    outer loop
      vertex 1.08452 40.179 4.74
      vertex -1.08452 40.179 4.74
      vertex 1.08526 40.1798 4.74
    endloop
  endfacet
  facet normal 0 0 -1
    outer loop
      vertex -1.08526 40.1798 4.74
      vertex 1.08526 40.1798 4.74
      vertex -1.08452 40.179 4.74
    endloop
  endfacet
  facet normal 0 0 -1
    outer loop
      vertex 1.08526 40.1798 4.74
      vertex -1.08526 40.1798 4.74
      vertex 1.42864 40.5714 4.74
    endloop
  endfacet
  facet normal 0 0 -1
    outer loop
      vertex -1.42864 40.5714 4.74
      vertex 1.42864 40.5714 4.74
      vertex -1.08526 40.1798 4.74
    endloop
  endfacet
  facet normal 0 0 -1
    outer loop
      vertex 1.42864 40.5714 4.74
      vertex -1.42864 40.5714 4.74
      vertex 1.8202 40.9147 4.74
    endloop
  endfacet
  facet normal 0 0 -1
    outer loop
      vertex -1.8202 40.9147 4.74
      vertex 1.8202 40.9147 4.74
      vertex -1.42864 40.5714 4.74
    endloop
  endfacet
  facet normal 0 0 -1
    outer loop
      vertex 1.8202 40.9147 4.74
      vertex -1.8202 40.9147 4.74
      vertex 1.82104 40.9155 4.74
    endloop
  endfacet
  facet normal 0 0 -1
    outer loop
      vertex -1.82104 40.9155 4.74
      vertex 1.82104 40.9155 4.74
      vertex -1.8202 40.9147 4.74
    endloop
  endfacet
  facet normal 0 0 -1
    outer loop
      vertex 1.82104 40.9155 4.74
      vertex -1.82104 40.9155 4.74
      vertex 1.82198 40.9161 4.74
    endloop
  endfacet
  facet normal 0 0 -1
    outer loop
      vertex -1.82198 40.9161 4.74
      vertex 1.82198 40.9161 4.74
      vertex -1.82104 40.9155 4.74
    endloop
  endfacet
  facet normal 0 0 -1
    outer loop
      vertex 1.82198 40.9161 4.74
      vertex -1.82198 40.9161 4.74
      vertex 2.255 41.2054 4.74
    endloop
  endfacet
  facet normal 0 0 -1
    outer loop
      vertex -2.255 41.2054 4.74
      vertex 2.255 41.2054 4.74
      vertex -1.82198 40.9161 4.74
    endloop
  endfacet
  facet normal 0 0 -1
    outer loop
      vertex -2.25601 41.2059 4.74
      vertex 2.255 41.2054 4.74
      vertex -2.255 41.2054 4.74
    endloop
  endfacet
  facet normal 0 0 -1
    outer loop
      vertex 2.25601 41.2059 4.74
      vertex -2.25601 41.2059 4.74
      vertex 2.7231 41.4363 4.74
    endloop
  endfacet
  facet normal 0 0 -1
    outer loop
      vertex -2.7231 41.4363 4.74
      vertex 2.7231 41.4363 4.74
      vertex -2.25601 41.2059 4.74
    endloop
  endfacet
  facet normal 0 0 -1
    outer loop
      vertex -3.21624 41.6037 4.74
      vertex 3.21624 41.6037 4.74
      vertex -2.7231 41.4363 4.74
    endloop
  endfacet
  facet normal 0 0 -1
    outer loop
      vertex 3.21624 41.6037 4.74
      vertex -3.21624 41.6037 4.74
      vertex 3.21731 41.604 4.74
    endloop
  endfacet
  facet normal 0 0 -1
    outer loop
      vertex -3.21731 41.604 4.74
      vertex 3.21731 41.604 4.74
      vertex -3.21624 41.6037 4.74
    endloop
  endfacet
  facet normal 0 0 -1
    outer loop
      vertex -3.21841 41.6043 4.74
      vertex 3.21731 41.604 4.74
      vertex -3.21731 41.604 4.74
    endloop
  endfacet
  facet normal 0 0 -1
    outer loop
      vertex 3.21841 41.6043 4.74
      vertex -3.21841 41.6043 4.74
      vertex 3.7292 41.7059 4.74
    endloop
  endfacet
  facet normal 0 0 -1
    outer loop
      vertex -3.7292 41.7059 4.74
      vertex 3.7292 41.7059 4.74
      vertex -3.21841 41.6043 4.74
    endloop
  endfacet
  facet normal 0 0 -1
    outer loop
      vertex 3.7292 41.7059 4.74
      vertex -3.7292 41.7059 4.74
      vertex 4.25 41.74 4.74
    endloop
  endfacet
  facet normal 0 0 -1
    outer loop
      vertex -3.73032 41.7059 4.74
      vertex 4.25 41.74 4.74
      vertex -3.7292 41.7059 4.74
    endloop
  endfacet
  facet normal 0 0 -1
    outer loop
      vertex -4.25 41.74 4.74
      vertex 4.25 41.74 4.74
      vertex -3.73032 41.7059 4.74
    endloop
  endfacet
  facet normal 0 0 -1
    outer loop
      vertex -4.25 41.74 4.74
      vertex 37.75 41.75 4.74
      vertex 4.25 41.74 4.74
    endloop
  endfacet
  facet normal 0 0 -1
    outer loop
      vertex -37.75 41.75 4.74
      vertex -4.25 41.74 4.74
      vertex -37.75 41.74 4.74
    endloop
  endfacet
  facet normal 0 0 -1
    outer loop
      vertex -4.25 41.74 4.74
      vertex -37.75 41.75 4.74
      vertex 37.75 41.75 4.74
    endloop
  endfacet
  facet normal 0 0 -1
    outer loop
      vertex -38.2697 41.7059 4.74
      vertex -37.75 41.75 4.74
      vertex -37.75 41.74 4.74
    endloop
  endfacet
  facet normal 0 0 -1
    outer loop
      vertex -38.2721 41.7158 4.74
      vertex -38.2697 41.7059 4.74
      vertex -38.2708 41.7059 4.74
    endloop
  endfacet
  facet normal 0 0 -1
    outer loop
      vertex -38.2697 41.7059 4.74
      vertex -38.2721 41.7158 4.74
      vertex -37.75 41.75 4.74
    endloop
  endfacet
  facet normal 0 0 -1
    outer loop
      vertex -38.7816 41.6043 4.74
      vertex -38.2721 41.7158 4.74
      vertex -38.2708 41.7059 4.74
    endloop
  endfacet
  facet normal 0 0 -1
    outer loop
      vertex -38.7853 41.6137 4.74
      vertex -38.7816 41.6043 4.74
      vertex -38.7827 41.604 4.74
    endloop
  endfacet
  facet normal 0 0 -1
    outer loop
      vertex -38.7816 41.6043 4.74
      vertex -38.7853 41.6137 4.74
      vertex -38.2721 41.7158 4.74
    endloop
  endfacet
  facet normal 0 0 -1
    outer loop
      vertex -38.7838 41.6037 4.74
      vertex -38.7853 41.6137 4.74
      vertex -38.7827 41.604 4.74
    endloop
  endfacet
  facet normal 0 0 -1
    outer loop
      vertex -39.2807 41.4455 4.74
      vertex -38.7838 41.6037 4.74
      vertex -39.2769 41.4363 4.74
    endloop
  endfacet
  facet normal -0 0 -1
    outer loop
      vertex -38.7838 41.6037 4.74
      vertex -39.2807 41.4455 4.74
      vertex -38.7853 41.6137 4.74
    endloop
  endfacet
  facet normal 0 0 -1
    outer loop
      vertex -39.744 41.2059 4.74
      vertex -39.2807 41.4455 4.74
      vertex -39.2769 41.4363 4.74
    endloop
  endfacet
  facet normal 0 0 -1
    outer loop
      vertex -39.75 41.2141 4.74
      vertex -39.744 41.2059 4.74
      vertex -39.745 41.2054 4.74
    endloop
  endfacet
  facet normal 0 0 -1
    outer loop
      vertex -39.744 41.2059 4.74
      vertex -39.75 41.2141 4.74
      vertex -39.2807 41.4455 4.74
    endloop
  endfacet
  facet normal 0 0 -1
    outer loop
      vertex -40.178 40.9161 4.74
      vertex -39.75 41.2141 4.74
      vertex -39.745 41.2054 4.74
    endloop
  endfacet
  facet normal 0 0 -1
    outer loop
      vertex -40.185 40.9234 4.74
      vertex -40.178 40.9161 4.74
      vertex -40.179 40.9155 4.74
    endloop
  endfacet
  facet normal 0 0 -1
    outer loop
      vertex -40.178 40.9161 4.74
      vertex -40.185 40.9234 4.74
      vertex -39.75 41.2141 4.74
    endloop
  endfacet
  facet normal 0 0 -1
    outer loop
      vertex -40.1798 40.9147 4.74
      vertex -40.185 40.9234 4.74
      vertex -40.179 40.9155 4.74
    endloop
  endfacet
  facet normal 0 0 -1
    outer loop
      vertex -40.5784 40.5784 4.74
      vertex -40.1798 40.9147 4.74
      vertex -40.5714 40.5714 4.74
    endloop
  endfacet
  facet normal -0 0 -1
    outer loop
      vertex -40.1798 40.9147 4.74
      vertex -40.5784 40.5784 4.74
      vertex -40.185 40.9234 4.74
    endloop
  endfacet
  facet normal 0 0 -1
    outer loop
      vertex -40.9147 40.1798 4.74
      vertex -40.5784 40.5784 4.74
      vertex -40.5714 40.5714 4.74
    endloop
  endfacet
  facet normal 0 0 -1
    outer loop
      vertex -40.9234 40.185 4.74
      vertex -40.9147 40.1798 4.74
      vertex -40.9155 40.179 4.74
    endloop
  endfacet
  facet normal 0 0 -1
    outer loop
      vertex -40.9147 40.1798 4.74
      vertex -40.9234 40.185 4.74
      vertex -40.5784 40.5784 4.74
    endloop
  endfacet
  facet normal 0 0 -1
    outer loop
      vertex -40.9161 40.178 4.74
      vertex -40.9234 40.185 4.74
      vertex -40.9155 40.179 4.74
    endloop
  endfacet
  facet normal 0 0 -1
    outer loop
      vertex -41.2141 39.75 4.74
      vertex -40.9161 40.178 4.74
      vertex -41.2054 39.745 4.74
    endloop
  endfacet
  facet normal -0 0 -1
    outer loop
      vertex -40.9161 40.178 4.74
      vertex -41.2141 39.75 4.74
      vertex -40.9234 40.185 4.74
    endloop
  endfacet
  facet normal 0 0 -1
    outer loop
      vertex -41.2059 39.744 4.74
      vertex -41.2141 39.75 4.74
      vertex -41.2054 39.745 4.74
    endloop
  endfacet
  facet normal 0 0 -1
    outer loop
      vertex -41.4455 39.2807 4.74
      vertex -41.2059 39.744 4.74
      vertex -41.4363 39.2769 4.74
    endloop
  endfacet
  facet normal -0 0 -1
    outer loop
      vertex -41.2059 39.744 4.74
      vertex -41.4455 39.2807 4.74
      vertex -41.2141 39.75 4.74
    endloop
  endfacet
  facet normal 0 0 -1
    outer loop
      vertex -41.6037 38.7838 4.74
      vertex -41.4455 39.2807 4.74
      vertex -41.4363 39.2769 4.74
    endloop
  endfacet
  facet normal 0 0 -1
    outer loop
      vertex -41.6137 38.7853 4.74
      vertex -41.6037 38.7838 4.74
      vertex -41.604 38.7827 4.74
    endloop
  endfacet
  facet normal 0 0 -1
    outer loop
      vertex -41.6037 38.7838 4.74
      vertex -41.6137 38.7853 4.74
      vertex -41.4455 39.2807 4.74
    endloop
  endfacet
  facet normal 0 0 -1
    outer loop
      vertex -41.6043 38.7816 4.74
      vertex -41.6137 38.7853 4.74
      vertex -41.604 38.7827 4.74
    endloop
  endfacet
  facet normal 0 0 -1
    outer loop
      vertex -41.7158 38.2721 4.74
      vertex -41.6043 38.7816 4.74
      vertex -41.7059 38.2708 4.74
    endloop
  endfacet
  facet normal -0 0 -1
    outer loop
      vertex -41.6043 38.7816 4.74
      vertex -41.7158 38.2721 4.74
      vertex -41.6137 38.7853 4.74
    endloop
  endfacet
  facet normal 0 0 -1
    outer loop
      vertex -41.7059 38.2697 4.74
      vertex -41.7158 38.2721 4.74
      vertex -41.7059 38.2708 4.74
    endloop
  endfacet
  facet normal 0 0 -1
    outer loop
      vertex -41.75 37.75 4.74
      vertex -41.7059 38.2697 4.74
      vertex -41.74 37.75 4.74
    endloop
  endfacet
  facet normal -0 0 -1
    outer loop
      vertex -41.7059 38.2697 4.74
      vertex -41.75 37.75 4.74
      vertex -41.7158 38.2721 4.74
    endloop
  endfacet
  facet normal 0 0 -1
    outer loop
      vertex -41.74 4.25 4.74
      vertex -41.75 37.75 4.74
      vertex -41.74 37.75 4.74
    endloop
  endfacet
  facet normal 0 0 1
    outer loop
      vertex 40.55 37.75 41.14
      vertex 41.75 37.75 41.14
      vertex 41.7158 38.2721 41.14
    endloop
  endfacet
  facet normal 0 0 1
    outer loop
      vertex 41.75 37.75 41.14
      vertex 40.55 37.75 41.14
      vertex 41.75 -37.75 41.14
    endloop
  endfacet
  facet normal 0 0 1
    outer loop
      vertex 40.526 38.1155 41.14
      vertex 41.7158 38.2721 41.14
      vertex 41.6137 38.7853 41.14
    endloop
  endfacet
  facet normal 0 0 1
    outer loop
      vertex 40.55 -37.75 41.14
      vertex 41.75 -37.75 41.14
      vertex 40.55 37.75 41.14
    endloop
  endfacet
  facet normal 0 0 1
    outer loop
      vertex 40.4546 38.4747 41.14
      vertex 41.6137 38.7853 41.14
      vertex 41.4455 39.2807 41.14
    endloop
  endfacet
  facet normal 0 0 1
    outer loop
      vertex 41.75 -37.75 41.14
      vertex 40.55 -37.75 41.14
      vertex 41.7158 -38.2721 41.14
    endloop
  endfacet
  facet normal 0 0 1
    outer loop
      vertex 40.3369 38.8215 41.14
      vertex 41.4455 39.2807 41.14
      vertex 41.2141 39.75 41.14
    endloop
  endfacet
  facet normal -0 0 1
    outer loop
      vertex 40.526 -38.1155 41.14
      vertex 41.7158 -38.2721 41.14
      vertex 40.55 -37.75 41.14
    endloop
  endfacet
  facet normal 0 0 1
    outer loop
      vertex 40.1749 39.15 41.14
      vertex 41.2141 39.75 41.14
      vertex 40.9234 40.185 41.14
    endloop
  endfacet
  facet normal 0 0 1
    outer loop
      vertex 41.7158 -38.2721 41.14
      vertex 40.526 -38.1155 41.14
      vertex 41.6137 -38.7853 41.14
    endloop
  endfacet
  facet normal 0 0 1
    outer loop
      vertex 39.9714 39.4545 41.14
      vertex 40.9234 40.185 41.14
      vertex 40.5784 40.5784 41.14
    endloop
  endfacet
  facet normal -0 0 1
    outer loop
      vertex 40.4546 -38.4747 41.14
      vertex 41.6137 -38.7853 41.14
      vertex 40.526 -38.1155 41.14
    endloop
  endfacet
  facet normal 0 0 1
    outer loop
      vertex 41.6137 -38.7853 41.14
      vertex 40.4546 -38.4747 41.14
      vertex 41.4455 -39.2807 41.14
    endloop
  endfacet
  facet normal 0 0 1
    outer loop
      vertex 41.7158 38.2721 41.14
      vertex 40.526 38.1155 41.14
      vertex 40.55 37.75 41.14
    endloop
  endfacet
  facet normal 0 0 1
    outer loop
      vertex 41.6137 38.7853 41.14
      vertex 40.4546 38.4747 41.14
      vertex 40.526 38.1155 41.14
    endloop
  endfacet
  facet normal 0 0 1
    outer loop
      vertex 41.4455 39.2807 41.14
      vertex 40.3369 38.8215 41.14
      vertex 40.4546 38.4747 41.14
    endloop
  endfacet
  facet normal 0 0 1
    outer loop
      vertex 39.7299 39.7299 41.14
      vertex 40.5784 40.5784 41.14
      vertex 40.185 40.9234 41.14
    endloop
  endfacet
  facet normal 0 0 1
    outer loop
      vertex 41.2141 39.75 41.14
      vertex 40.1749 39.15 41.14
      vertex 40.3369 38.8215 41.14
    endloop
  endfacet
  facet normal 0 0 1
    outer loop
      vertex 40.9234 40.185 41.14
      vertex 39.9714 39.4545 41.14
      vertex 40.1749 39.15 41.14
    endloop
  endfacet
  facet normal 0 0 1
    outer loop
      vertex 39.4545 39.9714 41.14
      vertex 40.185 40.9234 41.14
      vertex 39.75 41.2141 41.14
    endloop
  endfacet
  facet normal 0 0 1
    outer loop
      vertex 40.5784 40.5784 41.14
      vertex 39.7299 39.7299 41.14
      vertex 39.9714 39.4545 41.14
    endloop
  endfacet
  facet normal 0 0 1
    outer loop
      vertex 40.185 40.9234 41.14
      vertex 39.4545 39.9714 41.14
      vertex 39.7299 39.7299 41.14
    endloop
  endfacet
  facet normal 0 0 1
    outer loop
      vertex 39.15 40.1749 41.14
      vertex 39.75 41.2141 41.14
      vertex 39.2807 41.4455 41.14
    endloop
  endfacet
  facet normal 0 0 1
    outer loop
      vertex 39.75 41.2141 41.14
      vertex 39.15 40.1749 41.14
      vertex 39.4545 39.9714 41.14
    endloop
  endfacet
  facet normal 0 0 1
    outer loop
      vertex 39.2807 41.4455 41.14
      vertex 38.8215 40.3369 41.14
      vertex 39.15 40.1749 41.14
    endloop
  endfacet
  facet normal 0 0 1
    outer loop
      vertex 38.7853 41.6137 41.14
      vertex 38.8215 40.3369 41.14
      vertex 39.2807 41.4455 41.14
    endloop
  endfacet
  facet normal 0 0 1
    outer loop
      vertex 38.7853 41.6137 41.14
      vertex 38.4747 40.4546 41.14
      vertex 38.8215 40.3369 41.14
    endloop
  endfacet
  facet normal 0 0 1
    outer loop
      vertex 38.2721 41.7158 41.14
      vertex 38.4747 40.4546 41.14
      vertex 38.7853 41.6137 41.14
    endloop
  endfacet
  facet normal 0 0 1
    outer loop
      vertex 38.2721 41.7158 41.14
      vertex 38.1155 40.526 41.14
      vertex 38.4747 40.4546 41.14
    endloop
  endfacet
  facet normal 0 0 1
    outer loop
      vertex 37.75 41.75 41.14
      vertex 38.1155 40.526 41.14
      vertex 38.2721 41.7158 41.14
    endloop
  endfacet
  facet normal 0 0 1
    outer loop
      vertex 37.75 41.75 41.14
      vertex 37.75 40.55 41.14
      vertex 38.1155 40.526 41.14
    endloop
  endfacet
  facet normal -0 0 1
    outer loop
      vertex -37.75 41.75 41.14
      vertex 37.75 40.55 41.14
      vertex 37.75 41.75 41.14
    endloop
  endfacet
  facet normal 0 0 1
    outer loop
      vertex -37.75 41.75 41.14
      vertex -37.75 40.55 41.14
      vertex 37.75 40.55 41.14
    endloop
  endfacet
  facet normal 0 0 1
    outer loop
      vertex -37.75 41.75 41.14
      vertex -38.1155 40.526 41.14
      vertex -37.75 40.55 41.14
    endloop
  endfacet
  facet normal -0 0 1
    outer loop
      vertex -38.2721 41.7158 41.14
      vertex -38.1155 40.526 41.14
      vertex -37.75 41.75 41.14
    endloop
  endfacet
  facet normal 0 0 1
    outer loop
      vertex -38.2721 41.7158 41.14
      vertex -38.4747 40.4546 41.14
      vertex -38.1155 40.526 41.14
    endloop
  endfacet
  facet normal -0 0 1
    outer loop
      vertex -38.7853 41.6137 41.14
      vertex -38.4747 40.4546 41.14
      vertex -38.2721 41.7158 41.14
    endloop
  endfacet
  facet normal 0 0 1
    outer loop
      vertex -38.7853 41.6137 41.14
      vertex -38.8215 40.3369 41.14
      vertex -38.4747 40.4546 41.14
    endloop
  endfacet
  facet normal -0 0 1
    outer loop
      vertex -39.2807 41.4455 41.14
      vertex -38.8215 40.3369 41.14
      vertex -38.7853 41.6137 41.14
    endloop
  endfacet
  facet normal 0 0 1
    outer loop
      vertex -38.8215 40.3369 41.14
      vertex -39.2807 41.4455 41.14
      vertex -39.15 40.1749 41.14
    endloop
  endfacet
  facet normal -0 0 1
    outer loop
      vertex -39.75 41.2141 41.14
      vertex -39.15 40.1749 41.14
      vertex -39.2807 41.4455 41.14
    endloop
  endfacet
  facet normal 0 0 1
    outer loop
      vertex -39.15 40.1749 41.14
      vertex -39.75 41.2141 41.14
      vertex -39.4545 39.9714 41.14
    endloop
  endfacet
  facet normal -0 0 1
    outer loop
      vertex -40.185 40.9234 41.14
      vertex -39.4545 39.9714 41.14
      vertex -39.75 41.2141 41.14
    endloop
  endfacet
  facet normal 0 0 1
    outer loop
      vertex -39.4545 39.9714 41.14
      vertex -40.185 40.9234 41.14
      vertex -39.7299 39.7299 41.14
    endloop
  endfacet
  facet normal -0 0 1
    outer loop
      vertex -40.5784 40.5784 41.14
      vertex -39.7299 39.7299 41.14
      vertex -40.185 40.9234 41.14
    endloop
  endfacet
  facet normal 0 0 1
    outer loop
      vertex -39.7299 39.7299 41.14
      vertex -40.5784 40.5784 41.14
      vertex -39.9714 39.4545 41.14
    endloop
  endfacet
  facet normal -0 0 1
    outer loop
      vertex -40.9234 40.185 41.14
      vertex -39.9714 39.4545 41.14
      vertex -40.5784 40.5784 41.14
    endloop
  endfacet
  facet normal 0 0 1
    outer loop
      vertex -39.9714 39.4545 41.14
      vertex -40.9234 40.185 41.14
      vertex -40.1749 39.15 41.14
    endloop
  endfacet
  facet normal -0 0 1
    outer loop
      vertex -41.2141 39.75 41.14
      vertex -40.1749 39.15 41.14
      vertex -40.9234 40.185 41.14
    endloop
  endfacet
  facet normal 0 0 1
    outer loop
      vertex -40.3369 38.8215 41.14
      vertex -41.4455 39.2807 41.14
      vertex -40.4546 38.4747 41.14
    endloop
  endfacet
  facet normal -0 0 1
    outer loop
      vertex -41.4455 39.2807 41.14
      vertex -40.3369 38.8215 41.14
      vertex -41.2141 39.75 41.14
    endloop
  endfacet
  facet normal 0 0 1
    outer loop
      vertex -40.1749 39.15 41.14
      vertex -41.2141 39.75 41.14
      vertex -40.3369 38.8215 41.14
    endloop
  endfacet
  facet normal -0 0 1
    outer loop
      vertex 40.3369 -38.8215 41.14
      vertex 41.4455 -39.2807 41.14
      vertex 40.4546 -38.4747 41.14
    endloop
  endfacet
  facet normal 0 0 1
    outer loop
      vertex 41.4455 -39.2807 41.14
      vertex 40.3369 -38.8215 41.14
      vertex 41.2141 -39.75 41.14
    endloop
  endfacet
  facet normal -0 0 1
    outer loop
      vertex 40.1749 -39.15 41.14
      vertex 41.2141 -39.75 41.14
      vertex 40.3369 -38.8215 41.14
    endloop
  endfacet
  facet normal 0 0 1
    outer loop
      vertex 41.2141 -39.75 41.14
      vertex 40.1749 -39.15 41.14
      vertex 40.9234 -40.185 41.14
    endloop
  endfacet
  facet normal -0 0 1
    outer loop
      vertex 39.9714 -39.4545 41.14
      vertex 40.9234 -40.185 41.14
      vertex 40.1749 -39.15 41.14
    endloop
  endfacet
  facet normal 0 0 1
    outer loop
      vertex 40.9234 -40.185 41.14
      vertex 39.9714 -39.4545 41.14
      vertex 40.5784 -40.5784 41.14
    endloop
  endfacet
  facet normal -0 0 1
    outer loop
      vertex 39.7299 -39.7299 41.14
      vertex 40.5784 -40.5784 41.14
      vertex 39.9714 -39.4545 41.14
    endloop
  endfacet
  facet normal 0 0 1
    outer loop
      vertex 40.5784 -40.5784 41.14
      vertex 39.7299 -39.7299 41.14
      vertex 40.185 -40.9234 41.14
    endloop
  endfacet
  facet normal -0 0 1
    outer loop
      vertex 39.4545 -39.9714 41.14
      vertex 40.185 -40.9234 41.14
      vertex 39.7299 -39.7299 41.14
    endloop
  endfacet
  facet normal 0 0 1
    outer loop
      vertex 40.185 -40.9234 41.14
      vertex 39.4545 -39.9714 41.14
      vertex 39.75 -41.2141 41.14
    endloop
  endfacet
  facet normal -0 0 1
    outer loop
      vertex 39.15 -40.1749 41.14
      vertex 39.75 -41.2141 41.14
      vertex 39.4545 -39.9714 41.14
    endloop
  endfacet
  facet normal 0 0 1
    outer loop
      vertex 39.75 -41.2141 41.14
      vertex 39.15 -40.1749 41.14
      vertex 39.2807 -41.4455 41.14
    endloop
  endfacet
  facet normal -0 0 1
    outer loop
      vertex 38.8215 -40.3369 41.14
      vertex 39.2807 -41.4455 41.14
      vertex 39.15 -40.1749 41.14
    endloop
  endfacet
  facet normal 0 0 1
    outer loop
      vertex 38.8215 -40.3369 41.14
      vertex 38.7853 -41.6137 41.14
      vertex 39.2807 -41.4455 41.14
    endloop
  endfacet
  facet normal -0 0 1
    outer loop
      vertex 38.4747 -40.4546 41.14
      vertex 38.7853 -41.6137 41.14
      vertex 38.8215 -40.3369 41.14
    endloop
  endfacet
  facet normal 0 0 1
    outer loop
      vertex 38.4747 -40.4546 41.14
      vertex 38.2721 -41.7158 41.14
      vertex 38.7853 -41.6137 41.14
    endloop
  endfacet
  facet normal -0 0 1
    outer loop
      vertex 38.1155 -40.526 41.14
      vertex 38.2721 -41.7158 41.14
      vertex 38.4747 -40.4546 41.14
    endloop
  endfacet
  facet normal -0 0 1
    outer loop
      vertex 37.75 -40.55 41.14
      vertex 38.2721 -41.7158 41.14
      vertex 38.1155 -40.526 41.14
    endloop
  endfacet
  facet normal 0 0 1
    outer loop
      vertex 37.75 -40.55 41.14
      vertex 37.75 -41.75 41.14
      vertex 38.2721 -41.7158 41.14
    endloop
  endfacet
  facet normal -0 0 1
    outer loop
      vertex -37.75 -40.55 41.14
      vertex 37.75 -41.75 41.14
      vertex 37.75 -40.55 41.14
    endloop
  endfacet
  facet normal 0 0 1
    outer loop
      vertex -37.75 -40.55 41.14
      vertex -37.75 -41.75 41.14
      vertex 37.75 -41.75 41.14
    endloop
  endfacet
  facet normal 0 0 1
    outer loop
      vertex -38.1155 -40.526 41.14
      vertex -37.75 -41.75 41.14
      vertex -37.75 -40.55 41.14
    endloop
  endfacet
  facet normal 0 0 1
    outer loop
      vertex -38.1155 -40.526 41.14
      vertex -38.2721 -41.7158 41.14
      vertex -37.75 -41.75 41.14
    endloop
  endfacet
  facet normal 0 0 1
    outer loop
      vertex -38.4747 -40.4546 41.14
      vertex -38.2721 -41.7158 41.14
      vertex -38.1155 -40.526 41.14
    endloop
  endfacet
  facet normal 0 0 1
    outer loop
      vertex -38.4747 -40.4546 41.14
      vertex -38.7853 -41.6137 41.14
      vertex -38.2721 -41.7158 41.14
    endloop
  endfacet
  facet normal 0 0 1
    outer loop
      vertex -38.8215 -40.3369 41.14
      vertex -38.7853 -41.6137 41.14
      vertex -38.4747 -40.4546 41.14
    endloop
  endfacet
  facet normal 0 0 1
    outer loop
      vertex -39.2807 -41.4455 41.14
      vertex -38.8215 -40.3369 41.14
      vertex -39.15 -40.1749 41.14
    endloop
  endfacet
  facet normal 0 0 1
    outer loop
      vertex -38.8215 -40.3369 41.14
      vertex -39.2807 -41.4455 41.14
      vertex -38.7853 -41.6137 41.14
    endloop
  endfacet
  facet normal 0 0 1
    outer loop
      vertex -39.75 -41.2141 41.14
      vertex -39.15 -40.1749 41.14
      vertex -39.4545 -39.9714 41.14
    endloop
  endfacet
  facet normal 0 0 1
    outer loop
      vertex -40.185 -40.9234 41.14
      vertex -39.4545 -39.9714 41.14
      vertex -39.7299 -39.7299 41.14
    endloop
  endfacet
  facet normal 0 0 1
    outer loop
      vertex -39.15 -40.1749 41.14
      vertex -39.75 -41.2141 41.14
      vertex -39.2807 -41.4455 41.14
    endloop
  endfacet
  facet normal 0 0 1
    outer loop
      vertex -40.5784 -40.5784 41.14
      vertex -39.7299 -39.7299 41.14
      vertex -39.9714 -39.4545 41.14
    endloop
  endfacet
  facet normal 0 0 1
    outer loop
      vertex -40.9234 -40.185 41.14
      vertex -39.9714 -39.4545 41.14
      vertex -40.1749 -39.15 41.14
    endloop
  endfacet
  facet normal 0 0 1
    outer loop
      vertex -39.4545 -39.9714 41.14
      vertex -40.185 -40.9234 41.14
      vertex -39.75 -41.2141 41.14
    endloop
  endfacet
  facet normal 0 0 1
    outer loop
      vertex -41.2141 -39.75 41.14
      vertex -40.1749 -39.15 41.14
      vertex -40.3369 -38.8215 41.14
    endloop
  endfacet
  facet normal 0 0 1
    outer loop
      vertex -41.4455 -39.2807 41.14
      vertex -40.3369 -38.8215 41.14
      vertex -40.4546 -38.4747 41.14
    endloop
  endfacet
  facet normal 0 0 1
    outer loop
      vertex -41.6137 -38.7853 41.14
      vertex -40.4546 -38.4747 41.14
      vertex -40.526 -38.1155 41.14
    endloop
  endfacet
  facet normal 0 0 1
    outer loop
      vertex -39.7299 -39.7299 41.14
      vertex -40.5784 -40.5784 41.14
      vertex -40.185 -40.9234 41.14
    endloop
  endfacet
  facet normal 0 0 1
    outer loop
      vertex -41.7158 -38.2721 41.14
      vertex -40.526 -38.1155 41.14
      vertex -40.55 -37.75 41.14
    endloop
  endfacet
  facet normal 0 0 1
    outer loop
      vertex -40.55 37.75 41.14
      vertex -41.75 37.75 41.14
      vertex -40.55 -37.75 41.14
    endloop
  endfacet
  facet normal -0 0 1
    outer loop
      vertex -41.6137 38.7853 41.14
      vertex -40.4546 38.4747 41.14
      vertex -41.4455 39.2807 41.14
    endloop
  endfacet
  facet normal 0 0 1
    outer loop
      vertex -41.75 -37.75 41.14
      vertex -40.55 -37.75 41.14
      vertex -41.75 37.75 41.14
    endloop
  endfacet
  facet normal 0 0 1
    outer loop
      vertex -40.4546 38.4747 41.14
      vertex -41.6137 38.7853 41.14
      vertex -40.526 38.1155 41.14
    endloop
  endfacet
  facet normal 0 -0 1
    outer loop
      vertex -41.7158 -38.2721 41.14
      vertex -40.55 -37.75 41.14
      vertex -41.75 -37.75 41.14
    endloop
  endfacet
  facet normal -0 0 1
    outer loop
      vertex -41.7158 38.2721 41.14
      vertex -40.526 38.1155 41.14
      vertex -41.6137 38.7853 41.14
    endloop
  endfacet
  facet normal 0 0 1
    outer loop
      vertex -39.9714 -39.4545 41.14
      vertex -40.9234 -40.185 41.14
      vertex -40.5784 -40.5784 41.14
    endloop
  endfacet
  facet normal 0 0 1
    outer loop
      vertex -40.526 38.1155 41.14
      vertex -41.7158 38.2721 41.14
      vertex -40.55 37.75 41.14
    endloop
  endfacet
  facet normal 0 0 1
    outer loop
      vertex -40.1749 -39.15 41.14
      vertex -41.2141 -39.75 41.14
      vertex -40.9234 -40.185 41.14
    endloop
  endfacet
  facet normal 0 0 1
    outer loop
      vertex -40.55 37.75 41.14
      vertex -41.7158 38.2721 41.14
      vertex -41.75 37.75 41.14
    endloop
  endfacet
  facet normal 0 0 1
    outer loop
      vertex -40.3369 -38.8215 41.14
      vertex -41.4455 -39.2807 41.14
      vertex -41.2141 -39.75 41.14
    endloop
  endfacet
  facet normal 0 0 1
    outer loop
      vertex -40.4546 -38.4747 41.14
      vertex -41.6137 -38.7853 41.14
      vertex -41.4455 -39.2807 41.14
    endloop
  endfacet
  facet normal 0 0 1
    outer loop
      vertex -40.526 -38.1155 41.14
      vertex -41.7158 -38.2721 41.14
      vertex -41.6137 -38.7853 41.14
    endloop
  endfacet
  facet normal -0.659316 0.751866 0
    outer loop
      vertex 39.7299 -39.7299 6.16
      vertex 39.4545 -39.9714 35.15
      vertex 39.7299 -39.7299 35.15
    endloop
  endfacet
  facet normal -0.659316 0.751866 0
    outer loop
      vertex 39.4545 -39.9714 35.15
      vertex 39.7299 -39.7299 6.16
      vertex 39.4545 -39.9714 6.16
    endloop
  endfacet
  facet normal -0.659316 0.751866 0
    outer loop
      vertex 39.7299 -39.7299 36.35
      vertex 39.4545 -39.9714 41.14
      vertex 39.7299 -39.7299 41.14
    endloop
  endfacet
  facet normal -0.659316 0.751866 0
    outer loop
      vertex 39.4545 -39.9714 41.14
      vertex 39.7299 -39.7299 36.35
      vertex 39.4545 -39.9714 36.35
    endloop
  endfacet
  facet normal 0.659316 0.751866 -0
    outer loop
      vertex -39.4545 -39.9714 6.16
      vertex -39.7299 -39.7299 35.15
      vertex -39.4545 -39.9714 35.15
    endloop
  endfacet
  facet normal 0.659316 0.751866 0
    outer loop
      vertex -39.7299 -39.7299 35.15
      vertex -39.4545 -39.9714 6.16
      vertex -39.7299 -39.7299 6.16
    endloop
  endfacet
  facet normal 0.659316 0.751866 -0
    outer loop
      vertex -39.4545 -39.9714 36.35
      vertex -39.7299 -39.7299 41.14
      vertex -39.4545 -39.9714 41.14
    endloop
  endfacet
  facet normal 0.659316 0.751866 0
    outer loop
      vertex -39.7299 -39.7299 41.14
      vertex -39.4545 -39.9714 36.35
      vertex -39.7299 -39.7299 36.35
    endloop
  endfacet
  facet normal -0.442292 0.896871 0
    outer loop
      vertex 39.15 -40.1749 6.16
      vertex 38.8215 -40.3369 35.15
      vertex 39.15 -40.1749 35.15
    endloop
  endfacet
  facet normal -0.442292 0.896871 0
    outer loop
      vertex 38.8215 -40.3369 35.15
      vertex 39.15 -40.1749 6.16
      vertex 38.8215 -40.3369 6.16
    endloop
  endfacet
  facet normal -0.442292 0.896871 0
    outer loop
      vertex 39.15 -40.1749 36.35
      vertex 38.8215 -40.3369 41.14
      vertex 39.15 -40.1749 41.14
    endloop
  endfacet
  facet normal -0.442292 0.896871 0
    outer loop
      vertex 38.8215 -40.3369 41.14
      vertex 39.15 -40.1749 36.35
      vertex 38.8215 -40.3369 36.35
    endloop
  endfacet
  facet normal -0.321384 0.946949 0
    outer loop
      vertex 38.8215 -40.3369 6.16
      vertex 38.4747 -40.4546 35.15
      vertex 38.8215 -40.3369 35.15
    endloop
  endfacet
  facet normal -0.321384 0.946949 0
    outer loop
      vertex 38.4747 -40.4546 35.15
      vertex 38.8215 -40.3369 6.16
      vertex 38.4747 -40.4546 6.16
    endloop
  endfacet
  facet normal -0.321384 0.946949 0
    outer loop
      vertex 38.8215 -40.3369 36.35
      vertex 38.4747 -40.4546 41.14
      vertex 38.8215 -40.3369 41.14
    endloop
  endfacet
  facet normal -0.321384 0.946949 0
    outer loop
      vertex 38.4747 -40.4546 41.14
      vertex 38.8215 -40.3369 36.35
      vertex 38.4747 -40.4546 36.35
    endloop
  endfacet
  facet normal 0.194961 0.980811 -0
    outer loop
      vertex -38.1155 -40.526 6.16
      vertex -38.4747 -40.4546 35.15
      vertex -38.1155 -40.526 35.15
    endloop
  endfacet
  facet normal 0.194961 0.980811 0
    outer loop
      vertex -38.4747 -40.4546 35.15
      vertex -38.1155 -40.526 6.16
      vertex -38.4747 -40.4546 6.16
    endloop
  endfacet
  facet normal 0.194961 0.980811 -0
    outer loop
      vertex -38.1155 -40.526 36.35
      vertex -38.4747 -40.4546 41.14
      vertex -38.1155 -40.526 41.14
    endloop
  endfacet
  facet normal 0.194961 0.980811 0
    outer loop
      vertex -38.4747 -40.4546 41.14
      vertex -38.1155 -40.526 36.35
      vertex -38.4747 -40.4546 36.35
    endloop
  endfacet
  facet normal 1 0 0
    outer loop
      vertex -40.55 -37.75 41.14
      vertex -40.55 -37.7501 36.35
      vertex -40.55 -37.75 6.16
    endloop
  endfacet
  facet normal 0.997851 0.0655224 -1.3679e-06
    outer loop
      vertex -40.526 -38.1155 41.14
      vertex -40.55 -37.7501 36.35
      vertex -40.55 -37.75 41.14
    endloop
  endfacet
  facet normal 0.99785 0.0655402 0
    outer loop
      vertex -40.55 -37.7501 36.35
      vertex -40.526 -38.1155 41.14
      vertex -40.526 -38.1155 36.35
    endloop
  endfacet
  facet normal 1 -0 0
    outer loop
      vertex -40.55 -37.7501 35.15
      vertex -40.55 -37.75 6.16
      vertex -40.55 -37.7501 36.35
    endloop
  endfacet
  facet normal 0.99785 0.0655402 2.26079e-07
    outer loop
      vertex -40.526 -38.1155 35.15
      vertex -40.55 -37.75 6.16
      vertex -40.55 -37.7501 35.15
    endloop
  endfacet
  facet normal 0.997851 0.0655224 0
    outer loop
      vertex -40.55 -37.75 6.16
      vertex -40.526 -38.1155 35.15
      vertex -40.526 -38.1155 6.16
    endloop
  endfacet
  facet normal -0.194961 0.980811 0
    outer loop
      vertex 38.4747 -40.4546 6.16
      vertex 38.1155 -40.526 35.15
      vertex 38.4747 -40.4546 35.15
    endloop
  endfacet
  facet normal -0.194961 0.980811 0
    outer loop
      vertex 38.1155 -40.526 35.15
      vertex 38.4747 -40.4546 6.16
      vertex 38.1155 -40.526 6.16
    endloop
  endfacet
  facet normal -0.194961 0.980811 0
    outer loop
      vertex 38.4747 -40.4546 36.35
      vertex 38.1155 -40.526 41.14
      vertex 38.4747 -40.4546 41.14
    endloop
  endfacet
  facet normal -0.194961 0.980811 0
    outer loop
      vertex 38.1155 -40.526 41.14
      vertex 38.4747 -40.4546 36.35
      vertex 38.1155 -40.526 36.35
    endloop
  endfacet
  facet normal 0 1 -0
    outer loop
      vertex 37.75 -40.55 6.16
      vertex -37.75 -40.55 35.15
      vertex 37.75 -40.55 35.15
    endloop
  endfacet
  facet normal 0 1 0
    outer loop
      vertex -37.75 -40.55 35.15
      vertex 37.75 -40.55 6.16
      vertex -37.75 -40.55 6.16
    endloop
  endfacet
  facet normal 0 1 -0
    outer loop
      vertex 37.75 -40.55 36.35
      vertex -37.75 -40.55 41.14
      vertex 37.75 -40.55 41.14
    endloop
  endfacet
  facet normal 0 1 0
    outer loop
      vertex -37.75 -40.55 41.14
      vertex 37.75 -40.55 36.35
      vertex -37.75 -40.55 36.35
    endloop
  endfacet
  facet normal 0.83142 -0.555645 0
    outer loop
      vertex -40.1749 39.15 41.14
      vertex -39.9714 39.4545 6.16
      vertex -39.9714 39.4545 41.14
    endloop
  endfacet
  facet normal 0.83142 -0.555645 0
    outer loop
      vertex -39.9714 39.4545 6.16
      vertex -40.1749 39.15 41.14
      vertex -40.1749 39.15 6.16
    endloop
  endfacet
  facet normal 0.442292 -0.896871 0
    outer loop
      vertex -39.15 40.1749 6.16
      vertex -38.8215 40.3369 41.14
      vertex -39.15 40.1749 41.14
    endloop
  endfacet
  facet normal 0.442292 -0.896871 0
    outer loop
      vertex -38.8215 40.3369 41.14
      vertex -39.15 40.1749 6.16
      vertex -38.8215 40.3369 6.16
    endloop
  endfacet
  facet normal 1 -0 0
    outer loop
      vertex -40.55 -37.75 41.14
      vertex -40.55 37.75 6.16
      vertex -40.55 37.75 41.14
    endloop
  endfacet
  facet normal 1 0 0
    outer loop
      vertex -40.55 37.75 6.16
      vertex -40.55 -37.75 41.14
      vertex -40.55 -37.75 6.16
    endloop
  endfacet
  facet normal 0.980811 0.194961 0
    outer loop
      vertex -40.4546 -38.4747 35.15
      vertex -40.526 -38.1155 6.16
      vertex -40.526 -38.1155 35.15
    endloop
  endfacet
  facet normal 0.980811 0.194961 0
    outer loop
      vertex -40.526 -38.1155 6.16
      vertex -40.4546 -38.4747 35.15
      vertex -40.4546 -38.4747 6.16
    endloop
  endfacet
  facet normal 0.980811 0.194961 0
    outer loop
      vertex -40.4546 -38.4747 41.14
      vertex -40.526 -38.1155 36.35
      vertex -40.526 -38.1155 41.14
    endloop
  endfacet
  facet normal 0.980811 0.194961 0
    outer loop
      vertex -40.526 -38.1155 36.35
      vertex -40.4546 -38.4747 41.14
      vertex -40.4546 -38.4747 36.35
    endloop
  endfacet
  facet normal 0.896871 0.442292 0
    outer loop
      vertex -40.1749 -39.15 35.15
      vertex -40.3369 -38.8215 6.16
      vertex -40.3369 -38.8215 35.15
    endloop
  endfacet
  facet normal 0.896871 0.442292 0
    outer loop
      vertex -40.3369 -38.8215 6.16
      vertex -40.1749 -39.15 35.15
      vertex -40.1749 -39.15 6.16
    endloop
  endfacet
  facet normal 0.896871 0.442292 0
    outer loop
      vertex -40.1749 -39.15 41.14
      vertex -40.3369 -38.8215 36.35
      vertex -40.3369 -38.8215 41.14
    endloop
  endfacet
  facet normal 0.896871 0.442292 0
    outer loop
      vertex -40.3369 -38.8215 36.35
      vertex -40.1749 -39.15 41.14
      vertex -40.1749 -39.15 36.35
    endloop
  endfacet
  facet normal 0 -1 0
    outer loop
      vertex -37.75 40.55 6.16
      vertex 37.75 40.55 41.14
      vertex -37.75 40.55 41.14
    endloop
  endfacet
  facet normal 0 -1 -0
    outer loop
      vertex 37.75 40.55 41.14
      vertex -37.75 40.55 6.16
      vertex 37.75 40.55 6.16
    endloop
  endfacet
  facet normal 0.321384 -0.946949 0
    outer loop
      vertex -38.8215 40.3369 6.16
      vertex -38.4747 40.4546 41.14
      vertex -38.8215 40.3369 41.14
    endloop
  endfacet
  facet normal 0.321384 -0.946949 0
    outer loop
      vertex -38.4747 40.4546 41.14
      vertex -38.8215 40.3369 6.16
      vertex -38.4747 40.4546 6.16
    endloop
  endfacet
  facet normal 0.997851 -0.0655224 0
    outer loop
      vertex -40.55 37.75 41.14
      vertex -40.526 38.1155 6.16
      vertex -40.526 38.1155 41.14
    endloop
  endfacet
  facet normal 0.997851 -0.0655224 0
    outer loop
      vertex -40.526 38.1155 6.16
      vertex -40.55 37.75 41.14
      vertex -40.55 37.75 6.16
    endloop
  endfacet
  facet normal -0.0655224 0.997851 0
    outer loop
      vertex 38.1155 -40.526 6.16
      vertex 37.75 -40.55 35.15
      vertex 38.1155 -40.526 35.15
    endloop
  endfacet
  facet normal -0.0655224 0.997851 0
    outer loop
      vertex 37.75 -40.55 35.15
      vertex 38.1155 -40.526 6.16
      vertex 37.75 -40.55 6.16
    endloop
  endfacet
  facet normal -0.0655224 0.997851 0
    outer loop
      vertex 38.1155 -40.526 36.35
      vertex 37.75 -40.55 41.14
      vertex 38.1155 -40.526 41.14
    endloop
  endfacet
  facet normal -0.0655224 0.997851 0
    outer loop
      vertex 37.75 -40.55 41.14
      vertex 38.1155 -40.526 36.35
      vertex 37.75 -40.55 36.35
    endloop
  endfacet
  facet normal 0.321384 0.946949 -0
    outer loop
      vertex -38.4747 -40.4546 6.16
      vertex -38.8215 -40.3369 35.15
      vertex -38.4747 -40.4546 35.15
    endloop
  endfacet
  facet normal 0.321384 0.946949 0
    outer loop
      vertex -38.8215 -40.3369 35.15
      vertex -38.4747 -40.4546 6.16
      vertex -38.8215 -40.3369 6.16
    endloop
  endfacet
  facet normal 0.321384 0.946949 -0
    outer loop
      vertex -38.4747 -40.4546 36.35
      vertex -38.8215 -40.3369 41.14
      vertex -38.4747 -40.4546 41.14
    endloop
  endfacet
  facet normal 0.321384 0.946949 0
    outer loop
      vertex -38.8215 -40.3369 41.14
      vertex -38.4747 -40.4546 36.35
      vertex -38.8215 -40.3369 36.35
    endloop
  endfacet
  facet normal -0.751866 0.659316 0
    outer loop
      vertex 39.7299 -39.7299 6.16
      vertex 39.9714 -39.4545 35.15
      vertex 39.9714 -39.4545 6.16
    endloop
  endfacet
  facet normal -0.751866 0.659316 0
    outer loop
      vertex 39.9714 -39.4545 35.15
      vertex 39.7299 -39.7299 6.16
      vertex 39.7299 -39.7299 35.15
    endloop
  endfacet
  facet normal -0.751866 0.659316 0
    outer loop
      vertex 39.7299 -39.7299 36.35
      vertex 39.9714 -39.4545 41.14
      vertex 39.9714 -39.4545 36.35
    endloop
  endfacet
  facet normal -0.751866 0.659316 0
    outer loop
      vertex 39.9714 -39.4545 41.14
      vertex 39.7299 -39.7299 36.35
      vertex 39.7299 -39.7299 41.14
    endloop
  endfacet
  facet normal 0.659316 -0.751866 0
    outer loop
      vertex -39.7299 39.7299 6.16
      vertex -39.4545 39.9714 41.14
      vertex -39.7299 39.7299 41.14
    endloop
  endfacet
  facet normal 0.659316 -0.751866 0
    outer loop
      vertex -39.4545 39.9714 41.14
      vertex -39.7299 39.7299 6.16
      vertex -39.4545 39.9714 6.16
    endloop
  endfacet
  facet normal -0.997851 -0.0655224 0
    outer loop
      vertex 40.55 37.75 6.16
      vertex 40.526 38.1155 41.14
      vertex 40.526 38.1155 6.16
    endloop
  endfacet
  facet normal -0.997851 -0.0655224 0
    outer loop
      vertex 40.526 38.1155 41.14
      vertex 40.55 37.75 6.16
      vertex 40.55 37.75 41.14
    endloop
  endfacet
  facet normal -1 0 0
    outer loop
      vertex 40.55 -37.75 6.16
      vertex 40.55 37.75 41.14
      vertex 40.55 37.75 6.16
    endloop
  endfacet
  facet normal -1 -0 0
    outer loop
      vertex 40.55 37.75 41.14
      vertex 40.55 -37.75 6.16
      vertex 40.55 -37.75 41.14
    endloop
  endfacet
  facet normal 0.751866 -0.659316 0
    outer loop
      vertex -39.9714 39.4545 41.14
      vertex -39.7299 39.7299 6.16
      vertex -39.7299 39.7299 41.14
    endloop
  endfacet
  facet normal 0.751866 -0.659316 0
    outer loop
      vertex -39.7299 39.7299 6.16
      vertex -39.9714 39.4545 41.14
      vertex -39.9714 39.4545 6.16
    endloop
  endfacet
  facet normal -0.555645 -0.83142 0
    outer loop
      vertex 39.15 40.1749 6.16
      vertex 39.4545 39.9714 41.14
      vertex 39.15 40.1749 41.14
    endloop
  endfacet
  facet normal -0.555645 -0.83142 -0
    outer loop
      vertex 39.4545 39.9714 41.14
      vertex 39.15 40.1749 6.16
      vertex 39.4545 39.9714 6.16
    endloop
  endfacet
  facet normal 0.555645 0.83142 -0
    outer loop
      vertex -39.15 -40.1749 6.16
      vertex -39.4545 -39.9714 35.15
      vertex -39.15 -40.1749 35.15
    endloop
  endfacet
  facet normal 0.555645 0.83142 0
    outer loop
      vertex -39.4545 -39.9714 35.15
      vertex -39.15 -40.1749 6.16
      vertex -39.4545 -39.9714 6.16
    endloop
  endfacet
  facet normal 0.555645 0.83142 -0
    outer loop
      vertex -39.15 -40.1749 36.35
      vertex -39.4545 -39.9714 41.14
      vertex -39.15 -40.1749 41.14
    endloop
  endfacet
  facet normal 0.555645 0.83142 0
    outer loop
      vertex -39.4545 -39.9714 41.14
      vertex -39.15 -40.1749 36.35
      vertex -39.4545 -39.9714 36.35
    endloop
  endfacet
  facet normal -0.946949 -0.321384 0
    outer loop
      vertex 40.4546 38.4747 6.16
      vertex 40.3369 38.8215 41.14
      vertex 40.3369 38.8215 6.16
    endloop
  endfacet
  facet normal -0.946949 -0.321384 0
    outer loop
      vertex 40.3369 38.8215 41.14
      vertex 40.4546 38.4747 6.16
      vertex 40.4546 38.4747 41.14
    endloop
  endfacet
  facet normal -0.896871 -0.442292 0
    outer loop
      vertex 40.3369 38.8215 6.16
      vertex 40.1749 39.15 41.14
      vertex 40.1749 39.15 6.16
    endloop
  endfacet
  facet normal -0.896871 -0.442292 0
    outer loop
      vertex 40.1749 39.15 41.14
      vertex 40.3369 38.8215 6.16
      vertex 40.3369 38.8215 41.14
    endloop
  endfacet
  facet normal 0.555645 -0.83142 0
    outer loop
      vertex -39.4545 39.9714 6.16
      vertex -39.15 40.1749 41.14
      vertex -39.4545 39.9714 41.14
    endloop
  endfacet
  facet normal 0.555645 -0.83142 0
    outer loop
      vertex -39.15 40.1749 41.14
      vertex -39.4545 39.9714 6.16
      vertex -39.15 40.1749 6.16
    endloop
  endfacet
  facet normal -0.896871 0.442292 0
    outer loop
      vertex 40.1749 -39.15 6.16
      vertex 40.3369 -38.8215 35.15
      vertex 40.3369 -38.8215 6.16
    endloop
  endfacet
  facet normal -0.896871 0.442292 0
    outer loop
      vertex 40.3369 -38.8215 35.15
      vertex 40.1749 -39.15 6.16
      vertex 40.1749 -39.15 35.15
    endloop
  endfacet
  facet normal -0.896871 0.442292 0
    outer loop
      vertex 40.1749 -39.15 36.35
      vertex 40.3369 -38.8215 41.14
      vertex 40.3369 -38.8215 36.35
    endloop
  endfacet
  facet normal -0.896871 0.442292 0
    outer loop
      vertex 40.3369 -38.8215 41.14
      vertex 40.1749 -39.15 36.35
      vertex 40.1749 -39.15 41.14
    endloop
  endfacet
  facet normal 0.0655224 -0.997851 0
    outer loop
      vertex -38.1155 40.526 6.16
      vertex -37.75 40.55 41.14
      vertex -38.1155 40.526 41.14
    endloop
  endfacet
  facet normal 0.0655224 -0.997851 0
    outer loop
      vertex -37.75 40.55 41.14
      vertex -38.1155 40.526 6.16
      vertex -37.75 40.55 6.16
    endloop
  endfacet
  facet normal 0.896871 -0.442292 0
    outer loop
      vertex -40.3369 38.8215 41.14
      vertex -40.1749 39.15 6.16
      vertex -40.1749 39.15 41.14
    endloop
  endfacet
  facet normal 0.896871 -0.442292 0
    outer loop
      vertex -40.1749 39.15 6.16
      vertex -40.3369 38.8215 41.14
      vertex -40.3369 38.8215 6.16
    endloop
  endfacet
  facet normal 0.946949 -0.321384 0
    outer loop
      vertex -40.4546 38.4747 41.14
      vertex -40.3369 38.8215 6.16
      vertex -40.3369 38.8215 41.14
    endloop
  endfacet
  facet normal 0.946949 -0.321384 0
    outer loop
      vertex -40.3369 38.8215 6.16
      vertex -40.4546 38.4747 41.14
      vertex -40.4546 38.4747 6.16
    endloop
  endfacet
  facet normal 0.0655224 0.997851 -0
    outer loop
      vertex -37.75 -40.55 6.16
      vertex -38.1155 -40.526 35.15
      vertex -37.75 -40.55 35.15
    endloop
  endfacet
  facet normal 0.0655224 0.997851 0
    outer loop
      vertex -38.1155 -40.526 35.15
      vertex -37.75 -40.55 6.16
      vertex -38.1155 -40.526 6.16
    endloop
  endfacet
  facet normal 0.0655224 0.997851 -0
    outer loop
      vertex -37.75 -40.55 36.35
      vertex -38.1155 -40.526 41.14
      vertex -37.75 -40.55 41.14
    endloop
  endfacet
  facet normal 0.0655224 0.997851 0
    outer loop
      vertex -38.1155 -40.526 41.14
      vertex -37.75 -40.55 36.35
      vertex -38.1155 -40.526 36.35
    endloop
  endfacet
  facet normal -0.0655224 -0.997851 0
    outer loop
      vertex 37.75 40.55 6.16
      vertex 38.1155 40.526 41.14
      vertex 37.75 40.55 41.14
    endloop
  endfacet
  facet normal -0.0655224 -0.997851 -0
    outer loop
      vertex 38.1155 40.526 41.14
      vertex 37.75 40.55 6.16
      vertex 38.1155 40.526 6.16
    endloop
  endfacet
  facet normal -0.980811 -0.194961 0
    outer loop
      vertex 40.526 38.1155 6.16
      vertex 40.4546 38.4747 41.14
      vertex 40.4546 38.4747 6.16
    endloop
  endfacet
  facet normal -0.980811 -0.194961 0
    outer loop
      vertex 40.4546 38.4747 41.14
      vertex 40.526 38.1155 6.16
      vertex 40.526 38.1155 41.14
    endloop
  endfacet
  facet normal 0 0 1
    outer loop
      vertex 37.75 40.55 6.16
      vertex 40.55 37.75 6.16
      vertex 40.526 38.1155 6.16
    endloop
  endfacet
  facet normal 0 0 1
    outer loop
      vertex 40.55 37.75 6.16
      vertex 37.75 40.55 6.16
      vertex 40.55 -37.75 6.16
    endloop
  endfacet
  facet normal 0 0 1
    outer loop
      vertex 37.75 40.55 6.16
      vertex 40.526 38.1155 6.16
      vertex 40.4546 38.4747 6.16
    endloop
  endfacet
  facet normal 0 0 1
    outer loop
      vertex 37.75 -40.55 6.16
      vertex 40.55 -37.75 6.16
      vertex 37.75 40.55 6.16
    endloop
  endfacet
  facet normal 0 0 1
    outer loop
      vertex 37.75 40.55 6.16
      vertex 40.4546 38.4747 6.16
      vertex 40.3369 38.8215 6.16
    endloop
  endfacet
  facet normal 0 0 1
    outer loop
      vertex 40.55 -37.75 6.16
      vertex 37.75 -40.55 6.16
      vertex 40.526 -38.1155 6.16
    endloop
  endfacet
  facet normal 0 0 1
    outer loop
      vertex 37.75 40.55 6.16
      vertex 40.3369 38.8215 6.16
      vertex 40.1749 39.15 6.16
    endloop
  endfacet
  facet normal 0 0 1
    outer loop
      vertex 40.526 -38.1155 6.16
      vertex 37.75 -40.55 6.16
      vertex 40.4546 -38.4747 6.16
    endloop
  endfacet
  facet normal 0 0 1
    outer loop
      vertex 37.75 40.55 6.16
      vertex 40.1749 39.15 6.16
      vertex 39.9714 39.4545 6.16
    endloop
  endfacet
  facet normal 0 0 1
    outer loop
      vertex 40.4546 -38.4747 6.16
      vertex 37.75 -40.55 6.16
      vertex 40.3369 -38.8215 6.16
    endloop
  endfacet
  facet normal 0 0 1
    outer loop
      vertex 37.75 40.55 6.16
      vertex 39.9714 39.4545 6.16
      vertex 39.7299 39.7299 6.16
    endloop
  endfacet
  facet normal 0 0 1
    outer loop
      vertex 40.3369 -38.8215 6.16
      vertex 37.75 -40.55 6.16
      vertex 40.1749 -39.15 6.16
    endloop
  endfacet
  facet normal 0 0 1
    outer loop
      vertex 37.75 40.55 6.16
      vertex 39.7299 39.7299 6.16
      vertex 39.4545 39.9714 6.16
    endloop
  endfacet
  facet normal 0 0 1
    outer loop
      vertex 40.1749 -39.15 6.16
      vertex 37.75 -40.55 6.16
      vertex 39.9714 -39.4545 6.16
    endloop
  endfacet
  facet normal 0 0 1
    outer loop
      vertex 37.75 40.55 6.16
      vertex 39.4545 39.9714 6.16
      vertex 39.15 40.1749 6.16
    endloop
  endfacet
  facet normal 0 0 1
    outer loop
      vertex 39.9714 -39.4545 6.16
      vertex 37.75 -40.55 6.16
      vertex 39.7299 -39.7299 6.16
    endloop
  endfacet
  facet normal 0 0 1
    outer loop
      vertex 37.75 40.55 6.16
      vertex 39.15 40.1749 6.16
      vertex 38.8215 40.3369 6.16
    endloop
  endfacet
  facet normal 0 0 1
    outer loop
      vertex 39.7299 -39.7299 6.16
      vertex 37.75 -40.55 6.16
      vertex 39.4545 -39.9714 6.16
    endloop
  endfacet
  facet normal 0 0 1
    outer loop
      vertex 37.75 40.55 6.16
      vertex 38.8215 40.3369 6.16
      vertex 38.4747 40.4546 6.16
    endloop
  endfacet
  facet normal 0 0 1
    outer loop
      vertex 39.4545 -39.9714 6.16
      vertex 37.75 -40.55 6.16
      vertex 39.15 -40.1749 6.16
    endloop
  endfacet
  facet normal 0 0 1
    outer loop
      vertex 37.75 40.55 6.16
      vertex 38.4747 40.4546 6.16
      vertex 38.1155 40.526 6.16
    endloop
  endfacet
  facet normal 0 0 1
    outer loop
      vertex 39.15 -40.1749 6.16
      vertex 37.75 -40.55 6.16
      vertex 38.8215 -40.3369 6.16
    endloop
  endfacet
  facet normal 0 0 1
    outer loop
      vertex 38.8215 -40.3369 6.16
      vertex 37.75 -40.55 6.16
      vertex 38.4747 -40.4546 6.16
    endloop
  endfacet
  facet normal 0 0 1
    outer loop
      vertex 38.4747 -40.4546 6.16
      vertex 37.75 -40.55 6.16
      vertex 38.1155 -40.526 6.16
    endloop
  endfacet
  facet normal -0 0 1
    outer loop
      vertex -37.75 40.55 6.16
      vertex 37.75 -40.55 6.16
      vertex 37.75 40.55 6.16
    endloop
  endfacet
  facet normal 0 0 1
    outer loop
      vertex -37.75 40.55 6.16
      vertex -37.75 -40.55 6.16
      vertex 37.75 -40.55 6.16
    endloop
  endfacet
  facet normal 0 0 1
    outer loop
      vertex -40.55 37.75 6.16
      vertex -37.75 40.55 6.16
      vertex -38.1155 40.526 6.16
    endloop
  endfacet
  facet normal 0 0 1
    outer loop
      vertex -37.75 40.55 6.16
      vertex -40.55 37.75 6.16
      vertex -37.75 -40.55 6.16
    endloop
  endfacet
  facet normal 0 0 1
    outer loop
      vertex -40.55 37.75 6.16
      vertex -38.1155 40.526 6.16
      vertex -38.4747 40.4546 6.16
    endloop
  endfacet
  facet normal -0 0 1
    outer loop
      vertex -40.55 -37.75 6.16
      vertex -37.75 -40.55 6.16
      vertex -40.55 37.75 6.16
    endloop
  endfacet
  facet normal 0 0 1
    outer loop
      vertex -40.55 37.75 6.16
      vertex -38.4747 40.4546 6.16
      vertex -38.8215 40.3369 6.16
    endloop
  endfacet
  facet normal 0 0 1
    outer loop
      vertex -37.75 -40.55 6.16
      vertex -40.55 -37.75 6.16
      vertex -38.1155 -40.526 6.16
    endloop
  endfacet
  facet normal 0 0 1
    outer loop
      vertex -40.55 37.75 6.16
      vertex -38.8215 40.3369 6.16
      vertex -39.15 40.1749 6.16
    endloop
  endfacet
  facet normal 0 0 1
    outer loop
      vertex -38.1155 -40.526 6.16
      vertex -40.55 -37.75 6.16
      vertex -38.4747 -40.4546 6.16
    endloop
  endfacet
  facet normal 0 0 1
    outer loop
      vertex -40.55 37.75 6.16
      vertex -39.15 40.1749 6.16
      vertex -39.4545 39.9714 6.16
    endloop
  endfacet
  facet normal 0 0 1
    outer loop
      vertex -38.4747 -40.4546 6.16
      vertex -40.55 -37.75 6.16
      vertex -38.8215 -40.3369 6.16
    endloop
  endfacet
  facet normal 0 0 1
    outer loop
      vertex -40.55 37.75 6.16
      vertex -39.4545 39.9714 6.16
      vertex -39.7299 39.7299 6.16
    endloop
  endfacet
  facet normal 0 0 1
    outer loop
      vertex -38.8215 -40.3369 6.16
      vertex -40.55 -37.75 6.16
      vertex -39.15 -40.1749 6.16
    endloop
  endfacet
  facet normal 0 0 1
    outer loop
      vertex -40.55 37.75 6.16
      vertex -39.7299 39.7299 6.16
      vertex -39.9714 39.4545 6.16
    endloop
  endfacet
  facet normal 0 0 1
    outer loop
      vertex -39.15 -40.1749 6.16
      vertex -40.55 -37.75 6.16
      vertex -39.4545 -39.9714 6.16
    endloop
  endfacet
  facet normal 0 0 1
    outer loop
      vertex -40.55 37.75 6.16
      vertex -39.9714 39.4545 6.16
      vertex -40.1749 39.15 6.16
    endloop
  endfacet
  facet normal 0 0 1
    outer loop
      vertex -39.4545 -39.9714 6.16
      vertex -40.55 -37.75 6.16
      vertex -39.7299 -39.7299 6.16
    endloop
  endfacet
  facet normal 0 0 1
    outer loop
      vertex -40.55 37.75 6.16
      vertex -40.1749 39.15 6.16
      vertex -40.3369 38.8215 6.16
    endloop
  endfacet
  facet normal 0 0 1
    outer loop
      vertex -39.7299 -39.7299 6.16
      vertex -40.55 -37.75 6.16
      vertex -39.9714 -39.4545 6.16
    endloop
  endfacet
  facet normal 0 0 1
    outer loop
      vertex -40.55 37.75 6.16
      vertex -40.3369 38.8215 6.16
      vertex -40.4546 38.4747 6.16
    endloop
  endfacet
  facet normal 0 0 1
    outer loop
      vertex -39.9714 -39.4545 6.16
      vertex -40.55 -37.75 6.16
      vertex -40.1749 -39.15 6.16
    endloop
  endfacet
  facet normal 0 0 1
    outer loop
      vertex -40.55 37.75 6.16
      vertex -40.4546 38.4747 6.16
      vertex -40.526 38.1155 6.16
    endloop
  endfacet
  facet normal 0 0 1
    outer loop
      vertex -40.1749 -39.15 6.16
      vertex -40.55 -37.75 6.16
      vertex -40.3369 -38.8215 6.16
    endloop
  endfacet
  facet normal 0 0 1
    outer loop
      vertex -40.3369 -38.8215 6.16
      vertex -40.55 -37.75 6.16
      vertex -40.4546 -38.4747 6.16
    endloop
  endfacet
  facet normal 0 0 1
    outer loop
      vertex -40.4546 -38.4747 6.16
      vertex -40.55 -37.75 6.16
      vertex -40.526 -38.1155 6.16
    endloop
  endfacet
  facet normal 0.194961 -0.980811 0
    outer loop
      vertex -38.4747 40.4546 6.16
      vertex -38.1155 40.526 41.14
      vertex -38.4747 40.4546 41.14
    endloop
  endfacet
  facet normal 0.194961 -0.980811 0
    outer loop
      vertex -38.1155 40.526 41.14
      vertex -38.4747 40.4546 6.16
      vertex -38.1155 40.526 6.16
    endloop
  endfacet
  facet normal 0.83142 0.555645 0
    outer loop
      vertex -39.9714 -39.4545 35.15
      vertex -40.1749 -39.15 6.16
      vertex -40.1749 -39.15 35.15
    endloop
  endfacet
  facet normal 0.83142 0.555645 0
    outer loop
      vertex -40.1749 -39.15 6.16
      vertex -39.9714 -39.4545 35.15
      vertex -39.9714 -39.4545 6.16
    endloop
  endfacet
  facet normal 0.83142 0.555645 0
    outer loop
      vertex -39.9714 -39.4545 41.14
      vertex -40.1749 -39.15 36.35
      vertex -40.1749 -39.15 41.14
    endloop
  endfacet
  facet normal 0.83142 0.555645 0
    outer loop
      vertex -40.1749 -39.15 36.35
      vertex -39.9714 -39.4545 41.14
      vertex -39.9714 -39.4545 36.35
    endloop
  endfacet
  facet normal 0.442292 0.896871 -0
    outer loop
      vertex -38.8215 -40.3369 6.16
      vertex -39.15 -40.1749 35.15
      vertex -38.8215 -40.3369 35.15
    endloop
  endfacet
  facet normal 0.442292 0.896871 0
    outer loop
      vertex -39.15 -40.1749 35.15
      vertex -38.8215 -40.3369 6.16
      vertex -39.15 -40.1749 6.16
    endloop
  endfacet
  facet normal 0.442292 0.896871 -0
    outer loop
      vertex -38.8215 -40.3369 36.35
      vertex -39.15 -40.1749 41.14
      vertex -38.8215 -40.3369 41.14
    endloop
  endfacet
  facet normal 0.442292 0.896871 0
    outer loop
      vertex -39.15 -40.1749 41.14
      vertex -38.8215 -40.3369 36.35
      vertex -39.15 -40.1749 36.35
    endloop
  endfacet
  facet normal -0.83142 0.555645 0
    outer loop
      vertex 39.9714 -39.4545 6.16
      vertex 40.1749 -39.15 35.15
      vertex 40.1749 -39.15 6.16
    endloop
  endfacet
  facet normal -0.83142 0.555645 0
    outer loop
      vertex 40.1749 -39.15 35.15
      vertex 39.9714 -39.4545 6.16
      vertex 39.9714 -39.4545 35.15
    endloop
  endfacet
  facet normal -0.83142 0.555645 0
    outer loop
      vertex 39.9714 -39.4545 36.35
      vertex 40.1749 -39.15 41.14
      vertex 40.1749 -39.15 36.35
    endloop
  endfacet
  facet normal -0.83142 0.555645 0
    outer loop
      vertex 40.1749 -39.15 41.14
      vertex 39.9714 -39.4545 36.35
      vertex 39.9714 -39.4545 41.14
    endloop
  endfacet
  facet normal 0.751866 0.659316 0
    outer loop
      vertex -39.7299 -39.7299 35.15
      vertex -39.9714 -39.4545 6.16
      vertex -39.9714 -39.4545 35.15
    endloop
  endfacet
  facet normal 0.751866 0.659316 0
    outer loop
      vertex -39.9714 -39.4545 6.16
      vertex -39.7299 -39.7299 35.15
      vertex -39.7299 -39.7299 6.16
    endloop
  endfacet
  facet normal 0.751866 0.659316 0
    outer loop
      vertex -39.7299 -39.7299 41.14
      vertex -39.9714 -39.4545 36.35
      vertex -39.9714 -39.4545 41.14
    endloop
  endfacet
  facet normal 0.751866 0.659316 0
    outer loop
      vertex -39.9714 -39.4545 36.35
      vertex -39.7299 -39.7299 41.14
      vertex -39.7299 -39.7299 36.35
    endloop
  endfacet
  facet normal -0.946949 0.321384 0
    outer loop
      vertex 40.3369 -38.8215 6.16
      vertex 40.4546 -38.4747 35.15
      vertex 40.4546 -38.4747 6.16
    endloop
  endfacet
  facet normal -0.946949 0.321384 0
    outer loop
      vertex 40.4546 -38.4747 35.15
      vertex 40.3369 -38.8215 6.16
      vertex 40.3369 -38.8215 35.15
    endloop
  endfacet
  facet normal -0.946949 0.321384 0
    outer loop
      vertex 40.3369 -38.8215 36.35
      vertex 40.4546 -38.4747 41.14
      vertex 40.4546 -38.4747 36.35
    endloop
  endfacet
  facet normal -0.946949 0.321384 0
    outer loop
      vertex 40.4546 -38.4747 41.14
      vertex 40.3369 -38.8215 36.35
      vertex 40.3369 -38.8215 41.14
    endloop
  endfacet
  facet normal -0.321384 -0.946949 0
    outer loop
      vertex 38.4747 40.4546 6.16
      vertex 38.8215 40.3369 41.14
      vertex 38.4747 40.4546 41.14
    endloop
  endfacet
  facet normal -0.321384 -0.946949 -0
    outer loop
      vertex 38.8215 40.3369 41.14
      vertex 38.4747 40.4546 6.16
      vertex 38.8215 40.3369 6.16
    endloop
  endfacet
  facet normal -0.659316 -0.751866 0
    outer loop
      vertex 39.4545 39.9714 6.16
      vertex 39.7299 39.7299 41.14
      vertex 39.4545 39.9714 41.14
    endloop
  endfacet
  facet normal -0.659316 -0.751866 -0
    outer loop
      vertex 39.7299 39.7299 41.14
      vertex 39.4545 39.9714 6.16
      vertex 39.7299 39.7299 6.16
    endloop
  endfacet
  facet normal -0.555645 0.83142 0
    outer loop
      vertex 39.4545 -39.9714 6.16
      vertex 39.15 -40.1749 35.15
      vertex 39.4545 -39.9714 35.15
    endloop
  endfacet
  facet normal -0.555645 0.83142 0
    outer loop
      vertex 39.15 -40.1749 35.15
      vertex 39.4545 -39.9714 6.16
      vertex 39.15 -40.1749 6.16
    endloop
  endfacet
  facet normal -0.555645 0.83142 0
    outer loop
      vertex 39.4545 -39.9714 36.35
      vertex 39.15 -40.1749 41.14
      vertex 39.4545 -39.9714 41.14
    endloop
  endfacet
  facet normal -0.555645 0.83142 0
    outer loop
      vertex 39.15 -40.1749 41.14
      vertex 39.4545 -39.9714 36.35
      vertex 39.15 -40.1749 36.35
    endloop
  endfacet
  facet normal -0.83142 -0.555645 0
    outer loop
      vertex 40.1749 39.15 6.16
      vertex 39.9714 39.4545 41.14
      vertex 39.9714 39.4545 6.16
    endloop
  endfacet
  facet normal -0.83142 -0.555645 0
    outer loop
      vertex 39.9714 39.4545 41.14
      vertex 40.1749 39.15 6.16
      vertex 40.1749 39.15 41.14
    endloop
  endfacet
  facet normal -0.442292 -0.896871 0
    outer loop
      vertex 38.8215 40.3369 6.16
      vertex 39.15 40.1749 41.14
      vertex 38.8215 40.3369 41.14
    endloop
  endfacet
  facet normal -0.442292 -0.896871 -0
    outer loop
      vertex 39.15 40.1749 41.14
      vertex 38.8215 40.3369 6.16
      vertex 39.15 40.1749 6.16
    endloop
  endfacet
  facet normal -0.751866 -0.659316 0
    outer loop
      vertex 39.9714 39.4545 6.16
      vertex 39.7299 39.7299 41.14
      vertex 39.7299 39.7299 6.16
    endloop
  endfacet
  facet normal -0.751866 -0.659316 0
    outer loop
      vertex 39.7299 39.7299 41.14
      vertex 39.9714 39.4545 6.16
      vertex 39.9714 39.4545 41.14
    endloop
  endfacet
  facet normal 0.946949 0.321384 0
    outer loop
      vertex -40.3369 -38.8215 35.15
      vertex -40.4546 -38.4747 6.16
      vertex -40.4546 -38.4747 35.15
    endloop
  endfacet
  facet normal 0.946949 0.321384 0
    outer loop
      vertex -40.4546 -38.4747 6.16
      vertex -40.3369 -38.8215 35.15
      vertex -40.3369 -38.8215 6.16
    endloop
  endfacet
  facet normal 0.946949 0.321384 0
    outer loop
      vertex -40.3369 -38.8215 41.14
      vertex -40.4546 -38.4747 36.35
      vertex -40.4546 -38.4747 41.14
    endloop
  endfacet
  facet normal 0.946949 0.321384 0
    outer loop
      vertex -40.4546 -38.4747 36.35
      vertex -40.3369 -38.8215 41.14
      vertex -40.3369 -38.8215 36.35
    endloop
  endfacet
  facet normal -0.194961 -0.980811 0
    outer loop
      vertex 38.1155 40.526 6.16
      vertex 38.4747 40.4546 41.14
      vertex 38.1155 40.526 41.14
    endloop
  endfacet
  facet normal -0.194961 -0.980811 -0
    outer loop
      vertex 38.4747 40.4546 41.14
      vertex 38.1155 40.526 6.16
      vertex 38.4747 40.4546 6.16
    endloop
  endfacet
  facet normal -0.980811 0.194961 0
    outer loop
      vertex 40.4546 -38.4747 6.16
      vertex 40.526 -38.1155 35.15
      vertex 40.526 -38.1155 6.16
    endloop
  endfacet
  facet normal -0.980811 0.194961 0
    outer loop
      vertex 40.526 -38.1155 35.15
      vertex 40.4546 -38.4747 6.16
      vertex 40.4546 -38.4747 35.15
    endloop
  endfacet
  facet normal -0.980811 0.194961 0
    outer loop
      vertex 40.4546 -38.4747 36.35
      vertex 40.526 -38.1155 41.14
      vertex 40.526 -38.1155 36.35
    endloop
  endfacet
  facet normal -0.980811 0.194961 0
    outer loop
      vertex 40.526 -38.1155 41.14
      vertex 40.4546 -38.4747 36.35
      vertex 40.4546 -38.4747 41.14
    endloop
  endfacet
  facet normal -1 0 0
    outer loop
      vertex 40.55 -37.75 6.16
      vertex 40.55 -37.7501 35.15
      vertex 40.55 -37.75 41.14
    endloop
  endfacet
  facet normal -0.997851 0.0655224 2.26017e-07
    outer loop
      vertex 40.526 -38.1155 6.16
      vertex 40.55 -37.7501 35.15
      vertex 40.55 -37.75 6.16
    endloop
  endfacet
  facet normal -0.99785 0.0655402 0
    outer loop
      vertex 40.55 -37.7501 35.15
      vertex 40.526 -38.1155 6.16
      vertex 40.526 -38.1155 35.15
    endloop
  endfacet
  facet normal -1 0 0
    outer loop
      vertex 40.55 -37.7501 36.35
      vertex 40.55 -37.75 41.14
      vertex 40.55 -37.7501 35.15
    endloop
  endfacet
  facet normal -0.99785 0.0655402 -1.36827e-06
    outer loop
      vertex 40.526 -38.1155 36.35
      vertex 40.55 -37.75 41.14
      vertex 40.55 -37.7501 36.35
    endloop
  endfacet
  facet normal -0.997851 0.0655224 0
    outer loop
      vertex 40.55 -37.75 41.14
      vertex 40.526 -38.1155 36.35
      vertex 40.526 -38.1155 41.14
    endloop
  endfacet
  facet normal 0.980811 -0.194961 0
    outer loop
      vertex -40.526 38.1155 41.14
      vertex -40.4546 38.4747 6.16
      vertex -40.4546 38.4747 41.14
    endloop
  endfacet
  facet normal 0.980811 -0.194961 0
    outer loop
      vertex -40.4546 38.4747 6.16
      vertex -40.526 38.1155 41.14
      vertex -40.526 38.1155 6.16
    endloop
  endfacet
  facet normal 1 -0 0
    outer loop
      vertex 40.55 -37.7501 36.35
      vertex 40.55 -34.56 35.15
      vertex 40.55 -34.56 36.35
    endloop
  endfacet
  facet normal 1 0 0
    outer loop
      vertex 40.55 -34.56 35.15
      vertex 40.55 -37.7501 36.35
      vertex 40.55 -37.7501 35.15
    endloop
  endfacet
  facet normal 0 0 1
    outer loop
      vertex 37.75 -40.55 36.35
      vertex 40.55 -37.7501 36.35
      vertex 40.55 -34.56 36.35
    endloop
  endfacet
  facet normal 0 0 1
    outer loop
      vertex 40.55 -37.7501 36.35
      vertex 37.75 -40.55 36.35
      vertex 40.526 -38.1155 36.35
    endloop
  endfacet
  facet normal 0 0 1
    outer loop
      vertex 40.526 -38.1155 36.35
      vertex 37.75 -40.55 36.35
      vertex 40.4546 -38.4747 36.35
    endloop
  endfacet
  facet normal 0 0 1
    outer loop
      vertex 40.4546 -38.4747 36.35
      vertex 37.75 -40.55 36.35
      vertex 40.3369 -38.8215 36.35
    endloop
  endfacet
  facet normal 0 0 1
    outer loop
      vertex 40.3369 -38.8215 36.35
      vertex 37.75 -40.55 36.35
      vertex 40.1749 -39.15 36.35
    endloop
  endfacet
  facet normal 0 0 1
    outer loop
      vertex 40.1749 -39.15 36.35
      vertex 37.75 -40.55 36.35
      vertex 39.9714 -39.4545 36.35
    endloop
  endfacet
  facet normal 0 0 1
    outer loop
      vertex 39.9714 -39.4545 36.35
      vertex 37.75 -40.55 36.35
      vertex 39.7299 -39.7299 36.35
    endloop
  endfacet
  facet normal 0 0 1
    outer loop
      vertex 39.7299 -39.7299 36.35
      vertex 37.75 -40.55 36.35
      vertex 39.4545 -39.9714 36.35
    endloop
  endfacet
  facet normal 0 0 1
    outer loop
      vertex 39.4545 -39.9714 36.35
      vertex 37.75 -40.55 36.35
      vertex 39.15 -40.1749 36.35
    endloop
  endfacet
  facet normal 0 0 1
    outer loop
      vertex 39.15 -40.1749 36.35
      vertex 37.75 -40.55 36.35
      vertex 38.8215 -40.3369 36.35
    endloop
  endfacet
  facet normal 0 0 1
    outer loop
      vertex 38.8215 -40.3369 36.35
      vertex 37.75 -40.55 36.35
      vertex 38.4747 -40.4546 36.35
    endloop
  endfacet
  facet normal 0 0 1
    outer loop
      vertex 38.4747 -40.4546 36.35
      vertex 37.75 -40.55 36.35
      vertex 38.1155 -40.526 36.35
    endloop
  endfacet
  facet normal 0 0 1
    outer loop
      vertex 40.55 -34.56 36.35
      vertex -37.75 -40.55 36.35
      vertex 37.75 -40.55 36.35
    endloop
  endfacet
  facet normal -0 0 1
    outer loop
      vertex -40.55 -34.56 36.35
      vertex -37.75 -40.55 36.35
      vertex 40.55 -34.56 36.35
    endloop
  endfacet
  facet normal -0 0 1
    outer loop
      vertex -40.55 -37.7501 36.35
      vertex -37.75 -40.55 36.35
      vertex -40.55 -34.56 36.35
    endloop
  endfacet
  facet normal 0 0 1
    outer loop
      vertex -37.75 -40.55 36.35
      vertex -40.55 -37.7501 36.35
      vertex -38.1155 -40.526 36.35
    endloop
  endfacet
  facet normal 0 0 1
    outer loop
      vertex -38.1155 -40.526 36.35
      vertex -40.55 -37.7501 36.35
      vertex -38.4747 -40.4546 36.35
    endloop
  endfacet
  facet normal 0 0 1
    outer loop
      vertex -38.4747 -40.4546 36.35
      vertex -40.55 -37.7501 36.35
      vertex -38.8215 -40.3369 36.35
    endloop
  endfacet
  facet normal 0 0 1
    outer loop
      vertex -38.8215 -40.3369 36.35
      vertex -40.55 -37.7501 36.35
      vertex -39.15 -40.1749 36.35
    endloop
  endfacet
  facet normal 0 0 1
    outer loop
      vertex -39.15 -40.1749 36.35
      vertex -40.55 -37.7501 36.35
      vertex -39.4545 -39.9714 36.35
    endloop
  endfacet
  facet normal 0 0 1
    outer loop
      vertex -39.4545 -39.9714 36.35
      vertex -40.55 -37.7501 36.35
      vertex -39.7299 -39.7299 36.35
    endloop
  endfacet
  facet normal 0 0 1
    outer loop
      vertex -39.7299 -39.7299 36.35
      vertex -40.55 -37.7501 36.35
      vertex -39.9714 -39.4545 36.35
    endloop
  endfacet
  facet normal 0 0 1
    outer loop
      vertex -39.9714 -39.4545 36.35
      vertex -40.55 -37.7501 36.35
      vertex -40.1749 -39.15 36.35
    endloop
  endfacet
  facet normal 0 0 1
    outer loop
      vertex -40.1749 -39.15 36.35
      vertex -40.55 -37.7501 36.35
      vertex -40.3369 -38.8215 36.35
    endloop
  endfacet
  facet normal 0 0 1
    outer loop
      vertex -40.3369 -38.8215 36.35
      vertex -40.55 -37.7501 36.35
      vertex -40.4546 -38.4747 36.35
    endloop
  endfacet
  facet normal 0 0 1
    outer loop
      vertex -40.4546 -38.4747 36.35
      vertex -40.55 -37.7501 36.35
      vertex -40.526 -38.1155 36.35
    endloop
  endfacet
  facet normal 0 0 -1
    outer loop
      vertex 37.75 -40.55 35.15
      vertex 40.55 -37.7501 35.15
      vertex 40.526 -38.1155 35.15
    endloop
  endfacet
  facet normal 0 0 -1
    outer loop
      vertex 37.75 -40.55 35.15
      vertex 40.526 -38.1155 35.15
      vertex 40.4546 -38.4747 35.15
    endloop
  endfacet
  facet normal 0 0 -1
    outer loop
      vertex 37.75 -40.55 35.15
      vertex 40.4546 -38.4747 35.15
      vertex 40.3369 -38.8215 35.15
    endloop
  endfacet
  facet normal 0 0 -1
    outer loop
      vertex 37.75 -40.55 35.15
      vertex 40.3369 -38.8215 35.15
      vertex 40.1749 -39.15 35.15
    endloop
  endfacet
  facet normal 0 0 -1
    outer loop
      vertex 37.75 -40.55 35.15
      vertex 40.1749 -39.15 35.15
      vertex 39.9714 -39.4545 35.15
    endloop
  endfacet
  facet normal 0 0 -1
    outer loop
      vertex 37.75 -40.55 35.15
      vertex 39.9714 -39.4545 35.15
      vertex 39.7299 -39.7299 35.15
    endloop
  endfacet
  facet normal 0 0 -1
    outer loop
      vertex 37.75 -40.55 35.15
      vertex 39.7299 -39.7299 35.15
      vertex 39.4545 -39.9714 35.15
    endloop
  endfacet
  facet normal 0 0 -1
    outer loop
      vertex 37.75 -40.55 35.15
      vertex 39.4545 -39.9714 35.15
      vertex 39.15 -40.1749 35.15
    endloop
  endfacet
  facet normal 0 0 -1
    outer loop
      vertex 37.75 -40.55 35.15
      vertex 39.15 -40.1749 35.15
      vertex 38.8215 -40.3369 35.15
    endloop
  endfacet
  facet normal 0 0 -1
    outer loop
      vertex 37.75 -40.55 35.15
      vertex 38.8215 -40.3369 35.15
      vertex 38.4747 -40.4546 35.15
    endloop
  endfacet
  facet normal 0 0 -1
    outer loop
      vertex 37.75 -40.55 35.15
      vertex 38.4747 -40.4546 35.15
      vertex 38.1155 -40.526 35.15
    endloop
  endfacet
  facet normal -0 0 -1
    outer loop
      vertex 40.55 -37.7501 35.15
      vertex 37.75 -40.55 35.15
      vertex 40.55 -34.56 35.15
    endloop
  endfacet
  facet normal 0 0 -1
    outer loop
      vertex -37.75 -40.55 35.15
      vertex 40.55 -34.56 35.15
      vertex 37.75 -40.55 35.15
    endloop
  endfacet
  facet normal 0 0 -1
    outer loop
      vertex -40.55 -37.7501 35.15
      vertex -37.75 -40.55 35.15
      vertex -38.1155 -40.526 35.15
    endloop
  endfacet
  facet normal 0 0 -1
    outer loop
      vertex -40.55 -37.7501 35.15
      vertex -38.1155 -40.526 35.15
      vertex -38.4747 -40.4546 35.15
    endloop
  endfacet
  facet normal 0 0 -1
    outer loop
      vertex -40.55 -37.7501 35.15
      vertex -38.4747 -40.4546 35.15
      vertex -38.8215 -40.3369 35.15
    endloop
  endfacet
  facet normal 0 0 -1
    outer loop
      vertex -40.55 -37.7501 35.15
      vertex -38.8215 -40.3369 35.15
      vertex -39.15 -40.1749 35.15
    endloop
  endfacet
  facet normal 0 0 -1
    outer loop
      vertex -40.55 -37.7501 35.15
      vertex -39.15 -40.1749 35.15
      vertex -39.4545 -39.9714 35.15
    endloop
  endfacet
  facet normal 0 0 -1
    outer loop
      vertex -40.55 -37.7501 35.15
      vertex -39.4545 -39.9714 35.15
      vertex -39.7299 -39.7299 35.15
    endloop
  endfacet
  facet normal 0 0 -1
    outer loop
      vertex -40.55 -37.7501 35.15
      vertex -39.7299 -39.7299 35.15
      vertex -39.9714 -39.4545 35.15
    endloop
  endfacet
  facet normal 0 0 -1
    outer loop
      vertex -40.55 -37.7501 35.15
      vertex -39.9714 -39.4545 35.15
      vertex -40.1749 -39.15 35.15
    endloop
  endfacet
  facet normal 0 0 -1
    outer loop
      vertex -40.55 -37.7501 35.15
      vertex -40.1749 -39.15 35.15
      vertex -40.3369 -38.8215 35.15
    endloop
  endfacet
  facet normal 0 0 -1
    outer loop
      vertex -40.55 -37.7501 35.15
      vertex -40.3369 -38.8215 35.15
      vertex -40.4546 -38.4747 35.15
    endloop
  endfacet
  facet normal 0 0 -1
    outer loop
      vertex -40.55 -37.7501 35.15
      vertex -40.4546 -38.4747 35.15
      vertex -40.526 -38.1155 35.15
    endloop
  endfacet
  facet normal 0 0 -1
    outer loop
      vertex -37.75 -40.55 35.15
      vertex -40.55 -37.7501 35.15
      vertex -40.55 -34.56 35.15
    endloop
  endfacet
  facet normal 0 0 -1
    outer loop
      vertex -37.75 -40.55 35.15
      vertex -40.55 -34.56 35.15
      vertex 40.55 -34.56 35.15
    endloop
  endfacet
  facet normal -1 0 0
    outer loop
      vertex -40.55 -37.7501 35.15
      vertex -40.55 -34.56 36.35
      vertex -40.55 -34.56 35.15
    endloop
  endfacet
  facet normal -1 -0 0
    outer loop
      vertex -40.55 -34.56 36.35
      vertex -40.55 -37.7501 35.15
      vertex -40.55 -37.7501 36.35
    endloop
  endfacet
  facet normal 0 1 -0
    outer loop
      vertex 40.55 -34.56 35.15
      vertex -40.55 -34.56 36.35
      vertex 40.55 -34.56 36.35
    endloop
  endfacet
  facet normal 0 1 0
    outer loop
      vertex -40.55 -34.56 36.35
      vertex 40.55 -34.56 35.15
      vertex -40.55 -34.56 35.15
    endloop
  endfacet
endsolid OpenSCAD_Model
