solid OpenSCAD_Model
  facet normal 0.466628 -0.532278 -0.706356
    outer loop
      vertex -3.12379 -18.2177 0.799999
      vertex -3.61079 -17.583 0
      vertex -2.94185 -18.0582 0.799999
    endloop
  endfacet
  facet normal 0.3932 -0.588615 -0.706347
    outer loop
      vertex -3.325 -18.3521 0.799999
      vertex -3.72501 -17.6593 0
      vertex -3.61079 -17.583 0
    endloop
  endfacet
  facet normal 0.393178 -0.588626 -0.70635
    outer loop
      vertex -3.325 -18.3521 0.799999
      vertex -3.61079 -17.583 0
      vertex -3.12379 -18.2177 0.799999
    endloop
  endfacet
  facet normal -0.0463684 0.706346 -0.706347
    outer loop
      vertex -37.75 17.8 0
      vertex -37.8871 17.791 0
      vertex -37.75 18.6 0.799999
    endloop
  endfacet
  facet normal -0.532351 -0.466538 -0.70636
    outer loop
      vertex -39.0582 -18.0582 0.799999
      vertex -39.2177 -17.8762 0.799999
      vertex -38.583 -17.3892 0
    endloop
  endfacet
  facet normal -0.466538 -0.532351 -0.70636
    outer loop
      vertex -38.8762 -18.2177 0.799999
      vertex -39.0582 -18.0582 0.799999
      vertex -38.3892 -17.583 0
    endloop
  endfacet
  facet normal 0 -0.707106 -0.707107
    outer loop
      vertex -37.75 -18.6 0.799999
      vertex -4.25 -17.8 0
      vertex -4.25 -18.6 0.799999
    endloop
  endfacet
  facet normal -0 -0.707106 -0.707107
    outer loop
      vertex -4.25 -17.8 0
      vertex -37.75 -18.6 0.799999
      vertex -37.75 -17.8 0
    endloop
  endfacet
  facet normal -0.588587 -0.39325 -0.706342
    outer loop
      vertex -38.583 -17.3892 0
      vertex -39.3521 -17.675 0.799999
      vertex -38.6593 -17.275 0
    endloop
  endfacet
  facet normal 0.980779 0.195123 0
    outer loop
      vertex -2.41583 16.9915 2.6
      vertex -2.46304 17.2288 0.799999
      vertex -2.46304 17.2288 2.6
    endloop
  endfacet
  facet normal 0.980779 0.195123 0
    outer loop
      vertex -2.46304 17.2288 0.799999
      vertex -2.41583 16.9915 2.6
      vertex -2.41583 16.9915 0.799999
    endloop
  endfacet
  facet normal 0.707102 0 -0.707112
    outer loop
      vertex -3.2 -16.75 0
      vertex -2.39999 16.75 0.799999
      vertex -2.39999 -16.75 0.799999
    endloop
  endfacet
  facet normal 0.707102 0 -0.707112
    outer loop
      vertex -2.39999 16.75 0.799999
      vertex -3.2 -16.75 0
      vertex -3.2 16.75 0
    endloop
  endfacet
  facet normal -0.313285 -0.634761 -0.70635
    outer loop
      vertex -38.458 -18.4592 0.799999
      vertex -38.675 -18.3521 0.799999
      vertex -38.1518 -17.7201 0
    endloop
  endfacet
  facet normal 0.555444 0.831554 -0
    outer loop
      vertex -3.12379 18.2177 0.799999
      vertex -3.325 18.3521 2.6
      vertex -3.12379 18.2177 2.6
    endloop
  endfacet
  facet normal 0.555444 0.831554 0
    outer loop
      vertex -3.325 18.3521 2.6
      vertex -3.12379 18.2177 0.799999
      vertex -3.325 18.3521 0.799999
    endloop
  endfacet
  facet normal 0.694263 0.138121 -0.706344
    outer loop
      vertex -2.41583 16.9915 0.799999
      vertex -3.20898 16.8871 0
      vertex -2.46304 17.2288 0.799999
    endloop
  endfacet
  facet normal -0.313285 0.634761 -0.70635
    outer loop
      vertex -38.1518 17.7201 0
      vertex -38.675 18.3521 0.799999
      vertex -38.458 18.4592 0.799999
    endloop
  endfacet
  facet normal 0.0652929 -0.997866 0
    outer loop
      vertex -4.25 -18.6 0.799999
      vertex -4.00853 -18.5842 2.6
      vertex -4.25 -18.6 2.6
    endloop
  endfacet
  facet normal 0.0652929 -0.997866 0
    outer loop
      vertex -4.00853 -18.5842 2.6
      vertex -4.25 -18.6 0.799999
      vertex -4.00853 -18.5842 0.799999
    endloop
  endfacet
  facet normal -0.752065 -0.65909 0
    outer loop
      vertex -39.0582 -18.0582 0.799999
      vertex -39.2177 -17.8762 2.6
      vertex -39.2177 -17.8762 0.799999
    endloop
  endfacet
  facet normal -0.752065 -0.65909 0
    outer loop
      vertex -39.2177 -17.8762 2.6
      vertex -39.0582 -18.0582 0.799999
      vertex -39.0582 -18.0582 2.6
    endloop
  endfacet
  facet normal 0.706348 -0.0463294 -0.706347
    outer loop
      vertex -2.41583 -16.9915 0.799999
      vertex -3.20898 -16.8871 0
      vertex -2.39999 -16.75 0.799999
    endloop
  endfacet
  facet normal 1 -0 0
    outer loop
      vertex -2.39999 -16.75 2.6
      vertex -2.39999 16.75 0.799999
      vertex -2.39999 16.75 2.6
    endloop
  endfacet
  facet normal 1 0 0
    outer loop
      vertex -2.39999 16.75 0.799999
      vertex -2.39999 -16.75 2.6
      vertex -2.39999 -16.75 0.799999
    endloop
  endfacet
  facet normal 0 -1 0
    outer loop
      vertex -37.75 -18.6 0.799999
      vertex -4.25 -18.6 2.6
      vertex -37.75 -18.6 2.6
    endloop
  endfacet
  facet normal 0 -1 -0
    outer loop
      vertex -4.25 -18.6 2.6
      vertex -37.75 -18.6 0.799999
      vertex -4.25 -18.6 0.799999
    endloop
  endfacet
  facet normal -1 0 0
    outer loop
      vertex -39.6 -16.75 0.799999
      vertex -39.6 16.75 2.6
      vertex -39.6 16.75 0.799999
    endloop
  endfacet
  facet normal -1 -0 0
    outer loop
      vertex -39.6 16.75 2.6
      vertex -39.6 -16.75 0.799999
      vertex -39.6 -16.75 2.6
    endloop
  endfacet
  facet normal 0.53228 0.466634 -0.706351
    outer loop
      vertex -3.41698 17.3892 0
      vertex -3.50754 17.4925 0
      vertex -2.94185 18.0582 0.799999
    endloop
  endfacet
  facet normal 0 0.707106 -0.707107
    outer loop
      vertex -37.75 17.8 0
      vertex -4.25 18.6 0.799999
      vertex -4.25 17.8 0
    endloop
  endfacet
  facet normal 0 0.707106 -0.707107
    outer loop
      vertex -4.25 18.6 0.799999
      vertex -37.75 17.8 0
      vertex -37.75 18.6 0.799999
    endloop
  endfacet
  facet normal 0.946959 0.321355 0
    outer loop
      vertex -2.46304 17.2288 2.6
      vertex -2.54082 17.458 0.799999
      vertex -2.54082 17.458 2.6
    endloop
  endfacet
  facet normal 0.946959 0.321355 0
    outer loop
      vertex -2.54082 17.458 0.799999
      vertex -2.46304 17.2288 2.6
      vertex -2.46304 17.2288 0.799999
    endloop
  endfacet
  facet normal 0.466628 0.532278 -0.706356
    outer loop
      vertex -2.94185 18.0582 0.799999
      vertex -3.61079 17.583 0
      vertex -3.12379 18.2177 0.799999
    endloop
  endfacet
  facet normal 0.634879 0.313059 -0.706344
    outer loop
      vertex -3.27992 17.1518 0
      vertex -3.34067 17.275 0
      vertex -2.64786 17.675 0.799999
    endloop
  endfacet
  facet normal -0.555463 -0.831541 0
    outer loop
      vertex -38.8762 -18.2177 0.799999
      vertex -38.675 -18.3521 2.6
      vertex -38.8762 -18.2177 2.6
    endloop
  endfacet
  facet normal -0.555463 -0.831541 -0
    outer loop
      vertex -38.675 -18.3521 2.6
      vertex -38.8762 -18.2177 0.799999
      vertex -38.675 -18.3521 0.799999
    endloop
  endfacet
  facet normal 0.195043 -0.980795 0
    outer loop
      vertex -4.00853 -18.5842 0.799999
      vertex -3.77118 -18.537 2.6
      vertex -4.00853 -18.5842 2.6
    endloop
  endfacet
  facet normal 0.195043 -0.980795 0
    outer loop
      vertex -3.77118 -18.537 2.6
      vertex -4.00853 -18.5842 0.799999
      vertex -3.77118 -18.537 0.799999
    endloop
  endfacet
  facet normal 0.442514 -0.896762 0
    outer loop
      vertex -3.54204 -18.4592 0.799999
      vertex -3.325 -18.3521 2.6
      vertex -3.54204 -18.4592 2.6
    endloop
  endfacet
  facet normal 0.442514 -0.896762 0
    outer loop
      vertex -3.325 -18.3521 2.6
      vertex -3.54204 -18.4592 0.799999
      vertex -3.325 -18.3521 0.799999
    endloop
  endfacet
  facet normal -0.831541 0.555463 0
    outer loop
      vertex -39.3521 17.675 0.799999
      vertex -39.2177 17.8762 2.6
      vertex -39.2177 17.8762 0.799999
    endloop
  endfacet
  facet normal -0.831541 0.555463 0
    outer loop
      vertex -39.2177 17.8762 2.6
      vertex -39.3521 17.675 0.799999
      vertex -39.3521 17.675 2.6
    endloop
  endfacet
  facet normal -0.694234 -0.138125 -0.706371
    outer loop
      vertex -38.7642 -17.0218 0
      vertex -39.537 -17.2288 0.799999
      vertex -38.791 -16.8871 0
    endloop
  endfacet
  facet normal 0.138114 0.694231 -0.706376
    outer loop
      vertex -3.97824 17.7642 0
      vertex -4.11295 17.791 0
      vertex -3.77118 18.537 0.799999
    endloop
  endfacet
  facet normal -0.466462 -0.532436 -0.706346
    outer loop
      vertex -38.3892 -17.583 0
      vertex -39.0582 -18.0582 0.799999
      vertex -38.4925 -17.4925 0
    endloop
  endfacet
  facet normal 0.532286 -0.466628 -0.70635
    outer loop
      vertex -2.94185 -18.0582 0.799999
      vertex -3.41698 -17.3892 0
      vertex -2.7823 -17.8762 0.799999
    endloop
  endfacet
  facet normal -0.694246 0.138089 -0.706367
    outer loop
      vertex -38.791 16.8871 0
      vertex -39.5842 16.9915 0.799999
      vertex -39.537 17.2288 0.799999
    endloop
  endfacet
  facet normal -0.634774 -0.313265 -0.706348
    outer loop
      vertex -38.6593 -17.275 0
      vertex -39.3521 -17.675 0.799999
      vertex -38.7201 -17.1518 0
    endloop
  endfacet
  facet normal -0.670295 -0.227526 -0.706355
    outer loop
      vertex -39.4592 -17.458 0.799999
      vertex -39.537 -17.2288 0.799999
      vertex -38.7201 -17.1518 0
    endloop
  endfacet
  facet normal 0.313243 -0.634793 -0.70634
    outer loop
      vertex -3.54204 -18.4592 0.799999
      vertex -3.84818 -17.7201 0
      vertex -3.325 -18.3521 0.799999
    endloop
  endfacet
  facet normal 0 1 -0
    outer loop
      vertex -4.25 18.6 0.799999
      vertex -37.75 18.6 2.6
      vertex -4.25 18.6 2.6
    endloop
  endfacet
  facet normal 0 1 0
    outer loop
      vertex -37.75 18.6 2.6
      vertex -4.25 18.6 0.799999
      vertex -37.75 18.6 0.799999
    endloop
  endfacet
  facet normal 0.588561 -0.393285 -0.706345
    outer loop
      vertex -2.64786 -17.675 0.799999
      vertex -3.41698 -17.3892 0
      vertex -3.34067 -17.275 0
    endloop
  endfacet
  facet normal -0.0652849 0.997867 0
    outer loop
      vertex -37.75 18.6 0.799999
      vertex -37.9915 18.5842 2.6
      vertex -37.75 18.6 2.6
    endloop
  endfacet
  facet normal -0.0652849 0.997867 0
    outer loop
      vertex -37.9915 18.5842 2.6
      vertex -37.75 18.6 0.799999
      vertex -37.9915 18.5842 0.799999
    endloop
  endfacet
  facet normal 0.138114 -0.694231 -0.706376
    outer loop
      vertex -3.77118 -18.537 0.799999
      vertex -4.11295 -17.791 0
      vertex -3.97824 -17.7642 0
    endloop
  endfacet
  facet normal -0.896729 -0.442579 0
    outer loop
      vertex -39.3521 -17.675 0.799999
      vertex -39.4592 -17.458 2.6
      vertex -39.4592 -17.458 0.799999
    endloop
  endfacet
  facet normal -0.896729 -0.442579 0
    outer loop
      vertex -39.4592 -17.458 2.6
      vertex -39.3521 -17.675 0.799999
      vertex -39.3521 -17.675 2.6
    endloop
  endfacet
  facet normal 0.634826 -0.313142 -0.706356
    outer loop
      vertex -2.64786 -17.675 0.799999
      vertex -3.27992 -17.1518 0
      vertex -2.54082 -17.458 0.799999
    endloop
  endfacet
  facet normal 0.313325 -0.63474 -0.706352
    outer loop
      vertex -3.325 -18.3521 0.799999
      vertex -3.84818 -17.7201 0
      vertex -3.72501 -17.6593 0
    endloop
  endfacet
  facet normal -0.65909 -0.752065 0
    outer loop
      vertex -39.0582 -18.0582 0.799999
      vertex -38.8762 -18.2177 2.6
      vertex -39.0582 -18.0582 2.6
    endloop
  endfacet
  facet normal -0.65909 -0.752065 -0
    outer loop
      vertex -38.8762 -18.2177 2.6
      vertex -39.0582 -18.0582 0.799999
      vertex -38.8762 -18.2177 0.799999
    endloop
  endfacet
  facet normal 0.227296 0.670343 -0.706382
    outer loop
      vertex -3.84818 17.7201 0
      vertex -3.97824 17.7642 0
      vertex -3.77118 18.537 0.799999
    endloop
  endfacet
  facet normal 0.670314 -0.227474 -0.706353
    outer loop
      vertex -2.54082 -17.458 0.799999
      vertex -3.27992 -17.1518 0
      vertex -2.46304 -17.2288 0.799999
    endloop
  endfacet
  facet normal 0.896828 -0.44238 0
    outer loop
      vertex -2.64786 -17.675 2.6
      vertex -2.54082 -17.458 0.799999
      vertex -2.54082 -17.458 2.6
    endloop
  endfacet
  facet normal 0.896828 -0.44238 0
    outer loop
      vertex -2.54082 -17.458 0.799999
      vertex -2.64786 -17.675 2.6
      vertex -2.64786 -17.675 0.799999
    endloop
  endfacet
  facet normal 0.195043 0.980795 -0
    outer loop
      vertex -3.77118 18.537 0.799999
      vertex -4.00853 18.5842 2.6
      vertex -3.77118 18.537 2.6
    endloop
  endfacet
  facet normal 0.195043 0.980795 0
    outer loop
      vertex -4.00853 18.5842 2.6
      vertex -3.77118 18.537 0.799999
      vertex -4.00853 18.5842 0.799999
    endloop
  endfacet
  facet normal -0.532436 -0.466462 -0.706346
    outer loop
      vertex -38.4925 -17.4925 0
      vertex -39.0582 -18.0582 0.799999
      vertex -38.583 -17.3892 0
    endloop
  endfacet
  facet normal -0.0462117 0.706338 -0.706365
    outer loop
      vertex -37.8871 17.791 0
      vertex -37.9915 18.5842 0.799999
      vertex -37.75 18.6 0.799999
    endloop
  endfacet
  facet normal 0.831465 -0.555577 0
    outer loop
      vertex -2.7823 -17.8762 2.6
      vertex -2.64786 -17.675 0.799999
      vertex -2.64786 -17.675 2.6
    endloop
  endfacet
  facet normal 0.831465 -0.555577 0
    outer loop
      vertex -2.64786 -17.675 0.799999
      vertex -2.7823 -17.8762 2.6
      vertex -2.7823 -17.8762 0.799999
    endloop
  endfacet
  facet normal 0.706345 -0.0462653 -0.706354
    outer loop
      vertex -2.39999 -16.75 0.799999
      vertex -3.20898 -16.8871 0
      vertex -3.2 -16.75 0
    endloop
  endfacet
  facet normal 0.0462174 0.706336 -0.706366
    outer loop
      vertex -4.11295 17.791 0
      vertex -4.25 18.6 0.799999
      vertex -4.00853 18.5842 0.799999
    endloop
  endfacet
  facet normal -0.706338 0.0462117 -0.706365
    outer loop
      vertex -38.791 16.8871 0
      vertex -39.6 16.75 0.799999
      vertex -39.5842 16.9915 0.799999
    endloop
  endfacet
  facet normal -0.980787 -0.195083 0
    outer loop
      vertex -39.537 -17.2288 0.799999
      vertex -39.5842 -16.9915 2.6
      vertex -39.5842 -16.9915 0.799999
    endloop
  endfacet
  facet normal -0.980787 -0.195083 0
    outer loop
      vertex -39.5842 -16.9915 2.6
      vertex -39.537 -17.2288 0.799999
      vertex -39.537 -17.2288 2.6
    endloop
  endfacet
  facet normal 0.393178 0.588626 -0.70635
    outer loop
      vertex -3.12379 18.2177 0.799999
      vertex -3.61079 17.583 0
      vertex -3.325 18.3521 0.799999
    endloop
  endfacet
  facet normal 0.706348 0.0463294 -0.706347
    outer loop
      vertex -2.39999 16.75 0.799999
      vertex -3.20898 16.8871 0
      vertex -2.41583 16.9915 0.799999
    endloop
  endfacet
  facet normal -0.39325 -0.588587 -0.706342
    outer loop
      vertex -38.275 -17.6593 0
      vertex -38.675 -18.3521 0.799999
      vertex -38.3892 -17.583 0
    endloop
  endfacet
  facet normal 0.706345 0.0462653 -0.706354
    outer loop
      vertex -3.2 16.75 0
      vertex -3.20898 16.8871 0
      vertex -2.39999 16.75 0.799999
    endloop
  endfacet
  facet normal -0.227526 -0.670295 -0.706355
    outer loop
      vertex -38.2288 -18.537 0.799999
      vertex -38.458 -18.4592 0.799999
      vertex -38.1518 -17.7201 0
    endloop
  endfacet
  facet normal -0.313265 -0.634774 -0.706348
    outer loop
      vertex -38.1518 -17.7201 0
      vertex -38.675 -18.3521 0.799999
      vertex -38.275 -17.6593 0
    endloop
  endfacet
  facet normal 0.634826 0.313142 -0.706356
    outer loop
      vertex -2.54082 17.458 0.799999
      vertex -3.27992 17.1518 0
      vertex -2.64786 17.675 0.799999
    endloop
  endfacet
  facet normal -0.707106 0 -0.707107
    outer loop
      vertex -39.6 -16.75 0.799999
      vertex -38.8 16.75 0
      vertex -38.8 -16.75 0
    endloop
  endfacet
  facet normal -0.707106 0 -0.707107
    outer loop
      vertex -38.8 16.75 0
      vertex -39.6 -16.75 0.799999
      vertex -39.6 16.75 0.799999
    endloop
  endfacet
  facet normal -0.0462117 -0.706338 -0.706365
    outer loop
      vertex -37.75 -18.6 0.799999
      vertex -37.9915 -18.5842 0.799999
      vertex -37.8871 -17.791 0
    endloop
  endfacet
  facet normal -0.138089 -0.694246 -0.706367
    outer loop
      vertex -37.9915 -18.5842 0.799999
      vertex -38.2288 -18.537 0.799999
      vertex -37.8871 -17.791 0
    endloop
  endfacet
  facet normal -0.0463684 -0.706346 -0.706347
    outer loop
      vertex -37.75 -18.6 0.799999
      vertex -37.8871 -17.791 0
      vertex -37.75 -17.8 0
    endloop
  endfacet
  facet normal 0.321504 -0.946908 0
    outer loop
      vertex -3.77118 -18.537 0.799999
      vertex -3.54204 -18.4592 2.6
      vertex -3.77118 -18.537 2.6
    endloop
  endfacet
  facet normal 0.321504 -0.946908 0
    outer loop
      vertex -3.54204 -18.4592 2.6
      vertex -3.77118 -18.537 0.799999
      vertex -3.54204 -18.4592 0.799999
    endloop
  endfacet
  facet normal -0.442579 0.896729 0
    outer loop
      vertex -38.458 18.4592 0.799999
      vertex -38.675 18.3521 2.6
      vertex -38.458 18.4592 2.6
    endloop
  endfacet
  facet normal -0.442579 0.896729 0
    outer loop
      vertex -38.675 18.3521 2.6
      vertex -38.458 18.4592 0.799999
      vertex -38.675 18.3521 0.799999
    endloop
  endfacet
  facet normal -0.195083 -0.980787 0
    outer loop
      vertex -38.2288 -18.537 0.799999
      vertex -37.9915 -18.5842 2.6
      vertex -38.2288 -18.537 2.6
    endloop
  endfacet
  facet normal -0.195083 -0.980787 -0
    outer loop
      vertex -37.9915 -18.5842 2.6
      vertex -38.2288 -18.537 0.799999
      vertex -37.9915 -18.5842 0.799999
    endloop
  endfacet
  facet normal -0.0652849 -0.997867 0
    outer loop
      vertex -37.9915 -18.5842 0.799999
      vertex -37.75 -18.6 2.6
      vertex -37.9915 -18.5842 2.6
    endloop
  endfacet
  facet normal -0.0652849 -0.997867 -0
    outer loop
      vertex -37.75 -18.6 2.6
      vertex -37.9915 -18.5842 0.799999
      vertex -37.75 -18.6 0.799999
    endloop
  endfacet
  facet normal 0.13806 -0.694249 -0.706369
    outer loop
      vertex -4.00853 -18.5842 0.799999
      vertex -4.11295 -17.791 0
      vertex -3.77118 -18.537 0.799999
    endloop
  endfacet
  facet normal 0.0463853 -0.706345 -0.706346
    outer loop
      vertex -4.11295 -17.791 0
      vertex -4.25 -18.6 0.799999
      vertex -4.25 -17.8 0
    endloop
  endfacet
  facet normal 0.69426 -0.13813 -0.706345
    outer loop
      vertex -2.46304 -17.2288 0.799999
      vertex -3.23578 -17.0218 0
      vertex -3.20898 -16.8871 0
    endloop
  endfacet
  facet normal 0.466588 -0.532322 -0.706349
    outer loop
      vertex -2.94185 -18.0582 0.799999
      vertex -3.61079 -17.583 0
      vertex -3.50754 -17.4925 0
    endloop
  endfacet
  facet normal -0.896729 0.442579 0
    outer loop
      vertex -39.4592 17.458 0.799999
      vertex -39.3521 17.675 2.6
      vertex -39.3521 17.675 0.799999
    endloop
  endfacet
  facet normal -0.896729 0.442579 0
    outer loop
      vertex -39.3521 17.675 2.6
      vertex -39.4592 17.458 0.799999
      vertex -39.4592 17.458 2.6
    endloop
  endfacet
  facet normal 0.466588 0.532322 -0.706349
    outer loop
      vertex -3.50754 17.4925 0
      vertex -3.61079 17.583 0
      vertex -2.94185 18.0582 0.799999
    endloop
  endfacet
  facet normal 0.13806 0.694249 -0.706369
    outer loop
      vertex -3.77118 18.537 0.799999
      vertex -4.11295 17.791 0
      vertex -4.00853 18.5842 0.799999
    endloop
  endfacet
  facet normal 0.634879 -0.313059 -0.706344
    outer loop
      vertex -2.64786 -17.675 0.799999
      vertex -3.34067 -17.275 0
      vertex -3.27992 -17.1518 0
    endloop
  endfacet
  facet normal -0.670323 0.227394 -0.706371
    outer loop
      vertex -38.7642 17.0218 0
      vertex -39.537 17.2288 0.799999
      vertex -38.7201 17.1518 0
    endloop
  endfacet
  facet normal 0.751962 0.659206 0
    outer loop
      vertex -2.7823 17.8762 2.6
      vertex -2.94185 18.0582 0.799999
      vertex -2.94185 18.0582 2.6
    endloop
  endfacet
  facet normal 0.751962 0.659206 0
    outer loop
      vertex -2.94185 18.0582 0.799999
      vertex -2.7823 17.8762 2.6
      vertex -2.7823 17.8762 0.799999
    endloop
  endfacet
  facet normal 0.980779 -0.195123 0
    outer loop
      vertex -2.46304 -17.2288 2.6
      vertex -2.41583 -16.9915 0.799999
      vertex -2.41583 -16.9915 2.6
    endloop
  endfacet
  facet normal 0.980779 -0.195123 0
    outer loop
      vertex -2.41583 -16.9915 0.799999
      vertex -2.46304 -17.2288 2.6
      vertex -2.46304 -17.2288 0.799999
    endloop
  endfacet
  facet normal -0.138125 -0.694234 -0.706371
    outer loop
      vertex -37.8871 -17.791 0
      vertex -38.2288 -18.537 0.799999
      vertex -38.0218 -17.7642 0
    endloop
  endfacet
  facet normal 0.69426 0.13813 -0.706345
    outer loop
      vertex -3.20898 16.8871 0
      vertex -3.23578 17.0218 0
      vertex -2.46304 17.2288 0.799999
    endloop
  endfacet
  facet normal -0.532351 0.466538 -0.70636
    outer loop
      vertex -38.583 17.3892 0
      vertex -39.2177 17.8762 0.799999
      vertex -39.0582 18.0582 0.799999
    endloop
  endfacet
  facet normal 0.532286 0.466628 -0.70635
    outer loop
      vertex -2.7823 17.8762 0.799999
      vertex -3.41698 17.3892 0
      vertex -2.94185 18.0582 0.799999
    endloop
  endfacet
  facet normal 0.588561 0.393285 -0.706345
    outer loop
      vertex -3.34067 17.275 0
      vertex -3.41698 17.3892 0
      vertex -2.64786 17.675 0.799999
    endloop
  endfacet
  facet normal 0.588566 0.393275 -0.706346
    outer loop
      vertex -2.64786 17.675 0.799999
      vertex -3.41698 17.3892 0
      vertex -2.7823 17.8762 0.799999
    endloop
  endfacet
  facet normal -0.634761 -0.313285 -0.70635
    outer loop
      vertex -39.3521 -17.675 0.799999
      vertex -39.4592 -17.458 0.799999
      vertex -38.7201 -17.1518 0
    endloop
  endfacet
  facet normal 0.313325 0.63474 -0.706352
    outer loop
      vertex -3.72501 17.6593 0
      vertex -3.84818 17.7201 0
      vertex -3.325 18.3521 0.799999
    endloop
  endfacet
  facet normal 0.831465 0.555577 0
    outer loop
      vertex -2.64786 17.675 2.6
      vertex -2.7823 17.8762 0.799999
      vertex -2.7823 17.8762 2.6
    endloop
  endfacet
  facet normal 0.831465 0.555577 0
    outer loop
      vertex -2.7823 17.8762 0.799999
      vertex -2.64786 17.675 2.6
      vertex -2.64786 17.675 0.799999
    endloop
  endfacet
  facet normal 0.896828 0.44238 0
    outer loop
      vertex -2.54082 17.458 2.6
      vertex -2.64786 17.675 0.799999
      vertex -2.64786 17.675 2.6
    endloop
  endfacet
  facet normal 0.896828 0.44238 0
    outer loop
      vertex -2.64786 17.675 0.799999
      vertex -2.54082 17.458 2.6
      vertex -2.54082 17.458 0.799999
    endloop
  endfacet
  facet normal -0.634774 0.313265 -0.706348
    outer loop
      vertex -38.7201 17.1518 0
      vertex -39.3521 17.675 0.799999
      vertex -38.6593 17.275 0
    endloop
  endfacet
  facet normal -0.195083 0.980787 0
    outer loop
      vertex -37.9915 18.5842 0.799999
      vertex -38.2288 18.537 2.6
      vertex -37.9915 18.5842 2.6
    endloop
  endfacet
  facet normal -0.195083 0.980787 0
    outer loop
      vertex -38.2288 18.537 2.6
      vertex -37.9915 18.5842 0.799999
      vertex -38.2288 18.537 0.799999
    endloop
  endfacet
  facet normal 0.694263 -0.138121 -0.706344
    outer loop
      vertex -2.46304 -17.2288 0.799999
      vertex -3.20898 -16.8871 0
      vertex -2.41583 -16.9915 0.799999
    endloop
  endfacet
  facet normal -0.39325 0.588587 -0.706342
    outer loop
      vertex -38.3892 17.583 0
      vertex -38.675 18.3521 0.799999
      vertex -38.275 17.6593 0
    endloop
  endfacet
  facet normal -0.466462 0.532436 -0.706346
    outer loop
      vertex -38.4925 17.4925 0
      vertex -39.0582 18.0582 0.799999
      vertex -38.3892 17.583 0
    endloop
  endfacet
  facet normal -0.227394 -0.670323 -0.706371
    outer loop
      vertex -38.0218 -17.7642 0
      vertex -38.2288 -18.537 0.799999
      vertex -38.1518 -17.7201 0
    endloop
  endfacet
  facet normal 0.588566 -0.393275 -0.706346
    outer loop
      vertex -2.7823 -17.8762 0.799999
      vertex -3.41698 -17.3892 0
      vertex -2.64786 -17.675 0.799999
    endloop
  endfacet
  facet normal 0.997856 0.0654494 0
    outer loop
      vertex -2.39999 16.75 2.6
      vertex -2.41583 16.9915 0.799999
      vertex -2.41583 16.9915 2.6
    endloop
  endfacet
  facet normal 0.997856 0.0654494 0
    outer loop
      vertex -2.41583 16.9915 0.799999
      vertex -2.39999 16.75 2.6
      vertex -2.39999 16.75 0.799999
    endloop
  endfacet
  facet normal -0.831541 -0.555463 0
    outer loop
      vertex -39.2177 -17.8762 0.799999
      vertex -39.3521 -17.675 2.6
      vertex -39.3521 -17.675 0.799999
    endloop
  endfacet
  facet normal -0.831541 -0.555463 0
    outer loop
      vertex -39.3521 -17.675 2.6
      vertex -39.2177 -17.8762 0.799999
      vertex -39.2177 -17.8762 2.6
    endloop
  endfacet
  facet normal 0.0462174 -0.706336 -0.706366
    outer loop
      vertex -4.00853 -18.5842 0.799999
      vertex -4.25 -18.6 0.799999
      vertex -4.11295 -17.791 0
    endloop
  endfacet
  facet normal 0.53228 -0.466634 -0.706351
    outer loop
      vertex -2.94185 -18.0582 0.799999
      vertex -3.50754 -17.4925 0
      vertex -3.41698 -17.3892 0
    endloop
  endfacet
  facet normal 0.555444 -0.831554 0
    outer loop
      vertex -3.325 -18.3521 0.799999
      vertex -3.12379 -18.2177 2.6
      vertex -3.325 -18.3521 2.6
    endloop
  endfacet
  facet normal 0.555444 -0.831554 0
    outer loop
      vertex -3.12379 -18.2177 2.6
      vertex -3.325 -18.3521 0.799999
      vertex -3.12379 -18.2177 0.799999
    endloop
  endfacet
  facet normal 0.659212 -0.751957 0
    outer loop
      vertex -3.12379 -18.2177 0.799999
      vertex -2.94185 -18.0582 2.6
      vertex -3.12379 -18.2177 2.6
    endloop
  endfacet
  facet normal 0.659212 -0.751957 0
    outer loop
      vertex -2.94185 -18.0582 2.6
      vertex -3.12379 -18.2177 0.799999
      vertex -2.94185 -18.0582 0.799999
    endloop
  endfacet
  facet normal 0.997856 -0.0654494 0
    outer loop
      vertex -2.41583 -16.9915 2.6
      vertex -2.39999 -16.75 0.799999
      vertex -2.39999 -16.75 2.6
    endloop
  endfacet
  facet normal 0.997856 -0.0654494 0
    outer loop
      vertex -2.39999 -16.75 0.799999
      vertex -2.41583 -16.9915 2.6
      vertex -2.41583 -16.9915 0.799999
    endloop
  endfacet
  facet normal -0.138125 0.694234 -0.706371
    outer loop
      vertex -38.0218 17.7642 0
      vertex -38.2288 18.537 0.799999
      vertex -37.8871 17.791 0
    endloop
  endfacet
  facet normal 0.227296 -0.670343 -0.706382
    outer loop
      vertex -3.77118 -18.537 0.799999
      vertex -3.97824 -17.7642 0
      vertex -3.84818 -17.7201 0
    endloop
  endfacet
  facet normal 0.227581 -0.670283 -0.706348
    outer loop
      vertex -3.77118 -18.537 0.799999
      vertex -3.84818 -17.7201 0
      vertex -3.54204 -18.4592 0.799999
    endloop
  endfacet
  facet normal -0.321429 -0.946934 0
    outer loop
      vertex -38.458 -18.4592 0.799999
      vertex -38.2288 -18.537 2.6
      vertex -38.458 -18.4592 2.6
    endloop
  endfacet
  facet normal -0.321429 -0.946934 -0
    outer loop
      vertex -38.2288 -18.537 2.6
      vertex -38.458 -18.4592 0.799999
      vertex -38.2288 -18.537 0.799999
    endloop
  endfacet
  facet normal -0.393191 -0.588617 -0.70635
    outer loop
      vertex -38.675 -18.3521 0.799999
      vertex -38.8762 -18.2177 0.799999
      vertex -38.3892 -17.583 0
    endloop
  endfacet
  facet normal 0.67029 -0.227589 -0.706339
    outer loop
      vertex -2.46304 -17.2288 0.799999
      vertex -3.27992 -17.1518 0
      vertex -3.23578 -17.0218 0
    endloop
  endfacet
  facet normal -0.588587 0.39325 -0.706342
    outer loop
      vertex -38.6593 17.275 0
      vertex -39.3521 17.675 0.799999
      vertex -38.583 17.3892 0
    endloop
  endfacet
  facet normal -0.997867 0.0652849 0
    outer loop
      vertex -39.6 16.75 0.799999
      vertex -39.5842 16.9915 2.6
      vertex -39.5842 16.9915 0.799999
    endloop
  endfacet
  facet normal -0.997867 0.0652849 0
    outer loop
      vertex -39.5842 16.9915 2.6
      vertex -39.6 16.75 0.799999
      vertex -39.6 16.75 2.6
    endloop
  endfacet
  facet normal -0.946934 0.321429 0
    outer loop
      vertex -39.537 17.2288 0.799999
      vertex -39.4592 17.458 2.6
      vertex -39.4592 17.458 0.799999
    endloop
  endfacet
  facet normal -0.946934 0.321429 0
    outer loop
      vertex -39.4592 17.458 2.6
      vertex -39.537 17.2288 0.799999
      vertex -39.537 17.2288 2.6
    endloop
  endfacet
  facet normal -0.670323 -0.227394 -0.706371
    outer loop
      vertex -38.7201 -17.1518 0
      vertex -39.537 -17.2288 0.799999
      vertex -38.7642 -17.0218 0
    endloop
  endfacet
  facet normal -0.393191 0.588617 -0.70635
    outer loop
      vertex -38.3892 17.583 0
      vertex -38.8762 18.2177 0.799999
      vertex -38.675 18.3521 0.799999
    endloop
  endfacet
  facet normal 0.0463853 0.706345 -0.706346
    outer loop
      vertex -4.11295 17.791 0
      vertex -4.25 17.8 0
      vertex -4.25 18.6 0.799999
    endloop
  endfacet
  facet normal -0.588617 -0.393191 -0.70635
    outer loop
      vertex -39.2177 -17.8762 0.799999
      vertex -39.3521 -17.675 0.799999
      vertex -38.583 -17.3892 0
    endloop
  endfacet
  facet normal 0.0652929 0.997866 -0
    outer loop
      vertex -4.00853 18.5842 0.799999
      vertex -4.25 18.6 2.6
      vertex -4.00853 18.5842 2.6
    endloop
  endfacet
  facet normal 0.0652929 0.997866 0
    outer loop
      vertex -4.25 18.6 2.6
      vertex -4.00853 18.5842 0.799999
      vertex -4.25 18.6 0.799999
    endloop
  endfacet
  facet normal 0.659212 0.751957 -0
    outer loop
      vertex -2.94185 18.0582 0.799999
      vertex -3.12379 18.2177 2.6
      vertex -2.94185 18.0582 2.6
    endloop
  endfacet
  facet normal 0.659212 0.751957 0
    outer loop
      vertex -3.12379 18.2177 2.6
      vertex -2.94185 18.0582 0.799999
      vertex -3.12379 18.2177 0.799999
    endloop
  endfacet
  facet normal -0.694246 -0.138089 -0.706367
    outer loop
      vertex -39.537 -17.2288 0.799999
      vertex -39.5842 -16.9915 0.799999
      vertex -38.791 -16.8871 0
    endloop
  endfacet
  facet normal -0.138089 0.694246 -0.706367
    outer loop
      vertex -37.8871 17.791 0
      vertex -38.2288 18.537 0.799999
      vertex -37.9915 18.5842 0.799999
    endloop
  endfacet
  facet normal -0.532436 0.466462 -0.706346
    outer loop
      vertex -38.583 17.3892 0
      vertex -39.0582 18.0582 0.799999
      vertex -38.4925 17.4925 0
    endloop
  endfacet
  facet normal -0.227394 0.670323 -0.706371
    outer loop
      vertex -38.1518 17.7201 0
      vertex -38.2288 18.537 0.799999
      vertex -38.0218 17.7642 0
    endloop
  endfacet
  facet normal 0.67029 0.227589 -0.706339
    outer loop
      vertex -3.23578 17.0218 0
      vertex -3.27992 17.1518 0
      vertex -2.46304 17.2288 0.799999
    endloop
  endfacet
  facet normal 0.670314 0.227474 -0.706353
    outer loop
      vertex -2.46304 17.2288 0.799999
      vertex -3.27992 17.1518 0
      vertex -2.54082 17.458 0.799999
    endloop
  endfacet
  facet normal 0.946959 -0.321355 0
    outer loop
      vertex -2.54082 -17.458 2.6
      vertex -2.46304 -17.2288 0.799999
      vertex -2.46304 -17.2288 2.6
    endloop
  endfacet
  facet normal 0.946959 -0.321355 0
    outer loop
      vertex -2.46304 -17.2288 0.799999
      vertex -2.54082 -17.458 2.6
      vertex -2.54082 -17.458 0.799999
    endloop
  endfacet
  facet normal -0.442579 -0.896729 0
    outer loop
      vertex -38.675 -18.3521 0.799999
      vertex -38.458 -18.4592 2.6
      vertex -38.675 -18.3521 2.6
    endloop
  endfacet
  facet normal -0.442579 -0.896729 -0
    outer loop
      vertex -38.458 -18.4592 2.6
      vertex -38.675 -18.3521 0.799999
      vertex -38.458 -18.4592 0.799999
    endloop
  endfacet
  facet normal -0.321429 0.946934 0
    outer loop
      vertex -38.2288 18.537 0.799999
      vertex -38.458 18.4592 2.6
      vertex -38.2288 18.537 2.6
    endloop
  endfacet
  facet normal -0.321429 0.946934 0
    outer loop
      vertex -38.458 18.4592 2.6
      vertex -38.2288 18.537 0.799999
      vertex -38.458 18.4592 0.799999
    endloop
  endfacet
  facet normal -0.466538 0.532351 -0.70636
    outer loop
      vertex -38.3892 17.583 0
      vertex -39.0582 18.0582 0.799999
      vertex -38.8762 18.2177 0.799999
    endloop
  endfacet
  facet normal -0.65909 0.752065 0
    outer loop
      vertex -38.8762 18.2177 0.799999
      vertex -39.0582 18.0582 2.6
      vertex -38.8762 18.2177 2.6
    endloop
  endfacet
  facet normal -0.65909 0.752065 0
    outer loop
      vertex -39.0582 18.0582 2.6
      vertex -38.8762 18.2177 0.799999
      vertex -39.0582 18.0582 0.799999
    endloop
  endfacet
  facet normal -0.313265 0.634774 -0.706348
    outer loop
      vertex -38.275 17.6593 0
      vertex -38.675 18.3521 0.799999
      vertex -38.1518 17.7201 0
    endloop
  endfacet
  facet normal -0.555463 0.831541 0
    outer loop
      vertex -38.675 18.3521 0.799999
      vertex -38.8762 18.2177 2.6
      vertex -38.675 18.3521 2.6
    endloop
  endfacet
  facet normal -0.555463 0.831541 0
    outer loop
      vertex -38.8762 18.2177 2.6
      vertex -38.675 18.3521 0.799999
      vertex -38.8762 18.2177 0.799999
    endloop
  endfacet
  facet normal 0.227581 0.670283 -0.706348
    outer loop
      vertex -3.54204 18.4592 0.799999
      vertex -3.84818 17.7201 0
      vertex -3.77118 18.537 0.799999
    endloop
  endfacet
  facet normal -0.980787 0.195083 0
    outer loop
      vertex -39.5842 16.9915 0.799999
      vertex -39.537 17.2288 2.6
      vertex -39.537 17.2288 0.799999
    endloop
  endfacet
  facet normal -0.980787 0.195083 0
    outer loop
      vertex -39.537 17.2288 2.6
      vertex -39.5842 16.9915 0.799999
      vertex -39.5842 16.9915 2.6
    endloop
  endfacet
  facet normal 0.442514 0.896762 -0
    outer loop
      vertex -3.325 18.3521 0.799999
      vertex -3.54204 18.4592 2.6
      vertex -3.325 18.3521 2.6
    endloop
  endfacet
  facet normal 0.442514 0.896762 0
    outer loop
      vertex -3.54204 18.4592 2.6
      vertex -3.325 18.3521 0.799999
      vertex -3.54204 18.4592 0.799999
    endloop
  endfacet
  facet normal -0.227526 0.670295 -0.706355
    outer loop
      vertex -38.1518 17.7201 0
      vertex -38.458 18.4592 0.799999
      vertex -38.2288 18.537 0.799999
    endloop
  endfacet
  facet normal 0.751962 -0.659206 0
    outer loop
      vertex -2.94185 -18.0582 2.6
      vertex -2.7823 -17.8762 0.799999
      vertex -2.7823 -17.8762 2.6
    endloop
  endfacet
  facet normal 0.751962 -0.659206 0
    outer loop
      vertex -2.7823 -17.8762 0.799999
      vertex -2.94185 -18.0582 2.6
      vertex -2.94185 -18.0582 0.799999
    endloop
  endfacet
  facet normal -0.706346 -0.0463684 -0.706347
    outer loop
      vertex -38.791 -16.8871 0
      vertex -39.6 -16.75 0.799999
      vertex -38.8 -16.75 0
    endloop
  endfacet
  facet normal -0.706338 -0.0462117 -0.706365
    outer loop
      vertex -39.5842 -16.9915 0.799999
      vertex -39.6 -16.75 0.799999
      vertex -38.791 -16.8871 0
    endloop
  endfacet
  facet normal -0.634761 0.313285 -0.70635
    outer loop
      vertex -38.7201 17.1518 0
      vertex -39.4592 17.458 0.799999
      vertex -39.3521 17.675 0.799999
    endloop
  endfacet
  facet normal -0.670295 0.227526 -0.706355
    outer loop
      vertex -38.7201 17.1518 0
      vertex -39.537 17.2288 0.799999
      vertex -39.4592 17.458 0.799999
    endloop
  endfacet
  facet normal -0.588617 0.393191 -0.70635
    outer loop
      vertex -38.583 17.3892 0
      vertex -39.3521 17.675 0.799999
      vertex -39.2177 17.8762 0.799999
    endloop
  endfacet
  facet normal -0.752065 0.65909 0
    outer loop
      vertex -39.2177 17.8762 0.799999
      vertex -39.0582 18.0582 2.6
      vertex -39.0582 18.0582 0.799999
    endloop
  endfacet
  facet normal -0.752065 0.65909 0
    outer loop
      vertex -39.0582 18.0582 2.6
      vertex -39.2177 17.8762 0.799999
      vertex -39.2177 17.8762 2.6
    endloop
  endfacet
  facet normal -0.706346 0.0463684 -0.706347
    outer loop
      vertex -38.8 16.75 0
      vertex -39.6 16.75 0.799999
      vertex -38.791 16.8871 0
    endloop
  endfacet
  facet normal -0.997867 -0.0652849 0
    outer loop
      vertex -39.5842 -16.9915 0.799999
      vertex -39.6 -16.75 2.6
      vertex -39.6 -16.75 0.799999
    endloop
  endfacet
  facet normal -0.997867 -0.0652849 0
    outer loop
      vertex -39.6 -16.75 2.6
      vertex -39.5842 -16.9915 0.799999
      vertex -39.5842 -16.9915 2.6
    endloop
  endfacet
  facet normal 0.3932 0.588615 -0.706347
    outer loop
      vertex -3.61079 17.583 0
      vertex -3.72501 17.6593 0
      vertex -3.325 18.3521 0.799999
    endloop
  endfacet
  facet normal 0.313243 0.634793 -0.70634
    outer loop
      vertex -3.325 18.3521 0.799999
      vertex -3.84818 17.7201 0
      vertex -3.54204 18.4592 0.799999
    endloop
  endfacet
  facet normal 0.321504 0.946908 -0
    outer loop
      vertex -3.54204 18.4592 0.799999
      vertex -3.77118 18.537 2.6
      vertex -3.54204 18.4592 2.6
    endloop
  endfacet
  facet normal 0.321504 0.946908 0
    outer loop
      vertex -3.77118 18.537 2.6
      vertex -3.54204 18.4592 0.799999
      vertex -3.77118 18.537 0.799999
    endloop
  endfacet
  facet normal 0 0 -1
    outer loop
      vertex -4.25 -17.8 0
      vertex -3.2 -16.75 0
      vertex -3.20898 -16.8871 0
    endloop
  endfacet
  facet normal -0 0 -1
    outer loop
      vertex -3.2 -16.75 0
      vertex -4.25 -17.8 0
      vertex -3.2 16.75 0
    endloop
  endfacet
  facet normal 0 0 -1
    outer loop
      vertex -4.25 -17.8 0
      vertex -3.20898 -16.8871 0
      vertex -3.23578 -17.0218 0
    endloop
  endfacet
  facet normal 0 0 -1
    outer loop
      vertex -4.25 17.8 0
      vertex -3.2 16.75 0
      vertex -4.25 -17.8 0
    endloop
  endfacet
  facet normal 0 0 -1
    outer loop
      vertex -4.25 -17.8 0
      vertex -3.23578 -17.0218 0
      vertex -3.27992 -17.1518 0
    endloop
  endfacet
  facet normal 0 0 -1
    outer loop
      vertex -3.2 16.75 0
      vertex -4.25 17.8 0
      vertex -3.20898 16.8871 0
    endloop
  endfacet
  facet normal 0 0 -1
    outer loop
      vertex -4.25 -17.8 0
      vertex -3.27992 -17.1518 0
      vertex -3.34067 -17.275 0
    endloop
  endfacet
  facet normal 0 0 -1
    outer loop
      vertex -3.20898 16.8871 0
      vertex -4.25 17.8 0
      vertex -3.23578 17.0218 0
    endloop
  endfacet
  facet normal 0 0 -1
    outer loop
      vertex -4.25 -17.8 0
      vertex -3.34067 -17.275 0
      vertex -3.41698 -17.3892 0
    endloop
  endfacet
  facet normal 0 0 -1
    outer loop
      vertex -3.23578 17.0218 0
      vertex -4.25 17.8 0
      vertex -3.27992 17.1518 0
    endloop
  endfacet
  facet normal 0 0 -1
    outer loop
      vertex -4.25 -17.8 0
      vertex -3.41698 -17.3892 0
      vertex -3.50754 -17.4925 0
    endloop
  endfacet
  facet normal 0 0 -1
    outer loop
      vertex -3.27992 17.1518 0
      vertex -4.25 17.8 0
      vertex -3.34067 17.275 0
    endloop
  endfacet
  facet normal 0 0 -1
    outer loop
      vertex -4.25 -17.8 0
      vertex -3.50754 -17.4925 0
      vertex -3.61079 -17.583 0
    endloop
  endfacet
  facet normal 0 0 -1
    outer loop
      vertex -3.34067 17.275 0
      vertex -4.25 17.8 0
      vertex -3.41698 17.3892 0
    endloop
  endfacet
  facet normal 0 0 -1
    outer loop
      vertex -4.25 -17.8 0
      vertex -3.61079 -17.583 0
      vertex -3.72501 -17.6593 0
    endloop
  endfacet
  facet normal 0 0 -1
    outer loop
      vertex -3.41698 17.3892 0
      vertex -4.25 17.8 0
      vertex -3.50754 17.4925 0
    endloop
  endfacet
  facet normal 0 0 -1
    outer loop
      vertex -4.25 -17.8 0
      vertex -3.72501 -17.6593 0
      vertex -3.84818 -17.7201 0
    endloop
  endfacet
  facet normal 0 0 -1
    outer loop
      vertex -3.50754 17.4925 0
      vertex -4.25 17.8 0
      vertex -3.61079 17.583 0
    endloop
  endfacet
  facet normal 0 0 -1
    outer loop
      vertex -4.25 -17.8 0
      vertex -3.84818 -17.7201 0
      vertex -3.97824 -17.7642 0
    endloop
  endfacet
  facet normal 0 0 -1
    outer loop
      vertex -3.61079 17.583 0
      vertex -4.25 17.8 0
      vertex -3.72501 17.6593 0
    endloop
  endfacet
  facet normal 0 0 -1
    outer loop
      vertex -4.25 -17.8 0
      vertex -3.97824 -17.7642 0
      vertex -4.11295 -17.791 0
    endloop
  endfacet
  facet normal 0 0 -1
    outer loop
      vertex -3.72501 17.6593 0
      vertex -4.25 17.8 0
      vertex -3.84818 17.7201 0
    endloop
  endfacet
  facet normal 0 0 -1
    outer loop
      vertex -3.84818 17.7201 0
      vertex -4.25 17.8 0
      vertex -3.97824 17.7642 0
    endloop
  endfacet
  facet normal 0 0 -1
    outer loop
      vertex -3.97824 17.7642 0
      vertex -4.25 17.8 0
      vertex -4.11295 17.791 0
    endloop
  endfacet
  facet normal 0 0 -1
    outer loop
      vertex -37.75 -17.8 0
      vertex -4.25 17.8 0
      vertex -4.25 -17.8 0
    endloop
  endfacet
  facet normal 0 0 -1
    outer loop
      vertex -37.75 -17.8 0
      vertex -37.75 17.8 0
      vertex -4.25 17.8 0
    endloop
  endfacet
  facet normal 0 0 -1
    outer loop
      vertex -38.8 -16.75 0
      vertex -37.75 -17.8 0
      vertex -37.8871 -17.791 0
    endloop
  endfacet
  facet normal 0 0 -1
    outer loop
      vertex -37.75 -17.8 0
      vertex -38.8 -16.75 0
      vertex -37.75 17.8 0
    endloop
  endfacet
  facet normal 0 0 -1
    outer loop
      vertex -38.8 -16.75 0
      vertex -37.8871 -17.791 0
      vertex -38.0218 -17.7642 0
    endloop
  endfacet
  facet normal 0 0 -1
    outer loop
      vertex -38.8 16.75 0
      vertex -37.75 17.8 0
      vertex -38.8 -16.75 0
    endloop
  endfacet
  facet normal 0 0 -1
    outer loop
      vertex -38.8 -16.75 0
      vertex -38.0218 -17.7642 0
      vertex -38.1518 -17.7201 0
    endloop
  endfacet
  facet normal 0 0 -1
    outer loop
      vertex -37.75 17.8 0
      vertex -38.8 16.75 0
      vertex -37.8871 17.791 0
    endloop
  endfacet
  facet normal 0 0 -1
    outer loop
      vertex -38.8 -16.75 0
      vertex -38.1518 -17.7201 0
      vertex -38.275 -17.6593 0
    endloop
  endfacet
  facet normal 0 0 -1
    outer loop
      vertex -37.8871 17.791 0
      vertex -38.8 16.75 0
      vertex -38.0218 17.7642 0
    endloop
  endfacet
  facet normal 0 0 -1
    outer loop
      vertex -38.8 -16.75 0
      vertex -38.275 -17.6593 0
      vertex -38.3892 -17.583 0
    endloop
  endfacet
  facet normal 0 0 -1
    outer loop
      vertex -38.0218 17.7642 0
      vertex -38.8 16.75 0
      vertex -38.1518 17.7201 0
    endloop
  endfacet
  facet normal 0 0 -1
    outer loop
      vertex -38.8 -16.75 0
      vertex -38.3892 -17.583 0
      vertex -38.4925 -17.4925 0
    endloop
  endfacet
  facet normal 0 0 -1
    outer loop
      vertex -38.1518 17.7201 0
      vertex -38.8 16.75 0
      vertex -38.275 17.6593 0
    endloop
  endfacet
  facet normal 0 0 -1
    outer loop
      vertex -38.8 -16.75 0
      vertex -38.4925 -17.4925 0
      vertex -38.583 -17.3892 0
    endloop
  endfacet
  facet normal 0 0 -1
    outer loop
      vertex -38.275 17.6593 0
      vertex -38.8 16.75 0
      vertex -38.3892 17.583 0
    endloop
  endfacet
  facet normal 0 0 -1
    outer loop
      vertex -38.8 -16.75 0
      vertex -38.583 -17.3892 0
      vertex -38.6593 -17.275 0
    endloop
  endfacet
  facet normal 0 0 -1
    outer loop
      vertex -38.3892 17.583 0
      vertex -38.8 16.75 0
      vertex -38.4925 17.4925 0
    endloop
  endfacet
  facet normal 0 0 -1
    outer loop
      vertex -38.8 -16.75 0
      vertex -38.6593 -17.275 0
      vertex -38.7201 -17.1518 0
    endloop
  endfacet
  facet normal 0 0 -1
    outer loop
      vertex -38.4925 17.4925 0
      vertex -38.8 16.75 0
      vertex -38.583 17.3892 0
    endloop
  endfacet
  facet normal 0 0 -1
    outer loop
      vertex -38.8 -16.75 0
      vertex -38.7201 -17.1518 0
      vertex -38.7642 -17.0218 0
    endloop
  endfacet
  facet normal 0 0 -1
    outer loop
      vertex -38.583 17.3892 0
      vertex -38.8 16.75 0
      vertex -38.6593 17.275 0
    endloop
  endfacet
  facet normal 0 0 -1
    outer loop
      vertex -38.8 -16.75 0
      vertex -38.7642 -17.0218 0
      vertex -38.791 -16.8871 0
    endloop
  endfacet
  facet normal 0 0 -1
    outer loop
      vertex -38.6593 17.275 0
      vertex -38.8 16.75 0
      vertex -38.7201 17.1518 0
    endloop
  endfacet
  facet normal 0 0 -1
    outer loop
      vertex -38.7201 17.1518 0
      vertex -38.8 16.75 0
      vertex -38.7642 17.0218 0
    endloop
  endfacet
  facet normal 0 0 -1
    outer loop
      vertex -38.7642 17.0218 0
      vertex -38.8 16.75 0
      vertex -38.791 16.8871 0
    endloop
  endfacet
  facet normal -0.946934 -0.321429 0
    outer loop
      vertex -39.4592 -17.458 0.799999
      vertex -39.537 -17.2288 2.6
      vertex -39.537 -17.2288 0.799999
    endloop
  endfacet
  facet normal -0.946934 -0.321429 0
    outer loop
      vertex -39.537 -17.2288 2.6
      vertex -39.4592 -17.458 0.799999
      vertex -39.4592 -17.458 2.6
    endloop
  endfacet
  facet normal -0.694234 0.138125 -0.706371
    outer loop
      vertex -38.791 16.8871 0
      vertex -39.537 17.2288 0.799999
      vertex -38.7642 17.0218 0
    endloop
  endfacet
  facet normal -0.896898 0.442238 0
    outer loop
      vertex -41.4455 18.2807 4.74
      vertex -41.2141 18.75 34.14
      vertex -41.2141 18.75 4.74
    endloop
  endfacet
  facet normal -0.896898 0.442238 0
    outer loop
      vertex -41.2141 18.75 34.14
      vertex -41.4455 18.2807 4.74
      vertex -41.4455 18.2807 34.14
    endloop
  endfacet
  facet normal -0.980779 0.195124 0
    outer loop
      vertex -41.7158 17.2721 4.74
      vertex -41.6137 17.7853 34.14
      vertex -41.6137 17.7853 4.74
    endloop
  endfacet
  facet normal -0.980779 0.195124 0
    outer loop
      vertex -41.6137 17.7853 34.14
      vertex -41.7158 17.2721 4.74
      vertex -41.7158 17.2721 34.14
    endloop
  endfacet
  facet normal -0.6703 0.227528 -0.706349
    outer loop
      vertex -39.537 17.2288 2.6
      vertex -41.6037 17.7838 4.74
      vertex -39.4592 17.458 2.6
    endloop
  endfacet
  facet normal -0.682206 0.186056 -0.707092
    outer loop
      vertex -41.6037 17.7838 4.74
      vertex -39.537 17.2288 2.6
      vertex -41.604 17.7827 4.74
    endloop
  endfacet
  facet normal -0.138092 -0.694263 -0.706349
    outer loop
      vertex -38.7816 -20.6043 4.74
      vertex -38.2288 -18.537 2.6
      vertex -37.9915 -18.5842 2.6
    endloop
  endfacet
  facet normal -0.186056 -0.682206 -0.707092
    outer loop
      vertex -38.2288 -18.537 2.6
      vertex -38.7816 -20.6043 4.74
      vertex -38.7827 -20.604 4.74
    endloop
  endfacet
  facet normal 0 -0.707107 -0.707107
    outer loop
      vertex -37.75 -18.6 2.6
      vertex -4.25 -20.74 4.74
      vertex -37.75 -20.74 4.74
    endloop
  endfacet
  facet normal 0 -0.707107 -0.707107
    outer loop
      vertex -4.25 -20.74 4.74
      vertex -37.75 -18.6 2.6
      vertex -4.25 -18.6 2.6
    endloop
  endfacet
  facet normal -0.694263 0.138092 -0.706349
    outer loop
      vertex -41.6043 17.7816 4.74
      vertex -39.537 17.2288 2.6
      vertex -39.5842 16.9915 2.6
    endloop
  endfacet
  facet normal -0.682206 0.186056 -0.707092
    outer loop
      vertex -39.537 17.2288 2.6
      vertex -41.6043 17.7816 4.74
      vertex -41.604 17.7827 4.74
    endloop
  endfacet
  facet normal -0.466636 0.532289 -0.706342
    outer loop
      vertex -39.0582 18.0582 2.6
      vertex -40.5714 19.5714 4.74
      vertex -40.1798 19.9147 4.74
    endloop
  endfacet
  facet normal 0 0.707107 -0.707107
    outer loop
      vertex -4.25 18.6 2.6
      vertex -37.75 20.74 4.74
      vertex -4.25 20.74 4.74
    endloop
  endfacet
  facet normal 0 0.707107 -0.707107
    outer loop
      vertex -37.75 20.74 4.74
      vertex -4.25 18.6 2.6
      vertex -37.75 18.6 2.6
    endloop
  endfacet
  facet normal -0.502137 -0.502137 -0.704071
    outer loop
      vertex -40.1798 -19.9147 4.74
      vertex -38.8762 -18.2177 2.6
      vertex -40.179 -19.9155 4.74
    endloop
  endfacet
  facet normal -0.466543 -0.532356 -0.706353
    outer loop
      vertex -38.8762 -18.2177 2.6
      vertex -40.1798 -19.9147 4.74
      vertex -39.0582 -18.0582 2.6
    endloop
  endfacet
  facet normal 0.190903 -0.680888 -0.70707
    outer loop
      vertex -3.77118 -18.537 2.6
      vertex -3.21624 -20.6037 4.74
      vertex -3.21731 -20.604 4.74
    endloop
  endfacet
  facet normal 0.227583 -0.670287 -0.706344
    outer loop
      vertex -3.21624 -20.6037 4.74
      vertex -3.77118 -18.537 2.6
      vertex -3.54204 -18.4592 2.6
    endloop
  endfacet
  facet normal 0.672197 -0.221214 -0.706552
    outer loop
      vertex -0.396313 -17.7838 4.74
      vertex -2.46304 -17.2288 2.6
      vertex -0.395951 -17.7827 4.74
    endloop
  endfacet
  facet normal 0.670312 -0.227473 -0.706355
    outer loop
      vertex -2.46304 -17.2288 2.6
      vertex -0.396313 -17.7838 4.74
      vertex -2.54082 -17.458 2.6
    endloop
  endfacet
  facet normal 0 1 -0
    outer loop
      vertex 37.75 20.75 4.74
      vertex -37.75 20.75 34.14
      vertex 37.75 20.75 34.14
    endloop
  endfacet
  facet normal 0 1 0
    outer loop
      vertex -37.75 20.75 34.14
      vertex 37.75 20.75 4.74
      vertex -37.75 20.75 4.74
    endloop
  endfacet
  facet normal -0.670294 -0.227555 -0.706347
    outer loop
      vertex -41.4363 -18.2769 4.74
      vertex -41.6037 -17.7838 4.74
      vertex -39.4592 -17.458 2.6
    endloop
  endfacet
  facet normal 0.313144 -0.634836 -0.706346
    outer loop
      vertex -2.7231 -20.4363 4.74
      vertex -3.54204 -18.4592 2.6
      vertex -2.25601 -20.2059 4.74
    endloop
  endfacet
  facet normal 0.532232 -0.466695 -0.706346
    outer loop
      vertex -1.42864 -19.5714 4.74
      vertex -2.94185 -18.0582 2.6
      vertex -1.08526 -19.1798 4.74
    endloop
  endfacet
  facet normal -0.393247 -0.58858 -0.70635
    outer loop
      vertex -39.745 -20.2054 4.74
      vertex -40.178 -19.9161 4.74
      vertex -38.675 -18.3521 2.6
    endloop
  endfacet
  facet normal 0.694267 0.13808 -0.706348
    outer loop
      vertex -0.29414 17.2708 4.74
      vertex -2.41583 16.9915 2.6
      vertex -0.395731 17.7816 4.74
    endloop
  endfacet
  facet normal -0.313282 0.634754 -0.706358
    outer loop
      vertex -38.675 18.3521 2.6
      vertex -39.744 20.2059 4.74
      vertex -38.458 18.4592 2.6
    endloop
  endfacet
  facet normal -0.316512 0.633023 -0.706472
    outer loop
      vertex -39.744 20.2059 4.74
      vertex -38.675 18.3521 2.6
      vertex -39.745 20.2054 4.74
    endloop
  endfacet
  facet normal 0.393234 -0.588588 -0.706351
    outer loop
      vertex -2.255 -20.2054 4.74
      vertex -3.325 -18.3521 2.6
      vertex -1.82198 -19.9161 4.74
    endloop
  endfacet
  facet normal -0.393195 -0.588622 -0.706344
    outer loop
      vertex -40.178 -19.9161 4.74
      vertex -38.8762 -18.2177 2.6
      vertex -38.675 -18.3521 2.6
    endloop
  endfacet
  facet normal -0.364984 -0.608306 -0.704805
    outer loop
      vertex -38.8762 -18.2177 2.6
      vertex -40.178 -19.9161 4.74
      vertex -40.179 -19.9155 4.74
    endloop
  endfacet
  facet normal -0.442238 -0.896898 0
    outer loop
      vertex -39.75 -20.2141 4.74
      vertex -39.2807 -20.4455 34.14
      vertex -39.75 -20.2141 34.14
    endloop
  endfacet
  facet normal -0.442238 -0.896898 -0
    outer loop
      vertex -39.2807 -20.4455 34.14
      vertex -39.75 -20.2141 4.74
      vertex -39.2807 -20.4455 4.74
    endloop
  endfacet
  facet normal -0.313282 -0.634754 -0.706358
    outer loop
      vertex -39.744 -20.2059 4.74
      vertex -38.675 -18.3521 2.6
      vertex -38.458 -18.4592 2.6
    endloop
  endfacet
  facet normal -0.316512 -0.633023 -0.706472
    outer loop
      vertex -38.675 -18.3521 2.6
      vertex -39.744 -20.2059 4.74
      vertex -39.745 -20.2054 4.74
    endloop
  endfacet
  facet normal -0.6703 -0.227528 -0.706349
    outer loop
      vertex -41.6037 -17.7838 4.74
      vertex -39.537 -17.2288 2.6
      vertex -39.4592 -17.458 2.6
    endloop
  endfacet
  facet normal -0.682206 -0.186056 -0.707092
    outer loop
      vertex -39.537 -17.2288 2.6
      vertex -41.6037 -17.7838 4.74
      vertex -41.604 -17.7827 4.74
    endloop
  endfacet
  facet normal 0.0463486 0.706347 -0.706347
    outer loop
      vertex -3.73032 20.7059 4.74
      vertex -4.25 18.6 2.6
      vertex -4.25 20.74 4.74
    endloop
  endfacet
  facet normal -0.0463468 0.706347 -0.706347
    outer loop
      vertex -37.75 18.6 2.6
      vertex -38.2697 20.7059 4.74
      vertex -37.75 20.74 4.74
    endloop
  endfacet
  facet normal -0.393247 0.58858 -0.70635
    outer loop
      vertex -38.675 18.3521 2.6
      vertex -40.178 19.9161 4.74
      vertex -39.745 20.2054 4.74
    endloop
  endfacet
  facet normal 0.138094 -0.694262 -0.70635
    outer loop
      vertex -3.7292 -20.7059 4.74
      vertex -4.00853 -18.5842 2.6
      vertex -3.21841 -20.6043 4.74
    endloop
  endfacet
  facet normal -0.532289 -0.466636 -0.706342
    outer loop
      vertex -40.5714 -19.5714 4.74
      vertex -40.9147 -19.1798 4.74
      vertex -39.0582 -18.0582 2.6
    endloop
  endfacet
  facet normal -0.466636 -0.532289 -0.706342
    outer loop
      vertex -40.1798 -19.9147 4.74
      vertex -40.5714 -19.5714 4.74
      vertex -39.0582 -18.0582 2.6
    endloop
  endfacet
  facet normal -0.706347 -0.0463468 -0.706347
    outer loop
      vertex -41.7059 -17.2697 4.74
      vertex -41.74 -16.75 4.74
      vertex -39.6 -16.75 2.6
    endloop
  endfacet
  facet normal 0.670288 0.227573 -0.706346
    outer loop
      vertex -0.396313 17.7838 4.74
      vertex -2.54082 17.458 2.6
      vertex -0.563728 18.2769 4.74
    endloop
  endfacet
  facet normal -0.186056 -0.682206 -0.707092
    outer loop
      vertex -38.7838 -20.6037 4.74
      vertex -38.2288 -18.537 2.6
      vertex -38.7827 -20.604 4.74
    endloop
  endfacet
  facet normal -0.227528 -0.6703 -0.706349
    outer loop
      vertex -38.2288 -18.537 2.6
      vertex -38.7838 -20.6037 4.74
      vertex -38.458 -18.4592 2.6
    endloop
  endfacet
  facet normal -0.831432 0.555626 0
    outer loop
      vertex -41.2141 18.75 4.74
      vertex -40.9234 19.185 34.14
      vertex -40.9234 19.185 4.74
    endloop
  endfacet
  facet normal -0.831432 0.555626 0
    outer loop
      vertex -40.9234 19.185 34.14
      vertex -41.2141 18.75 4.74
      vertex -41.2141 18.75 34.14
    endloop
  endfacet
  facet normal 0.381157 -0.597146 -0.705788
    outer loop
      vertex -1.82198 -19.9161 4.74
      vertex -3.12379 -18.2177 2.6
      vertex -1.82104 -19.9155 4.74
    endloop
  endfacet
  facet normal 0.393181 -0.588631 -0.706345
    outer loop
      vertex -3.12379 -18.2177 2.6
      vertex -1.82198 -19.9161 4.74
      vertex -3.325 -18.3521 2.6
    endloop
  endfacet
  facet normal -0.634841 -0.313139 -0.706343
    outer loop
      vertex -41.2059 -18.744 4.74
      vertex -41.4363 -18.2769 4.74
      vertex -39.4592 -17.458 2.6
    endloop
  endfacet
  facet normal 0.227537 -0.670298 -0.706348
    outer loop
      vertex -3.21624 -20.6037 4.74
      vertex -3.54204 -18.4592 2.6
      vertex -2.7231 -20.4363 4.74
    endloop
  endfacet
  facet normal -0.555626 0.831432 0
    outer loop
      vertex -39.75 20.2141 4.74
      vertex -40.185 19.9234 34.14
      vertex -39.75 20.2141 34.14
    endloop
  endfacet
  facet normal -0.555626 0.831432 0
    outer loop
      vertex -40.185 19.9234 34.14
      vertex -39.75 20.2141 4.74
      vertex -40.185 19.9234 4.74
    endloop
  endfacet
  facet normal -0.659343 0.751842 0
    outer loop
      vertex -40.185 19.9234 4.74
      vertex -40.5784 19.5784 34.14
      vertex -40.185 19.9234 34.14
    endloop
  endfacet
  facet normal -0.659343 0.751842 0
    outer loop
      vertex -40.5784 19.5784 34.14
      vertex -40.185 19.9234 4.74
      vertex -40.5784 19.5784 4.74
    endloop
  endfacet
  facet normal 0.489042 -0.513494 -0.705097
    outer loop
      vertex -3.12379 -18.2177 2.6
      vertex -1.8202 -19.9147 4.74
      vertex -1.82104 -19.9155 4.74
    endloop
  endfacet
  facet normal 0.466633 -0.532284 -0.706348
    outer loop
      vertex -1.8202 -19.9147 4.74
      vertex -3.12379 -18.2177 2.6
      vertex -2.94185 -18.0582 2.6
    endloop
  endfacet
  facet normal -0.707107 0 -0.707107
    outer loop
      vertex -39.6 -16.75 2.6
      vertex -41.74 16.75 4.74
      vertex -39.6 16.75 2.6
    endloop
  endfacet
  facet normal -0.707107 -0 -0.707107
    outer loop
      vertex -41.74 16.75 4.74
      vertex -39.6 -16.75 2.6
      vertex -41.74 -16.75 4.74
    endloop
  endfacet
  facet normal 0.186056 -0.682207 -0.70709
    outer loop
      vertex -3.21841 -20.6043 4.74
      vertex -3.77118 -18.537 2.6
      vertex -3.21731 -20.604 4.74
    endloop
  endfacet
  facet normal 0.138064 -0.694271 -0.706347
    outer loop
      vertex -3.77118 -18.537 2.6
      vertex -3.21841 -20.6043 4.74
      vertex -4.00853 -18.5842 2.6
    endloop
  endfacet
  facet normal -0.555626 -0.831432 0
    outer loop
      vertex -40.185 -19.9234 4.74
      vertex -39.75 -20.2141 34.14
      vertex -40.185 -19.9234 34.14
    endloop
  endfacet
  facet normal -0.555626 -0.831432 -0
    outer loop
      vertex -39.75 -20.2141 34.14
      vertex -40.185 -19.9234 4.74
      vertex -39.75 -20.2141 4.74
    endloop
  endfacet
  facet normal -1 0 0
    outer loop
      vertex -41.75 -16.75 4.74
      vertex -41.75 16.75 34.14
      vertex -41.75 16.75 4.74
    endloop
  endfacet
  facet normal -1 -0 0
    outer loop
      vertex -41.75 16.75 34.14
      vertex -41.75 -16.75 4.74
      vertex -41.75 -16.75 34.14
    endloop
  endfacet
  facet normal -0.58858 -0.393247 -0.70635
    outer loop
      vertex -40.9161 -19.178 4.74
      vertex -41.2054 -18.745 4.74
      vertex -39.3521 -17.675 2.6
    endloop
  endfacet
  facet normal 0.694255 0.13812 -0.706352
    outer loop
      vertex -2.46304 17.2288 2.6
      vertex -0.395731 17.7816 4.74
      vertex -2.41583 16.9915 2.6
    endloop
  endfacet
  facet normal 0.694092 0.138818 -0.706375
    outer loop
      vertex -0.395731 17.7816 4.74
      vertex -2.46304 17.2288 2.6
      vertex -0.395951 17.7827 4.74
    endloop
  endfacet
  facet normal 0.227583 0.670287 -0.706344
    outer loop
      vertex -3.77118 18.537 2.6
      vertex -3.21624 20.6037 4.74
      vertex -3.54204 18.4592 2.6
    endloop
  endfacet
  facet normal 0.190903 0.680888 -0.70707
    outer loop
      vertex -3.21624 20.6037 4.74
      vertex -3.77118 18.537 2.6
      vertex -3.21731 20.604 4.74
    endloop
  endfacet
  facet normal 0.138094 0.694262 -0.70635
    outer loop
      vertex -3.21841 20.6043 4.74
      vertex -4.00853 18.5842 2.6
      vertex -3.7292 20.7059 4.74
    endloop
  endfacet
  facet normal 0 0.710137 -0.704064
    outer loop
      vertex -4.00853 18.5842 2.6
      vertex -3.73032 20.7059 4.74
      vertex -3.7292 20.7059 4.74
    endloop
  endfacet
  facet normal 0.0462194 0.706367 -0.706335
    outer loop
      vertex -3.73032 20.7059 4.74
      vertex -4.00853 18.5842 2.6
      vertex -4.25 18.6 2.6
    endloop
  endfacet
  facet normal -0.532289 0.466636 -0.706342
    outer loop
      vertex -39.0582 18.0582 2.6
      vertex -40.9147 19.1798 4.74
      vertex -40.5714 19.5714 4.74
    endloop
  endfacet
  facet normal -0.195124 0.980779 0
    outer loop
      vertex -38.2721 20.7158 4.74
      vertex -38.7853 20.6137 34.14
      vertex -38.2721 20.7158 34.14
    endloop
  endfacet
  facet normal -0.195124 0.980779 0
    outer loop
      vertex -38.7853 20.6137 34.14
      vertex -38.2721 20.7158 4.74
      vertex -38.7853 20.6137 4.74
    endloop
  endfacet
  facet normal -0.321498 0.94691 0
    outer loop
      vertex -38.7853 20.6137 4.74
      vertex -39.2807 20.4455 34.14
      vertex -38.7853 20.6137 34.14
    endloop
  endfacet
  facet normal -0.321498 0.94691 0
    outer loop
      vertex -39.2807 20.4455 34.14
      vertex -38.7853 20.6137 4.74
      vertex -39.2807 20.4455 4.74
    endloop
  endfacet
  facet normal -0.659343 -0.751842 0
    outer loop
      vertex -40.5784 -19.5784 4.74
      vertex -40.185 -19.9234 34.14
      vertex -40.5784 -19.5784 34.14
    endloop
  endfacet
  facet normal -0.659343 -0.751842 -0
    outer loop
      vertex -40.185 -19.9234 34.14
      vertex -40.5784 -19.5784 4.74
      vertex -40.185 -19.9234 4.74
    endloop
  endfacet
  facet normal -0.321498 -0.94691 0
    outer loop
      vertex -39.2807 -20.4455 4.74
      vertex -38.7853 -20.6137 34.14
      vertex -39.2807 -20.4455 34.14
    endloop
  endfacet
  facet normal -0.321498 -0.94691 -0
    outer loop
      vertex -38.7853 -20.6137 34.14
      vertex -39.2807 -20.4455 4.74
      vertex -38.7853 -20.6137 4.74
    endloop
  endfacet
  facet normal 0.532232 0.466695 -0.706346
    outer loop
      vertex -1.08526 19.1798 4.74
      vertex -2.94185 18.0582 2.6
      vertex -1.42864 19.5714 4.74
    endloop
  endfacet
  facet normal -0.138092 0.694263 -0.706349
    outer loop
      vertex -37.9915 18.5842 2.6
      vertex -38.7816 20.6043 4.74
      vertex -38.2708 20.7059 4.74
    endloop
  endfacet
  facet normal -0.710137 -0 -0.704064
    outer loop
      vertex -41.7059 -17.2697 4.74
      vertex -39.5842 -16.9915 2.6
      vertex -41.7059 -17.2708 4.74
    endloop
  endfacet
  facet normal -0.706368 -0.0462137 -0.706335
    outer loop
      vertex -39.5842 -16.9915 2.6
      vertex -41.7059 -17.2697 4.74
      vertex -39.6 -16.75 2.6
    endloop
  endfacet
  facet normal -0.751842 -0.659343 0
    outer loop
      vertex -40.5784 -19.5784 4.74
      vertex -40.9234 -19.185 34.14
      vertex -40.9234 -19.185 4.74
    endloop
  endfacet
  facet normal -0.751842 -0.659343 0
    outer loop
      vertex -40.9234 -19.185 34.14
      vertex -40.5784 -19.5784 4.74
      vertex -40.5784 -19.5784 34.14
    endloop
  endfacet
  facet normal -0.195124 -0.980779 0
    outer loop
      vertex -38.7853 -20.6137 4.74
      vertex -38.2721 -20.7158 34.14
      vertex -38.7853 -20.6137 34.14
    endloop
  endfacet
  facet normal -0.195124 -0.980779 -0
    outer loop
      vertex -38.2721 -20.7158 34.14
      vertex -38.7853 -20.6137 4.74
      vertex -38.2721 -20.7158 4.74
    endloop
  endfacet
  facet normal 0.588565 -0.393273 -0.706349
    outer loop
      vertex -1.08389 -19.178 4.74
      vertex -2.64786 -17.675 2.6
      vertex -0.794564 -18.745 4.74
    endloop
  endfacet
  facet normal 0.186056 0.682207 -0.70709
    outer loop
      vertex -3.77118 18.537 2.6
      vertex -3.21841 20.6043 4.74
      vertex -3.21731 20.604 4.74
    endloop
  endfacet
  facet normal 0.138064 0.694271 -0.706347
    outer loop
      vertex -3.21841 20.6043 4.74
      vertex -3.77118 18.537 2.6
      vertex -4.00853 18.5842 2.6
    endloop
  endfacet
  facet normal 0.670288 -0.227573 -0.706346
    outer loop
      vertex -0.563728 -18.2769 4.74
      vertex -2.54082 -17.458 2.6
      vertex -0.396313 -17.7838 4.74
    endloop
  endfacet
  facet normal 0.63356 -0.315513 -0.706437
    outer loop
      vertex -2.64786 -17.675 2.6
      vertex -0.794066 -18.744 4.74
      vertex -0.794564 -18.745 4.74
    endloop
  endfacet
  facet normal 0.634829 -0.313143 -0.706352
    outer loop
      vertex -0.794066 -18.744 4.74
      vertex -2.64786 -17.675 2.6
      vertex -2.54082 -17.458 2.6
    endloop
  endfacet
  facet normal 0.694267 -0.13808 -0.706348
    outer loop
      vertex -0.395731 -17.7816 4.74
      vertex -2.41583 -16.9915 2.6
      vertex -0.29414 -17.2708 4.74
    endloop
  endfacet
  facet normal -0.0463468 -0.706347 -0.706347
    outer loop
      vertex -37.75 -20.74 4.74
      vertex -38.2697 -20.7059 4.74
      vertex -37.75 -18.6 2.6
    endloop
  endfacet
  facet normal -0.997861 0.0653646 0
    outer loop
      vertex -41.75 16.75 4.74
      vertex -41.7158 17.2721 34.14
      vertex -41.7158 17.2721 4.74
    endloop
  endfacet
  facet normal -0.997861 0.0653646 0
    outer loop
      vertex -41.7158 17.2721 34.14
      vertex -41.75 16.75 4.74
      vertex -41.75 16.75 34.14
    endloop
  endfacet
  facet normal 0 -1 0
    outer loop
      vertex -37.75 -20.75 4.74
      vertex 37.75 -20.75 34.14
      vertex -37.75 -20.75 34.14
    endloop
  endfacet
  facet normal 0 -1 -0
    outer loop
      vertex 37.75 -20.75 34.14
      vertex -37.75 -20.75 4.74
      vertex 37.75 -20.75 4.74
    endloop
  endfacet
  facet normal 0.707108 0 -0.707105
    outer loop
      vertex -0.26 -16.75 4.74
      vertex -2.39999 16.75 2.6
      vertex -0.26 16.75 4.74
    endloop
  endfacet
  facet normal 0.707108 0 -0.707105
    outer loop
      vertex -2.39999 16.75 2.6
      vertex -0.26 -16.75 4.74
      vertex -2.39999 -16.75 2.6
    endloop
  endfacet
  facet normal 0.0463486 -0.706347 -0.706347
    outer loop
      vertex -3.73032 -20.7059 4.74
      vertex -4.25 -20.74 4.74
      vertex -4.25 -18.6 2.6
    endloop
  endfacet
  facet normal 0 -0.710137 -0.704064
    outer loop
      vertex -3.73032 -20.7059 4.74
      vertex -4.00853 -18.5842 2.6
      vertex -3.7292 -20.7059 4.74
    endloop
  endfacet
  facet normal 0.0462194 -0.706367 -0.706335
    outer loop
      vertex -4.00853 -18.5842 2.6
      vertex -3.73032 -20.7059 4.74
      vertex -4.25 -18.6 2.6
    endloop
  endfacet
  facet normal 0.314036 -0.634352 -0.706385
    outer loop
      vertex -2.25601 -20.2059 4.74
      vertex -3.325 -18.3521 2.6
      vertex -2.255 -20.2054 4.74
    endloop
  endfacet
  facet normal 0.313237 -0.634779 -0.706355
    outer loop
      vertex -3.325 -18.3521 2.6
      vertex -2.25601 -20.2059 4.74
      vertex -3.54204 -18.4592 2.6
    endloop
  endfacet
  facet normal 0.52018 -0.481166 -0.705614
    outer loop
      vertex -1.08526 -19.1798 4.74
      vertex -2.7823 -17.8762 2.6
      vertex -1.08452 -19.179 4.74
    endloop
  endfacet
  facet normal 0.532283 -0.466625 -0.706354
    outer loop
      vertex -2.7823 -17.8762 2.6
      vertex -1.08526 -19.1798 4.74
      vertex -2.94185 -18.0582 2.6
    endloop
  endfacet
  facet normal -0.896898 -0.442238 0
    outer loop
      vertex -41.2141 -18.75 4.74
      vertex -41.4455 -18.2807 34.14
      vertex -41.4455 -18.2807 4.74
    endloop
  endfacet
  facet normal -0.896898 -0.442238 0
    outer loop
      vertex -41.4455 -18.2807 34.14
      vertex -41.2141 -18.75 4.74
      vertex -41.2141 -18.75 34.14
    endloop
  endfacet
  facet normal -0.670294 0.227555 -0.706347
    outer loop
      vertex -39.4592 17.458 2.6
      vertex -41.6037 17.7838 4.74
      vertex -41.4363 18.2769 4.74
    endloop
  endfacet
  facet normal -0.0462137 0.706368 -0.706335
    outer loop
      vertex -37.9915 18.5842 2.6
      vertex -38.2697 20.7059 4.74
      vertex -37.75 18.6 2.6
    endloop
  endfacet
  facet normal 0 0.710137 -0.704064
    outer loop
      vertex -38.2697 20.7059 4.74
      vertex -37.9915 18.5842 2.6
      vertex -38.2708 20.7059 4.74
    endloop
  endfacet
  facet normal -0.751842 0.659343 0
    outer loop
      vertex -40.9234 19.185 4.74
      vertex -40.5784 19.5784 34.14
      vertex -40.5784 19.5784 4.74
    endloop
  endfacet
  facet normal -0.751842 0.659343 0
    outer loop
      vertex -40.5784 19.5784 34.14
      vertex -40.9234 19.185 4.74
      vertex -40.9234 19.185 34.14
    endloop
  endfacet
  facet normal 0.227537 0.670298 -0.706348
    outer loop
      vertex -2.7231 20.4363 4.74
      vertex -3.54204 18.4592 2.6
      vertex -3.21624 20.6037 4.74
    endloop
  endfacet
  facet normal 0.393234 0.588588 -0.706351
    outer loop
      vertex -1.82198 19.9161 4.74
      vertex -3.325 18.3521 2.6
      vertex -2.255 20.2054 4.74
    endloop
  endfacet
  facet normal -0.227528 0.6703 -0.706349
    outer loop
      vertex -38.7838 20.6037 4.74
      vertex -38.2288 18.537 2.6
      vertex -38.458 18.4592 2.6
    endloop
  endfacet
  facet normal -0.186056 0.682206 -0.707092
    outer loop
      vertex -38.2288 18.537 2.6
      vertex -38.7838 20.6037 4.74
      vertex -38.7827 20.604 4.74
    endloop
  endfacet
  facet normal -0.634754 0.313282 -0.706358
    outer loop
      vertex -41.2059 18.744 4.74
      vertex -39.3521 17.675 2.6
      vertex -39.4592 17.458 2.6
    endloop
  endfacet
  facet normal -0.633023 0.316512 -0.706472
    outer loop
      vertex -39.3521 17.675 2.6
      vertex -41.2059 18.744 4.74
      vertex -41.2054 18.745 4.74
    endloop
  endfacet
  facet normal -0.313139 0.634841 -0.706343
    outer loop
      vertex -38.458 18.4592 2.6
      vertex -39.744 20.2059 4.74
      vertex -39.2769 20.4363 4.74
    endloop
  endfacet
  facet normal 0.314036 0.634352 -0.706385
    outer loop
      vertex -3.325 18.3521 2.6
      vertex -2.25601 20.2059 4.74
      vertex -2.255 20.2054 4.74
    endloop
  endfacet
  facet normal 0.313237 0.634779 -0.706355
    outer loop
      vertex -2.25601 20.2059 4.74
      vertex -3.325 18.3521 2.6
      vertex -3.54204 18.4592 2.6
    endloop
  endfacet
  facet normal -0.694263 0.138092 -0.706349
    outer loop
      vertex -39.5842 16.9915 2.6
      vertex -41.7059 17.2708 4.74
      vertex -41.6043 17.7816 4.74
    endloop
  endfacet
  facet normal -0.0653646 0.997861 0
    outer loop
      vertex -37.75 20.75 4.74
      vertex -38.2721 20.7158 34.14
      vertex -37.75 20.75 34.14
    endloop
  endfacet
  facet normal -0.0653646 0.997861 0
    outer loop
      vertex -38.2721 20.7158 34.14
      vertex -37.75 20.75 4.74
      vertex -38.2721 20.7158 4.74
    endloop
  endfacet
  facet normal 0.672197 0.221214 -0.706552
    outer loop
      vertex -2.46304 17.2288 2.6
      vertex -0.396313 17.7838 4.74
      vertex -0.395951 17.7827 4.74
    endloop
  endfacet
  facet normal 0.670312 0.227473 -0.706355
    outer loop
      vertex -0.396313 17.7838 4.74
      vertex -2.46304 17.2288 2.6
      vertex -2.54082 17.458 2.6
    endloop
  endfacet
  facet normal -0.0653646 -0.997861 0
    outer loop
      vertex -38.2721 -20.7158 4.74
      vertex -37.75 -20.75 34.14
      vertex -38.2721 -20.7158 34.14
    endloop
  endfacet
  facet normal -0.0653646 -0.997861 -0
    outer loop
      vertex -37.75 -20.75 34.14
      vertex -38.2721 -20.7158 4.74
      vertex -37.75 -20.75 4.74
    endloop
  endfacet
  facet normal 0.599548 -0.377715 -0.705602
    outer loop
      vertex -2.7823 -17.8762 2.6
      vertex -1.08389 -19.178 4.74
      vertex -1.08452 -19.179 4.74
    endloop
  endfacet
  facet normal 0.588564 -0.393273 -0.706349
    outer loop
      vertex -1.08389 -19.178 4.74
      vertex -2.7823 -17.8762 2.6
      vertex -2.64786 -17.675 2.6
    endloop
  endfacet
  facet normal -0.58858 0.393247 -0.70635
    outer loop
      vertex -39.3521 17.675 2.6
      vertex -41.2054 18.745 4.74
      vertex -40.9161 19.178 4.74
    endloop
  endfacet
  facet normal -0.706368 0.0462137 -0.706335
    outer loop
      vertex -41.7059 17.2697 4.74
      vertex -39.5842 16.9915 2.6
      vertex -39.6 16.75 2.6
    endloop
  endfacet
  facet normal -0.710137 0 -0.704064
    outer loop
      vertex -39.5842 16.9915 2.6
      vertex -41.7059 17.2697 4.74
      vertex -41.7059 17.2708 4.74
    endloop
  endfacet
  facet normal 0.634873 -0.313071 -0.706344
    outer loop
      vertex -0.794066 -18.744 4.74
      vertex -2.54082 -17.458 2.6
      vertex -0.563728 -18.2769 4.74
    endloop
  endfacet
  facet normal 0.466662 0.532263 -0.706345
    outer loop
      vertex -1.42864 19.5714 4.74
      vertex -2.94185 18.0582 2.6
      vertex -1.8202 19.9147 4.74
    endloop
  endfacet
  facet normal -0.0462137 -0.706368 -0.706335
    outer loop
      vertex -38.2697 -20.7059 4.74
      vertex -37.9915 -18.5842 2.6
      vertex -37.75 -18.6 2.6
    endloop
  endfacet
  facet normal 0 -0.710137 -0.704064
    outer loop
      vertex -37.9915 -18.5842 2.6
      vertex -38.2697 -20.7059 4.74
      vertex -38.2708 -20.7059 4.74
    endloop
  endfacet
  facet normal -0.138092 -0.694263 -0.706349
    outer loop
      vertex -38.2708 -20.7059 4.74
      vertex -38.7816 -20.6043 4.74
      vertex -37.9915 -18.5842 2.6
    endloop
  endfacet
  facet normal -0.980779 -0.195124 0
    outer loop
      vertex -41.6137 -17.7853 4.74
      vertex -41.7158 -17.2721 34.14
      vertex -41.7158 -17.2721 4.74
    endloop
  endfacet
  facet normal -0.980779 -0.195124 0
    outer loop
      vertex -41.7158 -17.2721 34.14
      vertex -41.6137 -17.7853 4.74
      vertex -41.6137 -17.7853 34.14
    endloop
  endfacet
  facet normal -0.442238 0.896898 0
    outer loop
      vertex -39.2807 20.4455 4.74
      vertex -39.75 20.2141 34.14
      vertex -39.2807 20.4455 34.14
    endloop
  endfacet
  facet normal -0.442238 0.896898 0
    outer loop
      vertex -39.75 20.2141 34.14
      vertex -39.2807 20.4455 4.74
      vertex -39.75 20.2141 4.74
    endloop
  endfacet
  facet normal 0.634829 0.313143 -0.706352
    outer loop
      vertex -2.64786 17.675 2.6
      vertex -0.794066 18.744 4.74
      vertex -2.54082 17.458 2.6
    endloop
  endfacet
  facet normal 0.63356 0.315513 -0.706437
    outer loop
      vertex -0.794066 18.744 4.74
      vertex -2.64786 17.675 2.6
      vertex -0.794564 18.745 4.74
    endloop
  endfacet
  facet normal 0.634873 0.313071 -0.706344
    outer loop
      vertex -0.563728 18.2769 4.74
      vertex -2.54082 17.458 2.6
      vertex -0.794066 18.744 4.74
    endloop
  endfacet
  facet normal 0.466662 -0.532263 -0.706345
    outer loop
      vertex -1.8202 -19.9147 4.74
      vertex -2.94185 -18.0582 2.6
      vertex -1.42864 -19.5714 4.74
    endloop
  endfacet
  facet normal -0.997861 -0.0653646 0
    outer loop
      vertex -41.7158 -17.2721 4.74
      vertex -41.75 -16.75 34.14
      vertex -41.75 -16.75 4.74
    endloop
  endfacet
  facet normal -0.997861 -0.0653646 0
    outer loop
      vertex -41.75 -16.75 34.14
      vertex -41.7158 -17.2721 4.74
      vertex -41.7158 -17.2721 34.14
    endloop
  endfacet
  facet normal 0.70635 0.0463008 -0.706347
    outer loop
      vertex -0.26 16.75 4.74
      vertex -2.39999 16.75 2.6
      vertex -0.294066 17.2697 4.74
    endloop
  endfacet
  facet normal 0.706346 0.0463293 -0.706349
    outer loop
      vertex -2.41583 16.9915 2.6
      vertex -0.294066 17.2697 4.74
      vertex -2.39999 16.75 2.6
    endloop
  endfacet
  facet normal 0.706229 0.04751 -0.706387
    outer loop
      vertex -0.294066 17.2697 4.74
      vertex -2.41583 16.9915 2.6
      vertex -0.29414 17.2708 4.74
    endloop
  endfacet
  facet normal 0.694092 -0.138818 -0.706375
    outer loop
      vertex -2.46304 -17.2288 2.6
      vertex -0.395731 -17.7816 4.74
      vertex -0.395951 -17.7827 4.74
    endloop
  endfacet
  facet normal 0.694255 -0.13812 -0.706352
    outer loop
      vertex -0.395731 -17.7816 4.74
      vertex -2.46304 -17.2288 2.6
      vertex -2.41583 -16.9915 2.6
    endloop
  endfacet
  facet normal -0.694263 -0.138092 -0.706349
    outer loop
      vertex -41.6043 -17.7816 4.74
      vertex -41.7059 -17.2708 4.74
      vertex -39.5842 -16.9915 2.6
    endloop
  endfacet
  facet normal -0.633023 -0.316512 -0.706472
    outer loop
      vertex -41.2059 -18.744 4.74
      vertex -39.3521 -17.675 2.6
      vertex -41.2054 -18.745 4.74
    endloop
  endfacet
  facet normal -0.634754 -0.313282 -0.706358
    outer loop
      vertex -39.3521 -17.675 2.6
      vertex -41.2059 -18.744 4.74
      vertex -39.4592 -17.458 2.6
    endloop
  endfacet
  facet normal 0.588565 0.393273 -0.706349
    outer loop
      vertex -0.794564 18.745 4.74
      vertex -2.64786 17.675 2.6
      vertex -1.08389 19.178 4.74
    endloop
  endfacet
  facet normal 0.706229 -0.04751 -0.706387
    outer loop
      vertex -2.41583 -16.9915 2.6
      vertex -0.294066 -17.2697 4.74
      vertex -0.29414 -17.2708 4.74
    endloop
  endfacet
  facet normal 0.706346 -0.0463293 -0.706349
    outer loop
      vertex -0.294066 -17.2697 4.74
      vertex -2.41583 -16.9915 2.6
      vertex -2.39999 -16.75 2.6
    endloop
  endfacet
  facet normal 0.70635 -0.0463008 -0.706347
    outer loop
      vertex -0.294066 -17.2697 4.74
      vertex -2.39999 -16.75 2.6
      vertex -0.26 -16.75 4.74
    endloop
  endfacet
  facet normal 0.313144 0.634836 -0.706346
    outer loop
      vertex -2.25601 20.2059 4.74
      vertex -3.54204 18.4592 2.6
      vertex -2.7231 20.4363 4.74
    endloop
  endfacet
  facet normal -0.138092 0.694263 -0.706349
    outer loop
      vertex -38.2288 18.537 2.6
      vertex -38.7816 20.6043 4.74
      vertex -37.9915 18.5842 2.6
    endloop
  endfacet
  facet normal -0.186056 0.682206 -0.707092
    outer loop
      vertex -38.7816 20.6043 4.74
      vertex -38.2288 18.537 2.6
      vertex -38.7827 20.604 4.74
    endloop
  endfacet
  facet normal -0.608306 -0.364984 -0.704805
    outer loop
      vertex -40.9161 -19.178 4.74
      vertex -39.2177 -17.8762 2.6
      vertex -40.9155 -19.179 4.74
    endloop
  endfacet
  facet normal -0.588622 -0.393195 -0.706344
    outer loop
      vertex -39.2177 -17.8762 2.6
      vertex -40.9161 -19.178 4.74
      vertex -39.3521 -17.675 2.6
    endloop
  endfacet
  facet normal -0.634841 0.313139 -0.706343
    outer loop
      vertex -39.4592 17.458 2.6
      vertex -41.4363 18.2769 4.74
      vertex -41.2059 18.744 4.74
    endloop
  endfacet
  facet normal -0.227555 0.670294 -0.706347
    outer loop
      vertex -38.458 18.4592 2.6
      vertex -39.2769 20.4363 4.74
      vertex -38.7838 20.6037 4.74
    endloop
  endfacet
  facet normal -0.682206 -0.186056 -0.707092
    outer loop
      vertex -41.6043 -17.7816 4.74
      vertex -39.537 -17.2288 2.6
      vertex -41.604 -17.7827 4.74
    endloop
  endfacet
  facet normal -0.694263 -0.138092 -0.706349
    outer loop
      vertex -39.537 -17.2288 2.6
      vertex -41.6043 -17.7816 4.74
      vertex -39.5842 -16.9915 2.6
    endloop
  endfacet
  facet normal -0.532356 -0.466543 -0.706353
    outer loop
      vertex -40.9147 -19.1798 4.74
      vertex -39.2177 -17.8762 2.6
      vertex -39.0582 -18.0582 2.6
    endloop
  endfacet
  facet normal -0.502137 -0.502137 -0.704071
    outer loop
      vertex -39.2177 -17.8762 2.6
      vertex -40.9147 -19.1798 4.74
      vertex -40.9155 -19.179 4.74
    endloop
  endfacet
  facet normal -0.313139 -0.634841 -0.706343
    outer loop
      vertex -39.2769 -20.4363 4.74
      vertex -39.744 -20.2059 4.74
      vertex -38.458 -18.4592 2.6
    endloop
  endfacet
  facet normal -0.227555 -0.670294 -0.706347
    outer loop
      vertex -38.7838 -20.6037 4.74
      vertex -39.2769 -20.4363 4.74
      vertex -38.458 -18.4592 2.6
    endloop
  endfacet
  facet normal -0.94691 0.321498 0
    outer loop
      vertex -41.6137 17.7853 4.74
      vertex -41.4455 18.2807 34.14
      vertex -41.4455 18.2807 4.74
    endloop
  endfacet
  facet normal -0.94691 0.321498 0
    outer loop
      vertex -41.4455 18.2807 34.14
      vertex -41.6137 17.7853 4.74
      vertex -41.6137 17.7853 34.14
    endloop
  endfacet
  facet normal 0.466633 0.532284 -0.706348
    outer loop
      vertex -3.12379 18.2177 2.6
      vertex -1.8202 19.9147 4.74
      vertex -2.94185 18.0582 2.6
    endloop
  endfacet
  facet normal 0.489042 0.513494 -0.705097
    outer loop
      vertex -1.8202 19.9147 4.74
      vertex -3.12379 18.2177 2.6
      vertex -1.82104 19.9155 4.74
    endloop
  endfacet
  facet normal -0.706347 0.0463468 -0.706347
    outer loop
      vertex -39.6 16.75 2.6
      vertex -41.74 16.75 4.74
      vertex -41.7059 17.2697 4.74
    endloop
  endfacet
  facet normal -0.588622 0.393195 -0.706344
    outer loop
      vertex -40.9161 19.178 4.74
      vertex -39.2177 17.8762 2.6
      vertex -39.3521 17.675 2.6
    endloop
  endfacet
  facet normal -0.608306 0.364984 -0.704805
    outer loop
      vertex -39.2177 17.8762 2.6
      vertex -40.9161 19.178 4.74
      vertex -40.9155 19.179 4.74
    endloop
  endfacet
  facet normal -0.532356 0.466543 -0.706353
    outer loop
      vertex -39.2177 17.8762 2.6
      vertex -40.9147 19.1798 4.74
      vertex -39.0582 18.0582 2.6
    endloop
  endfacet
  facet normal -0.502137 0.502137 -0.704071
    outer loop
      vertex -40.9147 19.1798 4.74
      vertex -39.2177 17.8762 2.6
      vertex -40.9155 19.179 4.74
    endloop
  endfacet
  facet normal -0.94691 -0.321498 0
    outer loop
      vertex -41.4455 -18.2807 4.74
      vertex -41.6137 -17.7853 34.14
      vertex -41.6137 -17.7853 4.74
    endloop
  endfacet
  facet normal -0.94691 -0.321498 0
    outer loop
      vertex -41.6137 -17.7853 34.14
      vertex -41.4455 -18.2807 4.74
      vertex -41.4455 -18.2807 34.14
    endloop
  endfacet
  facet normal 0.588564 0.393273 -0.706349
    outer loop
      vertex -2.7823 17.8762 2.6
      vertex -1.08389 19.178 4.74
      vertex -2.64786 17.675 2.6
    endloop
  endfacet
  facet normal 0.599548 0.377715 -0.705602
    outer loop
      vertex -1.08389 19.178 4.74
      vertex -2.7823 17.8762 2.6
      vertex -1.08452 19.179 4.74
    endloop
  endfacet
  facet normal 0.52018 0.481166 -0.705614
    outer loop
      vertex -2.7823 17.8762 2.6
      vertex -1.08526 19.1798 4.74
      vertex -1.08452 19.179 4.74
    endloop
  endfacet
  facet normal 0.532283 0.466625 -0.706354
    outer loop
      vertex -1.08526 19.1798 4.74
      vertex -2.7823 17.8762 2.6
      vertex -2.94185 18.0582 2.6
    endloop
  endfacet
  facet normal -0.831432 -0.555626 0
    outer loop
      vertex -40.9234 -19.185 4.74
      vertex -41.2141 -18.75 34.14
      vertex -41.2141 -18.75 4.74
    endloop
  endfacet
  facet normal -0.831432 -0.555626 0
    outer loop
      vertex -41.2141 -18.75 34.14
      vertex -40.9234 -19.185 4.74
      vertex -40.9234 -19.185 34.14
    endloop
  endfacet
  facet normal -0.393195 0.588622 -0.706344
    outer loop
      vertex -38.8762 18.2177 2.6
      vertex -40.178 19.9161 4.74
      vertex -38.675 18.3521 2.6
    endloop
  endfacet
  facet normal -0.364984 0.608306 -0.704805
    outer loop
      vertex -40.178 19.9161 4.74
      vertex -38.8762 18.2177 2.6
      vertex -40.179 19.9155 4.74
    endloop
  endfacet
  facet normal -0.466543 0.532356 -0.706353
    outer loop
      vertex -40.1798 19.9147 4.74
      vertex -38.8762 18.2177 2.6
      vertex -39.0582 18.0582 2.6
    endloop
  endfacet
  facet normal -0.502137 0.502137 -0.704071
    outer loop
      vertex -38.8762 18.2177 2.6
      vertex -40.1798 19.9147 4.74
      vertex -40.179 19.9155 4.74
    endloop
  endfacet
  facet normal 0.381157 0.597146 -0.705788
    outer loop
      vertex -3.12379 18.2177 2.6
      vertex -1.82198 19.9161 4.74
      vertex -1.82104 19.9155 4.74
    endloop
  endfacet
  facet normal 0.393181 0.588631 -0.706345
    outer loop
      vertex -1.82198 19.9161 4.74
      vertex -3.12379 18.2177 2.6
      vertex -3.325 18.3521 2.6
    endloop
  endfacet
  facet normal 0.466538 -0.532351 -0.70636
    outer loop
      vertex 38.8762 -18.2177 0.799999
      vertex 38.3892 -17.583 0
      vertex 39.0582 -18.0582 0.799999
    endloop
  endfacet
  facet normal 0.39325 -0.588587 -0.706342
    outer loop
      vertex 38.675 -18.3521 0.799999
      vertex 38.275 -17.6593 0
      vertex 38.3892 -17.583 0
    endloop
  endfacet
  facet normal 0.393191 -0.588617 -0.70635
    outer loop
      vertex 38.675 -18.3521 0.799999
      vertex 38.3892 -17.583 0
      vertex 38.8762 -18.2177 0.799999
    endloop
  endfacet
  facet normal -0.0463853 0.706345 -0.706346
    outer loop
      vertex 4.25 17.8 0
      vertex 4.11295 17.791 0
      vertex 4.25 18.6 0.799999
    endloop
  endfacet
  facet normal -0.532286 -0.466628 -0.70635
    outer loop
      vertex 2.94185 -18.0582 0.799999
      vertex 2.7823 -17.8762 0.799999
      vertex 3.41698 -17.3892 0
    endloop
  endfacet
  facet normal -0.466628 -0.532278 -0.706356
    outer loop
      vertex 3.12379 -18.2177 0.799999
      vertex 2.94185 -18.0582 0.799999
      vertex 3.61079 -17.583 0
    endloop
  endfacet
  facet normal 0 -0.707106 -0.707107
    outer loop
      vertex 4.25 -18.6 0.799999
      vertex 37.75 -17.8 0
      vertex 37.75 -18.6 0.799999
    endloop
  endfacet
  facet normal -0 -0.707106 -0.707107
    outer loop
      vertex 37.75 -17.8 0
      vertex 4.25 -18.6 0.799999
      vertex 4.25 -17.8 0
    endloop
  endfacet
  facet normal -0.588561 -0.393285 -0.706345
    outer loop
      vertex 3.41698 -17.3892 0
      vertex 2.64786 -17.675 0.799999
      vertex 3.34067 -17.275 0
    endloop
  endfacet
  facet normal 0.980787 0.195083 0
    outer loop
      vertex 39.5842 16.9915 2.6
      vertex 39.537 17.2288 0.799999
      vertex 39.537 17.2288 2.6
    endloop
  endfacet
  facet normal 0.980787 0.195083 0
    outer loop
      vertex 39.537 17.2288 0.799999
      vertex 39.5842 16.9915 2.6
      vertex 39.5842 16.9915 0.799999
    endloop
  endfacet
  facet normal 0.707106 0 -0.707107
    outer loop
      vertex 38.8 -16.75 0
      vertex 39.6 16.75 0.799999
      vertex 39.6 -16.75 0.799999
    endloop
  endfacet
  facet normal 0.707106 0 -0.707107
    outer loop
      vertex 39.6 16.75 0.799999
      vertex 38.8 -16.75 0
      vertex 38.8 16.75 0
    endloop
  endfacet
  facet normal -0.313243 -0.634793 -0.70634
    outer loop
      vertex 3.54204 -18.4592 0.799999
      vertex 3.325 -18.3521 0.799999
      vertex 3.84818 -17.7201 0
    endloop
  endfacet
  facet normal 0.555463 0.831541 -0
    outer loop
      vertex 38.8762 18.2177 0.799999
      vertex 38.675 18.3521 2.6
      vertex 38.8762 18.2177 2.6
    endloop
  endfacet
  facet normal 0.555463 0.831541 0
    outer loop
      vertex 38.675 18.3521 2.6
      vertex 38.8762 18.2177 0.799999
      vertex 38.675 18.3521 0.799999
    endloop
  endfacet
  facet normal 0.694246 0.138089 -0.706367
    outer loop
      vertex 39.5842 16.9915 0.799999
      vertex 38.791 16.8871 0
      vertex 39.537 17.2288 0.799999
    endloop
  endfacet
  facet normal -0.313243 0.634793 -0.70634
    outer loop
      vertex 3.84818 17.7201 0
      vertex 3.325 18.3521 0.799999
      vertex 3.54204 18.4592 0.799999
    endloop
  endfacet
  facet normal 0.0652849 -0.997867 0
    outer loop
      vertex 37.75 -18.6 0.799999
      vertex 37.9915 -18.5842 2.6
      vertex 37.75 -18.6 2.6
    endloop
  endfacet
  facet normal 0.0652849 -0.997867 0
    outer loop
      vertex 37.9915 -18.5842 2.6
      vertex 37.75 -18.6 0.799999
      vertex 37.9915 -18.5842 0.799999
    endloop
  endfacet
  facet normal -0.751962 -0.659206 0
    outer loop
      vertex 2.94185 -18.0582 0.799999
      vertex 2.7823 -17.8762 2.6
      vertex 2.7823 -17.8762 0.799999
    endloop
  endfacet
  facet normal -0.751962 -0.659206 0
    outer loop
      vertex 2.7823 -17.8762 2.6
      vertex 2.94185 -18.0582 0.799999
      vertex 2.94185 -18.0582 2.6
    endloop
  endfacet
  facet normal 0.706338 -0.0462117 -0.706365
    outer loop
      vertex 39.5842 -16.9915 0.799999
      vertex 38.791 -16.8871 0
      vertex 39.6 -16.75 0.799999
    endloop
  endfacet
  facet normal 1 -0 0
    outer loop
      vertex 39.6 -16.75 2.6
      vertex 39.6 16.75 0.799999
      vertex 39.6 16.75 2.6
    endloop
  endfacet
  facet normal 1 0 0
    outer loop
      vertex 39.6 16.75 0.799999
      vertex 39.6 -16.75 2.6
      vertex 39.6 -16.75 0.799999
    endloop
  endfacet
  facet normal 0 -1 0
    outer loop
      vertex 4.25 -18.6 0.799999
      vertex 37.75 -18.6 2.6
      vertex 4.25 -18.6 2.6
    endloop
  endfacet
  facet normal 0 -1 -0
    outer loop
      vertex 37.75 -18.6 2.6
      vertex 4.25 -18.6 0.799999
      vertex 37.75 -18.6 0.799999
    endloop
  endfacet
  facet normal -1 0 0
    outer loop
      vertex 2.39999 -16.75 0.799999
      vertex 2.39999 16.75 2.6
      vertex 2.39999 16.75 0.799999
    endloop
  endfacet
  facet normal -1 -0 0
    outer loop
      vertex 2.39999 16.75 2.6
      vertex 2.39999 -16.75 0.799999
      vertex 2.39999 -16.75 2.6
    endloop
  endfacet
  facet normal 0.532436 0.466462 -0.706346
    outer loop
      vertex 38.583 17.3892 0
      vertex 38.4925 17.4925 0
      vertex 39.0582 18.0582 0.799999
    endloop
  endfacet
  facet normal 0 0.707106 -0.707107
    outer loop
      vertex 4.25 17.8 0
      vertex 37.75 18.6 0.799999
      vertex 37.75 17.8 0
    endloop
  endfacet
  facet normal 0 0.707106 -0.707107
    outer loop
      vertex 37.75 18.6 0.799999
      vertex 4.25 17.8 0
      vertex 4.25 18.6 0.799999
    endloop
  endfacet
  facet normal 0.946934 0.321429 0
    outer loop
      vertex 39.537 17.2288 2.6
      vertex 39.4592 17.458 0.799999
      vertex 39.4592 17.458 2.6
    endloop
  endfacet
  facet normal 0.946934 0.321429 0
    outer loop
      vertex 39.4592 17.458 0.799999
      vertex 39.537 17.2288 2.6
      vertex 39.537 17.2288 0.799999
    endloop
  endfacet
  facet normal 0.466538 0.532351 -0.70636
    outer loop
      vertex 39.0582 18.0582 0.799999
      vertex 38.3892 17.583 0
      vertex 38.8762 18.2177 0.799999
    endloop
  endfacet
  facet normal 0.634774 0.313265 -0.706348
    outer loop
      vertex 38.7201 17.1518 0
      vertex 38.6593 17.275 0
      vertex 39.3521 17.675 0.799999
    endloop
  endfacet
  facet normal -0.555444 -0.831554 0
    outer loop
      vertex 3.12379 -18.2177 0.799999
      vertex 3.325 -18.3521 2.6
      vertex 3.12379 -18.2177 2.6
    endloop
  endfacet
  facet normal -0.555444 -0.831554 -0
    outer loop
      vertex 3.325 -18.3521 2.6
      vertex 3.12379 -18.2177 0.799999
      vertex 3.325 -18.3521 0.799999
    endloop
  endfacet
  facet normal 0.195083 -0.980787 0
    outer loop
      vertex 37.9915 -18.5842 0.799999
      vertex 38.2288 -18.537 2.6
      vertex 37.9915 -18.5842 2.6
    endloop
  endfacet
  facet normal 0.195083 -0.980787 0
    outer loop
      vertex 38.2288 -18.537 2.6
      vertex 37.9915 -18.5842 0.799999
      vertex 38.2288 -18.537 0.799999
    endloop
  endfacet
  facet normal 0.442579 -0.896729 0
    outer loop
      vertex 38.458 -18.4592 0.799999
      vertex 38.675 -18.3521 2.6
      vertex 38.458 -18.4592 2.6
    endloop
  endfacet
  facet normal 0.442579 -0.896729 0
    outer loop
      vertex 38.675 -18.3521 2.6
      vertex 38.458 -18.4592 0.799999
      vertex 38.675 -18.3521 0.799999
    endloop
  endfacet
  facet normal -0.831465 0.555577 0
    outer loop
      vertex 2.64786 17.675 0.799999
      vertex 2.7823 17.8762 2.6
      vertex 2.7823 17.8762 0.799999
    endloop
  endfacet
  facet normal -0.831465 0.555577 0
    outer loop
      vertex 2.7823 17.8762 2.6
      vertex 2.64786 17.675 0.799999
      vertex 2.64786 17.675 2.6
    endloop
  endfacet
  facet normal -0.69426 -0.13813 -0.706345
    outer loop
      vertex 3.23578 -17.0218 0
      vertex 2.46304 -17.2288 0.799999
      vertex 3.20898 -16.8871 0
    endloop
  endfacet
  facet normal 0.138125 0.694234 -0.706371
    outer loop
      vertex 38.0218 17.7642 0
      vertex 37.8871 17.791 0
      vertex 38.2288 18.537 0.799999
    endloop
  endfacet
  facet normal -0.466588 -0.532322 -0.706349
    outer loop
      vertex 3.61079 -17.583 0
      vertex 2.94185 -18.0582 0.799999
      vertex 3.50754 -17.4925 0
    endloop
  endfacet
  facet normal 0.532351 -0.466538 -0.70636
    outer loop
      vertex 39.0582 -18.0582 0.799999
      vertex 38.583 -17.3892 0
      vertex 39.2177 -17.8762 0.799999
    endloop
  endfacet
  facet normal -0.694263 0.138121 -0.706344
    outer loop
      vertex 3.20898 16.8871 0
      vertex 2.41583 16.9915 0.799999
      vertex 2.46304 17.2288 0.799999
    endloop
  endfacet
  facet normal -0.634879 -0.313059 -0.706344
    outer loop
      vertex 3.34067 -17.275 0
      vertex 2.64786 -17.675 0.799999
      vertex 3.27992 -17.1518 0
    endloop
  endfacet
  facet normal -0.670314 -0.227474 -0.706353
    outer loop
      vertex 2.54082 -17.458 0.799999
      vertex 2.46304 -17.2288 0.799999
      vertex 3.27992 -17.1518 0
    endloop
  endfacet
  facet normal 0.313285 -0.634761 -0.70635
    outer loop
      vertex 38.458 -18.4592 0.799999
      vertex 38.1518 -17.7201 0
      vertex 38.675 -18.3521 0.799999
    endloop
  endfacet
  facet normal 0 1 -0
    outer loop
      vertex 37.75 18.6 0.799999
      vertex 4.25 18.6 2.6
      vertex 37.75 18.6 2.6
    endloop
  endfacet
  facet normal 0 1 0
    outer loop
      vertex 4.25 18.6 2.6
      vertex 37.75 18.6 0.799999
      vertex 4.25 18.6 0.799999
    endloop
  endfacet
  facet normal 0.588587 -0.39325 -0.706342
    outer loop
      vertex 39.3521 -17.675 0.799999
      vertex 38.583 -17.3892 0
      vertex 38.6593 -17.275 0
    endloop
  endfacet
  facet normal -0.0652929 0.997866 0
    outer loop
      vertex 4.25 18.6 0.799999
      vertex 4.00853 18.5842 2.6
      vertex 4.25 18.6 2.6
    endloop
  endfacet
  facet normal -0.0652929 0.997866 0
    outer loop
      vertex 4.00853 18.5842 2.6
      vertex 4.25 18.6 0.799999
      vertex 4.00853 18.5842 0.799999
    endloop
  endfacet
  facet normal 0.138125 -0.694234 -0.706371
    outer loop
      vertex 38.2288 -18.537 0.799999
      vertex 37.8871 -17.791 0
      vertex 38.0218 -17.7642 0
    endloop
  endfacet
  facet normal -0.896828 -0.44238 0
    outer loop
      vertex 2.64786 -17.675 0.799999
      vertex 2.54082 -17.458 2.6
      vertex 2.54082 -17.458 0.799999
    endloop
  endfacet
  facet normal -0.896828 -0.44238 0
    outer loop
      vertex 2.54082 -17.458 2.6
      vertex 2.64786 -17.675 0.799999
      vertex 2.64786 -17.675 2.6
    endloop
  endfacet
  facet normal 0.634761 -0.313285 -0.70635
    outer loop
      vertex 39.3521 -17.675 0.799999
      vertex 38.7201 -17.1518 0
      vertex 39.4592 -17.458 0.799999
    endloop
  endfacet
  facet normal 0.313265 -0.634774 -0.706348
    outer loop
      vertex 38.675 -18.3521 0.799999
      vertex 38.1518 -17.7201 0
      vertex 38.275 -17.6593 0
    endloop
  endfacet
  facet normal -0.659212 -0.751957 0
    outer loop
      vertex 2.94185 -18.0582 0.799999
      vertex 3.12379 -18.2177 2.6
      vertex 2.94185 -18.0582 2.6
    endloop
  endfacet
  facet normal -0.659212 -0.751957 -0
    outer loop
      vertex 3.12379 -18.2177 2.6
      vertex 2.94185 -18.0582 0.799999
      vertex 3.12379 -18.2177 0.799999
    endloop
  endfacet
  facet normal 0.227394 0.670323 -0.706371
    outer loop
      vertex 38.1518 17.7201 0
      vertex 38.0218 17.7642 0
      vertex 38.2288 18.537 0.799999
    endloop
  endfacet
  facet normal 0.670295 -0.227526 -0.706355
    outer loop
      vertex 39.4592 -17.458 0.799999
      vertex 38.7201 -17.1518 0
      vertex 39.537 -17.2288 0.799999
    endloop
  endfacet
  facet normal 0.896729 -0.442579 0
    outer loop
      vertex 39.3521 -17.675 2.6
      vertex 39.4592 -17.458 0.799999
      vertex 39.4592 -17.458 2.6
    endloop
  endfacet
  facet normal 0.896729 -0.442579 0
    outer loop
      vertex 39.4592 -17.458 0.799999
      vertex 39.3521 -17.675 2.6
      vertex 39.3521 -17.675 0.799999
    endloop
  endfacet
  facet normal 0.195083 0.980787 -0
    outer loop
      vertex 38.2288 18.537 0.799999
      vertex 37.9915 18.5842 2.6
      vertex 38.2288 18.537 2.6
    endloop
  endfacet
  facet normal 0.195083 0.980787 0
    outer loop
      vertex 37.9915 18.5842 2.6
      vertex 38.2288 18.537 0.799999
      vertex 37.9915 18.5842 0.799999
    endloop
  endfacet
  facet normal -0.53228 -0.466634 -0.706351
    outer loop
      vertex 3.50754 -17.4925 0
      vertex 2.94185 -18.0582 0.799999
      vertex 3.41698 -17.3892 0
    endloop
  endfacet
  facet normal -0.0462174 0.706336 -0.706366
    outer loop
      vertex 4.11295 17.791 0
      vertex 4.00853 18.5842 0.799999
      vertex 4.25 18.6 0.799999
    endloop
  endfacet
  facet normal 0.831541 -0.555463 0
    outer loop
      vertex 39.2177 -17.8762 2.6
      vertex 39.3521 -17.675 0.799999
      vertex 39.3521 -17.675 2.6
    endloop
  endfacet
  facet normal 0.831541 -0.555463 0
    outer loop
      vertex 39.3521 -17.675 0.799999
      vertex 39.2177 -17.8762 2.6
      vertex 39.2177 -17.8762 0.799999
    endloop
  endfacet
  facet normal 0.706346 -0.0463684 -0.706347
    outer loop
      vertex 39.6 -16.75 0.799999
      vertex 38.791 -16.8871 0
      vertex 38.8 -16.75 0
    endloop
  endfacet
  facet normal 0.0462117 0.706338 -0.706365
    outer loop
      vertex 37.8871 17.791 0
      vertex 37.75 18.6 0.799999
      vertex 37.9915 18.5842 0.799999
    endloop
  endfacet
  facet normal -0.706348 0.0463294 -0.706347
    outer loop
      vertex 3.20898 16.8871 0
      vertex 2.39999 16.75 0.799999
      vertex 2.41583 16.9915 0.799999
    endloop
  endfacet
  facet normal -0.980779 -0.195123 0
    outer loop
      vertex 2.46304 -17.2288 0.799999
      vertex 2.41583 -16.9915 2.6
      vertex 2.41583 -16.9915 0.799999
    endloop
  endfacet
  facet normal -0.980779 -0.195123 0
    outer loop
      vertex 2.41583 -16.9915 2.6
      vertex 2.46304 -17.2288 0.799999
      vertex 2.46304 -17.2288 2.6
    endloop
  endfacet
  facet normal 0.393191 0.588617 -0.70635
    outer loop
      vertex 38.8762 18.2177 0.799999
      vertex 38.3892 17.583 0
      vertex 38.675 18.3521 0.799999
    endloop
  endfacet
  facet normal 0.706338 0.0462117 -0.706365
    outer loop
      vertex 39.6 16.75 0.799999
      vertex 38.791 16.8871 0
      vertex 39.5842 16.9915 0.799999
    endloop
  endfacet
  facet normal -0.3932 -0.588615 -0.706347
    outer loop
      vertex 3.72501 -17.6593 0
      vertex 3.325 -18.3521 0.799999
      vertex 3.61079 -17.583 0
    endloop
  endfacet
  facet normal 0.706346 0.0463684 -0.706347
    outer loop
      vertex 38.8 16.75 0
      vertex 38.791 16.8871 0
      vertex 39.6 16.75 0.799999
    endloop
  endfacet
  facet normal -0.227581 -0.670283 -0.706348
    outer loop
      vertex 3.77118 -18.537 0.799999
      vertex 3.54204 -18.4592 0.799999
      vertex 3.84818 -17.7201 0
    endloop
  endfacet
  facet normal -0.313325 -0.63474 -0.706352
    outer loop
      vertex 3.84818 -17.7201 0
      vertex 3.325 -18.3521 0.799999
      vertex 3.72501 -17.6593 0
    endloop
  endfacet
  facet normal 0.634761 0.313285 -0.70635
    outer loop
      vertex 39.4592 17.458 0.799999
      vertex 38.7201 17.1518 0
      vertex 39.3521 17.675 0.799999
    endloop
  endfacet
  facet normal -0.707102 0 -0.707112
    outer loop
      vertex 2.39999 -16.75 0.799999
      vertex 3.2 16.75 0
      vertex 3.2 -16.75 0
    endloop
  endfacet
  facet normal -0.707102 0 -0.707112
    outer loop
      vertex 3.2 16.75 0
      vertex 2.39999 -16.75 0.799999
      vertex 2.39999 16.75 0.799999
    endloop
  endfacet
  facet normal -0.0462174 -0.706336 -0.706366
    outer loop
      vertex 4.25 -18.6 0.799999
      vertex 4.00853 -18.5842 0.799999
      vertex 4.11295 -17.791 0
    endloop
  endfacet
  facet normal -0.13806 -0.694249 -0.706369
    outer loop
      vertex 4.00853 -18.5842 0.799999
      vertex 3.77118 -18.537 0.799999
      vertex 4.11295 -17.791 0
    endloop
  endfacet
  facet normal -0.0463853 -0.706345 -0.706346
    outer loop
      vertex 4.25 -18.6 0.799999
      vertex 4.11295 -17.791 0
      vertex 4.25 -17.8 0
    endloop
  endfacet
  facet normal 0.321429 -0.946934 0
    outer loop
      vertex 38.2288 -18.537 0.799999
      vertex 38.458 -18.4592 2.6
      vertex 38.2288 -18.537 2.6
    endloop
  endfacet
  facet normal 0.321429 -0.946934 0
    outer loop
      vertex 38.458 -18.4592 2.6
      vertex 38.2288 -18.537 0.799999
      vertex 38.458 -18.4592 0.799999
    endloop
  endfacet
  facet normal -0.442514 0.896762 0
    outer loop
      vertex 3.54204 18.4592 0.799999
      vertex 3.325 18.3521 2.6
      vertex 3.54204 18.4592 2.6
    endloop
  endfacet
  facet normal -0.442514 0.896762 0
    outer loop
      vertex 3.325 18.3521 2.6
      vertex 3.54204 18.4592 0.799999
      vertex 3.325 18.3521 0.799999
    endloop
  endfacet
  facet normal -0.195043 -0.980795 0
    outer loop
      vertex 3.77118 -18.537 0.799999
      vertex 4.00853 -18.5842 2.6
      vertex 3.77118 -18.537 2.6
    endloop
  endfacet
  facet normal -0.195043 -0.980795 -0
    outer loop
      vertex 4.00853 -18.5842 2.6
      vertex 3.77118 -18.537 0.799999
      vertex 4.00853 -18.5842 0.799999
    endloop
  endfacet
  facet normal -0.0652929 -0.997866 0
    outer loop
      vertex 4.00853 -18.5842 0.799999
      vertex 4.25 -18.6 2.6
      vertex 4.00853 -18.5842 2.6
    endloop
  endfacet
  facet normal -0.0652929 -0.997866 -0
    outer loop
      vertex 4.25 -18.6 2.6
      vertex 4.00853 -18.5842 0.799999
      vertex 4.25 -18.6 0.799999
    endloop
  endfacet
  facet normal 0.138089 -0.694246 -0.706367
    outer loop
      vertex 37.9915 -18.5842 0.799999
      vertex 37.8871 -17.791 0
      vertex 38.2288 -18.537 0.799999
    endloop
  endfacet
  facet normal 0.0463684 -0.706346 -0.706347
    outer loop
      vertex 37.8871 -17.791 0
      vertex 37.75 -18.6 0.799999
      vertex 37.75 -17.8 0
    endloop
  endfacet
  facet normal 0.694234 -0.138125 -0.706371
    outer loop
      vertex 39.537 -17.2288 0.799999
      vertex 38.7642 -17.0218 0
      vertex 38.791 -16.8871 0
    endloop
  endfacet
  facet normal 0.466462 -0.532436 -0.706346
    outer loop
      vertex 39.0582 -18.0582 0.799999
      vertex 38.3892 -17.583 0
      vertex 38.4925 -17.4925 0
    endloop
  endfacet
  facet normal -0.896828 0.44238 0
    outer loop
      vertex 2.54082 17.458 0.799999
      vertex 2.64786 17.675 2.6
      vertex 2.64786 17.675 0.799999
    endloop
  endfacet
  facet normal -0.896828 0.44238 0
    outer loop
      vertex 2.64786 17.675 2.6
      vertex 2.54082 17.458 0.799999
      vertex 2.54082 17.458 2.6
    endloop
  endfacet
  facet normal 0.466462 0.532436 -0.706346
    outer loop
      vertex 38.4925 17.4925 0
      vertex 38.3892 17.583 0
      vertex 39.0582 18.0582 0.799999
    endloop
  endfacet
  facet normal 0.138089 0.694246 -0.706367
    outer loop
      vertex 38.2288 18.537 0.799999
      vertex 37.8871 17.791 0
      vertex 37.9915 18.5842 0.799999
    endloop
  endfacet
  facet normal 0.634774 -0.313265 -0.706348
    outer loop
      vertex 39.3521 -17.675 0.799999
      vertex 38.6593 -17.275 0
      vertex 38.7201 -17.1518 0
    endloop
  endfacet
  facet normal -0.67029 0.227589 -0.706339
    outer loop
      vertex 3.23578 17.0218 0
      vertex 2.46304 17.2288 0.799999
      vertex 3.27992 17.1518 0
    endloop
  endfacet
  facet normal 0.752065 0.65909 0
    outer loop
      vertex 39.2177 17.8762 2.6
      vertex 39.0582 18.0582 0.799999
      vertex 39.0582 18.0582 2.6
    endloop
  endfacet
  facet normal 0.752065 0.65909 0
    outer loop
      vertex 39.0582 18.0582 0.799999
      vertex 39.2177 17.8762 2.6
      vertex 39.2177 17.8762 0.799999
    endloop
  endfacet
  facet normal 0.980787 -0.195083 0
    outer loop
      vertex 39.537 -17.2288 2.6
      vertex 39.5842 -16.9915 0.799999
      vertex 39.5842 -16.9915 2.6
    endloop
  endfacet
  facet normal 0.980787 -0.195083 0
    outer loop
      vertex 39.5842 -16.9915 0.799999
      vertex 39.537 -17.2288 2.6
      vertex 39.537 -17.2288 0.799999
    endloop
  endfacet
  facet normal -0.138114 -0.694231 -0.706376
    outer loop
      vertex 4.11295 -17.791 0
      vertex 3.77118 -18.537 0.799999
      vertex 3.97824 -17.7642 0
    endloop
  endfacet
  facet normal 0.694234 0.138125 -0.706371
    outer loop
      vertex 38.791 16.8871 0
      vertex 38.7642 17.0218 0
      vertex 39.537 17.2288 0.799999
    endloop
  endfacet
  facet normal -0.532286 0.466628 -0.70635
    outer loop
      vertex 3.41698 17.3892 0
      vertex 2.7823 17.8762 0.799999
      vertex 2.94185 18.0582 0.799999
    endloop
  endfacet
  facet normal 0.532351 0.466538 -0.70636
    outer loop
      vertex 39.2177 17.8762 0.799999
      vertex 38.583 17.3892 0
      vertex 39.0582 18.0582 0.799999
    endloop
  endfacet
  facet normal 0.588587 0.39325 -0.706342
    outer loop
      vertex 38.6593 17.275 0
      vertex 38.583 17.3892 0
      vertex 39.3521 17.675 0.799999
    endloop
  endfacet
  facet normal 0.588617 0.393191 -0.70635
    outer loop
      vertex 39.3521 17.675 0.799999
      vertex 38.583 17.3892 0
      vertex 39.2177 17.8762 0.799999
    endloop
  endfacet
  facet normal -0.634826 -0.313142 -0.706356
    outer loop
      vertex 2.64786 -17.675 0.799999
      vertex 2.54082 -17.458 0.799999
      vertex 3.27992 -17.1518 0
    endloop
  endfacet
  facet normal 0.313265 0.634774 -0.706348
    outer loop
      vertex 38.275 17.6593 0
      vertex 38.1518 17.7201 0
      vertex 38.675 18.3521 0.799999
    endloop
  endfacet
  facet normal 0.831541 0.555463 0
    outer loop
      vertex 39.3521 17.675 2.6
      vertex 39.2177 17.8762 0.799999
      vertex 39.2177 17.8762 2.6
    endloop
  endfacet
  facet normal 0.831541 0.555463 0
    outer loop
      vertex 39.2177 17.8762 0.799999
      vertex 39.3521 17.675 2.6
      vertex 39.3521 17.675 0.799999
    endloop
  endfacet
  facet normal 0.896729 0.442579 0
    outer loop
      vertex 39.4592 17.458 2.6
      vertex 39.3521 17.675 0.799999
      vertex 39.3521 17.675 2.6
    endloop
  endfacet
  facet normal 0.896729 0.442579 0
    outer loop
      vertex 39.3521 17.675 0.799999
      vertex 39.4592 17.458 2.6
      vertex 39.4592 17.458 0.799999
    endloop
  endfacet
  facet normal -0.634879 0.313059 -0.706344
    outer loop
      vertex 3.27992 17.1518 0
      vertex 2.64786 17.675 0.799999
      vertex 3.34067 17.275 0
    endloop
  endfacet
  facet normal -0.195043 0.980795 0
    outer loop
      vertex 4.00853 18.5842 0.799999
      vertex 3.77118 18.537 2.6
      vertex 4.00853 18.5842 2.6
    endloop
  endfacet
  facet normal -0.195043 0.980795 0
    outer loop
      vertex 3.77118 18.537 2.6
      vertex 4.00853 18.5842 0.799999
      vertex 3.77118 18.537 0.799999
    endloop
  endfacet
  facet normal 0.694246 -0.138089 -0.706367
    outer loop
      vertex 39.537 -17.2288 0.799999
      vertex 38.791 -16.8871 0
      vertex 39.5842 -16.9915 0.799999
    endloop
  endfacet
  facet normal -0.3932 0.588615 -0.706347
    outer loop
      vertex 3.61079 17.583 0
      vertex 3.325 18.3521 0.799999
      vertex 3.72501 17.6593 0
    endloop
  endfacet
  facet normal -0.466588 0.532322 -0.706349
    outer loop
      vertex 3.50754 17.4925 0
      vertex 2.94185 18.0582 0.799999
      vertex 3.61079 17.583 0
    endloop
  endfacet
  facet normal -0.227296 -0.670343 -0.706382
    outer loop
      vertex 3.97824 -17.7642 0
      vertex 3.77118 -18.537 0.799999
      vertex 3.84818 -17.7201 0
    endloop
  endfacet
  facet normal 0.588617 -0.393191 -0.70635
    outer loop
      vertex 39.2177 -17.8762 0.799999
      vertex 38.583 -17.3892 0
      vertex 39.3521 -17.675 0.799999
    endloop
  endfacet
  facet normal 0.997867 0.0652849 0
    outer loop
      vertex 39.6 16.75 2.6
      vertex 39.5842 16.9915 0.799999
      vertex 39.5842 16.9915 2.6
    endloop
  endfacet
  facet normal 0.997867 0.0652849 0
    outer loop
      vertex 39.5842 16.9915 0.799999
      vertex 39.6 16.75 2.6
      vertex 39.6 16.75 0.799999
    endloop
  endfacet
  facet normal -0.831465 -0.555577 0
    outer loop
      vertex 2.7823 -17.8762 0.799999
      vertex 2.64786 -17.675 2.6
      vertex 2.64786 -17.675 0.799999
    endloop
  endfacet
  facet normal -0.831465 -0.555577 0
    outer loop
      vertex 2.64786 -17.675 2.6
      vertex 2.7823 -17.8762 0.799999
      vertex 2.7823 -17.8762 2.6
    endloop
  endfacet
  facet normal 0.0462117 -0.706338 -0.706365
    outer loop
      vertex 37.9915 -18.5842 0.799999
      vertex 37.75 -18.6 0.799999
      vertex 37.8871 -17.791 0
    endloop
  endfacet
  facet normal 0.532436 -0.466462 -0.706346
    outer loop
      vertex 39.0582 -18.0582 0.799999
      vertex 38.4925 -17.4925 0
      vertex 38.583 -17.3892 0
    endloop
  endfacet
  facet normal 0.555463 -0.831541 0
    outer loop
      vertex 38.675 -18.3521 0.799999
      vertex 38.8762 -18.2177 2.6
      vertex 38.675 -18.3521 2.6
    endloop
  endfacet
  facet normal 0.555463 -0.831541 0
    outer loop
      vertex 38.8762 -18.2177 2.6
      vertex 38.675 -18.3521 0.799999
      vertex 38.8762 -18.2177 0.799999
    endloop
  endfacet
  facet normal 0.65909 -0.752065 0
    outer loop
      vertex 38.8762 -18.2177 0.799999
      vertex 39.0582 -18.0582 2.6
      vertex 38.8762 -18.2177 2.6
    endloop
  endfacet
  facet normal 0.65909 -0.752065 0
    outer loop
      vertex 39.0582 -18.0582 2.6
      vertex 38.8762 -18.2177 0.799999
      vertex 39.0582 -18.0582 0.799999
    endloop
  endfacet
  facet normal 0.997867 -0.0652849 0
    outer loop
      vertex 39.5842 -16.9915 2.6
      vertex 39.6 -16.75 0.799999
      vertex 39.6 -16.75 2.6
    endloop
  endfacet
  facet normal 0.997867 -0.0652849 0
    outer loop
      vertex 39.6 -16.75 0.799999
      vertex 39.5842 -16.9915 2.6
      vertex 39.5842 -16.9915 0.799999
    endloop
  endfacet
  facet normal -0.138114 0.694231 -0.706376
    outer loop
      vertex 3.97824 17.7642 0
      vertex 3.77118 18.537 0.799999
      vertex 4.11295 17.791 0
    endloop
  endfacet
  facet normal 0.227394 -0.670323 -0.706371
    outer loop
      vertex 38.2288 -18.537 0.799999
      vertex 38.0218 -17.7642 0
      vertex 38.1518 -17.7201 0
    endloop
  endfacet
  facet normal 0.227526 -0.670295 -0.706355
    outer loop
      vertex 38.2288 -18.537 0.799999
      vertex 38.1518 -17.7201 0
      vertex 38.458 -18.4592 0.799999
    endloop
  endfacet
  facet normal -0.321504 -0.946908 0
    outer loop
      vertex 3.54204 -18.4592 0.799999
      vertex 3.77118 -18.537 2.6
      vertex 3.54204 -18.4592 2.6
    endloop
  endfacet
  facet normal -0.321504 -0.946908 -0
    outer loop
      vertex 3.77118 -18.537 2.6
      vertex 3.54204 -18.4592 0.799999
      vertex 3.77118 -18.537 0.799999
    endloop
  endfacet
  facet normal -0.393178 -0.588626 -0.70635
    outer loop
      vertex 3.325 -18.3521 0.799999
      vertex 3.12379 -18.2177 0.799999
      vertex 3.61079 -17.583 0
    endloop
  endfacet
  facet normal 0.670323 -0.227394 -0.706371
    outer loop
      vertex 39.537 -17.2288 0.799999
      vertex 38.7201 -17.1518 0
      vertex 38.7642 -17.0218 0
    endloop
  endfacet
  facet normal -0.588561 0.393285 -0.706345
    outer loop
      vertex 3.34067 17.275 0
      vertex 2.64786 17.675 0.799999
      vertex 3.41698 17.3892 0
    endloop
  endfacet
  facet normal -0.997856 0.0654494 0
    outer loop
      vertex 2.39999 16.75 0.799999
      vertex 2.41583 16.9915 2.6
      vertex 2.41583 16.9915 0.799999
    endloop
  endfacet
  facet normal -0.997856 0.0654494 0
    outer loop
      vertex 2.41583 16.9915 2.6
      vertex 2.39999 16.75 0.799999
      vertex 2.39999 16.75 2.6
    endloop
  endfacet
  facet normal -0.946959 0.321355 0
    outer loop
      vertex 2.46304 17.2288 0.799999
      vertex 2.54082 17.458 2.6
      vertex 2.54082 17.458 0.799999
    endloop
  endfacet
  facet normal -0.946959 0.321355 0
    outer loop
      vertex 2.54082 17.458 2.6
      vertex 2.46304 17.2288 0.799999
      vertex 2.46304 17.2288 2.6
    endloop
  endfacet
  facet normal -0.67029 -0.227589 -0.706339
    outer loop
      vertex 3.27992 -17.1518 0
      vertex 2.46304 -17.2288 0.799999
      vertex 3.23578 -17.0218 0
    endloop
  endfacet
  facet normal -0.393178 0.588626 -0.70635
    outer loop
      vertex 3.61079 17.583 0
      vertex 3.12379 18.2177 0.799999
      vertex 3.325 18.3521 0.799999
    endloop
  endfacet
  facet normal 0.0463684 0.706346 -0.706347
    outer loop
      vertex 37.8871 17.791 0
      vertex 37.75 17.8 0
      vertex 37.75 18.6 0.799999
    endloop
  endfacet
  facet normal -0.588566 -0.393275 -0.706346
    outer loop
      vertex 2.7823 -17.8762 0.799999
      vertex 2.64786 -17.675 0.799999
      vertex 3.41698 -17.3892 0
    endloop
  endfacet
  facet normal 0.0652849 0.997867 -0
    outer loop
      vertex 37.9915 18.5842 0.799999
      vertex 37.75 18.6 2.6
      vertex 37.9915 18.5842 2.6
    endloop
  endfacet
  facet normal 0.0652849 0.997867 0
    outer loop
      vertex 37.75 18.6 2.6
      vertex 37.9915 18.5842 0.799999
      vertex 37.75 18.6 0.799999
    endloop
  endfacet
  facet normal 0.65909 0.752065 -0
    outer loop
      vertex 39.0582 18.0582 0.799999
      vertex 38.8762 18.2177 2.6
      vertex 39.0582 18.0582 2.6
    endloop
  endfacet
  facet normal 0.65909 0.752065 0
    outer loop
      vertex 38.8762 18.2177 2.6
      vertex 39.0582 18.0582 0.799999
      vertex 38.8762 18.2177 0.799999
    endloop
  endfacet
  facet normal -0.694263 -0.138121 -0.706344
    outer loop
      vertex 2.46304 -17.2288 0.799999
      vertex 2.41583 -16.9915 0.799999
      vertex 3.20898 -16.8871 0
    endloop
  endfacet
  facet normal -0.13806 0.694249 -0.706369
    outer loop
      vertex 4.11295 17.791 0
      vertex 3.77118 18.537 0.799999
      vertex 4.00853 18.5842 0.799999
    endloop
  endfacet
  facet normal -0.53228 0.466634 -0.706351
    outer loop
      vertex 3.41698 17.3892 0
      vertex 2.94185 18.0582 0.799999
      vertex 3.50754 17.4925 0
    endloop
  endfacet
  facet normal -0.227296 0.670343 -0.706382
    outer loop
      vertex 3.84818 17.7201 0
      vertex 3.77118 18.537 0.799999
      vertex 3.97824 17.7642 0
    endloop
  endfacet
  facet normal 0.670323 0.227394 -0.706371
    outer loop
      vertex 38.7642 17.0218 0
      vertex 38.7201 17.1518 0
      vertex 39.537 17.2288 0.799999
    endloop
  endfacet
  facet normal 0.670295 0.227526 -0.706355
    outer loop
      vertex 39.537 17.2288 0.799999
      vertex 38.7201 17.1518 0
      vertex 39.4592 17.458 0.799999
    endloop
  endfacet
  facet normal 0.946934 -0.321429 0
    outer loop
      vertex 39.4592 -17.458 2.6
      vertex 39.537 -17.2288 0.799999
      vertex 39.537 -17.2288 2.6
    endloop
  endfacet
  facet normal 0.946934 -0.321429 0
    outer loop
      vertex 39.537 -17.2288 0.799999
      vertex 39.4592 -17.458 2.6
      vertex 39.4592 -17.458 0.799999
    endloop
  endfacet
  facet normal -0.442514 -0.896762 0
    outer loop
      vertex 3.325 -18.3521 0.799999
      vertex 3.54204 -18.4592 2.6
      vertex 3.325 -18.3521 2.6
    endloop
  endfacet
  facet normal -0.442514 -0.896762 -0
    outer loop
      vertex 3.54204 -18.4592 2.6
      vertex 3.325 -18.3521 0.799999
      vertex 3.54204 -18.4592 0.799999
    endloop
  endfacet
  facet normal -0.321504 0.946908 0
    outer loop
      vertex 3.77118 18.537 0.799999
      vertex 3.54204 18.4592 2.6
      vertex 3.77118 18.537 2.6
    endloop
  endfacet
  facet normal -0.321504 0.946908 0
    outer loop
      vertex 3.54204 18.4592 2.6
      vertex 3.77118 18.537 0.799999
      vertex 3.54204 18.4592 0.799999
    endloop
  endfacet
  facet normal -0.466628 0.532278 -0.706356
    outer loop
      vertex 3.61079 17.583 0
      vertex 2.94185 18.0582 0.799999
      vertex 3.12379 18.2177 0.799999
    endloop
  endfacet
  facet normal -0.659212 0.751957 0
    outer loop
      vertex 3.12379 18.2177 0.799999
      vertex 2.94185 18.0582 2.6
      vertex 3.12379 18.2177 2.6
    endloop
  endfacet
  facet normal -0.659212 0.751957 0
    outer loop
      vertex 2.94185 18.0582 2.6
      vertex 3.12379 18.2177 0.799999
      vertex 2.94185 18.0582 0.799999
    endloop
  endfacet
  facet normal -0.313325 0.63474 -0.706352
    outer loop
      vertex 3.72501 17.6593 0
      vertex 3.325 18.3521 0.799999
      vertex 3.84818 17.7201 0
    endloop
  endfacet
  facet normal -0.555444 0.831554 0
    outer loop
      vertex 3.325 18.3521 0.799999
      vertex 3.12379 18.2177 2.6
      vertex 3.325 18.3521 2.6
    endloop
  endfacet
  facet normal -0.555444 0.831554 0
    outer loop
      vertex 3.12379 18.2177 2.6
      vertex 3.325 18.3521 0.799999
      vertex 3.12379 18.2177 0.799999
    endloop
  endfacet
  facet normal 0.227526 0.670295 -0.706355
    outer loop
      vertex 38.458 18.4592 0.799999
      vertex 38.1518 17.7201 0
      vertex 38.2288 18.537 0.799999
    endloop
  endfacet
  facet normal -0.980779 0.195123 0
    outer loop
      vertex 2.41583 16.9915 0.799999
      vertex 2.46304 17.2288 2.6
      vertex 2.46304 17.2288 0.799999
    endloop
  endfacet
  facet normal -0.980779 0.195123 0
    outer loop
      vertex 2.46304 17.2288 2.6
      vertex 2.41583 16.9915 0.799999
      vertex 2.41583 16.9915 2.6
    endloop
  endfacet
  facet normal 0.442579 0.896729 -0
    outer loop
      vertex 38.675 18.3521 0.799999
      vertex 38.458 18.4592 2.6
      vertex 38.675 18.3521 2.6
    endloop
  endfacet
  facet normal 0.442579 0.896729 0
    outer loop
      vertex 38.458 18.4592 2.6
      vertex 38.675 18.3521 0.799999
      vertex 38.458 18.4592 0.799999
    endloop
  endfacet
  facet normal -0.227581 0.670283 -0.706348
    outer loop
      vertex 3.84818 17.7201 0
      vertex 3.54204 18.4592 0.799999
      vertex 3.77118 18.537 0.799999
    endloop
  endfacet
  facet normal 0.752065 -0.65909 0
    outer loop
      vertex 39.0582 -18.0582 2.6
      vertex 39.2177 -17.8762 0.799999
      vertex 39.2177 -17.8762 2.6
    endloop
  endfacet
  facet normal 0.752065 -0.65909 0
    outer loop
      vertex 39.2177 -17.8762 0.799999
      vertex 39.0582 -18.0582 2.6
      vertex 39.0582 -18.0582 0.799999
    endloop
  endfacet
  facet normal -0.706345 -0.0462653 -0.706354
    outer loop
      vertex 3.20898 -16.8871 0
      vertex 2.39999 -16.75 0.799999
      vertex 3.2 -16.75 0
    endloop
  endfacet
  facet normal -0.706348 -0.0463294 -0.706347
    outer loop
      vertex 2.41583 -16.9915 0.799999
      vertex 2.39999 -16.75 0.799999
      vertex 3.20898 -16.8871 0
    endloop
  endfacet
  facet normal -0.634826 0.313142 -0.706356
    outer loop
      vertex 3.27992 17.1518 0
      vertex 2.54082 17.458 0.799999
      vertex 2.64786 17.675 0.799999
    endloop
  endfacet
  facet normal -0.670314 0.227474 -0.706353
    outer loop
      vertex 3.27992 17.1518 0
      vertex 2.46304 17.2288 0.799999
      vertex 2.54082 17.458 0.799999
    endloop
  endfacet
  facet normal -0.588566 0.393275 -0.706346
    outer loop
      vertex 3.41698 17.3892 0
      vertex 2.64786 17.675 0.799999
      vertex 2.7823 17.8762 0.799999
    endloop
  endfacet
  facet normal -0.751962 0.659206 0
    outer loop
      vertex 2.7823 17.8762 0.799999
      vertex 2.94185 18.0582 2.6
      vertex 2.94185 18.0582 0.799999
    endloop
  endfacet
  facet normal -0.751962 0.659206 0
    outer loop
      vertex 2.94185 18.0582 2.6
      vertex 2.7823 17.8762 0.799999
      vertex 2.7823 17.8762 2.6
    endloop
  endfacet
  facet normal -0.706345 0.0462653 -0.706354
    outer loop
      vertex 3.2 16.75 0
      vertex 2.39999 16.75 0.799999
      vertex 3.20898 16.8871 0
    endloop
  endfacet
  facet normal -0.997856 -0.0654494 0
    outer loop
      vertex 2.41583 -16.9915 0.799999
      vertex 2.39999 -16.75 2.6
      vertex 2.39999 -16.75 0.799999
    endloop
  endfacet
  facet normal -0.997856 -0.0654494 0
    outer loop
      vertex 2.39999 -16.75 2.6
      vertex 2.41583 -16.9915 0.799999
      vertex 2.41583 -16.9915 2.6
    endloop
  endfacet
  facet normal 0.39325 0.588587 -0.706342
    outer loop
      vertex 38.3892 17.583 0
      vertex 38.275 17.6593 0
      vertex 38.675 18.3521 0.799999
    endloop
  endfacet
  facet normal 0.313285 0.634761 -0.70635
    outer loop
      vertex 38.675 18.3521 0.799999
      vertex 38.1518 17.7201 0
      vertex 38.458 18.4592 0.799999
    endloop
  endfacet
  facet normal 0.321429 0.946934 -0
    outer loop
      vertex 38.458 18.4592 0.799999
      vertex 38.2288 18.537 2.6
      vertex 38.458 18.4592 2.6
    endloop
  endfacet
  facet normal 0.321429 0.946934 0
    outer loop
      vertex 38.2288 18.537 2.6
      vertex 38.458 18.4592 0.799999
      vertex 38.2288 18.537 0.799999
    endloop
  endfacet
  facet normal 0 0 -1
    outer loop
      vertex 37.75 -17.8 0
      vertex 38.8 -16.75 0
      vertex 38.791 -16.8871 0
    endloop
  endfacet
  facet normal -0 0 -1
    outer loop
      vertex 38.8 -16.75 0
      vertex 37.75 -17.8 0
      vertex 38.8 16.75 0
    endloop
  endfacet
  facet normal 0 0 -1
    outer loop
      vertex 37.75 -17.8 0
      vertex 38.791 -16.8871 0
      vertex 38.7642 -17.0218 0
    endloop
  endfacet
  facet normal 0 0 -1
    outer loop
      vertex 37.75 17.8 0
      vertex 38.8 16.75 0
      vertex 37.75 -17.8 0
    endloop
  endfacet
  facet normal 0 0 -1
    outer loop
      vertex 37.75 -17.8 0
      vertex 38.7642 -17.0218 0
      vertex 38.7201 -17.1518 0
    endloop
  endfacet
  facet normal 0 0 -1
    outer loop
      vertex 38.8 16.75 0
      vertex 37.75 17.8 0
      vertex 38.791 16.8871 0
    endloop
  endfacet
  facet normal 0 0 -1
    outer loop
      vertex 37.75 -17.8 0
      vertex 38.7201 -17.1518 0
      vertex 38.6593 -17.275 0
    endloop
  endfacet
  facet normal 0 0 -1
    outer loop
      vertex 38.791 16.8871 0
      vertex 37.75 17.8 0
      vertex 38.7642 17.0218 0
    endloop
  endfacet
  facet normal 0 0 -1
    outer loop
      vertex 37.75 -17.8 0
      vertex 38.6593 -17.275 0
      vertex 38.583 -17.3892 0
    endloop
  endfacet
  facet normal 0 0 -1
    outer loop
      vertex 38.7642 17.0218 0
      vertex 37.75 17.8 0
      vertex 38.7201 17.1518 0
    endloop
  endfacet
  facet normal 0 0 -1
    outer loop
      vertex 37.75 -17.8 0
      vertex 38.583 -17.3892 0
      vertex 38.4925 -17.4925 0
    endloop
  endfacet
  facet normal 0 0 -1
    outer loop
      vertex 38.7201 17.1518 0
      vertex 37.75 17.8 0
      vertex 38.6593 17.275 0
    endloop
  endfacet
  facet normal 0 0 -1
    outer loop
      vertex 37.75 -17.8 0
      vertex 38.4925 -17.4925 0
      vertex 38.3892 -17.583 0
    endloop
  endfacet
  facet normal 0 0 -1
    outer loop
      vertex 38.6593 17.275 0
      vertex 37.75 17.8 0
      vertex 38.583 17.3892 0
    endloop
  endfacet
  facet normal 0 0 -1
    outer loop
      vertex 37.75 -17.8 0
      vertex 38.3892 -17.583 0
      vertex 38.275 -17.6593 0
    endloop
  endfacet
  facet normal 0 0 -1
    outer loop
      vertex 38.583 17.3892 0
      vertex 37.75 17.8 0
      vertex 38.4925 17.4925 0
    endloop
  endfacet
  facet normal 0 0 -1
    outer loop
      vertex 37.75 -17.8 0
      vertex 38.275 -17.6593 0
      vertex 38.1518 -17.7201 0
    endloop
  endfacet
  facet normal 0 0 -1
    outer loop
      vertex 38.4925 17.4925 0
      vertex 37.75 17.8 0
      vertex 38.3892 17.583 0
    endloop
  endfacet
  facet normal 0 0 -1
    outer loop
      vertex 37.75 -17.8 0
      vertex 38.1518 -17.7201 0
      vertex 38.0218 -17.7642 0
    endloop
  endfacet
  facet normal 0 0 -1
    outer loop
      vertex 38.3892 17.583 0
      vertex 37.75 17.8 0
      vertex 38.275 17.6593 0
    endloop
  endfacet
  facet normal 0 0 -1
    outer loop
      vertex 37.75 -17.8 0
      vertex 38.0218 -17.7642 0
      vertex 37.8871 -17.791 0
    endloop
  endfacet
  facet normal 0 0 -1
    outer loop
      vertex 38.275 17.6593 0
      vertex 37.75 17.8 0
      vertex 38.1518 17.7201 0
    endloop
  endfacet
  facet normal 0 0 -1
    outer loop
      vertex 38.1518 17.7201 0
      vertex 37.75 17.8 0
      vertex 38.0218 17.7642 0
    endloop
  endfacet
  facet normal 0 0 -1
    outer loop
      vertex 38.0218 17.7642 0
      vertex 37.75 17.8 0
      vertex 37.8871 17.791 0
    endloop
  endfacet
  facet normal 0 0 -1
    outer loop
      vertex 4.25 -17.8 0
      vertex 37.75 17.8 0
      vertex 37.75 -17.8 0
    endloop
  endfacet
  facet normal 0 0 -1
    outer loop
      vertex 4.25 -17.8 0
      vertex 4.25 17.8 0
      vertex 37.75 17.8 0
    endloop
  endfacet
  facet normal 0 0 -1
    outer loop
      vertex 3.2 -16.75 0
      vertex 4.25 -17.8 0
      vertex 4.11295 -17.791 0
    endloop
  endfacet
  facet normal 0 0 -1
    outer loop
      vertex 4.25 -17.8 0
      vertex 3.2 -16.75 0
      vertex 4.25 17.8 0
    endloop
  endfacet
  facet normal 0 0 -1
    outer loop
      vertex 3.2 -16.75 0
      vertex 4.11295 -17.791 0
      vertex 3.97824 -17.7642 0
    endloop
  endfacet
  facet normal 0 0 -1
    outer loop
      vertex 3.2 16.75 0
      vertex 4.25 17.8 0
      vertex 3.2 -16.75 0
    endloop
  endfacet
  facet normal 0 0 -1
    outer loop
      vertex 3.2 -16.75 0
      vertex 3.97824 -17.7642 0
      vertex 3.84818 -17.7201 0
    endloop
  endfacet
  facet normal 0 0 -1
    outer loop
      vertex 4.25 17.8 0
      vertex 3.2 16.75 0
      vertex 4.11295 17.791 0
    endloop
  endfacet
  facet normal 0 0 -1
    outer loop
      vertex 3.2 -16.75 0
      vertex 3.84818 -17.7201 0
      vertex 3.72501 -17.6593 0
    endloop
  endfacet
  facet normal 0 0 -1
    outer loop
      vertex 4.11295 17.791 0
      vertex 3.2 16.75 0
      vertex 3.97824 17.7642 0
    endloop
  endfacet
  facet normal 0 0 -1
    outer loop
      vertex 3.2 -16.75 0
      vertex 3.72501 -17.6593 0
      vertex 3.61079 -17.583 0
    endloop
  endfacet
  facet normal 0 0 -1
    outer loop
      vertex 3.97824 17.7642 0
      vertex 3.2 16.75 0
      vertex 3.84818 17.7201 0
    endloop
  endfacet
  facet normal 0 0 -1
    outer loop
      vertex 3.2 -16.75 0
      vertex 3.61079 -17.583 0
      vertex 3.50754 -17.4925 0
    endloop
  endfacet
  facet normal 0 0 -1
    outer loop
      vertex 3.84818 17.7201 0
      vertex 3.2 16.75 0
      vertex 3.72501 17.6593 0
    endloop
  endfacet
  facet normal 0 0 -1
    outer loop
      vertex 3.2 -16.75 0
      vertex 3.50754 -17.4925 0
      vertex 3.41698 -17.3892 0
    endloop
  endfacet
  facet normal 0 0 -1
    outer loop
      vertex 3.72501 17.6593 0
      vertex 3.2 16.75 0
      vertex 3.61079 17.583 0
    endloop
  endfacet
  facet normal 0 0 -1
    outer loop
      vertex 3.2 -16.75 0
      vertex 3.41698 -17.3892 0
      vertex 3.34067 -17.275 0
    endloop
  endfacet
  facet normal 0 0 -1
    outer loop
      vertex 3.61079 17.583 0
      vertex 3.2 16.75 0
      vertex 3.50754 17.4925 0
    endloop
  endfacet
  facet normal 0 0 -1
    outer loop
      vertex 3.2 -16.75 0
      vertex 3.34067 -17.275 0
      vertex 3.27992 -17.1518 0
    endloop
  endfacet
  facet normal 0 0 -1
    outer loop
      vertex 3.50754 17.4925 0
      vertex 3.2 16.75 0
      vertex 3.41698 17.3892 0
    endloop
  endfacet
  facet normal 0 0 -1
    outer loop
      vertex 3.2 -16.75 0
      vertex 3.27992 -17.1518 0
      vertex 3.23578 -17.0218 0
    endloop
  endfacet
  facet normal 0 0 -1
    outer loop
      vertex 3.41698 17.3892 0
      vertex 3.2 16.75 0
      vertex 3.34067 17.275 0
    endloop
  endfacet
  facet normal 0 0 -1
    outer loop
      vertex 3.2 -16.75 0
      vertex 3.23578 -17.0218 0
      vertex 3.20898 -16.8871 0
    endloop
  endfacet
  facet normal 0 0 -1
    outer loop
      vertex 3.34067 17.275 0
      vertex 3.2 16.75 0
      vertex 3.27992 17.1518 0
    endloop
  endfacet
  facet normal 0 0 -1
    outer loop
      vertex 3.27992 17.1518 0
      vertex 3.2 16.75 0
      vertex 3.23578 17.0218 0
    endloop
  endfacet
  facet normal 0 0 -1
    outer loop
      vertex 3.23578 17.0218 0
      vertex 3.2 16.75 0
      vertex 3.20898 16.8871 0
    endloop
  endfacet
  facet normal -0.946959 -0.321355 0
    outer loop
      vertex 2.54082 -17.458 0.799999
      vertex 2.46304 -17.2288 2.6
      vertex 2.46304 -17.2288 0.799999
    endloop
  endfacet
  facet normal -0.946959 -0.321355 0
    outer loop
      vertex 2.46304 -17.2288 2.6
      vertex 2.54082 -17.458 0.799999
      vertex 2.54082 -17.458 2.6
    endloop
  endfacet
  facet normal -0.69426 0.13813 -0.706345
    outer loop
      vertex 3.20898 16.8871 0
      vertex 2.46304 17.2288 0.799999
      vertex 3.23578 17.0218 0
    endloop
  endfacet
  facet normal -0.670312 0.227473 -0.706355
    outer loop
      vertex 2.46304 17.2288 2.6
      vertex 0.396313 17.7838 4.74
      vertex 2.54082 17.458 2.6
    endloop
  endfacet
  facet normal -0.672197 0.221214 -0.706552
    outer loop
      vertex 0.396313 17.7838 4.74
      vertex 2.46304 17.2288 2.6
      vertex 0.395951 17.7827 4.74
    endloop
  endfacet
  facet normal 0.442238 0.896898 -0
    outer loop
      vertex 39.75 20.2141 4.74
      vertex 39.2807 20.4455 34.14
      vertex 39.75 20.2141 34.14
    endloop
  endfacet
  facet normal 0.442238 0.896898 0
    outer loop
      vertex 39.2807 20.4455 34.14
      vertex 39.75 20.2141 4.74
      vertex 39.2807 20.4455 4.74
    endloop
  endfacet
  facet normal 0.321498 0.94691 -0
    outer loop
      vertex 39.2807 20.4455 4.74
      vertex 38.7853 20.6137 34.14
      vertex 39.2807 20.4455 34.14
    endloop
  endfacet
  facet normal 0.321498 0.94691 0
    outer loop
      vertex 38.7853 20.6137 34.14
      vertex 39.2807 20.4455 4.74
      vertex 38.7853 20.6137 4.74
    endloop
  endfacet
  facet normal -0.138064 -0.694271 -0.706347
    outer loop
      vertex 3.21841 -20.6043 4.74
      vertex 3.77118 -18.537 2.6
      vertex 4.00853 -18.5842 2.6
    endloop
  endfacet
  facet normal -0.186056 -0.682207 -0.70709
    outer loop
      vertex 3.77118 -18.537 2.6
      vertex 3.21841 -20.6043 4.74
      vertex 3.21731 -20.604 4.74
    endloop
  endfacet
  facet normal 0 -0.707107 -0.707107
    outer loop
      vertex 4.25 -18.6 2.6
      vertex 37.75 -20.74 4.74
      vertex 4.25 -20.74 4.74
    endloop
  endfacet
  facet normal 0 -0.707107 -0.707107
    outer loop
      vertex 37.75 -20.74 4.74
      vertex 4.25 -18.6 2.6
      vertex 37.75 -18.6 2.6
    endloop
  endfacet
  facet normal -0.694255 0.13812 -0.706352
    outer loop
      vertex 0.395731 17.7816 4.74
      vertex 2.46304 17.2288 2.6
      vertex 2.41583 16.9915 2.6
    endloop
  endfacet
  facet normal -0.694092 0.138818 -0.706375
    outer loop
      vertex 2.46304 17.2288 2.6
      vertex 0.395731 17.7816 4.74
      vertex 0.395951 17.7827 4.74
    endloop
  endfacet
  facet normal -0.466662 0.532263 -0.706345
    outer loop
      vertex 2.94185 18.0582 2.6
      vertex 1.42864 19.5714 4.74
      vertex 1.8202 19.9147 4.74
    endloop
  endfacet
  facet normal 0 0.707107 -0.707107
    outer loop
      vertex 37.75 18.6 2.6
      vertex 4.25 20.74 4.74
      vertex 37.75 20.74 4.74
    endloop
  endfacet
  facet normal 0 0.707107 -0.707107
    outer loop
      vertex 4.25 20.74 4.74
      vertex 37.75 18.6 2.6
      vertex 4.25 18.6 2.6
    endloop
  endfacet
  facet normal -0.489042 -0.513494 -0.705097
    outer loop
      vertex 1.8202 -19.9147 4.74
      vertex 3.12379 -18.2177 2.6
      vertex 1.82104 -19.9155 4.74
    endloop
  endfacet
  facet normal -0.466633 -0.532284 -0.706348
    outer loop
      vertex 3.12379 -18.2177 2.6
      vertex 1.8202 -19.9147 4.74
      vertex 2.94185 -18.0582 2.6
    endloop
  endfacet
  facet normal 0.186056 -0.682206 -0.707092
    outer loop
      vertex 38.2288 -18.537 2.6
      vertex 38.7838 -20.6037 4.74
      vertex 38.7827 -20.604 4.74
    endloop
  endfacet
  facet normal 0.227528 -0.6703 -0.706349
    outer loop
      vertex 38.7838 -20.6037 4.74
      vertex 38.2288 -18.537 2.6
      vertex 38.458 -18.4592 2.6
    endloop
  endfacet
  facet normal 0.555626 0.831432 -0
    outer loop
      vertex 40.185 19.9234 4.74
      vertex 39.75 20.2141 34.14
      vertex 40.185 19.9234 34.14
    endloop
  endfacet
  facet normal 0.555626 0.831432 0
    outer loop
      vertex 39.75 20.2141 34.14
      vertex 40.185 19.9234 4.74
      vertex 39.75 20.2141 4.74
    endloop
  endfacet
  facet normal 0.682206 -0.186056 -0.707092
    outer loop
      vertex 41.6037 -17.7838 4.74
      vertex 39.537 -17.2288 2.6
      vertex 41.604 -17.7827 4.74
    endloop
  endfacet
  facet normal 0.6703 -0.227528 -0.706349
    outer loop
      vertex 39.537 -17.2288 2.6
      vertex 41.6037 -17.7838 4.74
      vertex 39.4592 -17.458 2.6
    endloop
  endfacet
  facet normal -0.670288 -0.227573 -0.706346
    outer loop
      vertex 0.563728 -18.2769 4.74
      vertex 0.396313 -17.7838 4.74
      vertex 2.54082 -17.458 2.6
    endloop
  endfacet
  facet normal 0.195124 0.980779 -0
    outer loop
      vertex 38.7853 20.6137 4.74
      vertex 38.2721 20.7158 34.14
      vertex 38.7853 20.6137 34.14
    endloop
  endfacet
  facet normal 0.195124 0.980779 0
    outer loop
      vertex 38.2721 20.7158 34.14
      vertex 38.7853 20.6137 4.74
      vertex 38.2721 20.7158 4.74
    endloop
  endfacet
  facet normal 0.313139 -0.634841 -0.706343
    outer loop
      vertex 39.2769 -20.4363 4.74
      vertex 38.458 -18.4592 2.6
      vertex 39.744 -20.2059 4.74
    endloop
  endfacet
  facet normal 0.532289 -0.466636 -0.706342
    outer loop
      vertex 40.5714 -19.5714 4.74
      vertex 39.0582 -18.0582 2.6
      vertex 40.9147 -19.1798 4.74
    endloop
  endfacet
  facet normal -0.393234 -0.588588 -0.706351
    outer loop
      vertex 2.255 -20.2054 4.74
      vertex 1.82198 -19.9161 4.74
      vertex 3.325 -18.3521 2.6
    endloop
  endfacet
  facet normal 0.980779 -0.195124 0
    outer loop
      vertex 41.6137 -17.7853 34.14
      vertex 41.7158 -17.2721 4.74
      vertex 41.7158 -17.2721 34.14
    endloop
  endfacet
  facet normal 0.980779 -0.195124 0
    outer loop
      vertex 41.7158 -17.2721 4.74
      vertex 41.6137 -17.7853 34.14
      vertex 41.6137 -17.7853 4.74
    endloop
  endfacet
  facet normal 0.694263 0.138092 -0.706349
    outer loop
      vertex 41.7059 17.2708 4.74
      vertex 39.5842 16.9915 2.6
      vertex 41.6043 17.7816 4.74
    endloop
  endfacet
  facet normal -0.313237 0.634779 -0.706355
    outer loop
      vertex 3.325 18.3521 2.6
      vertex 2.25601 20.2059 4.74
      vertex 3.54204 18.4592 2.6
    endloop
  endfacet
  facet normal -0.314036 0.634352 -0.706385
    outer loop
      vertex 2.25601 20.2059 4.74
      vertex 3.325 18.3521 2.6
      vertex 2.255 20.2054 4.74
    endloop
  endfacet
  facet normal 0.393247 -0.58858 -0.70635
    outer loop
      vertex 39.745 -20.2054 4.74
      vertex 38.675 -18.3521 2.6
      vertex 40.178 -19.9161 4.74
    endloop
  endfacet
  facet normal -0.393181 -0.588631 -0.706345
    outer loop
      vertex 1.82198 -19.9161 4.74
      vertex 3.12379 -18.2177 2.6
      vertex 3.325 -18.3521 2.6
    endloop
  endfacet
  facet normal -0.381157 -0.597146 -0.705788
    outer loop
      vertex 3.12379 -18.2177 2.6
      vertex 1.82198 -19.9161 4.74
      vertex 1.82104 -19.9155 4.74
    endloop
  endfacet
  facet normal -0.313237 -0.634779 -0.706355
    outer loop
      vertex 2.25601 -20.2059 4.74
      vertex 3.325 -18.3521 2.6
      vertex 3.54204 -18.4592 2.6
    endloop
  endfacet
  facet normal -0.314036 -0.634352 -0.706385
    outer loop
      vertex 3.325 -18.3521 2.6
      vertex 2.25601 -20.2059 4.74
      vertex 2.255 -20.2054 4.74
    endloop
  endfacet
  facet normal -0.670312 -0.227473 -0.706355
    outer loop
      vertex 0.396313 -17.7838 4.74
      vertex 2.46304 -17.2288 2.6
      vertex 2.54082 -17.458 2.6
    endloop
  endfacet
  facet normal -0.672197 -0.221214 -0.706552
    outer loop
      vertex 2.46304 -17.2288 2.6
      vertex 0.396313 -17.7838 4.74
      vertex 0.395951 -17.7827 4.74
    endloop
  endfacet
  facet normal 0.0463468 0.706347 -0.706347
    outer loop
      vertex 38.2697 20.7059 4.74
      vertex 37.75 18.6 2.6
      vertex 37.75 20.74 4.74
    endloop
  endfacet
  facet normal 0.896898 0.442238 0
    outer loop
      vertex 41.4455 18.2807 34.14
      vertex 41.2141 18.75 4.74
      vertex 41.2141 18.75 34.14
    endloop
  endfacet
  facet normal 0.896898 0.442238 0
    outer loop
      vertex 41.2141 18.75 4.74
      vertex 41.4455 18.2807 34.14
      vertex 41.4455 18.2807 4.74
    endloop
  endfacet
  facet normal 0.0653646 0.997861 -0
    outer loop
      vertex 38.2721 20.7158 4.74
      vertex 37.75 20.75 34.14
      vertex 38.2721 20.7158 34.14
    endloop
  endfacet
  facet normal 0.0653646 0.997861 0
    outer loop
      vertex 37.75 20.75 34.14
      vertex 38.2721 20.7158 4.74
      vertex 37.75 20.75 4.74
    endloop
  endfacet
  facet normal -0.0463486 0.706347 -0.706347
    outer loop
      vertex 4.25 18.6 2.6
      vertex 3.73032 20.7059 4.74
      vertex 4.25 20.74 4.74
    endloop
  endfacet
  facet normal 0.997861 -0.0653646 0
    outer loop
      vertex 41.7158 -17.2721 34.14
      vertex 41.75 -16.75 4.74
      vertex 41.75 -16.75 34.14
    endloop
  endfacet
  facet normal 0.997861 -0.0653646 0
    outer loop
      vertex 41.75 -16.75 4.74
      vertex 41.7158 -17.2721 34.14
      vertex 41.7158 -17.2721 4.74
    endloop
  endfacet
  facet normal -0.393234 0.588588 -0.706351
    outer loop
      vertex 3.325 18.3521 2.6
      vertex 1.82198 19.9161 4.74
      vertex 2.255 20.2054 4.74
    endloop
  endfacet
  facet normal 0.138092 -0.694263 -0.706349
    outer loop
      vertex 38.2708 -20.7059 4.74
      vertex 37.9915 -18.5842 2.6
      vertex 38.7816 -20.6043 4.74
    endloop
  endfacet
  facet normal -0.532232 -0.466695 -0.706346
    outer loop
      vertex 1.42864 -19.5714 4.74
      vertex 1.08526 -19.1798 4.74
      vertex 2.94185 -18.0582 2.6
    endloop
  endfacet
  facet normal -0.466662 -0.532263 -0.706345
    outer loop
      vertex 1.8202 -19.9147 4.74
      vertex 1.42864 -19.5714 4.74
      vertex 2.94185 -18.0582 2.6
    endloop
  endfacet
  facet normal -0.70635 -0.0463008 -0.706347
    outer loop
      vertex 0.294066 -17.2697 4.74
      vertex 0.26 -16.75 4.74
      vertex 2.39999 -16.75 2.6
    endloop
  endfacet
  facet normal 0.751842 0.659343 0
    outer loop
      vertex 40.9234 19.185 34.14
      vertex 40.5784 19.5784 4.74
      vertex 40.5784 19.5784 34.14
    endloop
  endfacet
  facet normal 0.751842 0.659343 0
    outer loop
      vertex 40.5784 19.5784 4.74
      vertex 40.9234 19.185 34.14
      vertex 40.9234 19.185 4.74
    endloop
  endfacet
  facet normal 0.94691 -0.321498 0
    outer loop
      vertex 41.4455 -18.2807 34.14
      vertex 41.6137 -17.7853 4.74
      vertex 41.6137 -17.7853 34.14
    endloop
  endfacet
  facet normal 0.94691 -0.321498 0
    outer loop
      vertex 41.6137 -17.7853 4.74
      vertex 41.4455 -18.2807 34.14
      vertex 41.4455 -18.2807 4.74
    endloop
  endfacet
  facet normal 0.670294 0.227555 -0.706347
    outer loop
      vertex 41.6037 17.7838 4.74
      vertex 39.4592 17.458 2.6
      vertex 41.4363 18.2769 4.74
    endloop
  endfacet
  facet normal 1 -0 0
    outer loop
      vertex 41.75 -16.75 34.14
      vertex 41.75 16.75 4.74
      vertex 41.75 16.75 34.14
    endloop
  endfacet
  facet normal 1 0 0
    outer loop
      vertex 41.75 16.75 4.74
      vertex 41.75 -16.75 34.14
      vertex 41.75 -16.75 4.74
    endloop
  endfacet
  facet normal 0.751842 -0.659343 0
    outer loop
      vertex 40.5784 -19.5784 34.14
      vertex 40.9234 -19.185 4.74
      vertex 40.9234 -19.185 34.14
    endloop
  endfacet
  facet normal 0.751842 -0.659343 0
    outer loop
      vertex 40.9234 -19.185 4.74
      vertex 40.5784 -19.5784 34.14
      vertex 40.5784 -19.5784 4.74
    endloop
  endfacet
  facet normal -0.190903 -0.680888 -0.70707
    outer loop
      vertex 3.21624 -20.6037 4.74
      vertex 3.77118 -18.537 2.6
      vertex 3.21731 -20.604 4.74
    endloop
  endfacet
  facet normal -0.227583 -0.670287 -0.706344
    outer loop
      vertex 3.77118 -18.537 2.6
      vertex 3.21624 -20.6037 4.74
      vertex 3.54204 -18.4592 2.6
    endloop
  endfacet
  facet normal 0.364984 -0.608306 -0.704805
    outer loop
      vertex 40.178 -19.9161 4.74
      vertex 38.8762 -18.2177 2.6
      vertex 40.179 -19.9155 4.74
    endloop
  endfacet
  facet normal 0.393195 -0.588622 -0.706344
    outer loop
      vertex 38.8762 -18.2177 2.6
      vertex 40.178 -19.9161 4.74
      vertex 38.675 -18.3521 2.6
    endloop
  endfacet
  facet normal -0.634873 -0.313071 -0.706344
    outer loop
      vertex 0.794066 -18.744 4.74
      vertex 0.563728 -18.2769 4.74
      vertex 2.54082 -17.458 2.6
    endloop
  endfacet
  facet normal 0.227555 -0.670294 -0.706347
    outer loop
      vertex 38.7838 -20.6037 4.74
      vertex 38.458 -18.4592 2.6
      vertex 39.2769 -20.4363 4.74
    endloop
  endfacet
  facet normal 0.502137 -0.502137 -0.704071
    outer loop
      vertex 38.8762 -18.2177 2.6
      vertex 40.1798 -19.9147 4.74
      vertex 40.179 -19.9155 4.74
    endloop
  endfacet
  facet normal 0.466543 -0.532356 -0.706353
    outer loop
      vertex 40.1798 -19.9147 4.74
      vertex 38.8762 -18.2177 2.6
      vertex 39.0582 -18.0582 2.6
    endloop
  endfacet
  facet normal -0.707108 0 -0.707105
    outer loop
      vertex 2.39999 -16.75 2.6
      vertex 0.26 16.75 4.74
      vertex 2.39999 16.75 2.6
    endloop
  endfacet
  facet normal -0.707108 -0 -0.707105
    outer loop
      vertex 0.26 16.75 4.74
      vertex 2.39999 -16.75 2.6
      vertex 0.26 -16.75 4.74
    endloop
  endfacet
  facet normal 0.186056 -0.682206 -0.707092
    outer loop
      vertex 38.7816 -20.6043 4.74
      vertex 38.2288 -18.537 2.6
      vertex 38.7827 -20.604 4.74
    endloop
  endfacet
  facet normal 0.138092 -0.694263 -0.706349
    outer loop
      vertex 38.2288 -18.537 2.6
      vertex 38.7816 -20.6043 4.74
      vertex 37.9915 -18.5842 2.6
    endloop
  endfacet
  facet normal -0.588565 -0.393273 -0.706349
    outer loop
      vertex 1.08389 -19.178 4.74
      vertex 0.794564 -18.745 4.74
      vertex 2.64786 -17.675 2.6
    endloop
  endfacet
  facet normal 0.694263 0.138092 -0.706349
    outer loop
      vertex 39.537 17.2288 2.6
      vertex 41.6043 17.7816 4.74
      vertex 39.5842 16.9915 2.6
    endloop
  endfacet
  facet normal 0.682206 0.186056 -0.707092
    outer loop
      vertex 41.6043 17.7816 4.74
      vertex 39.537 17.2288 2.6
      vertex 41.604 17.7827 4.74
    endloop
  endfacet
  facet normal 0.227528 0.6703 -0.706349
    outer loop
      vertex 38.2288 18.537 2.6
      vertex 38.7838 20.6037 4.74
      vertex 38.458 18.4592 2.6
    endloop
  endfacet
  facet normal 0.186056 0.682206 -0.707092
    outer loop
      vertex 38.7838 20.6037 4.74
      vertex 38.2288 18.537 2.6
      vertex 38.7827 20.604 4.74
    endloop
  endfacet
  facet normal 0.138092 0.694263 -0.706349
    outer loop
      vertex 38.7816 20.6043 4.74
      vertex 37.9915 18.5842 2.6
      vertex 38.2708 20.7059 4.74
    endloop
  endfacet
  facet normal 0 0.710137 -0.704064
    outer loop
      vertex 37.9915 18.5842 2.6
      vertex 38.2697 20.7059 4.74
      vertex 38.2708 20.7059 4.74
    endloop
  endfacet
  facet normal 0.0462137 0.706368 -0.706335
    outer loop
      vertex 38.2697 20.7059 4.74
      vertex 37.9915 18.5842 2.6
      vertex 37.75 18.6 2.6
    endloop
  endfacet
  facet normal -0.532232 0.466695 -0.706346
    outer loop
      vertex 2.94185 18.0582 2.6
      vertex 1.08526 19.1798 4.74
      vertex 1.42864 19.5714 4.74
    endloop
  endfacet
  facet normal 0.831432 -0.555626 0
    outer loop
      vertex 40.9234 -19.185 34.14
      vertex 41.2141 -18.75 4.74
      vertex 41.2141 -18.75 34.14
    endloop
  endfacet
  facet normal 0.831432 -0.555626 0
    outer loop
      vertex 41.2141 -18.75 4.74
      vertex 40.9234 -19.185 34.14
      vertex 40.9234 -19.185 4.74
    endloop
  endfacet
  facet normal 0.532289 0.466636 -0.706342
    outer loop
      vertex 40.9147 19.1798 4.74
      vertex 39.0582 18.0582 2.6
      vertex 40.5714 19.5714 4.74
    endloop
  endfacet
  facet normal -0.138094 0.694262 -0.70635
    outer loop
      vertex 4.00853 18.5842 2.6
      vertex 3.21841 20.6043 4.74
      vertex 3.7292 20.7059 4.74
    endloop
  endfacet
  facet normal -0.706229 -0.04751 -0.706387
    outer loop
      vertex 0.294066 -17.2697 4.74
      vertex 2.41583 -16.9915 2.6
      vertex 0.29414 -17.2708 4.74
    endloop
  endfacet
  facet normal -0.706346 -0.0463293 -0.706349
    outer loop
      vertex 2.41583 -16.9915 2.6
      vertex 0.294066 -17.2697 4.74
      vertex 2.39999 -16.75 2.6
    endloop
  endfacet
  facet normal 0.58858 -0.393247 -0.70635
    outer loop
      vertex 40.9161 -19.178 4.74
      vertex 39.3521 -17.675 2.6
      vertex 41.2054 -18.745 4.74
    endloop
  endfacet
  facet normal 0.186056 0.682206 -0.707092
    outer loop
      vertex 38.2288 18.537 2.6
      vertex 38.7816 20.6043 4.74
      vertex 38.7827 20.604 4.74
    endloop
  endfacet
  facet normal 0.138092 0.694263 -0.706349
    outer loop
      vertex 38.7816 20.6043 4.74
      vertex 38.2288 18.537 2.6
      vertex 37.9915 18.5842 2.6
    endloop
  endfacet
  facet normal 0.670294 -0.227555 -0.706347
    outer loop
      vertex 41.4363 -18.2769 4.74
      vertex 39.4592 -17.458 2.6
      vertex 41.6037 -17.7838 4.74
    endloop
  endfacet
  facet normal 0.633023 -0.316512 -0.706472
    outer loop
      vertex 39.3521 -17.675 2.6
      vertex 41.2059 -18.744 4.74
      vertex 41.2054 -18.745 4.74
    endloop
  endfacet
  facet normal 0.634754 -0.313282 -0.706358
    outer loop
      vertex 41.2059 -18.744 4.74
      vertex 39.3521 -17.675 2.6
      vertex 39.4592 -17.458 2.6
    endloop
  endfacet
  facet normal 0.694263 -0.138092 -0.706349
    outer loop
      vertex 41.6043 -17.7816 4.74
      vertex 39.5842 -16.9915 2.6
      vertex 41.7059 -17.2708 4.74
    endloop
  endfacet
  facet normal -0.0463486 -0.706347 -0.706347
    outer loop
      vertex 4.25 -20.74 4.74
      vertex 3.73032 -20.7059 4.74
      vertex 4.25 -18.6 2.6
    endloop
  endfacet
  facet normal 0.94691 0.321498 0
    outer loop
      vertex 41.6137 17.7853 34.14
      vertex 41.4455 18.2807 4.74
      vertex 41.4455 18.2807 34.14
    endloop
  endfacet
  facet normal 0.94691 0.321498 0
    outer loop
      vertex 41.4455 18.2807 4.74
      vertex 41.6137 17.7853 34.14
      vertex 41.6137 17.7853 4.74
    endloop
  endfacet
  facet normal 0.707107 0 -0.707107
    outer loop
      vertex 41.74 -16.75 4.74
      vertex 39.6 16.75 2.6
      vertex 41.74 16.75 4.74
    endloop
  endfacet
  facet normal 0.707107 0 -0.707107
    outer loop
      vertex 39.6 16.75 2.6
      vertex 41.74 -16.75 4.74
      vertex 39.6 -16.75 2.6
    endloop
  endfacet
  facet normal 0.0463468 -0.706347 -0.706347
    outer loop
      vertex 38.2697 -20.7059 4.74
      vertex 37.75 -20.74 4.74
      vertex 37.75 -18.6 2.6
    endloop
  endfacet
  facet normal 0 -0.710137 -0.704064
    outer loop
      vertex 38.2697 -20.7059 4.74
      vertex 37.9915 -18.5842 2.6
      vertex 38.2708 -20.7059 4.74
    endloop
  endfacet
  facet normal 0.0462137 -0.706368 -0.706335
    outer loop
      vertex 37.9915 -18.5842 2.6
      vertex 38.2697 -20.7059 4.74
      vertex 37.75 -18.6 2.6
    endloop
  endfacet
  facet normal 0.316512 -0.633023 -0.706472
    outer loop
      vertex 39.744 -20.2059 4.74
      vertex 38.675 -18.3521 2.6
      vertex 39.745 -20.2054 4.74
    endloop
  endfacet
  facet normal 0.313282 -0.634754 -0.706358
    outer loop
      vertex 38.675 -18.3521 2.6
      vertex 39.744 -20.2059 4.74
      vertex 38.458 -18.4592 2.6
    endloop
  endfacet
  facet normal 0.502137 -0.502137 -0.704071
    outer loop
      vertex 40.9147 -19.1798 4.74
      vertex 39.2177 -17.8762 2.6
      vertex 40.9155 -19.179 4.74
    endloop
  endfacet
  facet normal 0.532356 -0.466543 -0.706353
    outer loop
      vertex 39.2177 -17.8762 2.6
      vertex 40.9147 -19.1798 4.74
      vertex 39.0582 -18.0582 2.6
    endloop
  endfacet
  facet normal 0.555626 -0.831432 0
    outer loop
      vertex 39.75 -20.2141 4.74
      vertex 40.185 -19.9234 34.14
      vertex 39.75 -20.2141 34.14
    endloop
  endfacet
  facet normal 0.555626 -0.831432 0
    outer loop
      vertex 40.185 -19.9234 34.14
      vertex 39.75 -20.2141 4.74
      vertex 40.185 -19.9234 4.74
    endloop
  endfacet
  facet normal -0.670288 0.227573 -0.706346
    outer loop
      vertex 2.54082 17.458 2.6
      vertex 0.396313 17.7838 4.74
      vertex 0.563728 18.2769 4.74
    endloop
  endfacet
  facet normal 0.659343 0.751842 -0
    outer loop
      vertex 40.5784 19.5784 4.74
      vertex 40.185 19.9234 34.14
      vertex 40.5784 19.5784 34.14
    endloop
  endfacet
  facet normal 0.659343 0.751842 0
    outer loop
      vertex 40.185 19.9234 34.14
      vertex 40.5784 19.5784 4.74
      vertex 40.185 19.9234 4.74
    endloop
  endfacet
  facet normal -0.0462194 0.706367 -0.706335
    outer loop
      vertex 4.00853 18.5842 2.6
      vertex 3.73032 20.7059 4.74
      vertex 4.25 18.6 2.6
    endloop
  endfacet
  facet normal 0 0.710137 -0.704064
    outer loop
      vertex 3.73032 20.7059 4.74
      vertex 4.00853 18.5842 2.6
      vertex 3.7292 20.7059 4.74
    endloop
  endfacet
  facet normal 0.227555 0.670294 -0.706347
    outer loop
      vertex 39.2769 20.4363 4.74
      vertex 38.458 18.4592 2.6
      vertex 38.7838 20.6037 4.74
    endloop
  endfacet
  facet normal 0.393247 0.58858 -0.70635
    outer loop
      vertex 40.178 19.9161 4.74
      vertex 38.675 18.3521 2.6
      vertex 39.745 20.2054 4.74
    endloop
  endfacet
  facet normal -0.227583 0.670287 -0.706344
    outer loop
      vertex 3.21624 20.6037 4.74
      vertex 3.77118 18.537 2.6
      vertex 3.54204 18.4592 2.6
    endloop
  endfacet
  facet normal -0.190903 0.680888 -0.70707
    outer loop
      vertex 3.77118 18.537 2.6
      vertex 3.21624 20.6037 4.74
      vertex 3.21731 20.604 4.74
    endloop
  endfacet
  facet normal -0.634829 0.313143 -0.706352
    outer loop
      vertex 0.794066 18.744 4.74
      vertex 2.64786 17.675 2.6
      vertex 2.54082 17.458 2.6
    endloop
  endfacet
  facet normal -0.63356 0.315513 -0.706437
    outer loop
      vertex 2.64786 17.675 2.6
      vertex 0.794066 18.744 4.74
      vertex 0.794564 18.745 4.74
    endloop
  endfacet
  facet normal -0.313144 0.634836 -0.706346
    outer loop
      vertex 3.54204 18.4592 2.6
      vertex 2.25601 20.2059 4.74
      vertex 2.7231 20.4363 4.74
    endloop
  endfacet
  facet normal 0.316512 0.633023 -0.706472
    outer loop
      vertex 38.675 18.3521 2.6
      vertex 39.744 20.2059 4.74
      vertex 39.745 20.2054 4.74
    endloop
  endfacet
  facet normal 0.313282 0.634754 -0.706358
    outer loop
      vertex 39.744 20.2059 4.74
      vertex 38.675 18.3521 2.6
      vertex 38.458 18.4592 2.6
    endloop
  endfacet
  facet normal 0.659343 -0.751842 0
    outer loop
      vertex 40.185 -19.9234 4.74
      vertex 40.5784 -19.5784 34.14
      vertex 40.185 -19.9234 34.14
    endloop
  endfacet
  facet normal 0.659343 -0.751842 0
    outer loop
      vertex 40.5784 -19.5784 34.14
      vertex 40.185 -19.9234 4.74
      vertex 40.5784 -19.5784 4.74
    endloop
  endfacet
  facet normal -0.694267 0.13808 -0.706348
    outer loop
      vertex 2.41583 16.9915 2.6
      vertex 0.29414 17.2708 4.74
      vertex 0.395731 17.7816 4.74
    endloop
  endfacet
  facet normal 0.682206 0.186056 -0.707092
    outer loop
      vertex 39.537 17.2288 2.6
      vertex 41.6037 17.7838 4.74
      vertex 41.604 17.7827 4.74
    endloop
  endfacet
  facet normal 0.6703 0.227528 -0.706349
    outer loop
      vertex 41.6037 17.7838 4.74
      vertex 39.537 17.2288 2.6
      vertex 39.4592 17.458 2.6
    endloop
  endfacet
  facet normal 0.608306 -0.364984 -0.704805
    outer loop
      vertex 39.2177 -17.8762 2.6
      vertex 40.9161 -19.178 4.74
      vertex 40.9155 -19.179 4.74
    endloop
  endfacet
  facet normal 0.588622 -0.393195 -0.706344
    outer loop
      vertex 40.9161 -19.178 4.74
      vertex 39.2177 -17.8762 2.6
      vertex 39.3521 -17.675 2.6
    endloop
  endfacet
  facet normal -0.588565 0.393273 -0.706349
    outer loop
      vertex 2.64786 17.675 2.6
      vertex 0.794564 18.745 4.74
      vertex 1.08389 19.178 4.74
    endloop
  endfacet
  facet normal -0.706346 0.0463293 -0.706349
    outer loop
      vertex 0.294066 17.2697 4.74
      vertex 2.41583 16.9915 2.6
      vertex 2.39999 16.75 2.6
    endloop
  endfacet
  facet normal -0.706229 0.04751 -0.706387
    outer loop
      vertex 2.41583 16.9915 2.6
      vertex 0.294066 17.2697 4.74
      vertex 0.29414 17.2708 4.74
    endloop
  endfacet
  facet normal 0.634841 -0.313139 -0.706343
    outer loop
      vertex 41.2059 -18.744 4.74
      vertex 39.4592 -17.458 2.6
      vertex 41.4363 -18.2769 4.74
    endloop
  endfacet
  facet normal 0.466636 0.532289 -0.706342
    outer loop
      vertex 40.5714 19.5714 4.74
      vertex 39.0582 18.0582 2.6
      vertex 40.1798 19.9147 4.74
    endloop
  endfacet
  facet normal 0.997861 0.0653646 0
    outer loop
      vertex 41.75 16.75 34.14
      vertex 41.7158 17.2721 4.74
      vertex 41.7158 17.2721 34.14
    endloop
  endfacet
  facet normal 0.997861 0.0653646 0
    outer loop
      vertex 41.7158 17.2721 4.74
      vertex 41.75 16.75 34.14
      vertex 41.75 16.75 4.74
    endloop
  endfacet
  facet normal -0.0462194 -0.706367 -0.706335
    outer loop
      vertex 3.73032 -20.7059 4.74
      vertex 4.00853 -18.5842 2.6
      vertex 4.25 -18.6 2.6
    endloop
  endfacet
  facet normal 0 -0.710137 -0.704064
    outer loop
      vertex 4.00853 -18.5842 2.6
      vertex 3.73032 -20.7059 4.74
      vertex 3.7292 -20.7059 4.74
    endloop
  endfacet
  facet normal -0.138094 -0.694262 -0.70635
    outer loop
      vertex 3.7292 -20.7059 4.74
      vertex 3.21841 -20.6043 4.74
      vertex 4.00853 -18.5842 2.6
    endloop
  endfacet
  facet normal 0.634754 0.313282 -0.706358
    outer loop
      vertex 39.3521 17.675 2.6
      vertex 41.2059 18.744 4.74
      vertex 39.4592 17.458 2.6
    endloop
  endfacet
  facet normal 0.633023 0.316512 -0.706472
    outer loop
      vertex 41.2059 18.744 4.74
      vertex 39.3521 17.675 2.6
      vertex 41.2054 18.745 4.74
    endloop
  endfacet
  facet normal 0.634841 0.313139 -0.706343
    outer loop
      vertex 41.4363 18.2769 4.74
      vertex 39.4592 17.458 2.6
      vertex 41.2059 18.744 4.74
    endloop
  endfacet
  facet normal 0.466636 -0.532289 -0.706342
    outer loop
      vertex 40.1798 -19.9147 4.74
      vertex 39.0582 -18.0582 2.6
      vertex 40.5714 -19.5714 4.74
    endloop
  endfacet
  facet normal 0.706347 0.0463468 -0.706347
    outer loop
      vertex 41.74 16.75 4.74
      vertex 39.6 16.75 2.6
      vertex 41.7059 17.2697 4.74
    endloop
  endfacet
  facet normal 0.706368 0.0462137 -0.706335
    outer loop
      vertex 39.5842 16.9915 2.6
      vertex 41.7059 17.2697 4.74
      vertex 39.6 16.75 2.6
    endloop
  endfacet
  facet normal 0.710137 0 -0.704064
    outer loop
      vertex 41.7059 17.2697 4.74
      vertex 39.5842 16.9915 2.6
      vertex 41.7059 17.2708 4.74
    endloop
  endfacet
  facet normal 0.682206 -0.186056 -0.707092
    outer loop
      vertex 39.537 -17.2288 2.6
      vertex 41.6043 -17.7816 4.74
      vertex 41.604 -17.7827 4.74
    endloop
  endfacet
  facet normal 0.694263 -0.138092 -0.706349
    outer loop
      vertex 41.6043 -17.7816 4.74
      vertex 39.537 -17.2288 2.6
      vertex 39.5842 -16.9915 2.6
    endloop
  endfacet
  facet normal -0.694267 -0.13808 -0.706348
    outer loop
      vertex 0.395731 -17.7816 4.74
      vertex 0.29414 -17.2708 4.74
      vertex 2.41583 -16.9915 2.6
    endloop
  endfacet
  facet normal -0.63356 -0.315513 -0.706437
    outer loop
      vertex 0.794066 -18.744 4.74
      vertex 2.64786 -17.675 2.6
      vertex 0.794564 -18.745 4.74
    endloop
  endfacet
  facet normal -0.634829 -0.313143 -0.706352
    outer loop
      vertex 2.64786 -17.675 2.6
      vertex 0.794066 -18.744 4.74
      vertex 2.54082 -17.458 2.6
    endloop
  endfacet
  facet normal 0.58858 0.393247 -0.70635
    outer loop
      vertex 41.2054 18.745 4.74
      vertex 39.3521 17.675 2.6
      vertex 40.9161 19.178 4.74
    endloop
  endfacet
  facet normal 0.710137 0 -0.704064
    outer loop
      vertex 39.5842 -16.9915 2.6
      vertex 41.7059 -17.2697 4.74
      vertex 41.7059 -17.2708 4.74
    endloop
  endfacet
  facet normal 0.706368 -0.0462137 -0.706335
    outer loop
      vertex 41.7059 -17.2697 4.74
      vertex 39.5842 -16.9915 2.6
      vertex 39.6 -16.75 2.6
    endloop
  endfacet
  facet normal 0.706347 -0.0463468 -0.706347
    outer loop
      vertex 41.7059 -17.2697 4.74
      vertex 39.6 -16.75 2.6
      vertex 41.74 -16.75 4.74
    endloop
  endfacet
  facet normal 0.313139 0.634841 -0.706343
    outer loop
      vertex 39.744 20.2059 4.74
      vertex 38.458 18.4592 2.6
      vertex 39.2769 20.4363 4.74
    endloop
  endfacet
  facet normal -0.138064 0.694271 -0.706347
    outer loop
      vertex 3.77118 18.537 2.6
      vertex 3.21841 20.6043 4.74
      vertex 4.00853 18.5842 2.6
    endloop
  endfacet
  facet normal -0.186056 0.682207 -0.70709
    outer loop
      vertex 3.21841 20.6043 4.74
      vertex 3.77118 18.537 2.6
      vertex 3.21731 20.604 4.74
    endloop
  endfacet
  facet normal -0.599548 -0.377715 -0.705602
    outer loop
      vertex 1.08389 -19.178 4.74
      vertex 2.7823 -17.8762 2.6
      vertex 1.08452 -19.179 4.74
    endloop
  endfacet
  facet normal -0.588564 -0.393273 -0.706349
    outer loop
      vertex 2.7823 -17.8762 2.6
      vertex 1.08389 -19.178 4.74
      vertex 2.64786 -17.675 2.6
    endloop
  endfacet
  facet normal -0.634873 0.313071 -0.706344
    outer loop
      vertex 2.54082 17.458 2.6
      vertex 0.563728 18.2769 4.74
      vertex 0.794066 18.744 4.74
    endloop
  endfacet
  facet normal -0.227537 0.670298 -0.706348
    outer loop
      vertex 3.54204 18.4592 2.6
      vertex 2.7231 20.4363 4.74
      vertex 3.21624 20.6037 4.74
    endloop
  endfacet
  facet normal 0.831432 0.555626 0
    outer loop
      vertex 41.2141 18.75 34.14
      vertex 40.9234 19.185 4.74
      vertex 40.9234 19.185 34.14
    endloop
  endfacet
  facet normal 0.831432 0.555626 0
    outer loop
      vertex 40.9234 19.185 4.74
      vertex 41.2141 18.75 34.14
      vertex 41.2141 18.75 4.74
    endloop
  endfacet
  facet normal 0.896898 -0.442238 0
    outer loop
      vertex 41.2141 -18.75 34.14
      vertex 41.4455 -18.2807 4.74
      vertex 41.4455 -18.2807 34.14
    endloop
  endfacet
  facet normal 0.896898 -0.442238 0
    outer loop
      vertex 41.4455 -18.2807 4.74
      vertex 41.2141 -18.75 34.14
      vertex 41.2141 -18.75 4.74
    endloop
  endfacet
  facet normal 0.442238 -0.896898 0
    outer loop
      vertex 39.2807 -20.4455 4.74
      vertex 39.75 -20.2141 34.14
      vertex 39.2807 -20.4455 34.14
    endloop
  endfacet
  facet normal 0.442238 -0.896898 0
    outer loop
      vertex 39.75 -20.2141 34.14
      vertex 39.2807 -20.4455 4.74
      vertex 39.75 -20.2141 4.74
    endloop
  endfacet
  facet normal -0.694092 -0.138818 -0.706375
    outer loop
      vertex 0.395731 -17.7816 4.74
      vertex 2.46304 -17.2288 2.6
      vertex 0.395951 -17.7827 4.74
    endloop
  endfacet
  facet normal -0.694255 -0.13812 -0.706352
    outer loop
      vertex 2.46304 -17.2288 2.6
      vertex 0.395731 -17.7816 4.74
      vertex 2.41583 -16.9915 2.6
    endloop
  endfacet
  facet normal -0.532283 -0.466625 -0.706354
    outer loop
      vertex 1.08526 -19.1798 4.74
      vertex 2.7823 -17.8762 2.6
      vertex 2.94185 -18.0582 2.6
    endloop
  endfacet
  facet normal -0.52018 -0.481166 -0.705614
    outer loop
      vertex 2.7823 -17.8762 2.6
      vertex 1.08526 -19.1798 4.74
      vertex 1.08452 -19.179 4.74
    endloop
  endfacet
  facet normal -0.313144 -0.634836 -0.706346
    outer loop
      vertex 2.7231 -20.4363 4.74
      vertex 2.25601 -20.2059 4.74
      vertex 3.54204 -18.4592 2.6
    endloop
  endfacet
  facet normal -0.227537 -0.670298 -0.706348
    outer loop
      vertex 3.21624 -20.6037 4.74
      vertex 2.7231 -20.4363 4.74
      vertex 3.54204 -18.4592 2.6
    endloop
  endfacet
  facet normal 0.0653646 -0.997861 0
    outer loop
      vertex 37.75 -20.75 4.74
      vertex 38.2721 -20.7158 34.14
      vertex 37.75 -20.75 34.14
    endloop
  endfacet
  facet normal 0.0653646 -0.997861 0
    outer loop
      vertex 38.2721 -20.7158 34.14
      vertex 37.75 -20.75 4.74
      vertex 38.2721 -20.7158 4.74
    endloop
  endfacet
  facet normal 0.466543 0.532356 -0.706353
    outer loop
      vertex 38.8762 18.2177 2.6
      vertex 40.1798 19.9147 4.74
      vertex 39.0582 18.0582 2.6
    endloop
  endfacet
  facet normal 0.502137 0.502137 -0.704071
    outer loop
      vertex 40.1798 19.9147 4.74
      vertex 38.8762 18.2177 2.6
      vertex 40.179 19.9155 4.74
    endloop
  endfacet
  facet normal -0.70635 0.0463008 -0.706347
    outer loop
      vertex 2.39999 16.75 2.6
      vertex 0.26 16.75 4.74
      vertex 0.294066 17.2697 4.74
    endloop
  endfacet
  facet normal -0.588564 0.393273 -0.706349
    outer loop
      vertex 1.08389 19.178 4.74
      vertex 2.7823 17.8762 2.6
      vertex 2.64786 17.675 2.6
    endloop
  endfacet
  facet normal -0.599548 0.377715 -0.705602
    outer loop
      vertex 2.7823 17.8762 2.6
      vertex 1.08389 19.178 4.74
      vertex 1.08452 19.179 4.74
    endloop
  endfacet
  facet normal -0.532283 0.466625 -0.706354
    outer loop
      vertex 2.7823 17.8762 2.6
      vertex 1.08526 19.1798 4.74
      vertex 2.94185 18.0582 2.6
    endloop
  endfacet
  facet normal -0.52018 0.481166 -0.705614
    outer loop
      vertex 1.08526 19.1798 4.74
      vertex 2.7823 17.8762 2.6
      vertex 1.08452 19.179 4.74
    endloop
  endfacet
  facet normal 0.588622 0.393195 -0.706344
    outer loop
      vertex 39.2177 17.8762 2.6
      vertex 40.9161 19.178 4.74
      vertex 39.3521 17.675 2.6
    endloop
  endfacet
  facet normal 0.608306 0.364984 -0.704805
    outer loop
      vertex 40.9161 19.178 4.74
      vertex 39.2177 17.8762 2.6
      vertex 40.9155 19.179 4.74
    endloop
  endfacet
  facet normal 0.502137 0.502137 -0.704071
    outer loop
      vertex 39.2177 17.8762 2.6
      vertex 40.9147 19.1798 4.74
      vertex 40.9155 19.179 4.74
    endloop
  endfacet
  facet normal 0.532356 0.466543 -0.706353
    outer loop
      vertex 40.9147 19.1798 4.74
      vertex 39.2177 17.8762 2.6
      vertex 39.0582 18.0582 2.6
    endloop
  endfacet
  facet normal 0.195124 -0.980779 0
    outer loop
      vertex 38.2721 -20.7158 4.74
      vertex 38.7853 -20.6137 34.14
      vertex 38.2721 -20.7158 34.14
    endloop
  endfacet
  facet normal 0.195124 -0.980779 0
    outer loop
      vertex 38.7853 -20.6137 34.14
      vertex 38.2721 -20.7158 4.74
      vertex 38.7853 -20.6137 4.74
    endloop
  endfacet
  facet normal -0.393181 0.588631 -0.706345
    outer loop
      vertex 3.12379 18.2177 2.6
      vertex 1.82198 19.9161 4.74
      vertex 3.325 18.3521 2.6
    endloop
  endfacet
  facet normal -0.381157 0.597146 -0.705788
    outer loop
      vertex 1.82198 19.9161 4.74
      vertex 3.12379 18.2177 2.6
      vertex 1.82104 19.9155 4.74
    endloop
  endfacet
  facet normal -0.466633 0.532284 -0.706348
    outer loop
      vertex 1.8202 19.9147 4.74
      vertex 3.12379 18.2177 2.6
      vertex 2.94185 18.0582 2.6
    endloop
  endfacet
  facet normal -0.489042 0.513494 -0.705097
    outer loop
      vertex 3.12379 18.2177 2.6
      vertex 1.8202 19.9147 4.74
      vertex 1.82104 19.9155 4.74
    endloop
  endfacet
  facet normal 0.321498 -0.94691 0
    outer loop
      vertex 38.7853 -20.6137 4.74
      vertex 39.2807 -20.4455 34.14
      vertex 38.7853 -20.6137 34.14
    endloop
  endfacet
  facet normal 0.321498 -0.94691 0
    outer loop
      vertex 39.2807 -20.4455 34.14
      vertex 38.7853 -20.6137 4.74
      vertex 39.2807 -20.4455 4.74
    endloop
  endfacet
  facet normal 0.364984 0.608306 -0.704805
    outer loop
      vertex 38.8762 18.2177 2.6
      vertex 40.178 19.9161 4.74
      vertex 40.179 19.9155 4.74
    endloop
  endfacet
  facet normal 0.393195 0.588622 -0.706344
    outer loop
      vertex 40.178 19.9161 4.74
      vertex 38.8762 18.2177 2.6
      vertex 38.675 18.3521 2.6
    endloop
  endfacet
  facet normal 0.980779 0.195124 0
    outer loop
      vertex 41.7158 17.2721 34.14
      vertex 41.6137 17.7853 4.74
      vertex 41.6137 17.7853 34.14
    endloop
  endfacet
  facet normal 0.980779 0.195124 0
    outer loop
      vertex 41.6137 17.7853 4.74
      vertex 41.7158 17.2721 34.14
      vertex 41.7158 17.2721 4.74
    endloop
  endfacet
  facet normal 0 0 -1
    outer loop
      vertex 41.75 -16.75 4.74
      vertex 41.74 -16.75 4.74
      vertex 41.75 16.75 4.74
    endloop
  endfacet
  facet normal 0 0 -1
    outer loop
      vertex 41.7059 -17.2697 4.74
      vertex 41.75 -16.75 4.74
      vertex 41.7158 -17.2721 4.74
    endloop
  endfacet
  facet normal -0 0 -1
    outer loop
      vertex 41.75 -16.75 4.74
      vertex 41.7059 -17.2697 4.74
      vertex 41.74 -16.75 4.74
    endloop
  endfacet
  facet normal 0 0 -1
    outer loop
      vertex 41.7158 -17.2721 4.74
      vertex 41.7059 -17.2708 4.74
      vertex 41.7059 -17.2697 4.74
    endloop
  endfacet
  facet normal 0 0 -1
    outer loop
      vertex 41.6043 -17.7816 4.74
      vertex 41.7158 -17.2721 4.74
      vertex 41.6137 -17.7853 4.74
    endloop
  endfacet
  facet normal -0 0 -1
    outer loop
      vertex 41.7158 -17.2721 4.74
      vertex 41.6043 -17.7816 4.74
      vertex 41.7059 -17.2708 4.74
    endloop
  endfacet
  facet normal 0 0 -1
    outer loop
      vertex 41.6137 -17.7853 4.74
      vertex 41.604 -17.7827 4.74
      vertex 41.6043 -17.7816 4.74
    endloop
  endfacet
  facet normal 0 0 -1
    outer loop
      vertex 41.6137 -17.7853 4.74
      vertex 41.6037 -17.7838 4.74
      vertex 41.604 -17.7827 4.74
    endloop
  endfacet
  facet normal 0 0 -1
    outer loop
      vertex 41.4455 -18.2807 4.74
      vertex 41.6037 -17.7838 4.74
      vertex 41.6137 -17.7853 4.74
    endloop
  endfacet
  facet normal 0 0 -1
    outer loop
      vertex 41.4455 -18.2807 4.74
      vertex 41.4363 -18.2769 4.74
      vertex 41.6037 -17.7838 4.74
    endloop
  endfacet
  facet normal 0 0 -1
    outer loop
      vertex 41.2059 -18.744 4.74
      vertex 41.4455 -18.2807 4.74
      vertex 41.2141 -18.75 4.74
    endloop
  endfacet
  facet normal -0 0 -1
    outer loop
      vertex 41.4455 -18.2807 4.74
      vertex 41.2059 -18.744 4.74
      vertex 41.4363 -18.2769 4.74
    endloop
  endfacet
  facet normal 0 0 -1
    outer loop
      vertex 41.2141 -18.75 4.74
      vertex 41.2054 -18.745 4.74
      vertex 41.2059 -18.744 4.74
    endloop
  endfacet
  facet normal 0 0 -1
    outer loop
      vertex 40.9161 -19.178 4.74
      vertex 41.2141 -18.75 4.74
      vertex 40.9234 -19.185 4.74
    endloop
  endfacet
  facet normal -0 0 -1
    outer loop
      vertex 41.2141 -18.75 4.74
      vertex 40.9161 -19.178 4.74
      vertex 41.2054 -18.745 4.74
    endloop
  endfacet
  facet normal 0 0 -1
    outer loop
      vertex 40.9234 -19.185 4.74
      vertex 40.9155 -19.179 4.74
      vertex 40.9161 -19.178 4.74
    endloop
  endfacet
  facet normal 0 0 -1
    outer loop
      vertex 40.9234 -19.185 4.74
      vertex 40.9147 -19.1798 4.74
      vertex 40.9155 -19.179 4.74
    endloop
  endfacet
  facet normal 0 0 -1
    outer loop
      vertex 40.5784 -19.5784 4.74
      vertex 40.9147 -19.1798 4.74
      vertex 40.9234 -19.185 4.74
    endloop
  endfacet
  facet normal 0 0 -1
    outer loop
      vertex 40.5784 -19.5784 4.74
      vertex 40.5714 -19.5714 4.74
      vertex 40.9147 -19.1798 4.74
    endloop
  endfacet
  facet normal 0 0 -1
    outer loop
      vertex 40.1798 -19.9147 4.74
      vertex 40.5784 -19.5784 4.74
      vertex 40.185 -19.9234 4.74
    endloop
  endfacet
  facet normal -0 0 -1
    outer loop
      vertex 40.5784 -19.5784 4.74
      vertex 40.1798 -19.9147 4.74
      vertex 40.5714 -19.5714 4.74
    endloop
  endfacet
  facet normal 0 0 -1
    outer loop
      vertex 40.185 -19.9234 4.74
      vertex 40.179 -19.9155 4.74
      vertex 40.1798 -19.9147 4.74
    endloop
  endfacet
  facet normal 0 0 -1
    outer loop
      vertex 40.185 -19.9234 4.74
      vertex 40.178 -19.9161 4.74
      vertex 40.179 -19.9155 4.74
    endloop
  endfacet
  facet normal 0 0 -1
    outer loop
      vertex 39.75 -20.2141 4.74
      vertex 40.178 -19.9161 4.74
      vertex 40.185 -19.9234 4.74
    endloop
  endfacet
  facet normal 0 0 -1
    outer loop
      vertex 39.75 -20.2141 4.74
      vertex 39.745 -20.2054 4.74
      vertex 40.178 -19.9161 4.74
    endloop
  endfacet
  facet normal 0 0 -1
    outer loop
      vertex 39.75 -20.2141 4.74
      vertex 39.744 -20.2059 4.74
      vertex 39.745 -20.2054 4.74
    endloop
  endfacet
  facet normal 0 0 -1
    outer loop
      vertex 39.2807 -20.4455 4.74
      vertex 39.744 -20.2059 4.74
      vertex 39.75 -20.2141 4.74
    endloop
  endfacet
  facet normal 0 0 -1
    outer loop
      vertex 39.2807 -20.4455 4.74
      vertex 39.2769 -20.4363 4.74
      vertex 39.744 -20.2059 4.74
    endloop
  endfacet
  facet normal 0 0 -1
    outer loop
      vertex 38.7838 -20.6037 4.74
      vertex 39.2807 -20.4455 4.74
      vertex 38.7853 -20.6137 4.74
    endloop
  endfacet
  facet normal -0 0 -1
    outer loop
      vertex 39.2807 -20.4455 4.74
      vertex 38.7838 -20.6037 4.74
      vertex 39.2769 -20.4363 4.74
    endloop
  endfacet
  facet normal 0 0 -1
    outer loop
      vertex 38.7853 -20.6137 4.74
      vertex 38.7827 -20.604 4.74
      vertex 38.7838 -20.6037 4.74
    endloop
  endfacet
  facet normal 0 0 -1
    outer loop
      vertex 38.7853 -20.6137 4.74
      vertex 38.7816 -20.6043 4.74
      vertex 38.7827 -20.604 4.74
    endloop
  endfacet
  facet normal 0 0 -1
    outer loop
      vertex 38.2721 -20.7158 4.74
      vertex 38.7816 -20.6043 4.74
      vertex 38.7853 -20.6137 4.74
    endloop
  endfacet
  facet normal 0 0 -1
    outer loop
      vertex 38.2721 -20.7158 4.74
      vertex 38.2708 -20.7059 4.74
      vertex 38.7816 -20.6043 4.74
    endloop
  endfacet
  facet normal 0 0 -1
    outer loop
      vertex 38.2721 -20.7158 4.74
      vertex 38.2697 -20.7059 4.74
      vertex 38.2708 -20.7059 4.74
    endloop
  endfacet
  facet normal 0 0 -1
    outer loop
      vertex 37.75 -20.75 4.74
      vertex 38.2697 -20.7059 4.74
      vertex 38.2721 -20.7158 4.74
    endloop
  endfacet
  facet normal 0 0 -1
    outer loop
      vertex 37.75 -20.75 4.74
      vertex 37.75 -20.74 4.74
      vertex 38.2697 -20.7059 4.74
    endloop
  endfacet
  facet normal 0 0 -1
    outer loop
      vertex 37.75 -20.75 4.74
      vertex 4.25 -20.74 4.74
      vertex 37.75 -20.74 4.74
    endloop
  endfacet
  facet normal 0 0 -1
    outer loop
      vertex 4.25 -20.74 4.74
      vertex 3.7292 -20.7059 4.74
      vertex 3.73032 -20.7059 4.74
    endloop
  endfacet
  facet normal 0 0 -1
    outer loop
      vertex -3.21841 -20.6043 4.74
      vertex 3.21841 -20.6043 4.74
      vertex 3.7292 -20.7059 4.74
    endloop
  endfacet
  facet normal 0 0 -1
    outer loop
      vertex -3.21624 -20.6037 4.74
      vertex 3.21624 -20.6037 4.74
      vertex 3.21731 -20.604 4.74
    endloop
  endfacet
  facet normal 0 0 -1
    outer loop
      vertex -0.794066 -18.744 4.74
      vertex 0.794066 -18.744 4.74
      vertex 0.794564 -18.745 4.74
    endloop
  endfacet
  facet normal 0 0 -1
    outer loop
      vertex -0.395731 -17.7816 4.74
      vertex 0.395731 -17.7816 4.74
      vertex 0.395951 -17.7827 4.74
    endloop
  endfacet
  facet normal 0 0 -1
    outer loop
      vertex 0.26 -16.75 4.74
      vertex -0.26 -16.75 4.74
      vertex 0.26 16.75 4.74
    endloop
  endfacet
  facet normal 0 0 -1
    outer loop
      vertex 0.294066 -17.2697 4.74
      vertex -0.26 -16.75 4.74
      vertex 0.26 -16.75 4.74
    endloop
  endfacet
  facet normal 0 0 -1
    outer loop
      vertex -0.294066 -17.2697 4.74
      vertex 0.294066 -17.2697 4.74
      vertex 0.29414 -17.2708 4.74
    endloop
  endfacet
  facet normal 0 0 -1
    outer loop
      vertex 0.395731 -17.7816 4.74
      vertex -0.29414 -17.2708 4.74
      vertex 0.29414 -17.2708 4.74
    endloop
  endfacet
  facet normal 0 0 -1
    outer loop
      vertex -0.395951 -17.7827 4.74
      vertex 0.395951 -17.7827 4.74
      vertex 0.396313 -17.7838 4.74
    endloop
  endfacet
  facet normal 0 0 -1
    outer loop
      vertex -0.396313 -17.7838 4.74
      vertex 0.396313 -17.7838 4.74
      vertex 0.563728 -18.2769 4.74
    endloop
  endfacet
  facet normal 0 0 -1
    outer loop
      vertex 0.794066 -18.744 4.74
      vertex -0.563728 -18.2769 4.74
      vertex 0.563728 -18.2769 4.74
    endloop
  endfacet
  facet normal 0 0 -1
    outer loop
      vertex 0.294066 -17.2697 4.74
      vertex -0.294066 -17.2697 4.74
      vertex -0.26 -16.75 4.74
    endloop
  endfacet
  facet normal 0 0 -1
    outer loop
      vertex -0.794564 -18.745 4.74
      vertex 0.794564 -18.745 4.74
      vertex 1.08389 -19.178 4.74
    endloop
  endfacet
  facet normal 0 0 -1
    outer loop
      vertex -1.08389 -19.178 4.74
      vertex 1.08389 -19.178 4.74
      vertex 1.08452 -19.179 4.74
    endloop
  endfacet
  facet normal 0 0 -1
    outer loop
      vertex 0.29414 -17.2708 4.74
      vertex -0.29414 -17.2708 4.74
      vertex -0.294066 -17.2697 4.74
    endloop
  endfacet
  facet normal 0 0 -1
    outer loop
      vertex 0.395731 -17.7816 4.74
      vertex -0.395731 -17.7816 4.74
      vertex -0.29414 -17.2708 4.74
    endloop
  endfacet
  facet normal 0 0 -1
    outer loop
      vertex -1.08452 -19.179 4.74
      vertex 1.08452 -19.179 4.74
      vertex 1.08526 -19.1798 4.74
    endloop
  endfacet
  facet normal 0 0 -1
    outer loop
      vertex -1.08526 -19.1798 4.74
      vertex 1.08526 -19.1798 4.74
      vertex 1.42864 -19.5714 4.74
    endloop
  endfacet
  facet normal 0 0 -1
    outer loop
      vertex 0.395951 -17.7827 4.74
      vertex -0.395951 -17.7827 4.74
      vertex -0.395731 -17.7816 4.74
    endloop
  endfacet
  facet normal 0 0 -1
    outer loop
      vertex 0.396313 -17.7838 4.74
      vertex -0.396313 -17.7838 4.74
      vertex -0.395951 -17.7827 4.74
    endloop
  endfacet
  facet normal 0 0 -1
    outer loop
      vertex 0.563728 -18.2769 4.74
      vertex -0.563728 -18.2769 4.74
      vertex -0.396313 -17.7838 4.74
    endloop
  endfacet
  facet normal 0 0 -1
    outer loop
      vertex -1.42864 -19.5714 4.74
      vertex 1.42864 -19.5714 4.74
      vertex 1.8202 -19.9147 4.74
    endloop
  endfacet
  facet normal 0 0 -1
    outer loop
      vertex -1.8202 -19.9147 4.74
      vertex 1.8202 -19.9147 4.74
      vertex 1.82104 -19.9155 4.74
    endloop
  endfacet
  facet normal 0 0 -1
    outer loop
      vertex 0.794066 -18.744 4.74
      vertex -0.794066 -18.744 4.74
      vertex -0.563728 -18.2769 4.74
    endloop
  endfacet
  facet normal 0 0 -1
    outer loop
      vertex -1.82104 -19.9155 4.74
      vertex 1.82104 -19.9155 4.74
      vertex 1.82198 -19.9161 4.74
    endloop
  endfacet
  facet normal 0 0 -1
    outer loop
      vertex -1.82198 -19.9161 4.74
      vertex 1.82198 -19.9161 4.74
      vertex 2.255 -20.2054 4.74
    endloop
  endfacet
  facet normal 0 0 -1
    outer loop
      vertex -2.255 -20.2054 4.74
      vertex 2.255 -20.2054 4.74
      vertex 2.25601 -20.2059 4.74
    endloop
  endfacet
  facet normal 0 0 -1
    outer loop
      vertex -2.25601 -20.2059 4.74
      vertex 2.25601 -20.2059 4.74
      vertex 2.7231 -20.4363 4.74
    endloop
  endfacet
  facet normal 0 0 -1
    outer loop
      vertex 0.794564 -18.745 4.74
      vertex -0.794564 -18.745 4.74
      vertex -0.794066 -18.744 4.74
    endloop
  endfacet
  facet normal 0 0 -1
    outer loop
      vertex 1.08389 -19.178 4.74
      vertex -1.08389 -19.178 4.74
      vertex -0.794564 -18.745 4.74
    endloop
  endfacet
  facet normal 0 0 -1
    outer loop
      vertex 3.21624 -20.6037 4.74
      vertex -2.7231 -20.4363 4.74
      vertex 2.7231 -20.4363 4.74
    endloop
  endfacet
  facet normal 0 0 -1
    outer loop
      vertex 1.08452 -19.179 4.74
      vertex -1.08452 -19.179 4.74
      vertex -1.08389 -19.178 4.74
    endloop
  endfacet
  facet normal 0 0 -1
    outer loop
      vertex 1.08526 -19.1798 4.74
      vertex -1.08526 -19.1798 4.74
      vertex -1.08452 -19.179 4.74
    endloop
  endfacet
  facet normal 0 0 -1
    outer loop
      vertex 1.42864 -19.5714 4.74
      vertex -1.42864 -19.5714 4.74
      vertex -1.08526 -19.1798 4.74
    endloop
  endfacet
  facet normal 0 0 -1
    outer loop
      vertex 1.8202 -19.9147 4.74
      vertex -1.8202 -19.9147 4.74
      vertex -1.42864 -19.5714 4.74
    endloop
  endfacet
  facet normal 0 0 -1
    outer loop
      vertex 3.21841 -20.6043 4.74
      vertex -3.21841 -20.6043 4.74
      vertex 3.21731 -20.604 4.74
    endloop
  endfacet
  facet normal 0 0 -1
    outer loop
      vertex 1.82104 -19.9155 4.74
      vertex -1.82104 -19.9155 4.74
      vertex -1.8202 -19.9147 4.74
    endloop
  endfacet
  facet normal 0 0 -1
    outer loop
      vertex 1.82198 -19.9161 4.74
      vertex -1.82198 -19.9161 4.74
      vertex -1.82104 -19.9155 4.74
    endloop
  endfacet
  facet normal 0 0 -1
    outer loop
      vertex 2.255 -20.2054 4.74
      vertex -2.255 -20.2054 4.74
      vertex -1.82198 -19.9161 4.74
    endloop
  endfacet
  facet normal 0 0 -1
    outer loop
      vertex 2.25601 -20.2059 4.74
      vertex -2.25601 -20.2059 4.74
      vertex -2.255 -20.2054 4.74
    endloop
  endfacet
  facet normal 0 0 -1
    outer loop
      vertex 2.7231 -20.4363 4.74
      vertex -2.7231 -20.4363 4.74
      vertex -2.25601 -20.2059 4.74
    endloop
  endfacet
  facet normal 0 0 -1
    outer loop
      vertex -3.7292 -20.7059 4.74
      vertex 3.7292 -20.7059 4.74
      vertex 4.25 -20.74 4.74
    endloop
  endfacet
  facet normal 0 0 -1
    outer loop
      vertex 3.21624 -20.6037 4.74
      vertex -3.21624 -20.6037 4.74
      vertex -2.7231 -20.4363 4.74
    endloop
  endfacet
  facet normal 0 0 -1
    outer loop
      vertex 3.21731 -20.604 4.74
      vertex -3.21731 -20.604 4.74
      vertex -3.21624 -20.6037 4.74
    endloop
  endfacet
  facet normal -0 0 -1
    outer loop
      vertex 3.21731 -20.604 4.74
      vertex -3.21841 -20.6043 4.74
      vertex -3.21731 -20.604 4.74
    endloop
  endfacet
  facet normal 0 0 -1
    outer loop
      vertex 3.7292 -20.7059 4.74
      vertex -3.7292 -20.7059 4.74
      vertex -3.21841 -20.6043 4.74
    endloop
  endfacet
  facet normal 0 0 -1
    outer loop
      vertex 4.25 -20.74 4.74
      vertex -3.73032 -20.7059 4.74
      vertex -3.7292 -20.7059 4.74
    endloop
  endfacet
  facet normal 0 0 -1
    outer loop
      vertex 4.25 -20.74 4.74
      vertex -4.25 -20.74 4.74
      vertex -3.73032 -20.7059 4.74
    endloop
  endfacet
  facet normal 0 0 -1
    outer loop
      vertex 37.75 -20.75 4.74
      vertex -4.25 -20.74 4.74
      vertex 4.25 -20.74 4.74
    endloop
  endfacet
  facet normal 0 0 -1
    outer loop
      vertex -37.75 -20.75 4.74
      vertex -4.25 -20.74 4.74
      vertex 37.75 -20.75 4.74
    endloop
  endfacet
  facet normal 0 0 -1
    outer loop
      vertex -37.75 -20.75 4.74
      vertex -37.75 -20.74 4.74
      vertex -4.25 -20.74 4.74
    endloop
  endfacet
  facet normal 0 0 -1
    outer loop
      vertex -37.75 -20.75 4.74
      vertex -38.2697 -20.7059 4.74
      vertex -37.75 -20.74 4.74
    endloop
  endfacet
  facet normal 0 0 -1
    outer loop
      vertex -38.2721 -20.7158 4.74
      vertex -38.2697 -20.7059 4.74
      vertex -37.75 -20.75 4.74
    endloop
  endfacet
  facet normal -0 0 -1
    outer loop
      vertex -38.2697 -20.7059 4.74
      vertex -38.2721 -20.7158 4.74
      vertex -38.2708 -20.7059 4.74
    endloop
  endfacet
  facet normal 0 0 -1
    outer loop
      vertex -38.2721 -20.7158 4.74
      vertex -38.7816 -20.6043 4.74
      vertex -38.2708 -20.7059 4.74
    endloop
  endfacet
  facet normal 0 0 -1
    outer loop
      vertex -38.7853 -20.6137 4.74
      vertex -38.7816 -20.6043 4.74
      vertex -38.2721 -20.7158 4.74
    endloop
  endfacet
  facet normal -0 0 -1
    outer loop
      vertex -38.7816 -20.6043 4.74
      vertex -38.7853 -20.6137 4.74
      vertex -38.7827 -20.604 4.74
    endloop
  endfacet
  facet normal 0 0 -1
    outer loop
      vertex -38.7853 -20.6137 4.74
      vertex -38.7838 -20.6037 4.74
      vertex -38.7827 -20.604 4.74
    endloop
  endfacet
  facet normal 0 0 -1
    outer loop
      vertex -39.2807 -20.4455 4.74
      vertex -38.7838 -20.6037 4.74
      vertex -38.7853 -20.6137 4.74
    endloop
  endfacet
  facet normal 0 0 -1
    outer loop
      vertex -38.7838 -20.6037 4.74
      vertex -39.2807 -20.4455 4.74
      vertex -39.2769 -20.4363 4.74
    endloop
  endfacet
  facet normal 0 0 -1
    outer loop
      vertex -39.2807 -20.4455 4.74
      vertex -39.744 -20.2059 4.74
      vertex -39.2769 -20.4363 4.74
    endloop
  endfacet
  facet normal 0 0 -1
    outer loop
      vertex -39.75 -20.2141 4.74
      vertex -39.744 -20.2059 4.74
      vertex -39.2807 -20.4455 4.74
    endloop
  endfacet
  facet normal -0 0 -1
    outer loop
      vertex -39.744 -20.2059 4.74
      vertex -39.75 -20.2141 4.74
      vertex -39.745 -20.2054 4.74
    endloop
  endfacet
  facet normal 0 0 -1
    outer loop
      vertex -39.75 -20.2141 4.74
      vertex -40.178 -19.9161 4.74
      vertex -39.745 -20.2054 4.74
    endloop
  endfacet
  facet normal 0 0 -1
    outer loop
      vertex -40.185 -19.9234 4.74
      vertex -40.178 -19.9161 4.74
      vertex -39.75 -20.2141 4.74
    endloop
  endfacet
  facet normal -0 0 -1
    outer loop
      vertex -40.178 -19.9161 4.74
      vertex -40.185 -19.9234 4.74
      vertex -40.179 -19.9155 4.74
    endloop
  endfacet
  facet normal 0 0 -1
    outer loop
      vertex -40.185 -19.9234 4.74
      vertex -40.1798 -19.9147 4.74
      vertex -40.179 -19.9155 4.74
    endloop
  endfacet
  facet normal 0 0 -1
    outer loop
      vertex -40.5784 -19.5784 4.74
      vertex -40.1798 -19.9147 4.74
      vertex -40.185 -19.9234 4.74
    endloop
  endfacet
  facet normal 0 0 -1
    outer loop
      vertex -40.1798 -19.9147 4.74
      vertex -40.5784 -19.5784 4.74
      vertex -40.5714 -19.5714 4.74
    endloop
  endfacet
  facet normal 0 0 -1
    outer loop
      vertex -40.5784 -19.5784 4.74
      vertex -40.9147 -19.1798 4.74
      vertex -40.5714 -19.5714 4.74
    endloop
  endfacet
  facet normal 0 0 -1
    outer loop
      vertex -40.9234 -19.185 4.74
      vertex -40.9147 -19.1798 4.74
      vertex -40.5784 -19.5784 4.74
    endloop
  endfacet
  facet normal -0 0 -1
    outer loop
      vertex -40.9147 -19.1798 4.74
      vertex -40.9234 -19.185 4.74
      vertex -40.9155 -19.179 4.74
    endloop
  endfacet
  facet normal 0 0 -1
    outer loop
      vertex -40.9234 -19.185 4.74
      vertex -40.9161 -19.178 4.74
      vertex -40.9155 -19.179 4.74
    endloop
  endfacet
  facet normal 0 0 -1
    outer loop
      vertex -41.2141 -18.75 4.74
      vertex -40.9161 -19.178 4.74
      vertex -40.9234 -19.185 4.74
    endloop
  endfacet
  facet normal 0 0 -1
    outer loop
      vertex -40.9161 -19.178 4.74
      vertex -41.2141 -18.75 4.74
      vertex -41.2054 -18.745 4.74
    endloop
  endfacet
  facet normal 0 0 -1
    outer loop
      vertex -41.2141 -18.75 4.74
      vertex -41.2059 -18.744 4.74
      vertex -41.2054 -18.745 4.74
    endloop
  endfacet
  facet normal 0 0 -1
    outer loop
      vertex -41.4455 -18.2807 4.74
      vertex -41.2059 -18.744 4.74
      vertex -41.2141 -18.75 4.74
    endloop
  endfacet
  facet normal 0 0 -1
    outer loop
      vertex -41.2059 -18.744 4.74
      vertex -41.4455 -18.2807 4.74
      vertex -41.4363 -18.2769 4.74
    endloop
  endfacet
  facet normal 0 0 -1
    outer loop
      vertex -41.4455 -18.2807 4.74
      vertex -41.6037 -17.7838 4.74
      vertex -41.4363 -18.2769 4.74
    endloop
  endfacet
  facet normal 0 0 -1
    outer loop
      vertex -41.6137 -17.7853 4.74
      vertex -41.6037 -17.7838 4.74
      vertex -41.4455 -18.2807 4.74
    endloop
  endfacet
  facet normal -0 0 -1
    outer loop
      vertex -41.6037 -17.7838 4.74
      vertex -41.6137 -17.7853 4.74
      vertex -41.604 -17.7827 4.74
    endloop
  endfacet
  facet normal 0 0 -1
    outer loop
      vertex -41.6137 -17.7853 4.74
      vertex -41.6043 -17.7816 4.74
      vertex -41.604 -17.7827 4.74
    endloop
  endfacet
  facet normal 0 0 -1
    outer loop
      vertex -41.7158 -17.2721 4.74
      vertex -41.6043 -17.7816 4.74
      vertex -41.6137 -17.7853 4.74
    endloop
  endfacet
  facet normal 0 0 -1
    outer loop
      vertex -41.6043 -17.7816 4.74
      vertex -41.7158 -17.2721 4.74
      vertex -41.7059 -17.2708 4.74
    endloop
  endfacet
  facet normal 0 0 -1
    outer loop
      vertex -41.7158 -17.2721 4.74
      vertex -41.7059 -17.2697 4.74
      vertex -41.7059 -17.2708 4.74
    endloop
  endfacet
  facet normal 0 0 -1
    outer loop
      vertex -41.75 -16.75 4.74
      vertex -41.7059 -17.2697 4.74
      vertex -41.7158 -17.2721 4.74
    endloop
  endfacet
  facet normal 0 0 -1
    outer loop
      vertex -41.74 -16.75 4.74
      vertex -41.75 -16.75 4.74
      vertex -41.74 16.75 4.74
    endloop
  endfacet
  facet normal 0 0 -1
    outer loop
      vertex -41.7059 -17.2697 4.74
      vertex -41.75 -16.75 4.74
      vertex -41.74 -16.75 4.74
    endloop
  endfacet
  facet normal 0 0 -1
    outer loop
      vertex 41.74 16.75 4.74
      vertex 41.75 16.75 4.74
      vertex 41.74 -16.75 4.74
    endloop
  endfacet
  facet normal 0 0 -1
    outer loop
      vertex 41.7059 17.2697 4.74
      vertex 41.75 16.75 4.74
      vertex 41.74 16.75 4.74
    endloop
  endfacet
  facet normal 0 0 -1
    outer loop
      vertex 41.75 16.75 4.74
      vertex 41.7059 17.2697 4.74
      vertex 41.7158 17.2721 4.74
    endloop
  endfacet
  facet normal 0 0 -1
    outer loop
      vertex 41.7059 17.2708 4.74
      vertex 41.7158 17.2721 4.74
      vertex 41.7059 17.2697 4.74
    endloop
  endfacet
  facet normal 0 0 -1
    outer loop
      vertex 41.6043 17.7816 4.74
      vertex 41.7158 17.2721 4.74
      vertex 41.7059 17.2708 4.74
    endloop
  endfacet
  facet normal 0 0 -1
    outer loop
      vertex 41.7158 17.2721 4.74
      vertex 41.6043 17.7816 4.74
      vertex 41.6137 17.7853 4.74
    endloop
  endfacet
  facet normal 0 0 -1
    outer loop
      vertex 41.604 17.7827 4.74
      vertex 41.6137 17.7853 4.74
      vertex 41.6043 17.7816 4.74
    endloop
  endfacet
  facet normal 0 0 -1
    outer loop
      vertex 41.6037 17.7838 4.74
      vertex 41.6137 17.7853 4.74
      vertex 41.604 17.7827 4.74
    endloop
  endfacet
  facet normal 0 0 -1
    outer loop
      vertex 41.6037 17.7838 4.74
      vertex 41.4455 18.2807 4.74
      vertex 41.6137 17.7853 4.74
    endloop
  endfacet
  facet normal 0 0 -1
    outer loop
      vertex 41.4363 18.2769 4.74
      vertex 41.4455 18.2807 4.74
      vertex 41.6037 17.7838 4.74
    endloop
  endfacet
  facet normal 0 0 -1
    outer loop
      vertex 41.2059 18.744 4.74
      vertex 41.4455 18.2807 4.74
      vertex 41.4363 18.2769 4.74
    endloop
  endfacet
  facet normal 0 0 -1
    outer loop
      vertex 41.4455 18.2807 4.74
      vertex 41.2059 18.744 4.74
      vertex 41.2141 18.75 4.74
    endloop
  endfacet
  facet normal 0 0 -1
    outer loop
      vertex 41.2054 18.745 4.74
      vertex 41.2141 18.75 4.74
      vertex 41.2059 18.744 4.74
    endloop
  endfacet
  facet normal 0 0 -1
    outer loop
      vertex 40.9161 19.178 4.74
      vertex 41.2141 18.75 4.74
      vertex 41.2054 18.745 4.74
    endloop
  endfacet
  facet normal 0 0 -1
    outer loop
      vertex 41.2141 18.75 4.74
      vertex 40.9161 19.178 4.74
      vertex 40.9234 19.185 4.74
    endloop
  endfacet
  facet normal 0 0 -1
    outer loop
      vertex 40.9155 19.179 4.74
      vertex 40.9234 19.185 4.74
      vertex 40.9161 19.178 4.74
    endloop
  endfacet
  facet normal 0 0 -1
    outer loop
      vertex 40.9147 19.1798 4.74
      vertex 40.9234 19.185 4.74
      vertex 40.9155 19.179 4.74
    endloop
  endfacet
  facet normal 0 0 -1
    outer loop
      vertex 40.9147 19.1798 4.74
      vertex 40.5784 19.5784 4.74
      vertex 40.9234 19.185 4.74
    endloop
  endfacet
  facet normal 0 0 -1
    outer loop
      vertex 40.5714 19.5714 4.74
      vertex 40.5784 19.5784 4.74
      vertex 40.9147 19.1798 4.74
    endloop
  endfacet
  facet normal 0 0 -1
    outer loop
      vertex 40.1798 19.9147 4.74
      vertex 40.5784 19.5784 4.74
      vertex 40.5714 19.5714 4.74
    endloop
  endfacet
  facet normal 0 0 -1
    outer loop
      vertex 40.5784 19.5784 4.74
      vertex 40.1798 19.9147 4.74
      vertex 40.185 19.9234 4.74
    endloop
  endfacet
  facet normal 0 0 -1
    outer loop
      vertex 40.179 19.9155 4.74
      vertex 40.185 19.9234 4.74
      vertex 40.1798 19.9147 4.74
    endloop
  endfacet
  facet normal 0 0 -1
    outer loop
      vertex 40.178 19.9161 4.74
      vertex 40.185 19.9234 4.74
      vertex 40.179 19.9155 4.74
    endloop
  endfacet
  facet normal 0 0 -1
    outer loop
      vertex 40.178 19.9161 4.74
      vertex 39.75 20.2141 4.74
      vertex 40.185 19.9234 4.74
    endloop
  endfacet
  facet normal 0 0 -1
    outer loop
      vertex 39.745 20.2054 4.74
      vertex 39.75 20.2141 4.74
      vertex 40.178 19.9161 4.74
    endloop
  endfacet
  facet normal 0 0 -1
    outer loop
      vertex 39.744 20.2059 4.74
      vertex 39.75 20.2141 4.74
      vertex 39.745 20.2054 4.74
    endloop
  endfacet
  facet normal 0 0 -1
    outer loop
      vertex 39.744 20.2059 4.74
      vertex 39.2807 20.4455 4.74
      vertex 39.75 20.2141 4.74
    endloop
  endfacet
  facet normal 0 0 -1
    outer loop
      vertex 39.2769 20.4363 4.74
      vertex 39.2807 20.4455 4.74
      vertex 39.744 20.2059 4.74
    endloop
  endfacet
  facet normal 0 0 -1
    outer loop
      vertex 38.7838 20.6037 4.74
      vertex 39.2807 20.4455 4.74
      vertex 39.2769 20.4363 4.74
    endloop
  endfacet
  facet normal 0 0 -1
    outer loop
      vertex 39.2807 20.4455 4.74
      vertex 38.7838 20.6037 4.74
      vertex 38.7853 20.6137 4.74
    endloop
  endfacet
  facet normal 0 0 -1
    outer loop
      vertex 38.7827 20.604 4.74
      vertex 38.7853 20.6137 4.74
      vertex 38.7838 20.6037 4.74
    endloop
  endfacet
  facet normal 0 0 -1
    outer loop
      vertex 38.7816 20.6043 4.74
      vertex 38.7853 20.6137 4.74
      vertex 38.7827 20.604 4.74
    endloop
  endfacet
  facet normal 0 0 -1
    outer loop
      vertex 38.7816 20.6043 4.74
      vertex 38.2721 20.7158 4.74
      vertex 38.7853 20.6137 4.74
    endloop
  endfacet
  facet normal 0 0 -1
    outer loop
      vertex 38.2708 20.7059 4.74
      vertex 38.2721 20.7158 4.74
      vertex 38.7816 20.6043 4.74
    endloop
  endfacet
  facet normal 0 0 -1
    outer loop
      vertex 38.2697 20.7059 4.74
      vertex 38.2721 20.7158 4.74
      vertex 38.2708 20.7059 4.74
    endloop
  endfacet
  facet normal 0 0 -1
    outer loop
      vertex 37.75 20.75 4.74
      vertex 38.2697 20.7059 4.74
      vertex 37.75 20.74 4.74
    endloop
  endfacet
  facet normal 0 0 -1
    outer loop
      vertex 38.2697 20.7059 4.74
      vertex 37.75 20.75 4.74
      vertex 38.2721 20.7158 4.74
    endloop
  endfacet
  facet normal 0 0 -1
    outer loop
      vertex 4.25 20.74 4.74
      vertex 37.75 20.75 4.74
      vertex 37.75 20.74 4.74
    endloop
  endfacet
  facet normal 0 0 -1
    outer loop
      vertex 3.7292 20.7059 4.74
      vertex 4.25 20.74 4.74
      vertex 3.73032 20.7059 4.74
    endloop
  endfacet
  facet normal 0 0 -1
    outer loop
      vertex -3.21841 20.6043 4.74
      vertex 3.21841 20.6043 4.74
      vertex 3.21731 20.604 4.74
    endloop
  endfacet
  facet normal 0 0 -1
    outer loop
      vertex -2.7231 20.4363 4.74
      vertex 3.21624 20.6037 4.74
      vertex 2.7231 20.4363 4.74
    endloop
  endfacet
  facet normal 0 0 -1
    outer loop
      vertex -0.563728 18.2769 4.74
      vertex 0.794066 18.744 4.74
      vertex 0.563728 18.2769 4.74
    endloop
  endfacet
  facet normal 0 0 -1
    outer loop
      vertex -0.29414 17.2708 4.74
      vertex 0.395731 17.7816 4.74
      vertex 0.29414 17.2708 4.74
    endloop
  endfacet
  facet normal 0 0 -1
    outer loop
      vertex -0.26 16.75 4.74
      vertex 0.26 16.75 4.74
      vertex -0.26 -16.75 4.74
    endloop
  endfacet
  facet normal 0 0 -1
    outer loop
      vertex -0.26 16.75 4.74
      vertex 0.294066 17.2697 4.74
      vertex 0.26 16.75 4.74
    endloop
  endfacet
  facet normal 0 0 -1
    outer loop
      vertex -0.294066 17.2697 4.74
      vertex 0.294066 17.2697 4.74
      vertex -0.26 16.75 4.74
    endloop
  endfacet
  facet normal 0 0 -1
    outer loop
      vertex 0.294066 17.2697 4.74
      vertex -0.294066 17.2697 4.74
      vertex 0.29414 17.2708 4.74
    endloop
  endfacet
  facet normal 0 0 -1
    outer loop
      vertex -0.29414 17.2708 4.74
      vertex 0.29414 17.2708 4.74
      vertex -0.294066 17.2697 4.74
    endloop
  endfacet
  facet normal 0 0 -1
    outer loop
      vertex -0.395731 17.7816 4.74
      vertex 0.395731 17.7816 4.74
      vertex -0.29414 17.2708 4.74
    endloop
  endfacet
  facet normal 0 0 -1
    outer loop
      vertex 0.395731 17.7816 4.74
      vertex -0.395731 17.7816 4.74
      vertex 0.395951 17.7827 4.74
    endloop
  endfacet
  facet normal 0 0 -1
    outer loop
      vertex -0.395951 17.7827 4.74
      vertex 0.395951 17.7827 4.74
      vertex -0.395731 17.7816 4.74
    endloop
  endfacet
  facet normal 0 0 -1
    outer loop
      vertex 0.395951 17.7827 4.74
      vertex -0.395951 17.7827 4.74
      vertex 0.396313 17.7838 4.74
    endloop
  endfacet
  facet normal 0 0 -1
    outer loop
      vertex -0.396313 17.7838 4.74
      vertex 0.396313 17.7838 4.74
      vertex -0.395951 17.7827 4.74
    endloop
  endfacet
  facet normal 0 0 -1
    outer loop
      vertex 0.396313 17.7838 4.74
      vertex -0.396313 17.7838 4.74
      vertex 0.563728 18.2769 4.74
    endloop
  endfacet
  facet normal 0 0 -1
    outer loop
      vertex -0.563728 18.2769 4.74
      vertex 0.563728 18.2769 4.74
      vertex -0.396313 17.7838 4.74
    endloop
  endfacet
  facet normal 0 0 -1
    outer loop
      vertex -0.794066 18.744 4.74
      vertex 0.794066 18.744 4.74
      vertex -0.563728 18.2769 4.74
    endloop
  endfacet
  facet normal 0 0 -1
    outer loop
      vertex 0.794066 18.744 4.74
      vertex -0.794066 18.744 4.74
      vertex 0.794564 18.745 4.74
    endloop
  endfacet
  facet normal 0 0 -1
    outer loop
      vertex -0.794564 18.745 4.74
      vertex 0.794564 18.745 4.74
      vertex -0.794066 18.744 4.74
    endloop
  endfacet
  facet normal 0 0 -1
    outer loop
      vertex 0.794564 18.745 4.74
      vertex -0.794564 18.745 4.74
      vertex 1.08389 19.178 4.74
    endloop
  endfacet
  facet normal 0 0 -1
    outer loop
      vertex -1.08389 19.178 4.74
      vertex 1.08389 19.178 4.74
      vertex -0.794564 18.745 4.74
    endloop
  endfacet
  facet normal 0 0 -1
    outer loop
      vertex 1.08389 19.178 4.74
      vertex -1.08389 19.178 4.74
      vertex 1.08452 19.179 4.74
    endloop
  endfacet
  facet normal 0 0 -1
    outer loop
      vertex -1.08452 19.179 4.74
      vertex 1.08452 19.179 4.74
      vertex -1.08389 19.178 4.74
    endloop
  endfacet
  facet normal 0 0 -1
    outer loop
      vertex 1.08452 19.179 4.74
      vertex -1.08452 19.179 4.74
      vertex 1.08526 19.1798 4.74
    endloop
  endfacet
  facet normal 0 0 -1
    outer loop
      vertex -1.08526 19.1798 4.74
      vertex 1.08526 19.1798 4.74
      vertex -1.08452 19.179 4.74
    endloop
  endfacet
  facet normal 0 0 -1
    outer loop
      vertex 1.08526 19.1798 4.74
      vertex -1.08526 19.1798 4.74
      vertex 1.42864 19.5714 4.74
    endloop
  endfacet
  facet normal 0 0 -1
    outer loop
      vertex -1.42864 19.5714 4.74
      vertex 1.42864 19.5714 4.74
      vertex -1.08526 19.1798 4.74
    endloop
  endfacet
  facet normal 0 0 -1
    outer loop
      vertex 1.42864 19.5714 4.74
      vertex -1.42864 19.5714 4.74
      vertex 1.8202 19.9147 4.74
    endloop
  endfacet
  facet normal 0 0 -1
    outer loop
      vertex -1.8202 19.9147 4.74
      vertex 1.8202 19.9147 4.74
      vertex -1.42864 19.5714 4.74
    endloop
  endfacet
  facet normal 0 0 -1
    outer loop
      vertex 1.8202 19.9147 4.74
      vertex -1.8202 19.9147 4.74
      vertex 1.82104 19.9155 4.74
    endloop
  endfacet
  facet normal 0 0 -1
    outer loop
      vertex -1.82104 19.9155 4.74
      vertex 1.82104 19.9155 4.74
      vertex -1.8202 19.9147 4.74
    endloop
  endfacet
  facet normal 0 0 -1
    outer loop
      vertex 1.82104 19.9155 4.74
      vertex -1.82104 19.9155 4.74
      vertex 1.82198 19.9161 4.74
    endloop
  endfacet
  facet normal 0 0 -1
    outer loop
      vertex -1.82198 19.9161 4.74
      vertex 1.82198 19.9161 4.74
      vertex -1.82104 19.9155 4.74
    endloop
  endfacet
  facet normal 0 0 -1
    outer loop
      vertex 1.82198 19.9161 4.74
      vertex -1.82198 19.9161 4.74
      vertex 2.255 20.2054 4.74
    endloop
  endfacet
  facet normal 0 0 -1
    outer loop
      vertex -2.255 20.2054 4.74
      vertex 2.255 20.2054 4.74
      vertex -1.82198 19.9161 4.74
    endloop
  endfacet
  facet normal 0 0 -1
    outer loop
      vertex 2.255 20.2054 4.74
      vertex -2.255 20.2054 4.74
      vertex 2.25601 20.2059 4.74
    endloop
  endfacet
  facet normal 0 0 -1
    outer loop
      vertex -2.25601 20.2059 4.74
      vertex 2.25601 20.2059 4.74
      vertex -2.255 20.2054 4.74
    endloop
  endfacet
  facet normal 0 0 -1
    outer loop
      vertex 2.25601 20.2059 4.74
      vertex -2.25601 20.2059 4.74
      vertex 2.7231 20.4363 4.74
    endloop
  endfacet
  facet normal 0 0 -1
    outer loop
      vertex -2.7231 20.4363 4.74
      vertex 2.7231 20.4363 4.74
      vertex -2.25601 20.2059 4.74
    endloop
  endfacet
  facet normal 0 0 -1
    outer loop
      vertex -3.21624 20.6037 4.74
      vertex 3.21624 20.6037 4.74
      vertex -2.7231 20.4363 4.74
    endloop
  endfacet
  facet normal 0 0 -1
    outer loop
      vertex 3.21624 20.6037 4.74
      vertex -3.21624 20.6037 4.74
      vertex 3.21731 20.604 4.74
    endloop
  endfacet
  facet normal 0 0 -1
    outer loop
      vertex -3.21731 20.604 4.74
      vertex 3.21731 20.604 4.74
      vertex -3.21624 20.6037 4.74
    endloop
  endfacet
  facet normal 0 0 -1
    outer loop
      vertex -3.21841 20.6043 4.74
      vertex 3.21731 20.604 4.74
      vertex -3.21731 20.604 4.74
    endloop
  endfacet
  facet normal 0 0 -1
    outer loop
      vertex 3.21841 20.6043 4.74
      vertex -3.21841 20.6043 4.74
      vertex 3.7292 20.7059 4.74
    endloop
  endfacet
  facet normal 0 0 -1
    outer loop
      vertex -3.7292 20.7059 4.74
      vertex 3.7292 20.7059 4.74
      vertex -3.21841 20.6043 4.74
    endloop
  endfacet
  facet normal 0 0 -1
    outer loop
      vertex 3.7292 20.7059 4.74
      vertex -3.7292 20.7059 4.74
      vertex 4.25 20.74 4.74
    endloop
  endfacet
  facet normal 0 0 -1
    outer loop
      vertex -3.73032 20.7059 4.74
      vertex 4.25 20.74 4.74
      vertex -3.7292 20.7059 4.74
    endloop
  endfacet
  facet normal 0 0 -1
    outer loop
      vertex -4.25 20.74 4.74
      vertex 4.25 20.74 4.74
      vertex -3.73032 20.7059 4.74
    endloop
  endfacet
  facet normal 0 0 -1
    outer loop
      vertex -4.25 20.74 4.74
      vertex 37.75 20.75 4.74
      vertex 4.25 20.74 4.74
    endloop
  endfacet
  facet normal 0 0 -1
    outer loop
      vertex -37.75 20.75 4.74
      vertex -4.25 20.74 4.74
      vertex -37.75 20.74 4.74
    endloop
  endfacet
  facet normal 0 0 -1
    outer loop
      vertex -4.25 20.74 4.74
      vertex -37.75 20.75 4.74
      vertex 37.75 20.75 4.74
    endloop
  endfacet
  facet normal 0 0 -1
    outer loop
      vertex -38.2697 20.7059 4.74
      vertex -37.75 20.75 4.74
      vertex -37.75 20.74 4.74
    endloop
  endfacet
  facet normal 0 0 -1
    outer loop
      vertex -38.2721 20.7158 4.74
      vertex -38.2697 20.7059 4.74
      vertex -38.2708 20.7059 4.74
    endloop
  endfacet
  facet normal 0 0 -1
    outer loop
      vertex -38.2697 20.7059 4.74
      vertex -38.2721 20.7158 4.74
      vertex -37.75 20.75 4.74
    endloop
  endfacet
  facet normal 0 0 -1
    outer loop
      vertex -38.7816 20.6043 4.74
      vertex -38.2721 20.7158 4.74
      vertex -38.2708 20.7059 4.74
    endloop
  endfacet
  facet normal 0 0 -1
    outer loop
      vertex -38.7853 20.6137 4.74
      vertex -38.7816 20.6043 4.74
      vertex -38.7827 20.604 4.74
    endloop
  endfacet
  facet normal 0 0 -1
    outer loop
      vertex -38.7816 20.6043 4.74
      vertex -38.7853 20.6137 4.74
      vertex -38.2721 20.7158 4.74
    endloop
  endfacet
  facet normal 0 0 -1
    outer loop
      vertex -38.7838 20.6037 4.74
      vertex -38.7853 20.6137 4.74
      vertex -38.7827 20.604 4.74
    endloop
  endfacet
  facet normal 0 0 -1
    outer loop
      vertex -39.2807 20.4455 4.74
      vertex -38.7838 20.6037 4.74
      vertex -39.2769 20.4363 4.74
    endloop
  endfacet
  facet normal -0 0 -1
    outer loop
      vertex -38.7838 20.6037 4.74
      vertex -39.2807 20.4455 4.74
      vertex -38.7853 20.6137 4.74
    endloop
  endfacet
  facet normal 0 0 -1
    outer loop
      vertex -39.744 20.2059 4.74
      vertex -39.2807 20.4455 4.74
      vertex -39.2769 20.4363 4.74
    endloop
  endfacet
  facet normal 0 0 -1
    outer loop
      vertex -39.75 20.2141 4.74
      vertex -39.744 20.2059 4.74
      vertex -39.745 20.2054 4.74
    endloop
  endfacet
  facet normal 0 0 -1
    outer loop
      vertex -39.744 20.2059 4.74
      vertex -39.75 20.2141 4.74
      vertex -39.2807 20.4455 4.74
    endloop
  endfacet
  facet normal 0 0 -1
    outer loop
      vertex -40.178 19.9161 4.74
      vertex -39.75 20.2141 4.74
      vertex -39.745 20.2054 4.74
    endloop
  endfacet
  facet normal 0 0 -1
    outer loop
      vertex -40.185 19.9234 4.74
      vertex -40.178 19.9161 4.74
      vertex -40.179 19.9155 4.74
    endloop
  endfacet
  facet normal 0 0 -1
    outer loop
      vertex -40.178 19.9161 4.74
      vertex -40.185 19.9234 4.74
      vertex -39.75 20.2141 4.74
    endloop
  endfacet
  facet normal 0 0 -1
    outer loop
      vertex -40.1798 19.9147 4.74
      vertex -40.185 19.9234 4.74
      vertex -40.179 19.9155 4.74
    endloop
  endfacet
  facet normal 0 0 -1
    outer loop
      vertex -40.5784 19.5784 4.74
      vertex -40.1798 19.9147 4.74
      vertex -40.5714 19.5714 4.74
    endloop
  endfacet
  facet normal -0 0 -1
    outer loop
      vertex -40.1798 19.9147 4.74
      vertex -40.5784 19.5784 4.74
      vertex -40.185 19.9234 4.74
    endloop
  endfacet
  facet normal 0 0 -1
    outer loop
      vertex -40.9147 19.1798 4.74
      vertex -40.5784 19.5784 4.74
      vertex -40.5714 19.5714 4.74
    endloop
  endfacet
  facet normal 0 0 -1
    outer loop
      vertex -40.9234 19.185 4.74
      vertex -40.9147 19.1798 4.74
      vertex -40.9155 19.179 4.74
    endloop
  endfacet
  facet normal 0 0 -1
    outer loop
      vertex -40.9147 19.1798 4.74
      vertex -40.9234 19.185 4.74
      vertex -40.5784 19.5784 4.74
    endloop
  endfacet
  facet normal 0 0 -1
    outer loop
      vertex -40.9161 19.178 4.74
      vertex -40.9234 19.185 4.74
      vertex -40.9155 19.179 4.74
    endloop
  endfacet
  facet normal 0 0 -1
    outer loop
      vertex -41.2141 18.75 4.74
      vertex -40.9161 19.178 4.74
      vertex -41.2054 18.745 4.74
    endloop
  endfacet
  facet normal -0 0 -1
    outer loop
      vertex -40.9161 19.178 4.74
      vertex -41.2141 18.75 4.74
      vertex -40.9234 19.185 4.74
    endloop
  endfacet
  facet normal 0 0 -1
    outer loop
      vertex -41.2059 18.744 4.74
      vertex -41.2141 18.75 4.74
      vertex -41.2054 18.745 4.74
    endloop
  endfacet
  facet normal 0 0 -1
    outer loop
      vertex -41.4455 18.2807 4.74
      vertex -41.2059 18.744 4.74
      vertex -41.4363 18.2769 4.74
    endloop
  endfacet
  facet normal -0 0 -1
    outer loop
      vertex -41.2059 18.744 4.74
      vertex -41.4455 18.2807 4.74
      vertex -41.2141 18.75 4.74
    endloop
  endfacet
  facet normal 0 0 -1
    outer loop
      vertex -41.6037 17.7838 4.74
      vertex -41.4455 18.2807 4.74
      vertex -41.4363 18.2769 4.74
    endloop
  endfacet
  facet normal 0 0 -1
    outer loop
      vertex -41.6137 17.7853 4.74
      vertex -41.6037 17.7838 4.74
      vertex -41.604 17.7827 4.74
    endloop
  endfacet
  facet normal 0 0 -1
    outer loop
      vertex -41.6037 17.7838 4.74
      vertex -41.6137 17.7853 4.74
      vertex -41.4455 18.2807 4.74
    endloop
  endfacet
  facet normal 0 0 -1
    outer loop
      vertex -41.6043 17.7816 4.74
      vertex -41.6137 17.7853 4.74
      vertex -41.604 17.7827 4.74
    endloop
  endfacet
  facet normal 0 0 -1
    outer loop
      vertex -41.7158 17.2721 4.74
      vertex -41.6043 17.7816 4.74
      vertex -41.7059 17.2708 4.74
    endloop
  endfacet
  facet normal -0 0 -1
    outer loop
      vertex -41.6043 17.7816 4.74
      vertex -41.7158 17.2721 4.74
      vertex -41.6137 17.7853 4.74
    endloop
  endfacet
  facet normal 0 0 -1
    outer loop
      vertex -41.7059 17.2697 4.74
      vertex -41.7158 17.2721 4.74
      vertex -41.7059 17.2708 4.74
    endloop
  endfacet
  facet normal 0 0 -1
    outer loop
      vertex -41.75 16.75 4.74
      vertex -41.7059 17.2697 4.74
      vertex -41.74 16.75 4.74
    endloop
  endfacet
  facet normal -0 0 -1
    outer loop
      vertex -41.7059 17.2697 4.74
      vertex -41.75 16.75 4.74
      vertex -41.7158 17.2721 4.74
    endloop
  endfacet
  facet normal 0 0 -1
    outer loop
      vertex -41.75 16.75 4.74
      vertex -41.74 16.75 4.74
      vertex -41.75 -16.75 4.74
    endloop
  endfacet
  facet normal 0 0 1
    outer loop
      vertex 40.55 16.75 34.14
      vertex 41.75 16.75 34.14
      vertex 41.7158 17.2721 34.14
    endloop
  endfacet
  facet normal 0 0 1
    outer loop
      vertex 41.75 16.75 34.14
      vertex 40.55 16.75 34.14
      vertex 41.75 -16.75 34.14
    endloop
  endfacet
  facet normal 0 0 1
    outer loop
      vertex 40.526 17.1155 34.14
      vertex 41.7158 17.2721 34.14
      vertex 41.6137 17.7853 34.14
    endloop
  endfacet
  facet normal 0 0 1
    outer loop
      vertex 40.55 -16.75 34.14
      vertex 41.75 -16.75 34.14
      vertex 40.55 16.75 34.14
    endloop
  endfacet
  facet normal 0 0 1
    outer loop
      vertex 40.4546 17.4747 34.14
      vertex 41.6137 17.7853 34.14
      vertex 41.4455 18.2807 34.14
    endloop
  endfacet
  facet normal 0 0 1
    outer loop
      vertex 41.75 -16.75 34.14
      vertex 40.55 -16.75 34.14
      vertex 41.7158 -17.2721 34.14
    endloop
  endfacet
  facet normal 0 0 1
    outer loop
      vertex 40.3369 17.8215 34.14
      vertex 41.4455 18.2807 34.14
      vertex 41.2141 18.75 34.14
    endloop
  endfacet
  facet normal -0 0 1
    outer loop
      vertex 40.526 -17.1155 34.14
      vertex 41.7158 -17.2721 34.14
      vertex 40.55 -16.75 34.14
    endloop
  endfacet
  facet normal 0 0 1
    outer loop
      vertex 40.1749 18.15 34.14
      vertex 41.2141 18.75 34.14
      vertex 40.9234 19.185 34.14
    endloop
  endfacet
  facet normal 0 0 1
    outer loop
      vertex 41.7158 -17.2721 34.14
      vertex 40.526 -17.1155 34.14
      vertex 41.6137 -17.7853 34.14
    endloop
  endfacet
  facet normal 0 0 1
    outer loop
      vertex 39.9714 18.4545 34.14
      vertex 40.9234 19.185 34.14
      vertex 40.5784 19.5784 34.14
    endloop
  endfacet
  facet normal -0 0 1
    outer loop
      vertex 40.4546 -17.4747 34.14
      vertex 41.6137 -17.7853 34.14
      vertex 40.526 -17.1155 34.14
    endloop
  endfacet
  facet normal 0 0 1
    outer loop
      vertex 41.6137 -17.7853 34.14
      vertex 40.4546 -17.4747 34.14
      vertex 41.4455 -18.2807 34.14
    endloop
  endfacet
  facet normal 0 0 1
    outer loop
      vertex 41.7158 17.2721 34.14
      vertex 40.526 17.1155 34.14
      vertex 40.55 16.75 34.14
    endloop
  endfacet
  facet normal 0 0 1
    outer loop
      vertex 41.6137 17.7853 34.14
      vertex 40.4546 17.4747 34.14
      vertex 40.526 17.1155 34.14
    endloop
  endfacet
  facet normal 0 0 1
    outer loop
      vertex 41.4455 18.2807 34.14
      vertex 40.3369 17.8215 34.14
      vertex 40.4546 17.4747 34.14
    endloop
  endfacet
  facet normal 0 0 1
    outer loop
      vertex 39.7299 18.7299 34.14
      vertex 40.5784 19.5784 34.14
      vertex 40.185 19.9234 34.14
    endloop
  endfacet
  facet normal 0 0 1
    outer loop
      vertex 41.2141 18.75 34.14
      vertex 40.1749 18.15 34.14
      vertex 40.3369 17.8215 34.14
    endloop
  endfacet
  facet normal 0 0 1
    outer loop
      vertex 40.9234 19.185 34.14
      vertex 39.9714 18.4545 34.14
      vertex 40.1749 18.15 34.14
    endloop
  endfacet
  facet normal 0 0 1
    outer loop
      vertex 39.4545 18.9714 34.14
      vertex 40.185 19.9234 34.14
      vertex 39.75 20.2141 34.14
    endloop
  endfacet
  facet normal 0 0 1
    outer loop
      vertex 40.5784 19.5784 34.14
      vertex 39.7299 18.7299 34.14
      vertex 39.9714 18.4545 34.14
    endloop
  endfacet
  facet normal 0 0 1
    outer loop
      vertex 40.185 19.9234 34.14
      vertex 39.4545 18.9714 34.14
      vertex 39.7299 18.7299 34.14
    endloop
  endfacet
  facet normal 0 0 1
    outer loop
      vertex 39.15 19.1749 34.14
      vertex 39.75 20.2141 34.14
      vertex 39.2807 20.4455 34.14
    endloop
  endfacet
  facet normal 0 0 1
    outer loop
      vertex 39.75 20.2141 34.14
      vertex 39.15 19.1749 34.14
      vertex 39.4545 18.9714 34.14
    endloop
  endfacet
  facet normal 0 0 1
    outer loop
      vertex 39.2807 20.4455 34.14
      vertex 38.8215 19.3369 34.14
      vertex 39.15 19.1749 34.14
    endloop
  endfacet
  facet normal 0 0 1
    outer loop
      vertex 38.7853 20.6137 34.14
      vertex 38.8215 19.3369 34.14
      vertex 39.2807 20.4455 34.14
    endloop
  endfacet
  facet normal 0 0 1
    outer loop
      vertex 38.7853 20.6137 34.14
      vertex 38.4747 19.4546 34.14
      vertex 38.8215 19.3369 34.14
    endloop
  endfacet
  facet normal 0 0 1
    outer loop
      vertex 38.2721 20.7158 34.14
      vertex 38.4747 19.4546 34.14
      vertex 38.7853 20.6137 34.14
    endloop
  endfacet
  facet normal 0 0 1
    outer loop
      vertex 38.2721 20.7158 34.14
      vertex 38.1155 19.526 34.14
      vertex 38.4747 19.4546 34.14
    endloop
  endfacet
  facet normal 0 0 1
    outer loop
      vertex 37.75 20.75 34.14
      vertex 38.1155 19.526 34.14
      vertex 38.2721 20.7158 34.14
    endloop
  endfacet
  facet normal 0 0 1
    outer loop
      vertex 37.75 20.75 34.14
      vertex 37.75 19.55 34.14
      vertex 38.1155 19.526 34.14
    endloop
  endfacet
  facet normal -0 0 1
    outer loop
      vertex -37.75 20.75 34.14
      vertex 37.75 19.55 34.14
      vertex 37.75 20.75 34.14
    endloop
  endfacet
  facet normal 0 0 1
    outer loop
      vertex -37.75 20.75 34.14
      vertex -37.75 19.55 34.14
      vertex 37.75 19.55 34.14
    endloop
  endfacet
  facet normal 0 0 1
    outer loop
      vertex -37.75 20.75 34.14
      vertex -38.1155 19.526 34.14
      vertex -37.75 19.55 34.14
    endloop
  endfacet
  facet normal -0 0 1
    outer loop
      vertex -38.2721 20.7158 34.14
      vertex -38.1155 19.526 34.14
      vertex -37.75 20.75 34.14
    endloop
  endfacet
  facet normal 0 0 1
    outer loop
      vertex -38.2721 20.7158 34.14
      vertex -38.4747 19.4546 34.14
      vertex -38.1155 19.526 34.14
    endloop
  endfacet
  facet normal -0 0 1
    outer loop
      vertex -38.7853 20.6137 34.14
      vertex -38.4747 19.4546 34.14
      vertex -38.2721 20.7158 34.14
    endloop
  endfacet
  facet normal 0 0 1
    outer loop
      vertex -38.7853 20.6137 34.14
      vertex -38.8215 19.3369 34.14
      vertex -38.4747 19.4546 34.14
    endloop
  endfacet
  facet normal -0 0 1
    outer loop
      vertex -39.2807 20.4455 34.14
      vertex -38.8215 19.3369 34.14
      vertex -38.7853 20.6137 34.14
    endloop
  endfacet
  facet normal 0 0 1
    outer loop
      vertex -38.8215 19.3369 34.14
      vertex -39.2807 20.4455 34.14
      vertex -39.15 19.1749 34.14
    endloop
  endfacet
  facet normal -0 0 1
    outer loop
      vertex -39.75 20.2141 34.14
      vertex -39.15 19.1749 34.14
      vertex -39.2807 20.4455 34.14
    endloop
  endfacet
  facet normal 0 0 1
    outer loop
      vertex -39.15 19.1749 34.14
      vertex -39.75 20.2141 34.14
      vertex -39.4545 18.9714 34.14
    endloop
  endfacet
  facet normal -0 0 1
    outer loop
      vertex -40.185 19.9234 34.14
      vertex -39.4545 18.9714 34.14
      vertex -39.75 20.2141 34.14
    endloop
  endfacet
  facet normal 0 0 1
    outer loop
      vertex -39.4545 18.9714 34.14
      vertex -40.185 19.9234 34.14
      vertex -39.7299 18.7299 34.14
    endloop
  endfacet
  facet normal -0 0 1
    outer loop
      vertex -40.5784 19.5784 34.14
      vertex -39.7299 18.7299 34.14
      vertex -40.185 19.9234 34.14
    endloop
  endfacet
  facet normal 0 0 1
    outer loop
      vertex -39.7299 18.7299 34.14
      vertex -40.5784 19.5784 34.14
      vertex -39.9714 18.4545 34.14
    endloop
  endfacet
  facet normal -0 0 1
    outer loop
      vertex -40.9234 19.185 34.14
      vertex -39.9714 18.4545 34.14
      vertex -40.5784 19.5784 34.14
    endloop
  endfacet
  facet normal 0 0 1
    outer loop
      vertex -39.9714 18.4545 34.14
      vertex -40.9234 19.185 34.14
      vertex -40.1749 18.15 34.14
    endloop
  endfacet
  facet normal -0 0 1
    outer loop
      vertex -41.2141 18.75 34.14
      vertex -40.1749 18.15 34.14
      vertex -40.9234 19.185 34.14
    endloop
  endfacet
  facet normal 0 0 1
    outer loop
      vertex -40.3369 17.8215 34.14
      vertex -41.4455 18.2807 34.14
      vertex -40.4546 17.4747 34.14
    endloop
  endfacet
  facet normal -0 0 1
    outer loop
      vertex -41.4455 18.2807 34.14
      vertex -40.3369 17.8215 34.14
      vertex -41.2141 18.75 34.14
    endloop
  endfacet
  facet normal 0 0 1
    outer loop
      vertex -40.1749 18.15 34.14
      vertex -41.2141 18.75 34.14
      vertex -40.3369 17.8215 34.14
    endloop
  endfacet
  facet normal -0 0 1
    outer loop
      vertex 40.3369 -17.8215 34.14
      vertex 41.4455 -18.2807 34.14
      vertex 40.4546 -17.4747 34.14
    endloop
  endfacet
  facet normal 0 0 1
    outer loop
      vertex 41.4455 -18.2807 34.14
      vertex 40.3369 -17.8215 34.14
      vertex 41.2141 -18.75 34.14
    endloop
  endfacet
  facet normal -0 0 1
    outer loop
      vertex 40.1749 -18.15 34.14
      vertex 41.2141 -18.75 34.14
      vertex 40.3369 -17.8215 34.14
    endloop
  endfacet
  facet normal 0 0 1
    outer loop
      vertex 41.2141 -18.75 34.14
      vertex 40.1749 -18.15 34.14
      vertex 40.9234 -19.185 34.14
    endloop
  endfacet
  facet normal -0 0 1
    outer loop
      vertex 39.9714 -18.4545 34.14
      vertex 40.9234 -19.185 34.14
      vertex 40.1749 -18.15 34.14
    endloop
  endfacet
  facet normal 0 0 1
    outer loop
      vertex 40.9234 -19.185 34.14
      vertex 39.9714 -18.4545 34.14
      vertex 40.5784 -19.5784 34.14
    endloop
  endfacet
  facet normal -0 0 1
    outer loop
      vertex 39.7299 -18.7299 34.14
      vertex 40.5784 -19.5784 34.14
      vertex 39.9714 -18.4545 34.14
    endloop
  endfacet
  facet normal 0 0 1
    outer loop
      vertex 40.5784 -19.5784 34.14
      vertex 39.7299 -18.7299 34.14
      vertex 40.185 -19.9234 34.14
    endloop
  endfacet
  facet normal -0 0 1
    outer loop
      vertex 39.4545 -18.9714 34.14
      vertex 40.185 -19.9234 34.14
      vertex 39.7299 -18.7299 34.14
    endloop
  endfacet
  facet normal 0 0 1
    outer loop
      vertex 40.185 -19.9234 34.14
      vertex 39.4545 -18.9714 34.14
      vertex 39.75 -20.2141 34.14
    endloop
  endfacet
  facet normal -0 0 1
    outer loop
      vertex 39.15 -19.1749 34.14
      vertex 39.75 -20.2141 34.14
      vertex 39.4545 -18.9714 34.14
    endloop
  endfacet
  facet normal 0 0 1
    outer loop
      vertex 39.75 -20.2141 34.14
      vertex 39.15 -19.1749 34.14
      vertex 39.2807 -20.4455 34.14
    endloop
  endfacet
  facet normal -0 0 1
    outer loop
      vertex 38.8215 -19.3369 34.14
      vertex 39.2807 -20.4455 34.14
      vertex 39.15 -19.1749 34.14
    endloop
  endfacet
  facet normal 0 0 1
    outer loop
      vertex 38.8215 -19.3369 34.14
      vertex 38.7853 -20.6137 34.14
      vertex 39.2807 -20.4455 34.14
    endloop
  endfacet
  facet normal -0 0 1
    outer loop
      vertex 38.4747 -19.4546 34.14
      vertex 38.7853 -20.6137 34.14
      vertex 38.8215 -19.3369 34.14
    endloop
  endfacet
  facet normal 0 0 1
    outer loop
      vertex 38.4747 -19.4546 34.14
      vertex 38.2721 -20.7158 34.14
      vertex 38.7853 -20.6137 34.14
    endloop
  endfacet
  facet normal -0 0 1
    outer loop
      vertex 38.1155 -19.526 34.14
      vertex 38.2721 -20.7158 34.14
      vertex 38.4747 -19.4546 34.14
    endloop
  endfacet
  facet normal -0 0 1
    outer loop
      vertex 37.75 -19.55 34.14
      vertex 38.2721 -20.7158 34.14
      vertex 38.1155 -19.526 34.14
    endloop
  endfacet
  facet normal 0 0 1
    outer loop
      vertex 37.75 -19.55 34.14
      vertex 37.75 -20.75 34.14
      vertex 38.2721 -20.7158 34.14
    endloop
  endfacet
  facet normal -0 0 1
    outer loop
      vertex -37.75 -19.55 34.14
      vertex 37.75 -20.75 34.14
      vertex 37.75 -19.55 34.14
    endloop
  endfacet
  facet normal 0 0 1
    outer loop
      vertex -37.75 -19.55 34.14
      vertex -37.75 -20.75 34.14
      vertex 37.75 -20.75 34.14
    endloop
  endfacet
  facet normal 0 0 1
    outer loop
      vertex -38.1155 -19.526 34.14
      vertex -37.75 -20.75 34.14
      vertex -37.75 -19.55 34.14
    endloop
  endfacet
  facet normal 0 0 1
    outer loop
      vertex -38.1155 -19.526 34.14
      vertex -38.2721 -20.7158 34.14
      vertex -37.75 -20.75 34.14
    endloop
  endfacet
  facet normal 0 0 1
    outer loop
      vertex -38.4747 -19.4546 34.14
      vertex -38.2721 -20.7158 34.14
      vertex -38.1155 -19.526 34.14
    endloop
  endfacet
  facet normal 0 0 1
    outer loop
      vertex -38.4747 -19.4546 34.14
      vertex -38.7853 -20.6137 34.14
      vertex -38.2721 -20.7158 34.14
    endloop
  endfacet
  facet normal 0 0 1
    outer loop
      vertex -38.8215 -19.3369 34.14
      vertex -38.7853 -20.6137 34.14
      vertex -38.4747 -19.4546 34.14
    endloop
  endfacet
  facet normal 0 0 1
    outer loop
      vertex -39.2807 -20.4455 34.14
      vertex -38.8215 -19.3369 34.14
      vertex -39.15 -19.1749 34.14
    endloop
  endfacet
  facet normal 0 0 1
    outer loop
      vertex -38.8215 -19.3369 34.14
      vertex -39.2807 -20.4455 34.14
      vertex -38.7853 -20.6137 34.14
    endloop
  endfacet
  facet normal 0 0 1
    outer loop
      vertex -39.75 -20.2141 34.14
      vertex -39.15 -19.1749 34.14
      vertex -39.4545 -18.9714 34.14
    endloop
  endfacet
  facet normal 0 0 1
    outer loop
      vertex -40.185 -19.9234 34.14
      vertex -39.4545 -18.9714 34.14
      vertex -39.7299 -18.7299 34.14
    endloop
  endfacet
  facet normal 0 0 1
    outer loop
      vertex -39.15 -19.1749 34.14
      vertex -39.75 -20.2141 34.14
      vertex -39.2807 -20.4455 34.14
    endloop
  endfacet
  facet normal 0 0 1
    outer loop
      vertex -40.5784 -19.5784 34.14
      vertex -39.7299 -18.7299 34.14
      vertex -39.9714 -18.4545 34.14
    endloop
  endfacet
  facet normal 0 0 1
    outer loop
      vertex -40.9234 -19.185 34.14
      vertex -39.9714 -18.4545 34.14
      vertex -40.1749 -18.15 34.14
    endloop
  endfacet
  facet normal 0 0 1
    outer loop
      vertex -39.4545 -18.9714 34.14
      vertex -40.185 -19.9234 34.14
      vertex -39.75 -20.2141 34.14
    endloop
  endfacet
  facet normal 0 0 1
    outer loop
      vertex -41.2141 -18.75 34.14
      vertex -40.1749 -18.15 34.14
      vertex -40.3369 -17.8215 34.14
    endloop
  endfacet
  facet normal 0 0 1
    outer loop
      vertex -41.4455 -18.2807 34.14
      vertex -40.3369 -17.8215 34.14
      vertex -40.4546 -17.4747 34.14
    endloop
  endfacet
  facet normal 0 0 1
    outer loop
      vertex -41.6137 -17.7853 34.14
      vertex -40.4546 -17.4747 34.14
      vertex -40.526 -17.1155 34.14
    endloop
  endfacet
  facet normal 0 0 1
    outer loop
      vertex -39.7299 -18.7299 34.14
      vertex -40.5784 -19.5784 34.14
      vertex -40.185 -19.9234 34.14
    endloop
  endfacet
  facet normal 0 0 1
    outer loop
      vertex -41.7158 -17.2721 34.14
      vertex -40.526 -17.1155 34.14
      vertex -40.55 -16.75 34.14
    endloop
  endfacet
  facet normal 0 0 1
    outer loop
      vertex -40.55 16.75 34.14
      vertex -41.75 16.75 34.14
      vertex -40.55 -16.75 34.14
    endloop
  endfacet
  facet normal -0 0 1
    outer loop
      vertex -41.6137 17.7853 34.14
      vertex -40.4546 17.4747 34.14
      vertex -41.4455 18.2807 34.14
    endloop
  endfacet
  facet normal 0 0 1
    outer loop
      vertex -41.75 -16.75 34.14
      vertex -40.55 -16.75 34.14
      vertex -41.75 16.75 34.14
    endloop
  endfacet
  facet normal 0 0 1
    outer loop
      vertex -40.4546 17.4747 34.14
      vertex -41.6137 17.7853 34.14
      vertex -40.526 17.1155 34.14
    endloop
  endfacet
  facet normal 0 -0 1
    outer loop
      vertex -41.7158 -17.2721 34.14
      vertex -40.55 -16.75 34.14
      vertex -41.75 -16.75 34.14
    endloop
  endfacet
  facet normal -0 0 1
    outer loop
      vertex -41.7158 17.2721 34.14
      vertex -40.526 17.1155 34.14
      vertex -41.6137 17.7853 34.14
    endloop
  endfacet
  facet normal 0 0 1
    outer loop
      vertex -39.9714 -18.4545 34.14
      vertex -40.9234 -19.185 34.14
      vertex -40.5784 -19.5784 34.14
    endloop
  endfacet
  facet normal 0 0 1
    outer loop
      vertex -40.526 17.1155 34.14
      vertex -41.7158 17.2721 34.14
      vertex -40.55 16.75 34.14
    endloop
  endfacet
  facet normal 0 0 1
    outer loop
      vertex -40.1749 -18.15 34.14
      vertex -41.2141 -18.75 34.14
      vertex -40.9234 -19.185 34.14
    endloop
  endfacet
  facet normal 0 0 1
    outer loop
      vertex -40.55 16.75 34.14
      vertex -41.7158 17.2721 34.14
      vertex -41.75 16.75 34.14
    endloop
  endfacet
  facet normal 0 0 1
    outer loop
      vertex -40.3369 -17.8215 34.14
      vertex -41.4455 -18.2807 34.14
      vertex -41.2141 -18.75 34.14
    endloop
  endfacet
  facet normal 0 0 1
    outer loop
      vertex -40.4546 -17.4747 34.14
      vertex -41.6137 -17.7853 34.14
      vertex -41.4455 -18.2807 34.14
    endloop
  endfacet
  facet normal 0 0 1
    outer loop
      vertex -40.526 -17.1155 34.14
      vertex -41.7158 -17.2721 34.14
      vertex -41.6137 -17.7853 34.14
    endloop
  endfacet
  facet normal -0.555645 0.83142 0
    outer loop
      vertex 39.4545 -18.9714 6.16
      vertex 39.15 -19.1749 28.15
      vertex 39.4545 -18.9714 28.15
    endloop
  endfacet
  facet normal -0.555645 0.83142 0
    outer loop
      vertex 39.15 -19.1749 28.15
      vertex 39.4545 -18.9714 6.16
      vertex 39.15 -19.1749 6.16
    endloop
  endfacet
  facet normal -0.555645 0.83142 0
    outer loop
      vertex 39.4545 -18.9714 29.35
      vertex 39.15 -19.1749 34.14
      vertex 39.4545 -18.9714 34.14
    endloop
  endfacet
  facet normal -0.555645 0.83142 0
    outer loop
      vertex 39.15 -19.1749 34.14
      vertex 39.4545 -18.9714 29.35
      vertex 39.15 -19.1749 29.35
    endloop
  endfacet
  facet normal -0.442292 0.896871 0
    outer loop
      vertex 39.15 -19.1749 6.16
      vertex 38.8215 -19.3369 28.15
      vertex 39.15 -19.1749 28.15
    endloop
  endfacet
  facet normal -0.442292 0.896871 0
    outer loop
      vertex 38.8215 -19.3369 28.15
      vertex 39.15 -19.1749 6.16
      vertex 38.8215 -19.3369 6.16
    endloop
  endfacet
  facet normal -0.442292 0.896871 0
    outer loop
      vertex 39.15 -19.1749 29.35
      vertex 38.8215 -19.3369 34.14
      vertex 39.15 -19.1749 34.14
    endloop
  endfacet
  facet normal -0.442292 0.896871 0
    outer loop
      vertex 38.8215 -19.3369 34.14
      vertex 39.15 -19.1749 29.35
      vertex 38.8215 -19.3369 29.35
    endloop
  endfacet
  facet normal 0.442292 0.896871 -0
    outer loop
      vertex -38.8215 -19.3369 6.16
      vertex -39.15 -19.1749 28.15
      vertex -38.8215 -19.3369 28.15
    endloop
  endfacet
  facet normal 0.442292 0.896871 0
    outer loop
      vertex -39.15 -19.1749 28.15
      vertex -38.8215 -19.3369 6.16
      vertex -39.15 -19.1749 6.16
    endloop
  endfacet
  facet normal 0.442292 0.896871 -0
    outer loop
      vertex -38.8215 -19.3369 29.35
      vertex -39.15 -19.1749 34.14
      vertex -38.8215 -19.3369 34.14
    endloop
  endfacet
  facet normal 0.442292 0.896871 0
    outer loop
      vertex -39.15 -19.1749 34.14
      vertex -38.8215 -19.3369 29.35
      vertex -39.15 -19.1749 29.35
    endloop
  endfacet
  facet normal -0.321384 0.946949 0
    outer loop
      vertex 38.8215 -19.3369 6.16
      vertex 38.4747 -19.4546 28.15
      vertex 38.8215 -19.3369 28.15
    endloop
  endfacet
  facet normal -0.321384 0.946949 0
    outer loop
      vertex 38.4747 -19.4546 28.15
      vertex 38.8215 -19.3369 6.16
      vertex 38.4747 -19.4546 6.16
    endloop
  endfacet
  facet normal -0.321384 0.946949 0
    outer loop
      vertex 38.8215 -19.3369 29.35
      vertex 38.4747 -19.4546 34.14
      vertex 38.8215 -19.3369 34.14
    endloop
  endfacet
  facet normal -0.321384 0.946949 0
    outer loop
      vertex 38.4747 -19.4546 34.14
      vertex 38.8215 -19.3369 29.35
      vertex 38.4747 -19.4546 29.35
    endloop
  endfacet
  facet normal -0.751866 0.659316 0
    outer loop
      vertex 39.7299 -18.7299 6.16
      vertex 39.9714 -18.4545 28.15
      vertex 39.9714 -18.4545 6.16
    endloop
  endfacet
  facet normal -0.751866 0.659316 0
    outer loop
      vertex 39.9714 -18.4545 28.15
      vertex 39.7299 -18.7299 6.16
      vertex 39.7299 -18.7299 28.15
    endloop
  endfacet
  facet normal -0.751866 0.659316 0
    outer loop
      vertex 39.7299 -18.7299 29.35
      vertex 39.9714 -18.4545 34.14
      vertex 39.9714 -18.4545 29.35
    endloop
  endfacet
  facet normal -0.751866 0.659316 0
    outer loop
      vertex 39.9714 -18.4545 34.14
      vertex 39.7299 -18.7299 29.35
      vertex 39.7299 -18.7299 34.14
    endloop
  endfacet
  facet normal 0 1 -0
    outer loop
      vertex 37.75 -19.55 6.16
      vertex -37.75 -19.55 28.15
      vertex 37.75 -19.55 28.15
    endloop
  endfacet
  facet normal 0 1 0
    outer loop
      vertex -37.75 -19.55 28.15
      vertex 37.75 -19.55 6.16
      vertex -37.75 -19.55 6.16
    endloop
  endfacet
  facet normal 0 1 -0
    outer loop
      vertex 37.75 -19.55 29.35
      vertex -37.75 -19.55 34.14
      vertex 37.75 -19.55 34.14
    endloop
  endfacet
  facet normal 0 1 0
    outer loop
      vertex -37.75 -19.55 34.14
      vertex 37.75 -19.55 29.35
      vertex -37.75 -19.55 29.35
    endloop
  endfacet
  facet normal -0.194961 0.980811 0
    outer loop
      vertex 38.4747 -19.4546 6.16
      vertex 38.1155 -19.526 28.15
      vertex 38.4747 -19.4546 28.15
    endloop
  endfacet
  facet normal -0.194961 0.980811 0
    outer loop
      vertex 38.1155 -19.526 28.15
      vertex 38.4747 -19.4546 6.16
      vertex 38.1155 -19.526 6.16
    endloop
  endfacet
  facet normal -0.194961 0.980811 0
    outer loop
      vertex 38.4747 -19.4546 29.35
      vertex 38.1155 -19.526 34.14
      vertex 38.4747 -19.4546 34.14
    endloop
  endfacet
  facet normal -0.194961 0.980811 0
    outer loop
      vertex 38.1155 -19.526 34.14
      vertex 38.4747 -19.4546 29.35
      vertex 38.1155 -19.526 29.35
    endloop
  endfacet
  facet normal 0.946949 0.321384 0
    outer loop
      vertex -40.3369 -17.8215 28.15
      vertex -40.4546 -17.4747 6.16
      vertex -40.4546 -17.4747 28.15
    endloop
  endfacet
  facet normal 0.946949 0.321384 0
    outer loop
      vertex -40.4546 -17.4747 6.16
      vertex -40.3369 -17.8215 28.15
      vertex -40.3369 -17.8215 6.16
    endloop
  endfacet
  facet normal 0.946949 0.321384 0
    outer loop
      vertex -40.3369 -17.8215 34.14
      vertex -40.4546 -17.4747 29.35
      vertex -40.4546 -17.4747 34.14
    endloop
  endfacet
  facet normal 0.946949 0.321384 0
    outer loop
      vertex -40.4546 -17.4747 29.35
      vertex -40.3369 -17.8215 34.14
      vertex -40.3369 -17.8215 29.35
    endloop
  endfacet
  facet normal -0.751866 -0.659316 0
    outer loop
      vertex 39.9714 18.4545 6.16
      vertex 39.7299 18.7299 34.14
      vertex 39.7299 18.7299 6.16
    endloop
  endfacet
  facet normal -0.751866 -0.659316 0
    outer loop
      vertex 39.7299 18.7299 34.14
      vertex 39.9714 18.4545 6.16
      vertex 39.9714 18.4545 34.14
    endloop
  endfacet
  facet normal 0.555645 0.83142 -0
    outer loop
      vertex -39.15 -19.1749 6.16
      vertex -39.4545 -18.9714 28.15
      vertex -39.15 -19.1749 28.15
    endloop
  endfacet
  facet normal 0.555645 0.83142 0
    outer loop
      vertex -39.4545 -18.9714 28.15
      vertex -39.15 -19.1749 6.16
      vertex -39.4545 -18.9714 6.16
    endloop
  endfacet
  facet normal 0.555645 0.83142 -0
    outer loop
      vertex -39.15 -19.1749 29.35
      vertex -39.4545 -18.9714 34.14
      vertex -39.15 -19.1749 34.14
    endloop
  endfacet
  facet normal 0.555645 0.83142 0
    outer loop
      vertex -39.4545 -18.9714 34.14
      vertex -39.15 -19.1749 29.35
      vertex -39.4545 -18.9714 29.35
    endloop
  endfacet
  facet normal 0.442292 -0.896871 0
    outer loop
      vertex -39.15 19.1749 6.16
      vertex -38.8215 19.3369 34.14
      vertex -39.15 19.1749 34.14
    endloop
  endfacet
  facet normal 0.442292 -0.896871 0
    outer loop
      vertex -38.8215 19.3369 34.14
      vertex -39.15 19.1749 6.16
      vertex -38.8215 19.3369 6.16
    endloop
  endfacet
  facet normal -0.0655224 0.997851 0
    outer loop
      vertex 38.1155 -19.526 6.16
      vertex 37.75 -19.55 28.15
      vertex 38.1155 -19.526 28.15
    endloop
  endfacet
  facet normal -0.0655224 0.997851 0
    outer loop
      vertex 37.75 -19.55 28.15
      vertex 38.1155 -19.526 6.16
      vertex 37.75 -19.55 6.16
    endloop
  endfacet
  facet normal -0.0655224 0.997851 0
    outer loop
      vertex 38.1155 -19.526 29.35
      vertex 37.75 -19.55 34.14
      vertex 38.1155 -19.526 34.14
    endloop
  endfacet
  facet normal -0.0655224 0.997851 0
    outer loop
      vertex 37.75 -19.55 34.14
      vertex 38.1155 -19.526 29.35
      vertex 37.75 -19.55 29.35
    endloop
  endfacet
  facet normal -1 0 0
    outer loop
      vertex 40.55 -16.75 6.16
      vertex 40.55 16.75 34.14
      vertex 40.55 16.75 6.16
    endloop
  endfacet
  facet normal -1 -0 0
    outer loop
      vertex 40.55 16.75 34.14
      vertex 40.55 -16.75 6.16
      vertex 40.55 -16.75 34.14
    endloop
  endfacet
  facet normal 0.83142 -0.555645 0
    outer loop
      vertex -40.1749 18.15 34.14
      vertex -39.9714 18.4545 6.16
      vertex -39.9714 18.4545 34.14
    endloop
  endfacet
  facet normal 0.83142 -0.555645 0
    outer loop
      vertex -39.9714 18.4545 6.16
      vertex -40.1749 18.15 34.14
      vertex -40.1749 18.15 6.16
    endloop
  endfacet
  facet normal 0.751866 -0.659316 0
    outer loop
      vertex -39.9714 18.4545 34.14
      vertex -39.7299 18.7299 6.16
      vertex -39.7299 18.7299 34.14
    endloop
  endfacet
  facet normal 0.751866 -0.659316 0
    outer loop
      vertex -39.7299 18.7299 6.16
      vertex -39.9714 18.4545 34.14
      vertex -39.9714 18.4545 6.16
    endloop
  endfacet
  facet normal 0.751866 0.659316 0
    outer loop
      vertex -39.7299 -18.7299 28.15
      vertex -39.9714 -18.4545 6.16
      vertex -39.9714 -18.4545 28.15
    endloop
  endfacet
  facet normal 0.751866 0.659316 0
    outer loop
      vertex -39.9714 -18.4545 6.16
      vertex -39.7299 -18.7299 28.15
      vertex -39.7299 -18.7299 6.16
    endloop
  endfacet
  facet normal 0.751866 0.659316 0
    outer loop
      vertex -39.7299 -18.7299 34.14
      vertex -39.9714 -18.4545 29.35
      vertex -39.9714 -18.4545 34.14
    endloop
  endfacet
  facet normal 0.751866 0.659316 0
    outer loop
      vertex -39.9714 -18.4545 29.35
      vertex -39.7299 -18.7299 34.14
      vertex -39.7299 -18.7299 29.35
    endloop
  endfacet
  facet normal 0.321384 -0.946949 0
    outer loop
      vertex -38.8215 19.3369 6.16
      vertex -38.4747 19.4546 34.14
      vertex -38.8215 19.3369 34.14
    endloop
  endfacet
  facet normal 0.321384 -0.946949 0
    outer loop
      vertex -38.4747 19.4546 34.14
      vertex -38.8215 19.3369 6.16
      vertex -38.4747 19.4546 6.16
    endloop
  endfacet
  facet normal -0.659316 0.751866 0
    outer loop
      vertex 39.7299 -18.7299 6.16
      vertex 39.4545 -18.9714 28.15
      vertex 39.7299 -18.7299 28.15
    endloop
  endfacet
  facet normal -0.659316 0.751866 0
    outer loop
      vertex 39.4545 -18.9714 28.15
      vertex 39.7299 -18.7299 6.16
      vertex 39.4545 -18.9714 6.16
    endloop
  endfacet
  facet normal -0.659316 0.751866 0
    outer loop
      vertex 39.7299 -18.7299 29.35
      vertex 39.4545 -18.9714 34.14
      vertex 39.7299 -18.7299 34.14
    endloop
  endfacet
  facet normal -0.659316 0.751866 0
    outer loop
      vertex 39.4545 -18.9714 34.14
      vertex 39.7299 -18.7299 29.35
      vertex 39.4545 -18.9714 29.35
    endloop
  endfacet
  facet normal 0 -1 0
    outer loop
      vertex -37.75 19.55 6.16
      vertex 37.75 19.55 34.14
      vertex -37.75 19.55 34.14
    endloop
  endfacet
  facet normal 0 -1 -0
    outer loop
      vertex 37.75 19.55 34.14
      vertex -37.75 19.55 6.16
      vertex 37.75 19.55 6.16
    endloop
  endfacet
  facet normal 0.0655224 0.997851 -0
    outer loop
      vertex -37.75 -19.55 6.16
      vertex -38.1155 -19.526 28.15
      vertex -37.75 -19.55 28.15
    endloop
  endfacet
  facet normal 0.0655224 0.997851 0
    outer loop
      vertex -38.1155 -19.526 28.15
      vertex -37.75 -19.55 6.16
      vertex -38.1155 -19.526 6.16
    endloop
  endfacet
  facet normal 0.0655224 0.997851 -0
    outer loop
      vertex -37.75 -19.55 29.35
      vertex -38.1155 -19.526 34.14
      vertex -37.75 -19.55 34.14
    endloop
  endfacet
  facet normal 0.0655224 0.997851 0
    outer loop
      vertex -38.1155 -19.526 34.14
      vertex -37.75 -19.55 29.35
      vertex -38.1155 -19.526 29.35
    endloop
  endfacet
  facet normal 1 -0 0
    outer loop
      vertex -40.55 -16.75 34.14
      vertex -40.55 16.75 6.16
      vertex -40.55 16.75 34.14
    endloop
  endfacet
  facet normal 1 0 0
    outer loop
      vertex -40.55 16.75 6.16
      vertex -40.55 -16.75 34.14
      vertex -40.55 -16.75 6.16
    endloop
  endfacet
  facet normal 0.946949 -0.321384 0
    outer loop
      vertex -40.4546 17.4747 34.14
      vertex -40.3369 17.8215 6.16
      vertex -40.3369 17.8215 34.14
    endloop
  endfacet
  facet normal 0.946949 -0.321384 0
    outer loop
      vertex -40.3369 17.8215 6.16
      vertex -40.4546 17.4747 34.14
      vertex -40.4546 17.4747 6.16
    endloop
  endfacet
  facet normal 0 0 1
    outer loop
      vertex 37.75 19.55 6.16
      vertex 40.55 16.75 6.16
      vertex 40.526 17.1155 6.16
    endloop
  endfacet
  facet normal 0 0 1
    outer loop
      vertex 40.55 16.75 6.16
      vertex 37.75 19.55 6.16
      vertex 40.55 -16.75 6.16
    endloop
  endfacet
  facet normal 0 0 1
    outer loop
      vertex 37.75 19.55 6.16
      vertex 40.526 17.1155 6.16
      vertex 40.4546 17.4747 6.16
    endloop
  endfacet
  facet normal 0 0 1
    outer loop
      vertex 37.75 -19.55 6.16
      vertex 40.55 -16.75 6.16
      vertex 37.75 19.55 6.16
    endloop
  endfacet
  facet normal 0 0 1
    outer loop
      vertex 37.75 19.55 6.16
      vertex 40.4546 17.4747 6.16
      vertex 40.3369 17.8215 6.16
    endloop
  endfacet
  facet normal 0 0 1
    outer loop
      vertex 40.55 -16.75 6.16
      vertex 37.75 -19.55 6.16
      vertex 40.526 -17.1155 6.16
    endloop
  endfacet
  facet normal 0 0 1
    outer loop
      vertex 37.75 19.55 6.16
      vertex 40.3369 17.8215 6.16
      vertex 40.1749 18.15 6.16
    endloop
  endfacet
  facet normal 0 0 1
    outer loop
      vertex 40.526 -17.1155 6.16
      vertex 37.75 -19.55 6.16
      vertex 40.4546 -17.4747 6.16
    endloop
  endfacet
  facet normal 0 0 1
    outer loop
      vertex 37.75 19.55 6.16
      vertex 40.1749 18.15 6.16
      vertex 39.9714 18.4545 6.16
    endloop
  endfacet
  facet normal 0 0 1
    outer loop
      vertex 40.4546 -17.4747 6.16
      vertex 37.75 -19.55 6.16
      vertex 40.3369 -17.8215 6.16
    endloop
  endfacet
  facet normal 0 0 1
    outer loop
      vertex 37.75 19.55 6.16
      vertex 39.9714 18.4545 6.16
      vertex 39.7299 18.7299 6.16
    endloop
  endfacet
  facet normal 0 0 1
    outer loop
      vertex 40.3369 -17.8215 6.16
      vertex 37.75 -19.55 6.16
      vertex 40.1749 -18.15 6.16
    endloop
  endfacet
  facet normal 0 0 1
    outer loop
      vertex 37.75 19.55 6.16
      vertex 39.7299 18.7299 6.16
      vertex 39.4545 18.9714 6.16
    endloop
  endfacet
  facet normal 0 0 1
    outer loop
      vertex 40.1749 -18.15 6.16
      vertex 37.75 -19.55 6.16
      vertex 39.9714 -18.4545 6.16
    endloop
  endfacet
  facet normal 0 0 1
    outer loop
      vertex 37.75 19.55 6.16
      vertex 39.4545 18.9714 6.16
      vertex 39.15 19.1749 6.16
    endloop
  endfacet
  facet normal 0 0 1
    outer loop
      vertex 39.9714 -18.4545 6.16
      vertex 37.75 -19.55 6.16
      vertex 39.7299 -18.7299 6.16
    endloop
  endfacet
  facet normal 0 0 1
    outer loop
      vertex 37.75 19.55 6.16
      vertex 39.15 19.1749 6.16
      vertex 38.8215 19.3369 6.16
    endloop
  endfacet
  facet normal 0 0 1
    outer loop
      vertex 39.7299 -18.7299 6.16
      vertex 37.75 -19.55 6.16
      vertex 39.4545 -18.9714 6.16
    endloop
  endfacet
  facet normal 0 0 1
    outer loop
      vertex 37.75 19.55 6.16
      vertex 38.8215 19.3369 6.16
      vertex 38.4747 19.4546 6.16
    endloop
  endfacet
  facet normal 0 0 1
    outer loop
      vertex 39.4545 -18.9714 6.16
      vertex 37.75 -19.55 6.16
      vertex 39.15 -19.1749 6.16
    endloop
  endfacet
  facet normal 0 0 1
    outer loop
      vertex 37.75 19.55 6.16
      vertex 38.4747 19.4546 6.16
      vertex 38.1155 19.526 6.16
    endloop
  endfacet
  facet normal 0 0 1
    outer loop
      vertex 39.15 -19.1749 6.16
      vertex 37.75 -19.55 6.16
      vertex 38.8215 -19.3369 6.16
    endloop
  endfacet
  facet normal 0 0 1
    outer loop
      vertex 38.8215 -19.3369 6.16
      vertex 37.75 -19.55 6.16
      vertex 38.4747 -19.4546 6.16
    endloop
  endfacet
  facet normal 0 0 1
    outer loop
      vertex 38.4747 -19.4546 6.16
      vertex 37.75 -19.55 6.16
      vertex 38.1155 -19.526 6.16
    endloop
  endfacet
  facet normal 0 0 1
    outer loop
      vertex 37.75 19.55 6.16
      vertex 0.599999 19.55 6.16
      vertex 37.75 -19.55 6.16
    endloop
  endfacet
  facet normal 0 0 0
    outer loop
      vertex 37.75 19.55 6.16
      vertex -0.599999 19.55 6.16
      vertex 0.599999 19.55 6.16
    endloop
  endfacet
  facet normal 0 0 1
    outer loop
      vertex -0.599999 19.55 6.16
      vertex -37.75 19.55 6.16
      vertex -0.599999 -19.55 6.16
    endloop
  endfacet
  facet normal 0 0 0
    outer loop
      vertex -37.75 19.55 6.16
      vertex -0.599999 19.55 6.16
      vertex 37.75 19.55 6.16
    endloop
  endfacet
  facet normal 0 0 1
    outer loop
      vertex 0.599999 -19.55 6.16
      vertex 37.75 -19.55 6.16
      vertex 0.599999 19.55 6.16
    endloop
  endfacet
  facet normal 0 0 0
    outer loop
      vertex -0.599999 -19.55 6.16
      vertex 37.75 -19.55 6.16
      vertex 0.599999 -19.55 6.16
    endloop
  endfacet
  facet normal 0 0 -0
    outer loop
      vertex -0.599999 -19.55 6.16
      vertex -37.75 -19.55 6.16
      vertex 37.75 -19.55 6.16
    endloop
  endfacet
  facet normal 0 0 1
    outer loop
      vertex -37.75 19.55 6.16
      vertex -37.75 -19.55 6.16
      vertex -0.599999 -19.55 6.16
    endloop
  endfacet
  facet normal 0 0 1
    outer loop
      vertex -40.55 16.75 6.16
      vertex -37.75 19.55 6.16
      vertex -38.1155 19.526 6.16
    endloop
  endfacet
  facet normal 0 0 1
    outer loop
      vertex -37.75 19.55 6.16
      vertex -40.55 16.75 6.16
      vertex -37.75 -19.55 6.16
    endloop
  endfacet
  facet normal 0 0 1
    outer loop
      vertex -40.55 16.75 6.16
      vertex -38.1155 19.526 6.16
      vertex -38.4747 19.4546 6.16
    endloop
  endfacet
  facet normal -0 0 1
    outer loop
      vertex -40.55 -16.75 6.16
      vertex -37.75 -19.55 6.16
      vertex -40.55 16.75 6.16
    endloop
  endfacet
  facet normal 0 0 1
    outer loop
      vertex -40.55 16.75 6.16
      vertex -38.4747 19.4546 6.16
      vertex -38.8215 19.3369 6.16
    endloop
  endfacet
  facet normal 0 0 1
    outer loop
      vertex -37.75 -19.55 6.16
      vertex -40.55 -16.75 6.16
      vertex -38.1155 -19.526 6.16
    endloop
  endfacet
  facet normal 0 0 1
    outer loop
      vertex -40.55 16.75 6.16
      vertex -38.8215 19.3369 6.16
      vertex -39.15 19.1749 6.16
    endloop
  endfacet
  facet normal 0 0 1
    outer loop
      vertex -38.1155 -19.526 6.16
      vertex -40.55 -16.75 6.16
      vertex -38.4747 -19.4546 6.16
    endloop
  endfacet
  facet normal 0 0 1
    outer loop
      vertex -40.55 16.75 6.16
      vertex -39.15 19.1749 6.16
      vertex -39.4545 18.9714 6.16
    endloop
  endfacet
  facet normal 0 0 1
    outer loop
      vertex -38.4747 -19.4546 6.16
      vertex -40.55 -16.75 6.16
      vertex -38.8215 -19.3369 6.16
    endloop
  endfacet
  facet normal 0 0 1
    outer loop
      vertex -40.55 16.75 6.16
      vertex -39.4545 18.9714 6.16
      vertex -39.7299 18.7299 6.16
    endloop
  endfacet
  facet normal 0 0 1
    outer loop
      vertex -38.8215 -19.3369 6.16
      vertex -40.55 -16.75 6.16
      vertex -39.15 -19.1749 6.16
    endloop
  endfacet
  facet normal 0 0 1
    outer loop
      vertex -40.55 16.75 6.16
      vertex -39.7299 18.7299 6.16
      vertex -39.9714 18.4545 6.16
    endloop
  endfacet
  facet normal 0 0 1
    outer loop
      vertex -39.15 -19.1749 6.16
      vertex -40.55 -16.75 6.16
      vertex -39.4545 -18.9714 6.16
    endloop
  endfacet
  facet normal 0 0 1
    outer loop
      vertex -40.55 16.75 6.16
      vertex -39.9714 18.4545 6.16
      vertex -40.1749 18.15 6.16
    endloop
  endfacet
  facet normal 0 0 1
    outer loop
      vertex -39.4545 -18.9714 6.16
      vertex -40.55 -16.75 6.16
      vertex -39.7299 -18.7299 6.16
    endloop
  endfacet
  facet normal 0 0 1
    outer loop
      vertex -40.55 16.75 6.16
      vertex -40.1749 18.15 6.16
      vertex -40.3369 17.8215 6.16
    endloop
  endfacet
  facet normal 0 0 1
    outer loop
      vertex -39.7299 -18.7299 6.16
      vertex -40.55 -16.75 6.16
      vertex -39.9714 -18.4545 6.16
    endloop
  endfacet
  facet normal 0 0 1
    outer loop
      vertex -40.55 16.75 6.16
      vertex -40.3369 17.8215 6.16
      vertex -40.4546 17.4747 6.16
    endloop
  endfacet
  facet normal 0 0 1
    outer loop
      vertex -39.9714 -18.4545 6.16
      vertex -40.55 -16.75 6.16
      vertex -40.1749 -18.15 6.16
    endloop
  endfacet
  facet normal 0 0 1
    outer loop
      vertex -40.55 16.75 6.16
      vertex -40.4546 17.4747 6.16
      vertex -40.526 17.1155 6.16
    endloop
  endfacet
  facet normal 0 0 1
    outer loop
      vertex -40.1749 -18.15 6.16
      vertex -40.55 -16.75 6.16
      vertex -40.3369 -17.8215 6.16
    endloop
  endfacet
  facet normal 0 0 1
    outer loop
      vertex -40.3369 -17.8215 6.16
      vertex -40.55 -16.75 6.16
      vertex -40.4546 -17.4747 6.16
    endloop
  endfacet
  facet normal 0 0 1
    outer loop
      vertex -40.4546 -17.4747 6.16
      vertex -40.55 -16.75 6.16
      vertex -40.526 -17.1155 6.16
    endloop
  endfacet
  facet normal 0.555645 -0.83142 0
    outer loop
      vertex -39.4545 18.9714 6.16
      vertex -39.15 19.1749 34.14
      vertex -39.4545 18.9714 34.14
    endloop
  endfacet
  facet normal 0.555645 -0.83142 0
    outer loop
      vertex -39.15 19.1749 34.14
      vertex -39.4545 18.9714 6.16
      vertex -39.15 19.1749 6.16
    endloop
  endfacet
  facet normal 0.659316 -0.751866 0
    outer loop
      vertex -39.7299 18.7299 6.16
      vertex -39.4545 18.9714 34.14
      vertex -39.7299 18.7299 34.14
    endloop
  endfacet
  facet normal 0.659316 -0.751866 0
    outer loop
      vertex -39.4545 18.9714 34.14
      vertex -39.7299 18.7299 6.16
      vertex -39.4545 18.9714 6.16
    endloop
  endfacet
  facet normal 0.321384 0.946949 -0
    outer loop
      vertex -38.4747 -19.4546 6.16
      vertex -38.8215 -19.3369 28.15
      vertex -38.4747 -19.4546 28.15
    endloop
  endfacet
  facet normal 0.321384 0.946949 0
    outer loop
      vertex -38.8215 -19.3369 28.15
      vertex -38.4747 -19.4546 6.16
      vertex -38.8215 -19.3369 6.16
    endloop
  endfacet
  facet normal 0.321384 0.946949 -0
    outer loop
      vertex -38.4747 -19.4546 29.35
      vertex -38.8215 -19.3369 34.14
      vertex -38.4747 -19.4546 34.14
    endloop
  endfacet
  facet normal 0.321384 0.946949 0
    outer loop
      vertex -38.8215 -19.3369 34.14
      vertex -38.4747 -19.4546 29.35
      vertex -38.8215 -19.3369 29.35
    endloop
  endfacet
  facet normal -0.946949 0.321384 0
    outer loop
      vertex 40.3369 -17.8215 6.16
      vertex 40.4546 -17.4747 28.15
      vertex 40.4546 -17.4747 6.16
    endloop
  endfacet
  facet normal -0.946949 0.321384 0
    outer loop
      vertex 40.4546 -17.4747 28.15
      vertex 40.3369 -17.8215 6.16
      vertex 40.3369 -17.8215 28.15
    endloop
  endfacet
  facet normal -0.946949 0.321384 0
    outer loop
      vertex 40.3369 -17.8215 29.35
      vertex 40.4546 -17.4747 34.14
      vertex 40.4546 -17.4747 29.35
    endloop
  endfacet
  facet normal -0.946949 0.321384 0
    outer loop
      vertex 40.4546 -17.4747 34.14
      vertex 40.3369 -17.8215 29.35
      vertex 40.3369 -17.8215 34.14
    endloop
  endfacet
  facet normal 0.997851 -0.0655224 0
    outer loop
      vertex -40.55 16.75 34.14
      vertex -40.526 17.1155 6.16
      vertex -40.526 17.1155 34.14
    endloop
  endfacet
  facet normal 0.997851 -0.0655224 0
    outer loop
      vertex -40.526 17.1155 6.16
      vertex -40.55 16.75 34.14
      vertex -40.55 16.75 6.16
    endloop
  endfacet
  facet normal -0.83142 -0.555645 0
    outer loop
      vertex 40.1749 18.15 6.16
      vertex 39.9714 18.4545 34.14
      vertex 39.9714 18.4545 6.16
    endloop
  endfacet
  facet normal -0.83142 -0.555645 0
    outer loop
      vertex 39.9714 18.4545 34.14
      vertex 40.1749 18.15 6.16
      vertex 40.1749 18.15 34.14
    endloop
  endfacet
  facet normal -0.896871 -0.442292 0
    outer loop
      vertex 40.3369 17.8215 6.16
      vertex 40.1749 18.15 34.14
      vertex 40.1749 18.15 6.16
    endloop
  endfacet
  facet normal -0.896871 -0.442292 0
    outer loop
      vertex 40.1749 18.15 34.14
      vertex 40.3369 17.8215 6.16
      vertex 40.3369 17.8215 34.14
    endloop
  endfacet
  facet normal -0.896871 0.442292 0
    outer loop
      vertex 40.1749 -18.15 6.16
      vertex 40.3369 -17.8215 28.15
      vertex 40.3369 -17.8215 6.16
    endloop
  endfacet
  facet normal -0.896871 0.442292 0
    outer loop
      vertex 40.3369 -17.8215 28.15
      vertex 40.1749 -18.15 6.16
      vertex 40.1749 -18.15 28.15
    endloop
  endfacet
  facet normal -0.896871 0.442292 0
    outer loop
      vertex 40.1749 -18.15 29.35
      vertex 40.3369 -17.8215 34.14
      vertex 40.3369 -17.8215 29.35
    endloop
  endfacet
  facet normal -0.896871 0.442292 0
    outer loop
      vertex 40.3369 -17.8215 34.14
      vertex 40.1749 -18.15 29.35
      vertex 40.1749 -18.15 34.14
    endloop
  endfacet
  facet normal 0.194961 0.980811 -0
    outer loop
      vertex -38.1155 -19.526 6.16
      vertex -38.4747 -19.4546 28.15
      vertex -38.1155 -19.526 28.15
    endloop
  endfacet
  facet normal 0.194961 0.980811 0
    outer loop
      vertex -38.4747 -19.4546 28.15
      vertex -38.1155 -19.526 6.16
      vertex -38.4747 -19.4546 6.16
    endloop
  endfacet
  facet normal 0.194961 0.980811 -0
    outer loop
      vertex -38.1155 -19.526 29.35
      vertex -38.4747 -19.4546 34.14
      vertex -38.1155 -19.526 34.14
    endloop
  endfacet
  facet normal 0.194961 0.980811 0
    outer loop
      vertex -38.4747 -19.4546 34.14
      vertex -38.1155 -19.526 29.35
      vertex -38.4747 -19.4546 29.35
    endloop
  endfacet
  facet normal 0.896871 -0.442292 0
    outer loop
      vertex -40.3369 17.8215 34.14
      vertex -40.1749 18.15 6.16
      vertex -40.1749 18.15 34.14
    endloop
  endfacet
  facet normal 0.896871 -0.442292 0
    outer loop
      vertex -40.1749 18.15 6.16
      vertex -40.3369 17.8215 34.14
      vertex -40.3369 17.8215 6.16
    endloop
  endfacet
  facet normal 0.0655224 -0.997851 0
    outer loop
      vertex -38.1155 19.526 6.16
      vertex -37.75 19.55 34.14
      vertex -38.1155 19.526 34.14
    endloop
  endfacet
  facet normal 0.0655224 -0.997851 0
    outer loop
      vertex -37.75 19.55 34.14
      vertex -38.1155 19.526 6.16
      vertex -37.75 19.55 6.16
    endloop
  endfacet
  facet normal 0.194961 -0.980811 0
    outer loop
      vertex -38.4747 19.4546 6.16
      vertex -38.1155 19.526 34.14
      vertex -38.4747 19.4546 34.14
    endloop
  endfacet
  facet normal 0.194961 -0.980811 0
    outer loop
      vertex -38.1155 19.526 34.14
      vertex -38.4747 19.4546 6.16
      vertex -38.1155 19.526 6.16
    endloop
  endfacet
  facet normal -0.997851 -0.0655224 0
    outer loop
      vertex 40.55 16.75 6.16
      vertex 40.526 17.1155 34.14
      vertex 40.526 17.1155 6.16
    endloop
  endfacet
  facet normal -0.997851 -0.0655224 0
    outer loop
      vertex 40.526 17.1155 34.14
      vertex 40.55 16.75 6.16
      vertex 40.55 16.75 34.14
    endloop
  endfacet
  facet normal -0.321384 -0.946949 0
    outer loop
      vertex 38.4747 19.4546 6.16
      vertex 38.8215 19.3369 34.14
      vertex 38.4747 19.4546 34.14
    endloop
  endfacet
  facet normal -0.321384 -0.946949 -0
    outer loop
      vertex 38.8215 19.3369 34.14
      vertex 38.4747 19.4546 6.16
      vertex 38.8215 19.3369 6.16
    endloop
  endfacet
  facet normal -0.442292 -0.896871 0
    outer loop
      vertex 38.8215 19.3369 6.16
      vertex 39.15 19.1749 34.14
      vertex 38.8215 19.3369 34.14
    endloop
  endfacet
  facet normal -0.442292 -0.896871 -0
    outer loop
      vertex 39.15 19.1749 34.14
      vertex 38.8215 19.3369 6.16
      vertex 39.15 19.1749 6.16
    endloop
  endfacet
  facet normal -0.946949 -0.321384 0
    outer loop
      vertex 40.4546 17.4747 6.16
      vertex 40.3369 17.8215 34.14
      vertex 40.3369 17.8215 6.16
    endloop
  endfacet
  facet normal -0.946949 -0.321384 0
    outer loop
      vertex 40.3369 17.8215 34.14
      vertex 40.4546 17.4747 6.16
      vertex 40.4546 17.4747 34.14
    endloop
  endfacet
  facet normal -0.0655224 -0.997851 0
    outer loop
      vertex 37.75 19.55 6.16
      vertex 38.1155 19.526 34.14
      vertex 37.75 19.55 34.14
    endloop
  endfacet
  facet normal -0.0655224 -0.997851 -0
    outer loop
      vertex 38.1155 19.526 34.14
      vertex 37.75 19.55 6.16
      vertex 38.1155 19.526 6.16
    endloop
  endfacet
  facet normal -0.980811 -0.194961 0
    outer loop
      vertex 40.526 17.1155 6.16
      vertex 40.4546 17.4747 34.14
      vertex 40.4546 17.4747 6.16
    endloop
  endfacet
  facet normal -0.980811 -0.194961 0
    outer loop
      vertex 40.4546 17.4747 34.14
      vertex 40.526 17.1155 6.16
      vertex 40.526 17.1155 34.14
    endloop
  endfacet
  facet normal -0.194961 -0.980811 0
    outer loop
      vertex 38.1155 19.526 6.16
      vertex 38.4747 19.4546 34.14
      vertex 38.1155 19.526 34.14
    endloop
  endfacet
  facet normal -0.194961 -0.980811 -0
    outer loop
      vertex 38.4747 19.4546 34.14
      vertex 38.1155 19.526 6.16
      vertex 38.4747 19.4546 6.16
    endloop
  endfacet
  facet normal 0.980811 -0.194961 0
    outer loop
      vertex -40.526 17.1155 34.14
      vertex -40.4546 17.4747 6.16
      vertex -40.4546 17.4747 34.14
    endloop
  endfacet
  facet normal 0.980811 -0.194961 0
    outer loop
      vertex -40.4546 17.4747 6.16
      vertex -40.526 17.1155 34.14
      vertex -40.526 17.1155 6.16
    endloop
  endfacet
  facet normal 0.896871 0.442292 0
    outer loop
      vertex -40.1749 -18.15 28.15
      vertex -40.3369 -17.8215 6.16
      vertex -40.3369 -17.8215 28.15
    endloop
  endfacet
  facet normal 0.896871 0.442292 0
    outer loop
      vertex -40.3369 -17.8215 6.16
      vertex -40.1749 -18.15 28.15
      vertex -40.1749 -18.15 6.16
    endloop
  endfacet
  facet normal 0.896871 0.442292 0
    outer loop
      vertex -40.1749 -18.15 34.14
      vertex -40.3369 -17.8215 29.35
      vertex -40.3369 -17.8215 34.14
    endloop
  endfacet
  facet normal 0.896871 0.442292 0
    outer loop
      vertex -40.3369 -17.8215 29.35
      vertex -40.1749 -18.15 34.14
      vertex -40.1749 -18.15 29.35
    endloop
  endfacet
  facet normal 1 0 0
    outer loop
      vertex -40.55 -16.75 34.14
      vertex -40.55 -16.7501 29.35
      vertex -40.55 -16.75 6.16
    endloop
  endfacet
  facet normal 0.997851 0.0655224 -1.3679e-06
    outer loop
      vertex -40.526 -17.1155 34.14
      vertex -40.55 -16.7501 29.35
      vertex -40.55 -16.75 34.14
    endloop
  endfacet
  facet normal 0.99785 0.0655402 0
    outer loop
      vertex -40.55 -16.7501 29.35
      vertex -40.526 -17.1155 34.14
      vertex -40.526 -17.1155 29.35
    endloop
  endfacet
  facet normal 1 -0 0
    outer loop
      vertex -40.55 -16.7501 28.15
      vertex -40.55 -16.75 6.16
      vertex -40.55 -16.7501 29.35
    endloop
  endfacet
  facet normal 0.99785 0.0655402 2.98046e-07
    outer loop
      vertex -40.526 -17.1155 28.15
      vertex -40.55 -16.75 6.16
      vertex -40.55 -16.7501 28.15
    endloop
  endfacet
  facet normal 0.997851 0.0655224 0
    outer loop
      vertex -40.55 -16.75 6.16
      vertex -40.526 -17.1155 28.15
      vertex -40.526 -17.1155 6.16
    endloop
  endfacet
  facet normal 0.83142 0.555645 0
    outer loop
      vertex -39.9714 -18.4545 28.15
      vertex -40.1749 -18.15 6.16
      vertex -40.1749 -18.15 28.15
    endloop
  endfacet
  facet normal 0.83142 0.555645 0
    outer loop
      vertex -40.1749 -18.15 6.16
      vertex -39.9714 -18.4545 28.15
      vertex -39.9714 -18.4545 6.16
    endloop
  endfacet
  facet normal 0.83142 0.555645 0
    outer loop
      vertex -39.9714 -18.4545 34.14
      vertex -40.1749 -18.15 29.35
      vertex -40.1749 -18.15 34.14
    endloop
  endfacet
  facet normal 0.83142 0.555645 0
    outer loop
      vertex -40.1749 -18.15 29.35
      vertex -39.9714 -18.4545 34.14
      vertex -39.9714 -18.4545 29.35
    endloop
  endfacet
  facet normal 0.659316 0.751866 -0
    outer loop
      vertex -39.4545 -18.9714 6.16
      vertex -39.7299 -18.7299 28.15
      vertex -39.4545 -18.9714 28.15
    endloop
  endfacet
  facet normal 0.659316 0.751866 0
    outer loop
      vertex -39.7299 -18.7299 28.15
      vertex -39.4545 -18.9714 6.16
      vertex -39.7299 -18.7299 6.16
    endloop
  endfacet
  facet normal 0.659316 0.751866 -0
    outer loop
      vertex -39.4545 -18.9714 29.35
      vertex -39.7299 -18.7299 34.14
      vertex -39.4545 -18.9714 34.14
    endloop
  endfacet
  facet normal 0.659316 0.751866 0
    outer loop
      vertex -39.7299 -18.7299 34.14
      vertex -39.4545 -18.9714 29.35
      vertex -39.7299 -18.7299 29.35
    endloop
  endfacet
  facet normal -0.659316 -0.751866 0
    outer loop
      vertex 39.4545 18.9714 6.16
      vertex 39.7299 18.7299 34.14
      vertex 39.4545 18.9714 34.14
    endloop
  endfacet
  facet normal -0.659316 -0.751866 -0
    outer loop
      vertex 39.7299 18.7299 34.14
      vertex 39.4545 18.9714 6.16
      vertex 39.7299 18.7299 6.16
    endloop
  endfacet
  facet normal -0.555645 -0.83142 0
    outer loop
      vertex 39.15 19.1749 6.16
      vertex 39.4545 18.9714 34.14
      vertex 39.15 19.1749 34.14
    endloop
  endfacet
  facet normal -0.555645 -0.83142 -0
    outer loop
      vertex 39.4545 18.9714 34.14
      vertex 39.15 19.1749 6.16
      vertex 39.4545 18.9714 6.16
    endloop
  endfacet
  facet normal -0.83142 0.555645 0
    outer loop
      vertex 39.9714 -18.4545 6.16
      vertex 40.1749 -18.15 28.15
      vertex 40.1749 -18.15 6.16
    endloop
  endfacet
  facet normal -0.83142 0.555645 0
    outer loop
      vertex 40.1749 -18.15 28.15
      vertex 39.9714 -18.4545 6.16
      vertex 39.9714 -18.4545 28.15
    endloop
  endfacet
  facet normal -0.83142 0.555645 0
    outer loop
      vertex 39.9714 -18.4545 29.35
      vertex 40.1749 -18.15 34.14
      vertex 40.1749 -18.15 29.35
    endloop
  endfacet
  facet normal -0.83142 0.555645 0
    outer loop
      vertex 40.1749 -18.15 34.14
      vertex 39.9714 -18.4545 29.35
      vertex 39.9714 -18.4545 34.14
    endloop
  endfacet
  facet normal -1 0 0
    outer loop
      vertex 40.55 -16.75 6.16
      vertex 40.55 -16.7501 28.15
      vertex 40.55 -16.75 34.14
    endloop
  endfacet
  facet normal -0.997851 0.0655224 2.97964e-07
    outer loop
      vertex 40.526 -17.1155 6.16
      vertex 40.55 -16.7501 28.15
      vertex 40.55 -16.75 6.16
    endloop
  endfacet
  facet normal -0.99785 0.0655402 0
    outer loop
      vertex 40.55 -16.7501 28.15
      vertex 40.526 -17.1155 6.16
      vertex 40.526 -17.1155 28.15
    endloop
  endfacet
  facet normal -1 0 0
    outer loop
      vertex 40.55 -16.7501 29.35
      vertex 40.55 -16.75 34.14
      vertex 40.55 -16.7501 28.15
    endloop
  endfacet
  facet normal -0.99785 0.0655402 -1.36827e-06
    outer loop
      vertex 40.526 -17.1155 29.35
      vertex 40.55 -16.75 34.14
      vertex 40.55 -16.7501 29.35
    endloop
  endfacet
  facet normal -0.997851 0.0655224 0
    outer loop
      vertex 40.55 -16.75 34.14
      vertex 40.526 -17.1155 29.35
      vertex 40.526 -17.1155 34.14
    endloop
  endfacet
  facet normal -0.980811 0.194961 0
    outer loop
      vertex 40.4546 -17.4747 6.16
      vertex 40.526 -17.1155 28.15
      vertex 40.526 -17.1155 6.16
    endloop
  endfacet
  facet normal -0.980811 0.194961 0
    outer loop
      vertex 40.526 -17.1155 28.15
      vertex 40.4546 -17.4747 6.16
      vertex 40.4546 -17.4747 28.15
    endloop
  endfacet
  facet normal -0.980811 0.194961 0
    outer loop
      vertex 40.4546 -17.4747 29.35
      vertex 40.526 -17.1155 34.14
      vertex 40.526 -17.1155 29.35
    endloop
  endfacet
  facet normal -0.980811 0.194961 0
    outer loop
      vertex 40.526 -17.1155 34.14
      vertex 40.4546 -17.4747 29.35
      vertex 40.4546 -17.4747 34.14
    endloop
  endfacet
  facet normal 0.980811 0.194961 0
    outer loop
      vertex -40.4546 -17.4747 28.15
      vertex -40.526 -17.1155 6.16
      vertex -40.526 -17.1155 28.15
    endloop
  endfacet
  facet normal 0.980811 0.194961 0
    outer loop
      vertex -40.526 -17.1155 6.16
      vertex -40.4546 -17.4747 28.15
      vertex -40.4546 -17.4747 6.16
    endloop
  endfacet
  facet normal 0.980811 0.194961 0
    outer loop
      vertex -40.4546 -17.4747 34.14
      vertex -40.526 -17.1155 29.35
      vertex -40.526 -17.1155 34.14
    endloop
  endfacet
  facet normal 0.980811 0.194961 0
    outer loop
      vertex -40.526 -17.1155 29.35
      vertex -40.4546 -17.4747 34.14
      vertex -40.4546 -17.4747 29.35
    endloop
  endfacet
  facet normal 1 0 0
    outer loop
      vertex 0.599999 -13.56 28.15
      vertex 0.599999 19.55 34.15
      vertex 0.599999 -13.56 29.35
    endloop
  endfacet
  facet normal 1 -0 0
    outer loop
      vertex 0.599999 -19.55 34.15
      vertex 0.599999 -13.56 29.35
      vertex 0.599999 19.55 34.15
    endloop
  endfacet
  facet normal 1 0 0
    outer loop
      vertex 0.599999 -13.56 29.35
      vertex 0.599999 -19.55 34.15
      vertex 0.599999 -19.55 29.35
    endloop
  endfacet
  facet normal 1 0 0
    outer loop
      vertex 0.599999 19.55 34.15
      vertex 0.599999 -13.56 28.15
      vertex 0.599999 19.55 6.16
    endloop
  endfacet
  facet normal 1 0 0
    outer loop
      vertex 0.599999 -19.55 6.16
      vertex 0.599999 -13.56 28.15
      vertex 0.599999 -19.55 28.15
    endloop
  endfacet
  facet normal 1 0 0
    outer loop
      vertex 0.599999 -13.56 28.15
      vertex 0.599999 -19.55 6.16
      vertex 0.599999 19.55 6.16
    endloop
  endfacet
  facet normal -0 0 1
    outer loop
      vertex -0.599999 19.55 34.15
      vertex 0.599999 -19.55 34.15
      vertex 0.599999 19.55 34.15
    endloop
  endfacet
  facet normal 0 0 1
    outer loop
      vertex 0.599999 -19.55 34.15
      vertex -0.599999 19.55 34.15
      vertex -0.599999 -19.55 34.15
    endloop
  endfacet
  facet normal -1 0 0
    outer loop
      vertex -0.599999 19.55 6.16
      vertex -0.599999 -13.56 28.15
      vertex -0.599999 19.55 34.15
    endloop
  endfacet
  facet normal -1 0 0
    outer loop
      vertex -0.599999 -19.55 6.16
      vertex -0.599999 -13.56 28.15
      vertex -0.599999 19.55 6.16
    endloop
  endfacet
  facet normal -1 -0 0
    outer loop
      vertex -0.599999 -13.56 28.15
      vertex -0.599999 -19.55 6.16
      vertex -0.599999 -19.55 28.15
    endloop
  endfacet
  facet normal -1 0 0
    outer loop
      vertex -0.599999 -13.56 29.35
      vertex -0.599999 19.55 34.15
      vertex -0.599999 -13.56 28.15
    endloop
  endfacet
  facet normal -1 0 0
    outer loop
      vertex -0.599999 -19.55 34.15
      vertex -0.599999 -13.56 29.35
      vertex -0.599999 -19.55 29.35
    endloop
  endfacet
  facet normal -1 0 0
    outer loop
      vertex -0.599999 -13.56 29.35
      vertex -0.599999 -19.55 34.15
      vertex -0.599999 19.55 34.15
    endloop
  endfacet
  facet normal 0 1 -0
    outer loop
      vertex 0.599999 19.55 6.16
      vertex -0.599999 19.55 34.15
      vertex 0.599999 19.55 34.15
    endloop
  endfacet
  facet normal 0 1 0
    outer loop
      vertex -0.599999 19.55 34.15
      vertex 0.599999 19.55 6.16
      vertex -0.599999 19.55 6.16
    endloop
  endfacet
  facet normal 0 -1 0
    outer loop
      vertex -0.599999 -19.55 29.35
      vertex 0.599999 -19.55 34.15
      vertex -0.599999 -19.55 34.15
    endloop
  endfacet
  facet normal 0 -1 -0
    outer loop
      vertex 0.599999 -19.55 34.15
      vertex -0.599999 -19.55 29.35
      vertex 0.599999 -19.55 29.35
    endloop
  endfacet
  facet normal 0 -1 0
    outer loop
      vertex -0.599999 -19.55 6.16
      vertex 0.599999 -19.55 28.15
      vertex -0.599999 -19.55 28.15
    endloop
  endfacet
  facet normal 0 -1 -0
    outer loop
      vertex 0.599999 -19.55 28.15
      vertex -0.599999 -19.55 6.16
      vertex 0.599999 -19.55 6.16
    endloop
  endfacet
  facet normal 1 -0 0
    outer loop
      vertex 40.55 -16.7501 29.35
      vertex 40.55 -13.56 28.15
      vertex 40.55 -13.56 29.35
    endloop
  endfacet
  facet normal 1 0 0
    outer loop
      vertex 40.55 -13.56 28.15
      vertex 40.55 -16.7501 29.35
      vertex 40.55 -16.7501 28.15
    endloop
  endfacet
  facet normal 0 0 1
    outer loop
      vertex -0.599999 -13.56 29.35
      vertex -37.75 -19.55 29.35
      vertex -0.599999 -19.55 29.35
    endloop
  endfacet
  facet normal -0 0 1
    outer loop
      vertex -40.55 -13.56 29.35
      vertex -37.75 -19.55 29.35
      vertex -0.599999 -13.56 29.35
    endloop
  endfacet
  facet normal -0 0 1
    outer loop
      vertex -40.55 -16.7501 29.35
      vertex -37.75 -19.55 29.35
      vertex -40.55 -13.56 29.35
    endloop
  endfacet
  facet normal 0 0 1
    outer loop
      vertex -37.75 -19.55 29.35
      vertex -40.55 -16.7501 29.35
      vertex -38.1155 -19.526 29.35
    endloop
  endfacet
  facet normal 0 0 1
    outer loop
      vertex -38.1155 -19.526 29.35
      vertex -40.55 -16.7501 29.35
      vertex -38.4747 -19.4546 29.35
    endloop
  endfacet
  facet normal 0 0 1
    outer loop
      vertex -38.4747 -19.4546 29.35
      vertex -40.55 -16.7501 29.35
      vertex -38.8215 -19.3369 29.35
    endloop
  endfacet
  facet normal 0 0 1
    outer loop
      vertex -38.8215 -19.3369 29.35
      vertex -40.55 -16.7501 29.35
      vertex -39.15 -19.1749 29.35
    endloop
  endfacet
  facet normal 0 0 1
    outer loop
      vertex -39.15 -19.1749 29.35
      vertex -40.55 -16.7501 29.35
      vertex -39.4545 -18.9714 29.35
    endloop
  endfacet
  facet normal 0 0 1
    outer loop
      vertex -39.4545 -18.9714 29.35
      vertex -40.55 -16.7501 29.35
      vertex -39.7299 -18.7299 29.35
    endloop
  endfacet
  facet normal 0 0 1
    outer loop
      vertex -39.7299 -18.7299 29.35
      vertex -40.55 -16.7501 29.35
      vertex -39.9714 -18.4545 29.35
    endloop
  endfacet
  facet normal 0 0 1
    outer loop
      vertex -39.9714 -18.4545 29.35
      vertex -40.55 -16.7501 29.35
      vertex -40.1749 -18.15 29.35
    endloop
  endfacet
  facet normal 0 0 1
    outer loop
      vertex -40.1749 -18.15 29.35
      vertex -40.55 -16.7501 29.35
      vertex -40.3369 -17.8215 29.35
    endloop
  endfacet
  facet normal 0 0 1
    outer loop
      vertex -40.3369 -17.8215 29.35
      vertex -40.55 -16.7501 29.35
      vertex -40.4546 -17.4747 29.35
    endloop
  endfacet
  facet normal 0 0 1
    outer loop
      vertex -40.4546 -17.4747 29.35
      vertex -40.55 -16.7501 29.35
      vertex -40.526 -17.1155 29.35
    endloop
  endfacet
  facet normal 0 0 1
    outer loop
      vertex 37.75 -19.55 29.35
      vertex 40.55 -16.7501 29.35
      vertex 40.55 -13.56 29.35
    endloop
  endfacet
  facet normal 0 0 1
    outer loop
      vertex 40.55 -16.7501 29.35
      vertex 37.75 -19.55 29.35
      vertex 40.526 -17.1155 29.35
    endloop
  endfacet
  facet normal 0 0 1
    outer loop
      vertex 40.526 -17.1155 29.35
      vertex 37.75 -19.55 29.35
      vertex 40.4546 -17.4747 29.35
    endloop
  endfacet
  facet normal 0 0 1
    outer loop
      vertex 40.4546 -17.4747 29.35
      vertex 37.75 -19.55 29.35
      vertex 40.3369 -17.8215 29.35
    endloop
  endfacet
  facet normal 0 0 1
    outer loop
      vertex 40.3369 -17.8215 29.35
      vertex 37.75 -19.55 29.35
      vertex 40.1749 -18.15 29.35
    endloop
  endfacet
  facet normal 0 0 1
    outer loop
      vertex 40.1749 -18.15 29.35
      vertex 37.75 -19.55 29.35
      vertex 39.9714 -18.4545 29.35
    endloop
  endfacet
  facet normal 0 0 1
    outer loop
      vertex 39.9714 -18.4545 29.35
      vertex 37.75 -19.55 29.35
      vertex 39.7299 -18.7299 29.35
    endloop
  endfacet
  facet normal 0 0 1
    outer loop
      vertex 39.7299 -18.7299 29.35
      vertex 37.75 -19.55 29.35
      vertex 39.4545 -18.9714 29.35
    endloop
  endfacet
  facet normal 0 0 1
    outer loop
      vertex 39.4545 -18.9714 29.35
      vertex 37.75 -19.55 29.35
      vertex 39.15 -19.1749 29.35
    endloop
  endfacet
  facet normal 0 0 1
    outer loop
      vertex 39.15 -19.1749 29.35
      vertex 37.75 -19.55 29.35
      vertex 38.8215 -19.3369 29.35
    endloop
  endfacet
  facet normal 0 0 1
    outer loop
      vertex 38.8215 -19.3369 29.35
      vertex 37.75 -19.55 29.35
      vertex 38.4747 -19.4546 29.35
    endloop
  endfacet
  facet normal 0 0 1
    outer loop
      vertex 38.4747 -19.4546 29.35
      vertex 37.75 -19.55 29.35
      vertex 38.1155 -19.526 29.35
    endloop
  endfacet
  facet normal -0 0 1
    outer loop
      vertex 0.599999 -13.56 29.35
      vertex 37.75 -19.55 29.35
      vertex 40.55 -13.56 29.35
    endloop
  endfacet
  facet normal 0 0 1
    outer loop
      vertex 0.599999 -19.55 29.35
      vertex 37.75 -19.55 29.35
      vertex 0.599999 -13.56 29.35
    endloop
  endfacet
  facet normal 0 0 0
    outer loop
      vertex -0.599999 -19.55 29.35
      vertex 37.75 -19.55 29.35
      vertex 0.599999 -19.55 29.35
    endloop
  endfacet
  facet normal 0 0 0
    outer loop
      vertex 37.75 -19.55 29.35
      vertex -0.599999 -19.55 29.35
      vertex -37.75 -19.55 29.35
    endloop
  endfacet
  facet normal 0 0 0
    outer loop
      vertex 37.75 -19.55 28.15
      vertex -0.599999 -19.55 28.15
      vertex 0.599999 -19.55 28.15
    endloop
  endfacet
  facet normal 0 0 0
    outer loop
      vertex -37.75 -19.55 28.15
      vertex -0.599999 -19.55 28.15
      vertex 37.75 -19.55 28.15
    endloop
  endfacet
  facet normal 0 0 -1
    outer loop
      vertex -37.75 -19.55 28.15
      vertex -0.599999 -13.56 28.15
      vertex -0.599999 -19.55 28.15
    endloop
  endfacet
  facet normal 0 0 -1
    outer loop
      vertex -40.55 -16.7501 28.15
      vertex -37.75 -19.55 28.15
      vertex -38.1155 -19.526 28.15
    endloop
  endfacet
  facet normal 0 0 -1
    outer loop
      vertex -40.55 -16.7501 28.15
      vertex -38.1155 -19.526 28.15
      vertex -38.4747 -19.4546 28.15
    endloop
  endfacet
  facet normal 0 0 -1
    outer loop
      vertex -40.55 -16.7501 28.15
      vertex -38.4747 -19.4546 28.15
      vertex -38.8215 -19.3369 28.15
    endloop
  endfacet
  facet normal 0 0 -1
    outer loop
      vertex -40.55 -16.7501 28.15
      vertex -38.8215 -19.3369 28.15
      vertex -39.15 -19.1749 28.15
    endloop
  endfacet
  facet normal 0 0 -1
    outer loop
      vertex -40.55 -16.7501 28.15
      vertex -39.15 -19.1749 28.15
      vertex -39.4545 -18.9714 28.15
    endloop
  endfacet
  facet normal 0 0 -1
    outer loop
      vertex -40.55 -16.7501 28.15
      vertex -39.4545 -18.9714 28.15
      vertex -39.7299 -18.7299 28.15
    endloop
  endfacet
  facet normal 0 0 -1
    outer loop
      vertex -40.55 -16.7501 28.15
      vertex -39.7299 -18.7299 28.15
      vertex -39.9714 -18.4545 28.15
    endloop
  endfacet
  facet normal 0 0 -1
    outer loop
      vertex -40.55 -16.7501 28.15
      vertex -39.9714 -18.4545 28.15
      vertex -40.1749 -18.15 28.15
    endloop
  endfacet
  facet normal 0 0 -1
    outer loop
      vertex -40.55 -16.7501 28.15
      vertex -40.1749 -18.15 28.15
      vertex -40.3369 -17.8215 28.15
    endloop
  endfacet
  facet normal 0 0 -1
    outer loop
      vertex -40.55 -16.7501 28.15
      vertex -40.3369 -17.8215 28.15
      vertex -40.4546 -17.4747 28.15
    endloop
  endfacet
  facet normal 0 0 -1
    outer loop
      vertex -40.55 -16.7501 28.15
      vertex -40.4546 -17.4747 28.15
      vertex -40.526 -17.1155 28.15
    endloop
  endfacet
  facet normal 0 0 -1
    outer loop
      vertex -37.75 -19.55 28.15
      vertex -40.55 -16.7501 28.15
      vertex -40.55 -13.56 28.15
    endloop
  endfacet
  facet normal 0 0 -1
    outer loop
      vertex -37.75 -19.55 28.15
      vertex -40.55 -13.56 28.15
      vertex -0.599999 -13.56 28.15
    endloop
  endfacet
  facet normal 0 0 -1
    outer loop
      vertex 37.75 -19.55 28.15
      vertex 40.55 -16.7501 28.15
      vertex 40.526 -17.1155 28.15
    endloop
  endfacet
  facet normal 0 0 -1
    outer loop
      vertex 37.75 -19.55 28.15
      vertex 40.526 -17.1155 28.15
      vertex 40.4546 -17.4747 28.15
    endloop
  endfacet
  facet normal 0 0 -1
    outer loop
      vertex 37.75 -19.55 28.15
      vertex 40.4546 -17.4747 28.15
      vertex 40.3369 -17.8215 28.15
    endloop
  endfacet
  facet normal 0 0 -1
    outer loop
      vertex 37.75 -19.55 28.15
      vertex 40.3369 -17.8215 28.15
      vertex 40.1749 -18.15 28.15
    endloop
  endfacet
  facet normal 0 0 -1
    outer loop
      vertex 37.75 -19.55 28.15
      vertex 40.1749 -18.15 28.15
      vertex 39.9714 -18.4545 28.15
    endloop
  endfacet
  facet normal 0 0 -1
    outer loop
      vertex 37.75 -19.55 28.15
      vertex 39.9714 -18.4545 28.15
      vertex 39.7299 -18.7299 28.15
    endloop
  endfacet
  facet normal 0 0 -1
    outer loop
      vertex 37.75 -19.55 28.15
      vertex 39.7299 -18.7299 28.15
      vertex 39.4545 -18.9714 28.15
    endloop
  endfacet
  facet normal 0 0 -1
    outer loop
      vertex 37.75 -19.55 28.15
      vertex 39.4545 -18.9714 28.15
      vertex 39.15 -19.1749 28.15
    endloop
  endfacet
  facet normal 0 0 -1
    outer loop
      vertex 37.75 -19.55 28.15
      vertex 39.15 -19.1749 28.15
      vertex 38.8215 -19.3369 28.15
    endloop
  endfacet
  facet normal 0 0 -1
    outer loop
      vertex 37.75 -19.55 28.15
      vertex 38.8215 -19.3369 28.15
      vertex 38.4747 -19.4546 28.15
    endloop
  endfacet
  facet normal 0 0 -1
    outer loop
      vertex 37.75 -19.55 28.15
      vertex 38.4747 -19.4546 28.15
      vertex 38.1155 -19.526 28.15
    endloop
  endfacet
  facet normal -0 0 -1
    outer loop
      vertex 40.55 -16.7501 28.15
      vertex 37.75 -19.55 28.15
      vertex 40.55 -13.56 28.15
    endloop
  endfacet
  facet normal 0 0 -1
    outer loop
      vertex 0.599999 -13.56 28.15
      vertex 37.75 -19.55 28.15
      vertex 0.599999 -19.55 28.15
    endloop
  endfacet
  facet normal 0 0 -1
    outer loop
      vertex 37.75 -19.55 28.15
      vertex 0.599999 -13.56 28.15
      vertex 40.55 -13.56 28.15
    endloop
  endfacet
  facet normal -1 0 0
    outer loop
      vertex -40.55 -16.7501 28.15
      vertex -40.55 -13.56 29.35
      vertex -40.55 -13.56 28.15
    endloop
  endfacet
  facet normal -1 -0 0
    outer loop
      vertex -40.55 -13.56 29.35
      vertex -40.55 -16.7501 28.15
      vertex -40.55 -16.7501 29.35
    endloop
  endfacet
  facet normal 0 1 -0
    outer loop
      vertex -0.599999 -13.56 28.15
      vertex -40.55 -13.56 29.35
      vertex -0.599999 -13.56 29.35
    endloop
  endfacet
  facet normal 0 1 0
    outer loop
      vertex -40.55 -13.56 29.35
      vertex -0.599999 -13.56 28.15
      vertex -40.55 -13.56 28.15
    endloop
  endfacet
  facet normal 0 1 -0
    outer loop
      vertex 40.55 -13.56 28.15
      vertex 0.599999 -13.56 29.35
      vertex 40.55 -13.56 29.35
    endloop
  endfacet
  facet normal 0 1 0
    outer loop
      vertex 0.599999 -13.56 29.35
      vertex 40.55 -13.56 28.15
      vertex 0.599999 -13.56 28.15
    endloop
  endfacet
endsolid OpenSCAD_Model
