solid OpenSCAD_Model
  facet normal 0.466538 -0.532351 -0.70636
    outer loop
      vertex 17.8762 -60.2177 0.799999
      vertex 17.3892 -59.583 0
      vertex 18.0582 -60.0582 0.799999
    endloop
  endfacet
  facet normal 0.313285 -0.634761 -0.70635
    outer loop
      vertex 17.458 -60.4592 0.799999
      vertex 17.1518 -59.7201 0
      vertex 17.675 -60.3521 0.799999
    endloop
  endfacet
  facet normal -0.313265 -0.634774 -0.706348
    outer loop
      vertex -17.1518 -59.7201 0
      vertex -17.675 -60.3521 0.799999
      vertex -17.275 -59.6593 0
    endloop
  endfacet
  facet normal 0.393191 -0.588617 -0.70635
    outer loop
      vertex 17.675 -60.3521 0.799999
      vertex 17.3892 -59.583 0
      vertex 17.8762 -60.2177 0.799999
    endloop
  endfacet
  facet normal -0.0463684 0.706346 -0.706347
    outer loop
      vertex -16.75 -24.2 0
      vertex -16.8871 -24.209 0
      vertex -16.75 -23.4 0.799999
    endloop
  endfacet
  facet normal 0.138125 0.694234 -0.706371
    outer loop
      vertex 17.0218 -24.2358 0
      vertex 16.8871 -24.209 0
      vertex 17.2288 -23.463 0.799999
    endloop
  endfacet
  facet normal -0.532351 -0.466538 -0.70636
    outer loop
      vertex -18.0582 -60.0582 0.799999
      vertex -18.2177 -59.8762 0.799999
      vertex -17.583 -59.3892 0
    endloop
  endfacet
  facet normal -0.466538 -0.532351 -0.70636
    outer loop
      vertex -17.8762 -60.2177 0.799999
      vertex -18.0582 -60.0582 0.799999
      vertex -17.3892 -59.583 0
    endloop
  endfacet
  facet normal 0 -0.707106 -0.707107
    outer loop
      vertex -16.75 -60.6 0.799999
      vertex 16.75 -59.8 0
      vertex 16.75 -60.6 0.799999
    endloop
  endfacet
  facet normal -0 -0.707106 -0.707107
    outer loop
      vertex 16.75 -59.8 0
      vertex -16.75 -60.6 0.799999
      vertex -16.75 -59.8 0
    endloop
  endfacet
  facet normal -0.313285 -0.634761 -0.70635
    outer loop
      vertex -17.458 -60.4592 0.799999
      vertex -17.675 -60.3521 0.799999
      vertex -17.1518 -59.7201 0
    endloop
  endfacet
  facet normal 0.670323 0.227394 -0.706371
    outer loop
      vertex 17.7642 -24.9782 0
      vertex 17.7201 -24.8482 0
      vertex 18.537 -24.7712 0.799999
    endloop
  endfacet
  facet normal -0.588617 -0.393191 -0.70635
    outer loop
      vertex -18.2177 -59.8762 0.799999
      vertex -18.3521 -59.675 0.799999
      vertex -17.583 -59.3892 0
    endloop
  endfacet
  facet normal -0.393191 -0.588617 -0.70635
    outer loop
      vertex -17.675 -60.3521 0.799999
      vertex -17.8762 -60.2177 0.799999
      vertex -17.3892 -59.583 0
    endloop
  endfacet
  facet normal -0.946934 0.321429 0
    outer loop
      vertex -18.537 -24.7712 0.799999
      vertex -18.4592 -24.542 2.6
      vertex -18.4592 -24.542 0.799999
    endloop
  endfacet
  facet normal -0.946934 0.321429 0
    outer loop
      vertex -18.4592 -24.542 2.6
      vertex -18.537 -24.7712 0.799999
      vertex -18.537 -24.7712 2.6
    endloop
  endfacet
  facet normal -0.752065 -0.65909 0
    outer loop
      vertex -18.0582 -60.0582 0.799999
      vertex -18.2177 -59.8762 2.6
      vertex -18.2177 -59.8762 0.799999
    endloop
  endfacet
  facet normal -0.752065 -0.65909 0
    outer loop
      vertex -18.2177 -59.8762 2.6
      vertex -18.0582 -60.0582 0.799999
      vertex -18.0582 -60.0582 2.6
    endloop
  endfacet
  facet normal -0.0652849 -0.997867 0
    outer loop
      vertex -16.9915 -60.5842 0.799999
      vertex -16.75 -60.6 2.6
      vertex -16.9915 -60.5842 2.6
    endloop
  endfacet
  facet normal -0.0652849 -0.997867 -0
    outer loop
      vertex -16.75 -60.6 2.6
      vertex -16.9915 -60.5842 0.799999
      vertex -16.75 -60.6 0.799999
    endloop
  endfacet
  facet normal 1 -0 0
    outer loop
      vertex 18.6 -58.75 2.6
      vertex 18.6 -25.25 0.799999
      vertex 18.6 -25.25 2.6
    endloop
  endfacet
  facet normal 1 0 0
    outer loop
      vertex 18.6 -25.25 0.799999
      vertex 18.6 -58.75 2.6
      vertex 18.6 -58.75 0.799999
    endloop
  endfacet
  facet normal 0 -1 0
    outer loop
      vertex -16.75 -60.6 0.799999
      vertex 16.75 -60.6 2.6
      vertex -16.75 -60.6 2.6
    endloop
  endfacet
  facet normal 0 -1 -0
    outer loop
      vertex 16.75 -60.6 2.6
      vertex -16.75 -60.6 0.799999
      vertex 16.75 -60.6 0.799999
    endloop
  endfacet
  facet normal 0.393191 0.588617 -0.70635
    outer loop
      vertex 17.8762 -23.7823 0.799999
      vertex 17.3892 -24.417 0
      vertex 17.675 -23.6479 0.799999
    endloop
  endfacet
  facet normal -0.588587 -0.39325 -0.706342
    outer loop
      vertex -17.583 -59.3892 0
      vertex -18.3521 -59.675 0.799999
      vertex -17.6593 -59.275 0
    endloop
  endfacet
  facet normal 0.634761 0.313285 -0.70635
    outer loop
      vertex 18.4592 -24.542 0.799999
      vertex 17.7201 -24.8482 0
      vertex 18.3521 -24.325 0.799999
    endloop
  endfacet
  facet normal -0.466462 -0.532436 -0.706346
    outer loop
      vertex -17.3892 -59.583 0
      vertex -18.0582 -60.0582 0.799999
      vertex -17.4925 -59.4925 0
    endloop
  endfacet
  facet normal 0 0.707106 -0.707107
    outer loop
      vertex -16.75 -24.2 0
      vertex 16.75 -23.4 0.799999
      vertex 16.75 -24.2 0
    endloop
  endfacet
  facet normal 0 0.707106 -0.707107
    outer loop
      vertex 16.75 -23.4 0.799999
      vertex -16.75 -24.2 0
      vertex -16.75 -23.4 0.799999
    endloop
  endfacet
  facet normal 0.694246 0.138089 -0.706367
    outer loop
      vertex 18.5842 -25.0085 0.799999
      vertex 17.791 -25.1129 0
      vertex 18.537 -24.7712 0.799999
    endloop
  endfacet
  facet normal -0.321429 0.946934 0
    outer loop
      vertex -17.2288 -23.463 0.799999
      vertex -17.458 -23.5408 2.6
      vertex -17.2288 -23.463 2.6
    endloop
  endfacet
  facet normal -0.321429 0.946934 0
    outer loop
      vertex -17.458 -23.5408 2.6
      vertex -17.2288 -23.463 0.799999
      vertex -17.458 -23.5408 0.799999
    endloop
  endfacet
  facet normal -0.39325 -0.588587 -0.706342
    outer loop
      vertex -17.275 -59.6593 0
      vertex -17.675 -60.3521 0.799999
      vertex -17.3892 -59.583 0
    endloop
  endfacet
  facet normal -0.65909 -0.752065 0
    outer loop
      vertex -18.0582 -60.0582 0.799999
      vertex -17.8762 -60.2177 2.6
      vertex -18.0582 -60.0582 2.6
    endloop
  endfacet
  facet normal -0.65909 -0.752065 -0
    outer loop
      vertex -17.8762 -60.2177 2.6
      vertex -18.0582 -60.0582 0.799999
      vertex -17.8762 -60.2177 0.799999
    endloop
  endfacet
  facet normal -1 0 0
    outer loop
      vertex -18.6 -58.75 0.799999
      vertex -18.6 -25.25 2.6
      vertex -18.6 -25.25 0.799999
    endloop
  endfacet
  facet normal -1 -0 0
    outer loop
      vertex -18.6 -25.25 2.6
      vertex -18.6 -58.75 0.799999
      vertex -18.6 -58.75 2.6
    endloop
  endfacet
  facet normal -0.138125 -0.694234 -0.706371
    outer loop
      vertex -16.8871 -59.791 0
      vertex -17.2288 -60.537 0.799999
      vertex -17.0218 -59.7642 0
    endloop
  endfacet
  facet normal 0.670295 -0.227526 -0.706355
    outer loop
      vertex 18.4592 -59.458 0.799999
      vertex 17.7201 -59.1518 0
      vertex 18.537 -59.2288 0.799999
    endloop
  endfacet
  facet normal 0.532436 0.466462 -0.706346
    outer loop
      vertex 17.583 -24.6108 0
      vertex 17.4925 -24.5075 0
      vertex 18.0582 -23.9418 0.799999
    endloop
  endfacet
  facet normal -0.532436 -0.466462 -0.706346
    outer loop
      vertex -17.4925 -59.4925 0
      vertex -18.0582 -60.0582 0.799999
      vertex -17.583 -59.3892 0
    endloop
  endfacet
  facet normal 0.946934 0.321429 0
    outer loop
      vertex 18.537 -24.7712 2.6
      vertex 18.4592 -24.542 0.799999
      vertex 18.4592 -24.542 2.6
    endloop
  endfacet
  facet normal 0.946934 0.321429 0
    outer loop
      vertex 18.4592 -24.542 0.799999
      vertex 18.537 -24.7712 2.6
      vertex 18.537 -24.7712 0.799999
    endloop
  endfacet
  facet normal 0 1 -0
    outer loop
      vertex 16.75 -23.4 0.799999
      vertex -16.75 -23.4 2.6
      vertex 16.75 -23.4 2.6
    endloop
  endfacet
  facet normal 0 1 0
    outer loop
      vertex -16.75 -23.4 2.6
      vertex 16.75 -23.4 0.799999
      vertex -16.75 -23.4 0.799999
    endloop
  endfacet
  facet normal 0.707106 0 -0.707107
    outer loop
      vertex 17.8 -58.75 0
      vertex 18.6 -25.25 0.799999
      vertex 18.6 -58.75 0.799999
    endloop
  endfacet
  facet normal 0.707106 0 -0.707107
    outer loop
      vertex 18.6 -25.25 0.799999
      vertex 17.8 -58.75 0
      vertex 17.8 -25.25 0
    endloop
  endfacet
  facet normal 0.0462117 -0.706338 -0.706365
    outer loop
      vertex 16.9915 -60.5842 0.799999
      vertex 16.75 -60.6 0.799999
      vertex 16.8871 -59.791 0
    endloop
  endfacet
  facet normal -0.980787 -0.195083 0
    outer loop
      vertex -18.537 -59.2288 0.799999
      vertex -18.5842 -58.9915 2.6
      vertex -18.5842 -58.9915 0.799999
    endloop
  endfacet
  facet normal -0.980787 -0.195083 0
    outer loop
      vertex -18.5842 -58.9915 2.6
      vertex -18.537 -59.2288 0.799999
      vertex -18.537 -59.2288 2.6
    endloop
  endfacet
  facet normal 0.706338 -0.0462117 -0.706365
    outer loop
      vertex 18.5842 -58.9915 0.799999
      vertex 17.791 -58.8871 0
      vertex 18.6 -58.75 0.799999
    endloop
  endfacet
  facet normal 0.694246 -0.138089 -0.706367
    outer loop
      vertex 18.537 -59.2288 0.799999
      vertex 17.791 -58.8871 0
      vertex 18.5842 -58.9915 0.799999
    endloop
  endfacet
  facet normal 0.138089 0.694246 -0.706367
    outer loop
      vertex 17.2288 -23.463 0.799999
      vertex 16.8871 -24.209 0
      vertex 16.9915 -23.4158 0.799999
    endloop
  endfacet
  facet normal -0.0462117 0.706338 -0.706365
    outer loop
      vertex -16.8871 -24.209 0
      vertex -16.9915 -23.4158 0.799999
      vertex -16.75 -23.4 0.799999
    endloop
  endfacet
  facet normal 0.634761 -0.313285 -0.70635
    outer loop
      vertex 18.3521 -59.675 0.799999
      vertex 17.7201 -59.1518 0
      vertex 18.4592 -59.458 0.799999
    endloop
  endfacet
  facet normal -0.706338 -0.0462117 -0.706365
    outer loop
      vertex -18.5842 -58.9915 0.799999
      vertex -18.6 -58.75 0.799999
      vertex -17.791 -58.8871 0
    endloop
  endfacet
  facet normal 0.670295 0.227526 -0.706355
    outer loop
      vertex 18.537 -24.7712 0.799999
      vertex 17.7201 -24.8482 0
      vertex 18.4592 -24.542 0.799999
    endloop
  endfacet
  facet normal -0.138125 0.694234 -0.706371
    outer loop
      vertex -17.0218 -24.2358 0
      vertex -17.2288 -23.463 0.799999
      vertex -16.8871 -24.209 0
    endloop
  endfacet
  facet normal 0.997867 -0.0652849 0
    outer loop
      vertex 18.5842 -58.9915 2.6
      vertex 18.6 -58.75 0.799999
      vertex 18.6 -58.75 2.6
    endloop
  endfacet
  facet normal 0.997867 -0.0652849 0
    outer loop
      vertex 18.6 -58.75 0.799999
      vertex 18.5842 -58.9915 2.6
      vertex 18.5842 -58.9915 0.799999
    endloop
  endfacet
  facet normal 0.896729 0.442579 0
    outer loop
      vertex 18.4592 -24.542 2.6
      vertex 18.3521 -24.325 0.799999
      vertex 18.3521 -24.325 2.6
    endloop
  endfacet
  facet normal 0.896729 0.442579 0
    outer loop
      vertex 18.3521 -24.325 0.799999
      vertex 18.4592 -24.542 2.6
      vertex 18.4592 -24.542 0.799999
    endloop
  endfacet
  facet normal 0.313265 -0.634774 -0.706348
    outer loop
      vertex 17.675 -60.3521 0.799999
      vertex 17.1518 -59.7201 0
      vertex 17.275 -59.6593 0
    endloop
  endfacet
  facet normal 0.588617 0.393191 -0.70635
    outer loop
      vertex 18.3521 -24.325 0.799999
      vertex 17.583 -24.6108 0
      vertex 18.2177 -24.1238 0.799999
    endloop
  endfacet
  facet normal -0.0463684 -0.706346 -0.706347
    outer loop
      vertex -16.75 -60.6 0.799999
      vertex -16.8871 -59.791 0
      vertex -16.75 -59.8 0
    endloop
  endfacet
  facet normal -0.555463 -0.831541 0
    outer loop
      vertex -17.8762 -60.2177 0.799999
      vertex -17.675 -60.3521 2.6
      vertex -17.8762 -60.2177 2.6
    endloop
  endfacet
  facet normal -0.555463 -0.831541 -0
    outer loop
      vertex -17.675 -60.3521 2.6
      vertex -17.8762 -60.2177 0.799999
      vertex -17.675 -60.3521 0.799999
    endloop
  endfacet
  facet normal -0.634774 -0.313265 -0.706348
    outer loop
      vertex -17.6593 -59.275 0
      vertex -18.3521 -59.675 0.799999
      vertex -17.7201 -59.1518 0
    endloop
  endfacet
  facet normal -0.588587 0.39325 -0.706342
    outer loop
      vertex -17.6593 -24.725 0
      vertex -18.3521 -24.325 0.799999
      vertex -17.583 -24.6108 0
    endloop
  endfacet
  facet normal -0.634761 0.313285 -0.70635
    outer loop
      vertex -17.7201 -24.8482 0
      vertex -18.4592 -24.542 0.799999
      vertex -18.3521 -24.325 0.799999
    endloop
  endfacet
  facet normal 0.65909 0.752065 -0
    outer loop
      vertex 18.0582 -23.9418 0.799999
      vertex 17.8762 -23.7823 2.6
      vertex 18.0582 -23.9418 2.6
    endloop
  endfacet
  facet normal 0.65909 0.752065 0
    outer loop
      vertex 17.8762 -23.7823 2.6
      vertex 18.0582 -23.9418 0.799999
      vertex 17.8762 -23.7823 0.799999
    endloop
  endfacet
  facet normal -0.694234 0.138125 -0.706371
    outer loop
      vertex -17.791 -25.1129 0
      vertex -18.537 -24.7712 0.799999
      vertex -17.7642 -24.9782 0
    endloop
  endfacet
  facet normal -0.0462117 -0.706338 -0.706365
    outer loop
      vertex -16.75 -60.6 0.799999
      vertex -16.9915 -60.5842 0.799999
      vertex -16.8871 -59.791 0
    endloop
  endfacet
  facet normal -0.138089 -0.694246 -0.706367
    outer loop
      vertex -16.9915 -60.5842 0.799999
      vertex -17.2288 -60.537 0.799999
      vertex -16.8871 -59.791 0
    endloop
  endfacet
  facet normal 0.532351 0.466538 -0.70636
    outer loop
      vertex 18.2177 -24.1238 0.799999
      vertex 17.583 -24.6108 0
      vertex 18.0582 -23.9418 0.799999
    endloop
  endfacet
  facet normal 0.706338 0.0462117 -0.706365
    outer loop
      vertex 18.6 -25.25 0.799999
      vertex 17.791 -25.1129 0
      vertex 18.5842 -25.0085 0.799999
    endloop
  endfacet
  facet normal 0.706346 -0.0463684 -0.706347
    outer loop
      vertex 18.6 -58.75 0.799999
      vertex 17.791 -58.8871 0
      vertex 17.8 -58.75 0
    endloop
  endfacet
  facet normal -0.670295 0.227526 -0.706355
    outer loop
      vertex -17.7201 -24.8482 0
      vertex -18.537 -24.7712 0.799999
      vertex -18.4592 -24.542 0.799999
    endloop
  endfacet
  facet normal 0.466462 -0.532436 -0.706346
    outer loop
      vertex 18.0582 -60.0582 0.799999
      vertex 17.3892 -59.583 0
      vertex 17.4925 -59.4925 0
    endloop
  endfacet
  facet normal -0.195083 -0.980787 0
    outer loop
      vertex -17.2288 -60.537 0.799999
      vertex -16.9915 -60.5842 2.6
      vertex -17.2288 -60.537 2.6
    endloop
  endfacet
  facet normal -0.195083 -0.980787 -0
    outer loop
      vertex -16.9915 -60.5842 2.6
      vertex -17.2288 -60.537 0.799999
      vertex -16.9915 -60.5842 0.799999
    endloop
  endfacet
  facet normal 0.896729 -0.442579 0
    outer loop
      vertex 18.3521 -59.675 2.6
      vertex 18.4592 -59.458 0.799999
      vertex 18.4592 -59.458 2.6
    endloop
  endfacet
  facet normal 0.896729 -0.442579 0
    outer loop
      vertex 18.4592 -59.458 0.799999
      vertex 18.3521 -59.675 2.6
      vertex 18.3521 -59.675 0.799999
    endloop
  endfacet
  facet normal -0.997867 0.0652849 0
    outer loop
      vertex -18.6 -25.25 0.799999
      vertex -18.5842 -25.0085 2.6
      vertex -18.5842 -25.0085 0.799999
    endloop
  endfacet
  facet normal -0.997867 0.0652849 0
    outer loop
      vertex -18.5842 -25.0085 2.6
      vertex -18.6 -25.25 0.799999
      vertex -18.6 -25.25 2.6
    endloop
  endfacet
  facet normal 0.831541 0.555463 0
    outer loop
      vertex 18.3521 -24.325 2.6
      vertex 18.2177 -24.1238 0.799999
      vertex 18.2177 -24.1238 2.6
    endloop
  endfacet
  facet normal 0.831541 0.555463 0
    outer loop
      vertex 18.2177 -24.1238 0.799999
      vertex 18.3521 -24.325 2.6
      vertex 18.3521 -24.325 0.799999
    endloop
  endfacet
  facet normal 0.0463684 -0.706346 -0.706347
    outer loop
      vertex 16.8871 -59.791 0
      vertex 16.75 -60.6 0.799999
      vertex 16.75 -59.8 0
    endloop
  endfacet
  facet normal 0.588587 0.39325 -0.706342
    outer loop
      vertex 17.6593 -24.725 0
      vertex 17.583 -24.6108 0
      vertex 18.3521 -24.325 0.799999
    endloop
  endfacet
  facet normal 0.532436 -0.466462 -0.706346
    outer loop
      vertex 18.0582 -60.0582 0.799999
      vertex 17.4925 -59.4925 0
      vertex 17.583 -59.3892 0
    endloop
  endfacet
  facet normal 0.0652849 -0.997867 0
    outer loop
      vertex 16.75 -60.6 0.799999
      vertex 16.9915 -60.5842 2.6
      vertex 16.75 -60.6 2.6
    endloop
  endfacet
  facet normal 0.0652849 -0.997867 0
    outer loop
      vertex 16.9915 -60.5842 2.6
      vertex 16.75 -60.6 0.799999
      vertex 16.9915 -60.5842 0.799999
    endloop
  endfacet
  facet normal -0.227526 0.670295 -0.706355
    outer loop
      vertex -17.1518 -24.2799 0
      vertex -17.458 -23.5408 0.799999
      vertex -17.2288 -23.463 0.799999
    endloop
  endfacet
  facet normal 0.195083 -0.980787 0
    outer loop
      vertex 16.9915 -60.5842 0.799999
      vertex 17.2288 -60.537 2.6
      vertex 16.9915 -60.5842 2.6
    endloop
  endfacet
  facet normal 0.195083 -0.980787 0
    outer loop
      vertex 17.2288 -60.537 2.6
      vertex 16.9915 -60.5842 0.799999
      vertex 17.2288 -60.537 0.799999
    endloop
  endfacet
  facet normal 0.227394 -0.670323 -0.706371
    outer loop
      vertex 17.2288 -60.537 0.799999
      vertex 17.0218 -59.7642 0
      vertex 17.1518 -59.7201 0
    endloop
  endfacet
  facet normal 0.138089 -0.694246 -0.706367
    outer loop
      vertex 16.9915 -60.5842 0.799999
      vertex 16.8871 -59.791 0
      vertex 17.2288 -60.537 0.799999
    endloop
  endfacet
  facet normal -0.588617 0.393191 -0.70635
    outer loop
      vertex -17.583 -24.6108 0
      vertex -18.3521 -24.325 0.799999
      vertex -18.2177 -24.1238 0.799999
    endloop
  endfacet
  facet normal 0.39325 -0.588587 -0.706342
    outer loop
      vertex 17.675 -60.3521 0.799999
      vertex 17.275 -59.6593 0
      vertex 17.3892 -59.583 0
    endloop
  endfacet
  facet normal -0.138089 0.694246 -0.706367
    outer loop
      vertex -16.8871 -24.209 0
      vertex -17.2288 -23.463 0.799999
      vertex -16.9915 -23.4158 0.799999
    endloop
  endfacet
  facet normal 0.752065 0.65909 0
    outer loop
      vertex 18.2177 -24.1238 2.6
      vertex 18.0582 -23.9418 0.799999
      vertex 18.0582 -23.9418 2.6
    endloop
  endfacet
  facet normal 0.752065 0.65909 0
    outer loop
      vertex 18.0582 -23.9418 0.799999
      vertex 18.2177 -24.1238 2.6
      vertex 18.2177 -24.1238 0.799999
    endloop
  endfacet
  facet normal -0.313285 0.634761 -0.70635
    outer loop
      vertex -17.1518 -24.2799 0
      vertex -17.675 -23.6479 0.799999
      vertex -17.458 -23.5408 0.799999
    endloop
  endfacet
  facet normal 0.466538 0.532351 -0.70636
    outer loop
      vertex 18.0582 -23.9418 0.799999
      vertex 17.3892 -24.417 0
      vertex 17.8762 -23.7823 0.799999
    endloop
  endfacet
  facet normal -0.707106 0 -0.707107
    outer loop
      vertex -18.6 -58.75 0.799999
      vertex -17.8 -25.25 0
      vertex -17.8 -58.75 0
    endloop
  endfacet
  facet normal -0.707106 0 -0.707107
    outer loop
      vertex -17.8 -25.25 0
      vertex -18.6 -58.75 0.799999
      vertex -18.6 -25.25 0.799999
    endloop
  endfacet
  facet normal 0.694234 -0.138125 -0.706371
    outer loop
      vertex 18.537 -59.2288 0.799999
      vertex 17.7642 -59.0218 0
      vertex 17.791 -58.8871 0
    endloop
  endfacet
  facet normal -0.227394 -0.670323 -0.706371
    outer loop
      vertex -17.0218 -59.7642 0
      vertex -17.2288 -60.537 0.799999
      vertex -17.1518 -59.7201 0
    endloop
  endfacet
  facet normal -0.946934 -0.321429 0
    outer loop
      vertex -18.4592 -59.458 0.799999
      vertex -18.537 -59.2288 2.6
      vertex -18.537 -59.2288 0.799999
    endloop
  endfacet
  facet normal -0.946934 -0.321429 0
    outer loop
      vertex -18.537 -59.2288 2.6
      vertex -18.4592 -59.458 0.799999
      vertex -18.4592 -59.458 2.6
    endloop
  endfacet
  facet normal -0.831541 0.555463 0
    outer loop
      vertex -18.3521 -24.325 0.799999
      vertex -18.2177 -24.1238 2.6
      vertex -18.2177 -24.1238 0.799999
    endloop
  endfacet
  facet normal -0.831541 0.555463 0
    outer loop
      vertex -18.2177 -24.1238 2.6
      vertex -18.3521 -24.325 0.799999
      vertex -18.3521 -24.325 2.6
    endloop
  endfacet
  facet normal 0.0462117 0.706338 -0.706365
    outer loop
      vertex 16.8871 -24.209 0
      vertex 16.75 -23.4 0.799999
      vertex 16.9915 -23.4158 0.799999
    endloop
  endfacet
  facet normal -0.0652849 0.997867 0
    outer loop
      vertex -16.75 -23.4 0.799999
      vertex -16.9915 -23.4158 2.6
      vertex -16.75 -23.4 2.6
    endloop
  endfacet
  facet normal -0.0652849 0.997867 0
    outer loop
      vertex -16.9915 -23.4158 2.6
      vertex -16.75 -23.4 0.799999
      vertex -16.9915 -23.4158 0.799999
    endloop
  endfacet
  facet normal -0.195083 0.980787 0
    outer loop
      vertex -16.9915 -23.4158 0.799999
      vertex -17.2288 -23.463 2.6
      vertex -16.9915 -23.4158 2.6
    endloop
  endfacet
  facet normal -0.195083 0.980787 0
    outer loop
      vertex -17.2288 -23.463 2.6
      vertex -16.9915 -23.4158 0.799999
      vertex -17.2288 -23.463 0.799999
    endloop
  endfacet
  facet normal 0.634774 0.313265 -0.706348
    outer loop
      vertex 17.7201 -24.8482 0
      vertex 17.6593 -24.725 0
      vertex 18.3521 -24.325 0.799999
    endloop
  endfacet
  facet normal 0.65909 -0.752065 0
    outer loop
      vertex 17.8762 -60.2177 0.799999
      vertex 18.0582 -60.0582 2.6
      vertex 17.8762 -60.2177 2.6
    endloop
  endfacet
  facet normal 0.65909 -0.752065 0
    outer loop
      vertex 18.0582 -60.0582 2.6
      vertex 17.8762 -60.2177 0.799999
      vertex 18.0582 -60.0582 0.799999
    endloop
  endfacet
  facet normal 0.0463684 0.706346 -0.706347
    outer loop
      vertex 16.8871 -24.209 0
      vertex 16.75 -24.2 0
      vertex 16.75 -23.4 0.799999
    endloop
  endfacet
  facet normal -0.706346 -0.0463684 -0.706347
    outer loop
      vertex -17.791 -58.8871 0
      vertex -18.6 -58.75 0.799999
      vertex -17.8 -58.75 0
    endloop
  endfacet
  facet normal -0.227394 0.670323 -0.706371
    outer loop
      vertex -17.1518 -24.2799 0
      vertex -17.2288 -23.463 0.799999
      vertex -17.0218 -24.2358 0
    endloop
  endfacet
  facet normal 0.997867 0.0652849 0
    outer loop
      vertex 18.6 -25.25 2.6
      vertex 18.5842 -25.0085 0.799999
      vertex 18.5842 -25.0085 2.6
    endloop
  endfacet
  facet normal 0.997867 0.0652849 0
    outer loop
      vertex 18.5842 -25.0085 0.799999
      vertex 18.6 -25.25 2.6
      vertex 18.6 -25.25 0.799999
    endloop
  endfacet
  facet normal -0.670323 -0.227394 -0.706371
    outer loop
      vertex -17.7201 -59.1518 0
      vertex -18.537 -59.2288 0.799999
      vertex -17.7642 -59.0218 0
    endloop
  endfacet
  facet normal 0.946934 -0.321429 0
    outer loop
      vertex 18.4592 -59.458 2.6
      vertex 18.537 -59.2288 0.799999
      vertex 18.537 -59.2288 2.6
    endloop
  endfacet
  facet normal 0.946934 -0.321429 0
    outer loop
      vertex 18.537 -59.2288 0.799999
      vertex 18.4592 -59.458 2.6
      vertex 18.4592 -59.458 0.799999
    endloop
  endfacet
  facet normal 0.694234 0.138125 -0.706371
    outer loop
      vertex 17.791 -25.1129 0
      vertex 17.7642 -24.9782 0
      vertex 18.537 -24.7712 0.799999
    endloop
  endfacet
  facet normal 0.588617 -0.393191 -0.70635
    outer loop
      vertex 18.2177 -59.8762 0.799999
      vertex 17.583 -59.3892 0
      vertex 18.3521 -59.675 0.799999
    endloop
  endfacet
  facet normal 0.532351 -0.466538 -0.70636
    outer loop
      vertex 18.0582 -60.0582 0.799999
      vertex 17.583 -59.3892 0
      vertex 18.2177 -59.8762 0.799999
    endloop
  endfacet
  facet normal 0.555463 -0.831541 0
    outer loop
      vertex 17.675 -60.3521 0.799999
      vertex 17.8762 -60.2177 2.6
      vertex 17.675 -60.3521 2.6
    endloop
  endfacet
  facet normal 0.555463 -0.831541 0
    outer loop
      vertex 17.8762 -60.2177 2.6
      vertex 17.675 -60.3521 0.799999
      vertex 17.8762 -60.2177 0.799999
    endloop
  endfacet
  facet normal 0.227526 -0.670295 -0.706355
    outer loop
      vertex 17.2288 -60.537 0.799999
      vertex 17.1518 -59.7201 0
      vertex 17.458 -60.4592 0.799999
    endloop
  endfacet
  facet normal 0.442579 -0.896729 0
    outer loop
      vertex 17.458 -60.4592 0.799999
      vertex 17.675 -60.3521 2.6
      vertex 17.458 -60.4592 2.6
    endloop
  endfacet
  facet normal 0.442579 -0.896729 0
    outer loop
      vertex 17.675 -60.3521 2.6
      vertex 17.458 -60.4592 0.799999
      vertex 17.675 -60.3521 0.799999
    endloop
  endfacet
  facet normal 0.138125 -0.694234 -0.706371
    outer loop
      vertex 17.2288 -60.537 0.799999
      vertex 16.8871 -59.791 0
      vertex 17.0218 -59.7642 0
    endloop
  endfacet
  facet normal 0.670323 -0.227394 -0.706371
    outer loop
      vertex 18.537 -59.2288 0.799999
      vertex 17.7201 -59.1518 0
      vertex 17.7642 -59.0218 0
    endloop
  endfacet
  facet normal -0.313265 0.634774 -0.706348
    outer loop
      vertex -17.275 -24.3407 0
      vertex -17.675 -23.6479 0.799999
      vertex -17.1518 -24.2799 0
    endloop
  endfacet
  facet normal 0.321429 -0.946934 0
    outer loop
      vertex 17.2288 -60.537 0.799999
      vertex 17.458 -60.4592 2.6
      vertex 17.2288 -60.537 2.6
    endloop
  endfacet
  facet normal 0.321429 -0.946934 0
    outer loop
      vertex 17.458 -60.4592 2.6
      vertex 17.2288 -60.537 0.799999
      vertex 17.458 -60.4592 0.799999
    endloop
  endfacet
  facet normal -0.227526 -0.670295 -0.706355
    outer loop
      vertex -17.2288 -60.537 0.799999
      vertex -17.458 -60.4592 0.799999
      vertex -17.1518 -59.7201 0
    endloop
  endfacet
  facet normal -0.321429 -0.946934 0
    outer loop
      vertex -17.458 -60.4592 0.799999
      vertex -17.2288 -60.537 2.6
      vertex -17.458 -60.4592 2.6
    endloop
  endfacet
  facet normal -0.321429 -0.946934 -0
    outer loop
      vertex -17.2288 -60.537 2.6
      vertex -17.458 -60.4592 0.799999
      vertex -17.2288 -60.537 0.799999
    endloop
  endfacet
  facet normal -0.896729 -0.442579 0
    outer loop
      vertex -18.3521 -59.675 0.799999
      vertex -18.4592 -59.458 2.6
      vertex -18.4592 -59.458 0.799999
    endloop
  endfacet
  facet normal -0.896729 -0.442579 0
    outer loop
      vertex -18.4592 -59.458 2.6
      vertex -18.3521 -59.675 0.799999
      vertex -18.3521 -59.675 2.6
    endloop
  endfacet
  facet normal -0.65909 0.752065 0
    outer loop
      vertex -17.8762 -23.7823 0.799999
      vertex -18.0582 -23.9418 2.6
      vertex -17.8762 -23.7823 2.6
    endloop
  endfacet
  facet normal -0.65909 0.752065 0
    outer loop
      vertex -18.0582 -23.9418 2.6
      vertex -17.8762 -23.7823 0.799999
      vertex -18.0582 -23.9418 0.799999
    endloop
  endfacet
  facet normal -0.997867 -0.0652849 0
    outer loop
      vertex -18.5842 -58.9915 0.799999
      vertex -18.6 -58.75 2.6
      vertex -18.6 -58.75 0.799999
    endloop
  endfacet
  facet normal -0.997867 -0.0652849 0
    outer loop
      vertex -18.6 -58.75 2.6
      vertex -18.5842 -58.9915 0.799999
      vertex -18.5842 -58.9915 2.6
    endloop
  endfacet
  facet normal 0.0652849 0.997867 -0
    outer loop
      vertex 16.9915 -23.4158 0.799999
      vertex 16.75 -23.4 2.6
      vertex 16.9915 -23.4158 2.6
    endloop
  endfacet
  facet normal 0.0652849 0.997867 0
    outer loop
      vertex 16.75 -23.4 2.6
      vertex 16.9915 -23.4158 0.799999
      vertex 16.75 -23.4 0.799999
    endloop
  endfacet
  facet normal -0.466538 0.532351 -0.70636
    outer loop
      vertex -17.3892 -24.417 0
      vertex -18.0582 -23.9418 0.799999
      vertex -17.8762 -23.7823 0.799999
    endloop
  endfacet
  facet normal 0.706346 0.0463684 -0.706347
    outer loop
      vertex 17.8 -25.25 0
      vertex 17.791 -25.1129 0
      vertex 18.6 -25.25 0.799999
    endloop
  endfacet
  facet normal 0.313285 0.634761 -0.70635
    outer loop
      vertex 17.675 -23.6479 0.799999
      vertex 17.1518 -24.2799 0
      vertex 17.458 -23.5408 0.799999
    endloop
  endfacet
  facet normal -0.466462 0.532436 -0.706346
    outer loop
      vertex -17.4925 -24.5075 0
      vertex -18.0582 -23.9418 0.799999
      vertex -17.3892 -24.417 0
    endloop
  endfacet
  facet normal 0.752065 -0.65909 0
    outer loop
      vertex 18.0582 -60.0582 2.6
      vertex 18.2177 -59.8762 0.799999
      vertex 18.2177 -59.8762 2.6
    endloop
  endfacet
  facet normal 0.752065 -0.65909 0
    outer loop
      vertex 18.2177 -59.8762 0.799999
      vertex 18.0582 -60.0582 2.6
      vertex 18.0582 -60.0582 0.799999
    endloop
  endfacet
  facet normal -0.532436 0.466462 -0.706346
    outer loop
      vertex -17.583 -24.6108 0
      vertex -18.0582 -23.9418 0.799999
      vertex -17.4925 -24.5075 0
    endloop
  endfacet
  facet normal 0.313265 0.634774 -0.706348
    outer loop
      vertex 17.275 -24.3407 0
      vertex 17.1518 -24.2799 0
      vertex 17.675 -23.6479 0.799999
    endloop
  endfacet
  facet normal -0.634774 0.313265 -0.706348
    outer loop
      vertex -17.7201 -24.8482 0
      vertex -18.3521 -24.325 0.799999
      vertex -17.6593 -24.725 0
    endloop
  endfacet
  facet normal -0.831541 -0.555463 0
    outer loop
      vertex -18.2177 -59.8762 0.799999
      vertex -18.3521 -59.675 2.6
      vertex -18.3521 -59.675 0.799999
    endloop
  endfacet
  facet normal -0.831541 -0.555463 0
    outer loop
      vertex -18.3521 -59.675 2.6
      vertex -18.2177 -59.8762 0.799999
      vertex -18.2177 -59.8762 2.6
    endloop
  endfacet
  facet normal 0.555463 0.831541 -0
    outer loop
      vertex 17.8762 -23.7823 0.799999
      vertex 17.675 -23.6479 2.6
      vertex 17.8762 -23.7823 2.6
    endloop
  endfacet
  facet normal 0.555463 0.831541 0
    outer loop
      vertex 17.675 -23.6479 2.6
      vertex 17.8762 -23.7823 0.799999
      vertex 17.675 -23.6479 0.799999
    endloop
  endfacet
  facet normal -0.694246 0.138089 -0.706367
    outer loop
      vertex -17.791 -25.1129 0
      vertex -18.5842 -25.0085 0.799999
      vertex -18.537 -24.7712 0.799999
    endloop
  endfacet
  facet normal 0.980787 0.195083 0
    outer loop
      vertex 18.5842 -25.0085 2.6
      vertex 18.537 -24.7712 0.799999
      vertex 18.537 -24.7712 2.6
    endloop
  endfacet
  facet normal 0.980787 0.195083 0
    outer loop
      vertex 18.537 -24.7712 0.799999
      vertex 18.5842 -25.0085 2.6
      vertex 18.5842 -25.0085 0.799999
    endloop
  endfacet
  facet normal -0.670295 -0.227526 -0.706355
    outer loop
      vertex -18.4592 -59.458 0.799999
      vertex -18.537 -59.2288 0.799999
      vertex -17.7201 -59.1518 0
    endloop
  endfacet
  facet normal -0.39325 0.588587 -0.706342
    outer loop
      vertex -17.3892 -24.417 0
      vertex -17.675 -23.6479 0.799999
      vertex -17.275 -24.3407 0
    endloop
  endfacet
  facet normal -0.634761 -0.313285 -0.70635
    outer loop
      vertex -18.3521 -59.675 0.799999
      vertex -18.4592 -59.458 0.799999
      vertex -17.7201 -59.1518 0
    endloop
  endfacet
  facet normal 0.831541 -0.555463 0
    outer loop
      vertex 18.2177 -59.8762 2.6
      vertex 18.3521 -59.675 0.799999
      vertex 18.3521 -59.675 2.6
    endloop
  endfacet
  facet normal 0.831541 -0.555463 0
    outer loop
      vertex 18.3521 -59.675 0.799999
      vertex 18.2177 -59.8762 2.6
      vertex 18.2177 -59.8762 0.799999
    endloop
  endfacet
  facet normal 0.588587 -0.39325 -0.706342
    outer loop
      vertex 18.3521 -59.675 0.799999
      vertex 17.583 -59.3892 0
      vertex 17.6593 -59.275 0
    endloop
  endfacet
  facet normal -0.442579 -0.896729 0
    outer loop
      vertex -17.675 -60.3521 0.799999
      vertex -17.458 -60.4592 2.6
      vertex -17.675 -60.3521 2.6
    endloop
  endfacet
  facet normal -0.442579 -0.896729 -0
    outer loop
      vertex -17.458 -60.4592 2.6
      vertex -17.675 -60.3521 0.799999
      vertex -17.458 -60.4592 0.799999
    endloop
  endfacet
  facet normal -0.555463 0.831541 0
    outer loop
      vertex -17.675 -23.6479 0.799999
      vertex -17.8762 -23.7823 2.6
      vertex -17.675 -23.6479 2.6
    endloop
  endfacet
  facet normal -0.555463 0.831541 0
    outer loop
      vertex -17.8762 -23.7823 2.6
      vertex -17.675 -23.6479 0.799999
      vertex -17.8762 -23.7823 0.799999
    endloop
  endfacet
  facet normal 0.195083 0.980787 -0
    outer loop
      vertex 17.2288 -23.463 0.799999
      vertex 16.9915 -23.4158 2.6
      vertex 17.2288 -23.463 2.6
    endloop
  endfacet
  facet normal 0.195083 0.980787 0
    outer loop
      vertex 16.9915 -23.4158 2.6
      vertex 17.2288 -23.463 0.799999
      vertex 16.9915 -23.4158 0.799999
    endloop
  endfacet
  facet normal -0.393191 0.588617 -0.70635
    outer loop
      vertex -17.3892 -24.417 0
      vertex -17.8762 -23.7823 0.799999
      vertex -17.675 -23.6479 0.799999
    endloop
  endfacet
  facet normal -0.532351 0.466538 -0.70636
    outer loop
      vertex -17.583 -24.6108 0
      vertex -18.2177 -24.1238 0.799999
      vertex -18.0582 -23.9418 0.799999
    endloop
  endfacet
  facet normal -0.706338 0.0462117 -0.706365
    outer loop
      vertex -17.791 -25.1129 0
      vertex -18.6 -25.25 0.799999
      vertex -18.5842 -25.0085 0.799999
    endloop
  endfacet
  facet normal 0.980787 -0.195083 0
    outer loop
      vertex 18.537 -59.2288 2.6
      vertex 18.5842 -58.9915 0.799999
      vertex 18.5842 -58.9915 2.6
    endloop
  endfacet
  facet normal 0.980787 -0.195083 0
    outer loop
      vertex 18.5842 -58.9915 0.799999
      vertex 18.537 -59.2288 2.6
      vertex 18.537 -59.2288 0.799999
    endloop
  endfacet
  facet normal -0.694246 -0.138089 -0.706367
    outer loop
      vertex -18.537 -59.2288 0.799999
      vertex -18.5842 -58.9915 0.799999
      vertex -17.791 -58.8871 0
    endloop
  endfacet
  facet normal -0.980787 0.195083 0
    outer loop
      vertex -18.5842 -25.0085 0.799999
      vertex -18.537 -24.7712 2.6
      vertex -18.537 -24.7712 0.799999
    endloop
  endfacet
  facet normal -0.980787 0.195083 0
    outer loop
      vertex -18.537 -24.7712 2.6
      vertex -18.5842 -25.0085 0.799999
      vertex -18.5842 -25.0085 2.6
    endloop
  endfacet
  facet normal 0.466462 0.532436 -0.706346
    outer loop
      vertex 17.4925 -24.5075 0
      vertex 17.3892 -24.417 0
      vertex 18.0582 -23.9418 0.799999
    endloop
  endfacet
  facet normal -0.752065 0.65909 0
    outer loop
      vertex -18.2177 -24.1238 0.799999
      vertex -18.0582 -23.9418 2.6
      vertex -18.0582 -23.9418 0.799999
    endloop
  endfacet
  facet normal -0.752065 0.65909 0
    outer loop
      vertex -18.0582 -23.9418 2.6
      vertex -18.2177 -24.1238 0.799999
      vertex -18.2177 -24.1238 2.6
    endloop
  endfacet
  facet normal -0.706346 0.0463684 -0.706347
    outer loop
      vertex -17.8 -25.25 0
      vertex -18.6 -25.25 0.799999
      vertex -17.791 -25.1129 0
    endloop
  endfacet
  facet normal 0 0 -1
    outer loop
      vertex 16.75 -59.8 0
      vertex 17.8 -58.75 0
      vertex 17.791 -58.8871 0
    endloop
  endfacet
  facet normal -0 0 -1
    outer loop
      vertex 17.8 -58.75 0
      vertex 16.75 -59.8 0
      vertex 17.8 -25.25 0
    endloop
  endfacet
  facet normal 0 0 -1
    outer loop
      vertex 16.75 -59.8 0
      vertex 17.791 -58.8871 0
      vertex 17.7642 -59.0218 0
    endloop
  endfacet
  facet normal 0 0 -1
    outer loop
      vertex 16.75 -24.2 0
      vertex 17.8 -25.25 0
      vertex 16.75 -59.8 0
    endloop
  endfacet
  facet normal 0 0 -1
    outer loop
      vertex 16.75 -59.8 0
      vertex 17.7642 -59.0218 0
      vertex 17.7201 -59.1518 0
    endloop
  endfacet
  facet normal 0 0 -1
    outer loop
      vertex 17.8 -25.25 0
      vertex 16.75 -24.2 0
      vertex 17.791 -25.1129 0
    endloop
  endfacet
  facet normal 0 0 -1
    outer loop
      vertex 16.75 -59.8 0
      vertex 17.7201 -59.1518 0
      vertex 17.6593 -59.275 0
    endloop
  endfacet
  facet normal 0 0 -1
    outer loop
      vertex 17.791 -25.1129 0
      vertex 16.75 -24.2 0
      vertex 17.7642 -24.9782 0
    endloop
  endfacet
  facet normal 0 0 -1
    outer loop
      vertex 16.75 -59.8 0
      vertex 17.6593 -59.275 0
      vertex 17.583 -59.3892 0
    endloop
  endfacet
  facet normal 0 0 -1
    outer loop
      vertex 17.7642 -24.9782 0
      vertex 16.75 -24.2 0
      vertex 17.7201 -24.8482 0
    endloop
  endfacet
  facet normal 0 0 -1
    outer loop
      vertex 16.75 -59.8 0
      vertex 17.583 -59.3892 0
      vertex 17.4925 -59.4925 0
    endloop
  endfacet
  facet normal 0 0 -1
    outer loop
      vertex 17.7201 -24.8482 0
      vertex 16.75 -24.2 0
      vertex 17.6593 -24.725 0
    endloop
  endfacet
  facet normal 0 0 -1
    outer loop
      vertex 16.75 -59.8 0
      vertex 17.4925 -59.4925 0
      vertex 17.3892 -59.583 0
    endloop
  endfacet
  facet normal 0 0 -1
    outer loop
      vertex 17.6593 -24.725 0
      vertex 16.75 -24.2 0
      vertex 17.583 -24.6108 0
    endloop
  endfacet
  facet normal 0 0 -1
    outer loop
      vertex 16.75 -59.8 0
      vertex 17.3892 -59.583 0
      vertex 17.275 -59.6593 0
    endloop
  endfacet
  facet normal 0 0 -1
    outer loop
      vertex 17.583 -24.6108 0
      vertex 16.75 -24.2 0
      vertex 17.4925 -24.5075 0
    endloop
  endfacet
  facet normal 0 0 -1
    outer loop
      vertex 16.75 -59.8 0
      vertex 17.275 -59.6593 0
      vertex 17.1518 -59.7201 0
    endloop
  endfacet
  facet normal 0 0 -1
    outer loop
      vertex 17.4925 -24.5075 0
      vertex 16.75 -24.2 0
      vertex 17.3892 -24.417 0
    endloop
  endfacet
  facet normal 0 0 -1
    outer loop
      vertex 16.75 -59.8 0
      vertex 17.1518 -59.7201 0
      vertex 17.0218 -59.7642 0
    endloop
  endfacet
  facet normal 0 0 -1
    outer loop
      vertex 17.3892 -24.417 0
      vertex 16.75 -24.2 0
      vertex 17.275 -24.3407 0
    endloop
  endfacet
  facet normal 0 0 -1
    outer loop
      vertex 16.75 -59.8 0
      vertex 17.0218 -59.7642 0
      vertex 16.8871 -59.791 0
    endloop
  endfacet
  facet normal 0 0 -1
    outer loop
      vertex 17.275 -24.3407 0
      vertex 16.75 -24.2 0
      vertex 17.1518 -24.2799 0
    endloop
  endfacet
  facet normal 0 0 -1
    outer loop
      vertex 17.1518 -24.2799 0
      vertex 16.75 -24.2 0
      vertex 17.0218 -24.2358 0
    endloop
  endfacet
  facet normal 0 0 -1
    outer loop
      vertex 17.0218 -24.2358 0
      vertex 16.75 -24.2 0
      vertex 16.8871 -24.209 0
    endloop
  endfacet
  facet normal 0 0 -1
    outer loop
      vertex -16.75 -59.8 0
      vertex 16.75 -24.2 0
      vertex 16.75 -59.8 0
    endloop
  endfacet
  facet normal 0 0 -1
    outer loop
      vertex -16.75 -59.8 0
      vertex -16.75 -24.2 0
      vertex 16.75 -24.2 0
    endloop
  endfacet
  facet normal 0 0 -1
    outer loop
      vertex -17.8 -58.75 0
      vertex -16.75 -59.8 0
      vertex -16.8871 -59.791 0
    endloop
  endfacet
  facet normal 0 0 -1
    outer loop
      vertex -16.75 -59.8 0
      vertex -17.8 -58.75 0
      vertex -16.75 -24.2 0
    endloop
  endfacet
  facet normal 0 0 -1
    outer loop
      vertex -17.8 -58.75 0
      vertex -16.8871 -59.791 0
      vertex -17.0218 -59.7642 0
    endloop
  endfacet
  facet normal 0 0 -1
    outer loop
      vertex -17.8 -25.25 0
      vertex -16.75 -24.2 0
      vertex -17.8 -58.75 0
    endloop
  endfacet
  facet normal 0 0 -1
    outer loop
      vertex -17.8 -58.75 0
      vertex -17.0218 -59.7642 0
      vertex -17.1518 -59.7201 0
    endloop
  endfacet
  facet normal 0 0 -1
    outer loop
      vertex -16.75 -24.2 0
      vertex -17.8 -25.25 0
      vertex -16.8871 -24.209 0
    endloop
  endfacet
  facet normal 0 0 -1
    outer loop
      vertex -17.8 -58.75 0
      vertex -17.1518 -59.7201 0
      vertex -17.275 -59.6593 0
    endloop
  endfacet
  facet normal 0 0 -1
    outer loop
      vertex -16.8871 -24.209 0
      vertex -17.8 -25.25 0
      vertex -17.0218 -24.2358 0
    endloop
  endfacet
  facet normal 0 0 -1
    outer loop
      vertex -17.8 -58.75 0
      vertex -17.275 -59.6593 0
      vertex -17.3892 -59.583 0
    endloop
  endfacet
  facet normal 0 0 -1
    outer loop
      vertex -17.0218 -24.2358 0
      vertex -17.8 -25.25 0
      vertex -17.1518 -24.2799 0
    endloop
  endfacet
  facet normal 0 0 -1
    outer loop
      vertex -17.8 -58.75 0
      vertex -17.3892 -59.583 0
      vertex -17.4925 -59.4925 0
    endloop
  endfacet
  facet normal 0 0 -1
    outer loop
      vertex -17.1518 -24.2799 0
      vertex -17.8 -25.25 0
      vertex -17.275 -24.3407 0
    endloop
  endfacet
  facet normal 0 0 -1
    outer loop
      vertex -17.8 -58.75 0
      vertex -17.4925 -59.4925 0
      vertex -17.583 -59.3892 0
    endloop
  endfacet
  facet normal 0 0 -1
    outer loop
      vertex -17.275 -24.3407 0
      vertex -17.8 -25.25 0
      vertex -17.3892 -24.417 0
    endloop
  endfacet
  facet normal 0 0 -1
    outer loop
      vertex -17.8 -58.75 0
      vertex -17.583 -59.3892 0
      vertex -17.6593 -59.275 0
    endloop
  endfacet
  facet normal 0 0 -1
    outer loop
      vertex -17.3892 -24.417 0
      vertex -17.8 -25.25 0
      vertex -17.4925 -24.5075 0
    endloop
  endfacet
  facet normal 0 0 -1
    outer loop
      vertex -17.8 -58.75 0
      vertex -17.6593 -59.275 0
      vertex -17.7201 -59.1518 0
    endloop
  endfacet
  facet normal 0 0 -1
    outer loop
      vertex -17.4925 -24.5075 0
      vertex -17.8 -25.25 0
      vertex -17.583 -24.6108 0
    endloop
  endfacet
  facet normal 0 0 -1
    outer loop
      vertex -17.8 -58.75 0
      vertex -17.7201 -59.1518 0
      vertex -17.7642 -59.0218 0
    endloop
  endfacet
  facet normal 0 0 -1
    outer loop
      vertex -17.583 -24.6108 0
      vertex -17.8 -25.25 0
      vertex -17.6593 -24.725 0
    endloop
  endfacet
  facet normal 0 0 -1
    outer loop
      vertex -17.8 -58.75 0
      vertex -17.7642 -59.0218 0
      vertex -17.791 -58.8871 0
    endloop
  endfacet
  facet normal 0 0 -1
    outer loop
      vertex -17.6593 -24.725 0
      vertex -17.8 -25.25 0
      vertex -17.7201 -24.8482 0
    endloop
  endfacet
  facet normal 0 0 -1
    outer loop
      vertex -17.7201 -24.8482 0
      vertex -17.8 -25.25 0
      vertex -17.7642 -24.9782 0
    endloop
  endfacet
  facet normal 0 0 -1
    outer loop
      vertex -17.7642 -24.9782 0
      vertex -17.8 -25.25 0
      vertex -17.791 -25.1129 0
    endloop
  endfacet
  facet normal 0.442579 0.896729 -0
    outer loop
      vertex 17.675 -23.6479 0.799999
      vertex 17.458 -23.5408 2.6
      vertex 17.675 -23.6479 2.6
    endloop
  endfacet
  facet normal 0.442579 0.896729 0
    outer loop
      vertex 17.458 -23.5408 2.6
      vertex 17.675 -23.6479 0.799999
      vertex 17.458 -23.5408 0.799999
    endloop
  endfacet
  facet normal 0.227394 0.670323 -0.706371
    outer loop
      vertex 17.1518 -24.2799 0
      vertex 17.0218 -24.2358 0
      vertex 17.2288 -23.463 0.799999
    endloop
  endfacet
  facet normal -0.670323 0.227394 -0.706371
    outer loop
      vertex -17.7642 -24.9782 0
      vertex -18.537 -24.7712 0.799999
      vertex -17.7201 -24.8482 0
    endloop
  endfacet
  facet normal -0.442579 0.896729 0
    outer loop
      vertex -17.458 -23.5408 0.799999
      vertex -17.675 -23.6479 2.6
      vertex -17.458 -23.5408 2.6
    endloop
  endfacet
  facet normal -0.442579 0.896729 0
    outer loop
      vertex -17.675 -23.6479 2.6
      vertex -17.458 -23.5408 0.799999
      vertex -17.675 -23.6479 0.799999
    endloop
  endfacet
  facet normal 0.634774 -0.313265 -0.706348
    outer loop
      vertex 18.3521 -59.675 0.799999
      vertex 17.6593 -59.275 0
      vertex 17.7201 -59.1518 0
    endloop
  endfacet
  facet normal -0.694234 -0.138125 -0.706371
    outer loop
      vertex -17.7642 -59.0218 0
      vertex -18.537 -59.2288 0.799999
      vertex -17.791 -58.8871 0
    endloop
  endfacet
  facet normal -0.896729 0.442579 0
    outer loop
      vertex -18.4592 -24.542 0.799999
      vertex -18.3521 -24.325 2.6
      vertex -18.3521 -24.325 0.799999
    endloop
  endfacet
  facet normal -0.896729 0.442579 0
    outer loop
      vertex -18.3521 -24.325 2.6
      vertex -18.4592 -24.542 0.799999
      vertex -18.4592 -24.542 2.6
    endloop
  endfacet
  facet normal 0.227526 0.670295 -0.706355
    outer loop
      vertex 17.458 -23.5408 0.799999
      vertex 17.1518 -24.2799 0
      vertex 17.2288 -23.463 0.799999
    endloop
  endfacet
  facet normal 0.321429 0.946934 -0
    outer loop
      vertex 17.458 -23.5408 0.799999
      vertex 17.2288 -23.463 2.6
      vertex 17.458 -23.5408 2.6
    endloop
  endfacet
  facet normal 0.321429 0.946934 0
    outer loop
      vertex 17.2288 -23.463 2.6
      vertex 17.458 -23.5408 0.799999
      vertex 17.2288 -23.463 0.799999
    endloop
  endfacet
  facet normal 0.39325 0.588587 -0.706342
    outer loop
      vertex 17.3892 -24.417 0
      vertex 17.275 -24.3407 0
      vertex 17.675 -23.6479 0.799999
    endloop
  endfacet
  facet normal -0.321498 -0.94691 0
    outer loop
      vertex -18.2807 -62.4455 4.74
      vertex -17.7853 -62.6137 34.14
      vertex -18.2807 -62.4455 34.14
    endloop
  endfacet
  facet normal -0.321498 -0.94691 -0
    outer loop
      vertex -17.7853 -62.6137 34.14
      vertex -18.2807 -62.4455 4.74
      vertex -17.7853 -62.6137 4.74
    endloop
  endfacet
  facet normal 0.466636 -0.532289 -0.706342
    outer loop
      vertex 19.1798 -61.9147 4.74
      vertex 18.0582 -60.0582 2.6
      vertex 19.5714 -61.5714 4.74
    endloop
  endfacet
  facet normal -0.707107 0 -0.707107
    outer loop
      vertex -18.6 -58.75 2.6
      vertex -20.74 -25.25 4.74
      vertex -18.6 -25.25 2.6
    endloop
  endfacet
  facet normal -0.707107 -0 -0.707107
    outer loop
      vertex -20.74 -25.25 4.74
      vertex -18.6 -58.75 2.6
      vertex -20.74 -58.75 4.74
    endloop
  endfacet
  facet normal 0.186056 0.682206 -0.707092
    outer loop
      vertex 17.2288 -23.463 2.6
      vertex 17.7816 -21.3957 4.74
      vertex 17.7827 -21.396 4.74
    endloop
  endfacet
  facet normal 0.138092 0.694263 -0.706349
    outer loop
      vertex 17.7816 -21.3957 4.74
      vertex 17.2288 -23.463 2.6
      vertex 16.9915 -23.4158 2.6
    endloop
  endfacet
  facet normal -0.710137 -0 -0.704064
    outer loop
      vertex -20.7059 -59.2697 4.74
      vertex -18.5842 -58.9915 2.6
      vertex -20.7059 -59.2708 4.74
    endloop
  endfacet
  facet normal -0.706368 -0.0462137 -0.706335
    outer loop
      vertex -18.5842 -58.9915 2.6
      vertex -20.7059 -59.2697 4.74
      vertex -18.6 -58.75 2.6
    endloop
  endfacet
  facet normal 0.313139 -0.634841 -0.706343
    outer loop
      vertex 18.2769 -62.4363 4.74
      vertex 17.458 -60.4592 2.6
      vertex 18.744 -62.2059 4.74
    endloop
  endfacet
  facet normal 0.751842 -0.659343 0
    outer loop
      vertex 19.5784 -61.5784 34.14
      vertex 19.9234 -61.185 4.74
      vertex 19.9234 -61.185 34.14
    endloop
  endfacet
  facet normal 0.751842 -0.659343 0
    outer loop
      vertex 19.9234 -61.185 4.74
      vertex 19.5784 -61.5784 34.14
      vertex 19.5784 -61.5784 4.74
    endloop
  endfacet
  facet normal 0 -0.707107 -0.707107
    outer loop
      vertex -16.75 -60.6 2.6
      vertex 16.75 -62.74 4.74
      vertex -16.75 -62.74 4.74
    endloop
  endfacet
  facet normal 0 -0.707107 -0.707107
    outer loop
      vertex 16.75 -62.74 4.74
      vertex -16.75 -60.6 2.6
      vertex 16.75 -60.6 2.6
    endloop
  endfacet
  facet normal 0.588622 0.393195 -0.706344
    outer loop
      vertex 18.2177 -24.1238 2.6
      vertex 19.9161 -22.822 4.74
      vertex 18.3521 -24.325 2.6
    endloop
  endfacet
  facet normal 0.608306 0.364984 -0.704805
    outer loop
      vertex 19.9161 -22.822 4.74
      vertex 18.2177 -24.1238 2.6
      vertex 19.9155 -22.821 4.74
    endloop
  endfacet
  facet normal -0.227555 0.670294 -0.706347
    outer loop
      vertex -17.458 -23.5408 2.6
      vertex -18.2769 -21.5637 4.74
      vertex -17.7838 -21.3963 4.74
    endloop
  endfacet
  facet normal 0.706347 0.0463468 -0.706347
    outer loop
      vertex 20.74 -25.25 4.74
      vertex 18.6 -25.25 2.6
      vertex 20.7059 -24.7303 4.74
    endloop
  endfacet
  facet normal 0.997861 -0.0653646 0
    outer loop
      vertex 20.7158 -59.2721 34.14
      vertex 20.75 -58.75 4.74
      vertex 20.75 -58.75 34.14
    endloop
  endfacet
  facet normal 0.997861 -0.0653646 0
    outer loop
      vertex 20.75 -58.75 4.74
      vertex 20.7158 -59.2721 34.14
      vertex 20.7158 -59.2721 4.74
    endloop
  endfacet
  facet normal 0.0463468 -0.706347 -0.706347
    outer loop
      vertex 17.2697 -62.7059 4.74
      vertex 16.75 -62.74 4.74
      vertex 16.75 -60.6 2.6
    endloop
  endfacet
  facet normal -0.608306 -0.364984 -0.704805
    outer loop
      vertex -19.9161 -61.178 4.74
      vertex -18.2177 -59.8762 2.6
      vertex -19.9155 -61.179 4.74
    endloop
  endfacet
  facet normal -0.588622 -0.393195 -0.706344
    outer loop
      vertex -18.2177 -59.8762 2.6
      vertex -19.9161 -61.178 4.74
      vertex -18.3521 -59.675 2.6
    endloop
  endfacet
  facet normal -0.186056 -0.682206 -0.707092
    outer loop
      vertex -17.7838 -62.6037 4.74
      vertex -17.2288 -60.537 2.6
      vertex -17.7827 -62.604 4.74
    endloop
  endfacet
  facet normal -0.227528 -0.6703 -0.706349
    outer loop
      vertex -17.2288 -60.537 2.6
      vertex -17.7838 -62.6037 4.74
      vertex -17.458 -60.4592 2.6
    endloop
  endfacet
  facet normal 0 0.710137 -0.704064
    outer loop
      vertex 16.9915 -23.4158 2.6
      vertex 17.2697 -21.2941 4.74
      vertex 17.2708 -21.2941 4.74
    endloop
  endfacet
  facet normal 0.0462137 0.706368 -0.706335
    outer loop
      vertex 17.2697 -21.2941 4.74
      vertex 16.9915 -23.4158 2.6
      vertex 16.75 -23.4 2.6
    endloop
  endfacet
  facet normal -0.532289 -0.466636 -0.706342
    outer loop
      vertex -19.5714 -61.5714 4.74
      vertex -19.9147 -61.1798 4.74
      vertex -18.0582 -60.0582 2.6
    endloop
  endfacet
  facet normal -0.393247 -0.58858 -0.70635
    outer loop
      vertex -18.745 -62.2054 4.74
      vertex -19.178 -61.9161 4.74
      vertex -17.675 -60.3521 2.6
    endloop
  endfacet
  facet normal 1 -0 0
    outer loop
      vertex 20.75 -58.75 34.14
      vertex 20.75 58.75 4.74
      vertex 20.75 58.75 34.14
    endloop
  endfacet
  facet normal 1 0 0
    outer loop
      vertex 20.75 58.75 4.74
      vertex 20.75 -58.75 34.14
      vertex 20.75 -58.75 4.74
    endloop
  endfacet
  facet normal -0.227555 -0.670294 -0.706347
    outer loop
      vertex -17.7838 -62.6037 4.74
      vertex -18.2769 -62.4363 4.74
      vertex -17.458 -60.4592 2.6
    endloop
  endfacet
  facet normal 0.316512 -0.633023 -0.706472
    outer loop
      vertex 18.744 -62.2059 4.74
      vertex 17.675 -60.3521 2.6
      vertex 18.745 -62.2054 4.74
    endloop
  endfacet
  facet normal 0.313282 -0.634754 -0.706358
    outer loop
      vertex 17.675 -60.3521 2.6
      vertex 18.744 -62.2059 4.74
      vertex 17.458 -60.4592 2.6
    endloop
  endfacet
  facet normal -0.670294 -0.227555 -0.706347
    outer loop
      vertex -20.4363 -60.2769 4.74
      vertex -20.6037 -59.7838 4.74
      vertex -18.4592 -59.458 2.6
    endloop
  endfacet
  facet normal -0.751842 -0.659343 0
    outer loop
      vertex -19.5784 -61.5784 4.74
      vertex -19.9234 -61.185 34.14
      vertex -19.9234 -61.185 4.74
    endloop
  endfacet
  facet normal -0.751842 -0.659343 0
    outer loop
      vertex -19.9234 -61.185 34.14
      vertex -19.5784 -61.5784 4.74
      vertex -19.5784 -61.5784 34.14
    endloop
  endfacet
  facet normal 0.186056 -0.682206 -0.707092
    outer loop
      vertex 17.2288 -60.537 2.6
      vertex 17.7838 -62.6037 4.74
      vertex 17.7827 -62.604 4.74
    endloop
  endfacet
  facet normal 0.227528 -0.6703 -0.706349
    outer loop
      vertex 17.7838 -62.6037 4.74
      vertex 17.2288 -60.537 2.6
      vertex 17.458 -60.4592 2.6
    endloop
  endfacet
  facet normal 0.633023 -0.316512 -0.706472
    outer loop
      vertex 18.3521 -59.675 2.6
      vertex 20.2059 -60.744 4.74
      vertex 20.2054 -60.745 4.74
    endloop
  endfacet
  facet normal 0.634754 -0.313282 -0.706358
    outer loop
      vertex 20.2059 -60.744 4.74
      vertex 18.3521 -59.675 2.6
      vertex 18.4592 -59.458 2.6
    endloop
  endfacet
  facet normal -0.502137 -0.502137 -0.704071
    outer loop
      vertex -19.1798 -61.9147 4.74
      vertex -17.8762 -60.2177 2.6
      vertex -19.179 -61.9155 4.74
    endloop
  endfacet
  facet normal -0.466543 -0.532356 -0.706353
    outer loop
      vertex -17.8762 -60.2177 2.6
      vertex -19.1798 -61.9147 4.74
      vertex -18.0582 -60.0582 2.6
    endloop
  endfacet
  facet normal 0.195124 -0.980779 0
    outer loop
      vertex 17.2721 -62.7158 4.74
      vertex 17.7853 -62.6137 34.14
      vertex 17.2721 -62.7158 34.14
    endloop
  endfacet
  facet normal 0.195124 -0.980779 0
    outer loop
      vertex 17.7853 -62.6137 34.14
      vertex 17.2721 -62.7158 4.74
      vertex 17.7853 -62.6137 4.74
    endloop
  endfacet
  facet normal 0 -0.710137 -0.704064
    outer loop
      vertex 17.2697 -62.7059 4.74
      vertex 16.9915 -60.5842 2.6
      vertex 17.2708 -62.7059 4.74
    endloop
  endfacet
  facet normal 0.0462137 -0.706368 -0.706335
    outer loop
      vertex 16.9915 -60.5842 2.6
      vertex 17.2697 -62.7059 4.74
      vertex 16.75 -60.6 2.6
    endloop
  endfacet
  facet normal 0.466636 0.532289 -0.706342
    outer loop
      vertex 19.5714 -22.4286 4.74
      vertex 18.0582 -23.9418 2.6
      vertex 19.1798 -22.0853 4.74
    endloop
  endfacet
  facet normal -0.634841 -0.313139 -0.706343
    outer loop
      vertex -20.2059 -60.744 4.74
      vertex -20.4363 -60.2769 4.74
      vertex -18.4592 -59.458 2.6
    endloop
  endfacet
  facet normal -0.138092 -0.694263 -0.706349
    outer loop
      vertex -17.2708 -62.7059 4.74
      vertex -17.7816 -62.6043 4.74
      vertex -16.9915 -60.5842 2.6
    endloop
  endfacet
  facet normal 0.313139 0.634841 -0.706343
    outer loop
      vertex 18.744 -21.7941 4.74
      vertex 17.458 -23.5408 2.6
      vertex 18.2769 -21.5637 4.74
    endloop
  endfacet
  facet normal 0.227528 0.6703 -0.706349
    outer loop
      vertex 17.2288 -23.463 2.6
      vertex 17.7838 -21.3963 4.74
      vertex 17.458 -23.5408 2.6
    endloop
  endfacet
  facet normal 0.186056 0.682206 -0.707092
    outer loop
      vertex 17.7838 -21.3963 4.74
      vertex 17.2288 -23.463 2.6
      vertex 17.7827 -21.396 4.74
    endloop
  endfacet
  facet normal -0.0463468 -0.706347 -0.706347
    outer loop
      vertex -16.75 -62.74 4.74
      vertex -17.2697 -62.7059 4.74
      vertex -16.75 -60.6 2.6
    endloop
  endfacet
  facet normal -0.0462137 -0.706368 -0.706335
    outer loop
      vertex -17.2697 -62.7059 4.74
      vertex -16.9915 -60.5842 2.6
      vertex -16.75 -60.6 2.6
    endloop
  endfacet
  facet normal 0 -0.710137 -0.704064
    outer loop
      vertex -16.9915 -60.5842 2.6
      vertex -17.2697 -62.7059 4.74
      vertex -17.2708 -62.7059 4.74
    endloop
  endfacet
  facet normal 0.227555 -0.670294 -0.706347
    outer loop
      vertex 17.7838 -62.6037 4.74
      vertex 17.458 -60.4592 2.6
      vertex 18.2769 -62.4363 4.74
    endloop
  endfacet
  facet normal -0.997861 -0.0653646 0
    outer loop
      vertex -20.7158 -59.2721 4.74
      vertex -20.75 -58.75 34.14
      vertex -20.75 -58.75 4.74
    endloop
  endfacet
  facet normal -0.997861 -0.0653646 0
    outer loop
      vertex -20.75 -58.75 34.14
      vertex -20.7158 -59.2721 4.74
      vertex -20.7158 -59.2721 34.14
    endloop
  endfacet
  facet normal -0.532356 -0.466543 -0.706353
    outer loop
      vertex -19.9147 -61.1798 4.74
      vertex -18.2177 -59.8762 2.6
      vertex -18.0582 -60.0582 2.6
    endloop
  endfacet
  facet normal -0.502137 -0.502137 -0.704071
    outer loop
      vertex -18.2177 -59.8762 2.6
      vertex -19.9147 -61.1798 4.74
      vertex -19.9155 -61.179 4.74
    endloop
  endfacet
  facet normal -0.313282 0.634754 -0.706358
    outer loop
      vertex -17.675 -23.6479 2.6
      vertex -18.744 -21.7941 4.74
      vertex -17.458 -23.5408 2.6
    endloop
  endfacet
  facet normal -0.316512 0.633023 -0.706472
    outer loop
      vertex -18.744 -21.7941 4.74
      vertex -17.675 -23.6479 2.6
      vertex -18.745 -21.7946 4.74
    endloop
  endfacet
  facet normal -0.706347 0.0463468 -0.706347
    outer loop
      vertex -18.6 -25.25 2.6
      vertex -20.74 -25.25 4.74
      vertex -20.7059 -24.7303 4.74
    endloop
  endfacet
  facet normal -0.313139 0.634841 -0.706343
    outer loop
      vertex -17.458 -23.5408 2.6
      vertex -18.744 -21.7941 4.74
      vertex -18.2769 -21.5637 4.74
    endloop
  endfacet
  facet normal -0.393195 -0.588622 -0.706344
    outer loop
      vertex -19.178 -61.9161 4.74
      vertex -17.8762 -60.2177 2.6
      vertex -17.675 -60.3521 2.6
    endloop
  endfacet
  facet normal -0.364984 -0.608306 -0.704805
    outer loop
      vertex -17.8762 -60.2177 2.6
      vertex -19.178 -61.9161 4.74
      vertex -19.179 -61.9155 4.74
    endloop
  endfacet
  facet normal -0.896898 -0.442238 0
    outer loop
      vertex -20.2141 -60.75 4.74
      vertex -20.4455 -60.2807 34.14
      vertex -20.4455 -60.2807 4.74
    endloop
  endfacet
  facet normal -0.896898 -0.442238 0
    outer loop
      vertex -20.4455 -60.2807 34.14
      vertex -20.2141 -60.75 4.74
      vertex -20.2141 -60.75 34.14
    endloop
  endfacet
  facet normal 0.393247 0.58858 -0.70635
    outer loop
      vertex 19.178 -22.0839 4.74
      vertex 17.675 -23.6479 2.6
      vertex 18.745 -21.7946 4.74
    endloop
  endfacet
  facet normal -0.313282 -0.634754 -0.706358
    outer loop
      vertex -18.744 -62.2059 4.74
      vertex -17.675 -60.3521 2.6
      vertex -17.458 -60.4592 2.6
    endloop
  endfacet
  facet normal -0.316512 -0.633023 -0.706472
    outer loop
      vertex -17.675 -60.3521 2.6
      vertex -18.744 -62.2059 4.74
      vertex -18.745 -62.2054 4.74
    endloop
  endfacet
  facet normal -0.466636 0.532289 -0.706342
    outer loop
      vertex -18.0582 -23.9418 2.6
      vertex -19.5714 -22.4286 4.74
      vertex -19.1798 -22.0853 4.74
    endloop
  endfacet
  facet normal -0.532289 0.466636 -0.706342
    outer loop
      vertex -18.0582 -23.9418 2.6
      vertex -19.9147 -22.8202 4.74
      vertex -19.5714 -22.4286 4.74
    endloop
  endfacet
  facet normal -1 0 0
    outer loop
      vertex -20.75 -58.75 4.74
      vertex -20.75 58.75 34.14
      vertex -20.75 58.75 4.74
    endloop
  endfacet
  facet normal -1 -0 0
    outer loop
      vertex -20.75 58.75 34.14
      vertex -20.75 -58.75 4.74
      vertex -20.75 -58.75 34.14
    endloop
  endfacet
  facet normal 0.227555 0.670294 -0.706347
    outer loop
      vertex 18.2769 -21.5637 4.74
      vertex 17.458 -23.5408 2.6
      vertex 17.7838 -21.3963 4.74
    endloop
  endfacet
  facet normal 0.682206 -0.186056 -0.707092
    outer loop
      vertex 20.6037 -59.7838 4.74
      vertex 18.537 -59.2288 2.6
      vertex 20.604 -59.7827 4.74
    endloop
  endfacet
  facet normal 0.6703 -0.227528 -0.706349
    outer loop
      vertex 18.537 -59.2288 2.6
      vertex 20.6037 -59.7838 4.74
      vertex 18.4592 -59.458 2.6
    endloop
  endfacet
  facet normal -0.659343 -0.751842 0
    outer loop
      vertex -19.5784 -61.5784 4.74
      vertex -19.185 -61.9234 34.14
      vertex -19.5784 -61.5784 34.14
    endloop
  endfacet
  facet normal -0.659343 -0.751842 -0
    outer loop
      vertex -19.185 -61.9234 34.14
      vertex -19.5784 -61.5784 4.74
      vertex -19.185 -61.9234 4.74
    endloop
  endfacet
  facet normal -0.466636 -0.532289 -0.706342
    outer loop
      vertex -19.1798 -61.9147 4.74
      vertex -19.5714 -61.5714 4.74
      vertex -18.0582 -60.0582 2.6
    endloop
  endfacet
  facet normal -0.0653646 -0.997861 0
    outer loop
      vertex -17.2721 -62.7158 4.74
      vertex -16.75 -62.75 34.14
      vertex -17.2721 -62.7158 34.14
    endloop
  endfacet
  facet normal -0.0653646 -0.997861 -0
    outer loop
      vertex -16.75 -62.75 34.14
      vertex -17.2721 -62.7158 4.74
      vertex -16.75 -62.75 4.74
    endloop
  endfacet
  facet normal 0.706347 -0.0463468 -0.706347
    outer loop
      vertex 20.7059 -59.2697 4.74
      vertex 18.6 -58.75 2.6
      vertex 20.74 -58.75 4.74
    endloop
  endfacet
  facet normal 0.186056 -0.682206 -0.707092
    outer loop
      vertex 17.7816 -62.6043 4.74
      vertex 17.2288 -60.537 2.6
      vertex 17.7827 -62.604 4.74
    endloop
  endfacet
  facet normal 0.138092 -0.694263 -0.706349
    outer loop
      vertex 17.2288 -60.537 2.6
      vertex 17.7816 -62.6043 4.74
      vertex 16.9915 -60.5842 2.6
    endloop
  endfacet
  facet normal -0.138092 -0.694263 -0.706349
    outer loop
      vertex -17.7816 -62.6043 4.74
      vertex -17.2288 -60.537 2.6
      vertex -16.9915 -60.5842 2.6
    endloop
  endfacet
  facet normal -0.186056 -0.682206 -0.707092
    outer loop
      vertex -17.2288 -60.537 2.6
      vertex -17.7816 -62.6043 4.74
      vertex -17.7827 -62.604 4.74
    endloop
  endfacet
  facet normal 0.58858 0.393247 -0.70635
    outer loop
      vertex 20.2054 -23.255 4.74
      vertex 18.3521 -24.325 2.6
      vertex 19.9161 -22.822 4.74
    endloop
  endfacet
  facet normal -0.6703 0.227528 -0.706349
    outer loop
      vertex -18.537 -24.7712 2.6
      vertex -20.6037 -24.2162 4.74
      vertex -18.4592 -24.542 2.6
    endloop
  endfacet
  facet normal -0.682206 0.186056 -0.707092
    outer loop
      vertex -20.6037 -24.2162 4.74
      vertex -18.537 -24.7712 2.6
      vertex -20.604 -24.2173 4.74
    endloop
  endfacet
  facet normal 0.608306 -0.364984 -0.704805
    outer loop
      vertex 18.2177 -59.8762 2.6
      vertex 19.9161 -61.178 4.74
      vertex 19.9155 -61.179 4.74
    endloop
  endfacet
  facet normal 0.588622 -0.393195 -0.706344
    outer loop
      vertex 19.9161 -61.178 4.74
      vertex 18.2177 -59.8762 2.6
      vertex 18.3521 -59.675 2.6
    endloop
  endfacet
  facet normal -0.588622 0.393195 -0.706344
    outer loop
      vertex -19.9161 -22.822 4.74
      vertex -18.2177 -24.1238 2.6
      vertex -18.3521 -24.325 2.6
    endloop
  endfacet
  facet normal -0.608306 0.364984 -0.704805
    outer loop
      vertex -18.2177 -24.1238 2.6
      vertex -19.9161 -22.822 4.74
      vertex -19.9155 -22.821 4.74
    endloop
  endfacet
  facet normal -0.466543 0.532356 -0.706353
    outer loop
      vertex -19.1798 -22.0853 4.74
      vertex -17.8762 -23.7823 2.6
      vertex -18.0582 -23.9418 2.6
    endloop
  endfacet
  facet normal -0.502137 0.502137 -0.704071
    outer loop
      vertex -17.8762 -23.7823 2.6
      vertex -19.1798 -22.0853 4.74
      vertex -19.179 -22.0845 4.74
    endloop
  endfacet
  facet normal -0.58858 0.393247 -0.70635
    outer loop
      vertex -18.3521 -24.325 2.6
      vertex -20.2054 -23.255 4.74
      vertex -19.9161 -22.822 4.74
    endloop
  endfacet
  facet normal -0.6703 -0.227528 -0.706349
    outer loop
      vertex -20.6037 -59.7838 4.74
      vertex -18.537 -59.2288 2.6
      vertex -18.4592 -59.458 2.6
    endloop
  endfacet
  facet normal -0.682206 -0.186056 -0.707092
    outer loop
      vertex -18.537 -59.2288 2.6
      vertex -20.6037 -59.7838 4.74
      vertex -20.604 -59.7827 4.74
    endloop
  endfacet
  facet normal 0.94691 -0.321498 0
    outer loop
      vertex 20.4455 -60.2807 34.14
      vertex 20.6137 -59.7853 4.74
      vertex 20.6137 -59.7853 34.14
    endloop
  endfacet
  facet normal 0.94691 -0.321498 0
    outer loop
      vertex 20.6137 -59.7853 4.74
      vertex 20.4455 -60.2807 34.14
      vertex 20.4455 -60.2807 4.74
    endloop
  endfacet
  facet normal 0.710137 0 -0.704064
    outer loop
      vertex 18.5842 -58.9915 2.6
      vertex 20.7059 -59.2697 4.74
      vertex 20.7059 -59.2708 4.74
    endloop
  endfacet
  facet normal 0.706368 -0.0462137 -0.706335
    outer loop
      vertex 20.7059 -59.2697 4.74
      vertex 18.5842 -58.9915 2.6
      vertex 18.6 -58.75 2.6
    endloop
  endfacet
  facet normal -0.694263 -0.138092 -0.706349
    outer loop
      vertex -20.6043 -59.7816 4.74
      vertex -20.7059 -59.2708 4.74
      vertex -18.5842 -58.9915 2.6
    endloop
  endfacet
  facet normal 0.138092 -0.694263 -0.706349
    outer loop
      vertex 17.2708 -62.7059 4.74
      vertex 16.9915 -60.5842 2.6
      vertex 17.7816 -62.6043 4.74
    endloop
  endfacet
  facet normal 0.502137 -0.502137 -0.704071
    outer loop
      vertex 19.9147 -61.1798 4.74
      vertex 18.2177 -59.8762 2.6
      vertex 19.9155 -61.179 4.74
    endloop
  endfacet
  facet normal 0.532356 -0.466543 -0.706353
    outer loop
      vertex 18.2177 -59.8762 2.6
      vertex 19.9147 -61.1798 4.74
      vertex 18.0582 -60.0582 2.6
    endloop
  endfacet
  facet normal 0.58858 -0.393247 -0.70635
    outer loop
      vertex 19.9161 -61.178 4.74
      vertex 18.3521 -59.675 2.6
      vertex 20.2054 -60.745 4.74
    endloop
  endfacet
  facet normal 0.896898 -0.442238 0
    outer loop
      vertex 20.2141 -60.75 34.14
      vertex 20.4455 -60.2807 4.74
      vertex 20.4455 -60.2807 34.14
    endloop
  endfacet
  facet normal 0.896898 -0.442238 0
    outer loop
      vertex 20.4455 -60.2807 4.74
      vertex 20.2141 -60.75 34.14
      vertex 20.2141 -60.75 4.74
    endloop
  endfacet
  facet normal -0.633023 -0.316512 -0.706472
    outer loop
      vertex -20.2059 -60.744 4.74
      vertex -18.3521 -59.675 2.6
      vertex -20.2054 -60.745 4.74
    endloop
  endfacet
  facet normal -0.634754 -0.313282 -0.706358
    outer loop
      vertex -18.3521 -59.675 2.6
      vertex -20.2059 -60.744 4.74
      vertex -18.4592 -59.458 2.6
    endloop
  endfacet
  facet normal -0.393195 0.588622 -0.706344
    outer loop
      vertex -17.8762 -23.7823 2.6
      vertex -19.178 -22.0839 4.74
      vertex -17.675 -23.6479 2.6
    endloop
  endfacet
  facet normal -0.364984 0.608306 -0.704805
    outer loop
      vertex -19.178 -22.0839 4.74
      vertex -17.8762 -23.7823 2.6
      vertex -19.179 -22.0845 4.74
    endloop
  endfacet
  facet normal 0.694263 0.138092 -0.706349
    outer loop
      vertex 18.537 -24.7712 2.6
      vertex 20.6043 -24.2184 4.74
      vertex 18.5842 -25.0085 2.6
    endloop
  endfacet
  facet normal 0.682206 0.186056 -0.707092
    outer loop
      vertex 20.6043 -24.2184 4.74
      vertex 18.537 -24.7712 2.6
      vertex 20.604 -24.2173 4.74
    endloop
  endfacet
  facet normal 0.707107 0 -0.707107
    outer loop
      vertex 20.74 -58.75 4.74
      vertex 18.6 -25.25 2.6
      vertex 20.74 -25.25 4.74
    endloop
  endfacet
  facet normal 0.707107 0 -0.707107
    outer loop
      vertex 18.6 -25.25 2.6
      vertex 20.74 -58.75 4.74
      vertex 18.6 -58.75 2.6
    endloop
  endfacet
  facet normal 0.682206 -0.186056 -0.707092
    outer loop
      vertex 18.537 -59.2288 2.6
      vertex 20.6043 -59.7816 4.74
      vertex 20.604 -59.7827 4.74
    endloop
  endfacet
  facet normal 0.694263 -0.138092 -0.706349
    outer loop
      vertex 20.6043 -59.7816 4.74
      vertex 18.537 -59.2288 2.6
      vertex 18.5842 -58.9915 2.6
    endloop
  endfacet
  facet normal 0 0.707107 -0.707107
    outer loop
      vertex 16.75 -23.4 2.6
      vertex -16.75 -21.26 4.74
      vertex 16.75 -21.26 4.74
    endloop
  endfacet
  facet normal 0 0.707107 -0.707107
    outer loop
      vertex -16.75 -21.26 4.74
      vertex 16.75 -23.4 2.6
      vertex -16.75 -23.4 2.6
    endloop
  endfacet
  facet normal -0.138092 0.694263 -0.706349
    outer loop
      vertex -16.9915 -23.4158 2.6
      vertex -17.7816 -21.3957 4.74
      vertex -17.2708 -21.2941 4.74
    endloop
  endfacet
  facet normal -0.313139 -0.634841 -0.706343
    outer loop
      vertex -18.2769 -62.4363 4.74
      vertex -18.744 -62.2059 4.74
      vertex -17.458 -60.4592 2.6
    endloop
  endfacet
  facet normal 0.0653646 -0.997861 0
    outer loop
      vertex 16.75 -62.75 4.74
      vertex 17.2721 -62.7158 34.14
      vertex 16.75 -62.75 34.14
    endloop
  endfacet
  facet normal 0.0653646 -0.997861 0
    outer loop
      vertex 17.2721 -62.7158 34.14
      vertex 16.75 -62.75 4.74
      vertex 17.2721 -62.7158 4.74
    endloop
  endfacet
  facet normal -0.195124 -0.980779 0
    outer loop
      vertex -17.7853 -62.6137 4.74
      vertex -17.2721 -62.7158 34.14
      vertex -17.7853 -62.6137 34.14
    endloop
  endfacet
  facet normal -0.195124 -0.980779 -0
    outer loop
      vertex -17.2721 -62.7158 34.14
      vertex -17.7853 -62.6137 4.74
      vertex -17.2721 -62.7158 4.74
    endloop
  endfacet
  facet normal -0.555626 -0.831432 0
    outer loop
      vertex -19.185 -61.9234 4.74
      vertex -18.75 -62.2141 34.14
      vertex -19.185 -61.9234 34.14
    endloop
  endfacet
  facet normal -0.555626 -0.831432 -0
    outer loop
      vertex -18.75 -62.2141 34.14
      vertex -19.185 -61.9234 4.74
      vertex -18.75 -62.2141 4.74
    endloop
  endfacet
  facet normal 0 -1 0
    outer loop
      vertex -16.75 -62.75 4.74
      vertex 16.75 -62.75 34.14
      vertex -16.75 -62.75 34.14
    endloop
  endfacet
  facet normal 0 -1 -0
    outer loop
      vertex 16.75 -62.75 34.14
      vertex -16.75 -62.75 4.74
      vertex 16.75 -62.75 4.74
    endloop
  endfacet
  facet normal -0.694263 0.138092 -0.706349
    outer loop
      vertex -20.6043 -24.2184 4.74
      vertex -18.537 -24.7712 2.6
      vertex -18.5842 -25.0085 2.6
    endloop
  endfacet
  facet normal -0.682206 0.186056 -0.707092
    outer loop
      vertex -18.537 -24.7712 2.6
      vertex -20.6043 -24.2184 4.74
      vertex -20.604 -24.2173 4.74
    endloop
  endfacet
  facet normal -0.706368 0.0462137 -0.706335
    outer loop
      vertex -20.7059 -24.7303 4.74
      vertex -18.5842 -25.0085 2.6
      vertex -18.6 -25.25 2.6
    endloop
  endfacet
  facet normal -0.710137 0 -0.704064
    outer loop
      vertex -18.5842 -25.0085 2.6
      vertex -20.7059 -24.7303 4.74
      vertex -20.7059 -24.7292 4.74
    endloop
  endfacet
  facet normal -0.706347 -0.0463468 -0.706347
    outer loop
      vertex -20.7059 -59.2697 4.74
      vertex -20.74 -58.75 4.74
      vertex -18.6 -58.75 2.6
    endloop
  endfacet
  facet normal 0.364984 -0.608306 -0.704805
    outer loop
      vertex 19.178 -61.9161 4.74
      vertex 17.8762 -60.2177 2.6
      vertex 19.179 -61.9155 4.74
    endloop
  endfacet
  facet normal 0.393195 -0.588622 -0.706344
    outer loop
      vertex 17.8762 -60.2177 2.6
      vertex 19.178 -61.9161 4.74
      vertex 17.675 -60.3521 2.6
    endloop
  endfacet
  facet normal 0.316512 0.633023 -0.706472
    outer loop
      vertex 17.675 -23.6479 2.6
      vertex 18.744 -21.7941 4.74
      vertex 18.745 -21.7946 4.74
    endloop
  endfacet
  facet normal 0.313282 0.634754 -0.706358
    outer loop
      vertex 18.744 -21.7941 4.74
      vertex 17.675 -23.6479 2.6
      vertex 17.458 -23.5408 2.6
    endloop
  endfacet
  facet normal -0.532356 0.466543 -0.706353
    outer loop
      vertex -18.2177 -24.1238 2.6
      vertex -19.9147 -22.8202 4.74
      vertex -18.0582 -23.9418 2.6
    endloop
  endfacet
  facet normal -0.502137 0.502137 -0.704071
    outer loop
      vertex -19.9147 -22.8202 4.74
      vertex -18.2177 -24.1238 2.6
      vertex -19.9155 -22.821 4.74
    endloop
  endfacet
  facet normal 0.364984 0.608306 -0.704805
    outer loop
      vertex 17.8762 -23.7823 2.6
      vertex 19.178 -22.0839 4.74
      vertex 19.179 -22.0845 4.74
    endloop
  endfacet
  facet normal 0.393195 0.588622 -0.706344
    outer loop
      vertex 19.178 -22.0839 4.74
      vertex 17.8762 -23.7823 2.6
      vertex 17.675 -23.6479 2.6
    endloop
  endfacet
  facet normal 0.466543 0.532356 -0.706353
    outer loop
      vertex 17.8762 -23.7823 2.6
      vertex 19.1798 -22.0853 4.74
      vertex 18.0582 -23.9418 2.6
    endloop
  endfacet
  facet normal 0.502137 0.502137 -0.704071
    outer loop
      vertex 19.1798 -22.0853 4.74
      vertex 17.8762 -23.7823 2.6
      vertex 19.179 -22.0845 4.74
    endloop
  endfacet
  facet normal 0.502137 -0.502137 -0.704071
    outer loop
      vertex 17.8762 -60.2177 2.6
      vertex 19.1798 -61.9147 4.74
      vertex 19.179 -61.9155 4.74
    endloop
  endfacet
  facet normal 0.466543 -0.532356 -0.706353
    outer loop
      vertex 19.1798 -61.9147 4.74
      vertex 17.8762 -60.2177 2.6
      vertex 18.0582 -60.0582 2.6
    endloop
  endfacet
  facet normal 0.694263 0.138092 -0.706349
    outer loop
      vertex 20.7059 -24.7292 4.74
      vertex 18.5842 -25.0085 2.6
      vertex 20.6043 -24.2184 4.74
    endloop
  endfacet
  facet normal -0.831432 -0.555626 0
    outer loop
      vertex -19.9234 -61.185 4.74
      vertex -20.2141 -60.75 34.14
      vertex -20.2141 -60.75 4.74
    endloop
  endfacet
  facet normal -0.831432 -0.555626 0
    outer loop
      vertex -20.2141 -60.75 34.14
      vertex -19.9234 -61.185 4.74
      vertex -19.9234 -61.185 34.14
    endloop
  endfacet
  facet normal 0.694263 -0.138092 -0.706349
    outer loop
      vertex 20.6043 -59.7816 4.74
      vertex 18.5842 -58.9915 2.6
      vertex 20.7059 -59.2708 4.74
    endloop
  endfacet
  facet normal 0.393247 -0.58858 -0.70635
    outer loop
      vertex 18.745 -62.2054 4.74
      vertex 17.675 -60.3521 2.6
      vertex 19.178 -61.9161 4.74
    endloop
  endfacet
  facet normal -0.682206 -0.186056 -0.707092
    outer loop
      vertex -20.6043 -59.7816 4.74
      vertex -18.537 -59.2288 2.6
      vertex -20.604 -59.7827 4.74
    endloop
  endfacet
  facet normal -0.694263 -0.138092 -0.706349
    outer loop
      vertex -18.537 -59.2288 2.6
      vertex -20.6043 -59.7816 4.74
      vertex -18.5842 -58.9915 2.6
    endloop
  endfacet
  facet normal 0.532289 -0.466636 -0.706342
    outer loop
      vertex 19.5714 -61.5714 4.74
      vertex 18.0582 -60.0582 2.6
      vertex 19.9147 -61.1798 4.74
    endloop
  endfacet
  facet normal 0.659343 -0.751842 0
    outer loop
      vertex 19.185 -61.9234 4.74
      vertex 19.5784 -61.5784 34.14
      vertex 19.185 -61.9234 34.14
    endloop
  endfacet
  facet normal 0.659343 -0.751842 0
    outer loop
      vertex 19.5784 -61.5784 34.14
      vertex 19.185 -61.9234 4.74
      vertex 19.5784 -61.5784 4.74
    endloop
  endfacet
  facet normal -0.393247 0.58858 -0.70635
    outer loop
      vertex -17.675 -23.6479 2.6
      vertex -19.178 -22.0839 4.74
      vertex -18.745 -21.7946 4.74
    endloop
  endfacet
  facet normal -0.58858 -0.393247 -0.70635
    outer loop
      vertex -19.9161 -61.178 4.74
      vertex -20.2054 -60.745 4.74
      vertex -18.3521 -59.675 2.6
    endloop
  endfacet
  facet normal 0.706368 0.0462137 -0.706335
    outer loop
      vertex 18.5842 -25.0085 2.6
      vertex 20.7059 -24.7303 4.74
      vertex 18.6 -25.25 2.6
    endloop
  endfacet
  facet normal 0.710137 0 -0.704064
    outer loop
      vertex 20.7059 -24.7303 4.74
      vertex 18.5842 -25.0085 2.6
      vertex 20.7059 -24.7292 4.74
    endloop
  endfacet
  facet normal 0.634754 0.313282 -0.706358
    outer loop
      vertex 18.3521 -24.325 2.6
      vertex 20.2059 -23.256 4.74
      vertex 18.4592 -24.542 2.6
    endloop
  endfacet
  facet normal 0.633023 0.316512 -0.706472
    outer loop
      vertex 20.2059 -23.256 4.74
      vertex 18.3521 -24.325 2.6
      vertex 20.2054 -23.255 4.74
    endloop
  endfacet
  facet normal 0.634841 0.313139 -0.706343
    outer loop
      vertex 20.4363 -23.7231 4.74
      vertex 18.4592 -24.542 2.6
      vertex 20.2059 -23.256 4.74
    endloop
  endfacet
  facet normal 0.0463468 0.706347 -0.706347
    outer loop
      vertex 17.2697 -21.2941 4.74
      vertex 16.75 -23.4 2.6
      vertex 16.75 -21.26 4.74
    endloop
  endfacet
  facet normal -0.138092 0.694263 -0.706349
    outer loop
      vertex -17.2288 -23.463 2.6
      vertex -17.7816 -21.3957 4.74
      vertex -16.9915 -23.4158 2.6
    endloop
  endfacet
  facet normal -0.186056 0.682206 -0.707092
    outer loop
      vertex -17.7816 -21.3957 4.74
      vertex -17.2288 -23.463 2.6
      vertex -17.7827 -21.396 4.74
    endloop
  endfacet
  facet normal -0.694263 0.138092 -0.706349
    outer loop
      vertex -18.5842 -25.0085 2.6
      vertex -20.7059 -24.7292 4.74
      vertex -20.6043 -24.2184 4.74
    endloop
  endfacet
  facet normal -0.0463468 0.706347 -0.706347
    outer loop
      vertex -16.75 -23.4 2.6
      vertex -17.2697 -21.2941 4.74
      vertex -16.75 -21.26 4.74
    endloop
  endfacet
  facet normal -0.442238 -0.896898 0
    outer loop
      vertex -18.75 -62.2141 4.74
      vertex -18.2807 -62.4455 34.14
      vertex -18.75 -62.2141 34.14
    endloop
  endfacet
  facet normal -0.442238 -0.896898 -0
    outer loop
      vertex -18.2807 -62.4455 34.14
      vertex -18.75 -62.2141 4.74
      vertex -18.2807 -62.4455 4.74
    endloop
  endfacet
  facet normal -0.0462137 0.706368 -0.706335
    outer loop
      vertex -16.9915 -23.4158 2.6
      vertex -17.2697 -21.2941 4.74
      vertex -16.75 -23.4 2.6
    endloop
  endfacet
  facet normal 0 0.710137 -0.704064
    outer loop
      vertex -17.2697 -21.2941 4.74
      vertex -16.9915 -23.4158 2.6
      vertex -17.2708 -21.2941 4.74
    endloop
  endfacet
  facet normal 0.831432 -0.555626 0
    outer loop
      vertex 19.9234 -61.185 34.14
      vertex 20.2141 -60.75 4.74
      vertex 20.2141 -60.75 34.14
    endloop
  endfacet
  facet normal 0.831432 -0.555626 0
    outer loop
      vertex 20.2141 -60.75 4.74
      vertex 19.9234 -61.185 34.14
      vertex 19.9234 -61.185 4.74
    endloop
  endfacet
  facet normal -0.94691 -0.321498 0
    outer loop
      vertex -20.4455 -60.2807 4.74
      vertex -20.6137 -59.7853 34.14
      vertex -20.6137 -59.7853 4.74
    endloop
  endfacet
  facet normal -0.94691 -0.321498 0
    outer loop
      vertex -20.6137 -59.7853 34.14
      vertex -20.4455 -60.2807 4.74
      vertex -20.4455 -60.2807 34.14
    endloop
  endfacet
  facet normal 0.634841 -0.313139 -0.706343
    outer loop
      vertex 20.2059 -60.744 4.74
      vertex 18.4592 -59.458 2.6
      vertex 20.4363 -60.2769 4.74
    endloop
  endfacet
  facet normal 0.670294 -0.227555 -0.706347
    outer loop
      vertex 20.4363 -60.2769 4.74
      vertex 18.4592 -59.458 2.6
      vertex 20.6037 -59.7838 4.74
    endloop
  endfacet
  facet normal 0.502137 0.502137 -0.704071
    outer loop
      vertex 18.2177 -24.1238 2.6
      vertex 19.9147 -22.8202 4.74
      vertex 19.9155 -22.821 4.74
    endloop
  endfacet
  facet normal 0.532356 0.466543 -0.706353
    outer loop
      vertex 19.9147 -22.8202 4.74
      vertex 18.2177 -24.1238 2.6
      vertex 18.0582 -23.9418 2.6
    endloop
  endfacet
  facet normal 0.532289 0.466636 -0.706342
    outer loop
      vertex 19.9147 -22.8202 4.74
      vertex 18.0582 -23.9418 2.6
      vertex 19.5714 -22.4286 4.74
    endloop
  endfacet
  facet normal 0.138092 0.694263 -0.706349
    outer loop
      vertex 17.7816 -21.3957 4.74
      vertex 16.9915 -23.4158 2.6
      vertex 17.2708 -21.2941 4.74
    endloop
  endfacet
  facet normal -0.634841 0.313139 -0.706343
    outer loop
      vertex -18.4592 -24.542 2.6
      vertex -20.4363 -23.7231 4.74
      vertex -20.2059 -23.256 4.74
    endloop
  endfacet
  facet normal -0.670294 0.227555 -0.706347
    outer loop
      vertex -18.4592 -24.542 2.6
      vertex -20.6037 -24.2162 4.74
      vertex -20.4363 -23.7231 4.74
    endloop
  endfacet
  facet normal -0.634754 0.313282 -0.706358
    outer loop
      vertex -20.2059 -23.256 4.74
      vertex -18.3521 -24.325 2.6
      vertex -18.4592 -24.542 2.6
    endloop
  endfacet
  facet normal -0.633023 0.316512 -0.706472
    outer loop
      vertex -18.3521 -24.325 2.6
      vertex -20.2059 -23.256 4.74
      vertex -20.2054 -23.255 4.74
    endloop
  endfacet
  facet normal 0.980779 -0.195124 0
    outer loop
      vertex 20.6137 -59.7853 34.14
      vertex 20.7158 -59.2721 4.74
      vertex 20.7158 -59.2721 34.14
    endloop
  endfacet
  facet normal 0.980779 -0.195124 0
    outer loop
      vertex 20.7158 -59.2721 4.74
      vertex 20.6137 -59.7853 34.14
      vertex 20.6137 -59.7853 4.74
    endloop
  endfacet
  facet normal 0.442238 -0.896898 0
    outer loop
      vertex 18.2807 -62.4455 4.74
      vertex 18.75 -62.2141 34.14
      vertex 18.2807 -62.4455 34.14
    endloop
  endfacet
  facet normal 0.442238 -0.896898 0
    outer loop
      vertex 18.75 -62.2141 34.14
      vertex 18.2807 -62.4455 4.74
      vertex 18.75 -62.2141 4.74
    endloop
  endfacet
  facet normal 0.555626 -0.831432 0
    outer loop
      vertex 18.75 -62.2141 4.74
      vertex 19.185 -61.9234 34.14
      vertex 18.75 -62.2141 34.14
    endloop
  endfacet
  facet normal 0.555626 -0.831432 0
    outer loop
      vertex 19.185 -61.9234 34.14
      vertex 18.75 -62.2141 4.74
      vertex 19.185 -61.9234 4.74
    endloop
  endfacet
  facet normal 0.682206 0.186056 -0.707092
    outer loop
      vertex 18.537 -24.7712 2.6
      vertex 20.6037 -24.2162 4.74
      vertex 20.604 -24.2173 4.74
    endloop
  endfacet
  facet normal 0.6703 0.227528 -0.706349
    outer loop
      vertex 20.6037 -24.2162 4.74
      vertex 18.537 -24.7712 2.6
      vertex 18.4592 -24.542 2.6
    endloop
  endfacet
  facet normal 0.670294 0.227555 -0.706347
    outer loop
      vertex 20.6037 -24.2162 4.74
      vertex 18.4592 -24.542 2.6
      vertex 20.4363 -23.7231 4.74
    endloop
  endfacet
  facet normal -0.227528 0.6703 -0.706349
    outer loop
      vertex -17.7838 -21.3963 4.74
      vertex -17.2288 -23.463 2.6
      vertex -17.458 -23.5408 2.6
    endloop
  endfacet
  facet normal -0.186056 0.682206 -0.707092
    outer loop
      vertex -17.2288 -23.463 2.6
      vertex -17.7838 -21.3963 4.74
      vertex -17.7827 -21.396 4.74
    endloop
  endfacet
  facet normal -0.980779 -0.195124 0
    outer loop
      vertex -20.6137 -59.7853 4.74
      vertex -20.7158 -59.2721 34.14
      vertex -20.7158 -59.2721 4.74
    endloop
  endfacet
  facet normal -0.980779 -0.195124 0
    outer loop
      vertex -20.7158 -59.2721 34.14
      vertex -20.6137 -59.7853 4.74
      vertex -20.6137 -59.7853 34.14
    endloop
  endfacet
  facet normal 0.321498 -0.94691 0
    outer loop
      vertex 17.7853 -62.6137 4.74
      vertex 18.2807 -62.4455 34.14
      vertex 17.7853 -62.6137 34.14
    endloop
  endfacet
  facet normal 0.321498 -0.94691 0
    outer loop
      vertex 18.2807 -62.4455 34.14
      vertex 17.7853 -62.6137 4.74
      vertex 18.2807 -62.4455 4.74
    endloop
  endfacet
  facet normal 0.466538 -0.532351 -0.70636
    outer loop
      vertex 17.8762 -18.2177 0.799999
      vertex 17.3892 -17.583 0
      vertex 18.0582 -18.0582 0.799999
    endloop
  endfacet
  facet normal 0.313285 -0.634761 -0.70635
    outer loop
      vertex 17.458 -18.4592 0.799999
      vertex 17.1518 -17.7201 0
      vertex 17.675 -18.3521 0.799999
    endloop
  endfacet
  facet normal -0.313265 -0.634774 -0.706348
    outer loop
      vertex -17.1518 -17.7201 0
      vertex -17.675 -18.3521 0.799999
      vertex -17.275 -17.6593 0
    endloop
  endfacet
  facet normal 0.393191 -0.588617 -0.70635
    outer loop
      vertex 17.675 -18.3521 0.799999
      vertex 17.3892 -17.583 0
      vertex 17.8762 -18.2177 0.799999
    endloop
  endfacet
  facet normal -0.0463684 0.706346 -0.706347
    outer loop
      vertex -16.75 17.8 0
      vertex -16.8871 17.791 0
      vertex -16.75 18.6 0.799999
    endloop
  endfacet
  facet normal 0.138125 0.694234 -0.706371
    outer loop
      vertex 17.0218 17.7642 0
      vertex 16.8871 17.791 0
      vertex 17.2288 18.537 0.799999
    endloop
  endfacet
  facet normal -0.532351 -0.466538 -0.70636
    outer loop
      vertex -18.0582 -18.0582 0.799999
      vertex -18.2177 -17.8762 0.799999
      vertex -17.583 -17.3892 0
    endloop
  endfacet
  facet normal -0.466538 -0.532351 -0.70636
    outer loop
      vertex -17.8762 -18.2177 0.799999
      vertex -18.0582 -18.0582 0.799999
      vertex -17.3892 -17.583 0
    endloop
  endfacet
  facet normal 0 -0.707106 -0.707107
    outer loop
      vertex -16.75 -18.6 0.799999
      vertex 16.75 -17.8 0
      vertex 16.75 -18.6 0.799999
    endloop
  endfacet
  facet normal -0 -0.707106 -0.707107
    outer loop
      vertex 16.75 -17.8 0
      vertex -16.75 -18.6 0.799999
      vertex -16.75 -17.8 0
    endloop
  endfacet
  facet normal -0.313285 -0.634761 -0.70635
    outer loop
      vertex -17.458 -18.4592 0.799999
      vertex -17.675 -18.3521 0.799999
      vertex -17.1518 -17.7201 0
    endloop
  endfacet
  facet normal 0.670323 0.227394 -0.706371
    outer loop
      vertex 17.7642 17.0218 0
      vertex 17.7201 17.1518 0
      vertex 18.537 17.2288 0.799999
    endloop
  endfacet
  facet normal -0.588617 -0.393191 -0.70635
    outer loop
      vertex -18.2177 -17.8762 0.799999
      vertex -18.3521 -17.675 0.799999
      vertex -17.583 -17.3892 0
    endloop
  endfacet
  facet normal -0.393191 -0.588617 -0.70635
    outer loop
      vertex -17.675 -18.3521 0.799999
      vertex -17.8762 -18.2177 0.799999
      vertex -17.3892 -17.583 0
    endloop
  endfacet
  facet normal -0.946934 0.321429 0
    outer loop
      vertex -18.537 17.2288 0.799999
      vertex -18.4592 17.458 2.6
      vertex -18.4592 17.458 0.799999
    endloop
  endfacet
  facet normal -0.946934 0.321429 0
    outer loop
      vertex -18.4592 17.458 2.6
      vertex -18.537 17.2288 0.799999
      vertex -18.537 17.2288 2.6
    endloop
  endfacet
  facet normal -0.752065 -0.65909 0
    outer loop
      vertex -18.0582 -18.0582 0.799999
      vertex -18.2177 -17.8762 2.6
      vertex -18.2177 -17.8762 0.799999
    endloop
  endfacet
  facet normal -0.752065 -0.65909 0
    outer loop
      vertex -18.2177 -17.8762 2.6
      vertex -18.0582 -18.0582 0.799999
      vertex -18.0582 -18.0582 2.6
    endloop
  endfacet
  facet normal -0.0652849 -0.997867 0
    outer loop
      vertex -16.9915 -18.5842 0.799999
      vertex -16.75 -18.6 2.6
      vertex -16.9915 -18.5842 2.6
    endloop
  endfacet
  facet normal -0.0652849 -0.997867 -0
    outer loop
      vertex -16.75 -18.6 2.6
      vertex -16.9915 -18.5842 0.799999
      vertex -16.75 -18.6 0.799999
    endloop
  endfacet
  facet normal 1 -0 0
    outer loop
      vertex 18.6 -16.75 2.6
      vertex 18.6 16.75 0.799999
      vertex 18.6 16.75 2.6
    endloop
  endfacet
  facet normal 1 0 0
    outer loop
      vertex 18.6 16.75 0.799999
      vertex 18.6 -16.75 2.6
      vertex 18.6 -16.75 0.799999
    endloop
  endfacet
  facet normal 0 -1 0
    outer loop
      vertex -16.75 -18.6 0.799999
      vertex 16.75 -18.6 2.6
      vertex -16.75 -18.6 2.6
    endloop
  endfacet
  facet normal 0 -1 -0
    outer loop
      vertex 16.75 -18.6 2.6
      vertex -16.75 -18.6 0.799999
      vertex 16.75 -18.6 0.799999
    endloop
  endfacet
  facet normal 0.393191 0.588617 -0.70635
    outer loop
      vertex 17.8762 18.2177 0.799999
      vertex 17.3892 17.583 0
      vertex 17.675 18.3521 0.799999
    endloop
  endfacet
  facet normal -0.588587 -0.39325 -0.706342
    outer loop
      vertex -17.583 -17.3892 0
      vertex -18.3521 -17.675 0.799999
      vertex -17.6593 -17.275 0
    endloop
  endfacet
  facet normal 0.634761 0.313285 -0.70635
    outer loop
      vertex 18.4592 17.458 0.799999
      vertex 17.7201 17.1518 0
      vertex 18.3521 17.675 0.799999
    endloop
  endfacet
  facet normal -0.466462 -0.532436 -0.706346
    outer loop
      vertex -17.3892 -17.583 0
      vertex -18.0582 -18.0582 0.799999
      vertex -17.4925 -17.4925 0
    endloop
  endfacet
  facet normal 0 0.707106 -0.707107
    outer loop
      vertex -16.75 17.8 0
      vertex 16.75 18.6 0.799999
      vertex 16.75 17.8 0
    endloop
  endfacet
  facet normal 0 0.707106 -0.707107
    outer loop
      vertex 16.75 18.6 0.799999
      vertex -16.75 17.8 0
      vertex -16.75 18.6 0.799999
    endloop
  endfacet
  facet normal 0.694246 0.138089 -0.706367
    outer loop
      vertex 18.5842 16.9915 0.799999
      vertex 17.791 16.8871 0
      vertex 18.537 17.2288 0.799999
    endloop
  endfacet
  facet normal -0.321429 0.946934 0
    outer loop
      vertex -17.2288 18.537 0.799999
      vertex -17.458 18.4592 2.6
      vertex -17.2288 18.537 2.6
    endloop
  endfacet
  facet normal -0.321429 0.946934 0
    outer loop
      vertex -17.458 18.4592 2.6
      vertex -17.2288 18.537 0.799999
      vertex -17.458 18.4592 0.799999
    endloop
  endfacet
  facet normal -0.39325 -0.588587 -0.706342
    outer loop
      vertex -17.275 -17.6593 0
      vertex -17.675 -18.3521 0.799999
      vertex -17.3892 -17.583 0
    endloop
  endfacet
  facet normal -0.65909 -0.752065 0
    outer loop
      vertex -18.0582 -18.0582 0.799999
      vertex -17.8762 -18.2177 2.6
      vertex -18.0582 -18.0582 2.6
    endloop
  endfacet
  facet normal -0.65909 -0.752065 -0
    outer loop
      vertex -17.8762 -18.2177 2.6
      vertex -18.0582 -18.0582 0.799999
      vertex -17.8762 -18.2177 0.799999
    endloop
  endfacet
  facet normal -1 0 0
    outer loop
      vertex -18.6 -16.75 0.799999
      vertex -18.6 16.75 2.6
      vertex -18.6 16.75 0.799999
    endloop
  endfacet
  facet normal -1 -0 0
    outer loop
      vertex -18.6 16.75 2.6
      vertex -18.6 -16.75 0.799999
      vertex -18.6 -16.75 2.6
    endloop
  endfacet
  facet normal -0.138125 -0.694234 -0.706371
    outer loop
      vertex -16.8871 -17.791 0
      vertex -17.2288 -18.537 0.799999
      vertex -17.0218 -17.7642 0
    endloop
  endfacet
  facet normal 0.670295 -0.227526 -0.706355
    outer loop
      vertex 18.4592 -17.458 0.799999
      vertex 17.7201 -17.1518 0
      vertex 18.537 -17.2288 0.799999
    endloop
  endfacet
  facet normal 0.532436 0.466462 -0.706346
    outer loop
      vertex 17.583 17.3892 0
      vertex 17.4925 17.4925 0
      vertex 18.0582 18.0582 0.799999
    endloop
  endfacet
  facet normal -0.532436 -0.466462 -0.706346
    outer loop
      vertex -17.4925 -17.4925 0
      vertex -18.0582 -18.0582 0.799999
      vertex -17.583 -17.3892 0
    endloop
  endfacet
  facet normal 0.946934 0.321429 0
    outer loop
      vertex 18.537 17.2288 2.6
      vertex 18.4592 17.458 0.799999
      vertex 18.4592 17.458 2.6
    endloop
  endfacet
  facet normal 0.946934 0.321429 0
    outer loop
      vertex 18.4592 17.458 0.799999
      vertex 18.537 17.2288 2.6
      vertex 18.537 17.2288 0.799999
    endloop
  endfacet
  facet normal 0 1 -0
    outer loop
      vertex 16.75 18.6 0.799999
      vertex -16.75 18.6 2.6
      vertex 16.75 18.6 2.6
    endloop
  endfacet
  facet normal 0 1 0
    outer loop
      vertex -16.75 18.6 2.6
      vertex 16.75 18.6 0.799999
      vertex -16.75 18.6 0.799999
    endloop
  endfacet
  facet normal 0.707106 0 -0.707107
    outer loop
      vertex 17.8 -16.75 0
      vertex 18.6 16.75 0.799999
      vertex 18.6 -16.75 0.799999
    endloop
  endfacet
  facet normal 0.707106 0 -0.707107
    outer loop
      vertex 18.6 16.75 0.799999
      vertex 17.8 -16.75 0
      vertex 17.8 16.75 0
    endloop
  endfacet
  facet normal 0.0462117 -0.706338 -0.706365
    outer loop
      vertex 16.9915 -18.5842 0.799999
      vertex 16.75 -18.6 0.799999
      vertex 16.8871 -17.791 0
    endloop
  endfacet
  facet normal -0.980787 -0.195083 0
    outer loop
      vertex -18.537 -17.2288 0.799999
      vertex -18.5842 -16.9915 2.6
      vertex -18.5842 -16.9915 0.799999
    endloop
  endfacet
  facet normal -0.980787 -0.195083 0
    outer loop
      vertex -18.5842 -16.9915 2.6
      vertex -18.537 -17.2288 0.799999
      vertex -18.537 -17.2288 2.6
    endloop
  endfacet
  facet normal 0.706338 -0.0462117 -0.706365
    outer loop
      vertex 18.5842 -16.9915 0.799999
      vertex 17.791 -16.8871 0
      vertex 18.6 -16.75 0.799999
    endloop
  endfacet
  facet normal 0.694246 -0.138089 -0.706367
    outer loop
      vertex 18.537 -17.2288 0.799999
      vertex 17.791 -16.8871 0
      vertex 18.5842 -16.9915 0.799999
    endloop
  endfacet
  facet normal 0.138089 0.694246 -0.706367
    outer loop
      vertex 17.2288 18.537 0.799999
      vertex 16.8871 17.791 0
      vertex 16.9915 18.5842 0.799999
    endloop
  endfacet
  facet normal -0.0462117 0.706338 -0.706365
    outer loop
      vertex -16.8871 17.791 0
      vertex -16.9915 18.5842 0.799999
      vertex -16.75 18.6 0.799999
    endloop
  endfacet
  facet normal 0.634761 -0.313285 -0.70635
    outer loop
      vertex 18.3521 -17.675 0.799999
      vertex 17.7201 -17.1518 0
      vertex 18.4592 -17.458 0.799999
    endloop
  endfacet
  facet normal -0.706338 -0.0462117 -0.706365
    outer loop
      vertex -18.5842 -16.9915 0.799999
      vertex -18.6 -16.75 0.799999
      vertex -17.791 -16.8871 0
    endloop
  endfacet
  facet normal 0.670295 0.227526 -0.706355
    outer loop
      vertex 18.537 17.2288 0.799999
      vertex 17.7201 17.1518 0
      vertex 18.4592 17.458 0.799999
    endloop
  endfacet
  facet normal -0.138125 0.694234 -0.706371
    outer loop
      vertex -17.0218 17.7642 0
      vertex -17.2288 18.537 0.799999
      vertex -16.8871 17.791 0
    endloop
  endfacet
  facet normal 0.997867 -0.0652849 0
    outer loop
      vertex 18.5842 -16.9915 2.6
      vertex 18.6 -16.75 0.799999
      vertex 18.6 -16.75 2.6
    endloop
  endfacet
  facet normal 0.997867 -0.0652849 0
    outer loop
      vertex 18.6 -16.75 0.799999
      vertex 18.5842 -16.9915 2.6
      vertex 18.5842 -16.9915 0.799999
    endloop
  endfacet
  facet normal 0.896729 0.442579 0
    outer loop
      vertex 18.4592 17.458 2.6
      vertex 18.3521 17.675 0.799999
      vertex 18.3521 17.675 2.6
    endloop
  endfacet
  facet normal 0.896729 0.442579 0
    outer loop
      vertex 18.3521 17.675 0.799999
      vertex 18.4592 17.458 2.6
      vertex 18.4592 17.458 0.799999
    endloop
  endfacet
  facet normal 0.313265 -0.634774 -0.706348
    outer loop
      vertex 17.675 -18.3521 0.799999
      vertex 17.1518 -17.7201 0
      vertex 17.275 -17.6593 0
    endloop
  endfacet
  facet normal 0.588617 0.393191 -0.70635
    outer loop
      vertex 18.3521 17.675 0.799999
      vertex 17.583 17.3892 0
      vertex 18.2177 17.8762 0.799999
    endloop
  endfacet
  facet normal -0.0463684 -0.706346 -0.706347
    outer loop
      vertex -16.75 -18.6 0.799999
      vertex -16.8871 -17.791 0
      vertex -16.75 -17.8 0
    endloop
  endfacet
  facet normal -0.555463 -0.831541 0
    outer loop
      vertex -17.8762 -18.2177 0.799999
      vertex -17.675 -18.3521 2.6
      vertex -17.8762 -18.2177 2.6
    endloop
  endfacet
  facet normal -0.555463 -0.831541 -0
    outer loop
      vertex -17.675 -18.3521 2.6
      vertex -17.8762 -18.2177 0.799999
      vertex -17.675 -18.3521 0.799999
    endloop
  endfacet
  facet normal -0.634774 -0.313265 -0.706348
    outer loop
      vertex -17.6593 -17.275 0
      vertex -18.3521 -17.675 0.799999
      vertex -17.7201 -17.1518 0
    endloop
  endfacet
  facet normal -0.588587 0.39325 -0.706342
    outer loop
      vertex -17.6593 17.275 0
      vertex -18.3521 17.675 0.799999
      vertex -17.583 17.3892 0
    endloop
  endfacet
  facet normal -0.634761 0.313285 -0.70635
    outer loop
      vertex -17.7201 17.1518 0
      vertex -18.4592 17.458 0.799999
      vertex -18.3521 17.675 0.799999
    endloop
  endfacet
  facet normal 0.65909 0.752065 -0
    outer loop
      vertex 18.0582 18.0582 0.799999
      vertex 17.8762 18.2177 2.6
      vertex 18.0582 18.0582 2.6
    endloop
  endfacet
  facet normal 0.65909 0.752065 0
    outer loop
      vertex 17.8762 18.2177 2.6
      vertex 18.0582 18.0582 0.799999
      vertex 17.8762 18.2177 0.799999
    endloop
  endfacet
  facet normal -0.694234 0.138125 -0.706371
    outer loop
      vertex -17.791 16.8871 0
      vertex -18.537 17.2288 0.799999
      vertex -17.7642 17.0218 0
    endloop
  endfacet
  facet normal -0.0462117 -0.706338 -0.706365
    outer loop
      vertex -16.75 -18.6 0.799999
      vertex -16.9915 -18.5842 0.799999
      vertex -16.8871 -17.791 0
    endloop
  endfacet
  facet normal -0.138089 -0.694246 -0.706367
    outer loop
      vertex -16.9915 -18.5842 0.799999
      vertex -17.2288 -18.537 0.799999
      vertex -16.8871 -17.791 0
    endloop
  endfacet
  facet normal 0.532351 0.466538 -0.70636
    outer loop
      vertex 18.2177 17.8762 0.799999
      vertex 17.583 17.3892 0
      vertex 18.0582 18.0582 0.799999
    endloop
  endfacet
  facet normal 0.706338 0.0462117 -0.706365
    outer loop
      vertex 18.6 16.75 0.799999
      vertex 17.791 16.8871 0
      vertex 18.5842 16.9915 0.799999
    endloop
  endfacet
  facet normal 0.706346 -0.0463684 -0.706347
    outer loop
      vertex 18.6 -16.75 0.799999
      vertex 17.791 -16.8871 0
      vertex 17.8 -16.75 0
    endloop
  endfacet
  facet normal -0.670295 0.227526 -0.706355
    outer loop
      vertex -17.7201 17.1518 0
      vertex -18.537 17.2288 0.799999
      vertex -18.4592 17.458 0.799999
    endloop
  endfacet
  facet normal 0.466462 -0.532436 -0.706346
    outer loop
      vertex 18.0582 -18.0582 0.799999
      vertex 17.3892 -17.583 0
      vertex 17.4925 -17.4925 0
    endloop
  endfacet
  facet normal -0.195083 -0.980787 0
    outer loop
      vertex -17.2288 -18.537 0.799999
      vertex -16.9915 -18.5842 2.6
      vertex -17.2288 -18.537 2.6
    endloop
  endfacet
  facet normal -0.195083 -0.980787 -0
    outer loop
      vertex -16.9915 -18.5842 2.6
      vertex -17.2288 -18.537 0.799999
      vertex -16.9915 -18.5842 0.799999
    endloop
  endfacet
  facet normal 0.896729 -0.442579 0
    outer loop
      vertex 18.3521 -17.675 2.6
      vertex 18.4592 -17.458 0.799999
      vertex 18.4592 -17.458 2.6
    endloop
  endfacet
  facet normal 0.896729 -0.442579 0
    outer loop
      vertex 18.4592 -17.458 0.799999
      vertex 18.3521 -17.675 2.6
      vertex 18.3521 -17.675 0.799999
    endloop
  endfacet
  facet normal -0.997867 0.0652849 0
    outer loop
      vertex -18.6 16.75 0.799999
      vertex -18.5842 16.9915 2.6
      vertex -18.5842 16.9915 0.799999
    endloop
  endfacet
  facet normal -0.997867 0.0652849 0
    outer loop
      vertex -18.5842 16.9915 2.6
      vertex -18.6 16.75 0.799999
      vertex -18.6 16.75 2.6
    endloop
  endfacet
  facet normal 0.831541 0.555463 0
    outer loop
      vertex 18.3521 17.675 2.6
      vertex 18.2177 17.8762 0.799999
      vertex 18.2177 17.8762 2.6
    endloop
  endfacet
  facet normal 0.831541 0.555463 0
    outer loop
      vertex 18.2177 17.8762 0.799999
      vertex 18.3521 17.675 2.6
      vertex 18.3521 17.675 0.799999
    endloop
  endfacet
  facet normal 0.0463684 -0.706346 -0.706347
    outer loop
      vertex 16.8871 -17.791 0
      vertex 16.75 -18.6 0.799999
      vertex 16.75 -17.8 0
    endloop
  endfacet
  facet normal 0.588587 0.39325 -0.706342
    outer loop
      vertex 17.6593 17.275 0
      vertex 17.583 17.3892 0
      vertex 18.3521 17.675 0.799999
    endloop
  endfacet
  facet normal 0.532436 -0.466462 -0.706346
    outer loop
      vertex 18.0582 -18.0582 0.799999
      vertex 17.4925 -17.4925 0
      vertex 17.583 -17.3892 0
    endloop
  endfacet
  facet normal 0.0652849 -0.997867 0
    outer loop
      vertex 16.75 -18.6 0.799999
      vertex 16.9915 -18.5842 2.6
      vertex 16.75 -18.6 2.6
    endloop
  endfacet
  facet normal 0.0652849 -0.997867 0
    outer loop
      vertex 16.9915 -18.5842 2.6
      vertex 16.75 -18.6 0.799999
      vertex 16.9915 -18.5842 0.799999
    endloop
  endfacet
  facet normal -0.227526 0.670295 -0.706355
    outer loop
      vertex -17.1518 17.7201 0
      vertex -17.458 18.4592 0.799999
      vertex -17.2288 18.537 0.799999
    endloop
  endfacet
  facet normal 0.195083 -0.980787 0
    outer loop
      vertex 16.9915 -18.5842 0.799999
      vertex 17.2288 -18.537 2.6
      vertex 16.9915 -18.5842 2.6
    endloop
  endfacet
  facet normal 0.195083 -0.980787 0
    outer loop
      vertex 17.2288 -18.537 2.6
      vertex 16.9915 -18.5842 0.799999
      vertex 17.2288 -18.537 0.799999
    endloop
  endfacet
  facet normal 0.227394 -0.670323 -0.706371
    outer loop
      vertex 17.2288 -18.537 0.799999
      vertex 17.0218 -17.7642 0
      vertex 17.1518 -17.7201 0
    endloop
  endfacet
  facet normal 0.138089 -0.694246 -0.706367
    outer loop
      vertex 16.9915 -18.5842 0.799999
      vertex 16.8871 -17.791 0
      vertex 17.2288 -18.537 0.799999
    endloop
  endfacet
  facet normal -0.588617 0.393191 -0.70635
    outer loop
      vertex -17.583 17.3892 0
      vertex -18.3521 17.675 0.799999
      vertex -18.2177 17.8762 0.799999
    endloop
  endfacet
  facet normal 0.39325 -0.588587 -0.706342
    outer loop
      vertex 17.675 -18.3521 0.799999
      vertex 17.275 -17.6593 0
      vertex 17.3892 -17.583 0
    endloop
  endfacet
  facet normal -0.138089 0.694246 -0.706367
    outer loop
      vertex -16.8871 17.791 0
      vertex -17.2288 18.537 0.799999
      vertex -16.9915 18.5842 0.799999
    endloop
  endfacet
  facet normal 0.752065 0.65909 0
    outer loop
      vertex 18.2177 17.8762 2.6
      vertex 18.0582 18.0582 0.799999
      vertex 18.0582 18.0582 2.6
    endloop
  endfacet
  facet normal 0.752065 0.65909 0
    outer loop
      vertex 18.0582 18.0582 0.799999
      vertex 18.2177 17.8762 2.6
      vertex 18.2177 17.8762 0.799999
    endloop
  endfacet
  facet normal -0.313285 0.634761 -0.70635
    outer loop
      vertex -17.1518 17.7201 0
      vertex -17.675 18.3521 0.799999
      vertex -17.458 18.4592 0.799999
    endloop
  endfacet
  facet normal 0.466538 0.532351 -0.70636
    outer loop
      vertex 18.0582 18.0582 0.799999
      vertex 17.3892 17.583 0
      vertex 17.8762 18.2177 0.799999
    endloop
  endfacet
  facet normal -0.707106 0 -0.707107
    outer loop
      vertex -18.6 -16.75 0.799999
      vertex -17.8 16.75 0
      vertex -17.8 -16.75 0
    endloop
  endfacet
  facet normal -0.707106 0 -0.707107
    outer loop
      vertex -17.8 16.75 0
      vertex -18.6 -16.75 0.799999
      vertex -18.6 16.75 0.799999
    endloop
  endfacet
  facet normal 0.694234 -0.138125 -0.706371
    outer loop
      vertex 18.537 -17.2288 0.799999
      vertex 17.7642 -17.0218 0
      vertex 17.791 -16.8871 0
    endloop
  endfacet
  facet normal -0.227394 -0.670323 -0.706371
    outer loop
      vertex -17.0218 -17.7642 0
      vertex -17.2288 -18.537 0.799999
      vertex -17.1518 -17.7201 0
    endloop
  endfacet
  facet normal -0.946934 -0.321429 0
    outer loop
      vertex -18.4592 -17.458 0.799999
      vertex -18.537 -17.2288 2.6
      vertex -18.537 -17.2288 0.799999
    endloop
  endfacet
  facet normal -0.946934 -0.321429 0
    outer loop
      vertex -18.537 -17.2288 2.6
      vertex -18.4592 -17.458 0.799999
      vertex -18.4592 -17.458 2.6
    endloop
  endfacet
  facet normal -0.831541 0.555463 0
    outer loop
      vertex -18.3521 17.675 0.799999
      vertex -18.2177 17.8762 2.6
      vertex -18.2177 17.8762 0.799999
    endloop
  endfacet
  facet normal -0.831541 0.555463 0
    outer loop
      vertex -18.2177 17.8762 2.6
      vertex -18.3521 17.675 0.799999
      vertex -18.3521 17.675 2.6
    endloop
  endfacet
  facet normal 0.0462117 0.706338 -0.706365
    outer loop
      vertex 16.8871 17.791 0
      vertex 16.75 18.6 0.799999
      vertex 16.9915 18.5842 0.799999
    endloop
  endfacet
  facet normal -0.0652849 0.997867 0
    outer loop
      vertex -16.75 18.6 0.799999
      vertex -16.9915 18.5842 2.6
      vertex -16.75 18.6 2.6
    endloop
  endfacet
  facet normal -0.0652849 0.997867 0
    outer loop
      vertex -16.9915 18.5842 2.6
      vertex -16.75 18.6 0.799999
      vertex -16.9915 18.5842 0.799999
    endloop
  endfacet
  facet normal -0.195083 0.980787 0
    outer loop
      vertex -16.9915 18.5842 0.799999
      vertex -17.2288 18.537 2.6
      vertex -16.9915 18.5842 2.6
    endloop
  endfacet
  facet normal -0.195083 0.980787 0
    outer loop
      vertex -17.2288 18.537 2.6
      vertex -16.9915 18.5842 0.799999
      vertex -17.2288 18.537 0.799999
    endloop
  endfacet
  facet normal 0.634774 0.313265 -0.706348
    outer loop
      vertex 17.7201 17.1518 0
      vertex 17.6593 17.275 0
      vertex 18.3521 17.675 0.799999
    endloop
  endfacet
  facet normal 0.65909 -0.752065 0
    outer loop
      vertex 17.8762 -18.2177 0.799999
      vertex 18.0582 -18.0582 2.6
      vertex 17.8762 -18.2177 2.6
    endloop
  endfacet
  facet normal 0.65909 -0.752065 0
    outer loop
      vertex 18.0582 -18.0582 2.6
      vertex 17.8762 -18.2177 0.799999
      vertex 18.0582 -18.0582 0.799999
    endloop
  endfacet
  facet normal 0.0463684 0.706346 -0.706347
    outer loop
      vertex 16.8871 17.791 0
      vertex 16.75 17.8 0
      vertex 16.75 18.6 0.799999
    endloop
  endfacet
  facet normal -0.706346 -0.0463684 -0.706347
    outer loop
      vertex -17.791 -16.8871 0
      vertex -18.6 -16.75 0.799999
      vertex -17.8 -16.75 0
    endloop
  endfacet
  facet normal -0.227394 0.670323 -0.706371
    outer loop
      vertex -17.1518 17.7201 0
      vertex -17.2288 18.537 0.799999
      vertex -17.0218 17.7642 0
    endloop
  endfacet
  facet normal 0.997867 0.0652849 0
    outer loop
      vertex 18.6 16.75 2.6
      vertex 18.5842 16.9915 0.799999
      vertex 18.5842 16.9915 2.6
    endloop
  endfacet
  facet normal 0.997867 0.0652849 0
    outer loop
      vertex 18.5842 16.9915 0.799999
      vertex 18.6 16.75 2.6
      vertex 18.6 16.75 0.799999
    endloop
  endfacet
  facet normal -0.670323 -0.227394 -0.706371
    outer loop
      vertex -17.7201 -17.1518 0
      vertex -18.537 -17.2288 0.799999
      vertex -17.7642 -17.0218 0
    endloop
  endfacet
  facet normal 0.946934 -0.321429 0
    outer loop
      vertex 18.4592 -17.458 2.6
      vertex 18.537 -17.2288 0.799999
      vertex 18.537 -17.2288 2.6
    endloop
  endfacet
  facet normal 0.946934 -0.321429 0
    outer loop
      vertex 18.537 -17.2288 0.799999
      vertex 18.4592 -17.458 2.6
      vertex 18.4592 -17.458 0.799999
    endloop
  endfacet
  facet normal 0.694234 0.138125 -0.706371
    outer loop
      vertex 17.791 16.8871 0
      vertex 17.7642 17.0218 0
      vertex 18.537 17.2288 0.799999
    endloop
  endfacet
  facet normal 0.588617 -0.393191 -0.70635
    outer loop
      vertex 18.2177 -17.8762 0.799999
      vertex 17.583 -17.3892 0
      vertex 18.3521 -17.675 0.799999
    endloop
  endfacet
  facet normal 0.532351 -0.466538 -0.70636
    outer loop
      vertex 18.0582 -18.0582 0.799999
      vertex 17.583 -17.3892 0
      vertex 18.2177 -17.8762 0.799999
    endloop
  endfacet
  facet normal 0.555463 -0.831541 0
    outer loop
      vertex 17.675 -18.3521 0.799999
      vertex 17.8762 -18.2177 2.6
      vertex 17.675 -18.3521 2.6
    endloop
  endfacet
  facet normal 0.555463 -0.831541 0
    outer loop
      vertex 17.8762 -18.2177 2.6
      vertex 17.675 -18.3521 0.799999
      vertex 17.8762 -18.2177 0.799999
    endloop
  endfacet
  facet normal 0.227526 -0.670295 -0.706355
    outer loop
      vertex 17.2288 -18.537 0.799999
      vertex 17.1518 -17.7201 0
      vertex 17.458 -18.4592 0.799999
    endloop
  endfacet
  facet normal 0.442579 -0.896729 0
    outer loop
      vertex 17.458 -18.4592 0.799999
      vertex 17.675 -18.3521 2.6
      vertex 17.458 -18.4592 2.6
    endloop
  endfacet
  facet normal 0.442579 -0.896729 0
    outer loop
      vertex 17.675 -18.3521 2.6
      vertex 17.458 -18.4592 0.799999
      vertex 17.675 -18.3521 0.799999
    endloop
  endfacet
  facet normal 0.138125 -0.694234 -0.706371
    outer loop
      vertex 17.2288 -18.537 0.799999
      vertex 16.8871 -17.791 0
      vertex 17.0218 -17.7642 0
    endloop
  endfacet
  facet normal 0.670323 -0.227394 -0.706371
    outer loop
      vertex 18.537 -17.2288 0.799999
      vertex 17.7201 -17.1518 0
      vertex 17.7642 -17.0218 0
    endloop
  endfacet
  facet normal -0.313265 0.634774 -0.706348
    outer loop
      vertex -17.275 17.6593 0
      vertex -17.675 18.3521 0.799999
      vertex -17.1518 17.7201 0
    endloop
  endfacet
  facet normal 0.321429 -0.946934 0
    outer loop
      vertex 17.2288 -18.537 0.799999
      vertex 17.458 -18.4592 2.6
      vertex 17.2288 -18.537 2.6
    endloop
  endfacet
  facet normal 0.321429 -0.946934 0
    outer loop
      vertex 17.458 -18.4592 2.6
      vertex 17.2288 -18.537 0.799999
      vertex 17.458 -18.4592 0.799999
    endloop
  endfacet
  facet normal -0.227526 -0.670295 -0.706355
    outer loop
      vertex -17.2288 -18.537 0.799999
      vertex -17.458 -18.4592 0.799999
      vertex -17.1518 -17.7201 0
    endloop
  endfacet
  facet normal -0.321429 -0.946934 0
    outer loop
      vertex -17.458 -18.4592 0.799999
      vertex -17.2288 -18.537 2.6
      vertex -17.458 -18.4592 2.6
    endloop
  endfacet
  facet normal -0.321429 -0.946934 -0
    outer loop
      vertex -17.2288 -18.537 2.6
      vertex -17.458 -18.4592 0.799999
      vertex -17.2288 -18.537 0.799999
    endloop
  endfacet
  facet normal -0.896729 -0.442579 0
    outer loop
      vertex -18.3521 -17.675 0.799999
      vertex -18.4592 -17.458 2.6
      vertex -18.4592 -17.458 0.799999
    endloop
  endfacet
  facet normal -0.896729 -0.442579 0
    outer loop
      vertex -18.4592 -17.458 2.6
      vertex -18.3521 -17.675 0.799999
      vertex -18.3521 -17.675 2.6
    endloop
  endfacet
  facet normal -0.65909 0.752065 0
    outer loop
      vertex -17.8762 18.2177 0.799999
      vertex -18.0582 18.0582 2.6
      vertex -17.8762 18.2177 2.6
    endloop
  endfacet
  facet normal -0.65909 0.752065 0
    outer loop
      vertex -18.0582 18.0582 2.6
      vertex -17.8762 18.2177 0.799999
      vertex -18.0582 18.0582 0.799999
    endloop
  endfacet
  facet normal -0.997867 -0.0652849 0
    outer loop
      vertex -18.5842 -16.9915 0.799999
      vertex -18.6 -16.75 2.6
      vertex -18.6 -16.75 0.799999
    endloop
  endfacet
  facet normal -0.997867 -0.0652849 0
    outer loop
      vertex -18.6 -16.75 2.6
      vertex -18.5842 -16.9915 0.799999
      vertex -18.5842 -16.9915 2.6
    endloop
  endfacet
  facet normal 0.0652849 0.997867 -0
    outer loop
      vertex 16.9915 18.5842 0.799999
      vertex 16.75 18.6 2.6
      vertex 16.9915 18.5842 2.6
    endloop
  endfacet
  facet normal 0.0652849 0.997867 0
    outer loop
      vertex 16.75 18.6 2.6
      vertex 16.9915 18.5842 0.799999
      vertex 16.75 18.6 0.799999
    endloop
  endfacet
  facet normal -0.466538 0.532351 -0.70636
    outer loop
      vertex -17.3892 17.583 0
      vertex -18.0582 18.0582 0.799999
      vertex -17.8762 18.2177 0.799999
    endloop
  endfacet
  facet normal 0.706346 0.0463684 -0.706347
    outer loop
      vertex 17.8 16.75 0
      vertex 17.791 16.8871 0
      vertex 18.6 16.75 0.799999
    endloop
  endfacet
  facet normal 0.313285 0.634761 -0.70635
    outer loop
      vertex 17.675 18.3521 0.799999
      vertex 17.1518 17.7201 0
      vertex 17.458 18.4592 0.799999
    endloop
  endfacet
  facet normal -0.466462 0.532436 -0.706346
    outer loop
      vertex -17.4925 17.4925 0
      vertex -18.0582 18.0582 0.799999
      vertex -17.3892 17.583 0
    endloop
  endfacet
  facet normal 0.752065 -0.65909 0
    outer loop
      vertex 18.0582 -18.0582 2.6
      vertex 18.2177 -17.8762 0.799999
      vertex 18.2177 -17.8762 2.6
    endloop
  endfacet
  facet normal 0.752065 -0.65909 0
    outer loop
      vertex 18.2177 -17.8762 0.799999
      vertex 18.0582 -18.0582 2.6
      vertex 18.0582 -18.0582 0.799999
    endloop
  endfacet
  facet normal -0.532436 0.466462 -0.706346
    outer loop
      vertex -17.583 17.3892 0
      vertex -18.0582 18.0582 0.799999
      vertex -17.4925 17.4925 0
    endloop
  endfacet
  facet normal 0.313265 0.634774 -0.706348
    outer loop
      vertex 17.275 17.6593 0
      vertex 17.1518 17.7201 0
      vertex 17.675 18.3521 0.799999
    endloop
  endfacet
  facet normal -0.634774 0.313265 -0.706348
    outer loop
      vertex -17.7201 17.1518 0
      vertex -18.3521 17.675 0.799999
      vertex -17.6593 17.275 0
    endloop
  endfacet
  facet normal -0.831541 -0.555463 0
    outer loop
      vertex -18.2177 -17.8762 0.799999
      vertex -18.3521 -17.675 2.6
      vertex -18.3521 -17.675 0.799999
    endloop
  endfacet
  facet normal -0.831541 -0.555463 0
    outer loop
      vertex -18.3521 -17.675 2.6
      vertex -18.2177 -17.8762 0.799999
      vertex -18.2177 -17.8762 2.6
    endloop
  endfacet
  facet normal 0.555463 0.831541 -0
    outer loop
      vertex 17.8762 18.2177 0.799999
      vertex 17.675 18.3521 2.6
      vertex 17.8762 18.2177 2.6
    endloop
  endfacet
  facet normal 0.555463 0.831541 0
    outer loop
      vertex 17.675 18.3521 2.6
      vertex 17.8762 18.2177 0.799999
      vertex 17.675 18.3521 0.799999
    endloop
  endfacet
  facet normal -0.694246 0.138089 -0.706367
    outer loop
      vertex -17.791 16.8871 0
      vertex -18.5842 16.9915 0.799999
      vertex -18.537 17.2288 0.799999
    endloop
  endfacet
  facet normal 0.980787 0.195083 0
    outer loop
      vertex 18.5842 16.9915 2.6
      vertex 18.537 17.2288 0.799999
      vertex 18.537 17.2288 2.6
    endloop
  endfacet
  facet normal 0.980787 0.195083 0
    outer loop
      vertex 18.537 17.2288 0.799999
      vertex 18.5842 16.9915 2.6
      vertex 18.5842 16.9915 0.799999
    endloop
  endfacet
  facet normal -0.670295 -0.227526 -0.706355
    outer loop
      vertex -18.4592 -17.458 0.799999
      vertex -18.537 -17.2288 0.799999
      vertex -17.7201 -17.1518 0
    endloop
  endfacet
  facet normal -0.39325 0.588587 -0.706342
    outer loop
      vertex -17.3892 17.583 0
      vertex -17.675 18.3521 0.799999
      vertex -17.275 17.6593 0
    endloop
  endfacet
  facet normal -0.634761 -0.313285 -0.70635
    outer loop
      vertex -18.3521 -17.675 0.799999
      vertex -18.4592 -17.458 0.799999
      vertex -17.7201 -17.1518 0
    endloop
  endfacet
  facet normal 0.831541 -0.555463 0
    outer loop
      vertex 18.2177 -17.8762 2.6
      vertex 18.3521 -17.675 0.799999
      vertex 18.3521 -17.675 2.6
    endloop
  endfacet
  facet normal 0.831541 -0.555463 0
    outer loop
      vertex 18.3521 -17.675 0.799999
      vertex 18.2177 -17.8762 2.6
      vertex 18.2177 -17.8762 0.799999
    endloop
  endfacet
  facet normal 0.588587 -0.39325 -0.706342
    outer loop
      vertex 18.3521 -17.675 0.799999
      vertex 17.583 -17.3892 0
      vertex 17.6593 -17.275 0
    endloop
  endfacet
  facet normal -0.442579 -0.896729 0
    outer loop
      vertex -17.675 -18.3521 0.799999
      vertex -17.458 -18.4592 2.6
      vertex -17.675 -18.3521 2.6
    endloop
  endfacet
  facet normal -0.442579 -0.896729 -0
    outer loop
      vertex -17.458 -18.4592 2.6
      vertex -17.675 -18.3521 0.799999
      vertex -17.458 -18.4592 0.799999
    endloop
  endfacet
  facet normal -0.555463 0.831541 0
    outer loop
      vertex -17.675 18.3521 0.799999
      vertex -17.8762 18.2177 2.6
      vertex -17.675 18.3521 2.6
    endloop
  endfacet
  facet normal -0.555463 0.831541 0
    outer loop
      vertex -17.8762 18.2177 2.6
      vertex -17.675 18.3521 0.799999
      vertex -17.8762 18.2177 0.799999
    endloop
  endfacet
  facet normal 0.195083 0.980787 -0
    outer loop
      vertex 17.2288 18.537 0.799999
      vertex 16.9915 18.5842 2.6
      vertex 17.2288 18.537 2.6
    endloop
  endfacet
  facet normal 0.195083 0.980787 0
    outer loop
      vertex 16.9915 18.5842 2.6
      vertex 17.2288 18.537 0.799999
      vertex 16.9915 18.5842 0.799999
    endloop
  endfacet
  facet normal -0.393191 0.588617 -0.70635
    outer loop
      vertex -17.3892 17.583 0
      vertex -17.8762 18.2177 0.799999
      vertex -17.675 18.3521 0.799999
    endloop
  endfacet
  facet normal -0.532351 0.466538 -0.70636
    outer loop
      vertex -17.583 17.3892 0
      vertex -18.2177 17.8762 0.799999
      vertex -18.0582 18.0582 0.799999
    endloop
  endfacet
  facet normal -0.706338 0.0462117 -0.706365
    outer loop
      vertex -17.791 16.8871 0
      vertex -18.6 16.75 0.799999
      vertex -18.5842 16.9915 0.799999
    endloop
  endfacet
  facet normal 0.980787 -0.195083 0
    outer loop
      vertex 18.537 -17.2288 2.6
      vertex 18.5842 -16.9915 0.799999
      vertex 18.5842 -16.9915 2.6
    endloop
  endfacet
  facet normal 0.980787 -0.195083 0
    outer loop
      vertex 18.5842 -16.9915 0.799999
      vertex 18.537 -17.2288 2.6
      vertex 18.537 -17.2288 0.799999
    endloop
  endfacet
  facet normal -0.694246 -0.138089 -0.706367
    outer loop
      vertex -18.537 -17.2288 0.799999
      vertex -18.5842 -16.9915 0.799999
      vertex -17.791 -16.8871 0
    endloop
  endfacet
  facet normal -0.980787 0.195083 0
    outer loop
      vertex -18.5842 16.9915 0.799999
      vertex -18.537 17.2288 2.6
      vertex -18.537 17.2288 0.799999
    endloop
  endfacet
  facet normal -0.980787 0.195083 0
    outer loop
      vertex -18.537 17.2288 2.6
      vertex -18.5842 16.9915 0.799999
      vertex -18.5842 16.9915 2.6
    endloop
  endfacet
  facet normal 0.466462 0.532436 -0.706346
    outer loop
      vertex 17.4925 17.4925 0
      vertex 17.3892 17.583 0
      vertex 18.0582 18.0582 0.799999
    endloop
  endfacet
  facet normal -0.752065 0.65909 0
    outer loop
      vertex -18.2177 17.8762 0.799999
      vertex -18.0582 18.0582 2.6
      vertex -18.0582 18.0582 0.799999
    endloop
  endfacet
  facet normal -0.752065 0.65909 0
    outer loop
      vertex -18.0582 18.0582 2.6
      vertex -18.2177 17.8762 0.799999
      vertex -18.2177 17.8762 2.6
    endloop
  endfacet
  facet normal -0.706346 0.0463684 -0.706347
    outer loop
      vertex -17.8 16.75 0
      vertex -18.6 16.75 0.799999
      vertex -17.791 16.8871 0
    endloop
  endfacet
  facet normal 0 0 -1
    outer loop
      vertex 16.75 -17.8 0
      vertex 17.8 -16.75 0
      vertex 17.791 -16.8871 0
    endloop
  endfacet
  facet normal -0 0 -1
    outer loop
      vertex 17.8 -16.75 0
      vertex 16.75 -17.8 0
      vertex 17.8 16.75 0
    endloop
  endfacet
  facet normal 0 0 -1
    outer loop
      vertex 16.75 -17.8 0
      vertex 17.791 -16.8871 0
      vertex 17.7642 -17.0218 0
    endloop
  endfacet
  facet normal 0 0 -1
    outer loop
      vertex 16.75 17.8 0
      vertex 17.8 16.75 0
      vertex 16.75 -17.8 0
    endloop
  endfacet
  facet normal 0 0 -1
    outer loop
      vertex 16.75 -17.8 0
      vertex 17.7642 -17.0218 0
      vertex 17.7201 -17.1518 0
    endloop
  endfacet
  facet normal 0 0 -1
    outer loop
      vertex 17.8 16.75 0
      vertex 16.75 17.8 0
      vertex 17.791 16.8871 0
    endloop
  endfacet
  facet normal 0 0 -1
    outer loop
      vertex 16.75 -17.8 0
      vertex 17.7201 -17.1518 0
      vertex 17.6593 -17.275 0
    endloop
  endfacet
  facet normal 0 0 -1
    outer loop
      vertex 17.791 16.8871 0
      vertex 16.75 17.8 0
      vertex 17.7642 17.0218 0
    endloop
  endfacet
  facet normal 0 0 -1
    outer loop
      vertex 16.75 -17.8 0
      vertex 17.6593 -17.275 0
      vertex 17.583 -17.3892 0
    endloop
  endfacet
  facet normal 0 0 -1
    outer loop
      vertex 17.7642 17.0218 0
      vertex 16.75 17.8 0
      vertex 17.7201 17.1518 0
    endloop
  endfacet
  facet normal 0 0 -1
    outer loop
      vertex 16.75 -17.8 0
      vertex 17.583 -17.3892 0
      vertex 17.4925 -17.4925 0
    endloop
  endfacet
  facet normal 0 0 -1
    outer loop
      vertex 17.7201 17.1518 0
      vertex 16.75 17.8 0
      vertex 17.6593 17.275 0
    endloop
  endfacet
  facet normal 0 0 -1
    outer loop
      vertex 16.75 -17.8 0
      vertex 17.4925 -17.4925 0
      vertex 17.3892 -17.583 0
    endloop
  endfacet
  facet normal 0 0 -1
    outer loop
      vertex 17.6593 17.275 0
      vertex 16.75 17.8 0
      vertex 17.583 17.3892 0
    endloop
  endfacet
  facet normal 0 0 -1
    outer loop
      vertex 16.75 -17.8 0
      vertex 17.3892 -17.583 0
      vertex 17.275 -17.6593 0
    endloop
  endfacet
  facet normal 0 0 -1
    outer loop
      vertex 17.583 17.3892 0
      vertex 16.75 17.8 0
      vertex 17.4925 17.4925 0
    endloop
  endfacet
  facet normal 0 0 -1
    outer loop
      vertex 16.75 -17.8 0
      vertex 17.275 -17.6593 0
      vertex 17.1518 -17.7201 0
    endloop
  endfacet
  facet normal 0 0 -1
    outer loop
      vertex 17.4925 17.4925 0
      vertex 16.75 17.8 0
      vertex 17.3892 17.583 0
    endloop
  endfacet
  facet normal 0 0 -1
    outer loop
      vertex 16.75 -17.8 0
      vertex 17.1518 -17.7201 0
      vertex 17.0218 -17.7642 0
    endloop
  endfacet
  facet normal 0 0 -1
    outer loop
      vertex 17.3892 17.583 0
      vertex 16.75 17.8 0
      vertex 17.275 17.6593 0
    endloop
  endfacet
  facet normal 0 0 -1
    outer loop
      vertex 16.75 -17.8 0
      vertex 17.0218 -17.7642 0
      vertex 16.8871 -17.791 0
    endloop
  endfacet
  facet normal 0 0 -1
    outer loop
      vertex 17.275 17.6593 0
      vertex 16.75 17.8 0
      vertex 17.1518 17.7201 0
    endloop
  endfacet
  facet normal 0 0 -1
    outer loop
      vertex 17.1518 17.7201 0
      vertex 16.75 17.8 0
      vertex 17.0218 17.7642 0
    endloop
  endfacet
  facet normal 0 0 -1
    outer loop
      vertex 17.0218 17.7642 0
      vertex 16.75 17.8 0
      vertex 16.8871 17.791 0
    endloop
  endfacet
  facet normal 0 0 -1
    outer loop
      vertex -16.75 -17.8 0
      vertex 16.75 17.8 0
      vertex 16.75 -17.8 0
    endloop
  endfacet
  facet normal 0 0 -1
    outer loop
      vertex -16.75 -17.8 0
      vertex -16.75 17.8 0
      vertex 16.75 17.8 0
    endloop
  endfacet
  facet normal 0 0 -1
    outer loop
      vertex -17.8 -16.75 0
      vertex -16.75 -17.8 0
      vertex -16.8871 -17.791 0
    endloop
  endfacet
  facet normal 0 0 -1
    outer loop
      vertex -16.75 -17.8 0
      vertex -17.8 -16.75 0
      vertex -16.75 17.8 0
    endloop
  endfacet
  facet normal 0 0 -1
    outer loop
      vertex -17.8 -16.75 0
      vertex -16.8871 -17.791 0
      vertex -17.0218 -17.7642 0
    endloop
  endfacet
  facet normal 0 0 -1
    outer loop
      vertex -17.8 16.75 0
      vertex -16.75 17.8 0
      vertex -17.8 -16.75 0
    endloop
  endfacet
  facet normal 0 0 -1
    outer loop
      vertex -17.8 -16.75 0
      vertex -17.0218 -17.7642 0
      vertex -17.1518 -17.7201 0
    endloop
  endfacet
  facet normal 0 0 -1
    outer loop
      vertex -16.75 17.8 0
      vertex -17.8 16.75 0
      vertex -16.8871 17.791 0
    endloop
  endfacet
  facet normal 0 0 -1
    outer loop
      vertex -17.8 -16.75 0
      vertex -17.1518 -17.7201 0
      vertex -17.275 -17.6593 0
    endloop
  endfacet
  facet normal 0 0 -1
    outer loop
      vertex -16.8871 17.791 0
      vertex -17.8 16.75 0
      vertex -17.0218 17.7642 0
    endloop
  endfacet
  facet normal 0 0 -1
    outer loop
      vertex -17.8 -16.75 0
      vertex -17.275 -17.6593 0
      vertex -17.3892 -17.583 0
    endloop
  endfacet
  facet normal 0 0 -1
    outer loop
      vertex -17.0218 17.7642 0
      vertex -17.8 16.75 0
      vertex -17.1518 17.7201 0
    endloop
  endfacet
  facet normal 0 0 -1
    outer loop
      vertex -17.8 -16.75 0
      vertex -17.3892 -17.583 0
      vertex -17.4925 -17.4925 0
    endloop
  endfacet
  facet normal 0 0 -1
    outer loop
      vertex -17.1518 17.7201 0
      vertex -17.8 16.75 0
      vertex -17.275 17.6593 0
    endloop
  endfacet
  facet normal 0 0 -1
    outer loop
      vertex -17.8 -16.75 0
      vertex -17.4925 -17.4925 0
      vertex -17.583 -17.3892 0
    endloop
  endfacet
  facet normal 0 0 -1
    outer loop
      vertex -17.275 17.6593 0
      vertex -17.8 16.75 0
      vertex -17.3892 17.583 0
    endloop
  endfacet
  facet normal 0 0 -1
    outer loop
      vertex -17.8 -16.75 0
      vertex -17.583 -17.3892 0
      vertex -17.6593 -17.275 0
    endloop
  endfacet
  facet normal 0 0 -1
    outer loop
      vertex -17.3892 17.583 0
      vertex -17.8 16.75 0
      vertex -17.4925 17.4925 0
    endloop
  endfacet
  facet normal 0 0 -1
    outer loop
      vertex -17.8 -16.75 0
      vertex -17.6593 -17.275 0
      vertex -17.7201 -17.1518 0
    endloop
  endfacet
  facet normal 0 0 -1
    outer loop
      vertex -17.4925 17.4925 0
      vertex -17.8 16.75 0
      vertex -17.583 17.3892 0
    endloop
  endfacet
  facet normal 0 0 -1
    outer loop
      vertex -17.8 -16.75 0
      vertex -17.7201 -17.1518 0
      vertex -17.7642 -17.0218 0
    endloop
  endfacet
  facet normal 0 0 -1
    outer loop
      vertex -17.583 17.3892 0
      vertex -17.8 16.75 0
      vertex -17.6593 17.275 0
    endloop
  endfacet
  facet normal 0 0 -1
    outer loop
      vertex -17.8 -16.75 0
      vertex -17.7642 -17.0218 0
      vertex -17.791 -16.8871 0
    endloop
  endfacet
  facet normal 0 0 -1
    outer loop
      vertex -17.6593 17.275 0
      vertex -17.8 16.75 0
      vertex -17.7201 17.1518 0
    endloop
  endfacet
  facet normal 0 0 -1
    outer loop
      vertex -17.7201 17.1518 0
      vertex -17.8 16.75 0
      vertex -17.7642 17.0218 0
    endloop
  endfacet
  facet normal 0 0 -1
    outer loop
      vertex -17.7642 17.0218 0
      vertex -17.8 16.75 0
      vertex -17.791 16.8871 0
    endloop
  endfacet
  facet normal 0.442579 0.896729 -0
    outer loop
      vertex 17.675 18.3521 0.799999
      vertex 17.458 18.4592 2.6
      vertex 17.675 18.3521 2.6
    endloop
  endfacet
  facet normal 0.442579 0.896729 0
    outer loop
      vertex 17.458 18.4592 2.6
      vertex 17.675 18.3521 0.799999
      vertex 17.458 18.4592 0.799999
    endloop
  endfacet
  facet normal 0.227394 0.670323 -0.706371
    outer loop
      vertex 17.1518 17.7201 0
      vertex 17.0218 17.7642 0
      vertex 17.2288 18.537 0.799999
    endloop
  endfacet
  facet normal -0.670323 0.227394 -0.706371
    outer loop
      vertex -17.7642 17.0218 0
      vertex -18.537 17.2288 0.799999
      vertex -17.7201 17.1518 0
    endloop
  endfacet
  facet normal -0.442579 0.896729 0
    outer loop
      vertex -17.458 18.4592 0.799999
      vertex -17.675 18.3521 2.6
      vertex -17.458 18.4592 2.6
    endloop
  endfacet
  facet normal -0.442579 0.896729 0
    outer loop
      vertex -17.675 18.3521 2.6
      vertex -17.458 18.4592 0.799999
      vertex -17.675 18.3521 0.799999
    endloop
  endfacet
  facet normal 0.634774 -0.313265 -0.706348
    outer loop
      vertex 18.3521 -17.675 0.799999
      vertex 17.6593 -17.275 0
      vertex 17.7201 -17.1518 0
    endloop
  endfacet
  facet normal -0.694234 -0.138125 -0.706371
    outer loop
      vertex -17.7642 -17.0218 0
      vertex -18.537 -17.2288 0.799999
      vertex -17.791 -16.8871 0
    endloop
  endfacet
  facet normal -0.896729 0.442579 0
    outer loop
      vertex -18.4592 17.458 0.799999
      vertex -18.3521 17.675 2.6
      vertex -18.3521 17.675 0.799999
    endloop
  endfacet
  facet normal -0.896729 0.442579 0
    outer loop
      vertex -18.3521 17.675 2.6
      vertex -18.4592 17.458 0.799999
      vertex -18.4592 17.458 2.6
    endloop
  endfacet
  facet normal 0.227526 0.670295 -0.706355
    outer loop
      vertex 17.458 18.4592 0.799999
      vertex 17.1518 17.7201 0
      vertex 17.2288 18.537 0.799999
    endloop
  endfacet
  facet normal 0.321429 0.946934 -0
    outer loop
      vertex 17.458 18.4592 0.799999
      vertex 17.2288 18.537 2.6
      vertex 17.458 18.4592 2.6
    endloop
  endfacet
  facet normal 0.321429 0.946934 0
    outer loop
      vertex 17.2288 18.537 2.6
      vertex 17.458 18.4592 0.799999
      vertex 17.2288 18.537 0.799999
    endloop
  endfacet
  facet normal 0.39325 0.588587 -0.706342
    outer loop
      vertex 17.3892 17.583 0
      vertex 17.275 17.6593 0
      vertex 17.675 18.3521 0.799999
    endloop
  endfacet
  facet normal 0.466636 -0.532289 -0.706342
    outer loop
      vertex 19.1798 -19.9147 4.74
      vertex 18.0582 -18.0582 2.6
      vertex 19.5714 -19.5714 4.74
    endloop
  endfacet
  facet normal -0.707107 0 -0.707107
    outer loop
      vertex -18.6 -16.75 2.6
      vertex -20.74 16.75 4.74
      vertex -18.6 16.75 2.6
    endloop
  endfacet
  facet normal -0.707107 -0 -0.707107
    outer loop
      vertex -20.74 16.75 4.74
      vertex -18.6 -16.75 2.6
      vertex -20.74 -16.75 4.74
    endloop
  endfacet
  facet normal 0.186056 0.682206 -0.707092
    outer loop
      vertex 17.2288 18.537 2.6
      vertex 17.7816 20.6043 4.74
      vertex 17.7827 20.604 4.74
    endloop
  endfacet
  facet normal 0.138092 0.694263 -0.706349
    outer loop
      vertex 17.7816 20.6043 4.74
      vertex 17.2288 18.537 2.6
      vertex 16.9915 18.5842 2.6
    endloop
  endfacet
  facet normal -0.710137 -0 -0.704064
    outer loop
      vertex -20.7059 -17.2697 4.74
      vertex -18.5842 -16.9915 2.6
      vertex -20.7059 -17.2708 4.74
    endloop
  endfacet
  facet normal -0.706368 -0.0462137 -0.706335
    outer loop
      vertex -18.5842 -16.9915 2.6
      vertex -20.7059 -17.2697 4.74
      vertex -18.6 -16.75 2.6
    endloop
  endfacet
  facet normal 0.313139 -0.634841 -0.706343
    outer loop
      vertex 18.2769 -20.4363 4.74
      vertex 17.458 -18.4592 2.6
      vertex 18.744 -20.2059 4.74
    endloop
  endfacet
  facet normal 0 -0.707107 -0.707107
    outer loop
      vertex -16.75 -18.6 2.6
      vertex 16.75 -20.74 4.74
      vertex -16.75 -20.74 4.74
    endloop
  endfacet
  facet normal 0 -0.707107 -0.707107
    outer loop
      vertex 16.75 -20.74 4.74
      vertex -16.75 -18.6 2.6
      vertex 16.75 -18.6 2.6
    endloop
  endfacet
  facet normal 0.588622 0.393195 -0.706344
    outer loop
      vertex 18.2177 17.8762 2.6
      vertex 19.9161 19.178 4.74
      vertex 18.3521 17.675 2.6
    endloop
  endfacet
  facet normal 0.608306 0.364984 -0.704805
    outer loop
      vertex 19.9161 19.178 4.74
      vertex 18.2177 17.8762 2.6
      vertex 19.9155 19.179 4.74
    endloop
  endfacet
  facet normal -0.227555 0.670294 -0.706347
    outer loop
      vertex -17.458 18.4592 2.6
      vertex -18.2769 20.4363 4.74
      vertex -17.7838 20.6037 4.74
    endloop
  endfacet
  facet normal 0.706347 0.0463468 -0.706347
    outer loop
      vertex 20.74 16.75 4.74
      vertex 18.6 16.75 2.6
      vertex 20.7059 17.2697 4.74
    endloop
  endfacet
  facet normal 0.0463468 -0.706347 -0.706347
    outer loop
      vertex 17.2697 -20.7059 4.74
      vertex 16.75 -20.74 4.74
      vertex 16.75 -18.6 2.6
    endloop
  endfacet
  facet normal -0.608306 -0.364984 -0.704805
    outer loop
      vertex -19.9161 -19.178 4.74
      vertex -18.2177 -17.8762 2.6
      vertex -19.9155 -19.179 4.74
    endloop
  endfacet
  facet normal -0.588622 -0.393195 -0.706344
    outer loop
      vertex -18.2177 -17.8762 2.6
      vertex -19.9161 -19.178 4.74
      vertex -18.3521 -17.675 2.6
    endloop
  endfacet
  facet normal -0.186056 -0.682206 -0.707092
    outer loop
      vertex -17.7838 -20.6037 4.74
      vertex -17.2288 -18.537 2.6
      vertex -17.7827 -20.604 4.74
    endloop
  endfacet
  facet normal -0.227528 -0.6703 -0.706349
    outer loop
      vertex -17.2288 -18.537 2.6
      vertex -17.7838 -20.6037 4.74
      vertex -17.458 -18.4592 2.6
    endloop
  endfacet
  facet normal 0 0.710137 -0.704064
    outer loop
      vertex 16.9915 18.5842 2.6
      vertex 17.2697 20.7059 4.74
      vertex 17.2708 20.7059 4.74
    endloop
  endfacet
  facet normal 0.0462137 0.706368 -0.706335
    outer loop
      vertex 17.2697 20.7059 4.74
      vertex 16.9915 18.5842 2.6
      vertex 16.75 18.6 2.6
    endloop
  endfacet
  facet normal -0.532289 -0.466636 -0.706342
    outer loop
      vertex -19.5714 -19.5714 4.74
      vertex -19.9147 -19.1798 4.74
      vertex -18.0582 -18.0582 2.6
    endloop
  endfacet
  facet normal -0.393247 -0.58858 -0.70635
    outer loop
      vertex -18.745 -20.2054 4.74
      vertex -19.178 -19.9161 4.74
      vertex -17.675 -18.3521 2.6
    endloop
  endfacet
  facet normal -0.227555 -0.670294 -0.706347
    outer loop
      vertex -17.7838 -20.6037 4.74
      vertex -18.2769 -20.4363 4.74
      vertex -17.458 -18.4592 2.6
    endloop
  endfacet
  facet normal 0.316512 -0.633023 -0.706472
    outer loop
      vertex 18.744 -20.2059 4.74
      vertex 17.675 -18.3521 2.6
      vertex 18.745 -20.2054 4.74
    endloop
  endfacet
  facet normal 0.313282 -0.634754 -0.706358
    outer loop
      vertex 17.675 -18.3521 2.6
      vertex 18.744 -20.2059 4.74
      vertex 17.458 -18.4592 2.6
    endloop
  endfacet
  facet normal -0.670294 -0.227555 -0.706347
    outer loop
      vertex -20.4363 -18.2769 4.74
      vertex -20.6037 -17.7838 4.74
      vertex -18.4592 -17.458 2.6
    endloop
  endfacet
  facet normal 0.186056 -0.682206 -0.707092
    outer loop
      vertex 17.2288 -18.537 2.6
      vertex 17.7838 -20.6037 4.74
      vertex 17.7827 -20.604 4.74
    endloop
  endfacet
  facet normal 0.227528 -0.6703 -0.706349
    outer loop
      vertex 17.7838 -20.6037 4.74
      vertex 17.2288 -18.537 2.6
      vertex 17.458 -18.4592 2.6
    endloop
  endfacet
  facet normal 0.633023 -0.316512 -0.706472
    outer loop
      vertex 18.3521 -17.675 2.6
      vertex 20.2059 -18.744 4.74
      vertex 20.2054 -18.745 4.74
    endloop
  endfacet
  facet normal 0.634754 -0.313282 -0.706358
    outer loop
      vertex 20.2059 -18.744 4.74
      vertex 18.3521 -17.675 2.6
      vertex 18.4592 -17.458 2.6
    endloop
  endfacet
  facet normal -0.502137 -0.502137 -0.704071
    outer loop
      vertex -19.1798 -19.9147 4.74
      vertex -17.8762 -18.2177 2.6
      vertex -19.179 -19.9155 4.74
    endloop
  endfacet
  facet normal -0.466543 -0.532356 -0.706353
    outer loop
      vertex -17.8762 -18.2177 2.6
      vertex -19.1798 -19.9147 4.74
      vertex -18.0582 -18.0582 2.6
    endloop
  endfacet
  facet normal 0 -0.710137 -0.704064
    outer loop
      vertex 17.2697 -20.7059 4.74
      vertex 16.9915 -18.5842 2.6
      vertex 17.2708 -20.7059 4.74
    endloop
  endfacet
  facet normal 0.0462137 -0.706368 -0.706335
    outer loop
      vertex 16.9915 -18.5842 2.6
      vertex 17.2697 -20.7059 4.74
      vertex 16.75 -18.6 2.6
    endloop
  endfacet
  facet normal 0.466636 0.532289 -0.706342
    outer loop
      vertex 19.5714 19.5714 4.74
      vertex 18.0582 18.0582 2.6
      vertex 19.1798 19.9147 4.74
    endloop
  endfacet
  facet normal -0.634841 -0.313139 -0.706343
    outer loop
      vertex -20.2059 -18.744 4.74
      vertex -20.4363 -18.2769 4.74
      vertex -18.4592 -17.458 2.6
    endloop
  endfacet
  facet normal -0.138092 -0.694263 -0.706349
    outer loop
      vertex -17.2708 -20.7059 4.74
      vertex -17.7816 -20.6043 4.74
      vertex -16.9915 -18.5842 2.6
    endloop
  endfacet
  facet normal 0.313139 0.634841 -0.706343
    outer loop
      vertex 18.744 20.2059 4.74
      vertex 17.458 18.4592 2.6
      vertex 18.2769 20.4363 4.74
    endloop
  endfacet
  facet normal 0.227528 0.6703 -0.706349
    outer loop
      vertex 17.2288 18.537 2.6
      vertex 17.7838 20.6037 4.74
      vertex 17.458 18.4592 2.6
    endloop
  endfacet
  facet normal 0.186056 0.682206 -0.707092
    outer loop
      vertex 17.7838 20.6037 4.74
      vertex 17.2288 18.537 2.6
      vertex 17.7827 20.604 4.74
    endloop
  endfacet
  facet normal -0.0463468 -0.706347 -0.706347
    outer loop
      vertex -16.75 -20.74 4.74
      vertex -17.2697 -20.7059 4.74
      vertex -16.75 -18.6 2.6
    endloop
  endfacet
  facet normal -0.0462137 -0.706368 -0.706335
    outer loop
      vertex -17.2697 -20.7059 4.74
      vertex -16.9915 -18.5842 2.6
      vertex -16.75 -18.6 2.6
    endloop
  endfacet
  facet normal 0 -0.710137 -0.704064
    outer loop
      vertex -16.9915 -18.5842 2.6
      vertex -17.2697 -20.7059 4.74
      vertex -17.2708 -20.7059 4.74
    endloop
  endfacet
  facet normal 0.227555 -0.670294 -0.706347
    outer loop
      vertex 17.7838 -20.6037 4.74
      vertex 17.458 -18.4592 2.6
      vertex 18.2769 -20.4363 4.74
    endloop
  endfacet
  facet normal -0.532356 -0.466543 -0.706353
    outer loop
      vertex -19.9147 -19.1798 4.74
      vertex -18.2177 -17.8762 2.6
      vertex -18.0582 -18.0582 2.6
    endloop
  endfacet
  facet normal -0.502137 -0.502137 -0.704071
    outer loop
      vertex -18.2177 -17.8762 2.6
      vertex -19.9147 -19.1798 4.74
      vertex -19.9155 -19.179 4.74
    endloop
  endfacet
  facet normal -0.313282 0.634754 -0.706358
    outer loop
      vertex -17.675 18.3521 2.6
      vertex -18.744 20.2059 4.74
      vertex -17.458 18.4592 2.6
    endloop
  endfacet
  facet normal -0.316512 0.633023 -0.706472
    outer loop
      vertex -18.744 20.2059 4.74
      vertex -17.675 18.3521 2.6
      vertex -18.745 20.2054 4.74
    endloop
  endfacet
  facet normal -0.706347 0.0463468 -0.706347
    outer loop
      vertex -18.6 16.75 2.6
      vertex -20.74 16.75 4.74
      vertex -20.7059 17.2697 4.74
    endloop
  endfacet
  facet normal -0.313139 0.634841 -0.706343
    outer loop
      vertex -17.458 18.4592 2.6
      vertex -18.744 20.2059 4.74
      vertex -18.2769 20.4363 4.74
    endloop
  endfacet
  facet normal -0.393195 -0.588622 -0.706344
    outer loop
      vertex -19.178 -19.9161 4.74
      vertex -17.8762 -18.2177 2.6
      vertex -17.675 -18.3521 2.6
    endloop
  endfacet
  facet normal -0.364984 -0.608306 -0.704805
    outer loop
      vertex -17.8762 -18.2177 2.6
      vertex -19.178 -19.9161 4.74
      vertex -19.179 -19.9155 4.74
    endloop
  endfacet
  facet normal 0.393247 0.58858 -0.70635
    outer loop
      vertex 19.178 19.9161 4.74
      vertex 17.675 18.3521 2.6
      vertex 18.745 20.2054 4.74
    endloop
  endfacet
  facet normal -0.313282 -0.634754 -0.706358
    outer loop
      vertex -18.744 -20.2059 4.74
      vertex -17.675 -18.3521 2.6
      vertex -17.458 -18.4592 2.6
    endloop
  endfacet
  facet normal -0.316512 -0.633023 -0.706472
    outer loop
      vertex -17.675 -18.3521 2.6
      vertex -18.744 -20.2059 4.74
      vertex -18.745 -20.2054 4.74
    endloop
  endfacet
  facet normal -0.466636 0.532289 -0.706342
    outer loop
      vertex -18.0582 18.0582 2.6
      vertex -19.5714 19.5714 4.74
      vertex -19.1798 19.9147 4.74
    endloop
  endfacet
  facet normal -0.532289 0.466636 -0.706342
    outer loop
      vertex -18.0582 18.0582 2.6
      vertex -19.9147 19.1798 4.74
      vertex -19.5714 19.5714 4.74
    endloop
  endfacet
  facet normal 0.227555 0.670294 -0.706347
    outer loop
      vertex 18.2769 20.4363 4.74
      vertex 17.458 18.4592 2.6
      vertex 17.7838 20.6037 4.74
    endloop
  endfacet
  facet normal 0.682206 -0.186056 -0.707092
    outer loop
      vertex 20.6037 -17.7838 4.74
      vertex 18.537 -17.2288 2.6
      vertex 20.604 -17.7827 4.74
    endloop
  endfacet
  facet normal 0.6703 -0.227528 -0.706349
    outer loop
      vertex 18.537 -17.2288 2.6
      vertex 20.6037 -17.7838 4.74
      vertex 18.4592 -17.458 2.6
    endloop
  endfacet
  facet normal -0.466636 -0.532289 -0.706342
    outer loop
      vertex -19.1798 -19.9147 4.74
      vertex -19.5714 -19.5714 4.74
      vertex -18.0582 -18.0582 2.6
    endloop
  endfacet
  facet normal 0.706347 -0.0463468 -0.706347
    outer loop
      vertex 20.7059 -17.2697 4.74
      vertex 18.6 -16.75 2.6
      vertex 20.74 -16.75 4.74
    endloop
  endfacet
  facet normal 0.186056 -0.682206 -0.707092
    outer loop
      vertex 17.7816 -20.6043 4.74
      vertex 17.2288 -18.537 2.6
      vertex 17.7827 -20.604 4.74
    endloop
  endfacet
  facet normal 0.138092 -0.694263 -0.706349
    outer loop
      vertex 17.2288 -18.537 2.6
      vertex 17.7816 -20.6043 4.74
      vertex 16.9915 -18.5842 2.6
    endloop
  endfacet
  facet normal -0.138092 -0.694263 -0.706349
    outer loop
      vertex -17.7816 -20.6043 4.74
      vertex -17.2288 -18.537 2.6
      vertex -16.9915 -18.5842 2.6
    endloop
  endfacet
  facet normal -0.186056 -0.682206 -0.707092
    outer loop
      vertex -17.2288 -18.537 2.6
      vertex -17.7816 -20.6043 4.74
      vertex -17.7827 -20.604 4.74
    endloop
  endfacet
  facet normal 0.58858 0.393247 -0.70635
    outer loop
      vertex 20.2054 18.745 4.74
      vertex 18.3521 17.675 2.6
      vertex 19.9161 19.178 4.74
    endloop
  endfacet
  facet normal -0.6703 0.227528 -0.706349
    outer loop
      vertex -18.537 17.2288 2.6
      vertex -20.6037 17.7838 4.74
      vertex -18.4592 17.458 2.6
    endloop
  endfacet
  facet normal -0.682206 0.186056 -0.707092
    outer loop
      vertex -20.6037 17.7838 4.74
      vertex -18.537 17.2288 2.6
      vertex -20.604 17.7827 4.74
    endloop
  endfacet
  facet normal 0.608306 -0.364984 -0.704805
    outer loop
      vertex 18.2177 -17.8762 2.6
      vertex 19.9161 -19.178 4.74
      vertex 19.9155 -19.179 4.74
    endloop
  endfacet
  facet normal 0.588622 -0.393195 -0.706344
    outer loop
      vertex 19.9161 -19.178 4.74
      vertex 18.2177 -17.8762 2.6
      vertex 18.3521 -17.675 2.6
    endloop
  endfacet
  facet normal -0.588622 0.393195 -0.706344
    outer loop
      vertex -19.9161 19.178 4.74
      vertex -18.2177 17.8762 2.6
      vertex -18.3521 17.675 2.6
    endloop
  endfacet
  facet normal -0.608306 0.364984 -0.704805
    outer loop
      vertex -18.2177 17.8762 2.6
      vertex -19.9161 19.178 4.74
      vertex -19.9155 19.179 4.74
    endloop
  endfacet
  facet normal -0.466543 0.532356 -0.706353
    outer loop
      vertex -19.1798 19.9147 4.74
      vertex -17.8762 18.2177 2.6
      vertex -18.0582 18.0582 2.6
    endloop
  endfacet
  facet normal -0.502137 0.502137 -0.704071
    outer loop
      vertex -17.8762 18.2177 2.6
      vertex -19.1798 19.9147 4.74
      vertex -19.179 19.9155 4.74
    endloop
  endfacet
  facet normal -0.58858 0.393247 -0.70635
    outer loop
      vertex -18.3521 17.675 2.6
      vertex -20.2054 18.745 4.74
      vertex -19.9161 19.178 4.74
    endloop
  endfacet
  facet normal -0.6703 -0.227528 -0.706349
    outer loop
      vertex -20.6037 -17.7838 4.74
      vertex -18.537 -17.2288 2.6
      vertex -18.4592 -17.458 2.6
    endloop
  endfacet
  facet normal -0.682206 -0.186056 -0.707092
    outer loop
      vertex -18.537 -17.2288 2.6
      vertex -20.6037 -17.7838 4.74
      vertex -20.604 -17.7827 4.74
    endloop
  endfacet
  facet normal 0.710137 0 -0.704064
    outer loop
      vertex 18.5842 -16.9915 2.6
      vertex 20.7059 -17.2697 4.74
      vertex 20.7059 -17.2708 4.74
    endloop
  endfacet
  facet normal 0.706368 -0.0462137 -0.706335
    outer loop
      vertex 20.7059 -17.2697 4.74
      vertex 18.5842 -16.9915 2.6
      vertex 18.6 -16.75 2.6
    endloop
  endfacet
  facet normal -0.694263 -0.138092 -0.706349
    outer loop
      vertex -20.6043 -17.7816 4.74
      vertex -20.7059 -17.2708 4.74
      vertex -18.5842 -16.9915 2.6
    endloop
  endfacet
  facet normal 0.138092 -0.694263 -0.706349
    outer loop
      vertex 17.2708 -20.7059 4.74
      vertex 16.9915 -18.5842 2.6
      vertex 17.7816 -20.6043 4.74
    endloop
  endfacet
  facet normal 0.502137 -0.502137 -0.704071
    outer loop
      vertex 19.9147 -19.1798 4.74
      vertex 18.2177 -17.8762 2.6
      vertex 19.9155 -19.179 4.74
    endloop
  endfacet
  facet normal 0.532356 -0.466543 -0.706353
    outer loop
      vertex 18.2177 -17.8762 2.6
      vertex 19.9147 -19.1798 4.74
      vertex 18.0582 -18.0582 2.6
    endloop
  endfacet
  facet normal 0.58858 -0.393247 -0.70635
    outer loop
      vertex 19.9161 -19.178 4.74
      vertex 18.3521 -17.675 2.6
      vertex 20.2054 -18.745 4.74
    endloop
  endfacet
  facet normal -0.633023 -0.316512 -0.706472
    outer loop
      vertex -20.2059 -18.744 4.74
      vertex -18.3521 -17.675 2.6
      vertex -20.2054 -18.745 4.74
    endloop
  endfacet
  facet normal -0.634754 -0.313282 -0.706358
    outer loop
      vertex -18.3521 -17.675 2.6
      vertex -20.2059 -18.744 4.74
      vertex -18.4592 -17.458 2.6
    endloop
  endfacet
  facet normal -0.393195 0.588622 -0.706344
    outer loop
      vertex -17.8762 18.2177 2.6
      vertex -19.178 19.9161 4.74
      vertex -17.675 18.3521 2.6
    endloop
  endfacet
  facet normal -0.364984 0.608306 -0.704805
    outer loop
      vertex -19.178 19.9161 4.74
      vertex -17.8762 18.2177 2.6
      vertex -19.179 19.9155 4.74
    endloop
  endfacet
  facet normal 0.694263 0.138092 -0.706349
    outer loop
      vertex 18.537 17.2288 2.6
      vertex 20.6043 17.7816 4.74
      vertex 18.5842 16.9915 2.6
    endloop
  endfacet
  facet normal 0.682206 0.186056 -0.707092
    outer loop
      vertex 20.6043 17.7816 4.74
      vertex 18.537 17.2288 2.6
      vertex 20.604 17.7827 4.74
    endloop
  endfacet
  facet normal 0.707107 0 -0.707107
    outer loop
      vertex 20.74 -16.75 4.74
      vertex 18.6 16.75 2.6
      vertex 20.74 16.75 4.74
    endloop
  endfacet
  facet normal 0.707107 0 -0.707107
    outer loop
      vertex 18.6 16.75 2.6
      vertex 20.74 -16.75 4.74
      vertex 18.6 -16.75 2.6
    endloop
  endfacet
  facet normal 0.682206 -0.186056 -0.707092
    outer loop
      vertex 18.537 -17.2288 2.6
      vertex 20.6043 -17.7816 4.74
      vertex 20.604 -17.7827 4.74
    endloop
  endfacet
  facet normal 0.694263 -0.138092 -0.706349
    outer loop
      vertex 20.6043 -17.7816 4.74
      vertex 18.537 -17.2288 2.6
      vertex 18.5842 -16.9915 2.6
    endloop
  endfacet
  facet normal 0 0.707107 -0.707107
    outer loop
      vertex 16.75 18.6 2.6
      vertex -16.75 20.74 4.74
      vertex 16.75 20.74 4.74
    endloop
  endfacet
  facet normal 0 0.707107 -0.707107
    outer loop
      vertex -16.75 20.74 4.74
      vertex 16.75 18.6 2.6
      vertex -16.75 18.6 2.6
    endloop
  endfacet
  facet normal -0.138092 0.694263 -0.706349
    outer loop
      vertex -16.9915 18.5842 2.6
      vertex -17.7816 20.6043 4.74
      vertex -17.2708 20.7059 4.74
    endloop
  endfacet
  facet normal -0.313139 -0.634841 -0.706343
    outer loop
      vertex -18.2769 -20.4363 4.74
      vertex -18.744 -20.2059 4.74
      vertex -17.458 -18.4592 2.6
    endloop
  endfacet
  facet normal -0.694263 0.138092 -0.706349
    outer loop
      vertex -20.6043 17.7816 4.74
      vertex -18.537 17.2288 2.6
      vertex -18.5842 16.9915 2.6
    endloop
  endfacet
  facet normal -0.682206 0.186056 -0.707092
    outer loop
      vertex -18.537 17.2288 2.6
      vertex -20.6043 17.7816 4.74
      vertex -20.604 17.7827 4.74
    endloop
  endfacet
  facet normal -0.706368 0.0462137 -0.706335
    outer loop
      vertex -20.7059 17.2697 4.74
      vertex -18.5842 16.9915 2.6
      vertex -18.6 16.75 2.6
    endloop
  endfacet
  facet normal -0.710137 0 -0.704064
    outer loop
      vertex -18.5842 16.9915 2.6
      vertex -20.7059 17.2697 4.74
      vertex -20.7059 17.2708 4.74
    endloop
  endfacet
  facet normal -0.706347 -0.0463468 -0.706347
    outer loop
      vertex -20.7059 -17.2697 4.74
      vertex -20.74 -16.75 4.74
      vertex -18.6 -16.75 2.6
    endloop
  endfacet
  facet normal 0.364984 -0.608306 -0.704805
    outer loop
      vertex 19.178 -19.9161 4.74
      vertex 17.8762 -18.2177 2.6
      vertex 19.179 -19.9155 4.74
    endloop
  endfacet
  facet normal 0.393195 -0.588622 -0.706344
    outer loop
      vertex 17.8762 -18.2177 2.6
      vertex 19.178 -19.9161 4.74
      vertex 17.675 -18.3521 2.6
    endloop
  endfacet
  facet normal 0.316512 0.633023 -0.706472
    outer loop
      vertex 17.675 18.3521 2.6
      vertex 18.744 20.2059 4.74
      vertex 18.745 20.2054 4.74
    endloop
  endfacet
  facet normal 0.313282 0.634754 -0.706358
    outer loop
      vertex 18.744 20.2059 4.74
      vertex 17.675 18.3521 2.6
      vertex 17.458 18.4592 2.6
    endloop
  endfacet
  facet normal -0.532356 0.466543 -0.706353
    outer loop
      vertex -18.2177 17.8762 2.6
      vertex -19.9147 19.1798 4.74
      vertex -18.0582 18.0582 2.6
    endloop
  endfacet
  facet normal -0.502137 0.502137 -0.704071
    outer loop
      vertex -19.9147 19.1798 4.74
      vertex -18.2177 17.8762 2.6
      vertex -19.9155 19.179 4.74
    endloop
  endfacet
  facet normal 0.364984 0.608306 -0.704805
    outer loop
      vertex 17.8762 18.2177 2.6
      vertex 19.178 19.9161 4.74
      vertex 19.179 19.9155 4.74
    endloop
  endfacet
  facet normal 0.393195 0.588622 -0.706344
    outer loop
      vertex 19.178 19.9161 4.74
      vertex 17.8762 18.2177 2.6
      vertex 17.675 18.3521 2.6
    endloop
  endfacet
  facet normal 0.466543 0.532356 -0.706353
    outer loop
      vertex 17.8762 18.2177 2.6
      vertex 19.1798 19.9147 4.74
      vertex 18.0582 18.0582 2.6
    endloop
  endfacet
  facet normal 0.502137 0.502137 -0.704071
    outer loop
      vertex 19.1798 19.9147 4.74
      vertex 17.8762 18.2177 2.6
      vertex 19.179 19.9155 4.74
    endloop
  endfacet
  facet normal 0.502137 -0.502137 -0.704071
    outer loop
      vertex 17.8762 -18.2177 2.6
      vertex 19.1798 -19.9147 4.74
      vertex 19.179 -19.9155 4.74
    endloop
  endfacet
  facet normal 0.466543 -0.532356 -0.706353
    outer loop
      vertex 19.1798 -19.9147 4.74
      vertex 17.8762 -18.2177 2.6
      vertex 18.0582 -18.0582 2.6
    endloop
  endfacet
  facet normal 0.694263 0.138092 -0.706349
    outer loop
      vertex 20.7059 17.2708 4.74
      vertex 18.5842 16.9915 2.6
      vertex 20.6043 17.7816 4.74
    endloop
  endfacet
  facet normal 0.694263 -0.138092 -0.706349
    outer loop
      vertex 20.6043 -17.7816 4.74
      vertex 18.5842 -16.9915 2.6
      vertex 20.7059 -17.2708 4.74
    endloop
  endfacet
  facet normal 0.393247 -0.58858 -0.70635
    outer loop
      vertex 18.745 -20.2054 4.74
      vertex 17.675 -18.3521 2.6
      vertex 19.178 -19.9161 4.74
    endloop
  endfacet
  facet normal -0.682206 -0.186056 -0.707092
    outer loop
      vertex -20.6043 -17.7816 4.74
      vertex -18.537 -17.2288 2.6
      vertex -20.604 -17.7827 4.74
    endloop
  endfacet
  facet normal -0.694263 -0.138092 -0.706349
    outer loop
      vertex -18.537 -17.2288 2.6
      vertex -20.6043 -17.7816 4.74
      vertex -18.5842 -16.9915 2.6
    endloop
  endfacet
  facet normal 0.532289 -0.466636 -0.706342
    outer loop
      vertex 19.5714 -19.5714 4.74
      vertex 18.0582 -18.0582 2.6
      vertex 19.9147 -19.1798 4.74
    endloop
  endfacet
  facet normal -0.393247 0.58858 -0.70635
    outer loop
      vertex -17.675 18.3521 2.6
      vertex -19.178 19.9161 4.74
      vertex -18.745 20.2054 4.74
    endloop
  endfacet
  facet normal -0.58858 -0.393247 -0.70635
    outer loop
      vertex -19.9161 -19.178 4.74
      vertex -20.2054 -18.745 4.74
      vertex -18.3521 -17.675 2.6
    endloop
  endfacet
  facet normal 0.706368 0.0462137 -0.706335
    outer loop
      vertex 18.5842 16.9915 2.6
      vertex 20.7059 17.2697 4.74
      vertex 18.6 16.75 2.6
    endloop
  endfacet
  facet normal 0.710137 0 -0.704064
    outer loop
      vertex 20.7059 17.2697 4.74
      vertex 18.5842 16.9915 2.6
      vertex 20.7059 17.2708 4.74
    endloop
  endfacet
  facet normal 0.634754 0.313282 -0.706358
    outer loop
      vertex 18.3521 17.675 2.6
      vertex 20.2059 18.744 4.74
      vertex 18.4592 17.458 2.6
    endloop
  endfacet
  facet normal 0.633023 0.316512 -0.706472
    outer loop
      vertex 20.2059 18.744 4.74
      vertex 18.3521 17.675 2.6
      vertex 20.2054 18.745 4.74
    endloop
  endfacet
  facet normal 0.634841 0.313139 -0.706343
    outer loop
      vertex 20.4363 18.2769 4.74
      vertex 18.4592 17.458 2.6
      vertex 20.2059 18.744 4.74
    endloop
  endfacet
  facet normal 0.0463468 0.706347 -0.706347
    outer loop
      vertex 17.2697 20.7059 4.74
      vertex 16.75 18.6 2.6
      vertex 16.75 20.74 4.74
    endloop
  endfacet
  facet normal -0.138092 0.694263 -0.706349
    outer loop
      vertex -17.2288 18.537 2.6
      vertex -17.7816 20.6043 4.74
      vertex -16.9915 18.5842 2.6
    endloop
  endfacet
  facet normal -0.186056 0.682206 -0.707092
    outer loop
      vertex -17.7816 20.6043 4.74
      vertex -17.2288 18.537 2.6
      vertex -17.7827 20.604 4.74
    endloop
  endfacet
  facet normal -0.694263 0.138092 -0.706349
    outer loop
      vertex -18.5842 16.9915 2.6
      vertex -20.7059 17.2708 4.74
      vertex -20.6043 17.7816 4.74
    endloop
  endfacet
  facet normal -0.0463468 0.706347 -0.706347
    outer loop
      vertex -16.75 18.6 2.6
      vertex -17.2697 20.7059 4.74
      vertex -16.75 20.74 4.74
    endloop
  endfacet
  facet normal -0.0462137 0.706368 -0.706335
    outer loop
      vertex -16.9915 18.5842 2.6
      vertex -17.2697 20.7059 4.74
      vertex -16.75 18.6 2.6
    endloop
  endfacet
  facet normal 0 0.710137 -0.704064
    outer loop
      vertex -17.2697 20.7059 4.74
      vertex -16.9915 18.5842 2.6
      vertex -17.2708 20.7059 4.74
    endloop
  endfacet
  facet normal 0.634841 -0.313139 -0.706343
    outer loop
      vertex 20.2059 -18.744 4.74
      vertex 18.4592 -17.458 2.6
      vertex 20.4363 -18.2769 4.74
    endloop
  endfacet
  facet normal 0.670294 -0.227555 -0.706347
    outer loop
      vertex 20.4363 -18.2769 4.74
      vertex 18.4592 -17.458 2.6
      vertex 20.6037 -17.7838 4.74
    endloop
  endfacet
  facet normal 0.502137 0.502137 -0.704071
    outer loop
      vertex 18.2177 17.8762 2.6
      vertex 19.9147 19.1798 4.74
      vertex 19.9155 19.179 4.74
    endloop
  endfacet
  facet normal 0.532356 0.466543 -0.706353
    outer loop
      vertex 19.9147 19.1798 4.74
      vertex 18.2177 17.8762 2.6
      vertex 18.0582 18.0582 2.6
    endloop
  endfacet
  facet normal 0.532289 0.466636 -0.706342
    outer loop
      vertex 19.9147 19.1798 4.74
      vertex 18.0582 18.0582 2.6
      vertex 19.5714 19.5714 4.74
    endloop
  endfacet
  facet normal 0.138092 0.694263 -0.706349
    outer loop
      vertex 17.7816 20.6043 4.74
      vertex 16.9915 18.5842 2.6
      vertex 17.2708 20.7059 4.74
    endloop
  endfacet
  facet normal -0.634841 0.313139 -0.706343
    outer loop
      vertex -18.4592 17.458 2.6
      vertex -20.4363 18.2769 4.74
      vertex -20.2059 18.744 4.74
    endloop
  endfacet
  facet normal -0.670294 0.227555 -0.706347
    outer loop
      vertex -18.4592 17.458 2.6
      vertex -20.6037 17.7838 4.74
      vertex -20.4363 18.2769 4.74
    endloop
  endfacet
  facet normal -0.634754 0.313282 -0.706358
    outer loop
      vertex -20.2059 18.744 4.74
      vertex -18.3521 17.675 2.6
      vertex -18.4592 17.458 2.6
    endloop
  endfacet
  facet normal -0.633023 0.316512 -0.706472
    outer loop
      vertex -18.3521 17.675 2.6
      vertex -20.2059 18.744 4.74
      vertex -20.2054 18.745 4.74
    endloop
  endfacet
  facet normal 0.682206 0.186056 -0.707092
    outer loop
      vertex 18.537 17.2288 2.6
      vertex 20.6037 17.7838 4.74
      vertex 20.604 17.7827 4.74
    endloop
  endfacet
  facet normal 0.6703 0.227528 -0.706349
    outer loop
      vertex 20.6037 17.7838 4.74
      vertex 18.537 17.2288 2.6
      vertex 18.4592 17.458 2.6
    endloop
  endfacet
  facet normal 0.670294 0.227555 -0.706347
    outer loop
      vertex 20.6037 17.7838 4.74
      vertex 18.4592 17.458 2.6
      vertex 20.4363 18.2769 4.74
    endloop
  endfacet
  facet normal -0.227528 0.6703 -0.706349
    outer loop
      vertex -17.7838 20.6037 4.74
      vertex -17.2288 18.537 2.6
      vertex -17.458 18.4592 2.6
    endloop
  endfacet
  facet normal -0.186056 0.682206 -0.707092
    outer loop
      vertex -17.2288 18.537 2.6
      vertex -17.7838 20.6037 4.74
      vertex -17.7827 20.604 4.74
    endloop
  endfacet
  facet normal 0.466538 -0.532351 -0.70636
    outer loop
      vertex 17.8762 23.7823 0.799999
      vertex 17.3892 24.417 0
      vertex 18.0582 23.9418 0.799999
    endloop
  endfacet
  facet normal 0.313285 -0.634761 -0.70635
    outer loop
      vertex 17.458 23.5408 0.799999
      vertex 17.1518 24.2799 0
      vertex 17.675 23.6479 0.799999
    endloop
  endfacet
  facet normal -0.313265 -0.634774 -0.706348
    outer loop
      vertex -17.1518 24.2799 0
      vertex -17.675 23.6479 0.799999
      vertex -17.275 24.3407 0
    endloop
  endfacet
  facet normal 0.393191 -0.588617 -0.70635
    outer loop
      vertex 17.675 23.6479 0.799999
      vertex 17.3892 24.417 0
      vertex 17.8762 23.7823 0.799999
    endloop
  endfacet
  facet normal -0.0463684 0.706346 -0.706347
    outer loop
      vertex -16.75 59.8 0
      vertex -16.8871 59.791 0
      vertex -16.75 60.6 0.799999
    endloop
  endfacet
  facet normal 0.138125 0.694234 -0.706371
    outer loop
      vertex 17.0218 59.7642 0
      vertex 16.8871 59.791 0
      vertex 17.2288 60.537 0.799999
    endloop
  endfacet
  facet normal -0.532351 -0.466538 -0.70636
    outer loop
      vertex -18.0582 23.9418 0.799999
      vertex -18.2177 24.1238 0.799999
      vertex -17.583 24.6108 0
    endloop
  endfacet
  facet normal -0.466538 -0.532351 -0.70636
    outer loop
      vertex -17.8762 23.7823 0.799999
      vertex -18.0582 23.9418 0.799999
      vertex -17.3892 24.417 0
    endloop
  endfacet
  facet normal 0 -0.707106 -0.707107
    outer loop
      vertex -16.75 23.4 0.799999
      vertex 16.75 24.2 0
      vertex 16.75 23.4 0.799999
    endloop
  endfacet
  facet normal -0 -0.707106 -0.707107
    outer loop
      vertex 16.75 24.2 0
      vertex -16.75 23.4 0.799999
      vertex -16.75 24.2 0
    endloop
  endfacet
  facet normal -0.313285 -0.634761 -0.70635
    outer loop
      vertex -17.458 23.5408 0.799999
      vertex -17.675 23.6479 0.799999
      vertex -17.1518 24.2799 0
    endloop
  endfacet
  facet normal 0.670323 0.227394 -0.706371
    outer loop
      vertex 17.7642 59.0218 0
      vertex 17.7201 59.1518 0
      vertex 18.537 59.2288 0.799999
    endloop
  endfacet
  facet normal -0.588617 -0.393191 -0.70635
    outer loop
      vertex -18.2177 24.1238 0.799999
      vertex -18.3521 24.325 0.799999
      vertex -17.583 24.6108 0
    endloop
  endfacet
  facet normal -0.393191 -0.588617 -0.70635
    outer loop
      vertex -17.675 23.6479 0.799999
      vertex -17.8762 23.7823 0.799999
      vertex -17.3892 24.417 0
    endloop
  endfacet
  facet normal -0.946934 0.321429 0
    outer loop
      vertex -18.537 59.2288 0.799999
      vertex -18.4592 59.458 2.6
      vertex -18.4592 59.458 0.799999
    endloop
  endfacet
  facet normal -0.946934 0.321429 0
    outer loop
      vertex -18.4592 59.458 2.6
      vertex -18.537 59.2288 0.799999
      vertex -18.537 59.2288 2.6
    endloop
  endfacet
  facet normal -0.752065 -0.65909 0
    outer loop
      vertex -18.0582 23.9418 0.799999
      vertex -18.2177 24.1238 2.6
      vertex -18.2177 24.1238 0.799999
    endloop
  endfacet
  facet normal -0.752065 -0.65909 0
    outer loop
      vertex -18.2177 24.1238 2.6
      vertex -18.0582 23.9418 0.799999
      vertex -18.0582 23.9418 2.6
    endloop
  endfacet
  facet normal -0.0652849 -0.997867 0
    outer loop
      vertex -16.9915 23.4158 0.799999
      vertex -16.75 23.4 2.6
      vertex -16.9915 23.4158 2.6
    endloop
  endfacet
  facet normal -0.0652849 -0.997867 -0
    outer loop
      vertex -16.75 23.4 2.6
      vertex -16.9915 23.4158 0.799999
      vertex -16.75 23.4 0.799999
    endloop
  endfacet
  facet normal 1 -0 0
    outer loop
      vertex 18.6 25.25 2.6
      vertex 18.6 58.75 0.799999
      vertex 18.6 58.75 2.6
    endloop
  endfacet
  facet normal 1 0 0
    outer loop
      vertex 18.6 58.75 0.799999
      vertex 18.6 25.25 2.6
      vertex 18.6 25.25 0.799999
    endloop
  endfacet
  facet normal 0 -1 0
    outer loop
      vertex -16.75 23.4 0.799999
      vertex 16.75 23.4 2.6
      vertex -16.75 23.4 2.6
    endloop
  endfacet
  facet normal 0 -1 -0
    outer loop
      vertex 16.75 23.4 2.6
      vertex -16.75 23.4 0.799999
      vertex 16.75 23.4 0.799999
    endloop
  endfacet
  facet normal 0.393191 0.588617 -0.70635
    outer loop
      vertex 17.8762 60.2177 0.799999
      vertex 17.3892 59.583 0
      vertex 17.675 60.3521 0.799999
    endloop
  endfacet
  facet normal -0.588587 -0.39325 -0.706342
    outer loop
      vertex -17.583 24.6108 0
      vertex -18.3521 24.325 0.799999
      vertex -17.6593 24.725 0
    endloop
  endfacet
  facet normal 0.634761 0.313285 -0.70635
    outer loop
      vertex 18.4592 59.458 0.799999
      vertex 17.7201 59.1518 0
      vertex 18.3521 59.675 0.799999
    endloop
  endfacet
  facet normal -0.466462 -0.532436 -0.706346
    outer loop
      vertex -17.3892 24.417 0
      vertex -18.0582 23.9418 0.799999
      vertex -17.4925 24.5075 0
    endloop
  endfacet
  facet normal 0 0.707106 -0.707107
    outer loop
      vertex -16.75 59.8 0
      vertex 16.75 60.6 0.799999
      vertex 16.75 59.8 0
    endloop
  endfacet
  facet normal 0 0.707106 -0.707107
    outer loop
      vertex 16.75 60.6 0.799999
      vertex -16.75 59.8 0
      vertex -16.75 60.6 0.799999
    endloop
  endfacet
  facet normal 0.694246 0.138089 -0.706367
    outer loop
      vertex 18.5842 58.9915 0.799999
      vertex 17.791 58.8871 0
      vertex 18.537 59.2288 0.799999
    endloop
  endfacet
  facet normal -0.321429 0.946934 0
    outer loop
      vertex -17.2288 60.537 0.799999
      vertex -17.458 60.4592 2.6
      vertex -17.2288 60.537 2.6
    endloop
  endfacet
  facet normal -0.321429 0.946934 0
    outer loop
      vertex -17.458 60.4592 2.6
      vertex -17.2288 60.537 0.799999
      vertex -17.458 60.4592 0.799999
    endloop
  endfacet
  facet normal -0.39325 -0.588587 -0.706342
    outer loop
      vertex -17.275 24.3407 0
      vertex -17.675 23.6479 0.799999
      vertex -17.3892 24.417 0
    endloop
  endfacet
  facet normal -0.65909 -0.752065 0
    outer loop
      vertex -18.0582 23.9418 0.799999
      vertex -17.8762 23.7823 2.6
      vertex -18.0582 23.9418 2.6
    endloop
  endfacet
  facet normal -0.65909 -0.752065 -0
    outer loop
      vertex -17.8762 23.7823 2.6
      vertex -18.0582 23.9418 0.799999
      vertex -17.8762 23.7823 0.799999
    endloop
  endfacet
  facet normal -1 0 0
    outer loop
      vertex -18.6 25.25 0.799999
      vertex -18.6 58.75 2.6
      vertex -18.6 58.75 0.799999
    endloop
  endfacet
  facet normal -1 -0 0
    outer loop
      vertex -18.6 58.75 2.6
      vertex -18.6 25.25 0.799999
      vertex -18.6 25.25 2.6
    endloop
  endfacet
  facet normal -0.138125 -0.694234 -0.706371
    outer loop
      vertex -16.8871 24.209 0
      vertex -17.2288 23.463 0.799999
      vertex -17.0218 24.2358 0
    endloop
  endfacet
  facet normal 0.670295 -0.227526 -0.706355
    outer loop
      vertex 18.4592 24.542 0.799999
      vertex 17.7201 24.8482 0
      vertex 18.537 24.7712 0.799999
    endloop
  endfacet
  facet normal 0.532436 0.466462 -0.706346
    outer loop
      vertex 17.583 59.3892 0
      vertex 17.4925 59.4925 0
      vertex 18.0582 60.0582 0.799999
    endloop
  endfacet
  facet normal -0.532436 -0.466462 -0.706346
    outer loop
      vertex -17.4925 24.5075 0
      vertex -18.0582 23.9418 0.799999
      vertex -17.583 24.6108 0
    endloop
  endfacet
  facet normal 0.946934 0.321429 0
    outer loop
      vertex 18.537 59.2288 2.6
      vertex 18.4592 59.458 0.799999
      vertex 18.4592 59.458 2.6
    endloop
  endfacet
  facet normal 0.946934 0.321429 0
    outer loop
      vertex 18.4592 59.458 0.799999
      vertex 18.537 59.2288 2.6
      vertex 18.537 59.2288 0.799999
    endloop
  endfacet
  facet normal 0 1 -0
    outer loop
      vertex 16.75 60.6 0.799999
      vertex -16.75 60.6 2.6
      vertex 16.75 60.6 2.6
    endloop
  endfacet
  facet normal 0 1 0
    outer loop
      vertex -16.75 60.6 2.6
      vertex 16.75 60.6 0.799999
      vertex -16.75 60.6 0.799999
    endloop
  endfacet
  facet normal 0.707106 0 -0.707107
    outer loop
      vertex 17.8 25.25 0
      vertex 18.6 58.75 0.799999
      vertex 18.6 25.25 0.799999
    endloop
  endfacet
  facet normal 0.707106 0 -0.707107
    outer loop
      vertex 18.6 58.75 0.799999
      vertex 17.8 25.25 0
      vertex 17.8 58.75 0
    endloop
  endfacet
  facet normal 0.0462117 -0.706338 -0.706365
    outer loop
      vertex 16.9915 23.4158 0.799999
      vertex 16.75 23.4 0.799999
      vertex 16.8871 24.209 0
    endloop
  endfacet
  facet normal -0.980787 -0.195083 0
    outer loop
      vertex -18.537 24.7712 0.799999
      vertex -18.5842 25.0085 2.6
      vertex -18.5842 25.0085 0.799999
    endloop
  endfacet
  facet normal -0.980787 -0.195083 0
    outer loop
      vertex -18.5842 25.0085 2.6
      vertex -18.537 24.7712 0.799999
      vertex -18.537 24.7712 2.6
    endloop
  endfacet
  facet normal 0.706338 -0.0462117 -0.706365
    outer loop
      vertex 18.5842 25.0085 0.799999
      vertex 17.791 25.1129 0
      vertex 18.6 25.25 0.799999
    endloop
  endfacet
  facet normal 0.694246 -0.138089 -0.706367
    outer loop
      vertex 18.537 24.7712 0.799999
      vertex 17.791 25.1129 0
      vertex 18.5842 25.0085 0.799999
    endloop
  endfacet
  facet normal 0.138089 0.694246 -0.706367
    outer loop
      vertex 17.2288 60.537 0.799999
      vertex 16.8871 59.791 0
      vertex 16.9915 60.5842 0.799999
    endloop
  endfacet
  facet normal -0.0462117 0.706338 -0.706365
    outer loop
      vertex -16.8871 59.791 0
      vertex -16.9915 60.5842 0.799999
      vertex -16.75 60.6 0.799999
    endloop
  endfacet
  facet normal 0.634761 -0.313285 -0.70635
    outer loop
      vertex 18.3521 24.325 0.799999
      vertex 17.7201 24.8482 0
      vertex 18.4592 24.542 0.799999
    endloop
  endfacet
  facet normal -0.706338 -0.0462117 -0.706365
    outer loop
      vertex -18.5842 25.0085 0.799999
      vertex -18.6 25.25 0.799999
      vertex -17.791 25.1129 0
    endloop
  endfacet
  facet normal 0.670295 0.227526 -0.706355
    outer loop
      vertex 18.537 59.2288 0.799999
      vertex 17.7201 59.1518 0
      vertex 18.4592 59.458 0.799999
    endloop
  endfacet
  facet normal -0.138125 0.694234 -0.706371
    outer loop
      vertex -17.0218 59.7642 0
      vertex -17.2288 60.537 0.799999
      vertex -16.8871 59.791 0
    endloop
  endfacet
  facet normal 0.997867 -0.0652849 0
    outer loop
      vertex 18.5842 25.0085 2.6
      vertex 18.6 25.25 0.799999
      vertex 18.6 25.25 2.6
    endloop
  endfacet
  facet normal 0.997867 -0.0652849 0
    outer loop
      vertex 18.6 25.25 0.799999
      vertex 18.5842 25.0085 2.6
      vertex 18.5842 25.0085 0.799999
    endloop
  endfacet
  facet normal 0.896729 0.442579 0
    outer loop
      vertex 18.4592 59.458 2.6
      vertex 18.3521 59.675 0.799999
      vertex 18.3521 59.675 2.6
    endloop
  endfacet
  facet normal 0.896729 0.442579 0
    outer loop
      vertex 18.3521 59.675 0.799999
      vertex 18.4592 59.458 2.6
      vertex 18.4592 59.458 0.799999
    endloop
  endfacet
  facet normal 0.313265 -0.634774 -0.706348
    outer loop
      vertex 17.675 23.6479 0.799999
      vertex 17.1518 24.2799 0
      vertex 17.275 24.3407 0
    endloop
  endfacet
  facet normal 0.588617 0.393191 -0.70635
    outer loop
      vertex 18.3521 59.675 0.799999
      vertex 17.583 59.3892 0
      vertex 18.2177 59.8762 0.799999
    endloop
  endfacet
  facet normal -0.0463684 -0.706346 -0.706347
    outer loop
      vertex -16.75 23.4 0.799999
      vertex -16.8871 24.209 0
      vertex -16.75 24.2 0
    endloop
  endfacet
  facet normal -0.555463 -0.831541 0
    outer loop
      vertex -17.8762 23.7823 0.799999
      vertex -17.675 23.6479 2.6
      vertex -17.8762 23.7823 2.6
    endloop
  endfacet
  facet normal -0.555463 -0.831541 -0
    outer loop
      vertex -17.675 23.6479 2.6
      vertex -17.8762 23.7823 0.799999
      vertex -17.675 23.6479 0.799999
    endloop
  endfacet
  facet normal -0.634774 -0.313265 -0.706348
    outer loop
      vertex -17.6593 24.725 0
      vertex -18.3521 24.325 0.799999
      vertex -17.7201 24.8482 0
    endloop
  endfacet
  facet normal -0.588587 0.39325 -0.706342
    outer loop
      vertex -17.6593 59.275 0
      vertex -18.3521 59.675 0.799999
      vertex -17.583 59.3892 0
    endloop
  endfacet
  facet normal -0.634761 0.313285 -0.70635
    outer loop
      vertex -17.7201 59.1518 0
      vertex -18.4592 59.458 0.799999
      vertex -18.3521 59.675 0.799999
    endloop
  endfacet
  facet normal 0.65909 0.752065 -0
    outer loop
      vertex 18.0582 60.0582 0.799999
      vertex 17.8762 60.2177 2.6
      vertex 18.0582 60.0582 2.6
    endloop
  endfacet
  facet normal 0.65909 0.752065 0
    outer loop
      vertex 17.8762 60.2177 2.6
      vertex 18.0582 60.0582 0.799999
      vertex 17.8762 60.2177 0.799999
    endloop
  endfacet
  facet normal -0.694234 0.138125 -0.706371
    outer loop
      vertex -17.791 58.8871 0
      vertex -18.537 59.2288 0.799999
      vertex -17.7642 59.0218 0
    endloop
  endfacet
  facet normal -0.0462117 -0.706338 -0.706365
    outer loop
      vertex -16.75 23.4 0.799999
      vertex -16.9915 23.4158 0.799999
      vertex -16.8871 24.209 0
    endloop
  endfacet
  facet normal -0.138089 -0.694246 -0.706367
    outer loop
      vertex -16.9915 23.4158 0.799999
      vertex -17.2288 23.463 0.799999
      vertex -16.8871 24.209 0
    endloop
  endfacet
  facet normal 0.532351 0.466538 -0.70636
    outer loop
      vertex 18.2177 59.8762 0.799999
      vertex 17.583 59.3892 0
      vertex 18.0582 60.0582 0.799999
    endloop
  endfacet
  facet normal 0.706338 0.0462117 -0.706365
    outer loop
      vertex 18.6 58.75 0.799999
      vertex 17.791 58.8871 0
      vertex 18.5842 58.9915 0.799999
    endloop
  endfacet
  facet normal 0.706346 -0.0463684 -0.706347
    outer loop
      vertex 18.6 25.25 0.799999
      vertex 17.791 25.1129 0
      vertex 17.8 25.25 0
    endloop
  endfacet
  facet normal -0.670295 0.227526 -0.706355
    outer loop
      vertex -17.7201 59.1518 0
      vertex -18.537 59.2288 0.799999
      vertex -18.4592 59.458 0.799999
    endloop
  endfacet
  facet normal 0.466462 -0.532436 -0.706346
    outer loop
      vertex 18.0582 23.9418 0.799999
      vertex 17.3892 24.417 0
      vertex 17.4925 24.5075 0
    endloop
  endfacet
  facet normal -0.195083 -0.980787 0
    outer loop
      vertex -17.2288 23.463 0.799999
      vertex -16.9915 23.4158 2.6
      vertex -17.2288 23.463 2.6
    endloop
  endfacet
  facet normal -0.195083 -0.980787 -0
    outer loop
      vertex -16.9915 23.4158 2.6
      vertex -17.2288 23.463 0.799999
      vertex -16.9915 23.4158 0.799999
    endloop
  endfacet
  facet normal 0.896729 -0.442579 0
    outer loop
      vertex 18.3521 24.325 2.6
      vertex 18.4592 24.542 0.799999
      vertex 18.4592 24.542 2.6
    endloop
  endfacet
  facet normal 0.896729 -0.442579 0
    outer loop
      vertex 18.4592 24.542 0.799999
      vertex 18.3521 24.325 2.6
      vertex 18.3521 24.325 0.799999
    endloop
  endfacet
  facet normal -0.997867 0.0652849 0
    outer loop
      vertex -18.6 58.75 0.799999
      vertex -18.5842 58.9915 2.6
      vertex -18.5842 58.9915 0.799999
    endloop
  endfacet
  facet normal -0.997867 0.0652849 0
    outer loop
      vertex -18.5842 58.9915 2.6
      vertex -18.6 58.75 0.799999
      vertex -18.6 58.75 2.6
    endloop
  endfacet
  facet normal 0.831541 0.555463 0
    outer loop
      vertex 18.3521 59.675 2.6
      vertex 18.2177 59.8762 0.799999
      vertex 18.2177 59.8762 2.6
    endloop
  endfacet
  facet normal 0.831541 0.555463 0
    outer loop
      vertex 18.2177 59.8762 0.799999
      vertex 18.3521 59.675 2.6
      vertex 18.3521 59.675 0.799999
    endloop
  endfacet
  facet normal 0.0463684 -0.706346 -0.706347
    outer loop
      vertex 16.8871 24.209 0
      vertex 16.75 23.4 0.799999
      vertex 16.75 24.2 0
    endloop
  endfacet
  facet normal 0.588587 0.39325 -0.706342
    outer loop
      vertex 17.6593 59.275 0
      vertex 17.583 59.3892 0
      vertex 18.3521 59.675 0.799999
    endloop
  endfacet
  facet normal 0.532436 -0.466462 -0.706346
    outer loop
      vertex 18.0582 23.9418 0.799999
      vertex 17.4925 24.5075 0
      vertex 17.583 24.6108 0
    endloop
  endfacet
  facet normal 0.0652849 -0.997867 0
    outer loop
      vertex 16.75 23.4 0.799999
      vertex 16.9915 23.4158 2.6
      vertex 16.75 23.4 2.6
    endloop
  endfacet
  facet normal 0.0652849 -0.997867 0
    outer loop
      vertex 16.9915 23.4158 2.6
      vertex 16.75 23.4 0.799999
      vertex 16.9915 23.4158 0.799999
    endloop
  endfacet
  facet normal -0.227526 0.670295 -0.706355
    outer loop
      vertex -17.1518 59.7201 0
      vertex -17.458 60.4592 0.799999
      vertex -17.2288 60.537 0.799999
    endloop
  endfacet
  facet normal 0.195083 -0.980787 0
    outer loop
      vertex 16.9915 23.4158 0.799999
      vertex 17.2288 23.463 2.6
      vertex 16.9915 23.4158 2.6
    endloop
  endfacet
  facet normal 0.195083 -0.980787 0
    outer loop
      vertex 17.2288 23.463 2.6
      vertex 16.9915 23.4158 0.799999
      vertex 17.2288 23.463 0.799999
    endloop
  endfacet
  facet normal 0.227394 -0.670323 -0.706371
    outer loop
      vertex 17.2288 23.463 0.799999
      vertex 17.0218 24.2358 0
      vertex 17.1518 24.2799 0
    endloop
  endfacet
  facet normal 0.138089 -0.694246 -0.706367
    outer loop
      vertex 16.9915 23.4158 0.799999
      vertex 16.8871 24.209 0
      vertex 17.2288 23.463 0.799999
    endloop
  endfacet
  facet normal -0.588617 0.393191 -0.70635
    outer loop
      vertex -17.583 59.3892 0
      vertex -18.3521 59.675 0.799999
      vertex -18.2177 59.8762 0.799999
    endloop
  endfacet
  facet normal 0.39325 -0.588587 -0.706342
    outer loop
      vertex 17.675 23.6479 0.799999
      vertex 17.275 24.3407 0
      vertex 17.3892 24.417 0
    endloop
  endfacet
  facet normal -0.138089 0.694246 -0.706367
    outer loop
      vertex -16.8871 59.791 0
      vertex -17.2288 60.537 0.799999
      vertex -16.9915 60.5842 0.799999
    endloop
  endfacet
  facet normal 0.752065 0.65909 0
    outer loop
      vertex 18.2177 59.8762 2.6
      vertex 18.0582 60.0582 0.799999
      vertex 18.0582 60.0582 2.6
    endloop
  endfacet
  facet normal 0.752065 0.65909 0
    outer loop
      vertex 18.0582 60.0582 0.799999
      vertex 18.2177 59.8762 2.6
      vertex 18.2177 59.8762 0.799999
    endloop
  endfacet
  facet normal -0.313285 0.634761 -0.70635
    outer loop
      vertex -17.1518 59.7201 0
      vertex -17.675 60.3521 0.799999
      vertex -17.458 60.4592 0.799999
    endloop
  endfacet
  facet normal 0.466538 0.532351 -0.70636
    outer loop
      vertex 18.0582 60.0582 0.799999
      vertex 17.3892 59.583 0
      vertex 17.8762 60.2177 0.799999
    endloop
  endfacet
  facet normal -0.707106 0 -0.707107
    outer loop
      vertex -18.6 25.25 0.799999
      vertex -17.8 58.75 0
      vertex -17.8 25.25 0
    endloop
  endfacet
  facet normal -0.707106 0 -0.707107
    outer loop
      vertex -17.8 58.75 0
      vertex -18.6 25.25 0.799999
      vertex -18.6 58.75 0.799999
    endloop
  endfacet
  facet normal 0.694234 -0.138125 -0.706371
    outer loop
      vertex 18.537 24.7712 0.799999
      vertex 17.7642 24.9782 0
      vertex 17.791 25.1129 0
    endloop
  endfacet
  facet normal -0.227394 -0.670323 -0.706371
    outer loop
      vertex -17.0218 24.2358 0
      vertex -17.2288 23.463 0.799999
      vertex -17.1518 24.2799 0
    endloop
  endfacet
  facet normal -0.946934 -0.321429 0
    outer loop
      vertex -18.4592 24.542 0.799999
      vertex -18.537 24.7712 2.6
      vertex -18.537 24.7712 0.799999
    endloop
  endfacet
  facet normal -0.946934 -0.321429 0
    outer loop
      vertex -18.537 24.7712 2.6
      vertex -18.4592 24.542 0.799999
      vertex -18.4592 24.542 2.6
    endloop
  endfacet
  facet normal -0.831541 0.555463 0
    outer loop
      vertex -18.3521 59.675 0.799999
      vertex -18.2177 59.8762 2.6
      vertex -18.2177 59.8762 0.799999
    endloop
  endfacet
  facet normal -0.831541 0.555463 0
    outer loop
      vertex -18.2177 59.8762 2.6
      vertex -18.3521 59.675 0.799999
      vertex -18.3521 59.675 2.6
    endloop
  endfacet
  facet normal 0.0462117 0.706338 -0.706365
    outer loop
      vertex 16.8871 59.791 0
      vertex 16.75 60.6 0.799999
      vertex 16.9915 60.5842 0.799999
    endloop
  endfacet
  facet normal -0.0652849 0.997867 0
    outer loop
      vertex -16.75 60.6 0.799999
      vertex -16.9915 60.5842 2.6
      vertex -16.75 60.6 2.6
    endloop
  endfacet
  facet normal -0.0652849 0.997867 0
    outer loop
      vertex -16.9915 60.5842 2.6
      vertex -16.75 60.6 0.799999
      vertex -16.9915 60.5842 0.799999
    endloop
  endfacet
  facet normal -0.195083 0.980787 0
    outer loop
      vertex -16.9915 60.5842 0.799999
      vertex -17.2288 60.537 2.6
      vertex -16.9915 60.5842 2.6
    endloop
  endfacet
  facet normal -0.195083 0.980787 0
    outer loop
      vertex -17.2288 60.537 2.6
      vertex -16.9915 60.5842 0.799999
      vertex -17.2288 60.537 0.799999
    endloop
  endfacet
  facet normal 0.634774 0.313265 -0.706348
    outer loop
      vertex 17.7201 59.1518 0
      vertex 17.6593 59.275 0
      vertex 18.3521 59.675 0.799999
    endloop
  endfacet
  facet normal 0.65909 -0.752065 0
    outer loop
      vertex 17.8762 23.7823 0.799999
      vertex 18.0582 23.9418 2.6
      vertex 17.8762 23.7823 2.6
    endloop
  endfacet
  facet normal 0.65909 -0.752065 0
    outer loop
      vertex 18.0582 23.9418 2.6
      vertex 17.8762 23.7823 0.799999
      vertex 18.0582 23.9418 0.799999
    endloop
  endfacet
  facet normal 0.0463684 0.706346 -0.706347
    outer loop
      vertex 16.8871 59.791 0
      vertex 16.75 59.8 0
      vertex 16.75 60.6 0.799999
    endloop
  endfacet
  facet normal -0.706346 -0.0463684 -0.706347
    outer loop
      vertex -17.791 25.1129 0
      vertex -18.6 25.25 0.799999
      vertex -17.8 25.25 0
    endloop
  endfacet
  facet normal -0.227394 0.670323 -0.706371
    outer loop
      vertex -17.1518 59.7201 0
      vertex -17.2288 60.537 0.799999
      vertex -17.0218 59.7642 0
    endloop
  endfacet
  facet normal 0.997867 0.0652849 0
    outer loop
      vertex 18.6 58.75 2.6
      vertex 18.5842 58.9915 0.799999
      vertex 18.5842 58.9915 2.6
    endloop
  endfacet
  facet normal 0.997867 0.0652849 0
    outer loop
      vertex 18.5842 58.9915 0.799999
      vertex 18.6 58.75 2.6
      vertex 18.6 58.75 0.799999
    endloop
  endfacet
  facet normal -0.670323 -0.227394 -0.706371
    outer loop
      vertex -17.7201 24.8482 0
      vertex -18.537 24.7712 0.799999
      vertex -17.7642 24.9782 0
    endloop
  endfacet
  facet normal 0.946934 -0.321429 0
    outer loop
      vertex 18.4592 24.542 2.6
      vertex 18.537 24.7712 0.799999
      vertex 18.537 24.7712 2.6
    endloop
  endfacet
  facet normal 0.946934 -0.321429 0
    outer loop
      vertex 18.537 24.7712 0.799999
      vertex 18.4592 24.542 2.6
      vertex 18.4592 24.542 0.799999
    endloop
  endfacet
  facet normal 0.694234 0.138125 -0.706371
    outer loop
      vertex 17.791 58.8871 0
      vertex 17.7642 59.0218 0
      vertex 18.537 59.2288 0.799999
    endloop
  endfacet
  facet normal 0.588617 -0.393191 -0.70635
    outer loop
      vertex 18.2177 24.1238 0.799999
      vertex 17.583 24.6108 0
      vertex 18.3521 24.325 0.799999
    endloop
  endfacet
  facet normal 0.532351 -0.466538 -0.70636
    outer loop
      vertex 18.0582 23.9418 0.799999
      vertex 17.583 24.6108 0
      vertex 18.2177 24.1238 0.799999
    endloop
  endfacet
  facet normal 0.555463 -0.831541 0
    outer loop
      vertex 17.675 23.6479 0.799999
      vertex 17.8762 23.7823 2.6
      vertex 17.675 23.6479 2.6
    endloop
  endfacet
  facet normal 0.555463 -0.831541 0
    outer loop
      vertex 17.8762 23.7823 2.6
      vertex 17.675 23.6479 0.799999
      vertex 17.8762 23.7823 0.799999
    endloop
  endfacet
  facet normal 0.227526 -0.670295 -0.706355
    outer loop
      vertex 17.2288 23.463 0.799999
      vertex 17.1518 24.2799 0
      vertex 17.458 23.5408 0.799999
    endloop
  endfacet
  facet normal 0.442579 -0.896729 0
    outer loop
      vertex 17.458 23.5408 0.799999
      vertex 17.675 23.6479 2.6
      vertex 17.458 23.5408 2.6
    endloop
  endfacet
  facet normal 0.442579 -0.896729 0
    outer loop
      vertex 17.675 23.6479 2.6
      vertex 17.458 23.5408 0.799999
      vertex 17.675 23.6479 0.799999
    endloop
  endfacet
  facet normal 0.138125 -0.694234 -0.706371
    outer loop
      vertex 17.2288 23.463 0.799999
      vertex 16.8871 24.209 0
      vertex 17.0218 24.2358 0
    endloop
  endfacet
  facet normal 0.670323 -0.227394 -0.706371
    outer loop
      vertex 18.537 24.7712 0.799999
      vertex 17.7201 24.8482 0
      vertex 17.7642 24.9782 0
    endloop
  endfacet
  facet normal -0.313265 0.634774 -0.706348
    outer loop
      vertex -17.275 59.6593 0
      vertex -17.675 60.3521 0.799999
      vertex -17.1518 59.7201 0
    endloop
  endfacet
  facet normal 0.321429 -0.946934 0
    outer loop
      vertex 17.2288 23.463 0.799999
      vertex 17.458 23.5408 2.6
      vertex 17.2288 23.463 2.6
    endloop
  endfacet
  facet normal 0.321429 -0.946934 0
    outer loop
      vertex 17.458 23.5408 2.6
      vertex 17.2288 23.463 0.799999
      vertex 17.458 23.5408 0.799999
    endloop
  endfacet
  facet normal -0.227526 -0.670295 -0.706355
    outer loop
      vertex -17.2288 23.463 0.799999
      vertex -17.458 23.5408 0.799999
      vertex -17.1518 24.2799 0
    endloop
  endfacet
  facet normal -0.321429 -0.946934 0
    outer loop
      vertex -17.458 23.5408 0.799999
      vertex -17.2288 23.463 2.6
      vertex -17.458 23.5408 2.6
    endloop
  endfacet
  facet normal -0.321429 -0.946934 -0
    outer loop
      vertex -17.2288 23.463 2.6
      vertex -17.458 23.5408 0.799999
      vertex -17.2288 23.463 0.799999
    endloop
  endfacet
  facet normal -0.896729 -0.442579 0
    outer loop
      vertex -18.3521 24.325 0.799999
      vertex -18.4592 24.542 2.6
      vertex -18.4592 24.542 0.799999
    endloop
  endfacet
  facet normal -0.896729 -0.442579 0
    outer loop
      vertex -18.4592 24.542 2.6
      vertex -18.3521 24.325 0.799999
      vertex -18.3521 24.325 2.6
    endloop
  endfacet
  facet normal -0.65909 0.752065 0
    outer loop
      vertex -17.8762 60.2177 0.799999
      vertex -18.0582 60.0582 2.6
      vertex -17.8762 60.2177 2.6
    endloop
  endfacet
  facet normal -0.65909 0.752065 0
    outer loop
      vertex -18.0582 60.0582 2.6
      vertex -17.8762 60.2177 0.799999
      vertex -18.0582 60.0582 0.799999
    endloop
  endfacet
  facet normal -0.997867 -0.0652849 0
    outer loop
      vertex -18.5842 25.0085 0.799999
      vertex -18.6 25.25 2.6
      vertex -18.6 25.25 0.799999
    endloop
  endfacet
  facet normal -0.997867 -0.0652849 0
    outer loop
      vertex -18.6 25.25 2.6
      vertex -18.5842 25.0085 0.799999
      vertex -18.5842 25.0085 2.6
    endloop
  endfacet
  facet normal 0.0652849 0.997867 -0
    outer loop
      vertex 16.9915 60.5842 0.799999
      vertex 16.75 60.6 2.6
      vertex 16.9915 60.5842 2.6
    endloop
  endfacet
  facet normal 0.0652849 0.997867 0
    outer loop
      vertex 16.75 60.6 2.6
      vertex 16.9915 60.5842 0.799999
      vertex 16.75 60.6 0.799999
    endloop
  endfacet
  facet normal -0.466538 0.532351 -0.70636
    outer loop
      vertex -17.3892 59.583 0
      vertex -18.0582 60.0582 0.799999
      vertex -17.8762 60.2177 0.799999
    endloop
  endfacet
  facet normal 0.706346 0.0463684 -0.706347
    outer loop
      vertex 17.8 58.75 0
      vertex 17.791 58.8871 0
      vertex 18.6 58.75 0.799999
    endloop
  endfacet
  facet normal 0.313285 0.634761 -0.70635
    outer loop
      vertex 17.675 60.3521 0.799999
      vertex 17.1518 59.7201 0
      vertex 17.458 60.4592 0.799999
    endloop
  endfacet
  facet normal -0.466462 0.532436 -0.706346
    outer loop
      vertex -17.4925 59.4925 0
      vertex -18.0582 60.0582 0.799999
      vertex -17.3892 59.583 0
    endloop
  endfacet
  facet normal 0.752065 -0.65909 0
    outer loop
      vertex 18.0582 23.9418 2.6
      vertex 18.2177 24.1238 0.799999
      vertex 18.2177 24.1238 2.6
    endloop
  endfacet
  facet normal 0.752065 -0.65909 0
    outer loop
      vertex 18.2177 24.1238 0.799999
      vertex 18.0582 23.9418 2.6
      vertex 18.0582 23.9418 0.799999
    endloop
  endfacet
  facet normal -0.532436 0.466462 -0.706346
    outer loop
      vertex -17.583 59.3892 0
      vertex -18.0582 60.0582 0.799999
      vertex -17.4925 59.4925 0
    endloop
  endfacet
  facet normal 0.313265 0.634774 -0.706348
    outer loop
      vertex 17.275 59.6593 0
      vertex 17.1518 59.7201 0
      vertex 17.675 60.3521 0.799999
    endloop
  endfacet
  facet normal -0.634774 0.313265 -0.706348
    outer loop
      vertex -17.7201 59.1518 0
      vertex -18.3521 59.675 0.799999
      vertex -17.6593 59.275 0
    endloop
  endfacet
  facet normal -0.831541 -0.555463 0
    outer loop
      vertex -18.2177 24.1238 0.799999
      vertex -18.3521 24.325 2.6
      vertex -18.3521 24.325 0.799999
    endloop
  endfacet
  facet normal -0.831541 -0.555463 0
    outer loop
      vertex -18.3521 24.325 2.6
      vertex -18.2177 24.1238 0.799999
      vertex -18.2177 24.1238 2.6
    endloop
  endfacet
  facet normal 0.555463 0.831541 -0
    outer loop
      vertex 17.8762 60.2177 0.799999
      vertex 17.675 60.3521 2.6
      vertex 17.8762 60.2177 2.6
    endloop
  endfacet
  facet normal 0.555463 0.831541 0
    outer loop
      vertex 17.675 60.3521 2.6
      vertex 17.8762 60.2177 0.799999
      vertex 17.675 60.3521 0.799999
    endloop
  endfacet
  facet normal -0.694246 0.138089 -0.706367
    outer loop
      vertex -17.791 58.8871 0
      vertex -18.5842 58.9915 0.799999
      vertex -18.537 59.2288 0.799999
    endloop
  endfacet
  facet normal 0.980787 0.195083 0
    outer loop
      vertex 18.5842 58.9915 2.6
      vertex 18.537 59.2288 0.799999
      vertex 18.537 59.2288 2.6
    endloop
  endfacet
  facet normal 0.980787 0.195083 0
    outer loop
      vertex 18.537 59.2288 0.799999
      vertex 18.5842 58.9915 2.6
      vertex 18.5842 58.9915 0.799999
    endloop
  endfacet
  facet normal -0.670295 -0.227526 -0.706355
    outer loop
      vertex -18.4592 24.542 0.799999
      vertex -18.537 24.7712 0.799999
      vertex -17.7201 24.8482 0
    endloop
  endfacet
  facet normal -0.39325 0.588587 -0.706342
    outer loop
      vertex -17.3892 59.583 0
      vertex -17.675 60.3521 0.799999
      vertex -17.275 59.6593 0
    endloop
  endfacet
  facet normal -0.634761 -0.313285 -0.70635
    outer loop
      vertex -18.3521 24.325 0.799999
      vertex -18.4592 24.542 0.799999
      vertex -17.7201 24.8482 0
    endloop
  endfacet
  facet normal 0.831541 -0.555463 0
    outer loop
      vertex 18.2177 24.1238 2.6
      vertex 18.3521 24.325 0.799999
      vertex 18.3521 24.325 2.6
    endloop
  endfacet
  facet normal 0.831541 -0.555463 0
    outer loop
      vertex 18.3521 24.325 0.799999
      vertex 18.2177 24.1238 2.6
      vertex 18.2177 24.1238 0.799999
    endloop
  endfacet
  facet normal 0.588587 -0.39325 -0.706342
    outer loop
      vertex 18.3521 24.325 0.799999
      vertex 17.583 24.6108 0
      vertex 17.6593 24.725 0
    endloop
  endfacet
  facet normal -0.442579 -0.896729 0
    outer loop
      vertex -17.675 23.6479 0.799999
      vertex -17.458 23.5408 2.6
      vertex -17.675 23.6479 2.6
    endloop
  endfacet
  facet normal -0.442579 -0.896729 -0
    outer loop
      vertex -17.458 23.5408 2.6
      vertex -17.675 23.6479 0.799999
      vertex -17.458 23.5408 0.799999
    endloop
  endfacet
  facet normal -0.555463 0.831541 0
    outer loop
      vertex -17.675 60.3521 0.799999
      vertex -17.8762 60.2177 2.6
      vertex -17.675 60.3521 2.6
    endloop
  endfacet
  facet normal -0.555463 0.831541 0
    outer loop
      vertex -17.8762 60.2177 2.6
      vertex -17.675 60.3521 0.799999
      vertex -17.8762 60.2177 0.799999
    endloop
  endfacet
  facet normal 0.195083 0.980787 -0
    outer loop
      vertex 17.2288 60.537 0.799999
      vertex 16.9915 60.5842 2.6
      vertex 17.2288 60.537 2.6
    endloop
  endfacet
  facet normal 0.195083 0.980787 0
    outer loop
      vertex 16.9915 60.5842 2.6
      vertex 17.2288 60.537 0.799999
      vertex 16.9915 60.5842 0.799999
    endloop
  endfacet
  facet normal -0.393191 0.588617 -0.70635
    outer loop
      vertex -17.3892 59.583 0
      vertex -17.8762 60.2177 0.799999
      vertex -17.675 60.3521 0.799999
    endloop
  endfacet
  facet normal -0.532351 0.466538 -0.70636
    outer loop
      vertex -17.583 59.3892 0
      vertex -18.2177 59.8762 0.799999
      vertex -18.0582 60.0582 0.799999
    endloop
  endfacet
  facet normal -0.706338 0.0462117 -0.706365
    outer loop
      vertex -17.791 58.8871 0
      vertex -18.6 58.75 0.799999
      vertex -18.5842 58.9915 0.799999
    endloop
  endfacet
  facet normal 0.980787 -0.195083 0
    outer loop
      vertex 18.537 24.7712 2.6
      vertex 18.5842 25.0085 0.799999
      vertex 18.5842 25.0085 2.6
    endloop
  endfacet
  facet normal 0.980787 -0.195083 0
    outer loop
      vertex 18.5842 25.0085 0.799999
      vertex 18.537 24.7712 2.6
      vertex 18.537 24.7712 0.799999
    endloop
  endfacet
  facet normal -0.694246 -0.138089 -0.706367
    outer loop
      vertex -18.537 24.7712 0.799999
      vertex -18.5842 25.0085 0.799999
      vertex -17.791 25.1129 0
    endloop
  endfacet
  facet normal -0.980787 0.195083 0
    outer loop
      vertex -18.5842 58.9915 0.799999
      vertex -18.537 59.2288 2.6
      vertex -18.537 59.2288 0.799999
    endloop
  endfacet
  facet normal -0.980787 0.195083 0
    outer loop
      vertex -18.537 59.2288 2.6
      vertex -18.5842 58.9915 0.799999
      vertex -18.5842 58.9915 2.6
    endloop
  endfacet
  facet normal 0.466462 0.532436 -0.706346
    outer loop
      vertex 17.4925 59.4925 0
      vertex 17.3892 59.583 0
      vertex 18.0582 60.0582 0.799999
    endloop
  endfacet
  facet normal -0.752065 0.65909 0
    outer loop
      vertex -18.2177 59.8762 0.799999
      vertex -18.0582 60.0582 2.6
      vertex -18.0582 60.0582 0.799999
    endloop
  endfacet
  facet normal -0.752065 0.65909 0
    outer loop
      vertex -18.0582 60.0582 2.6
      vertex -18.2177 59.8762 0.799999
      vertex -18.2177 59.8762 2.6
    endloop
  endfacet
  facet normal -0.706346 0.0463684 -0.706347
    outer loop
      vertex -17.8 58.75 0
      vertex -18.6 58.75 0.799999
      vertex -17.791 58.8871 0
    endloop
  endfacet
  facet normal 0 0 -1
    outer loop
      vertex 16.75 24.2 0
      vertex 17.8 25.25 0
      vertex 17.791 25.1129 0
    endloop
  endfacet
  facet normal -0 0 -1
    outer loop
      vertex 17.8 25.25 0
      vertex 16.75 24.2 0
      vertex 17.8 58.75 0
    endloop
  endfacet
  facet normal 0 0 -1
    outer loop
      vertex 16.75 24.2 0
      vertex 17.791 25.1129 0
      vertex 17.7642 24.9782 0
    endloop
  endfacet
  facet normal 0 0 -1
    outer loop
      vertex 16.75 59.8 0
      vertex 17.8 58.75 0
      vertex 16.75 24.2 0
    endloop
  endfacet
  facet normal 0 0 -1
    outer loop
      vertex 16.75 24.2 0
      vertex 17.7642 24.9782 0
      vertex 17.7201 24.8482 0
    endloop
  endfacet
  facet normal 0 0 -1
    outer loop
      vertex 17.8 58.75 0
      vertex 16.75 59.8 0
      vertex 17.791 58.8871 0
    endloop
  endfacet
  facet normal 0 0 -1
    outer loop
      vertex 16.75 24.2 0
      vertex 17.7201 24.8482 0
      vertex 17.6593 24.725 0
    endloop
  endfacet
  facet normal 0 0 -1
    outer loop
      vertex 17.791 58.8871 0
      vertex 16.75 59.8 0
      vertex 17.7642 59.0218 0
    endloop
  endfacet
  facet normal 0 0 -1
    outer loop
      vertex 16.75 24.2 0
      vertex 17.6593 24.725 0
      vertex 17.583 24.6108 0
    endloop
  endfacet
  facet normal 0 0 -1
    outer loop
      vertex 17.7642 59.0218 0
      vertex 16.75 59.8 0
      vertex 17.7201 59.1518 0
    endloop
  endfacet
  facet normal 0 0 -1
    outer loop
      vertex 16.75 24.2 0
      vertex 17.583 24.6108 0
      vertex 17.4925 24.5075 0
    endloop
  endfacet
  facet normal 0 0 -1
    outer loop
      vertex 17.7201 59.1518 0
      vertex 16.75 59.8 0
      vertex 17.6593 59.275 0
    endloop
  endfacet
  facet normal 0 0 -1
    outer loop
      vertex 16.75 24.2 0
      vertex 17.4925 24.5075 0
      vertex 17.3892 24.417 0
    endloop
  endfacet
  facet normal 0 0 -1
    outer loop
      vertex 17.6593 59.275 0
      vertex 16.75 59.8 0
      vertex 17.583 59.3892 0
    endloop
  endfacet
  facet normal 0 0 -1
    outer loop
      vertex 16.75 24.2 0
      vertex 17.3892 24.417 0
      vertex 17.275 24.3407 0
    endloop
  endfacet
  facet normal 0 0 -1
    outer loop
      vertex 17.583 59.3892 0
      vertex 16.75 59.8 0
      vertex 17.4925 59.4925 0
    endloop
  endfacet
  facet normal 0 0 -1
    outer loop
      vertex 16.75 24.2 0
      vertex 17.275 24.3407 0
      vertex 17.1518 24.2799 0
    endloop
  endfacet
  facet normal 0 0 -1
    outer loop
      vertex 17.4925 59.4925 0
      vertex 16.75 59.8 0
      vertex 17.3892 59.583 0
    endloop
  endfacet
  facet normal 0 0 -1
    outer loop
      vertex 16.75 24.2 0
      vertex 17.1518 24.2799 0
      vertex 17.0218 24.2358 0
    endloop
  endfacet
  facet normal 0 0 -1
    outer loop
      vertex 17.3892 59.583 0
      vertex 16.75 59.8 0
      vertex 17.275 59.6593 0
    endloop
  endfacet
  facet normal 0 0 -1
    outer loop
      vertex 16.75 24.2 0
      vertex 17.0218 24.2358 0
      vertex 16.8871 24.209 0
    endloop
  endfacet
  facet normal 0 0 -1
    outer loop
      vertex 17.275 59.6593 0
      vertex 16.75 59.8 0
      vertex 17.1518 59.7201 0
    endloop
  endfacet
  facet normal 0 0 -1
    outer loop
      vertex 17.1518 59.7201 0
      vertex 16.75 59.8 0
      vertex 17.0218 59.7642 0
    endloop
  endfacet
  facet normal 0 0 -1
    outer loop
      vertex 17.0218 59.7642 0
      vertex 16.75 59.8 0
      vertex 16.8871 59.791 0
    endloop
  endfacet
  facet normal 0 0 -1
    outer loop
      vertex -16.75 24.2 0
      vertex 16.75 59.8 0
      vertex 16.75 24.2 0
    endloop
  endfacet
  facet normal 0 0 -1
    outer loop
      vertex -16.75 24.2 0
      vertex -16.75 59.8 0
      vertex 16.75 59.8 0
    endloop
  endfacet
  facet normal 0 0 -1
    outer loop
      vertex -17.8 25.25 0
      vertex -16.75 24.2 0
      vertex -16.8871 24.209 0
    endloop
  endfacet
  facet normal 0 0 -1
    outer loop
      vertex -16.75 24.2 0
      vertex -17.8 25.25 0
      vertex -16.75 59.8 0
    endloop
  endfacet
  facet normal 0 0 -1
    outer loop
      vertex -17.8 25.25 0
      vertex -16.8871 24.209 0
      vertex -17.0218 24.2358 0
    endloop
  endfacet
  facet normal 0 0 -1
    outer loop
      vertex -17.8 58.75 0
      vertex -16.75 59.8 0
      vertex -17.8 25.25 0
    endloop
  endfacet
  facet normal 0 0 -1
    outer loop
      vertex -17.8 25.25 0
      vertex -17.0218 24.2358 0
      vertex -17.1518 24.2799 0
    endloop
  endfacet
  facet normal 0 0 -1
    outer loop
      vertex -16.75 59.8 0
      vertex -17.8 58.75 0
      vertex -16.8871 59.791 0
    endloop
  endfacet
  facet normal 0 0 -1
    outer loop
      vertex -17.8 25.25 0
      vertex -17.1518 24.2799 0
      vertex -17.275 24.3407 0
    endloop
  endfacet
  facet normal 0 0 -1
    outer loop
      vertex -16.8871 59.791 0
      vertex -17.8 58.75 0
      vertex -17.0218 59.7642 0
    endloop
  endfacet
  facet normal 0 0 -1
    outer loop
      vertex -17.8 25.25 0
      vertex -17.275 24.3407 0
      vertex -17.3892 24.417 0
    endloop
  endfacet
  facet normal 0 0 -1
    outer loop
      vertex -17.0218 59.7642 0
      vertex -17.8 58.75 0
      vertex -17.1518 59.7201 0
    endloop
  endfacet
  facet normal 0 0 -1
    outer loop
      vertex -17.8 25.25 0
      vertex -17.3892 24.417 0
      vertex -17.4925 24.5075 0
    endloop
  endfacet
  facet normal 0 0 -1
    outer loop
      vertex -17.1518 59.7201 0
      vertex -17.8 58.75 0
      vertex -17.275 59.6593 0
    endloop
  endfacet
  facet normal 0 0 -1
    outer loop
      vertex -17.8 25.25 0
      vertex -17.4925 24.5075 0
      vertex -17.583 24.6108 0
    endloop
  endfacet
  facet normal 0 0 -1
    outer loop
      vertex -17.275 59.6593 0
      vertex -17.8 58.75 0
      vertex -17.3892 59.583 0
    endloop
  endfacet
  facet normal 0 0 -1
    outer loop
      vertex -17.8 25.25 0
      vertex -17.583 24.6108 0
      vertex -17.6593 24.725 0
    endloop
  endfacet
  facet normal 0 0 -1
    outer loop
      vertex -17.3892 59.583 0
      vertex -17.8 58.75 0
      vertex -17.4925 59.4925 0
    endloop
  endfacet
  facet normal 0 0 -1
    outer loop
      vertex -17.8 25.25 0
      vertex -17.6593 24.725 0
      vertex -17.7201 24.8482 0
    endloop
  endfacet
  facet normal 0 0 -1
    outer loop
      vertex -17.4925 59.4925 0
      vertex -17.8 58.75 0
      vertex -17.583 59.3892 0
    endloop
  endfacet
  facet normal 0 0 -1
    outer loop
      vertex -17.8 25.25 0
      vertex -17.7201 24.8482 0
      vertex -17.7642 24.9782 0
    endloop
  endfacet
  facet normal 0 0 -1
    outer loop
      vertex -17.583 59.3892 0
      vertex -17.8 58.75 0
      vertex -17.6593 59.275 0
    endloop
  endfacet
  facet normal 0 0 -1
    outer loop
      vertex -17.8 25.25 0
      vertex -17.7642 24.9782 0
      vertex -17.791 25.1129 0
    endloop
  endfacet
  facet normal 0 0 -1
    outer loop
      vertex -17.6593 59.275 0
      vertex -17.8 58.75 0
      vertex -17.7201 59.1518 0
    endloop
  endfacet
  facet normal 0 0 -1
    outer loop
      vertex -17.7201 59.1518 0
      vertex -17.8 58.75 0
      vertex -17.7642 59.0218 0
    endloop
  endfacet
  facet normal 0 0 -1
    outer loop
      vertex -17.7642 59.0218 0
      vertex -17.8 58.75 0
      vertex -17.791 58.8871 0
    endloop
  endfacet
  facet normal 0.442579 0.896729 -0
    outer loop
      vertex 17.675 60.3521 0.799999
      vertex 17.458 60.4592 2.6
      vertex 17.675 60.3521 2.6
    endloop
  endfacet
  facet normal 0.442579 0.896729 0
    outer loop
      vertex 17.458 60.4592 2.6
      vertex 17.675 60.3521 0.799999
      vertex 17.458 60.4592 0.799999
    endloop
  endfacet
  facet normal 0.227394 0.670323 -0.706371
    outer loop
      vertex 17.1518 59.7201 0
      vertex 17.0218 59.7642 0
      vertex 17.2288 60.537 0.799999
    endloop
  endfacet
  facet normal -0.670323 0.227394 -0.706371
    outer loop
      vertex -17.7642 59.0218 0
      vertex -18.537 59.2288 0.799999
      vertex -17.7201 59.1518 0
    endloop
  endfacet
  facet normal -0.442579 0.896729 0
    outer loop
      vertex -17.458 60.4592 0.799999
      vertex -17.675 60.3521 2.6
      vertex -17.458 60.4592 2.6
    endloop
  endfacet
  facet normal -0.442579 0.896729 0
    outer loop
      vertex -17.675 60.3521 2.6
      vertex -17.458 60.4592 0.799999
      vertex -17.675 60.3521 0.799999
    endloop
  endfacet
  facet normal 0.634774 -0.313265 -0.706348
    outer loop
      vertex 18.3521 24.325 0.799999
      vertex 17.6593 24.725 0
      vertex 17.7201 24.8482 0
    endloop
  endfacet
  facet normal -0.694234 -0.138125 -0.706371
    outer loop
      vertex -17.7642 24.9782 0
      vertex -18.537 24.7712 0.799999
      vertex -17.791 25.1129 0
    endloop
  endfacet
  facet normal -0.896729 0.442579 0
    outer loop
      vertex -18.4592 59.458 0.799999
      vertex -18.3521 59.675 2.6
      vertex -18.3521 59.675 0.799999
    endloop
  endfacet
  facet normal -0.896729 0.442579 0
    outer loop
      vertex -18.3521 59.675 2.6
      vertex -18.4592 59.458 0.799999
      vertex -18.4592 59.458 2.6
    endloop
  endfacet
  facet normal 0.227526 0.670295 -0.706355
    outer loop
      vertex 17.458 60.4592 0.799999
      vertex 17.1518 59.7201 0
      vertex 17.2288 60.537 0.799999
    endloop
  endfacet
  facet normal 0.321429 0.946934 -0
    outer loop
      vertex 17.458 60.4592 0.799999
      vertex 17.2288 60.537 2.6
      vertex 17.458 60.4592 2.6
    endloop
  endfacet
  facet normal 0.321429 0.946934 0
    outer loop
      vertex 17.2288 60.537 2.6
      vertex 17.458 60.4592 0.799999
      vertex 17.2288 60.537 0.799999
    endloop
  endfacet
  facet normal 0.39325 0.588587 -0.706342
    outer loop
      vertex 17.3892 59.583 0
      vertex 17.275 59.6593 0
      vertex 17.675 60.3521 0.799999
    endloop
  endfacet
  facet normal 0.466636 -0.532289 -0.706342
    outer loop
      vertex 19.1798 22.0853 4.74
      vertex 18.0582 23.9418 2.6
      vertex 19.5714 22.4286 4.74
    endloop
  endfacet
  facet normal 0.195124 0.980779 -0
    outer loop
      vertex 17.7853 62.6137 4.74
      vertex 17.2721 62.7158 34.14
      vertex 17.7853 62.6137 34.14
    endloop
  endfacet
  facet normal 0.195124 0.980779 0
    outer loop
      vertex 17.2721 62.7158 34.14
      vertex 17.7853 62.6137 4.74
      vertex 17.2721 62.7158 4.74
    endloop
  endfacet
  facet normal -0.707107 0 -0.707107
    outer loop
      vertex -18.6 25.25 2.6
      vertex -20.74 58.75 4.74
      vertex -18.6 58.75 2.6
    endloop
  endfacet
  facet normal -0.707107 -0 -0.707107
    outer loop
      vertex -20.74 58.75 4.74
      vertex -18.6 25.25 2.6
      vertex -20.74 25.25 4.74
    endloop
  endfacet
  facet normal 0.186056 0.682206 -0.707092
    outer loop
      vertex 17.2288 60.537 2.6
      vertex 17.7816 62.6043 4.74
      vertex 17.7827 62.604 4.74
    endloop
  endfacet
  facet normal 0.138092 0.694263 -0.706349
    outer loop
      vertex 17.7816 62.6043 4.74
      vertex 17.2288 60.537 2.6
      vertex 16.9915 60.5842 2.6
    endloop
  endfacet
  facet normal -0.710137 -0 -0.704064
    outer loop
      vertex -20.7059 24.7303 4.74
      vertex -18.5842 25.0085 2.6
      vertex -20.7059 24.7292 4.74
    endloop
  endfacet
  facet normal -0.706368 -0.0462137 -0.706335
    outer loop
      vertex -18.5842 25.0085 2.6
      vertex -20.7059 24.7303 4.74
      vertex -18.6 25.25 2.6
    endloop
  endfacet
  facet normal 0.313139 -0.634841 -0.706343
    outer loop
      vertex 18.2769 21.5637 4.74
      vertex 17.458 23.5408 2.6
      vertex 18.744 21.7941 4.74
    endloop
  endfacet
  facet normal 0.321498 0.94691 -0
    outer loop
      vertex 18.2807 62.4455 4.74
      vertex 17.7853 62.6137 34.14
      vertex 18.2807 62.4455 34.14
    endloop
  endfacet
  facet normal 0.321498 0.94691 0
    outer loop
      vertex 17.7853 62.6137 34.14
      vertex 18.2807 62.4455 4.74
      vertex 17.7853 62.6137 4.74
    endloop
  endfacet
  facet normal -0.94691 0.321498 0
    outer loop
      vertex -20.6137 59.7853 4.74
      vertex -20.4455 60.2807 34.14
      vertex -20.4455 60.2807 4.74
    endloop
  endfacet
  facet normal -0.94691 0.321498 0
    outer loop
      vertex -20.4455 60.2807 34.14
      vertex -20.6137 59.7853 4.74
      vertex -20.6137 59.7853 34.14
    endloop
  endfacet
  facet normal 0 -0.707107 -0.707107
    outer loop
      vertex -16.75 23.4 2.6
      vertex 16.75 21.26 4.74
      vertex -16.75 21.26 4.74
    endloop
  endfacet
  facet normal 0 -0.707107 -0.707107
    outer loop
      vertex 16.75 21.26 4.74
      vertex -16.75 23.4 2.6
      vertex 16.75 23.4 2.6
    endloop
  endfacet
  facet normal 0.588622 0.393195 -0.706344
    outer loop
      vertex 18.2177 59.8762 2.6
      vertex 19.9161 61.178 4.74
      vertex 18.3521 59.675 2.6
    endloop
  endfacet
  facet normal 0.608306 0.364984 -0.704805
    outer loop
      vertex 19.9161 61.178 4.74
      vertex 18.2177 59.8762 2.6
      vertex 19.9155 61.179 4.74
    endloop
  endfacet
  facet normal -0.555626 0.831432 0
    outer loop
      vertex -18.75 62.2141 4.74
      vertex -19.185 61.9234 34.14
      vertex -18.75 62.2141 34.14
    endloop
  endfacet
  facet normal -0.555626 0.831432 0
    outer loop
      vertex -19.185 61.9234 34.14
      vertex -18.75 62.2141 4.74
      vertex -19.185 61.9234 4.74
    endloop
  endfacet
  facet normal -0.227555 0.670294 -0.706347
    outer loop
      vertex -17.458 60.4592 2.6
      vertex -18.2769 62.4363 4.74
      vertex -17.7838 62.6037 4.74
    endloop
  endfacet
  facet normal 0.706347 0.0463468 -0.706347
    outer loop
      vertex 20.74 58.75 4.74
      vertex 18.6 58.75 2.6
      vertex 20.7059 59.2697 4.74
    endloop
  endfacet
  facet normal 0.0463468 -0.706347 -0.706347
    outer loop
      vertex 17.2697 21.2941 4.74
      vertex 16.75 21.26 4.74
      vertex 16.75 23.4 2.6
    endloop
  endfacet
  facet normal -0.608306 -0.364984 -0.704805
    outer loop
      vertex -19.9161 22.822 4.74
      vertex -18.2177 24.1238 2.6
      vertex -19.9155 22.821 4.74
    endloop
  endfacet
  facet normal -0.588622 -0.393195 -0.706344
    outer loop
      vertex -18.2177 24.1238 2.6
      vertex -19.9161 22.822 4.74
      vertex -18.3521 24.325 2.6
    endloop
  endfacet
  facet normal -0.186056 -0.682206 -0.707092
    outer loop
      vertex -17.7838 21.3963 4.74
      vertex -17.2288 23.463 2.6
      vertex -17.7827 21.396 4.74
    endloop
  endfacet
  facet normal -0.227528 -0.6703 -0.706349
    outer loop
      vertex -17.2288 23.463 2.6
      vertex -17.7838 21.3963 4.74
      vertex -17.458 23.5408 2.6
    endloop
  endfacet
  facet normal 0 0.710137 -0.704064
    outer loop
      vertex 16.9915 60.5842 2.6
      vertex 17.2697 62.7059 4.74
      vertex 17.2708 62.7059 4.74
    endloop
  endfacet
  facet normal 0.0462137 0.706368 -0.706335
    outer loop
      vertex 17.2697 62.7059 4.74
      vertex 16.9915 60.5842 2.6
      vertex 16.75 60.6 2.6
    endloop
  endfacet
  facet normal 0.831432 0.555626 0
    outer loop
      vertex 20.2141 60.75 34.14
      vertex 19.9234 61.185 4.74
      vertex 19.9234 61.185 34.14
    endloop
  endfacet
  facet normal 0.831432 0.555626 0
    outer loop
      vertex 19.9234 61.185 4.74
      vertex 20.2141 60.75 34.14
      vertex 20.2141 60.75 4.74
    endloop
  endfacet
  facet normal -0.532289 -0.466636 -0.706342
    outer loop
      vertex -19.5714 22.4286 4.74
      vertex -19.9147 22.8202 4.74
      vertex -18.0582 23.9418 2.6
    endloop
  endfacet
  facet normal 0 1 -0
    outer loop
      vertex 16.75 62.75 4.74
      vertex -16.75 62.75 34.14
      vertex 16.75 62.75 34.14
    endloop
  endfacet
  facet normal 0 1 0
    outer loop
      vertex -16.75 62.75 34.14
      vertex 16.75 62.75 4.74
      vertex -16.75 62.75 4.74
    endloop
  endfacet
  facet normal 0.896898 0.442238 0
    outer loop
      vertex 20.4455 60.2807 34.14
      vertex 20.2141 60.75 4.74
      vertex 20.2141 60.75 34.14
    endloop
  endfacet
  facet normal 0.896898 0.442238 0
    outer loop
      vertex 20.2141 60.75 4.74
      vertex 20.4455 60.2807 34.14
      vertex 20.4455 60.2807 4.74
    endloop
  endfacet
  facet normal -0.393247 -0.58858 -0.70635
    outer loop
      vertex -18.745 21.7946 4.74
      vertex -19.178 22.0839 4.74
      vertex -17.675 23.6479 2.6
    endloop
  endfacet
  facet normal -0.227555 -0.670294 -0.706347
    outer loop
      vertex -17.7838 21.3963 4.74
      vertex -18.2769 21.5637 4.74
      vertex -17.458 23.5408 2.6
    endloop
  endfacet
  facet normal 0.316512 -0.633023 -0.706472
    outer loop
      vertex 18.744 21.7941 4.74
      vertex 17.675 23.6479 2.6
      vertex 18.745 21.7946 4.74
    endloop
  endfacet
  facet normal 0.313282 -0.634754 -0.706358
    outer loop
      vertex 17.675 23.6479 2.6
      vertex 18.744 21.7941 4.74
      vertex 17.458 23.5408 2.6
    endloop
  endfacet
  facet normal -0.670294 -0.227555 -0.706347
    outer loop
      vertex -20.4363 23.7231 4.74
      vertex -20.6037 24.2162 4.74
      vertex -18.4592 24.542 2.6
    endloop
  endfacet
  facet normal 0.186056 -0.682206 -0.707092
    outer loop
      vertex 17.2288 23.463 2.6
      vertex 17.7838 21.3963 4.74
      vertex 17.7827 21.396 4.74
    endloop
  endfacet
  facet normal 0.227528 -0.6703 -0.706349
    outer loop
      vertex 17.7838 21.3963 4.74
      vertex 17.2288 23.463 2.6
      vertex 17.458 23.5408 2.6
    endloop
  endfacet
  facet normal 0.633023 -0.316512 -0.706472
    outer loop
      vertex 18.3521 24.325 2.6
      vertex 20.2059 23.256 4.74
      vertex 20.2054 23.255 4.74
    endloop
  endfacet
  facet normal 0.634754 -0.313282 -0.706358
    outer loop
      vertex 20.2059 23.256 4.74
      vertex 18.3521 24.325 2.6
      vertex 18.4592 24.542 2.6
    endloop
  endfacet
  facet normal -0.502137 -0.502137 -0.704071
    outer loop
      vertex -19.1798 22.0853 4.74
      vertex -17.8762 23.7823 2.6
      vertex -19.179 22.0845 4.74
    endloop
  endfacet
  facet normal -0.466543 -0.532356 -0.706353
    outer loop
      vertex -17.8762 23.7823 2.6
      vertex -19.1798 22.0853 4.74
      vertex -18.0582 23.9418 2.6
    endloop
  endfacet
  facet normal 0 -0.710137 -0.704064
    outer loop
      vertex 17.2697 21.2941 4.74
      vertex 16.9915 23.4158 2.6
      vertex 17.2708 21.2941 4.74
    endloop
  endfacet
  facet normal 0.0462137 -0.706368 -0.706335
    outer loop
      vertex 16.9915 23.4158 2.6
      vertex 17.2697 21.2941 4.74
      vertex 16.75 23.4 2.6
    endloop
  endfacet
  facet normal 0.466636 0.532289 -0.706342
    outer loop
      vertex 19.5714 61.5714 4.74
      vertex 18.0582 60.0582 2.6
      vertex 19.1798 61.9147 4.74
    endloop
  endfacet
  facet normal -0.634841 -0.313139 -0.706343
    outer loop
      vertex -20.2059 23.256 4.74
      vertex -20.4363 23.7231 4.74
      vertex -18.4592 24.542 2.6
    endloop
  endfacet
  facet normal -0.138092 -0.694263 -0.706349
    outer loop
      vertex -17.2708 21.2941 4.74
      vertex -17.7816 21.3957 4.74
      vertex -16.9915 23.4158 2.6
    endloop
  endfacet
  facet normal -0.195124 0.980779 0
    outer loop
      vertex -17.2721 62.7158 4.74
      vertex -17.7853 62.6137 34.14
      vertex -17.2721 62.7158 34.14
    endloop
  endfacet
  facet normal -0.195124 0.980779 0
    outer loop
      vertex -17.7853 62.6137 34.14
      vertex -17.2721 62.7158 4.74
      vertex -17.7853 62.6137 4.74
    endloop
  endfacet
  facet normal 0.313139 0.634841 -0.706343
    outer loop
      vertex 18.744 62.2059 4.74
      vertex 17.458 60.4592 2.6
      vertex 18.2769 62.4363 4.74
    endloop
  endfacet
  facet normal 0.659343 0.751842 -0
    outer loop
      vertex 19.5784 61.5784 4.74
      vertex 19.185 61.9234 34.14
      vertex 19.5784 61.5784 34.14
    endloop
  endfacet
  facet normal 0.659343 0.751842 0
    outer loop
      vertex 19.185 61.9234 34.14
      vertex 19.5784 61.5784 4.74
      vertex 19.185 61.9234 4.74
    endloop
  endfacet
  facet normal 0.227528 0.6703 -0.706349
    outer loop
      vertex 17.2288 60.537 2.6
      vertex 17.7838 62.6037 4.74
      vertex 17.458 60.4592 2.6
    endloop
  endfacet
  facet normal 0.186056 0.682206 -0.707092
    outer loop
      vertex 17.7838 62.6037 4.74
      vertex 17.2288 60.537 2.6
      vertex 17.7827 62.604 4.74
    endloop
  endfacet
  facet normal -0.0463468 -0.706347 -0.706347
    outer loop
      vertex -16.75 21.26 4.74
      vertex -17.2697 21.2941 4.74
      vertex -16.75 23.4 2.6
    endloop
  endfacet
  facet normal -0.0462137 -0.706368 -0.706335
    outer loop
      vertex -17.2697 21.2941 4.74
      vertex -16.9915 23.4158 2.6
      vertex -16.75 23.4 2.6
    endloop
  endfacet
  facet normal 0 -0.710137 -0.704064
    outer loop
      vertex -16.9915 23.4158 2.6
      vertex -17.2697 21.2941 4.74
      vertex -17.2708 21.2941 4.74
    endloop
  endfacet
  facet normal 0.227555 -0.670294 -0.706347
    outer loop
      vertex 17.7838 21.3963 4.74
      vertex 17.458 23.5408 2.6
      vertex 18.2769 21.5637 4.74
    endloop
  endfacet
  facet normal -0.532356 -0.466543 -0.706353
    outer loop
      vertex -19.9147 22.8202 4.74
      vertex -18.2177 24.1238 2.6
      vertex -18.0582 23.9418 2.6
    endloop
  endfacet
  facet normal -0.502137 -0.502137 -0.704071
    outer loop
      vertex -18.2177 24.1238 2.6
      vertex -19.9147 22.8202 4.74
      vertex -19.9155 22.821 4.74
    endloop
  endfacet
  facet normal -0.313282 0.634754 -0.706358
    outer loop
      vertex -17.675 60.3521 2.6
      vertex -18.744 62.2059 4.74
      vertex -17.458 60.4592 2.6
    endloop
  endfacet
  facet normal -0.316512 0.633023 -0.706472
    outer loop
      vertex -18.744 62.2059 4.74
      vertex -17.675 60.3521 2.6
      vertex -18.745 62.2054 4.74
    endloop
  endfacet
  facet normal -0.706347 0.0463468 -0.706347
    outer loop
      vertex -18.6 58.75 2.6
      vertex -20.74 58.75 4.74
      vertex -20.7059 59.2697 4.74
    endloop
  endfacet
  facet normal -0.313139 0.634841 -0.706343
    outer loop
      vertex -17.458 60.4592 2.6
      vertex -18.744 62.2059 4.74
      vertex -18.2769 62.4363 4.74
    endloop
  endfacet
  facet normal -0.0653646 0.997861 0
    outer loop
      vertex -16.75 62.75 4.74
      vertex -17.2721 62.7158 34.14
      vertex -16.75 62.75 34.14
    endloop
  endfacet
  facet normal -0.0653646 0.997861 0
    outer loop
      vertex -17.2721 62.7158 34.14
      vertex -16.75 62.75 4.74
      vertex -17.2721 62.7158 4.74
    endloop
  endfacet
  facet normal -0.393195 -0.588622 -0.706344
    outer loop
      vertex -19.178 22.0839 4.74
      vertex -17.8762 23.7823 2.6
      vertex -17.675 23.6479 2.6
    endloop
  endfacet
  facet normal -0.364984 -0.608306 -0.704805
    outer loop
      vertex -17.8762 23.7823 2.6
      vertex -19.178 22.0839 4.74
      vertex -19.179 22.0845 4.74
    endloop
  endfacet
  facet normal 0.393247 0.58858 -0.70635
    outer loop
      vertex 19.178 61.9161 4.74
      vertex 17.675 60.3521 2.6
      vertex 18.745 62.2054 4.74
    endloop
  endfacet
  facet normal -0.313282 -0.634754 -0.706358
    outer loop
      vertex -18.744 21.7941 4.74
      vertex -17.675 23.6479 2.6
      vertex -17.458 23.5408 2.6
    endloop
  endfacet
  facet normal -0.316512 -0.633023 -0.706472
    outer loop
      vertex -17.675 23.6479 2.6
      vertex -18.744 21.7941 4.74
      vertex -18.745 21.7946 4.74
    endloop
  endfacet
  facet normal -0.466636 0.532289 -0.706342
    outer loop
      vertex -18.0582 60.0582 2.6
      vertex -19.5714 61.5714 4.74
      vertex -19.1798 61.9147 4.74
    endloop
  endfacet
  facet normal -0.532289 0.466636 -0.706342
    outer loop
      vertex -18.0582 60.0582 2.6
      vertex -19.9147 61.1798 4.74
      vertex -19.5714 61.5714 4.74
    endloop
  endfacet
  facet normal 0.227555 0.670294 -0.706347
    outer loop
      vertex 18.2769 62.4363 4.74
      vertex 17.458 60.4592 2.6
      vertex 17.7838 62.6037 4.74
    endloop
  endfacet
  facet normal 0.682206 -0.186056 -0.707092
    outer loop
      vertex 20.6037 24.2162 4.74
      vertex 18.537 24.7712 2.6
      vertex 20.604 24.2173 4.74
    endloop
  endfacet
  facet normal 0.6703 -0.227528 -0.706349
    outer loop
      vertex 18.537 24.7712 2.6
      vertex 20.6037 24.2162 4.74
      vertex 18.4592 24.542 2.6
    endloop
  endfacet
  facet normal -0.466636 -0.532289 -0.706342
    outer loop
      vertex -19.1798 22.0853 4.74
      vertex -19.5714 22.4286 4.74
      vertex -18.0582 23.9418 2.6
    endloop
  endfacet
  facet normal 0.706347 -0.0463468 -0.706347
    outer loop
      vertex 20.7059 24.7303 4.74
      vertex 18.6 25.25 2.6
      vertex 20.74 25.25 4.74
    endloop
  endfacet
  facet normal 0.186056 -0.682206 -0.707092
    outer loop
      vertex 17.7816 21.3957 4.74
      vertex 17.2288 23.463 2.6
      vertex 17.7827 21.396 4.74
    endloop
  endfacet
  facet normal 0.138092 -0.694263 -0.706349
    outer loop
      vertex 17.2288 23.463 2.6
      vertex 17.7816 21.3957 4.74
      vertex 16.9915 23.4158 2.6
    endloop
  endfacet
  facet normal -0.138092 -0.694263 -0.706349
    outer loop
      vertex -17.7816 21.3957 4.74
      vertex -17.2288 23.463 2.6
      vertex -16.9915 23.4158 2.6
    endloop
  endfacet
  facet normal -0.186056 -0.682206 -0.707092
    outer loop
      vertex -17.2288 23.463 2.6
      vertex -17.7816 21.3957 4.74
      vertex -17.7827 21.396 4.74
    endloop
  endfacet
  facet normal -0.442238 0.896898 0
    outer loop
      vertex -18.2807 62.4455 4.74
      vertex -18.75 62.2141 34.14
      vertex -18.2807 62.4455 34.14
    endloop
  endfacet
  facet normal -0.442238 0.896898 0
    outer loop
      vertex -18.75 62.2141 34.14
      vertex -18.2807 62.4455 4.74
      vertex -18.75 62.2141 4.74
    endloop
  endfacet
  facet normal 0.58858 0.393247 -0.70635
    outer loop
      vertex 20.2054 60.745 4.74
      vertex 18.3521 59.675 2.6
      vertex 19.9161 61.178 4.74
    endloop
  endfacet
  facet normal -0.6703 0.227528 -0.706349
    outer loop
      vertex -18.537 59.2288 2.6
      vertex -20.6037 59.7838 4.74
      vertex -18.4592 59.458 2.6
    endloop
  endfacet
  facet normal -0.682206 0.186056 -0.707092
    outer loop
      vertex -20.6037 59.7838 4.74
      vertex -18.537 59.2288 2.6
      vertex -20.604 59.7827 4.74
    endloop
  endfacet
  facet normal 0.751842 0.659343 0
    outer loop
      vertex 19.9234 61.185 34.14
      vertex 19.5784 61.5784 4.74
      vertex 19.5784 61.5784 34.14
    endloop
  endfacet
  facet normal 0.751842 0.659343 0
    outer loop
      vertex 19.5784 61.5784 4.74
      vertex 19.9234 61.185 34.14
      vertex 19.9234 61.185 4.74
    endloop
  endfacet
  facet normal 0.608306 -0.364984 -0.704805
    outer loop
      vertex 18.2177 24.1238 2.6
      vertex 19.9161 22.822 4.74
      vertex 19.9155 22.821 4.74
    endloop
  endfacet
  facet normal 0.588622 -0.393195 -0.706344
    outer loop
      vertex 19.9161 22.822 4.74
      vertex 18.2177 24.1238 2.6
      vertex 18.3521 24.325 2.6
    endloop
  endfacet
  facet normal -0.588622 0.393195 -0.706344
    outer loop
      vertex -19.9161 61.178 4.74
      vertex -18.2177 59.8762 2.6
      vertex -18.3521 59.675 2.6
    endloop
  endfacet
  facet normal -0.608306 0.364984 -0.704805
    outer loop
      vertex -18.2177 59.8762 2.6
      vertex -19.9161 61.178 4.74
      vertex -19.9155 61.179 4.74
    endloop
  endfacet
  facet normal -0.466543 0.532356 -0.706353
    outer loop
      vertex -19.1798 61.9147 4.74
      vertex -17.8762 60.2177 2.6
      vertex -18.0582 60.0582 2.6
    endloop
  endfacet
  facet normal -0.502137 0.502137 -0.704071
    outer loop
      vertex -17.8762 60.2177 2.6
      vertex -19.1798 61.9147 4.74
      vertex -19.179 61.9155 4.74
    endloop
  endfacet
  facet normal -0.58858 0.393247 -0.70635
    outer loop
      vertex -18.3521 59.675 2.6
      vertex -20.2054 60.745 4.74
      vertex -19.9161 61.178 4.74
    endloop
  endfacet
  facet normal -0.6703 -0.227528 -0.706349
    outer loop
      vertex -20.6037 24.2162 4.74
      vertex -18.537 24.7712 2.6
      vertex -18.4592 24.542 2.6
    endloop
  endfacet
  facet normal -0.682206 -0.186056 -0.707092
    outer loop
      vertex -18.537 24.7712 2.6
      vertex -20.6037 24.2162 4.74
      vertex -20.604 24.2173 4.74
    endloop
  endfacet
  facet normal 0.710137 0 -0.704064
    outer loop
      vertex 18.5842 25.0085 2.6
      vertex 20.7059 24.7303 4.74
      vertex 20.7059 24.7292 4.74
    endloop
  endfacet
  facet normal 0.706368 -0.0462137 -0.706335
    outer loop
      vertex 20.7059 24.7303 4.74
      vertex 18.5842 25.0085 2.6
      vertex 18.6 25.25 2.6
    endloop
  endfacet
  facet normal -0.694263 -0.138092 -0.706349
    outer loop
      vertex -20.6043 24.2184 4.74
      vertex -20.7059 24.7292 4.74
      vertex -18.5842 25.0085 2.6
    endloop
  endfacet
  facet normal 0.138092 -0.694263 -0.706349
    outer loop
      vertex 17.2708 21.2941 4.74
      vertex 16.9915 23.4158 2.6
      vertex 17.7816 21.3957 4.74
    endloop
  endfacet
  facet normal 0.980779 0.195124 0
    outer loop
      vertex 20.7158 59.2721 34.14
      vertex 20.6137 59.7853 4.74
      vertex 20.6137 59.7853 34.14
    endloop
  endfacet
  facet normal 0.980779 0.195124 0
    outer loop
      vertex 20.6137 59.7853 4.74
      vertex 20.7158 59.2721 34.14
      vertex 20.7158 59.2721 4.74
    endloop
  endfacet
  facet normal 0.502137 -0.502137 -0.704071
    outer loop
      vertex 19.9147 22.8202 4.74
      vertex 18.2177 24.1238 2.6
      vertex 19.9155 22.821 4.74
    endloop
  endfacet
  facet normal 0.532356 -0.466543 -0.706353
    outer loop
      vertex 18.2177 24.1238 2.6
      vertex 19.9147 22.8202 4.74
      vertex 18.0582 23.9418 2.6
    endloop
  endfacet
  facet normal 0.58858 -0.393247 -0.70635
    outer loop
      vertex 19.9161 22.822 4.74
      vertex 18.3521 24.325 2.6
      vertex 20.2054 23.255 4.74
    endloop
  endfacet
  facet normal -0.633023 -0.316512 -0.706472
    outer loop
      vertex -20.2059 23.256 4.74
      vertex -18.3521 24.325 2.6
      vertex -20.2054 23.255 4.74
    endloop
  endfacet
  facet normal -0.634754 -0.313282 -0.706358
    outer loop
      vertex -18.3521 24.325 2.6
      vertex -20.2059 23.256 4.74
      vertex -18.4592 24.542 2.6
    endloop
  endfacet
  facet normal -0.393195 0.588622 -0.706344
    outer loop
      vertex -17.8762 60.2177 2.6
      vertex -19.178 61.9161 4.74
      vertex -17.675 60.3521 2.6
    endloop
  endfacet
  facet normal -0.364984 0.608306 -0.704805
    outer loop
      vertex -19.178 61.9161 4.74
      vertex -17.8762 60.2177 2.6
      vertex -19.179 61.9155 4.74
    endloop
  endfacet
  facet normal 0.694263 0.138092 -0.706349
    outer loop
      vertex 18.537 59.2288 2.6
      vertex 20.6043 59.7816 4.74
      vertex 18.5842 58.9915 2.6
    endloop
  endfacet
  facet normal 0.682206 0.186056 -0.707092
    outer loop
      vertex 20.6043 59.7816 4.74
      vertex 18.537 59.2288 2.6
      vertex 20.604 59.7827 4.74
    endloop
  endfacet
  facet normal 0.707107 0 -0.707107
    outer loop
      vertex 20.74 25.25 4.74
      vertex 18.6 58.75 2.6
      vertex 20.74 58.75 4.74
    endloop
  endfacet
  facet normal 0.707107 0 -0.707107
    outer loop
      vertex 18.6 58.75 2.6
      vertex 20.74 25.25 4.74
      vertex 18.6 25.25 2.6
    endloop
  endfacet
  facet normal -0.751842 0.659343 0
    outer loop
      vertex -19.9234 61.185 4.74
      vertex -19.5784 61.5784 34.14
      vertex -19.5784 61.5784 4.74
    endloop
  endfacet
  facet normal -0.751842 0.659343 0
    outer loop
      vertex -19.5784 61.5784 34.14
      vertex -19.9234 61.185 4.74
      vertex -19.9234 61.185 34.14
    endloop
  endfacet
  facet normal 0.682206 -0.186056 -0.707092
    outer loop
      vertex 18.537 24.7712 2.6
      vertex 20.6043 24.2184 4.74
      vertex 20.604 24.2173 4.74
    endloop
  endfacet
  facet normal 0.694263 -0.138092 -0.706349
    outer loop
      vertex 20.6043 24.2184 4.74
      vertex 18.537 24.7712 2.6
      vertex 18.5842 25.0085 2.6
    endloop
  endfacet
  facet normal 0 0.707107 -0.707107
    outer loop
      vertex 16.75 60.6 2.6
      vertex -16.75 62.74 4.74
      vertex 16.75 62.74 4.74
    endloop
  endfacet
  facet normal 0 0.707107 -0.707107
    outer loop
      vertex -16.75 62.74 4.74
      vertex 16.75 60.6 2.6
      vertex -16.75 60.6 2.6
    endloop
  endfacet
  facet normal -0.138092 0.694263 -0.706349
    outer loop
      vertex -16.9915 60.5842 2.6
      vertex -17.7816 62.6043 4.74
      vertex -17.2708 62.7059 4.74
    endloop
  endfacet
  facet normal -0.313139 -0.634841 -0.706343
    outer loop
      vertex -18.2769 21.5637 4.74
      vertex -18.744 21.7941 4.74
      vertex -17.458 23.5408 2.6
    endloop
  endfacet
  facet normal -0.896898 0.442238 0
    outer loop
      vertex -20.4455 60.2807 4.74
      vertex -20.2141 60.75 34.14
      vertex -20.2141 60.75 4.74
    endloop
  endfacet
  facet normal -0.896898 0.442238 0
    outer loop
      vertex -20.2141 60.75 34.14
      vertex -20.4455 60.2807 4.74
      vertex -20.4455 60.2807 34.14
    endloop
  endfacet
  facet normal -0.997861 0.0653646 0
    outer loop
      vertex -20.75 58.75 4.74
      vertex -20.7158 59.2721 34.14
      vertex -20.7158 59.2721 4.74
    endloop
  endfacet
  facet normal -0.997861 0.0653646 0
    outer loop
      vertex -20.7158 59.2721 34.14
      vertex -20.75 58.75 4.74
      vertex -20.75 58.75 34.14
    endloop
  endfacet
  facet normal -0.694263 0.138092 -0.706349
    outer loop
      vertex -20.6043 59.7816 4.74
      vertex -18.537 59.2288 2.6
      vertex -18.5842 58.9915 2.6
    endloop
  endfacet
  facet normal -0.682206 0.186056 -0.707092
    outer loop
      vertex -18.537 59.2288 2.6
      vertex -20.6043 59.7816 4.74
      vertex -20.604 59.7827 4.74
    endloop
  endfacet
  facet normal -0.706368 0.0462137 -0.706335
    outer loop
      vertex -20.7059 59.2697 4.74
      vertex -18.5842 58.9915 2.6
      vertex -18.6 58.75 2.6
    endloop
  endfacet
  facet normal -0.710137 0 -0.704064
    outer loop
      vertex -18.5842 58.9915 2.6
      vertex -20.7059 59.2697 4.74
      vertex -20.7059 59.2708 4.74
    endloop
  endfacet
  facet normal -0.706347 -0.0463468 -0.706347
    outer loop
      vertex -20.7059 24.7303 4.74
      vertex -20.74 25.25 4.74
      vertex -18.6 25.25 2.6
    endloop
  endfacet
  facet normal 0.364984 -0.608306 -0.704805
    outer loop
      vertex 19.178 22.0839 4.74
      vertex 17.8762 23.7823 2.6
      vertex 19.179 22.0845 4.74
    endloop
  endfacet
  facet normal 0.393195 -0.588622 -0.706344
    outer loop
      vertex 17.8762 23.7823 2.6
      vertex 19.178 22.0839 4.74
      vertex 17.675 23.6479 2.6
    endloop
  endfacet
  facet normal 0.316512 0.633023 -0.706472
    outer loop
      vertex 17.675 60.3521 2.6
      vertex 18.744 62.2059 4.74
      vertex 18.745 62.2054 4.74
    endloop
  endfacet
  facet normal 0.313282 0.634754 -0.706358
    outer loop
      vertex 18.744 62.2059 4.74
      vertex 17.675 60.3521 2.6
      vertex 17.458 60.4592 2.6
    endloop
  endfacet
  facet normal -0.532356 0.466543 -0.706353
    outer loop
      vertex -18.2177 59.8762 2.6
      vertex -19.9147 61.1798 4.74
      vertex -18.0582 60.0582 2.6
    endloop
  endfacet
  facet normal -0.502137 0.502137 -0.704071
    outer loop
      vertex -19.9147 61.1798 4.74
      vertex -18.2177 59.8762 2.6
      vertex -19.9155 61.179 4.74
    endloop
  endfacet
  facet normal 0.555626 0.831432 -0
    outer loop
      vertex 19.185 61.9234 4.74
      vertex 18.75 62.2141 34.14
      vertex 19.185 61.9234 34.14
    endloop
  endfacet
  facet normal 0.555626 0.831432 0
    outer loop
      vertex 18.75 62.2141 34.14
      vertex 19.185 61.9234 4.74
      vertex 18.75 62.2141 4.74
    endloop
  endfacet
  facet normal 0.364984 0.608306 -0.704805
    outer loop
      vertex 17.8762 60.2177 2.6
      vertex 19.178 61.9161 4.74
      vertex 19.179 61.9155 4.74
    endloop
  endfacet
  facet normal 0.393195 0.588622 -0.706344
    outer loop
      vertex 19.178 61.9161 4.74
      vertex 17.8762 60.2177 2.6
      vertex 17.675 60.3521 2.6
    endloop
  endfacet
  facet normal 0.466543 0.532356 -0.706353
    outer loop
      vertex 17.8762 60.2177 2.6
      vertex 19.1798 61.9147 4.74
      vertex 18.0582 60.0582 2.6
    endloop
  endfacet
  facet normal 0.502137 0.502137 -0.704071
    outer loop
      vertex 19.1798 61.9147 4.74
      vertex 17.8762 60.2177 2.6
      vertex 19.179 61.9155 4.74
    endloop
  endfacet
  facet normal 0.502137 -0.502137 -0.704071
    outer loop
      vertex 17.8762 23.7823 2.6
      vertex 19.1798 22.0853 4.74
      vertex 19.179 22.0845 4.74
    endloop
  endfacet
  facet normal 0.466543 -0.532356 -0.706353
    outer loop
      vertex 19.1798 22.0853 4.74
      vertex 17.8762 23.7823 2.6
      vertex 18.0582 23.9418 2.6
    endloop
  endfacet
  facet normal 0.694263 0.138092 -0.706349
    outer loop
      vertex 20.7059 59.2708 4.74
      vertex 18.5842 58.9915 2.6
      vertex 20.6043 59.7816 4.74
    endloop
  endfacet
  facet normal -0.321498 0.94691 0
    outer loop
      vertex -17.7853 62.6137 4.74
      vertex -18.2807 62.4455 34.14
      vertex -17.7853 62.6137 34.14
    endloop
  endfacet
  facet normal -0.321498 0.94691 0
    outer loop
      vertex -18.2807 62.4455 34.14
      vertex -17.7853 62.6137 4.74
      vertex -18.2807 62.4455 4.74
    endloop
  endfacet
  facet normal 0.694263 -0.138092 -0.706349
    outer loop
      vertex 20.6043 24.2184 4.74
      vertex 18.5842 25.0085 2.6
      vertex 20.7059 24.7292 4.74
    endloop
  endfacet
  facet normal 0.393247 -0.58858 -0.70635
    outer loop
      vertex 18.745 21.7946 4.74
      vertex 17.675 23.6479 2.6
      vertex 19.178 22.0839 4.74
    endloop
  endfacet
  facet normal -0.682206 -0.186056 -0.707092
    outer loop
      vertex -20.6043 24.2184 4.74
      vertex -18.537 24.7712 2.6
      vertex -20.604 24.2173 4.74
    endloop
  endfacet
  facet normal -0.694263 -0.138092 -0.706349
    outer loop
      vertex -18.537 24.7712 2.6
      vertex -20.6043 24.2184 4.74
      vertex -18.5842 25.0085 2.6
    endloop
  endfacet
  facet normal 0.532289 -0.466636 -0.706342
    outer loop
      vertex 19.5714 22.4286 4.74
      vertex 18.0582 23.9418 2.6
      vertex 19.9147 22.8202 4.74
    endloop
  endfacet
  facet normal -0.393247 0.58858 -0.70635
    outer loop
      vertex -17.675 60.3521 2.6
      vertex -19.178 61.9161 4.74
      vertex -18.745 62.2054 4.74
    endloop
  endfacet
  facet normal -0.58858 -0.393247 -0.70635
    outer loop
      vertex -19.9161 22.822 4.74
      vertex -20.2054 23.255 4.74
      vertex -18.3521 24.325 2.6
    endloop
  endfacet
  facet normal -0.831432 0.555626 0
    outer loop
      vertex -20.2141 60.75 4.74
      vertex -19.9234 61.185 34.14
      vertex -19.9234 61.185 4.74
    endloop
  endfacet
  facet normal -0.831432 0.555626 0
    outer loop
      vertex -19.9234 61.185 34.14
      vertex -20.2141 60.75 4.74
      vertex -20.2141 60.75 34.14
    endloop
  endfacet
  facet normal 0.94691 0.321498 0
    outer loop
      vertex 20.6137 59.7853 34.14
      vertex 20.4455 60.2807 4.74
      vertex 20.4455 60.2807 34.14
    endloop
  endfacet
  facet normal 0.94691 0.321498 0
    outer loop
      vertex 20.4455 60.2807 4.74
      vertex 20.6137 59.7853 34.14
      vertex 20.6137 59.7853 4.74
    endloop
  endfacet
  facet normal 0.706368 0.0462137 -0.706335
    outer loop
      vertex 18.5842 58.9915 2.6
      vertex 20.7059 59.2697 4.74
      vertex 18.6 58.75 2.6
    endloop
  endfacet
  facet normal 0.710137 0 -0.704064
    outer loop
      vertex 20.7059 59.2697 4.74
      vertex 18.5842 58.9915 2.6
      vertex 20.7059 59.2708 4.74
    endloop
  endfacet
  facet normal 0.634754 0.313282 -0.706358
    outer loop
      vertex 18.3521 59.675 2.6
      vertex 20.2059 60.744 4.74
      vertex 18.4592 59.458 2.6
    endloop
  endfacet
  facet normal 0.633023 0.316512 -0.706472
    outer loop
      vertex 20.2059 60.744 4.74
      vertex 18.3521 59.675 2.6
      vertex 20.2054 60.745 4.74
    endloop
  endfacet
  facet normal 0.634841 0.313139 -0.706343
    outer loop
      vertex 20.4363 60.2769 4.74
      vertex 18.4592 59.458 2.6
      vertex 20.2059 60.744 4.74
    endloop
  endfacet
  facet normal 0.442238 0.896898 -0
    outer loop
      vertex 18.75 62.2141 4.74
      vertex 18.2807 62.4455 34.14
      vertex 18.75 62.2141 34.14
    endloop
  endfacet
  facet normal 0.442238 0.896898 0
    outer loop
      vertex 18.2807 62.4455 34.14
      vertex 18.75 62.2141 4.74
      vertex 18.2807 62.4455 4.74
    endloop
  endfacet
  facet normal 0.0653646 0.997861 -0
    outer loop
      vertex 17.2721 62.7158 4.74
      vertex 16.75 62.75 34.14
      vertex 17.2721 62.7158 34.14
    endloop
  endfacet
  facet normal 0.0653646 0.997861 0
    outer loop
      vertex 16.75 62.75 34.14
      vertex 17.2721 62.7158 4.74
      vertex 16.75 62.75 4.74
    endloop
  endfacet
  facet normal 0.0463468 0.706347 -0.706347
    outer loop
      vertex 17.2697 62.7059 4.74
      vertex 16.75 60.6 2.6
      vertex 16.75 62.74 4.74
    endloop
  endfacet
  facet normal -0.138092 0.694263 -0.706349
    outer loop
      vertex -17.2288 60.537 2.6
      vertex -17.7816 62.6043 4.74
      vertex -16.9915 60.5842 2.6
    endloop
  endfacet
  facet normal -0.186056 0.682206 -0.707092
    outer loop
      vertex -17.7816 62.6043 4.74
      vertex -17.2288 60.537 2.6
      vertex -17.7827 62.604 4.74
    endloop
  endfacet
  facet normal -0.694263 0.138092 -0.706349
    outer loop
      vertex -18.5842 58.9915 2.6
      vertex -20.7059 59.2708 4.74
      vertex -20.6043 59.7816 4.74
    endloop
  endfacet
  facet normal -0.0463468 0.706347 -0.706347
    outer loop
      vertex -16.75 60.6 2.6
      vertex -17.2697 62.7059 4.74
      vertex -16.75 62.74 4.74
    endloop
  endfacet
  facet normal -0.0462137 0.706368 -0.706335
    outer loop
      vertex -16.9915 60.5842 2.6
      vertex -17.2697 62.7059 4.74
      vertex -16.75 60.6 2.6
    endloop
  endfacet
  facet normal 0 0.710137 -0.704064
    outer loop
      vertex -17.2697 62.7059 4.74
      vertex -16.9915 60.5842 2.6
      vertex -17.2708 62.7059 4.74
    endloop
  endfacet
  facet normal -0.980779 0.195124 0
    outer loop
      vertex -20.7158 59.2721 4.74
      vertex -20.6137 59.7853 34.14
      vertex -20.6137 59.7853 4.74
    endloop
  endfacet
  facet normal -0.980779 0.195124 0
    outer loop
      vertex -20.6137 59.7853 34.14
      vertex -20.7158 59.2721 4.74
      vertex -20.7158 59.2721 34.14
    endloop
  endfacet
  facet normal 0.634841 -0.313139 -0.706343
    outer loop
      vertex 20.2059 23.256 4.74
      vertex 18.4592 24.542 2.6
      vertex 20.4363 23.7231 4.74
    endloop
  endfacet
  facet normal 0.670294 -0.227555 -0.706347
    outer loop
      vertex 20.4363 23.7231 4.74
      vertex 18.4592 24.542 2.6
      vertex 20.6037 24.2162 4.74
    endloop
  endfacet
  facet normal 0.502137 0.502137 -0.704071
    outer loop
      vertex 18.2177 59.8762 2.6
      vertex 19.9147 61.1798 4.74
      vertex 19.9155 61.179 4.74
    endloop
  endfacet
  facet normal 0.532356 0.466543 -0.706353
    outer loop
      vertex 19.9147 61.1798 4.74
      vertex 18.2177 59.8762 2.6
      vertex 18.0582 60.0582 2.6
    endloop
  endfacet
  facet normal 0.532289 0.466636 -0.706342
    outer loop
      vertex 19.9147 61.1798 4.74
      vertex 18.0582 60.0582 2.6
      vertex 19.5714 61.5714 4.74
    endloop
  endfacet
  facet normal 0.997861 0.0653646 0
    outer loop
      vertex 20.75 58.75 34.14
      vertex 20.7158 59.2721 4.74
      vertex 20.7158 59.2721 34.14
    endloop
  endfacet
  facet normal 0.997861 0.0653646 0
    outer loop
      vertex 20.7158 59.2721 4.74
      vertex 20.75 58.75 34.14
      vertex 20.75 58.75 4.74
    endloop
  endfacet
  facet normal 0.138092 0.694263 -0.706349
    outer loop
      vertex 17.7816 62.6043 4.74
      vertex 16.9915 60.5842 2.6
      vertex 17.2708 62.7059 4.74
    endloop
  endfacet
  facet normal -0.659343 0.751842 0
    outer loop
      vertex -19.185 61.9234 4.74
      vertex -19.5784 61.5784 34.14
      vertex -19.185 61.9234 34.14
    endloop
  endfacet
  facet normal -0.659343 0.751842 0
    outer loop
      vertex -19.5784 61.5784 34.14
      vertex -19.185 61.9234 4.74
      vertex -19.5784 61.5784 4.74
    endloop
  endfacet
  facet normal -0.634841 0.313139 -0.706343
    outer loop
      vertex -18.4592 59.458 2.6
      vertex -20.4363 60.2769 4.74
      vertex -20.2059 60.744 4.74
    endloop
  endfacet
  facet normal -0.670294 0.227555 -0.706347
    outer loop
      vertex -18.4592 59.458 2.6
      vertex -20.6037 59.7838 4.74
      vertex -20.4363 60.2769 4.74
    endloop
  endfacet
  facet normal -0.634754 0.313282 -0.706358
    outer loop
      vertex -20.2059 60.744 4.74
      vertex -18.3521 59.675 2.6
      vertex -18.4592 59.458 2.6
    endloop
  endfacet
  facet normal -0.633023 0.316512 -0.706472
    outer loop
      vertex -18.3521 59.675 2.6
      vertex -20.2059 60.744 4.74
      vertex -20.2054 60.745 4.74
    endloop
  endfacet
  facet normal 0.682206 0.186056 -0.707092
    outer loop
      vertex 18.537 59.2288 2.6
      vertex 20.6037 59.7838 4.74
      vertex 20.604 59.7827 4.74
    endloop
  endfacet
  facet normal 0.6703 0.227528 -0.706349
    outer loop
      vertex 20.6037 59.7838 4.74
      vertex 18.537 59.2288 2.6
      vertex 18.4592 59.458 2.6
    endloop
  endfacet
  facet normal 0.670294 0.227555 -0.706347
    outer loop
      vertex 20.6037 59.7838 4.74
      vertex 18.4592 59.458 2.6
      vertex 20.4363 60.2769 4.74
    endloop
  endfacet
  facet normal -0.227528 0.6703 -0.706349
    outer loop
      vertex -17.7838 62.6037 4.74
      vertex -17.2288 60.537 2.6
      vertex -17.458 60.4592 2.6
    endloop
  endfacet
  facet normal -0.186056 0.682206 -0.707092
    outer loop
      vertex -17.2288 60.537 2.6
      vertex -17.7838 62.6037 4.74
      vertex -17.7827 62.604 4.74
    endloop
  endfacet
  facet normal 0 0 -1
    outer loop
      vertex 20.7059 17.2697 4.74
      vertex 20.74 25.25 4.74
      vertex 20.74 16.75 4.74
    endloop
  endfacet
  facet normal 0 0 -1
    outer loop
      vertex 20.7059 17.2697 4.74
      vertex 20.7059 24.7303 4.74
      vertex 20.74 25.25 4.74
    endloop
  endfacet
  facet normal 0 0 -0
    outer loop
      vertex 20.7059 17.2708 4.74
      vertex 20.7059 24.7303 4.74
      vertex 20.7059 17.2697 4.74
    endloop
  endfacet
  facet normal 0 0 0
    outer loop
      vertex 20.7059 17.2708 4.74
      vertex 20.7059 24.7292 4.74
      vertex 20.7059 24.7303 4.74
    endloop
  endfacet
  facet normal 0 0 -1
    outer loop
      vertex 20.6043 17.7816 4.74
      vertex 20.7059 24.7292 4.74
      vertex 20.7059 17.2708 4.74
    endloop
  endfacet
  facet normal 0 0 -1
    outer loop
      vertex 20.6043 17.7816 4.74
      vertex 20.6043 24.2184 4.74
      vertex 20.7059 24.7292 4.74
    endloop
  endfacet
  facet normal 0 0 -1
    outer loop
      vertex 20.604 17.7827 4.74
      vertex 20.6043 24.2184 4.74
      vertex 20.6043 17.7816 4.74
    endloop
  endfacet
  facet normal 0 0 -1
    outer loop
      vertex 20.604 17.7827 4.74
      vertex 20.604 24.2173 4.74
      vertex 20.6043 24.2184 4.74
    endloop
  endfacet
  facet normal 0 0 -1
    outer loop
      vertex 20.6037 17.7838 4.74
      vertex 20.604 24.2173 4.74
      vertex 20.604 17.7827 4.74
    endloop
  endfacet
  facet normal 0 0 -1
    outer loop
      vertex 20.6037 17.7838 4.74
      vertex 20.6037 24.2162 4.74
      vertex 20.604 24.2173 4.74
    endloop
  endfacet
  facet normal 0 0 -1
    outer loop
      vertex 20.4363 18.2769 4.74
      vertex 20.6037 24.2162 4.74
      vertex 20.6037 17.7838 4.74
    endloop
  endfacet
  facet normal 0 0 -1
    outer loop
      vertex 20.4363 18.2769 4.74
      vertex 20.4363 23.7231 4.74
      vertex 20.6037 24.2162 4.74
    endloop
  endfacet
  facet normal 0 0 -1
    outer loop
      vertex 20.2059 18.744 4.74
      vertex 20.4363 23.7231 4.74
      vertex 20.4363 18.2769 4.74
    endloop
  endfacet
  facet normal 0 0 -1
    outer loop
      vertex 20.2059 18.744 4.74
      vertex 20.2059 23.256 4.74
      vertex 20.4363 23.7231 4.74
    endloop
  endfacet
  facet normal 0 0 -1
    outer loop
      vertex 20.2054 18.745 4.74
      vertex 20.2059 23.256 4.74
      vertex 20.2059 18.744 4.74
    endloop
  endfacet
  facet normal 0 0 -1
    outer loop
      vertex 20.2054 18.745 4.74
      vertex 20.2054 23.255 4.74
      vertex 20.2059 23.256 4.74
    endloop
  endfacet
  facet normal 0 0 -1
    outer loop
      vertex 19.9161 19.178 4.74
      vertex 20.2054 23.255 4.74
      vertex 20.2054 18.745 4.74
    endloop
  endfacet
  facet normal 0 0 -1
    outer loop
      vertex 19.9161 19.178 4.74
      vertex 19.9161 22.822 4.74
      vertex 20.2054 23.255 4.74
    endloop
  endfacet
  facet normal 0 0 -1
    outer loop
      vertex 19.9155 19.179 4.74
      vertex 19.9161 22.822 4.74
      vertex 19.9161 19.178 4.74
    endloop
  endfacet
  facet normal 0 0 -1
    outer loop
      vertex 19.9155 19.179 4.74
      vertex 19.9155 22.821 4.74
      vertex 19.9161 22.822 4.74
    endloop
  endfacet
  facet normal 0 0 -1
    outer loop
      vertex 19.9147 19.1798 4.74
      vertex 19.9155 22.821 4.74
      vertex 19.9155 19.179 4.74
    endloop
  endfacet
  facet normal 0 0 -1
    outer loop
      vertex 19.9147 19.1798 4.74
      vertex 19.9147 22.8202 4.74
      vertex 19.9155 22.821 4.74
    endloop
  endfacet
  facet normal 0 0 -1
    outer loop
      vertex 19.5714 19.5714 4.74
      vertex 19.9147 22.8202 4.74
      vertex 19.9147 19.1798 4.74
    endloop
  endfacet
  facet normal 0 0 -1
    outer loop
      vertex 19.5714 19.5714 4.74
      vertex 19.5714 22.4286 4.74
      vertex 19.9147 22.8202 4.74
    endloop
  endfacet
  facet normal 0 0 -1
    outer loop
      vertex 19.1798 19.9147 4.74
      vertex 19.5714 22.4286 4.74
      vertex 19.5714 19.5714 4.74
    endloop
  endfacet
  facet normal 0 0 -1
    outer loop
      vertex 19.1798 19.9147 4.74
      vertex 19.1798 22.0853 4.74
      vertex 19.5714 22.4286 4.74
    endloop
  endfacet
  facet normal 0 0 -1
    outer loop
      vertex 19.179 19.9155 4.74
      vertex 19.1798 22.0853 4.74
      vertex 19.1798 19.9147 4.74
    endloop
  endfacet
  facet normal 0 0 -1
    outer loop
      vertex 19.179 19.9155 4.74
      vertex 19.179 22.0845 4.74
      vertex 19.1798 22.0853 4.74
    endloop
  endfacet
  facet normal 0 0 -1
    outer loop
      vertex 19.178 19.9161 4.74
      vertex 19.179 22.0845 4.74
      vertex 19.179 19.9155 4.74
    endloop
  endfacet
  facet normal 0 0 -1
    outer loop
      vertex 19.178 19.9161 4.74
      vertex 19.178 22.0839 4.74
      vertex 19.179 22.0845 4.74
    endloop
  endfacet
  facet normal 0 0 -1
    outer loop
      vertex 18.745 20.2054 4.74
      vertex 19.178 22.0839 4.74
      vertex 19.178 19.9161 4.74
    endloop
  endfacet
  facet normal 0 0 -1
    outer loop
      vertex 18.745 20.2054 4.74
      vertex 18.745 21.7946 4.74
      vertex 19.178 22.0839 4.74
    endloop
  endfacet
  facet normal 0 0 -1
    outer loop
      vertex 18.744 20.2059 4.74
      vertex 18.745 21.7946 4.74
      vertex 18.745 20.2054 4.74
    endloop
  endfacet
  facet normal 0 0 -1
    outer loop
      vertex 18.744 20.2059 4.74
      vertex 18.744 21.7941 4.74
      vertex 18.745 21.7946 4.74
    endloop
  endfacet
  facet normal 0 0 -1
    outer loop
      vertex 18.2769 20.4363 4.74
      vertex 18.744 21.7941 4.74
      vertex 18.744 20.2059 4.74
    endloop
  endfacet
  facet normal 0 0 -1
    outer loop
      vertex 18.2769 20.4363 4.74
      vertex 18.2769 21.5637 4.74
      vertex 18.744 21.7941 4.74
    endloop
  endfacet
  facet normal 0 0 -1
    outer loop
      vertex 17.7838 20.6037 4.74
      vertex 18.2769 21.5637 4.74
      vertex 18.2769 20.4363 4.74
    endloop
  endfacet
  facet normal 0 0 -1
    outer loop
      vertex 17.7838 20.6037 4.74
      vertex 17.7838 21.3963 4.74
      vertex 18.2769 21.5637 4.74
    endloop
  endfacet
  facet normal 0 0 -1
    outer loop
      vertex 17.7827 20.604 4.74
      vertex 17.7838 21.3963 4.74
      vertex 17.7838 20.6037 4.74
    endloop
  endfacet
  facet normal 0 0 -1
    outer loop
      vertex 17.7827 20.604 4.74
      vertex 17.7827 21.396 4.74
      vertex 17.7838 21.3963 4.74
    endloop
  endfacet
  facet normal 0 0 -1
    outer loop
      vertex 17.7816 20.6043 4.74
      vertex 17.7827 21.396 4.74
      vertex 17.7827 20.604 4.74
    endloop
  endfacet
  facet normal 0 0 -1
    outer loop
      vertex 17.7816 20.6043 4.74
      vertex 17.7816 21.3957 4.74
      vertex 17.7827 21.396 4.74
    endloop
  endfacet
  facet normal 0 0 -1
    outer loop
      vertex 17.2708 20.7059 4.74
      vertex 17.7816 21.3957 4.74
      vertex 17.7816 20.6043 4.74
    endloop
  endfacet
  facet normal 0 0 -1
    outer loop
      vertex 17.2708 20.7059 4.74
      vertex 17.2708 21.2941 4.74
      vertex 17.7816 21.3957 4.74
    endloop
  endfacet
  facet normal 0 0 -1
    outer loop
      vertex 17.2697 20.7059 4.74
      vertex 17.2708 21.2941 4.74
      vertex 17.2708 20.7059 4.74
    endloop
  endfacet
  facet normal 0 0 -1
    outer loop
      vertex 17.2697 20.7059 4.74
      vertex 17.2697 21.2941 4.74
      vertex 17.2708 21.2941 4.74
    endloop
  endfacet
  facet normal 0 0 -1
    outer loop
      vertex 16.75 20.74 4.74
      vertex 17.2697 21.2941 4.74
      vertex 17.2697 20.7059 4.74
    endloop
  endfacet
  facet normal 0 0 -1
    outer loop
      vertex 16.75 20.74 4.74
      vertex 16.75 21.26 4.74
      vertex 17.2697 21.2941 4.74
    endloop
  endfacet
  facet normal 0 0 -1
    outer loop
      vertex -16.75 20.74 4.74
      vertex 16.75 21.26 4.74
      vertex 16.75 20.74 4.74
    endloop
  endfacet
  facet normal 0 0 -1
    outer loop
      vertex -16.75 20.74 4.74
      vertex -16.75 21.26 4.74
      vertex 16.75 21.26 4.74
    endloop
  endfacet
  facet normal 0 0 -1
    outer loop
      vertex -17.2697 20.7059 4.74
      vertex -16.75 21.26 4.74
      vertex -16.75 20.74 4.74
    endloop
  endfacet
  facet normal 0 0 -1
    outer loop
      vertex -17.2697 20.7059 4.74
      vertex -17.2697 21.2941 4.74
      vertex -16.75 21.26 4.74
    endloop
  endfacet
  facet normal 0 0 -1
    outer loop
      vertex -17.2708 20.7059 4.74
      vertex -17.2697 21.2941 4.74
      vertex -17.2697 20.7059 4.74
    endloop
  endfacet
  facet normal 0 0 -1
    outer loop
      vertex -17.2708 20.7059 4.74
      vertex -17.2708 21.2941 4.74
      vertex -17.2697 21.2941 4.74
    endloop
  endfacet
  facet normal 0 0 -1
    outer loop
      vertex -17.7816 20.6043 4.74
      vertex -17.2708 21.2941 4.74
      vertex -17.2708 20.7059 4.74
    endloop
  endfacet
  facet normal 0 0 -1
    outer loop
      vertex -17.7816 20.6043 4.74
      vertex -17.7816 21.3957 4.74
      vertex -17.2708 21.2941 4.74
    endloop
  endfacet
  facet normal 0 0 -1
    outer loop
      vertex -17.7827 20.604 4.74
      vertex -17.7816 21.3957 4.74
      vertex -17.7816 20.6043 4.74
    endloop
  endfacet
  facet normal 0 0 -1
    outer loop
      vertex -17.7827 20.604 4.74
      vertex -17.7827 21.396 4.74
      vertex -17.7816 21.3957 4.74
    endloop
  endfacet
  facet normal 0 0 -1
    outer loop
      vertex -17.7838 20.6037 4.74
      vertex -17.7827 21.396 4.74
      vertex -17.7827 20.604 4.74
    endloop
  endfacet
  facet normal 0 0 -1
    outer loop
      vertex -17.7838 20.6037 4.74
      vertex -17.7838 21.3963 4.74
      vertex -17.7827 21.396 4.74
    endloop
  endfacet
  facet normal 0 0 -1
    outer loop
      vertex -18.2769 20.4363 4.74
      vertex -17.7838 21.3963 4.74
      vertex -17.7838 20.6037 4.74
    endloop
  endfacet
  facet normal 0 0 -1
    outer loop
      vertex -18.2769 20.4363 4.74
      vertex -18.2769 21.5637 4.74
      vertex -17.7838 21.3963 4.74
    endloop
  endfacet
  facet normal 0 0 -1
    outer loop
      vertex -18.744 20.2059 4.74
      vertex -18.2769 21.5637 4.74
      vertex -18.2769 20.4363 4.74
    endloop
  endfacet
  facet normal 0 0 -1
    outer loop
      vertex -18.744 20.2059 4.74
      vertex -18.744 21.7941 4.74
      vertex -18.2769 21.5637 4.74
    endloop
  endfacet
  facet normal 0 0 -1
    outer loop
      vertex -18.745 20.2054 4.74
      vertex -18.744 21.7941 4.74
      vertex -18.744 20.2059 4.74
    endloop
  endfacet
  facet normal 0 0 -1
    outer loop
      vertex -18.745 20.2054 4.74
      vertex -18.745 21.7946 4.74
      vertex -18.744 21.7941 4.74
    endloop
  endfacet
  facet normal 0 0 -1
    outer loop
      vertex -19.178 19.9161 4.74
      vertex -18.745 21.7946 4.74
      vertex -18.745 20.2054 4.74
    endloop
  endfacet
  facet normal 0 0 -1
    outer loop
      vertex -19.178 19.9161 4.74
      vertex -19.178 22.0839 4.74
      vertex -18.745 21.7946 4.74
    endloop
  endfacet
  facet normal 0 0 -1
    outer loop
      vertex -19.179 19.9155 4.74
      vertex -19.178 22.0839 4.74
      vertex -19.178 19.9161 4.74
    endloop
  endfacet
  facet normal 0 0 -1
    outer loop
      vertex -19.179 19.9155 4.74
      vertex -19.179 22.0845 4.74
      vertex -19.178 22.0839 4.74
    endloop
  endfacet
  facet normal 0 0 -1
    outer loop
      vertex -19.1798 19.9147 4.74
      vertex -19.179 22.0845 4.74
      vertex -19.179 19.9155 4.74
    endloop
  endfacet
  facet normal 0 0 -1
    outer loop
      vertex -19.1798 19.9147 4.74
      vertex -19.1798 22.0853 4.74
      vertex -19.179 22.0845 4.74
    endloop
  endfacet
  facet normal 0 0 -1
    outer loop
      vertex -19.5714 19.5714 4.74
      vertex -19.1798 22.0853 4.74
      vertex -19.1798 19.9147 4.74
    endloop
  endfacet
  facet normal 0 0 -1
    outer loop
      vertex -19.5714 19.5714 4.74
      vertex -19.5714 22.4286 4.74
      vertex -19.1798 22.0853 4.74
    endloop
  endfacet
  facet normal 0 0 -1
    outer loop
      vertex -19.9147 19.1798 4.74
      vertex -19.5714 22.4286 4.74
      vertex -19.5714 19.5714 4.74
    endloop
  endfacet
  facet normal 0 0 -1
    outer loop
      vertex -19.9147 19.1798 4.74
      vertex -19.9147 22.8202 4.74
      vertex -19.5714 22.4286 4.74
    endloop
  endfacet
  facet normal 0 0 -1
    outer loop
      vertex -19.9155 19.179 4.74
      vertex -19.9147 22.8202 4.74
      vertex -19.9147 19.1798 4.74
    endloop
  endfacet
  facet normal 0 0 -1
    outer loop
      vertex -19.9155 19.179 4.74
      vertex -19.9155 22.821 4.74
      vertex -19.9147 22.8202 4.74
    endloop
  endfacet
  facet normal 0 0 -1
    outer loop
      vertex -19.9161 19.178 4.74
      vertex -19.9155 22.821 4.74
      vertex -19.9155 19.179 4.74
    endloop
  endfacet
  facet normal 0 0 -1
    outer loop
      vertex -19.9161 19.178 4.74
      vertex -19.9161 22.822 4.74
      vertex -19.9155 22.821 4.74
    endloop
  endfacet
  facet normal 0 0 -1
    outer loop
      vertex -20.2054 18.745 4.74
      vertex -19.9161 22.822 4.74
      vertex -19.9161 19.178 4.74
    endloop
  endfacet
  facet normal 0 0 -1
    outer loop
      vertex -20.2054 18.745 4.74
      vertex -20.2054 23.255 4.74
      vertex -19.9161 22.822 4.74
    endloop
  endfacet
  facet normal 0 0 -1
    outer loop
      vertex -20.2059 18.744 4.74
      vertex -20.2054 23.255 4.74
      vertex -20.2054 18.745 4.74
    endloop
  endfacet
  facet normal 0 0 -1
    outer loop
      vertex -20.2059 18.744 4.74
      vertex -20.2059 23.256 4.74
      vertex -20.2054 23.255 4.74
    endloop
  endfacet
  facet normal 0 0 -1
    outer loop
      vertex -20.4363 18.2769 4.74
      vertex -20.2059 23.256 4.74
      vertex -20.2059 18.744 4.74
    endloop
  endfacet
  facet normal 0 0 -1
    outer loop
      vertex -20.4363 18.2769 4.74
      vertex -20.4363 23.7231 4.74
      vertex -20.2059 23.256 4.74
    endloop
  endfacet
  facet normal 0 0 -1
    outer loop
      vertex -20.6037 17.7838 4.74
      vertex -20.4363 23.7231 4.74
      vertex -20.4363 18.2769 4.74
    endloop
  endfacet
  facet normal 0 0 -1
    outer loop
      vertex -20.6037 17.7838 4.74
      vertex -20.6037 24.2162 4.74
      vertex -20.4363 23.7231 4.74
    endloop
  endfacet
  facet normal 0 0 -1
    outer loop
      vertex -20.604 17.7827 4.74
      vertex -20.6037 24.2162 4.74
      vertex -20.6037 17.7838 4.74
    endloop
  endfacet
  facet normal 0 0 -1
    outer loop
      vertex -20.604 17.7827 4.74
      vertex -20.604 24.2173 4.74
      vertex -20.6037 24.2162 4.74
    endloop
  endfacet
  facet normal 0 0 -1
    outer loop
      vertex -20.6043 17.7816 4.74
      vertex -20.604 24.2173 4.74
      vertex -20.604 17.7827 4.74
    endloop
  endfacet
  facet normal 0 0 -1
    outer loop
      vertex -20.6043 17.7816 4.74
      vertex -20.6043 24.2184 4.74
      vertex -20.604 24.2173 4.74
    endloop
  endfacet
  facet normal 0 0 -1
    outer loop
      vertex -20.7059 17.2708 4.74
      vertex -20.6043 24.2184 4.74
      vertex -20.6043 17.7816 4.74
    endloop
  endfacet
  facet normal 0 0 -1
    outer loop
      vertex -20.7059 17.2708 4.74
      vertex -20.7059 24.7292 4.74
      vertex -20.6043 24.2184 4.74
    endloop
  endfacet
  facet normal 0 0 0
    outer loop
      vertex -20.7059 17.2697 4.74
      vertex -20.7059 24.7292 4.74
      vertex -20.7059 17.2708 4.74
    endloop
  endfacet
  facet normal 0 0 0
    outer loop
      vertex -20.7059 17.2697 4.74
      vertex -20.7059 24.7303 4.74
      vertex -20.7059 24.7292 4.74
    endloop
  endfacet
  facet normal 0 0 -1
    outer loop
      vertex -20.74 16.75 4.74
      vertex -20.7059 24.7303 4.74
      vertex -20.7059 17.2697 4.74
    endloop
  endfacet
  facet normal -0 0 -1
    outer loop
      vertex -20.7059 24.7303 4.74
      vertex -20.74 16.75 4.74
      vertex -20.74 25.25 4.74
    endloop
  endfacet
  facet normal 0 0 -1
    outer loop
      vertex 20.7059 -24.7303 4.74
      vertex 20.74 -16.75 4.74
      vertex 20.74 -25.25 4.74
    endloop
  endfacet
  facet normal 0 0 -1
    outer loop
      vertex 20.7059 -24.7303 4.74
      vertex 20.7059 -17.2697 4.74
      vertex 20.74 -16.75 4.74
    endloop
  endfacet
  facet normal 0 0 -0
    outer loop
      vertex 20.7059 -24.7292 4.74
      vertex 20.7059 -17.2697 4.74
      vertex 20.7059 -24.7303 4.74
    endloop
  endfacet
  facet normal 0 0 0
    outer loop
      vertex 20.7059 -24.7292 4.74
      vertex 20.7059 -17.2708 4.74
      vertex 20.7059 -17.2697 4.74
    endloop
  endfacet
  facet normal 0 0 -1
    outer loop
      vertex 20.6043 -24.2184 4.74
      vertex 20.7059 -17.2708 4.74
      vertex 20.7059 -24.7292 4.74
    endloop
  endfacet
  facet normal 0 0 -1
    outer loop
      vertex 20.6043 -24.2184 4.74
      vertex 20.6043 -17.7816 4.74
      vertex 20.7059 -17.2708 4.74
    endloop
  endfacet
  facet normal 0 0 -1
    outer loop
      vertex 20.604 -24.2173 4.74
      vertex 20.6043 -17.7816 4.74
      vertex 20.6043 -24.2184 4.74
    endloop
  endfacet
  facet normal 0 0 -1
    outer loop
      vertex 20.604 -24.2173 4.74
      vertex 20.604 -17.7827 4.74
      vertex 20.6043 -17.7816 4.74
    endloop
  endfacet
  facet normal 0 0 -1
    outer loop
      vertex 20.6037 -24.2162 4.74
      vertex 20.604 -17.7827 4.74
      vertex 20.604 -24.2173 4.74
    endloop
  endfacet
  facet normal 0 0 -1
    outer loop
      vertex 20.6037 -24.2162 4.74
      vertex 20.6037 -17.7838 4.74
      vertex 20.604 -17.7827 4.74
    endloop
  endfacet
  facet normal 0 0 -1
    outer loop
      vertex 20.4363 -23.7231 4.74
      vertex 20.6037 -17.7838 4.74
      vertex 20.6037 -24.2162 4.74
    endloop
  endfacet
  facet normal 0 0 -1
    outer loop
      vertex 20.4363 -23.7231 4.74
      vertex 20.4363 -18.2769 4.74
      vertex 20.6037 -17.7838 4.74
    endloop
  endfacet
  facet normal 0 0 -1
    outer loop
      vertex 20.2059 -23.256 4.74
      vertex 20.4363 -18.2769 4.74
      vertex 20.4363 -23.7231 4.74
    endloop
  endfacet
  facet normal 0 0 -1
    outer loop
      vertex 20.2059 -23.256 4.74
      vertex 20.2059 -18.744 4.74
      vertex 20.4363 -18.2769 4.74
    endloop
  endfacet
  facet normal 0 0 -1
    outer loop
      vertex 20.2054 -23.255 4.74
      vertex 20.2059 -18.744 4.74
      vertex 20.2059 -23.256 4.74
    endloop
  endfacet
  facet normal 0 0 -1
    outer loop
      vertex 20.2054 -23.255 4.74
      vertex 20.2054 -18.745 4.74
      vertex 20.2059 -18.744 4.74
    endloop
  endfacet
  facet normal 0 0 -1
    outer loop
      vertex 19.9161 -22.822 4.74
      vertex 20.2054 -18.745 4.74
      vertex 20.2054 -23.255 4.74
    endloop
  endfacet
  facet normal 0 0 -1
    outer loop
      vertex 19.9161 -22.822 4.74
      vertex 19.9161 -19.178 4.74
      vertex 20.2054 -18.745 4.74
    endloop
  endfacet
  facet normal 0 0 -1
    outer loop
      vertex 19.9155 -22.821 4.74
      vertex 19.9161 -19.178 4.74
      vertex 19.9161 -22.822 4.74
    endloop
  endfacet
  facet normal 0 0 -1
    outer loop
      vertex 19.9155 -22.821 4.74
      vertex 19.9155 -19.179 4.74
      vertex 19.9161 -19.178 4.74
    endloop
  endfacet
  facet normal 0 0 -1
    outer loop
      vertex 19.9147 -22.8202 4.74
      vertex 19.9155 -19.179 4.74
      vertex 19.9155 -22.821 4.74
    endloop
  endfacet
  facet normal 0 0 -1
    outer loop
      vertex 19.9147 -22.8202 4.74
      vertex 19.9147 -19.1798 4.74
      vertex 19.9155 -19.179 4.74
    endloop
  endfacet
  facet normal 0 0 -1
    outer loop
      vertex 19.5714 -22.4286 4.74
      vertex 19.9147 -19.1798 4.74
      vertex 19.9147 -22.8202 4.74
    endloop
  endfacet
  facet normal 0 0 -1
    outer loop
      vertex 19.5714 -22.4286 4.74
      vertex 19.5714 -19.5714 4.74
      vertex 19.9147 -19.1798 4.74
    endloop
  endfacet
  facet normal 0 0 -1
    outer loop
      vertex 19.1798 -22.0853 4.74
      vertex 19.5714 -19.5714 4.74
      vertex 19.5714 -22.4286 4.74
    endloop
  endfacet
  facet normal 0 0 -1
    outer loop
      vertex 19.1798 -22.0853 4.74
      vertex 19.1798 -19.9147 4.74
      vertex 19.5714 -19.5714 4.74
    endloop
  endfacet
  facet normal 0 0 -1
    outer loop
      vertex 19.179 -22.0845 4.74
      vertex 19.1798 -19.9147 4.74
      vertex 19.1798 -22.0853 4.74
    endloop
  endfacet
  facet normal 0 0 -1
    outer loop
      vertex 19.179 -22.0845 4.74
      vertex 19.179 -19.9155 4.74
      vertex 19.1798 -19.9147 4.74
    endloop
  endfacet
  facet normal 0 0 -1
    outer loop
      vertex 19.178 -22.0839 4.74
      vertex 19.179 -19.9155 4.74
      vertex 19.179 -22.0845 4.74
    endloop
  endfacet
  facet normal 0 0 -1
    outer loop
      vertex 19.178 -22.0839 4.74
      vertex 19.178 -19.9161 4.74
      vertex 19.179 -19.9155 4.74
    endloop
  endfacet
  facet normal 0 0 -1
    outer loop
      vertex 18.745 -21.7946 4.74
      vertex 19.178 -19.9161 4.74
      vertex 19.178 -22.0839 4.74
    endloop
  endfacet
  facet normal 0 0 -1
    outer loop
      vertex 18.745 -21.7946 4.74
      vertex 18.745 -20.2054 4.74
      vertex 19.178 -19.9161 4.74
    endloop
  endfacet
  facet normal 0 0 -1
    outer loop
      vertex 18.744 -21.7941 4.74
      vertex 18.745 -20.2054 4.74
      vertex 18.745 -21.7946 4.74
    endloop
  endfacet
  facet normal 0 0 -1
    outer loop
      vertex 18.744 -21.7941 4.74
      vertex 18.744 -20.2059 4.74
      vertex 18.745 -20.2054 4.74
    endloop
  endfacet
  facet normal 0 0 -1
    outer loop
      vertex 18.2769 -21.5637 4.74
      vertex 18.744 -20.2059 4.74
      vertex 18.744 -21.7941 4.74
    endloop
  endfacet
  facet normal 0 0 -1
    outer loop
      vertex 18.2769 -21.5637 4.74
      vertex 18.2769 -20.4363 4.74
      vertex 18.744 -20.2059 4.74
    endloop
  endfacet
  facet normal 0 0 -1
    outer loop
      vertex 17.7838 -21.3963 4.74
      vertex 18.2769 -20.4363 4.74
      vertex 18.2769 -21.5637 4.74
    endloop
  endfacet
  facet normal 0 0 -1
    outer loop
      vertex 17.7838 -21.3963 4.74
      vertex 17.7838 -20.6037 4.74
      vertex 18.2769 -20.4363 4.74
    endloop
  endfacet
  facet normal 0 0 -1
    outer loop
      vertex 17.7827 -21.396 4.74
      vertex 17.7838 -20.6037 4.74
      vertex 17.7838 -21.3963 4.74
    endloop
  endfacet
  facet normal 0 0 -1
    outer loop
      vertex 17.7827 -21.396 4.74
      vertex 17.7827 -20.604 4.74
      vertex 17.7838 -20.6037 4.74
    endloop
  endfacet
  facet normal 0 0 -1
    outer loop
      vertex 17.7816 -21.3957 4.74
      vertex 17.7827 -20.604 4.74
      vertex 17.7827 -21.396 4.74
    endloop
  endfacet
  facet normal 0 0 -1
    outer loop
      vertex 17.7816 -21.3957 4.74
      vertex 17.7816 -20.6043 4.74
      vertex 17.7827 -20.604 4.74
    endloop
  endfacet
  facet normal 0 0 -1
    outer loop
      vertex 17.2708 -21.2941 4.74
      vertex 17.7816 -20.6043 4.74
      vertex 17.7816 -21.3957 4.74
    endloop
  endfacet
  facet normal 0 0 -1
    outer loop
      vertex 17.2708 -21.2941 4.74
      vertex 17.2708 -20.7059 4.74
      vertex 17.7816 -20.6043 4.74
    endloop
  endfacet
  facet normal 0 0 -1
    outer loop
      vertex 17.2697 -21.2941 4.74
      vertex 17.2708 -20.7059 4.74
      vertex 17.2708 -21.2941 4.74
    endloop
  endfacet
  facet normal 0 0 -1
    outer loop
      vertex 17.2697 -21.2941 4.74
      vertex 17.2697 -20.7059 4.74
      vertex 17.2708 -20.7059 4.74
    endloop
  endfacet
  facet normal 0 0 -1
    outer loop
      vertex 16.75 -21.26 4.74
      vertex 17.2697 -20.7059 4.74
      vertex 17.2697 -21.2941 4.74
    endloop
  endfacet
  facet normal 0 0 -1
    outer loop
      vertex 16.75 -21.26 4.74
      vertex 16.75 -20.74 4.74
      vertex 17.2697 -20.7059 4.74
    endloop
  endfacet
  facet normal 0 0 -1
    outer loop
      vertex -16.75 -21.26 4.74
      vertex 16.75 -20.74 4.74
      vertex 16.75 -21.26 4.74
    endloop
  endfacet
  facet normal 0 0 -1
    outer loop
      vertex -16.75 -21.26 4.74
      vertex -16.75 -20.74 4.74
      vertex 16.75 -20.74 4.74
    endloop
  endfacet
  facet normal 0 0 -1
    outer loop
      vertex -17.2697 -21.2941 4.74
      vertex -16.75 -20.74 4.74
      vertex -16.75 -21.26 4.74
    endloop
  endfacet
  facet normal 0 0 -1
    outer loop
      vertex -17.2697 -21.2941 4.74
      vertex -17.2697 -20.7059 4.74
      vertex -16.75 -20.74 4.74
    endloop
  endfacet
  facet normal 0 0 -1
    outer loop
      vertex -17.2708 -21.2941 4.74
      vertex -17.2697 -20.7059 4.74
      vertex -17.2697 -21.2941 4.74
    endloop
  endfacet
  facet normal 0 0 -1
    outer loop
      vertex -17.2708 -21.2941 4.74
      vertex -17.2708 -20.7059 4.74
      vertex -17.2697 -20.7059 4.74
    endloop
  endfacet
  facet normal 0 0 -1
    outer loop
      vertex -17.7816 -21.3957 4.74
      vertex -17.2708 -20.7059 4.74
      vertex -17.2708 -21.2941 4.74
    endloop
  endfacet
  facet normal 0 0 -1
    outer loop
      vertex -17.7816 -21.3957 4.74
      vertex -17.7816 -20.6043 4.74
      vertex -17.2708 -20.7059 4.74
    endloop
  endfacet
  facet normal 0 0 -1
    outer loop
      vertex -17.7827 -21.396 4.74
      vertex -17.7816 -20.6043 4.74
      vertex -17.7816 -21.3957 4.74
    endloop
  endfacet
  facet normal 0 0 -1
    outer loop
      vertex -17.7827 -21.396 4.74
      vertex -17.7827 -20.604 4.74
      vertex -17.7816 -20.6043 4.74
    endloop
  endfacet
  facet normal 0 0 -1
    outer loop
      vertex -17.7838 -21.3963 4.74
      vertex -17.7827 -20.604 4.74
      vertex -17.7827 -21.396 4.74
    endloop
  endfacet
  facet normal 0 0 -1
    outer loop
      vertex -17.7838 -21.3963 4.74
      vertex -17.7838 -20.6037 4.74
      vertex -17.7827 -20.604 4.74
    endloop
  endfacet
  facet normal 0 0 -1
    outer loop
      vertex -18.2769 -21.5637 4.74
      vertex -17.7838 -20.6037 4.74
      vertex -17.7838 -21.3963 4.74
    endloop
  endfacet
  facet normal 0 0 -1
    outer loop
      vertex -18.2769 -21.5637 4.74
      vertex -18.2769 -20.4363 4.74
      vertex -17.7838 -20.6037 4.74
    endloop
  endfacet
  facet normal 0 0 -1
    outer loop
      vertex -18.744 -21.7941 4.74
      vertex -18.2769 -20.4363 4.74
      vertex -18.2769 -21.5637 4.74
    endloop
  endfacet
  facet normal 0 0 -1
    outer loop
      vertex -18.744 -21.7941 4.74
      vertex -18.744 -20.2059 4.74
      vertex -18.2769 -20.4363 4.74
    endloop
  endfacet
  facet normal 0 0 -1
    outer loop
      vertex -18.745 -21.7946 4.74
      vertex -18.744 -20.2059 4.74
      vertex -18.744 -21.7941 4.74
    endloop
  endfacet
  facet normal 0 0 -1
    outer loop
      vertex -18.745 -21.7946 4.74
      vertex -18.745 -20.2054 4.74
      vertex -18.744 -20.2059 4.74
    endloop
  endfacet
  facet normal 0 0 -1
    outer loop
      vertex -19.178 -22.0839 4.74
      vertex -18.745 -20.2054 4.74
      vertex -18.745 -21.7946 4.74
    endloop
  endfacet
  facet normal 0 0 -1
    outer loop
      vertex -19.178 -22.0839 4.74
      vertex -19.178 -19.9161 4.74
      vertex -18.745 -20.2054 4.74
    endloop
  endfacet
  facet normal 0 0 -1
    outer loop
      vertex -19.179 -22.0845 4.74
      vertex -19.178 -19.9161 4.74
      vertex -19.178 -22.0839 4.74
    endloop
  endfacet
  facet normal 0 0 -1
    outer loop
      vertex -19.179 -22.0845 4.74
      vertex -19.179 -19.9155 4.74
      vertex -19.178 -19.9161 4.74
    endloop
  endfacet
  facet normal 0 0 -1
    outer loop
      vertex -19.1798 -22.0853 4.74
      vertex -19.179 -19.9155 4.74
      vertex -19.179 -22.0845 4.74
    endloop
  endfacet
  facet normal 0 0 -1
    outer loop
      vertex -19.1798 -22.0853 4.74
      vertex -19.1798 -19.9147 4.74
      vertex -19.179 -19.9155 4.74
    endloop
  endfacet
  facet normal 0 0 -1
    outer loop
      vertex -19.5714 -22.4286 4.74
      vertex -19.1798 -19.9147 4.74
      vertex -19.1798 -22.0853 4.74
    endloop
  endfacet
  facet normal 0 0 -1
    outer loop
      vertex -19.5714 -22.4286 4.74
      vertex -19.5714 -19.5714 4.74
      vertex -19.1798 -19.9147 4.74
    endloop
  endfacet
  facet normal 0 0 -1
    outer loop
      vertex -19.9147 -22.8202 4.74
      vertex -19.5714 -19.5714 4.74
      vertex -19.5714 -22.4286 4.74
    endloop
  endfacet
  facet normal 0 0 -1
    outer loop
      vertex -19.9147 -22.8202 4.74
      vertex -19.9147 -19.1798 4.74
      vertex -19.5714 -19.5714 4.74
    endloop
  endfacet
  facet normal 0 0 -1
    outer loop
      vertex -19.9155 -22.821 4.74
      vertex -19.9147 -19.1798 4.74
      vertex -19.9147 -22.8202 4.74
    endloop
  endfacet
  facet normal 0 0 -1
    outer loop
      vertex -19.9155 -22.821 4.74
      vertex -19.9155 -19.179 4.74
      vertex -19.9147 -19.1798 4.74
    endloop
  endfacet
  facet normal 0 0 -1
    outer loop
      vertex -19.9161 -22.822 4.74
      vertex -19.9155 -19.179 4.74
      vertex -19.9155 -22.821 4.74
    endloop
  endfacet
  facet normal 0 0 -1
    outer loop
      vertex -19.9161 -22.822 4.74
      vertex -19.9161 -19.178 4.74
      vertex -19.9155 -19.179 4.74
    endloop
  endfacet
  facet normal 0 0 -1
    outer loop
      vertex -20.2054 -23.255 4.74
      vertex -19.9161 -19.178 4.74
      vertex -19.9161 -22.822 4.74
    endloop
  endfacet
  facet normal 0 0 -1
    outer loop
      vertex -20.2054 -23.255 4.74
      vertex -20.2054 -18.745 4.74
      vertex -19.9161 -19.178 4.74
    endloop
  endfacet
  facet normal 0 0 -1
    outer loop
      vertex -20.2059 -23.256 4.74
      vertex -20.2054 -18.745 4.74
      vertex -20.2054 -23.255 4.74
    endloop
  endfacet
  facet normal 0 0 -1
    outer loop
      vertex -20.2059 -23.256 4.74
      vertex -20.2059 -18.744 4.74
      vertex -20.2054 -18.745 4.74
    endloop
  endfacet
  facet normal 0 0 -1
    outer loop
      vertex -20.4363 -23.7231 4.74
      vertex -20.2059 -18.744 4.74
      vertex -20.2059 -23.256 4.74
    endloop
  endfacet
  facet normal 0 0 -1
    outer loop
      vertex -20.4363 -23.7231 4.74
      vertex -20.4363 -18.2769 4.74
      vertex -20.2059 -18.744 4.74
    endloop
  endfacet
  facet normal 0 0 -1
    outer loop
      vertex -20.6037 -24.2162 4.74
      vertex -20.4363 -18.2769 4.74
      vertex -20.4363 -23.7231 4.74
    endloop
  endfacet
  facet normal 0 0 -1
    outer loop
      vertex -20.6037 -24.2162 4.74
      vertex -20.6037 -17.7838 4.74
      vertex -20.4363 -18.2769 4.74
    endloop
  endfacet
  facet normal 0 0 -1
    outer loop
      vertex -20.604 -24.2173 4.74
      vertex -20.6037 -17.7838 4.74
      vertex -20.6037 -24.2162 4.74
    endloop
  endfacet
  facet normal 0 0 -1
    outer loop
      vertex -20.604 -24.2173 4.74
      vertex -20.604 -17.7827 4.74
      vertex -20.6037 -17.7838 4.74
    endloop
  endfacet
  facet normal 0 0 -1
    outer loop
      vertex -20.6043 -24.2184 4.74
      vertex -20.604 -17.7827 4.74
      vertex -20.604 -24.2173 4.74
    endloop
  endfacet
  facet normal 0 0 -1
    outer loop
      vertex -20.6043 -24.2184 4.74
      vertex -20.6043 -17.7816 4.74
      vertex -20.604 -17.7827 4.74
    endloop
  endfacet
  facet normal 0 0 -1
    outer loop
      vertex -20.7059 -24.7292 4.74
      vertex -20.6043 -17.7816 4.74
      vertex -20.6043 -24.2184 4.74
    endloop
  endfacet
  facet normal 0 0 -1
    outer loop
      vertex -20.7059 -24.7292 4.74
      vertex -20.7059 -17.2708 4.74
      vertex -20.6043 -17.7816 4.74
    endloop
  endfacet
  facet normal 0 0 0
    outer loop
      vertex -20.7059 -24.7303 4.74
      vertex -20.7059 -17.2708 4.74
      vertex -20.7059 -24.7292 4.74
    endloop
  endfacet
  facet normal 0 0 0
    outer loop
      vertex -20.7059 -24.7303 4.74
      vertex -20.7059 -17.2697 4.74
      vertex -20.7059 -17.2708 4.74
    endloop
  endfacet
  facet normal 0 0 -1
    outer loop
      vertex -20.74 -25.25 4.74
      vertex -20.7059 -17.2697 4.74
      vertex -20.7059 -24.7303 4.74
    endloop
  endfacet
  facet normal -0 0 -1
    outer loop
      vertex -20.7059 -17.2697 4.74
      vertex -20.74 -25.25 4.74
      vertex -20.74 -16.75 4.74
    endloop
  endfacet
  facet normal 0 0 -1
    outer loop
      vertex 20.74 -25.25 4.74
      vertex 20.75 -58.75 4.74
      vertex 20.74 -58.75 4.74
    endloop
  endfacet
  facet normal 0 0 -1
    outer loop
      vertex 20.7059 -59.2697 4.74
      vertex 20.75 -58.75 4.74
      vertex 20.7158 -59.2721 4.74
    endloop
  endfacet
  facet normal -0 0 -1
    outer loop
      vertex 20.75 -58.75 4.74
      vertex 20.7059 -59.2697 4.74
      vertex 20.74 -58.75 4.74
    endloop
  endfacet
  facet normal 0 0 -1
    outer loop
      vertex 20.7158 -59.2721 4.74
      vertex 20.7059 -59.2708 4.74
      vertex 20.7059 -59.2697 4.74
    endloop
  endfacet
  facet normal 0 0 -1
    outer loop
      vertex 20.6043 -59.7816 4.74
      vertex 20.7158 -59.2721 4.74
      vertex 20.6137 -59.7853 4.74
    endloop
  endfacet
  facet normal -0 0 -1
    outer loop
      vertex 20.7158 -59.2721 4.74
      vertex 20.6043 -59.7816 4.74
      vertex 20.7059 -59.2708 4.74
    endloop
  endfacet
  facet normal 0 0 -1
    outer loop
      vertex 20.6137 -59.7853 4.74
      vertex 20.604 -59.7827 4.74
      vertex 20.6043 -59.7816 4.74
    endloop
  endfacet
  facet normal 0 0 -1
    outer loop
      vertex 20.6137 -59.7853 4.74
      vertex 20.6037 -59.7838 4.74
      vertex 20.604 -59.7827 4.74
    endloop
  endfacet
  facet normal 0 0 -1
    outer loop
      vertex 20.4455 -60.2807 4.74
      vertex 20.6037 -59.7838 4.74
      vertex 20.6137 -59.7853 4.74
    endloop
  endfacet
  facet normal 0 0 -1
    outer loop
      vertex 20.4455 -60.2807 4.74
      vertex 20.4363 -60.2769 4.74
      vertex 20.6037 -59.7838 4.74
    endloop
  endfacet
  facet normal 0 0 -1
    outer loop
      vertex 20.2059 -60.744 4.74
      vertex 20.4455 -60.2807 4.74
      vertex 20.2141 -60.75 4.74
    endloop
  endfacet
  facet normal -0 0 -1
    outer loop
      vertex 20.4455 -60.2807 4.74
      vertex 20.2059 -60.744 4.74
      vertex 20.4363 -60.2769 4.74
    endloop
  endfacet
  facet normal 0 0 -1
    outer loop
      vertex 20.2141 -60.75 4.74
      vertex 20.2054 -60.745 4.74
      vertex 20.2059 -60.744 4.74
    endloop
  endfacet
  facet normal 0 0 -1
    outer loop
      vertex 19.9161 -61.178 4.74
      vertex 20.2141 -60.75 4.74
      vertex 19.9234 -61.185 4.74
    endloop
  endfacet
  facet normal -0 0 -1
    outer loop
      vertex 20.2141 -60.75 4.74
      vertex 19.9161 -61.178 4.74
      vertex 20.2054 -60.745 4.74
    endloop
  endfacet
  facet normal 0 0 -1
    outer loop
      vertex 19.9234 -61.185 4.74
      vertex 19.9155 -61.179 4.74
      vertex 19.9161 -61.178 4.74
    endloop
  endfacet
  facet normal 0 0 -1
    outer loop
      vertex 19.9234 -61.185 4.74
      vertex 19.9147 -61.1798 4.74
      vertex 19.9155 -61.179 4.74
    endloop
  endfacet
  facet normal 0 0 -1
    outer loop
      vertex 19.5784 -61.5784 4.74
      vertex 19.9147 -61.1798 4.74
      vertex 19.9234 -61.185 4.74
    endloop
  endfacet
  facet normal 0 0 -1
    outer loop
      vertex 19.5784 -61.5784 4.74
      vertex 19.5714 -61.5714 4.74
      vertex 19.9147 -61.1798 4.74
    endloop
  endfacet
  facet normal 0 0 -1
    outer loop
      vertex 19.1798 -61.9147 4.74
      vertex 19.5784 -61.5784 4.74
      vertex 19.185 -61.9234 4.74
    endloop
  endfacet
  facet normal -0 0 -1
    outer loop
      vertex 19.5784 -61.5784 4.74
      vertex 19.1798 -61.9147 4.74
      vertex 19.5714 -61.5714 4.74
    endloop
  endfacet
  facet normal 0 0 -1
    outer loop
      vertex 19.185 -61.9234 4.74
      vertex 19.179 -61.9155 4.74
      vertex 19.1798 -61.9147 4.74
    endloop
  endfacet
  facet normal 0 0 -1
    outer loop
      vertex 19.185 -61.9234 4.74
      vertex 19.178 -61.9161 4.74
      vertex 19.179 -61.9155 4.74
    endloop
  endfacet
  facet normal 0 0 -1
    outer loop
      vertex 18.75 -62.2141 4.74
      vertex 19.178 -61.9161 4.74
      vertex 19.185 -61.9234 4.74
    endloop
  endfacet
  facet normal 0 0 -1
    outer loop
      vertex 18.75 -62.2141 4.74
      vertex 18.745 -62.2054 4.74
      vertex 19.178 -61.9161 4.74
    endloop
  endfacet
  facet normal 0 0 -1
    outer loop
      vertex 18.75 -62.2141 4.74
      vertex 18.744 -62.2059 4.74
      vertex 18.745 -62.2054 4.74
    endloop
  endfacet
  facet normal 0 0 -1
    outer loop
      vertex 18.2807 -62.4455 4.74
      vertex 18.744 -62.2059 4.74
      vertex 18.75 -62.2141 4.74
    endloop
  endfacet
  facet normal 0 0 -1
    outer loop
      vertex 18.2807 -62.4455 4.74
      vertex 18.2769 -62.4363 4.74
      vertex 18.744 -62.2059 4.74
    endloop
  endfacet
  facet normal 0 0 -1
    outer loop
      vertex 17.7838 -62.6037 4.74
      vertex 18.2807 -62.4455 4.74
      vertex 17.7853 -62.6137 4.74
    endloop
  endfacet
  facet normal -0 0 -1
    outer loop
      vertex 18.2807 -62.4455 4.74
      vertex 17.7838 -62.6037 4.74
      vertex 18.2769 -62.4363 4.74
    endloop
  endfacet
  facet normal 0 0 -1
    outer loop
      vertex 17.7853 -62.6137 4.74
      vertex 17.7827 -62.604 4.74
      vertex 17.7838 -62.6037 4.74
    endloop
  endfacet
  facet normal 0 0 -1
    outer loop
      vertex 17.7853 -62.6137 4.74
      vertex 17.7816 -62.6043 4.74
      vertex 17.7827 -62.604 4.74
    endloop
  endfacet
  facet normal 0 0 -1
    outer loop
      vertex 17.2721 -62.7158 4.74
      vertex 17.7816 -62.6043 4.74
      vertex 17.7853 -62.6137 4.74
    endloop
  endfacet
  facet normal 0 0 -1
    outer loop
      vertex 17.2721 -62.7158 4.74
      vertex 17.2708 -62.7059 4.74
      vertex 17.7816 -62.6043 4.74
    endloop
  endfacet
  facet normal 0 0 -1
    outer loop
      vertex 17.2721 -62.7158 4.74
      vertex 17.2697 -62.7059 4.74
      vertex 17.2708 -62.7059 4.74
    endloop
  endfacet
  facet normal 0 0 -1
    outer loop
      vertex 16.75 -62.75 4.74
      vertex 17.2697 -62.7059 4.74
      vertex 17.2721 -62.7158 4.74
    endloop
  endfacet
  facet normal 0 0 -1
    outer loop
      vertex 16.75 -62.75 4.74
      vertex 16.75 -62.74 4.74
      vertex 17.2697 -62.7059 4.74
    endloop
  endfacet
  facet normal 0 0 -1
    outer loop
      vertex -16.75 -62.75 4.74
      vertex 16.75 -62.74 4.74
      vertex 16.75 -62.75 4.74
    endloop
  endfacet
  facet normal 0 0 -1
    outer loop
      vertex -16.75 -62.75 4.74
      vertex -16.75 -62.74 4.74
      vertex 16.75 -62.74 4.74
    endloop
  endfacet
  facet normal 0 0 -1
    outer loop
      vertex -16.75 -62.75 4.74
      vertex -17.2697 -62.7059 4.74
      vertex -16.75 -62.74 4.74
    endloop
  endfacet
  facet normal 0 0 -1
    outer loop
      vertex -17.2721 -62.7158 4.74
      vertex -17.2697 -62.7059 4.74
      vertex -16.75 -62.75 4.74
    endloop
  endfacet
  facet normal -0 0 -1
    outer loop
      vertex -17.2697 -62.7059 4.74
      vertex -17.2721 -62.7158 4.74
      vertex -17.2708 -62.7059 4.74
    endloop
  endfacet
  facet normal 0 0 -1
    outer loop
      vertex -17.2721 -62.7158 4.74
      vertex -17.7816 -62.6043 4.74
      vertex -17.2708 -62.7059 4.74
    endloop
  endfacet
  facet normal 0 0 -1
    outer loop
      vertex -17.7853 -62.6137 4.74
      vertex -17.7816 -62.6043 4.74
      vertex -17.2721 -62.7158 4.74
    endloop
  endfacet
  facet normal -0 0 -1
    outer loop
      vertex -17.7816 -62.6043 4.74
      vertex -17.7853 -62.6137 4.74
      vertex -17.7827 -62.604 4.74
    endloop
  endfacet
  facet normal 0 0 -1
    outer loop
      vertex -17.7853 -62.6137 4.74
      vertex -17.7838 -62.6037 4.74
      vertex -17.7827 -62.604 4.74
    endloop
  endfacet
  facet normal 0 0 -1
    outer loop
      vertex -18.2807 -62.4455 4.74
      vertex -17.7838 -62.6037 4.74
      vertex -17.7853 -62.6137 4.74
    endloop
  endfacet
  facet normal 0 0 -1
    outer loop
      vertex -17.7838 -62.6037 4.74
      vertex -18.2807 -62.4455 4.74
      vertex -18.2769 -62.4363 4.74
    endloop
  endfacet
  facet normal 0 0 -1
    outer loop
      vertex -18.2807 -62.4455 4.74
      vertex -18.744 -62.2059 4.74
      vertex -18.2769 -62.4363 4.74
    endloop
  endfacet
  facet normal 0 0 -1
    outer loop
      vertex -18.75 -62.2141 4.74
      vertex -18.744 -62.2059 4.74
      vertex -18.2807 -62.4455 4.74
    endloop
  endfacet
  facet normal -0 0 -1
    outer loop
      vertex -18.744 -62.2059 4.74
      vertex -18.75 -62.2141 4.74
      vertex -18.745 -62.2054 4.74
    endloop
  endfacet
  facet normal 0 0 -1
    outer loop
      vertex -18.75 -62.2141 4.74
      vertex -19.178 -61.9161 4.74
      vertex -18.745 -62.2054 4.74
    endloop
  endfacet
  facet normal 0 0 -1
    outer loop
      vertex -19.185 -61.9234 4.74
      vertex -19.178 -61.9161 4.74
      vertex -18.75 -62.2141 4.74
    endloop
  endfacet
  facet normal -0 0 -1
    outer loop
      vertex -19.178 -61.9161 4.74
      vertex -19.185 -61.9234 4.74
      vertex -19.179 -61.9155 4.74
    endloop
  endfacet
  facet normal 0 0 -1
    outer loop
      vertex -19.185 -61.9234 4.74
      vertex -19.1798 -61.9147 4.74
      vertex -19.179 -61.9155 4.74
    endloop
  endfacet
  facet normal 0 0 -1
    outer loop
      vertex -19.5784 -61.5784 4.74
      vertex -19.1798 -61.9147 4.74
      vertex -19.185 -61.9234 4.74
    endloop
  endfacet
  facet normal 0 0 -1
    outer loop
      vertex -19.1798 -61.9147 4.74
      vertex -19.5784 -61.5784 4.74
      vertex -19.5714 -61.5714 4.74
    endloop
  endfacet
  facet normal 0 0 -1
    outer loop
      vertex -19.5784 -61.5784 4.74
      vertex -19.9147 -61.1798 4.74
      vertex -19.5714 -61.5714 4.74
    endloop
  endfacet
  facet normal 0 0 -1
    outer loop
      vertex -19.9234 -61.185 4.74
      vertex -19.9147 -61.1798 4.74
      vertex -19.5784 -61.5784 4.74
    endloop
  endfacet
  facet normal -0 0 -1
    outer loop
      vertex -19.9147 -61.1798 4.74
      vertex -19.9234 -61.185 4.74
      vertex -19.9155 -61.179 4.74
    endloop
  endfacet
  facet normal 0 0 -1
    outer loop
      vertex -19.9234 -61.185 4.74
      vertex -19.9161 -61.178 4.74
      vertex -19.9155 -61.179 4.74
    endloop
  endfacet
  facet normal 0 0 -1
    outer loop
      vertex -20.2141 -60.75 4.74
      vertex -19.9161 -61.178 4.74
      vertex -19.9234 -61.185 4.74
    endloop
  endfacet
  facet normal 0 0 -1
    outer loop
      vertex -19.9161 -61.178 4.74
      vertex -20.2141 -60.75 4.74
      vertex -20.2054 -60.745 4.74
    endloop
  endfacet
  facet normal 0 0 -1
    outer loop
      vertex -20.2141 -60.75 4.74
      vertex -20.2059 -60.744 4.74
      vertex -20.2054 -60.745 4.74
    endloop
  endfacet
  facet normal 0 0 -1
    outer loop
      vertex -20.4455 -60.2807 4.74
      vertex -20.2059 -60.744 4.74
      vertex -20.2141 -60.75 4.74
    endloop
  endfacet
  facet normal 0 0 -1
    outer loop
      vertex -20.2059 -60.744 4.74
      vertex -20.4455 -60.2807 4.74
      vertex -20.4363 -60.2769 4.74
    endloop
  endfacet
  facet normal 0 0 -1
    outer loop
      vertex -20.4455 -60.2807 4.74
      vertex -20.6037 -59.7838 4.74
      vertex -20.4363 -60.2769 4.74
    endloop
  endfacet
  facet normal 0 0 -1
    outer loop
      vertex -20.6137 -59.7853 4.74
      vertex -20.6037 -59.7838 4.74
      vertex -20.4455 -60.2807 4.74
    endloop
  endfacet
  facet normal -0 0 -1
    outer loop
      vertex -20.6037 -59.7838 4.74
      vertex -20.6137 -59.7853 4.74
      vertex -20.604 -59.7827 4.74
    endloop
  endfacet
  facet normal 0 0 -1
    outer loop
      vertex -20.6137 -59.7853 4.74
      vertex -20.6043 -59.7816 4.74
      vertex -20.604 -59.7827 4.74
    endloop
  endfacet
  facet normal 0 0 -1
    outer loop
      vertex -20.7158 -59.2721 4.74
      vertex -20.6043 -59.7816 4.74
      vertex -20.6137 -59.7853 4.74
    endloop
  endfacet
  facet normal 0 0 -1
    outer loop
      vertex -20.6043 -59.7816 4.74
      vertex -20.7158 -59.2721 4.74
      vertex -20.7059 -59.2708 4.74
    endloop
  endfacet
  facet normal 0 0 -1
    outer loop
      vertex -20.7158 -59.2721 4.74
      vertex -20.7059 -59.2697 4.74
      vertex -20.7059 -59.2708 4.74
    endloop
  endfacet
  facet normal 0 0 -1
    outer loop
      vertex -20.75 -58.75 4.74
      vertex -20.7059 -59.2697 4.74
      vertex -20.7158 -59.2721 4.74
    endloop
  endfacet
  facet normal 0 0 -1
    outer loop
      vertex -20.75 -58.75 4.74
      vertex -20.74 -25.25 4.74
      vertex -20.74 -58.75 4.74
    endloop
  endfacet
  facet normal -0 0 -1
    outer loop
      vertex -20.74 -25.25 4.74
      vertex -20.75 -58.75 4.74
      vertex -20.74 -16.75 4.74
    endloop
  endfacet
  facet normal -0 0 -1
    outer loop
      vertex -20.74 -16.75 4.74
      vertex -20.75 -58.75 4.74
      vertex -20.74 16.75 4.74
    endloop
  endfacet
  facet normal -0 0 -1
    outer loop
      vertex -20.74 16.75 4.74
      vertex -20.75 -58.75 4.74
      vertex -20.74 25.25 4.74
    endloop
  endfacet
  facet normal 0 0 -1
    outer loop
      vertex -20.75 58.75 4.74
      vertex -20.74 25.25 4.74
      vertex -20.75 -58.75 4.74
    endloop
  endfacet
  facet normal 0 0 -1
    outer loop
      vertex -20.7059 -59.2697 4.74
      vertex -20.75 -58.75 4.74
      vertex -20.74 -58.75 4.74
    endloop
  endfacet
  facet normal 0 0 -1
    outer loop
      vertex 20.75 -58.75 4.74
      vertex 20.74 -25.25 4.74
      vertex 20.75 58.75 4.74
    endloop
  endfacet
  facet normal 0 0 -1
    outer loop
      vertex 20.74 -16.75 4.74
      vertex 20.75 58.75 4.74
      vertex 20.74 -25.25 4.74
    endloop
  endfacet
  facet normal 0 0 -1
    outer loop
      vertex 20.74 16.75 4.74
      vertex 20.75 58.75 4.74
      vertex 20.74 -16.75 4.74
    endloop
  endfacet
  facet normal 0 0 -1
    outer loop
      vertex 20.74 25.25 4.74
      vertex 20.75 58.75 4.74
      vertex 20.74 16.75 4.74
    endloop
  endfacet
  facet normal 0 0 -1
    outer loop
      vertex 20.74 58.75 4.74
      vertex 20.75 58.75 4.74
      vertex 20.74 25.25 4.74
    endloop
  endfacet
  facet normal 0 0 -1
    outer loop
      vertex 20.7059 59.2697 4.74
      vertex 20.75 58.75 4.74
      vertex 20.74 58.75 4.74
    endloop
  endfacet
  facet normal 0 0 -1
    outer loop
      vertex 20.75 58.75 4.74
      vertex 20.7059 59.2697 4.74
      vertex 20.7158 59.2721 4.74
    endloop
  endfacet
  facet normal 0 0 -1
    outer loop
      vertex 20.7059 59.2708 4.74
      vertex 20.7158 59.2721 4.74
      vertex 20.7059 59.2697 4.74
    endloop
  endfacet
  facet normal 0 0 -1
    outer loop
      vertex 20.6043 59.7816 4.74
      vertex 20.7158 59.2721 4.74
      vertex 20.7059 59.2708 4.74
    endloop
  endfacet
  facet normal 0 0 -1
    outer loop
      vertex 20.7158 59.2721 4.74
      vertex 20.6043 59.7816 4.74
      vertex 20.6137 59.7853 4.74
    endloop
  endfacet
  facet normal 0 0 -1
    outer loop
      vertex 20.604 59.7827 4.74
      vertex 20.6137 59.7853 4.74
      vertex 20.6043 59.7816 4.74
    endloop
  endfacet
  facet normal 0 0 -1
    outer loop
      vertex 20.6037 59.7838 4.74
      vertex 20.6137 59.7853 4.74
      vertex 20.604 59.7827 4.74
    endloop
  endfacet
  facet normal 0 0 -1
    outer loop
      vertex 20.6037 59.7838 4.74
      vertex 20.4455 60.2807 4.74
      vertex 20.6137 59.7853 4.74
    endloop
  endfacet
  facet normal 0 0 -1
    outer loop
      vertex 20.4363 60.2769 4.74
      vertex 20.4455 60.2807 4.74
      vertex 20.6037 59.7838 4.74
    endloop
  endfacet
  facet normal 0 0 -1
    outer loop
      vertex 20.2059 60.744 4.74
      vertex 20.4455 60.2807 4.74
      vertex 20.4363 60.2769 4.74
    endloop
  endfacet
  facet normal 0 0 -1
    outer loop
      vertex 20.4455 60.2807 4.74
      vertex 20.2059 60.744 4.74
      vertex 20.2141 60.75 4.74
    endloop
  endfacet
  facet normal 0 0 -1
    outer loop
      vertex 20.2054 60.745 4.74
      vertex 20.2141 60.75 4.74
      vertex 20.2059 60.744 4.74
    endloop
  endfacet
  facet normal 0 0 -1
    outer loop
      vertex 19.9161 61.178 4.74
      vertex 20.2141 60.75 4.74
      vertex 20.2054 60.745 4.74
    endloop
  endfacet
  facet normal 0 0 -1
    outer loop
      vertex 20.2141 60.75 4.74
      vertex 19.9161 61.178 4.74
      vertex 19.9234 61.185 4.74
    endloop
  endfacet
  facet normal 0 0 -1
    outer loop
      vertex 19.9155 61.179 4.74
      vertex 19.9234 61.185 4.74
      vertex 19.9161 61.178 4.74
    endloop
  endfacet
  facet normal 0 0 -1
    outer loop
      vertex 19.9147 61.1798 4.74
      vertex 19.9234 61.185 4.74
      vertex 19.9155 61.179 4.74
    endloop
  endfacet
  facet normal 0 0 -1
    outer loop
      vertex 19.9147 61.1798 4.74
      vertex 19.5784 61.5784 4.74
      vertex 19.9234 61.185 4.74
    endloop
  endfacet
  facet normal 0 0 -1
    outer loop
      vertex 19.5714 61.5714 4.74
      vertex 19.5784 61.5784 4.74
      vertex 19.9147 61.1798 4.74
    endloop
  endfacet
  facet normal 0 0 -1
    outer loop
      vertex 19.1798 61.9147 4.74
      vertex 19.5784 61.5784 4.74
      vertex 19.5714 61.5714 4.74
    endloop
  endfacet
  facet normal 0 0 -1
    outer loop
      vertex 19.5784 61.5784 4.74
      vertex 19.1798 61.9147 4.74
      vertex 19.185 61.9234 4.74
    endloop
  endfacet
  facet normal 0 0 -1
    outer loop
      vertex 19.179 61.9155 4.74
      vertex 19.185 61.9234 4.74
      vertex 19.1798 61.9147 4.74
    endloop
  endfacet
  facet normal 0 0 -1
    outer loop
      vertex 19.178 61.9161 4.74
      vertex 19.185 61.9234 4.74
      vertex 19.179 61.9155 4.74
    endloop
  endfacet
  facet normal 0 0 -1
    outer loop
      vertex 19.178 61.9161 4.74
      vertex 18.75 62.2141 4.74
      vertex 19.185 61.9234 4.74
    endloop
  endfacet
  facet normal 0 0 -1
    outer loop
      vertex 18.745 62.2054 4.74
      vertex 18.75 62.2141 4.74
      vertex 19.178 61.9161 4.74
    endloop
  endfacet
  facet normal 0 0 -1
    outer loop
      vertex 18.744 62.2059 4.74
      vertex 18.75 62.2141 4.74
      vertex 18.745 62.2054 4.74
    endloop
  endfacet
  facet normal 0 0 -1
    outer loop
      vertex 18.744 62.2059 4.74
      vertex 18.2807 62.4455 4.74
      vertex 18.75 62.2141 4.74
    endloop
  endfacet
  facet normal 0 0 -1
    outer loop
      vertex 18.2769 62.4363 4.74
      vertex 18.2807 62.4455 4.74
      vertex 18.744 62.2059 4.74
    endloop
  endfacet
  facet normal 0 0 -1
    outer loop
      vertex 17.7838 62.6037 4.74
      vertex 18.2807 62.4455 4.74
      vertex 18.2769 62.4363 4.74
    endloop
  endfacet
  facet normal 0 0 -1
    outer loop
      vertex 18.2807 62.4455 4.74
      vertex 17.7838 62.6037 4.74
      vertex 17.7853 62.6137 4.74
    endloop
  endfacet
  facet normal 0 0 -1
    outer loop
      vertex 17.7827 62.604 4.74
      vertex 17.7853 62.6137 4.74
      vertex 17.7838 62.6037 4.74
    endloop
  endfacet
  facet normal 0 0 -1
    outer loop
      vertex 17.7816 62.6043 4.74
      vertex 17.7853 62.6137 4.74
      vertex 17.7827 62.604 4.74
    endloop
  endfacet
  facet normal 0 0 -1
    outer loop
      vertex 17.7816 62.6043 4.74
      vertex 17.2721 62.7158 4.74
      vertex 17.7853 62.6137 4.74
    endloop
  endfacet
  facet normal 0 0 -1
    outer loop
      vertex 17.2708 62.7059 4.74
      vertex 17.2721 62.7158 4.74
      vertex 17.7816 62.6043 4.74
    endloop
  endfacet
  facet normal 0 0 -1
    outer loop
      vertex 17.2697 62.7059 4.74
      vertex 17.2721 62.7158 4.74
      vertex 17.2708 62.7059 4.74
    endloop
  endfacet
  facet normal 0 0 -1
    outer loop
      vertex 16.75 62.75 4.74
      vertex 17.2697 62.7059 4.74
      vertex 16.75 62.74 4.74
    endloop
  endfacet
  facet normal 0 0 -1
    outer loop
      vertex 17.2697 62.7059 4.74
      vertex 16.75 62.75 4.74
      vertex 17.2721 62.7158 4.74
    endloop
  endfacet
  facet normal 0 0 -1
    outer loop
      vertex -16.75 62.74 4.74
      vertex 16.75 62.75 4.74
      vertex 16.75 62.74 4.74
    endloop
  endfacet
  facet normal 0 0 -1
    outer loop
      vertex -16.75 62.74 4.74
      vertex -16.75 62.75 4.74
      vertex 16.75 62.75 4.74
    endloop
  endfacet
  facet normal 0 0 -1
    outer loop
      vertex -17.2697 62.7059 4.74
      vertex -16.75 62.75 4.74
      vertex -16.75 62.74 4.74
    endloop
  endfacet
  facet normal 0 0 -1
    outer loop
      vertex -17.2721 62.7158 4.74
      vertex -17.2697 62.7059 4.74
      vertex -17.2708 62.7059 4.74
    endloop
  endfacet
  facet normal 0 0 -1
    outer loop
      vertex -17.2697 62.7059 4.74
      vertex -17.2721 62.7158 4.74
      vertex -16.75 62.75 4.74
    endloop
  endfacet
  facet normal 0 0 -1
    outer loop
      vertex -17.7816 62.6043 4.74
      vertex -17.2721 62.7158 4.74
      vertex -17.2708 62.7059 4.74
    endloop
  endfacet
  facet normal 0 0 -1
    outer loop
      vertex -17.7853 62.6137 4.74
      vertex -17.7816 62.6043 4.74
      vertex -17.7827 62.604 4.74
    endloop
  endfacet
  facet normal 0 0 -1
    outer loop
      vertex -17.7816 62.6043 4.74
      vertex -17.7853 62.6137 4.74
      vertex -17.2721 62.7158 4.74
    endloop
  endfacet
  facet normal 0 0 -1
    outer loop
      vertex -17.7838 62.6037 4.74
      vertex -17.7853 62.6137 4.74
      vertex -17.7827 62.604 4.74
    endloop
  endfacet
  facet normal 0 0 -1
    outer loop
      vertex -18.2807 62.4455 4.74
      vertex -17.7838 62.6037 4.74
      vertex -18.2769 62.4363 4.74
    endloop
  endfacet
  facet normal -0 0 -1
    outer loop
      vertex -17.7838 62.6037 4.74
      vertex -18.2807 62.4455 4.74
      vertex -17.7853 62.6137 4.74
    endloop
  endfacet
  facet normal 0 0 -1
    outer loop
      vertex -18.744 62.2059 4.74
      vertex -18.2807 62.4455 4.74
      vertex -18.2769 62.4363 4.74
    endloop
  endfacet
  facet normal 0 0 -1
    outer loop
      vertex -18.75 62.2141 4.74
      vertex -18.744 62.2059 4.74
      vertex -18.745 62.2054 4.74
    endloop
  endfacet
  facet normal 0 0 -1
    outer loop
      vertex -18.744 62.2059 4.74
      vertex -18.75 62.2141 4.74
      vertex -18.2807 62.4455 4.74
    endloop
  endfacet
  facet normal 0 0 -1
    outer loop
      vertex -19.178 61.9161 4.74
      vertex -18.75 62.2141 4.74
      vertex -18.745 62.2054 4.74
    endloop
  endfacet
  facet normal 0 0 -1
    outer loop
      vertex -19.185 61.9234 4.74
      vertex -19.178 61.9161 4.74
      vertex -19.179 61.9155 4.74
    endloop
  endfacet
  facet normal 0 0 -1
    outer loop
      vertex -19.178 61.9161 4.74
      vertex -19.185 61.9234 4.74
      vertex -18.75 62.2141 4.74
    endloop
  endfacet
  facet normal 0 0 -1
    outer loop
      vertex -19.1798 61.9147 4.74
      vertex -19.185 61.9234 4.74
      vertex -19.179 61.9155 4.74
    endloop
  endfacet
  facet normal 0 0 -1
    outer loop
      vertex -19.5784 61.5784 4.74
      vertex -19.1798 61.9147 4.74
      vertex -19.5714 61.5714 4.74
    endloop
  endfacet
  facet normal -0 0 -1
    outer loop
      vertex -19.1798 61.9147 4.74
      vertex -19.5784 61.5784 4.74
      vertex -19.185 61.9234 4.74
    endloop
  endfacet
  facet normal 0 0 -1
    outer loop
      vertex -19.9147 61.1798 4.74
      vertex -19.5784 61.5784 4.74
      vertex -19.5714 61.5714 4.74
    endloop
  endfacet
  facet normal 0 0 -1
    outer loop
      vertex -19.9234 61.185 4.74
      vertex -19.9147 61.1798 4.74
      vertex -19.9155 61.179 4.74
    endloop
  endfacet
  facet normal 0 0 -1
    outer loop
      vertex -19.9147 61.1798 4.74
      vertex -19.9234 61.185 4.74
      vertex -19.5784 61.5784 4.74
    endloop
  endfacet
  facet normal 0 0 -1
    outer loop
      vertex -19.9161 61.178 4.74
      vertex -19.9234 61.185 4.74
      vertex -19.9155 61.179 4.74
    endloop
  endfacet
  facet normal 0 0 -1
    outer loop
      vertex -20.2141 60.75 4.74
      vertex -19.9161 61.178 4.74
      vertex -20.2054 60.745 4.74
    endloop
  endfacet
  facet normal -0 0 -1
    outer loop
      vertex -19.9161 61.178 4.74
      vertex -20.2141 60.75 4.74
      vertex -19.9234 61.185 4.74
    endloop
  endfacet
  facet normal 0 0 -1
    outer loop
      vertex -20.2059 60.744 4.74
      vertex -20.2141 60.75 4.74
      vertex -20.2054 60.745 4.74
    endloop
  endfacet
  facet normal 0 0 -1
    outer loop
      vertex -20.4455 60.2807 4.74
      vertex -20.2059 60.744 4.74
      vertex -20.4363 60.2769 4.74
    endloop
  endfacet
  facet normal -0 0 -1
    outer loop
      vertex -20.2059 60.744 4.74
      vertex -20.4455 60.2807 4.74
      vertex -20.2141 60.75 4.74
    endloop
  endfacet
  facet normal 0 0 -1
    outer loop
      vertex -20.6037 59.7838 4.74
      vertex -20.4455 60.2807 4.74
      vertex -20.4363 60.2769 4.74
    endloop
  endfacet
  facet normal 0 0 -1
    outer loop
      vertex -20.6137 59.7853 4.74
      vertex -20.6037 59.7838 4.74
      vertex -20.604 59.7827 4.74
    endloop
  endfacet
  facet normal 0 0 -1
    outer loop
      vertex -20.6037 59.7838 4.74
      vertex -20.6137 59.7853 4.74
      vertex -20.4455 60.2807 4.74
    endloop
  endfacet
  facet normal 0 0 -1
    outer loop
      vertex -20.6043 59.7816 4.74
      vertex -20.6137 59.7853 4.74
      vertex -20.604 59.7827 4.74
    endloop
  endfacet
  facet normal 0 0 -1
    outer loop
      vertex -20.7158 59.2721 4.74
      vertex -20.6043 59.7816 4.74
      vertex -20.7059 59.2708 4.74
    endloop
  endfacet
  facet normal -0 0 -1
    outer loop
      vertex -20.6043 59.7816 4.74
      vertex -20.7158 59.2721 4.74
      vertex -20.6137 59.7853 4.74
    endloop
  endfacet
  facet normal 0 0 -1
    outer loop
      vertex -20.7059 59.2697 4.74
      vertex -20.7158 59.2721 4.74
      vertex -20.7059 59.2708 4.74
    endloop
  endfacet
  facet normal 0 0 -1
    outer loop
      vertex -20.75 58.75 4.74
      vertex -20.7059 59.2697 4.74
      vertex -20.74 58.75 4.74
    endloop
  endfacet
  facet normal -0 0 -1
    outer loop
      vertex -20.7059 59.2697 4.74
      vertex -20.75 58.75 4.74
      vertex -20.7158 59.2721 4.74
    endloop
  endfacet
  facet normal 0 0 -1
    outer loop
      vertex -20.74 25.25 4.74
      vertex -20.75 58.75 4.74
      vertex -20.74 58.75 4.74
    endloop
  endfacet
  facet normal 0 0 1
    outer loop
      vertex 19.55 58.75 34.14
      vertex 20.75 58.75 34.14
      vertex 20.7158 59.2721 34.14
    endloop
  endfacet
  facet normal 0 0 1
    outer loop
      vertex 20.75 58.75 34.14
      vertex 19.55 58.75 34.14
      vertex 20.75 -58.75 34.14
    endloop
  endfacet
  facet normal 0 0 1
    outer loop
      vertex 19.526 59.1155 34.14
      vertex 20.7158 59.2721 34.14
      vertex 20.6137 59.7853 34.14
    endloop
  endfacet
  facet normal 0 0 1
    outer loop
      vertex 19.55 -58.75 34.14
      vertex 20.75 -58.75 34.14
      vertex 19.55 58.75 34.14
    endloop
  endfacet
  facet normal 0 0 1
    outer loop
      vertex 19.4546 59.4747 34.14
      vertex 20.6137 59.7853 34.14
      vertex 20.4455 60.2807 34.14
    endloop
  endfacet
  facet normal 0 0 1
    outer loop
      vertex 20.75 -58.75 34.14
      vertex 19.55 -58.75 34.14
      vertex 20.7158 -59.2721 34.14
    endloop
  endfacet
  facet normal 0 0 1
    outer loop
      vertex 19.3369 59.8215 34.14
      vertex 20.4455 60.2807 34.14
      vertex 20.2141 60.75 34.14
    endloop
  endfacet
  facet normal -0 0 1
    outer loop
      vertex 19.526 -59.1155 34.14
      vertex 20.7158 -59.2721 34.14
      vertex 19.55 -58.75 34.14
    endloop
  endfacet
  facet normal 0 0 1
    outer loop
      vertex 19.1749 60.15 34.14
      vertex 20.2141 60.75 34.14
      vertex 19.9234 61.185 34.14
    endloop
  endfacet
  facet normal 0 0 1
    outer loop
      vertex 20.7158 -59.2721 34.14
      vertex 19.526 -59.1155 34.14
      vertex 20.6137 -59.7853 34.14
    endloop
  endfacet
  facet normal 0 0 1
    outer loop
      vertex 18.9714 60.4545 34.14
      vertex 19.9234 61.185 34.14
      vertex 19.5784 61.5784 34.14
    endloop
  endfacet
  facet normal -0 0 1
    outer loop
      vertex 19.4546 -59.4747 34.14
      vertex 20.6137 -59.7853 34.14
      vertex 19.526 -59.1155 34.14
    endloop
  endfacet
  facet normal 0 0 1
    outer loop
      vertex 20.6137 -59.7853 34.14
      vertex 19.4546 -59.4747 34.14
      vertex 20.4455 -60.2807 34.14
    endloop
  endfacet
  facet normal 0 0 1
    outer loop
      vertex 20.7158 59.2721 34.14
      vertex 19.526 59.1155 34.14
      vertex 19.55 58.75 34.14
    endloop
  endfacet
  facet normal 0 0 1
    outer loop
      vertex 20.6137 59.7853 34.14
      vertex 19.4546 59.4747 34.14
      vertex 19.526 59.1155 34.14
    endloop
  endfacet
  facet normal 0 0 1
    outer loop
      vertex 20.4455 60.2807 34.14
      vertex 19.3369 59.8215 34.14
      vertex 19.4546 59.4747 34.14
    endloop
  endfacet
  facet normal 0 0 1
    outer loop
      vertex 18.7299 60.7299 34.14
      vertex 19.5784 61.5784 34.14
      vertex 19.185 61.9234 34.14
    endloop
  endfacet
  facet normal 0 0 1
    outer loop
      vertex 20.2141 60.75 34.14
      vertex 19.1749 60.15 34.14
      vertex 19.3369 59.8215 34.14
    endloop
  endfacet
  facet normal 0 0 1
    outer loop
      vertex 19.9234 61.185 34.14
      vertex 18.9714 60.4545 34.14
      vertex 19.1749 60.15 34.14
    endloop
  endfacet
  facet normal 0 0 1
    outer loop
      vertex 18.4545 60.9714 34.14
      vertex 19.185 61.9234 34.14
      vertex 18.75 62.2141 34.14
    endloop
  endfacet
  facet normal 0 0 1
    outer loop
      vertex 19.5784 61.5784 34.14
      vertex 18.7299 60.7299 34.14
      vertex 18.9714 60.4545 34.14
    endloop
  endfacet
  facet normal 0 0 1
    outer loop
      vertex 19.185 61.9234 34.14
      vertex 18.4545 60.9714 34.14
      vertex 18.7299 60.7299 34.14
    endloop
  endfacet
  facet normal 0 0 1
    outer loop
      vertex 18.15 61.1749 34.14
      vertex 18.75 62.2141 34.14
      vertex 18.2807 62.4455 34.14
    endloop
  endfacet
  facet normal 0 0 1
    outer loop
      vertex 18.75 62.2141 34.14
      vertex 18.15 61.1749 34.14
      vertex 18.4545 60.9714 34.14
    endloop
  endfacet
  facet normal 0 0 1
    outer loop
      vertex 18.2807 62.4455 34.14
      vertex 17.8215 61.3369 34.14
      vertex 18.15 61.1749 34.14
    endloop
  endfacet
  facet normal 0 0 1
    outer loop
      vertex 17.7853 62.6137 34.14
      vertex 17.8215 61.3369 34.14
      vertex 18.2807 62.4455 34.14
    endloop
  endfacet
  facet normal 0 0 1
    outer loop
      vertex 17.7853 62.6137 34.14
      vertex 17.4747 61.4546 34.14
      vertex 17.8215 61.3369 34.14
    endloop
  endfacet
  facet normal 0 0 1
    outer loop
      vertex 17.2721 62.7158 34.14
      vertex 17.4747 61.4546 34.14
      vertex 17.7853 62.6137 34.14
    endloop
  endfacet
  facet normal 0 0 1
    outer loop
      vertex 17.2721 62.7158 34.14
      vertex 17.1155 61.526 34.14
      vertex 17.4747 61.4546 34.14
    endloop
  endfacet
  facet normal 0 0 1
    outer loop
      vertex 16.75 62.75 34.14
      vertex 17.1155 61.526 34.14
      vertex 17.2721 62.7158 34.14
    endloop
  endfacet
  facet normal 0 0 1
    outer loop
      vertex 16.75 62.75 34.14
      vertex 16.75 61.55 34.14
      vertex 17.1155 61.526 34.14
    endloop
  endfacet
  facet normal -0 0 1
    outer loop
      vertex -16.75 62.75 34.14
      vertex 16.75 61.55 34.14
      vertex 16.75 62.75 34.14
    endloop
  endfacet
  facet normal 0 0 1
    outer loop
      vertex -16.75 62.75 34.14
      vertex -16.75 61.55 34.14
      vertex 16.75 61.55 34.14
    endloop
  endfacet
  facet normal 0 0 1
    outer loop
      vertex -16.75 62.75 34.14
      vertex -17.1155 61.526 34.14
      vertex -16.75 61.55 34.14
    endloop
  endfacet
  facet normal -0 0 1
    outer loop
      vertex -17.2721 62.7158 34.14
      vertex -17.1155 61.526 34.14
      vertex -16.75 62.75 34.14
    endloop
  endfacet
  facet normal 0 0 1
    outer loop
      vertex -17.2721 62.7158 34.14
      vertex -17.4747 61.4546 34.14
      vertex -17.1155 61.526 34.14
    endloop
  endfacet
  facet normal -0 0 1
    outer loop
      vertex -17.7853 62.6137 34.14
      vertex -17.4747 61.4546 34.14
      vertex -17.2721 62.7158 34.14
    endloop
  endfacet
  facet normal 0 0 1
    outer loop
      vertex -17.7853 62.6137 34.14
      vertex -17.8215 61.3369 34.14
      vertex -17.4747 61.4546 34.14
    endloop
  endfacet
  facet normal -0 0 1
    outer loop
      vertex -18.2807 62.4455 34.14
      vertex -17.8215 61.3369 34.14
      vertex -17.7853 62.6137 34.14
    endloop
  endfacet
  facet normal 0 0 1
    outer loop
      vertex -17.8215 61.3369 34.14
      vertex -18.2807 62.4455 34.14
      vertex -18.15 61.1749 34.14
    endloop
  endfacet
  facet normal -0 0 1
    outer loop
      vertex -18.75 62.2141 34.14
      vertex -18.15 61.1749 34.14
      vertex -18.2807 62.4455 34.14
    endloop
  endfacet
  facet normal 0 0 1
    outer loop
      vertex -18.15 61.1749 34.14
      vertex -18.75 62.2141 34.14
      vertex -18.4545 60.9714 34.14
    endloop
  endfacet
  facet normal -0 0 1
    outer loop
      vertex -19.185 61.9234 34.14
      vertex -18.4545 60.9714 34.14
      vertex -18.75 62.2141 34.14
    endloop
  endfacet
  facet normal 0 0 1
    outer loop
      vertex -18.4545 60.9714 34.14
      vertex -19.185 61.9234 34.14
      vertex -18.7299 60.7299 34.14
    endloop
  endfacet
  facet normal -0 0 1
    outer loop
      vertex -19.5784 61.5784 34.14
      vertex -18.7299 60.7299 34.14
      vertex -19.185 61.9234 34.14
    endloop
  endfacet
  facet normal 0 0 1
    outer loop
      vertex -18.7299 60.7299 34.14
      vertex -19.5784 61.5784 34.14
      vertex -18.9714 60.4545 34.14
    endloop
  endfacet
  facet normal -0 0 1
    outer loop
      vertex -19.9234 61.185 34.14
      vertex -18.9714 60.4545 34.14
      vertex -19.5784 61.5784 34.14
    endloop
  endfacet
  facet normal 0 0 1
    outer loop
      vertex -18.9714 60.4545 34.14
      vertex -19.9234 61.185 34.14
      vertex -19.1749 60.15 34.14
    endloop
  endfacet
  facet normal -0 0 1
    outer loop
      vertex -20.2141 60.75 34.14
      vertex -19.1749 60.15 34.14
      vertex -19.9234 61.185 34.14
    endloop
  endfacet
  facet normal 0 0 1
    outer loop
      vertex -19.3369 59.8215 34.14
      vertex -20.4455 60.2807 34.14
      vertex -19.4546 59.4747 34.14
    endloop
  endfacet
  facet normal -0 0 1
    outer loop
      vertex -20.4455 60.2807 34.14
      vertex -19.3369 59.8215 34.14
      vertex -20.2141 60.75 34.14
    endloop
  endfacet
  facet normal 0 0 1
    outer loop
      vertex -19.1749 60.15 34.14
      vertex -20.2141 60.75 34.14
      vertex -19.3369 59.8215 34.14
    endloop
  endfacet
  facet normal -0 0 1
    outer loop
      vertex 19.3369 -59.8215 34.14
      vertex 20.4455 -60.2807 34.14
      vertex 19.4546 -59.4747 34.14
    endloop
  endfacet
  facet normal 0 0 1
    outer loop
      vertex 20.4455 -60.2807 34.14
      vertex 19.3369 -59.8215 34.14
      vertex 20.2141 -60.75 34.14
    endloop
  endfacet
  facet normal -0 0 1
    outer loop
      vertex 19.1749 -60.15 34.14
      vertex 20.2141 -60.75 34.14
      vertex 19.3369 -59.8215 34.14
    endloop
  endfacet
  facet normal 0 0 1
    outer loop
      vertex 20.2141 -60.75 34.14
      vertex 19.1749 -60.15 34.14
      vertex 19.9234 -61.185 34.14
    endloop
  endfacet
  facet normal -0 0 1
    outer loop
      vertex 18.9714 -60.4545 34.14
      vertex 19.9234 -61.185 34.14
      vertex 19.1749 -60.15 34.14
    endloop
  endfacet
  facet normal 0 0 1
    outer loop
      vertex 19.9234 -61.185 34.14
      vertex 18.9714 -60.4545 34.14
      vertex 19.5784 -61.5784 34.14
    endloop
  endfacet
  facet normal -0 0 1
    outer loop
      vertex 18.7299 -60.7299 34.14
      vertex 19.5784 -61.5784 34.14
      vertex 18.9714 -60.4545 34.14
    endloop
  endfacet
  facet normal 0 0 1
    outer loop
      vertex 19.5784 -61.5784 34.14
      vertex 18.7299 -60.7299 34.14
      vertex 19.185 -61.9234 34.14
    endloop
  endfacet
  facet normal -0 0 1
    outer loop
      vertex 18.4545 -60.9714 34.14
      vertex 19.185 -61.9234 34.14
      vertex 18.7299 -60.7299 34.14
    endloop
  endfacet
  facet normal 0 0 1
    outer loop
      vertex 19.185 -61.9234 34.14
      vertex 18.4545 -60.9714 34.14
      vertex 18.75 -62.2141 34.14
    endloop
  endfacet
  facet normal -0 0 1
    outer loop
      vertex 18.15 -61.1749 34.14
      vertex 18.75 -62.2141 34.14
      vertex 18.4545 -60.9714 34.14
    endloop
  endfacet
  facet normal 0 0 1
    outer loop
      vertex 18.75 -62.2141 34.14
      vertex 18.15 -61.1749 34.14
      vertex 18.2807 -62.4455 34.14
    endloop
  endfacet
  facet normal -0 0 1
    outer loop
      vertex 17.8215 -61.3369 34.14
      vertex 18.2807 -62.4455 34.14
      vertex 18.15 -61.1749 34.14
    endloop
  endfacet
  facet normal 0 0 1
    outer loop
      vertex 17.8215 -61.3369 34.14
      vertex 17.7853 -62.6137 34.14
      vertex 18.2807 -62.4455 34.14
    endloop
  endfacet
  facet normal -0 0 1
    outer loop
      vertex 17.4747 -61.4546 34.14
      vertex 17.7853 -62.6137 34.14
      vertex 17.8215 -61.3369 34.14
    endloop
  endfacet
  facet normal 0 0 1
    outer loop
      vertex 17.4747 -61.4546 34.14
      vertex 17.2721 -62.7158 34.14
      vertex 17.7853 -62.6137 34.14
    endloop
  endfacet
  facet normal -0 0 1
    outer loop
      vertex 17.1155 -61.526 34.14
      vertex 17.2721 -62.7158 34.14
      vertex 17.4747 -61.4546 34.14
    endloop
  endfacet
  facet normal -0 0 1
    outer loop
      vertex 16.75 -61.55 34.14
      vertex 17.2721 -62.7158 34.14
      vertex 17.1155 -61.526 34.14
    endloop
  endfacet
  facet normal 0 0 1
    outer loop
      vertex 16.75 -61.55 34.14
      vertex 16.75 -62.75 34.14
      vertex 17.2721 -62.7158 34.14
    endloop
  endfacet
  facet normal -0 0 1
    outer loop
      vertex -16.75 -61.55 34.14
      vertex 16.75 -62.75 34.14
      vertex 16.75 -61.55 34.14
    endloop
  endfacet
  facet normal 0 0 1
    outer loop
      vertex -16.75 -61.55 34.14
      vertex -16.75 -62.75 34.14
      vertex 16.75 -62.75 34.14
    endloop
  endfacet
  facet normal 0 0 1
    outer loop
      vertex -17.1155 -61.526 34.14
      vertex -16.75 -62.75 34.14
      vertex -16.75 -61.55 34.14
    endloop
  endfacet
  facet normal 0 0 1
    outer loop
      vertex -17.1155 -61.526 34.14
      vertex -17.2721 -62.7158 34.14
      vertex -16.75 -62.75 34.14
    endloop
  endfacet
  facet normal 0 0 1
    outer loop
      vertex -17.4747 -61.4546 34.14
      vertex -17.2721 -62.7158 34.14
      vertex -17.1155 -61.526 34.14
    endloop
  endfacet
  facet normal 0 0 1
    outer loop
      vertex -17.4747 -61.4546 34.14
      vertex -17.7853 -62.6137 34.14
      vertex -17.2721 -62.7158 34.14
    endloop
  endfacet
  facet normal 0 0 1
    outer loop
      vertex -17.8215 -61.3369 34.14
      vertex -17.7853 -62.6137 34.14
      vertex -17.4747 -61.4546 34.14
    endloop
  endfacet
  facet normal 0 0 1
    outer loop
      vertex -18.2807 -62.4455 34.14
      vertex -17.8215 -61.3369 34.14
      vertex -18.15 -61.1749 34.14
    endloop
  endfacet
  facet normal 0 0 1
    outer loop
      vertex -17.8215 -61.3369 34.14
      vertex -18.2807 -62.4455 34.14
      vertex -17.7853 -62.6137 34.14
    endloop
  endfacet
  facet normal 0 0 1
    outer loop
      vertex -18.75 -62.2141 34.14
      vertex -18.15 -61.1749 34.14
      vertex -18.4545 -60.9714 34.14
    endloop
  endfacet
  facet normal 0 0 1
    outer loop
      vertex -19.185 -61.9234 34.14
      vertex -18.4545 -60.9714 34.14
      vertex -18.7299 -60.7299 34.14
    endloop
  endfacet
  facet normal 0 0 1
    outer loop
      vertex -18.15 -61.1749 34.14
      vertex -18.75 -62.2141 34.14
      vertex -18.2807 -62.4455 34.14
    endloop
  endfacet
  facet normal 0 0 1
    outer loop
      vertex -19.5784 -61.5784 34.14
      vertex -18.7299 -60.7299 34.14
      vertex -18.9714 -60.4545 34.14
    endloop
  endfacet
  facet normal 0 0 1
    outer loop
      vertex -19.9234 -61.185 34.14
      vertex -18.9714 -60.4545 34.14
      vertex -19.1749 -60.15 34.14
    endloop
  endfacet
  facet normal 0 0 1
    outer loop
      vertex -18.4545 -60.9714 34.14
      vertex -19.185 -61.9234 34.14
      vertex -18.75 -62.2141 34.14
    endloop
  endfacet
  facet normal 0 0 1
    outer loop
      vertex -20.2141 -60.75 34.14
      vertex -19.1749 -60.15 34.14
      vertex -19.3369 -59.8215 34.14
    endloop
  endfacet
  facet normal 0 0 1
    outer loop
      vertex -20.4455 -60.2807 34.14
      vertex -19.3369 -59.8215 34.14
      vertex -19.4546 -59.4747 34.14
    endloop
  endfacet
  facet normal 0 0 1
    outer loop
      vertex -20.6137 -59.7853 34.14
      vertex -19.4546 -59.4747 34.14
      vertex -19.526 -59.1155 34.14
    endloop
  endfacet
  facet normal 0 0 1
    outer loop
      vertex -18.7299 -60.7299 34.14
      vertex -19.5784 -61.5784 34.14
      vertex -19.185 -61.9234 34.14
    endloop
  endfacet
  facet normal 0 0 1
    outer loop
      vertex -20.7158 -59.2721 34.14
      vertex -19.526 -59.1155 34.14
      vertex -19.55 -58.75 34.14
    endloop
  endfacet
  facet normal 0 0 1
    outer loop
      vertex -19.55 58.75 34.14
      vertex -20.75 58.75 34.14
      vertex -19.55 -58.75 34.14
    endloop
  endfacet
  facet normal -0 0 1
    outer loop
      vertex -20.6137 59.7853 34.14
      vertex -19.4546 59.4747 34.14
      vertex -20.4455 60.2807 34.14
    endloop
  endfacet
  facet normal 0 0 1
    outer loop
      vertex -20.75 -58.75 34.14
      vertex -19.55 -58.75 34.14
      vertex -20.75 58.75 34.14
    endloop
  endfacet
  facet normal 0 0 1
    outer loop
      vertex -19.4546 59.4747 34.14
      vertex -20.6137 59.7853 34.14
      vertex -19.526 59.1155 34.14
    endloop
  endfacet
  facet normal 0 -0 1
    outer loop
      vertex -20.7158 -59.2721 34.14
      vertex -19.55 -58.75 34.14
      vertex -20.75 -58.75 34.14
    endloop
  endfacet
  facet normal -0 0 1
    outer loop
      vertex -20.7158 59.2721 34.14
      vertex -19.526 59.1155 34.14
      vertex -20.6137 59.7853 34.14
    endloop
  endfacet
  facet normal 0 0 1
    outer loop
      vertex -18.9714 -60.4545 34.14
      vertex -19.9234 -61.185 34.14
      vertex -19.5784 -61.5784 34.14
    endloop
  endfacet
  facet normal 0 0 1
    outer loop
      vertex -19.526 59.1155 34.14
      vertex -20.7158 59.2721 34.14
      vertex -19.55 58.75 34.14
    endloop
  endfacet
  facet normal 0 0 1
    outer loop
      vertex -19.1749 -60.15 34.14
      vertex -20.2141 -60.75 34.14
      vertex -19.9234 -61.185 34.14
    endloop
  endfacet
  facet normal 0 0 1
    outer loop
      vertex -19.55 58.75 34.14
      vertex -20.7158 59.2721 34.14
      vertex -20.75 58.75 34.14
    endloop
  endfacet
  facet normal 0 0 1
    outer loop
      vertex -19.3369 -59.8215 34.14
      vertex -20.4455 -60.2807 34.14
      vertex -20.2141 -60.75 34.14
    endloop
  endfacet
  facet normal 0 0 1
    outer loop
      vertex -19.4546 -59.4747 34.14
      vertex -20.6137 -59.7853 34.14
      vertex -20.4455 -60.2807 34.14
    endloop
  endfacet
  facet normal 0 0 1
    outer loop
      vertex -19.526 -59.1155 34.14
      vertex -20.7158 -59.2721 34.14
      vertex -20.6137 -59.7853 34.14
    endloop
  endfacet
  facet normal 0.751866 -0.659316 0
    outer loop
      vertex -18.9714 60.4545 34.14
      vertex -18.7299 60.7299 6.16
      vertex -18.7299 60.7299 34.14
    endloop
  endfacet
  facet normal 0.751866 -0.659316 0
    outer loop
      vertex -18.7299 60.7299 6.16
      vertex -18.9714 60.4545 34.14
      vertex -18.9714 60.4545 6.16
    endloop
  endfacet
  facet normal -0.442292 0.896871 0
    outer loop
      vertex 18.15 -61.1749 6.16
      vertex 17.8215 -61.3369 28.15
      vertex 18.15 -61.1749 28.15
    endloop
  endfacet
  facet normal -0.442292 0.896871 0
    outer loop
      vertex 17.8215 -61.3369 28.15
      vertex 18.15 -61.1749 6.16
      vertex 17.8215 -61.3369 6.16
    endloop
  endfacet
  facet normal -0.442292 0.896871 0
    outer loop
      vertex 18.15 -61.1749 29.35
      vertex 17.8215 -61.3369 34.14
      vertex 18.15 -61.1749 34.14
    endloop
  endfacet
  facet normal -0.442292 0.896871 0
    outer loop
      vertex 17.8215 -61.3369 34.14
      vertex 18.15 -61.1749 29.35
      vertex 17.8215 -61.3369 29.35
    endloop
  endfacet
  facet normal -0.321384 0.946949 0
    outer loop
      vertex 17.8215 -61.3369 6.16
      vertex 17.4747 -61.4546 28.15
      vertex 17.8215 -61.3369 28.15
    endloop
  endfacet
  facet normal -0.321384 0.946949 0
    outer loop
      vertex 17.4747 -61.4546 28.15
      vertex 17.8215 -61.3369 6.16
      vertex 17.4747 -61.4546 6.16
    endloop
  endfacet
  facet normal -0.321384 0.946949 0
    outer loop
      vertex 17.8215 -61.3369 29.35
      vertex 17.4747 -61.4546 34.14
      vertex 17.8215 -61.3369 34.14
    endloop
  endfacet
  facet normal -0.321384 0.946949 0
    outer loop
      vertex 17.4747 -61.4546 34.14
      vertex 17.8215 -61.3369 29.35
      vertex 17.4747 -61.4546 29.35
    endloop
  endfacet
  facet normal 1 -0 0
    outer loop
      vertex -19.55 -58.75 34.14
      vertex -19.55 58.75 6.16
      vertex -19.55 58.75 34.14
    endloop
  endfacet
  facet normal 1 0 0
    outer loop
      vertex -19.55 58.75 6.16
      vertex -19.55 -58.75 34.14
      vertex -19.55 -58.75 6.16
    endloop
  endfacet
  facet normal 0 1 -0
    outer loop
      vertex 16.75 -61.55 6.16
      vertex -16.75 -61.55 28.15
      vertex 16.75 -61.55 28.15
    endloop
  endfacet
  facet normal 0 1 0
    outer loop
      vertex -16.75 -61.55 28.15
      vertex 16.75 -61.55 6.16
      vertex -16.75 -61.55 6.16
    endloop
  endfacet
  facet normal 0 1 -0
    outer loop
      vertex 16.75 -61.55 29.35
      vertex -16.75 -61.55 34.14
      vertex 16.75 -61.55 34.14
    endloop
  endfacet
  facet normal 0 1 0
    outer loop
      vertex -16.75 -61.55 34.14
      vertex 16.75 -61.55 29.35
      vertex -16.75 -61.55 29.35
    endloop
  endfacet
  facet normal 0.194961 -0.980811 0
    outer loop
      vertex -17.4747 61.4546 6.16
      vertex -17.1155 61.526 34.14
      vertex -17.4747 61.4546 34.14
    endloop
  endfacet
  facet normal 0.194961 -0.980811 0
    outer loop
      vertex -17.1155 61.526 34.14
      vertex -17.4747 61.4546 6.16
      vertex -17.1155 61.526 6.16
    endloop
  endfacet
  facet normal -0.194961 0.980811 0
    outer loop
      vertex 17.4747 -61.4546 6.16
      vertex 17.1155 -61.526 28.15
      vertex 17.4747 -61.4546 28.15
    endloop
  endfacet
  facet normal -0.194961 0.980811 0
    outer loop
      vertex 17.1155 -61.526 28.15
      vertex 17.4747 -61.4546 6.16
      vertex 17.1155 -61.526 6.16
    endloop
  endfacet
  facet normal -0.194961 0.980811 0
    outer loop
      vertex 17.4747 -61.4546 29.35
      vertex 17.1155 -61.526 34.14
      vertex 17.4747 -61.4546 34.14
    endloop
  endfacet
  facet normal -0.194961 0.980811 0
    outer loop
      vertex 17.1155 -61.526 34.14
      vertex 17.4747 -61.4546 29.35
      vertex 17.1155 -61.526 29.35
    endloop
  endfacet
  facet normal -0.997851 -0.0655224 0
    outer loop
      vertex 19.55 58.75 6.16
      vertex 19.526 59.1155 34.14
      vertex 19.526 59.1155 6.16
    endloop
  endfacet
  facet normal -0.997851 -0.0655224 0
    outer loop
      vertex 19.526 59.1155 34.14
      vertex 19.55 58.75 6.16
      vertex 19.55 58.75 34.14
    endloop
  endfacet
  facet normal 0.896871 0.442292 0
    outer loop
      vertex -19.1749 -60.15 28.15
      vertex -19.3369 -59.8215 6.16
      vertex -19.3369 -59.8215 28.15
    endloop
  endfacet
  facet normal 0.896871 0.442292 0
    outer loop
      vertex -19.3369 -59.8215 6.16
      vertex -19.1749 -60.15 28.15
      vertex -19.1749 -60.15 6.16
    endloop
  endfacet
  facet normal 0.896871 0.442292 0
    outer loop
      vertex -19.1749 -60.15 34.14
      vertex -19.3369 -59.8215 29.35
      vertex -19.3369 -59.8215 34.14
    endloop
  endfacet
  facet normal 0.896871 0.442292 0
    outer loop
      vertex -19.3369 -59.8215 29.35
      vertex -19.1749 -60.15 34.14
      vertex -19.1749 -60.15 29.35
    endloop
  endfacet
  facet normal 0.997851 -0.0655224 0
    outer loop
      vertex -19.55 58.75 34.14
      vertex -19.526 59.1155 6.16
      vertex -19.526 59.1155 34.14
    endloop
  endfacet
  facet normal 0.997851 -0.0655224 0
    outer loop
      vertex -19.526 59.1155 6.16
      vertex -19.55 58.75 34.14
      vertex -19.55 58.75 6.16
    endloop
  endfacet
  facet normal -0.946949 0.321384 0
    outer loop
      vertex 19.3369 -59.8215 6.16
      vertex 19.4546 -59.4747 28.15
      vertex 19.4546 -59.4747 6.16
    endloop
  endfacet
  facet normal -0.946949 0.321384 0
    outer loop
      vertex 19.4546 -59.4747 28.15
      vertex 19.3369 -59.8215 6.16
      vertex 19.3369 -59.8215 28.15
    endloop
  endfacet
  facet normal -0.946949 0.321384 0
    outer loop
      vertex 19.3369 -59.8215 29.35
      vertex 19.4546 -59.4747 34.14
      vertex 19.4546 -59.4747 29.35
    endloop
  endfacet
  facet normal -0.946949 0.321384 0
    outer loop
      vertex 19.4546 -59.4747 34.14
      vertex 19.3369 -59.8215 29.35
      vertex 19.3369 -59.8215 34.14
    endloop
  endfacet
  facet normal 0.751866 0.659316 0
    outer loop
      vertex -18.7299 -60.7299 28.15
      vertex -18.9714 -60.4545 6.16
      vertex -18.9714 -60.4545 28.15
    endloop
  endfacet
  facet normal 0.751866 0.659316 0
    outer loop
      vertex -18.9714 -60.4545 6.16
      vertex -18.7299 -60.7299 28.15
      vertex -18.7299 -60.7299 6.16
    endloop
  endfacet
  facet normal 0.751866 0.659316 0
    outer loop
      vertex -18.7299 -60.7299 34.14
      vertex -18.9714 -60.4545 29.35
      vertex -18.9714 -60.4545 34.14
    endloop
  endfacet
  facet normal 0.751866 0.659316 0
    outer loop
      vertex -18.9714 -60.4545 29.35
      vertex -18.7299 -60.7299 34.14
      vertex -18.7299 -60.7299 29.35
    endloop
  endfacet
  facet normal -0.0655224 0.997851 0
    outer loop
      vertex 17.1155 -61.526 6.16
      vertex 16.75 -61.55 28.15
      vertex 17.1155 -61.526 28.15
    endloop
  endfacet
  facet normal -0.0655224 0.997851 0
    outer loop
      vertex 16.75 -61.55 28.15
      vertex 17.1155 -61.526 6.16
      vertex 16.75 -61.55 6.16
    endloop
  endfacet
  facet normal -0.0655224 0.997851 0
    outer loop
      vertex 17.1155 -61.526 29.35
      vertex 16.75 -61.55 34.14
      vertex 17.1155 -61.526 34.14
    endloop
  endfacet
  facet normal -0.0655224 0.997851 0
    outer loop
      vertex 16.75 -61.55 34.14
      vertex 17.1155 -61.526 29.35
      vertex 16.75 -61.55 29.35
    endloop
  endfacet
  facet normal 0.0655224 -0.997851 0
    outer loop
      vertex -17.1155 61.526 6.16
      vertex -16.75 61.55 34.14
      vertex -17.1155 61.526 34.14
    endloop
  endfacet
  facet normal 0.0655224 -0.997851 0
    outer loop
      vertex -16.75 61.55 34.14
      vertex -17.1155 61.526 6.16
      vertex -16.75 61.55 6.16
    endloop
  endfacet
  facet normal -1 0 0
    outer loop
      vertex 19.55 -58.75 6.16
      vertex 19.55 58.75 34.14
      vertex 19.55 58.75 6.16
    endloop
  endfacet
  facet normal -1 -0 0
    outer loop
      vertex 19.55 58.75 34.14
      vertex 19.55 -58.75 6.16
      vertex 19.55 -58.75 34.14
    endloop
  endfacet
  facet normal 0.83142 -0.555645 0
    outer loop
      vertex -19.1749 60.15 34.14
      vertex -18.9714 60.4545 6.16
      vertex -18.9714 60.4545 34.14
    endloop
  endfacet
  facet normal 0.83142 -0.555645 0
    outer loop
      vertex -18.9714 60.4545 6.16
      vertex -19.1749 60.15 34.14
      vertex -19.1749 60.15 6.16
    endloop
  endfacet
  facet normal 0 -1 0
    outer loop
      vertex -16.75 61.55 6.16
      vertex 16.75 61.55 34.14
      vertex -16.75 61.55 34.14
    endloop
  endfacet
  facet normal 0 -1 -0
    outer loop
      vertex 16.75 61.55 34.14
      vertex -16.75 61.55 6.16
      vertex 16.75 61.55 6.16
    endloop
  endfacet
  facet normal 0.980811 -0.194961 0
    outer loop
      vertex -19.526 59.1155 34.14
      vertex -19.4546 59.4747 6.16
      vertex -19.4546 59.4747 34.14
    endloop
  endfacet
  facet normal 0.980811 -0.194961 0
    outer loop
      vertex -19.4546 59.4747 6.16
      vertex -19.526 59.1155 34.14
      vertex -19.526 59.1155 6.16
    endloop
  endfacet
  facet normal -0.896871 -0.442292 0
    outer loop
      vertex 19.3369 59.8215 6.16
      vertex 19.1749 60.15 34.14
      vertex 19.1749 60.15 6.16
    endloop
  endfacet
  facet normal -0.896871 -0.442292 0
    outer loop
      vertex 19.1749 60.15 34.14
      vertex 19.3369 59.8215 6.16
      vertex 19.3369 59.8215 34.14
    endloop
  endfacet
  facet normal -0.751866 -0.659316 0
    outer loop
      vertex 18.9714 60.4545 6.16
      vertex 18.7299 60.7299 34.14
      vertex 18.7299 60.7299 6.16
    endloop
  endfacet
  facet normal -0.751866 -0.659316 0
    outer loop
      vertex 18.7299 60.7299 34.14
      vertex 18.9714 60.4545 6.16
      vertex 18.9714 60.4545 34.14
    endloop
  endfacet
  facet normal 0.555645 -0.83142 0
    outer loop
      vertex -18.4545 60.9714 6.16
      vertex -18.15 61.1749 34.14
      vertex -18.4545 60.9714 34.14
    endloop
  endfacet
  facet normal 0.555645 -0.83142 0
    outer loop
      vertex -18.15 61.1749 34.14
      vertex -18.4545 60.9714 6.16
      vertex -18.15 61.1749 6.16
    endloop
  endfacet
  facet normal 0.0655224 0.997851 -0
    outer loop
      vertex -16.75 -61.55 6.16
      vertex -17.1155 -61.526 28.15
      vertex -16.75 -61.55 28.15
    endloop
  endfacet
  facet normal 0.0655224 0.997851 0
    outer loop
      vertex -17.1155 -61.526 28.15
      vertex -16.75 -61.55 6.16
      vertex -17.1155 -61.526 6.16
    endloop
  endfacet
  facet normal 0.0655224 0.997851 -0
    outer loop
      vertex -16.75 -61.55 29.35
      vertex -17.1155 -61.526 34.14
      vertex -16.75 -61.55 34.14
    endloop
  endfacet
  facet normal 0.0655224 0.997851 0
    outer loop
      vertex -17.1155 -61.526 34.14
      vertex -16.75 -61.55 29.35
      vertex -17.1155 -61.526 29.35
    endloop
  endfacet
  facet normal 0.442292 0.896871 -0
    outer loop
      vertex -17.8215 -61.3369 6.16
      vertex -18.15 -61.1749 28.15
      vertex -17.8215 -61.3369 28.15
    endloop
  endfacet
  facet normal 0.442292 0.896871 0
    outer loop
      vertex -18.15 -61.1749 28.15
      vertex -17.8215 -61.3369 6.16
      vertex -18.15 -61.1749 6.16
    endloop
  endfacet
  facet normal 0.442292 0.896871 -0
    outer loop
      vertex -17.8215 -61.3369 29.35
      vertex -18.15 -61.1749 34.14
      vertex -17.8215 -61.3369 34.14
    endloop
  endfacet
  facet normal 0.442292 0.896871 0
    outer loop
      vertex -18.15 -61.1749 34.14
      vertex -17.8215 -61.3369 29.35
      vertex -18.15 -61.1749 29.35
    endloop
  endfacet
  facet normal 0.321384 0.946949 -0
    outer loop
      vertex -17.4747 -61.4546 6.16
      vertex -17.8215 -61.3369 28.15
      vertex -17.4747 -61.4546 28.15
    endloop
  endfacet
  facet normal 0.321384 0.946949 0
    outer loop
      vertex -17.8215 -61.3369 28.15
      vertex -17.4747 -61.4546 6.16
      vertex -17.8215 -61.3369 6.16
    endloop
  endfacet
  facet normal 0.321384 0.946949 -0
    outer loop
      vertex -17.4747 -61.4546 29.35
      vertex -17.8215 -61.3369 34.14
      vertex -17.4747 -61.4546 34.14
    endloop
  endfacet
  facet normal 0.321384 0.946949 0
    outer loop
      vertex -17.8215 -61.3369 34.14
      vertex -17.4747 -61.4546 29.35
      vertex -17.8215 -61.3369 29.35
    endloop
  endfacet
  facet normal 0.83142 0.555645 0
    outer loop
      vertex -18.9714 -60.4545 28.15
      vertex -19.1749 -60.15 6.16
      vertex -19.1749 -60.15 28.15
    endloop
  endfacet
  facet normal 0.83142 0.555645 0
    outer loop
      vertex -19.1749 -60.15 6.16
      vertex -18.9714 -60.4545 28.15
      vertex -18.9714 -60.4545 6.16
    endloop
  endfacet
  facet normal 0.83142 0.555645 0
    outer loop
      vertex -18.9714 -60.4545 34.14
      vertex -19.1749 -60.15 29.35
      vertex -19.1749 -60.15 34.14
    endloop
  endfacet
  facet normal 0.83142 0.555645 0
    outer loop
      vertex -19.1749 -60.15 29.35
      vertex -18.9714 -60.4545 34.14
      vertex -18.9714 -60.4545 29.35
    endloop
  endfacet
  facet normal -0.980811 -0.194961 0
    outer loop
      vertex 19.526 59.1155 6.16
      vertex 19.4546 59.4747 34.14
      vertex 19.4546 59.4747 6.16
    endloop
  endfacet
  facet normal -0.980811 -0.194961 0
    outer loop
      vertex 19.4546 59.4747 34.14
      vertex 19.526 59.1155 6.16
      vertex 19.526 59.1155 34.14
    endloop
  endfacet
  facet normal -0.946949 -0.321384 0
    outer loop
      vertex 19.4546 59.4747 6.16
      vertex 19.3369 59.8215 34.14
      vertex 19.3369 59.8215 6.16
    endloop
  endfacet
  facet normal -0.946949 -0.321384 0
    outer loop
      vertex 19.3369 59.8215 34.14
      vertex 19.4546 59.4747 6.16
      vertex 19.4546 59.4747 34.14
    endloop
  endfacet
  facet normal -0.83142 -0.555645 0
    outer loop
      vertex 19.1749 60.15 6.16
      vertex 18.9714 60.4545 34.14
      vertex 18.9714 60.4545 6.16
    endloop
  endfacet
  facet normal -0.83142 -0.555645 0
    outer loop
      vertex 18.9714 60.4545 34.14
      vertex 19.1749 60.15 6.16
      vertex 19.1749 60.15 34.14
    endloop
  endfacet
  facet normal 0.442292 -0.896871 0
    outer loop
      vertex -18.15 61.1749 6.16
      vertex -17.8215 61.3369 34.14
      vertex -18.15 61.1749 34.14
    endloop
  endfacet
  facet normal 0.442292 -0.896871 0
    outer loop
      vertex -17.8215 61.3369 34.14
      vertex -18.15 61.1749 6.16
      vertex -17.8215 61.3369 6.16
    endloop
  endfacet
  facet normal 0.896871 -0.442292 0
    outer loop
      vertex -19.3369 59.8215 34.14
      vertex -19.1749 60.15 6.16
      vertex -19.1749 60.15 34.14
    endloop
  endfacet
  facet normal 0.896871 -0.442292 0
    outer loop
      vertex -19.1749 60.15 6.16
      vertex -19.3369 59.8215 34.14
      vertex -19.3369 59.8215 6.16
    endloop
  endfacet
  facet normal -0.980811 0.194961 0
    outer loop
      vertex 19.4546 -59.4747 6.16
      vertex 19.526 -59.1155 28.15
      vertex 19.526 -59.1155 6.16
    endloop
  endfacet
  facet normal -0.980811 0.194961 0
    outer loop
      vertex 19.526 -59.1155 28.15
      vertex 19.4546 -59.4747 6.16
      vertex 19.4546 -59.4747 28.15
    endloop
  endfacet
  facet normal -0.980811 0.194961 0
    outer loop
      vertex 19.4546 -59.4747 29.35
      vertex 19.526 -59.1155 34.14
      vertex 19.526 -59.1155 29.35
    endloop
  endfacet
  facet normal -0.980811 0.194961 0
    outer loop
      vertex 19.526 -59.1155 34.14
      vertex 19.4546 -59.4747 29.35
      vertex 19.4546 -59.4747 34.14
    endloop
  endfacet
  facet normal -0.896871 0.442292 0
    outer loop
      vertex 19.1749 -60.15 6.16
      vertex 19.3369 -59.8215 28.15
      vertex 19.3369 -59.8215 6.16
    endloop
  endfacet
  facet normal -0.896871 0.442292 0
    outer loop
      vertex 19.3369 -59.8215 28.15
      vertex 19.1749 -60.15 6.16
      vertex 19.1749 -60.15 28.15
    endloop
  endfacet
  facet normal -0.896871 0.442292 0
    outer loop
      vertex 19.1749 -60.15 29.35
      vertex 19.3369 -59.8215 34.14
      vertex 19.3369 -59.8215 29.35
    endloop
  endfacet
  facet normal -0.896871 0.442292 0
    outer loop
      vertex 19.3369 -59.8215 34.14
      vertex 19.1749 -60.15 29.35
      vertex 19.1749 -60.15 34.14
    endloop
  endfacet
  facet normal 0.946949 0.321384 0
    outer loop
      vertex -19.3369 -59.8215 28.15
      vertex -19.4546 -59.4747 6.16
      vertex -19.4546 -59.4747 28.15
    endloop
  endfacet
  facet normal 0.946949 0.321384 0
    outer loop
      vertex -19.4546 -59.4747 6.16
      vertex -19.3369 -59.8215 28.15
      vertex -19.3369 -59.8215 6.16
    endloop
  endfacet
  facet normal 0.946949 0.321384 0
    outer loop
      vertex -19.3369 -59.8215 34.14
      vertex -19.4546 -59.4747 29.35
      vertex -19.4546 -59.4747 34.14
    endloop
  endfacet
  facet normal 0.946949 0.321384 0
    outer loop
      vertex -19.4546 -59.4747 29.35
      vertex -19.3369 -59.8215 34.14
      vertex -19.3369 -59.8215 29.35
    endloop
  endfacet
  facet normal 1 0 0
    outer loop
      vertex -19.55 -58.75 34.14
      vertex -19.55 -58.7501 29.35
      vertex -19.55 -58.75 6.16
    endloop
  endfacet
  facet normal 0.997851 0.0655224 -1.3679e-06
    outer loop
      vertex -19.526 -59.1155 34.14
      vertex -19.55 -58.7501 29.35
      vertex -19.55 -58.75 34.14
    endloop
  endfacet
  facet normal 0.99785 0.0655402 0
    outer loop
      vertex -19.55 -58.7501 29.35
      vertex -19.526 -59.1155 34.14
      vertex -19.526 -59.1155 29.35
    endloop
  endfacet
  facet normal 1 -0 0
    outer loop
      vertex -19.55 -58.7501 28.15
      vertex -19.55 -58.75 6.16
      vertex -19.55 -58.7501 29.35
    endloop
  endfacet
  facet normal 0.99785 0.0655402 2.98046e-07
    outer loop
      vertex -19.526 -59.1155 28.15
      vertex -19.55 -58.75 6.16
      vertex -19.55 -58.7501 28.15
    endloop
  endfacet
  facet normal 0.997851 0.0655224 0
    outer loop
      vertex -19.55 -58.75 6.16
      vertex -19.526 -59.1155 28.15
      vertex -19.526 -59.1155 6.16
    endloop
  endfacet
  facet normal -0.659316 -0.751866 0
    outer loop
      vertex 18.4545 60.9714 6.16
      vertex 18.7299 60.7299 34.14
      vertex 18.4545 60.9714 34.14
    endloop
  endfacet
  facet normal -0.659316 -0.751866 -0
    outer loop
      vertex 18.7299 60.7299 34.14
      vertex 18.4545 60.9714 6.16
      vertex 18.7299 60.7299 6.16
    endloop
  endfacet
  facet normal 0.321384 -0.946949 0
    outer loop
      vertex -17.8215 61.3369 6.16
      vertex -17.4747 61.4546 34.14
      vertex -17.8215 61.3369 34.14
    endloop
  endfacet
  facet normal 0.321384 -0.946949 0
    outer loop
      vertex -17.4747 61.4546 34.14
      vertex -17.8215 61.3369 6.16
      vertex -17.4747 61.4546 6.16
    endloop
  endfacet
  facet normal 0.659316 -0.751866 0
    outer loop
      vertex -18.7299 60.7299 6.16
      vertex -18.4545 60.9714 34.14
      vertex -18.7299 60.7299 34.14
    endloop
  endfacet
  facet normal 0.659316 -0.751866 0
    outer loop
      vertex -18.4545 60.9714 34.14
      vertex -18.7299 60.7299 6.16
      vertex -18.4545 60.9714 6.16
    endloop
  endfacet
  facet normal 0.946949 -0.321384 0
    outer loop
      vertex -19.4546 59.4747 34.14
      vertex -19.3369 59.8215 6.16
      vertex -19.3369 59.8215 34.14
    endloop
  endfacet
  facet normal 0.946949 -0.321384 0
    outer loop
      vertex -19.3369 59.8215 6.16
      vertex -19.4546 59.4747 34.14
      vertex -19.4546 59.4747 6.16
    endloop
  endfacet
  facet normal 0 0 1
    outer loop
      vertex 16.75 61.55 6.16
      vertex 19.55 58.75 6.16
      vertex 19.526 59.1155 6.16
    endloop
  endfacet
  facet normal 0 0 1
    outer loop
      vertex 19.55 58.75 6.16
      vertex -19.55 58.75 6.16
      vertex 19.55 -58.75 6.16
    endloop
  endfacet
  facet normal 0 0 1
    outer loop
      vertex 16.75 61.55 6.16
      vertex 19.526 59.1155 6.16
      vertex 19.4546 59.4747 6.16
    endloop
  endfacet
  facet normal 0 0 1
    outer loop
      vertex -19.55 -58.75 6.16
      vertex 19.55 -58.75 6.16
      vertex -19.55 58.75 6.16
    endloop
  endfacet
  facet normal 0 0 1
    outer loop
      vertex 16.75 61.55 6.16
      vertex 19.4546 59.4747 6.16
      vertex 19.3369 59.8215 6.16
    endloop
  endfacet
  facet normal 0 -0 1
    outer loop
      vertex 16.75 -61.55 6.16
      vertex 19.55 -58.75 6.16
      vertex -19.55 -58.75 6.16
    endloop
  endfacet
  facet normal 0 0 1
    outer loop
      vertex 16.75 61.55 6.16
      vertex 19.3369 59.8215 6.16
      vertex 19.1749 60.15 6.16
    endloop
  endfacet
  facet normal 0 0 1
    outer loop
      vertex 19.55 -58.75 6.16
      vertex 16.75 -61.55 6.16
      vertex 19.526 -59.1155 6.16
    endloop
  endfacet
  facet normal 0 0 1
    outer loop
      vertex 16.75 61.55 6.16
      vertex 19.1749 60.15 6.16
      vertex 18.9714 60.4545 6.16
    endloop
  endfacet
  facet normal 0 0 1
    outer loop
      vertex 19.526 -59.1155 6.16
      vertex 16.75 -61.55 6.16
      vertex 19.4546 -59.4747 6.16
    endloop
  endfacet
  facet normal 0 0 1
    outer loop
      vertex 16.75 61.55 6.16
      vertex 18.9714 60.4545 6.16
      vertex 18.7299 60.7299 6.16
    endloop
  endfacet
  facet normal 0 0 1
    outer loop
      vertex 19.4546 -59.4747 6.16
      vertex 16.75 -61.55 6.16
      vertex 19.3369 -59.8215 6.16
    endloop
  endfacet
  facet normal 0 0 1
    outer loop
      vertex 16.75 61.55 6.16
      vertex 18.7299 60.7299 6.16
      vertex 18.4545 60.9714 6.16
    endloop
  endfacet
  facet normal 0 0 1
    outer loop
      vertex 19.3369 -59.8215 6.16
      vertex 16.75 -61.55 6.16
      vertex 19.1749 -60.15 6.16
    endloop
  endfacet
  facet normal 0 0 1
    outer loop
      vertex 16.75 61.55 6.16
      vertex 18.4545 60.9714 6.16
      vertex 18.15 61.1749 6.16
    endloop
  endfacet
  facet normal 0 0 1
    outer loop
      vertex 19.1749 -60.15 6.16
      vertex 16.75 -61.55 6.16
      vertex 18.9714 -60.4545 6.16
    endloop
  endfacet
  facet normal 0 0 1
    outer loop
      vertex 16.75 61.55 6.16
      vertex 18.15 61.1749 6.16
      vertex 17.8215 61.3369 6.16
    endloop
  endfacet
  facet normal 0 0 1
    outer loop
      vertex 19.55 58.75 6.16
      vertex 16.75 61.55 6.16
      vertex -19.55 58.75 6.16
    endloop
  endfacet
  facet normal 0 0 1
    outer loop
      vertex 16.75 61.55 6.16
      vertex 17.8215 61.3369 6.16
      vertex 17.4747 61.4546 6.16
    endloop
  endfacet
  facet normal 0 0 1
    outer loop
      vertex 18.9714 -60.4545 6.16
      vertex 16.75 -61.55 6.16
      vertex 18.7299 -60.7299 6.16
    endloop
  endfacet
  facet normal 0 0 1
    outer loop
      vertex 16.75 61.55 6.16
      vertex 17.4747 61.4546 6.16
      vertex 17.1155 61.526 6.16
    endloop
  endfacet
  facet normal 0 0 1
    outer loop
      vertex 18.15 -61.1749 6.16
      vertex 16.75 -61.55 6.16
      vertex 17.8215 -61.3369 6.16
    endloop
  endfacet
  facet normal 0 0 1
    outer loop
      vertex 17.8215 -61.3369 6.16
      vertex 16.75 -61.55 6.16
      vertex 17.4747 -61.4546 6.16
    endloop
  endfacet
  facet normal 0 0 1
    outer loop
      vertex 17.4747 -61.4546 6.16
      vertex 16.75 -61.55 6.16
      vertex 17.1155 -61.526 6.16
    endloop
  endfacet
  facet normal 0 0 1
    outer loop
      vertex -19.55 58.75 6.16
      vertex 16.75 61.55 6.16
      vertex -16.75 61.55 6.16
    endloop
  endfacet
  facet normal 0 0 1
    outer loop
      vertex 18.7299 -60.7299 6.16
      vertex 16.75 -61.55 6.16
      vertex 18.4545 -60.9714 6.16
    endloop
  endfacet
  facet normal 0 0 1
    outer loop
      vertex -19.55 58.75 6.16
      vertex -16.75 61.55 6.16
      vertex -17.1155 61.526 6.16
    endloop
  endfacet
  facet normal 0 0 1
    outer loop
      vertex 18.4545 -60.9714 6.16
      vertex 16.75 -61.55 6.16
      vertex 18.15 -61.1749 6.16
    endloop
  endfacet
  facet normal 0 0 1
    outer loop
      vertex -19.55 58.75 6.16
      vertex -17.1155 61.526 6.16
      vertex -17.4747 61.4546 6.16
    endloop
  endfacet
  facet normal 0 0 1
    outer loop
      vertex 16.75 -61.55 6.16
      vertex -19.55 -58.75 6.16
      vertex -16.75 -61.55 6.16
    endloop
  endfacet
  facet normal 0 0 1
    outer loop
      vertex -19.55 58.75 6.16
      vertex -17.4747 61.4546 6.16
      vertex -17.8215 61.3369 6.16
    endloop
  endfacet
  facet normal 0 0 1
    outer loop
      vertex -16.75 -61.55 6.16
      vertex -19.55 -58.75 6.16
      vertex -17.1155 -61.526 6.16
    endloop
  endfacet
  facet normal 0 0 1
    outer loop
      vertex -19.55 58.75 6.16
      vertex -17.8215 61.3369 6.16
      vertex -18.15 61.1749 6.16
    endloop
  endfacet
  facet normal 0 0 1
    outer loop
      vertex -17.1155 -61.526 6.16
      vertex -19.55 -58.75 6.16
      vertex -17.4747 -61.4546 6.16
    endloop
  endfacet
  facet normal 0 0 1
    outer loop
      vertex -19.55 58.75 6.16
      vertex -18.15 61.1749 6.16
      vertex -18.4545 60.9714 6.16
    endloop
  endfacet
  facet normal 0 0 1
    outer loop
      vertex -17.4747 -61.4546 6.16
      vertex -19.55 -58.75 6.16
      vertex -17.8215 -61.3369 6.16
    endloop
  endfacet
  facet normal 0 0 1
    outer loop
      vertex -19.55 58.75 6.16
      vertex -18.4545 60.9714 6.16
      vertex -18.7299 60.7299 6.16
    endloop
  endfacet
  facet normal 0 0 1
    outer loop
      vertex -17.8215 -61.3369 6.16
      vertex -19.55 -58.75 6.16
      vertex -18.15 -61.1749 6.16
    endloop
  endfacet
  facet normal 0 0 1
    outer loop
      vertex -19.55 58.75 6.16
      vertex -18.7299 60.7299 6.16
      vertex -18.9714 60.4545 6.16
    endloop
  endfacet
  facet normal 0 0 1
    outer loop
      vertex -18.15 -61.1749 6.16
      vertex -19.55 -58.75 6.16
      vertex -18.4545 -60.9714 6.16
    endloop
  endfacet
  facet normal 0 0 1
    outer loop
      vertex -19.55 58.75 6.16
      vertex -18.9714 60.4545 6.16
      vertex -19.1749 60.15 6.16
    endloop
  endfacet
  facet normal 0 0 1
    outer loop
      vertex -18.4545 -60.9714 6.16
      vertex -19.55 -58.75 6.16
      vertex -18.7299 -60.7299 6.16
    endloop
  endfacet
  facet normal 0 0 1
    outer loop
      vertex -19.55 58.75 6.16
      vertex -19.1749 60.15 6.16
      vertex -19.3369 59.8215 6.16
    endloop
  endfacet
  facet normal 0 0 1
    outer loop
      vertex -18.7299 -60.7299 6.16
      vertex -19.55 -58.75 6.16
      vertex -18.9714 -60.4545 6.16
    endloop
  endfacet
  facet normal 0 0 1
    outer loop
      vertex -19.55 58.75 6.16
      vertex -19.3369 59.8215 6.16
      vertex -19.4546 59.4747 6.16
    endloop
  endfacet
  facet normal 0 0 1
    outer loop
      vertex -18.9714 -60.4545 6.16
      vertex -19.55 -58.75 6.16
      vertex -19.1749 -60.15 6.16
    endloop
  endfacet
  facet normal 0 0 1
    outer loop
      vertex -19.55 58.75 6.16
      vertex -19.4546 59.4747 6.16
      vertex -19.526 59.1155 6.16
    endloop
  endfacet
  facet normal 0 0 1
    outer loop
      vertex -19.1749 -60.15 6.16
      vertex -19.55 -58.75 6.16
      vertex -19.3369 -59.8215 6.16
    endloop
  endfacet
  facet normal 0 0 1
    outer loop
      vertex -19.3369 -59.8215 6.16
      vertex -19.55 -58.75 6.16
      vertex -19.4546 -59.4747 6.16
    endloop
  endfacet
  facet normal 0 0 1
    outer loop
      vertex -19.4546 -59.4747 6.16
      vertex -19.55 -58.75 6.16
      vertex -19.526 -59.1155 6.16
    endloop
  endfacet
  facet normal 0.980811 0.194961 0
    outer loop
      vertex -19.4546 -59.4747 28.15
      vertex -19.526 -59.1155 6.16
      vertex -19.526 -59.1155 28.15
    endloop
  endfacet
  facet normal 0.980811 0.194961 0
    outer loop
      vertex -19.526 -59.1155 6.16
      vertex -19.4546 -59.4747 28.15
      vertex -19.4546 -59.4747 6.16
    endloop
  endfacet
  facet normal 0.980811 0.194961 0
    outer loop
      vertex -19.4546 -59.4747 34.14
      vertex -19.526 -59.1155 29.35
      vertex -19.526 -59.1155 34.14
    endloop
  endfacet
  facet normal 0.980811 0.194961 0
    outer loop
      vertex -19.526 -59.1155 29.35
      vertex -19.4546 -59.4747 34.14
      vertex -19.4546 -59.4747 29.35
    endloop
  endfacet
  facet normal 0.659316 0.751866 -0
    outer loop
      vertex -18.4545 -60.9714 6.16
      vertex -18.7299 -60.7299 28.15
      vertex -18.4545 -60.9714 28.15
    endloop
  endfacet
  facet normal 0.659316 0.751866 0
    outer loop
      vertex -18.7299 -60.7299 28.15
      vertex -18.4545 -60.9714 6.16
      vertex -18.7299 -60.7299 6.16
    endloop
  endfacet
  facet normal 0.659316 0.751866 -0
    outer loop
      vertex -18.4545 -60.9714 29.35
      vertex -18.7299 -60.7299 34.14
      vertex -18.4545 -60.9714 34.14
    endloop
  endfacet
  facet normal 0.659316 0.751866 0
    outer loop
      vertex -18.7299 -60.7299 34.14
      vertex -18.4545 -60.9714 29.35
      vertex -18.7299 -60.7299 29.35
    endloop
  endfacet
  facet normal 0.555645 0.83142 -0
    outer loop
      vertex -18.15 -61.1749 6.16
      vertex -18.4545 -60.9714 28.15
      vertex -18.15 -61.1749 28.15
    endloop
  endfacet
  facet normal 0.555645 0.83142 0
    outer loop
      vertex -18.4545 -60.9714 28.15
      vertex -18.15 -61.1749 6.16
      vertex -18.4545 -60.9714 6.16
    endloop
  endfacet
  facet normal 0.555645 0.83142 -0
    outer loop
      vertex -18.15 -61.1749 29.35
      vertex -18.4545 -60.9714 34.14
      vertex -18.15 -61.1749 34.14
    endloop
  endfacet
  facet normal 0.555645 0.83142 0
    outer loop
      vertex -18.4545 -60.9714 34.14
      vertex -18.15 -61.1749 29.35
      vertex -18.4545 -60.9714 29.35
    endloop
  endfacet
  facet normal -0.751866 0.659316 0
    outer loop
      vertex 18.7299 -60.7299 6.16
      vertex 18.9714 -60.4545 28.15
      vertex 18.9714 -60.4545 6.16
    endloop
  endfacet
  facet normal -0.751866 0.659316 0
    outer loop
      vertex 18.9714 -60.4545 28.15
      vertex 18.7299 -60.7299 6.16
      vertex 18.7299 -60.7299 28.15
    endloop
  endfacet
  facet normal -0.751866 0.659316 0
    outer loop
      vertex 18.7299 -60.7299 29.35
      vertex 18.9714 -60.4545 34.14
      vertex 18.9714 -60.4545 29.35
    endloop
  endfacet
  facet normal -0.751866 0.659316 0
    outer loop
      vertex 18.9714 -60.4545 34.14
      vertex 18.7299 -60.7299 29.35
      vertex 18.7299 -60.7299 34.14
    endloop
  endfacet
  facet normal -0.659316 0.751866 0
    outer loop
      vertex 18.7299 -60.7299 6.16
      vertex 18.4545 -60.9714 28.15
      vertex 18.7299 -60.7299 28.15
    endloop
  endfacet
  facet normal -0.659316 0.751866 0
    outer loop
      vertex 18.4545 -60.9714 28.15
      vertex 18.7299 -60.7299 6.16
      vertex 18.4545 -60.9714 6.16
    endloop
  endfacet
  facet normal -0.659316 0.751866 0
    outer loop
      vertex 18.7299 -60.7299 29.35
      vertex 18.4545 -60.9714 34.14
      vertex 18.7299 -60.7299 34.14
    endloop
  endfacet
  facet normal -0.659316 0.751866 0
    outer loop
      vertex 18.4545 -60.9714 34.14
      vertex 18.7299 -60.7299 29.35
      vertex 18.4545 -60.9714 29.35
    endloop
  endfacet
  facet normal 0.194961 0.980811 -0
    outer loop
      vertex -17.1155 -61.526 6.16
      vertex -17.4747 -61.4546 28.15
      vertex -17.1155 -61.526 28.15
    endloop
  endfacet
  facet normal 0.194961 0.980811 0
    outer loop
      vertex -17.4747 -61.4546 28.15
      vertex -17.1155 -61.526 6.16
      vertex -17.4747 -61.4546 6.16
    endloop
  endfacet
  facet normal 0.194961 0.980811 -0
    outer loop
      vertex -17.1155 -61.526 29.35
      vertex -17.4747 -61.4546 34.14
      vertex -17.1155 -61.526 34.14
    endloop
  endfacet
  facet normal 0.194961 0.980811 0
    outer loop
      vertex -17.4747 -61.4546 34.14
      vertex -17.1155 -61.526 29.35
      vertex -17.4747 -61.4546 29.35
    endloop
  endfacet
  facet normal -0.555645 0.83142 0
    outer loop
      vertex 18.4545 -60.9714 6.16
      vertex 18.15 -61.1749 28.15
      vertex 18.4545 -60.9714 28.15
    endloop
  endfacet
  facet normal -0.555645 0.83142 0
    outer loop
      vertex 18.15 -61.1749 28.15
      vertex 18.4545 -60.9714 6.16
      vertex 18.15 -61.1749 6.16
    endloop
  endfacet
  facet normal -0.555645 0.83142 0
    outer loop
      vertex 18.4545 -60.9714 29.35
      vertex 18.15 -61.1749 34.14
      vertex 18.4545 -60.9714 34.14
    endloop
  endfacet
  facet normal -0.555645 0.83142 0
    outer loop
      vertex 18.15 -61.1749 34.14
      vertex 18.4545 -60.9714 29.35
      vertex 18.15 -61.1749 29.35
    endloop
  endfacet
  facet normal -0.83142 0.555645 0
    outer loop
      vertex 18.9714 -60.4545 6.16
      vertex 19.1749 -60.15 28.15
      vertex 19.1749 -60.15 6.16
    endloop
  endfacet
  facet normal -0.83142 0.555645 0
    outer loop
      vertex 19.1749 -60.15 28.15
      vertex 18.9714 -60.4545 6.16
      vertex 18.9714 -60.4545 28.15
    endloop
  endfacet
  facet normal -0.83142 0.555645 0
    outer loop
      vertex 18.9714 -60.4545 29.35
      vertex 19.1749 -60.15 34.14
      vertex 19.1749 -60.15 29.35
    endloop
  endfacet
  facet normal -0.83142 0.555645 0
    outer loop
      vertex 19.1749 -60.15 34.14
      vertex 18.9714 -60.4545 29.35
      vertex 18.9714 -60.4545 34.14
    endloop
  endfacet
  facet normal -0.0655224 -0.997851 0
    outer loop
      vertex 16.75 61.55 6.16
      vertex 17.1155 61.526 34.14
      vertex 16.75 61.55 34.14
    endloop
  endfacet
  facet normal -0.0655224 -0.997851 -0
    outer loop
      vertex 17.1155 61.526 34.14
      vertex 16.75 61.55 6.16
      vertex 17.1155 61.526 6.16
    endloop
  endfacet
  facet normal -1 0 0
    outer loop
      vertex 19.55 -58.75 6.16
      vertex 19.55 -58.7501 28.15
      vertex 19.55 -58.75 34.14
    endloop
  endfacet
  facet normal -0.997851 0.0655224 2.97964e-07
    outer loop
      vertex 19.526 -59.1155 6.16
      vertex 19.55 -58.7501 28.15
      vertex 19.55 -58.75 6.16
    endloop
  endfacet
  facet normal -0.99785 0.0655402 0
    outer loop
      vertex 19.55 -58.7501 28.15
      vertex 19.526 -59.1155 6.16
      vertex 19.526 -59.1155 28.15
    endloop
  endfacet
  facet normal -1 0 0
    outer loop
      vertex 19.55 -58.7501 29.35
      vertex 19.55 -58.75 34.14
      vertex 19.55 -58.7501 28.15
    endloop
  endfacet
  facet normal -0.99785 0.0655402 -1.36827e-06
    outer loop
      vertex 19.526 -59.1155 29.35
      vertex 19.55 -58.75 34.14
      vertex 19.55 -58.7501 29.35
    endloop
  endfacet
  facet normal -0.997851 0.0655224 0
    outer loop
      vertex 19.55 -58.75 34.14
      vertex 19.526 -59.1155 29.35
      vertex 19.526 -59.1155 34.14
    endloop
  endfacet
  facet normal -0.321384 -0.946949 0
    outer loop
      vertex 17.4747 61.4546 6.16
      vertex 17.8215 61.3369 34.14
      vertex 17.4747 61.4546 34.14
    endloop
  endfacet
  facet normal -0.321384 -0.946949 -0
    outer loop
      vertex 17.8215 61.3369 34.14
      vertex 17.4747 61.4546 6.16
      vertex 17.8215 61.3369 6.16
    endloop
  endfacet
  facet normal -0.194961 -0.980811 0
    outer loop
      vertex 17.1155 61.526 6.16
      vertex 17.4747 61.4546 34.14
      vertex 17.1155 61.526 34.14
    endloop
  endfacet
  facet normal -0.194961 -0.980811 -0
    outer loop
      vertex 17.4747 61.4546 34.14
      vertex 17.1155 61.526 6.16
      vertex 17.4747 61.4546 6.16
    endloop
  endfacet
  facet normal -0.442292 -0.896871 0
    outer loop
      vertex 17.8215 61.3369 6.16
      vertex 18.15 61.1749 34.14
      vertex 17.8215 61.3369 34.14
    endloop
  endfacet
  facet normal -0.442292 -0.896871 -0
    outer loop
      vertex 18.15 61.1749 34.14
      vertex 17.8215 61.3369 6.16
      vertex 18.15 61.1749 6.16
    endloop
  endfacet
  facet normal -0.555645 -0.83142 0
    outer loop
      vertex 18.15 61.1749 6.16
      vertex 18.4545 60.9714 34.14
      vertex 18.15 61.1749 34.14
    endloop
  endfacet
  facet normal -0.555645 -0.83142 -0
    outer loop
      vertex 18.4545 60.9714 34.14
      vertex 18.15 61.1749 6.16
      vertex 18.4545 60.9714 6.16
    endloop
  endfacet
  facet normal 1 -0 0
    outer loop
      vertex 19.55 -58.7501 29.35
      vertex 19.55 -55.56 28.15
      vertex 19.55 -55.56 29.35
    endloop
  endfacet
  facet normal 1 0 0
    outer loop
      vertex 19.55 -55.56 28.15
      vertex 19.55 -58.7501 29.35
      vertex 19.55 -58.7501 28.15
    endloop
  endfacet
  facet normal 0 0 1
    outer loop
      vertex 16.75 -61.55 29.35
      vertex 19.55 -58.7501 29.35
      vertex 19.55 -55.56 29.35
    endloop
  endfacet
  facet normal 0 0 1
    outer loop
      vertex 19.55 -58.7501 29.35
      vertex 16.75 -61.55 29.35
      vertex 19.526 -59.1155 29.35
    endloop
  endfacet
  facet normal 0 0 1
    outer loop
      vertex 19.526 -59.1155 29.35
      vertex 16.75 -61.55 29.35
      vertex 19.4546 -59.4747 29.35
    endloop
  endfacet
  facet normal 0 0 1
    outer loop
      vertex 19.4546 -59.4747 29.35
      vertex 16.75 -61.55 29.35
      vertex 19.3369 -59.8215 29.35
    endloop
  endfacet
  facet normal 0 0 1
    outer loop
      vertex 19.3369 -59.8215 29.35
      vertex 16.75 -61.55 29.35
      vertex 19.1749 -60.15 29.35
    endloop
  endfacet
  facet normal 0 0 1
    outer loop
      vertex 19.1749 -60.15 29.35
      vertex 16.75 -61.55 29.35
      vertex 18.9714 -60.4545 29.35
    endloop
  endfacet
  facet normal 0 0 1
    outer loop
      vertex 18.9714 -60.4545 29.35
      vertex 16.75 -61.55 29.35
      vertex 18.7299 -60.7299 29.35
    endloop
  endfacet
  facet normal 0 0 1
    outer loop
      vertex 18.7299 -60.7299 29.35
      vertex 16.75 -61.55 29.35
      vertex 18.4545 -60.9714 29.35
    endloop
  endfacet
  facet normal 0 0 1
    outer loop
      vertex 18.4545 -60.9714 29.35
      vertex 16.75 -61.55 29.35
      vertex 18.15 -61.1749 29.35
    endloop
  endfacet
  facet normal 0 0 1
    outer loop
      vertex 18.15 -61.1749 29.35
      vertex 16.75 -61.55 29.35
      vertex 17.8215 -61.3369 29.35
    endloop
  endfacet
  facet normal 0 0 1
    outer loop
      vertex 17.8215 -61.3369 29.35
      vertex 16.75 -61.55 29.35
      vertex 17.4747 -61.4546 29.35
    endloop
  endfacet
  facet normal 0 0 1
    outer loop
      vertex 17.4747 -61.4546 29.35
      vertex 16.75 -61.55 29.35
      vertex 17.1155 -61.526 29.35
    endloop
  endfacet
  facet normal 0 0 1
    outer loop
      vertex 19.55 -55.56 29.35
      vertex -16.75 -61.55 29.35
      vertex 16.75 -61.55 29.35
    endloop
  endfacet
  facet normal -0 0 1
    outer loop
      vertex -19.55 -55.56 29.35
      vertex -16.75 -61.55 29.35
      vertex 19.55 -55.56 29.35
    endloop
  endfacet
  facet normal -0 0 1
    outer loop
      vertex -19.55 -58.7501 29.35
      vertex -16.75 -61.55 29.35
      vertex -19.55 -55.56 29.35
    endloop
  endfacet
  facet normal 0 0 1
    outer loop
      vertex -16.75 -61.55 29.35
      vertex -19.55 -58.7501 29.35
      vertex -17.1155 -61.526 29.35
    endloop
  endfacet
  facet normal 0 0 1
    outer loop
      vertex -17.1155 -61.526 29.35
      vertex -19.55 -58.7501 29.35
      vertex -17.4747 -61.4546 29.35
    endloop
  endfacet
  facet normal 0 0 1
    outer loop
      vertex -17.4747 -61.4546 29.35
      vertex -19.55 -58.7501 29.35
      vertex -17.8215 -61.3369 29.35
    endloop
  endfacet
  facet normal 0 0 1
    outer loop
      vertex -17.8215 -61.3369 29.35
      vertex -19.55 -58.7501 29.35
      vertex -18.15 -61.1749 29.35
    endloop
  endfacet
  facet normal 0 0 1
    outer loop
      vertex -18.15 -61.1749 29.35
      vertex -19.55 -58.7501 29.35
      vertex -18.4545 -60.9714 29.35
    endloop
  endfacet
  facet normal 0 0 1
    outer loop
      vertex -18.4545 -60.9714 29.35
      vertex -19.55 -58.7501 29.35
      vertex -18.7299 -60.7299 29.35
    endloop
  endfacet
  facet normal 0 0 1
    outer loop
      vertex -18.7299 -60.7299 29.35
      vertex -19.55 -58.7501 29.35
      vertex -18.9714 -60.4545 29.35
    endloop
  endfacet
  facet normal 0 0 1
    outer loop
      vertex -18.9714 -60.4545 29.35
      vertex -19.55 -58.7501 29.35
      vertex -19.1749 -60.15 29.35
    endloop
  endfacet
  facet normal 0 0 1
    outer loop
      vertex -19.1749 -60.15 29.35
      vertex -19.55 -58.7501 29.35
      vertex -19.3369 -59.8215 29.35
    endloop
  endfacet
  facet normal 0 0 1
    outer loop
      vertex -19.3369 -59.8215 29.35
      vertex -19.55 -58.7501 29.35
      vertex -19.4546 -59.4747 29.35
    endloop
  endfacet
  facet normal 0 0 1
    outer loop
      vertex -19.4546 -59.4747 29.35
      vertex -19.55 -58.7501 29.35
      vertex -19.526 -59.1155 29.35
    endloop
  endfacet
  facet normal 0 0 -1
    outer loop
      vertex 16.75 -61.55 28.15
      vertex 19.55 -58.7501 28.15
      vertex 19.526 -59.1155 28.15
    endloop
  endfacet
  facet normal 0 0 -1
    outer loop
      vertex 16.75 -61.55 28.15
      vertex 19.526 -59.1155 28.15
      vertex 19.4546 -59.4747 28.15
    endloop
  endfacet
  facet normal 0 0 -1
    outer loop
      vertex 16.75 -61.55 28.15
      vertex 19.4546 -59.4747 28.15
      vertex 19.3369 -59.8215 28.15
    endloop
  endfacet
  facet normal 0 0 -1
    outer loop
      vertex 16.75 -61.55 28.15
      vertex 19.3369 -59.8215 28.15
      vertex 19.1749 -60.15 28.15
    endloop
  endfacet
  facet normal 0 0 -1
    outer loop
      vertex 16.75 -61.55 28.15
      vertex 19.1749 -60.15 28.15
      vertex 18.9714 -60.4545 28.15
    endloop
  endfacet
  facet normal 0 0 -1
    outer loop
      vertex 16.75 -61.55 28.15
      vertex 18.9714 -60.4545 28.15
      vertex 18.7299 -60.7299 28.15
    endloop
  endfacet
  facet normal 0 0 -1
    outer loop
      vertex 16.75 -61.55 28.15
      vertex 18.7299 -60.7299 28.15
      vertex 18.4545 -60.9714 28.15
    endloop
  endfacet
  facet normal 0 0 -1
    outer loop
      vertex 16.75 -61.55 28.15
      vertex 18.4545 -60.9714 28.15
      vertex 18.15 -61.1749 28.15
    endloop
  endfacet
  facet normal 0 0 -1
    outer loop
      vertex 16.75 -61.55 28.15
      vertex 18.15 -61.1749 28.15
      vertex 17.8215 -61.3369 28.15
    endloop
  endfacet
  facet normal 0 0 -1
    outer loop
      vertex 16.75 -61.55 28.15
      vertex 17.8215 -61.3369 28.15
      vertex 17.4747 -61.4546 28.15
    endloop
  endfacet
  facet normal 0 0 -1
    outer loop
      vertex 16.75 -61.55 28.15
      vertex 17.4747 -61.4546 28.15
      vertex 17.1155 -61.526 28.15
    endloop
  endfacet
  facet normal -0 0 -1
    outer loop
      vertex 19.55 -58.7501 28.15
      vertex 16.75 -61.55 28.15
      vertex 19.55 -55.56 28.15
    endloop
  endfacet
  facet normal 0 0 -1
    outer loop
      vertex -16.75 -61.55 28.15
      vertex 19.55 -55.56 28.15
      vertex 16.75 -61.55 28.15
    endloop
  endfacet
  facet normal 0 0 -1
    outer loop
      vertex -19.55 -58.7501 28.15
      vertex -16.75 -61.55 28.15
      vertex -17.1155 -61.526 28.15
    endloop
  endfacet
  facet normal 0 0 -1
    outer loop
      vertex -19.55 -58.7501 28.15
      vertex -17.1155 -61.526 28.15
      vertex -17.4747 -61.4546 28.15
    endloop
  endfacet
  facet normal 0 0 -1
    outer loop
      vertex -19.55 -58.7501 28.15
      vertex -17.4747 -61.4546 28.15
      vertex -17.8215 -61.3369 28.15
    endloop
  endfacet
  facet normal 0 0 -1
    outer loop
      vertex -19.55 -58.7501 28.15
      vertex -17.8215 -61.3369 28.15
      vertex -18.15 -61.1749 28.15
    endloop
  endfacet
  facet normal 0 0 -1
    outer loop
      vertex -19.55 -58.7501 28.15
      vertex -18.15 -61.1749 28.15
      vertex -18.4545 -60.9714 28.15
    endloop
  endfacet
  facet normal 0 0 -1
    outer loop
      vertex -19.55 -58.7501 28.15
      vertex -18.4545 -60.9714 28.15
      vertex -18.7299 -60.7299 28.15
    endloop
  endfacet
  facet normal 0 0 -1
    outer loop
      vertex -19.55 -58.7501 28.15
      vertex -18.7299 -60.7299 28.15
      vertex -18.9714 -60.4545 28.15
    endloop
  endfacet
  facet normal 0 0 -1
    outer loop
      vertex -19.55 -58.7501 28.15
      vertex -18.9714 -60.4545 28.15
      vertex -19.1749 -60.15 28.15
    endloop
  endfacet
  facet normal 0 0 -1
    outer loop
      vertex -19.55 -58.7501 28.15
      vertex -19.1749 -60.15 28.15
      vertex -19.3369 -59.8215 28.15
    endloop
  endfacet
  facet normal 0 0 -1
    outer loop
      vertex -19.55 -58.7501 28.15
      vertex -19.3369 -59.8215 28.15
      vertex -19.4546 -59.4747 28.15
    endloop
  endfacet
  facet normal 0 0 -1
    outer loop
      vertex -19.55 -58.7501 28.15
      vertex -19.4546 -59.4747 28.15
      vertex -19.526 -59.1155 28.15
    endloop
  endfacet
  facet normal 0 0 -1
    outer loop
      vertex -16.75 -61.55 28.15
      vertex -19.55 -58.7501 28.15
      vertex -19.55 -55.56 28.15
    endloop
  endfacet
  facet normal 0 0 -1
    outer loop
      vertex -16.75 -61.55 28.15
      vertex -19.55 -55.56 28.15
      vertex 19.55 -55.56 28.15
    endloop
  endfacet
  facet normal -1 0 0
    outer loop
      vertex -19.55 -58.7501 28.15
      vertex -19.55 -55.56 29.35
      vertex -19.55 -55.56 28.15
    endloop
  endfacet
  facet normal -1 -0 0
    outer loop
      vertex -19.55 -55.56 29.35
      vertex -19.55 -58.7501 28.15
      vertex -19.55 -58.7501 29.35
    endloop
  endfacet
  facet normal 0 1 -0
    outer loop
      vertex 19.55 -55.56 28.15
      vertex -19.55 -55.56 29.35
      vertex 19.55 -55.56 29.35
    endloop
  endfacet
  facet normal 0 1 0
    outer loop
      vertex -19.55 -55.56 29.35
      vertex 19.55 -55.56 28.15
      vertex -19.55 -55.56 28.15
    endloop
  endfacet
endsolid OpenSCAD_Model
