solid OpenSCAD_Model
  facet normal 0.0654101 0 0.997858
    outer loop
      vertex 14 15 8
      vertex 14.3524 4 7.9769
      vertex 14.3524 15 7.9769
    endloop
  endfacet
  facet normal 0.0654101 0 0.997858
    outer loop
      vertex 14.3524 4 7.9769
      vertex 14 15 8
      vertex 14 4 8
    endloop
  endfacet
  facet normal 0.980786 0 -0.195087
    outer loop
      vertex 16.6769 4 4.94758
      vertex 16.608 15 4.60119
      vertex 16.6769 15 4.94758
    endloop
  endfacet
  facet normal 0.980786 0 -0.195087
    outer loop
      vertex 16.608 15 4.60119
      vertex 16.6769 4 4.94758
      vertex 16.608 4 4.60119
    endloop
  endfacet
  facet normal 0.997859 0 -0.0654064
    outer loop
      vertex 16.7 4 5.3
      vertex 16.6769 15 4.94758
      vertex 16.7 15 5.3
    endloop
  endfacet
  facet normal 0.997859 0 -0.0654064
    outer loop
      vertex 16.6769 15 4.94758
      vertex 16.7 4 5.3
      vertex 16.6769 4 4.94758
    endloop
  endfacet
  facet normal 0.946953 0 -0.321371
    outer loop
      vertex 16.608 4 4.60119
      vertex 16.4945 15 4.26675
      vertex 16.608 15 4.60119
    endloop
  endfacet
  facet normal 0.946953 0 -0.321371
    outer loop
      vertex 16.4945 15 4.26675
      vertex 16.608 4 4.60119
      vertex 16.4945 4 4.26675
    endloop
  endfacet
  facet normal -0.980786 0 -0.195087
    outer loop
      vertex 11.392 4 4.60119
      vertex 11.3231 15 4.94758
      vertex 11.392 15 4.60119
    endloop
  endfacet
  facet normal -0.980786 -0 -0.195087
    outer loop
      vertex 11.3231 15 4.94758
      vertex 11.392 4 4.60119
      vertex 11.3231 4 4.94758
    endloop
  endfacet
  facet normal 0.195081 0 -0.980787
    outer loop
      vertex 14.3524 4 2.6231
      vertex 14.6988 15 2.692
      vertex 14.6988 4 2.692
    endloop
  endfacet
  facet normal 0.195081 0 -0.980787
    outer loop
      vertex 14.6988 15 2.692
      vertex 14.3524 4 2.6231
      vertex 14.3524 15 2.6231
    endloop
  endfacet
  facet normal -0.442247 0 -0.896893
    outer loop
      vertex 12.65 4 2.96173
      vertex 12.9668 15 2.80552
      vertex 12.9668 4 2.80552
    endloop
  endfacet
  facet normal -0.442247 0 -0.896893
    outer loop
      vertex 12.9668 15 2.80552
      vertex 12.65 4 2.96173
      vertex 12.65 15 2.96173
    endloop
  endfacet
  facet normal 0.831492 0 -0.555536
    outer loop
      vertex 16.3383 4 3.95
      vertex 16.1421 15 3.65634
      vertex 16.3383 15 3.95
    endloop
  endfacet
  facet normal 0.831492 0 -0.555536
    outer loop
      vertex 16.1421 15 3.65634
      vertex 16.3383 4 3.95
      vertex 16.1421 4 3.65634
    endloop
  endfacet
  facet normal -0.0654101 0 0.997858
    outer loop
      vertex 13.6476 15 7.9769
      vertex 14 4 8
      vertex 14 15 8
    endloop
  endfacet
  facet normal -0.0654101 0 0.997858
    outer loop
      vertex 14 4 8
      vertex 13.6476 15 7.9769
      vertex 13.6476 4 7.9769
    endloop
  endfacet
  facet normal 0.997859 -0 0.0654064
    outer loop
      vertex 16.6769 4 5.65242
      vertex 16.7 15 5.3
      vertex 16.6769 15 5.65242
    endloop
  endfacet
  facet normal 0.997859 0 0.0654064
    outer loop
      vertex 16.7 15 5.3
      vertex 16.6769 4 5.65242
      vertex 16.7 4 5.3
    endloop
  endfacet
  facet normal 0.195081 0 0.980787
    outer loop
      vertex 14.3524 15 7.9769
      vertex 14.6988 4 7.908
      vertex 14.6988 15 7.908
    endloop
  endfacet
  facet normal 0.195081 0 0.980787
    outer loop
      vertex 14.6988 4 7.908
      vertex 14.3524 15 7.9769
      vertex 14.3524 4 7.9769
    endloop
  endfacet
  facet normal 0.896877 0 -0.44228
    outer loop
      vertex 16.4945 4 4.26675
      vertex 16.3383 15 3.95
      vertex 16.4945 15 4.26675
    endloop
  endfacet
  facet normal 0.896877 0 -0.44228
    outer loop
      vertex 16.3383 15 3.95
      vertex 16.4945 4 4.26675
      vertex 16.3383 4 3.95
    endloop
  endfacet
  facet normal -0.0654101 0 -0.997858
    outer loop
      vertex 13.6476 4 2.6231
      vertex 14 15 2.6
      vertex 14 4 2.6
    endloop
  endfacet
  facet normal -0.0654101 0 -0.997858
    outer loop
      vertex 14 15 2.6
      vertex 13.6476 4 2.6231
      vertex 13.6476 15 2.6231
    endloop
  endfacet
  facet normal -0.195081 0 0.980787
    outer loop
      vertex 13.3012 15 7.908
      vertex 13.6476 4 7.9769
      vertex 13.6476 15 7.9769
    endloop
  endfacet
  facet normal -0.195081 0 0.980787
    outer loop
      vertex 13.6476 4 7.9769
      vertex 13.3012 15 7.908
      vertex 13.3012 4 7.908
    endloop
  endfacet
  facet normal 0.896883 -0 0.442269
    outer loop
      vertex 16.3383 4 6.65
      vertex 16.4945 15 6.33324
      vertex 16.3383 15 6.65
    endloop
  endfacet
  facet normal 0.896883 0 0.442269
    outer loop
      vertex 16.4945 15 6.33324
      vertex 16.3383 4 6.65
      vertex 16.4945 4 6.33324
    endloop
  endfacet
  facet normal 0.980786 -0 0.195087
    outer loop
      vertex 16.608 4 5.99881
      vertex 16.6769 15 5.65242
      vertex 16.608 15 5.99881
    endloop
  endfacet
  facet normal 0.980786 0 0.195087
    outer loop
      vertex 16.6769 15 5.65242
      vertex 16.608 4 5.99881
      vertex 16.6769 4 5.65242
    endloop
  endfacet
  facet normal -0.980786 0 0.195087
    outer loop
      vertex 11.3231 4 5.65242
      vertex 11.392 15 5.99881
      vertex 11.3231 15 5.65242
    endloop
  endfacet
  facet normal -0.980786 0 0.195087
    outer loop
      vertex 11.392 15 5.99881
      vertex 11.3231 4 5.65242
      vertex 11.392 4 5.99881
    endloop
  endfacet
  facet normal 0.831492 -0 0.555536
    outer loop
      vertex 16.1421 4 6.94366
      vertex 16.3383 15 6.65
      vertex 16.1421 15 6.94366
    endloop
  endfacet
  facet normal 0.831492 0 0.555536
    outer loop
      vertex 16.3383 15 6.65
      vertex 16.1421 4 6.94366
      vertex 16.3383 4 6.65
    endloop
  endfacet
  facet normal 0.442224 0 0.896905
    outer loop
      vertex 15.0332 15 7.79447
      vertex 15.35 4 7.63827
      vertex 15.35 15 7.63827
    endloop
  endfacet
  facet normal 0.442224 0 0.896905
    outer loop
      vertex 15.35 4 7.63827
      vertex 15.0332 15 7.79447
      vertex 15.0332 4 7.79447
    endloop
  endfacet
  facet normal -0.555523 0 0.831501
    outer loop
      vertex 12.3563 15 7.44205
      vertex 12.65 4 7.63827
      vertex 12.65 15 7.63827
    endloop
  endfacet
  facet normal -0.555523 0 0.831501
    outer loop
      vertex 12.65 4 7.63827
      vertex 12.3563 15 7.44205
      vertex 12.3563 4 7.44205
    endloop
  endfacet
  facet normal 0.0654101 0 -0.997858
    outer loop
      vertex 14 4 2.6
      vertex 14.3524 15 2.6231
      vertex 14.3524 4 2.6231
    endloop
  endfacet
  facet normal 0.0654101 0 -0.997858
    outer loop
      vertex 14.3524 15 2.6231
      vertex 14 4 2.6
      vertex 14 15 2.6
    endloop
  endfacet
  facet normal 0.751789 0 -0.659404
    outer loop
      vertex 16.1421 4 3.65634
      vertex 15.9092 15 3.39081
      vertex 16.1421 15 3.65634
    endloop
  endfacet
  facet normal 0.751789 0 -0.659404
    outer loop
      vertex 15.9092 15 3.39081
      vertex 16.1421 4 3.65634
      vertex 15.9092 4 3.39081
    endloop
  endfacet
  facet normal 0.659382 0 -0.751808
    outer loop
      vertex 15.6437 4 3.15795
      vertex 15.9092 15 3.39081
      vertex 15.9092 4 3.39081
    endloop
  endfacet
  facet normal 0.659382 0 -0.751808
    outer loop
      vertex 15.9092 15 3.39081
      vertex 15.6437 4 3.15795
      vertex 15.6437 15 3.15795
    endloop
  endfacet
  facet normal -0.659382 0 -0.751808
    outer loop
      vertex 12.0908 4 3.39081
      vertex 12.3563 15 3.15795
      vertex 12.3563 4 3.15795
    endloop
  endfacet
  facet normal -0.659382 0 -0.751808
    outer loop
      vertex 12.3563 15 3.15795
      vertex 12.0908 4 3.39081
      vertex 12.0908 15 3.39081
    endloop
  endfacet
  facet normal -0.997859 0 0.0654064
    outer loop
      vertex 11.3 4 5.3
      vertex 11.3231 15 5.65242
      vertex 11.3 15 5.3
    endloop
  endfacet
  facet normal -0.997859 0 0.0654064
    outer loop
      vertex 11.3231 15 5.65242
      vertex 11.3 4 5.3
      vertex 11.3231 4 5.65242
    endloop
  endfacet
  facet normal 0.555523 0 -0.831501
    outer loop
      vertex 15.35 4 2.96173
      vertex 15.6437 15 3.15795
      vertex 15.6437 4 3.15795
    endloop
  endfacet
  facet normal 0.555523 0 -0.831501
    outer loop
      vertex 15.6437 15 3.15795
      vertex 15.35 4 2.96173
      vertex 15.35 15 2.96173
    endloop
  endfacet
  facet normal 0.751789 -0 0.659404
    outer loop
      vertex 15.9092 4 7.20919
      vertex 16.1421 15 6.94366
      vertex 15.9092 15 7.20919
    endloop
  endfacet
  facet normal 0.751789 0 0.659404
    outer loop
      vertex 16.1421 15 6.94366
      vertex 15.9092 4 7.20919
      vertex 16.1421 4 6.94366
    endloop
  endfacet
  facet normal 0.442247 0 -0.896893
    outer loop
      vertex 15.0332 4 2.80552
      vertex 15.35 15 2.96173
      vertex 15.35 4 2.96173
    endloop
  endfacet
  facet normal 0.442247 0 -0.896893
    outer loop
      vertex 15.35 15 2.96173
      vertex 15.0332 4 2.80552
      vertex 15.0332 15 2.80552
    endloop
  endfacet
  facet normal -0.751789 0 -0.659404
    outer loop
      vertex 12.0908 4 3.39081
      vertex 11.8579 15 3.65634
      vertex 12.0908 15 3.39081
    endloop
  endfacet
  facet normal -0.751789 -0 -0.659404
    outer loop
      vertex 11.8579 15 3.65634
      vertex 12.0908 4 3.39081
      vertex 11.8579 4 3.65634
    endloop
  endfacet
  facet normal -0.555523 0 -0.831501
    outer loop
      vertex 12.3563 4 3.15795
      vertex 12.65 15 2.96173
      vertex 12.65 4 2.96173
    endloop
  endfacet
  facet normal -0.555523 0 -0.831501
    outer loop
      vertex 12.65 15 2.96173
      vertex 12.3563 4 3.15795
      vertex 12.3563 15 3.15795
    endloop
  endfacet
  facet normal 0.321456 0 -0.946925
    outer loop
      vertex 14.6988 4 2.692
      vertex 15.0332 15 2.80552
      vertex 15.0332 4 2.80552
    endloop
  endfacet
  facet normal 0.321456 0 -0.946925
    outer loop
      vertex 15.0332 15 2.80552
      vertex 14.6988 4 2.692
      vertex 14.6988 15 2.692
    endloop
  endfacet
  facet normal -0.321456 0 -0.946925
    outer loop
      vertex 12.9668 4 2.80552
      vertex 13.3012 15 2.692
      vertex 13.3012 4 2.692
    endloop
  endfacet
  facet normal -0.321456 0 -0.946925
    outer loop
      vertex 13.3012 15 2.692
      vertex 12.9668 4 2.80552
      vertex 12.9668 15 2.80552
    endloop
  endfacet
  facet normal -0.946953 0 -0.321371
    outer loop
      vertex 11.5055 4 4.26675
      vertex 11.392 15 4.60119
      vertex 11.5055 15 4.26675
    endloop
  endfacet
  facet normal -0.946953 -0 -0.321371
    outer loop
      vertex 11.392 15 4.60119
      vertex 11.5055 4 4.26675
      vertex 11.392 4 4.60119
    endloop
  endfacet
  facet normal -0.442224 0 0.896905
    outer loop
      vertex 12.65 15 7.63827
      vertex 12.9668 4 7.79447
      vertex 12.9668 15 7.79447
    endloop
  endfacet
  facet normal -0.442224 0 0.896905
    outer loop
      vertex 12.9668 4 7.79447
      vertex 12.65 15 7.63827
      vertex 12.65 4 7.63827
    endloop
  endfacet
  facet normal -0.896883 0 0.442269
    outer loop
      vertex 11.5055 4 6.33324
      vertex 11.6617 15 6.65
      vertex 11.5055 15 6.33324
    endloop
  endfacet
  facet normal -0.896883 0 0.442269
    outer loop
      vertex 11.6617 15 6.65
      vertex 11.5055 4 6.33324
      vertex 11.6617 4 6.65
    endloop
  endfacet
  facet normal -0.997859 0 -0.0654064
    outer loop
      vertex 11.3231 4 4.94758
      vertex 11.3 15 5.3
      vertex 11.3231 15 4.94758
    endloop
  endfacet
  facet normal -0.997859 -0 -0.0654064
    outer loop
      vertex 11.3 15 5.3
      vertex 11.3231 4 4.94758
      vertex 11.3 4 5.3
    endloop
  endfacet
  facet normal 0.946951 -0 0.321379
    outer loop
      vertex 16.4945 4 6.33324
      vertex 16.608 15 5.99881
      vertex 16.4945 15 6.33324
    endloop
  endfacet
  facet normal 0.946951 0 0.321379
    outer loop
      vertex 16.608 15 5.99881
      vertex 16.4945 4 6.33324
      vertex 16.608 4 5.99881
    endloop
  endfacet
  facet normal 0.659382 0 0.751808
    outer loop
      vertex 15.6437 15 7.44205
      vertex 15.9092 4 7.20919
      vertex 15.9092 15 7.20919
    endloop
  endfacet
  facet normal 0.659382 0 0.751808
    outer loop
      vertex 15.9092 4 7.20919
      vertex 15.6437 15 7.44205
      vertex 15.6437 4 7.44205
    endloop
  endfacet
  facet normal 0 1 0
    outer loop
      vertex 14.3524 15 7.9769
      vertex 13.6476 15 7.9769
      vertex 14 15 8
    endloop
  endfacet
  facet normal 0 1 0
    outer loop
      vertex 14.6988 15 7.908
      vertex 13.6476 15 7.9769
      vertex 14.3524 15 7.9769
    endloop
  endfacet
  facet normal 0 1 0
    outer loop
      vertex 14.6988 15 7.908
      vertex 13.3012 15 7.908
      vertex 13.6476 15 7.9769
    endloop
  endfacet
  facet normal 0 1 0
    outer loop
      vertex 15.0332 15 7.79447
      vertex 13.3012 15 7.908
      vertex 14.6988 15 7.908
    endloop
  endfacet
  facet normal 0 1 0
    outer loop
      vertex 15.0332 15 7.79447
      vertex 12.9668 15 7.79447
      vertex 13.3012 15 7.908
    endloop
  endfacet
  facet normal 0 1 0
    outer loop
      vertex 15.35 15 7.63827
      vertex 12.9668 15 7.79447
      vertex 15.0332 15 7.79447
    endloop
  endfacet
  facet normal 0 1 0
    outer loop
      vertex 15.35 15 7.63827
      vertex 12.65 15 7.63827
      vertex 12.9668 15 7.79447
    endloop
  endfacet
  facet normal 0 1 0
    outer loop
      vertex 15.6437 15 7.44205
      vertex 12.65 15 7.63827
      vertex 15.35 15 7.63827
    endloop
  endfacet
  facet normal 0 1 0
    outer loop
      vertex 15.6437 15 7.44205
      vertex 12.3563 15 7.44205
      vertex 12.65 15 7.63827
    endloop
  endfacet
  facet normal 0 1 0
    outer loop
      vertex 15.9092 15 7.20919
      vertex 12.3563 15 7.44205
      vertex 15.6437 15 7.44205
    endloop
  endfacet
  facet normal 0 1 0
    outer loop
      vertex 15.9092 15 7.20919
      vertex 12.0908 15 7.20919
      vertex 12.3563 15 7.44205
    endloop
  endfacet
  facet normal 0 1 0
    outer loop
      vertex 16.1421 15 6.94366
      vertex 12.0908 15 7.20919
      vertex 15.9092 15 7.20919
    endloop
  endfacet
  facet normal 0 1 0
    outer loop
      vertex 16.1421 15 6.94366
      vertex 11.8579 15 6.94366
      vertex 12.0908 15 7.20919
    endloop
  endfacet
  facet normal 0 1 0
    outer loop
      vertex 16.3383 15 6.65
      vertex 11.8579 15 6.94366
      vertex 16.1421 15 6.94366
    endloop
  endfacet
  facet normal 0 1 0
    outer loop
      vertex 16.3383 15 6.65
      vertex 11.6617 15 6.65
      vertex 11.8579 15 6.94366
    endloop
  endfacet
  facet normal 0 1 0
    outer loop
      vertex 16.4945 15 6.33324
      vertex 11.6617 15 6.65
      vertex 16.3383 15 6.65
    endloop
  endfacet
  facet normal 0 1 0
    outer loop
      vertex 16.4945 15 6.33324
      vertex 11.5055 15 6.33324
      vertex 11.6617 15 6.65
    endloop
  endfacet
  facet normal 0 1 0
    outer loop
      vertex 16.608 15 5.99881
      vertex 11.5055 15 6.33324
      vertex 16.4945 15 6.33324
    endloop
  endfacet
  facet normal 0 1 0
    outer loop
      vertex 16.608 15 5.99881
      vertex 11.392 15 5.99881
      vertex 11.5055 15 6.33324
    endloop
  endfacet
  facet normal 0 1 0
    outer loop
      vertex 16.6769 15 5.65242
      vertex 11.392 15 5.99881
      vertex 16.608 15 5.99881
    endloop
  endfacet
  facet normal 0 1 0
    outer loop
      vertex 16.6769 15 5.65242
      vertex 11.3231 15 5.65242
      vertex 11.392 15 5.99881
    endloop
  endfacet
  facet normal 0 1 0
    outer loop
      vertex 16.7 15 5.3
      vertex 11.3231 15 5.65242
      vertex 16.6769 15 5.65242
    endloop
  endfacet
  facet normal 0 1 0
    outer loop
      vertex 16.7 15 5.3
      vertex 11.3 15 5.3
      vertex 11.3231 15 5.65242
    endloop
  endfacet
  facet normal 0 1 -0
    outer loop
      vertex 16.6769 15 4.94758
      vertex 11.3 15 5.3
      vertex 16.7 15 5.3
    endloop
  endfacet
  facet normal 0 1 0
    outer loop
      vertex 16.6769 15 4.94758
      vertex 11.3231 15 4.94758
      vertex 11.3 15 5.3
    endloop
  endfacet
  facet normal 0 1 -0
    outer loop
      vertex 16.608 15 4.60119
      vertex 11.3231 15 4.94758
      vertex 16.6769 15 4.94758
    endloop
  endfacet
  facet normal 0 1 0
    outer loop
      vertex 16.608 15 4.60119
      vertex 11.392 15 4.60119
      vertex 11.3231 15 4.94758
    endloop
  endfacet
  facet normal 0 1 -0
    outer loop
      vertex 16.4945 15 4.26675
      vertex 11.392 15 4.60119
      vertex 16.608 15 4.60119
    endloop
  endfacet
  facet normal 0 1 0
    outer loop
      vertex 16.4945 15 4.26675
      vertex 11.5055 15 4.26675
      vertex 11.392 15 4.60119
    endloop
  endfacet
  facet normal 0 1 -0
    outer loop
      vertex 16.3383 15 3.95
      vertex 11.5055 15 4.26675
      vertex 16.4945 15 4.26675
    endloop
  endfacet
  facet normal 0 1 0
    outer loop
      vertex 16.3383 15 3.95
      vertex 11.6617 15 3.95
      vertex 11.5055 15 4.26675
    endloop
  endfacet
  facet normal 0 1 -0
    outer loop
      vertex 16.1421 15 3.65634
      vertex 11.6617 15 3.95
      vertex 16.3383 15 3.95
    endloop
  endfacet
  facet normal 0 1 0
    outer loop
      vertex 16.1421 15 3.65634
      vertex 11.8579 15 3.65634
      vertex 11.6617 15 3.95
    endloop
  endfacet
  facet normal 0 1 -0
    outer loop
      vertex 15.9092 15 3.39081
      vertex 11.8579 15 3.65634
      vertex 16.1421 15 3.65634
    endloop
  endfacet
  facet normal 0 1 0
    outer loop
      vertex 15.9092 15 3.39081
      vertex 12.0908 15 3.39081
      vertex 11.8579 15 3.65634
    endloop
  endfacet
  facet normal 0 1 -0
    outer loop
      vertex 15.6437 15 3.15795
      vertex 12.0908 15 3.39081
      vertex 15.9092 15 3.39081
    endloop
  endfacet
  facet normal 0 1 0
    outer loop
      vertex 15.6437 15 3.15795
      vertex 12.3563 15 3.15795
      vertex 12.0908 15 3.39081
    endloop
  endfacet
  facet normal 0 1 -0
    outer loop
      vertex 15.35 15 2.96173
      vertex 12.3563 15 3.15795
      vertex 15.6437 15 3.15795
    endloop
  endfacet
  facet normal 0 1 0
    outer loop
      vertex 15.35 15 2.96173
      vertex 12.65 15 2.96173
      vertex 12.3563 15 3.15795
    endloop
  endfacet
  facet normal 0 1 -0
    outer loop
      vertex 15.0332 15 2.80552
      vertex 12.65 15 2.96173
      vertex 15.35 15 2.96173
    endloop
  endfacet
  facet normal 0 1 0
    outer loop
      vertex 15.0332 15 2.80552
      vertex 12.9668 15 2.80552
      vertex 12.65 15 2.96173
    endloop
  endfacet
  facet normal 0 1 -0
    outer loop
      vertex 14.6988 15 2.692
      vertex 12.9668 15 2.80552
      vertex 15.0332 15 2.80552
    endloop
  endfacet
  facet normal 0 1 0
    outer loop
      vertex 14.6988 15 2.692
      vertex 13.3012 15 2.692
      vertex 12.9668 15 2.80552
    endloop
  endfacet
  facet normal 0 1 -0
    outer loop
      vertex 14.3524 15 2.6231
      vertex 13.3012 15 2.692
      vertex 14.6988 15 2.692
    endloop
  endfacet
  facet normal 0 1 0
    outer loop
      vertex 14.3524 15 2.6231
      vertex 13.6476 15 2.6231
      vertex 13.3012 15 2.692
    endloop
  endfacet
  facet normal -0 1 0
    outer loop
      vertex 13.6476 15 2.6231
      vertex 14.3524 15 2.6231
      vertex 14 15 2.6
    endloop
  endfacet
  facet normal 0.321481 0 0.946916
    outer loop
      vertex 14.6988 15 7.908
      vertex 15.0332 4 7.79447
      vertex 15.0332 15 7.79447
    endloop
  endfacet
  facet normal 0.321481 0 0.946916
    outer loop
      vertex 15.0332 4 7.79447
      vertex 14.6988 15 7.908
      vertex 14.6988 4 7.908
    endloop
  endfacet
  facet normal -0.946951 0 0.321379
    outer loop
      vertex 11.392 4 5.99881
      vertex 11.5055 15 6.33324
      vertex 11.392 15 5.99881
    endloop
  endfacet
  facet normal -0.946951 0 0.321379
    outer loop
      vertex 11.5055 15 6.33324
      vertex 11.392 4 5.99881
      vertex 11.5055 4 6.33324
    endloop
  endfacet
  facet normal -0.659382 0 0.751808
    outer loop
      vertex 12.0908 15 7.20919
      vertex 12.3563 4 7.44205
      vertex 12.3563 15 7.44205
    endloop
  endfacet
  facet normal -0.659382 0 0.751808
    outer loop
      vertex 12.3563 4 7.44205
      vertex 12.0908 15 7.20919
      vertex 12.0908 4 7.20919
    endloop
  endfacet
  facet normal -0.831492 0 -0.555536
    outer loop
      vertex 11.8579 4 3.65634
      vertex 11.6617 15 3.95
      vertex 11.8579 15 3.65634
    endloop
  endfacet
  facet normal -0.831492 -0 -0.555536
    outer loop
      vertex 11.6617 15 3.95
      vertex 11.8579 4 3.65634
      vertex 11.6617 4 3.95
    endloop
  endfacet
  facet normal -0.195081 0 -0.980787
    outer loop
      vertex 13.3012 4 2.692
      vertex 13.6476 15 2.6231
      vertex 13.6476 4 2.6231
    endloop
  endfacet
  facet normal -0.195081 0 -0.980787
    outer loop
      vertex 13.6476 15 2.6231
      vertex 13.3012 4 2.692
      vertex 13.3012 15 2.692
    endloop
  endfacet
  facet normal -0.831492 0 0.555536
    outer loop
      vertex 11.6617 4 6.65
      vertex 11.8579 15 6.94366
      vertex 11.6617 15 6.65
    endloop
  endfacet
  facet normal -0.831492 0 0.555536
    outer loop
      vertex 11.8579 15 6.94366
      vertex 11.6617 4 6.65
      vertex 11.8579 4 6.94366
    endloop
  endfacet
  facet normal -0.751789 0 0.659404
    outer loop
      vertex 11.8579 4 6.94366
      vertex 12.0908 15 7.20919
      vertex 11.8579 15 6.94366
    endloop
  endfacet
  facet normal -0.751789 0 0.659404
    outer loop
      vertex 12.0908 15 7.20919
      vertex 11.8579 4 6.94366
      vertex 12.0908 4 7.20919
    endloop
  endfacet
  facet normal -0.321481 0 0.946916
    outer loop
      vertex 12.9668 15 7.79447
      vertex 13.3012 4 7.908
      vertex 13.3012 15 7.908
    endloop
  endfacet
  facet normal -0.321481 0 0.946916
    outer loop
      vertex 13.3012 4 7.908
      vertex 12.9668 15 7.79447
      vertex 12.9668 4 7.79447
    endloop
  endfacet
  facet normal 0 1 0
    outer loop
      vertex 28 4 36
      vertex 14 4 33.4
      vertex 0 4 36
    endloop
  endfacet
  facet normal 0 1 0
    outer loop
      vertex 28 4 36
      vertex 14.3524 4 33.3769
      vertex 14 4 33.4
    endloop
  endfacet
  facet normal 0 1 0
    outer loop
      vertex 28 4 36
      vertex 14.6988 4 33.308
      vertex 14.3524 4 33.3769
    endloop
  endfacet
  facet normal 0 1 0
    outer loop
      vertex 28 4 36
      vertex 15.0332 4 33.1945
      vertex 14.6988 4 33.308
    endloop
  endfacet
  facet normal 0 1 0
    outer loop
      vertex 28 4 36
      vertex 15.35 4 33.0383
      vertex 15.0332 4 33.1945
    endloop
  endfacet
  facet normal 0 1 0
    outer loop
      vertex 28 4 36
      vertex 15.6437 4 32.8421
      vertex 15.35 4 33.0383
    endloop
  endfacet
  facet normal 0 1 0
    outer loop
      vertex 28 4 36
      vertex 15.9092 4 32.6092
      vertex 15.6437 4 32.8421
    endloop
  endfacet
  facet normal 0 1 0
    outer loop
      vertex 28 4 36
      vertex 16.1421 4 32.3437
      vertex 15.9092 4 32.6092
    endloop
  endfacet
  facet normal 0 1 0
    outer loop
      vertex 28 4 36
      vertex 16.3383 4 32.05
      vertex 16.1421 4 32.3437
    endloop
  endfacet
  facet normal 0 1 0
    outer loop
      vertex 28 4 36
      vertex 16.4945 4 31.7332
      vertex 16.3383 4 32.05
    endloop
  endfacet
  facet normal 0 1 0
    outer loop
      vertex 28 4 36
      vertex 16.608 4 31.3988
      vertex 16.4945 4 31.7332
    endloop
  endfacet
  facet normal 0 1 0
    outer loop
      vertex 28 4 36
      vertex 16.6769 4 31.0524
      vertex 16.608 4 31.3988
    endloop
  endfacet
  facet normal 0 1 0
    outer loop
      vertex 28 4 36
      vertex 16.7 4 30.7
      vertex 16.6769 4 31.0524
    endloop
  endfacet
  facet normal 0 1 0
    outer loop
      vertex 28 4 36
      vertex 16.6769 4 30.3476
      vertex 16.7 4 30.7
    endloop
  endfacet
  facet normal 0 1 0
    outer loop
      vertex 28 4 36
      vertex 16.608 4 30.0012
      vertex 16.6769 4 30.3476
    endloop
  endfacet
  facet normal 0 1 0
    outer loop
      vertex 28 4 36
      vertex 16.4945 4 29.6668
      vertex 16.608 4 30.0012
    endloop
  endfacet
  facet normal 0 1 0
    outer loop
      vertex 28 4 36
      vertex 16.3383 4 29.35
      vertex 16.4945 4 29.6668
    endloop
  endfacet
  facet normal 0 1 0
    outer loop
      vertex 28 4 36
      vertex 16.1421 4 29.0563
      vertex 16.3383 4 29.35
    endloop
  endfacet
  facet normal 0 1 0
    outer loop
      vertex 16.1421 4 6.94366
      vertex 16.1421 4 29.0563
      vertex 28 4 36
    endloop
  endfacet
  facet normal 0 1 0
    outer loop
      vertex 16.1421 4 29.0563
      vertex 16.1421 4 6.94366
      vertex 15.9092 4 28.7908
    endloop
  endfacet
  facet normal -0 1 0
    outer loop
      vertex 15.9092 4 7.20919
      vertex 15.9092 4 28.7908
      vertex 16.1421 4 6.94366
    endloop
  endfacet
  facet normal 0 1 0
    outer loop
      vertex 14.3524 4 28.0231
      vertex 14 4 8
      vertex 14 4 28
    endloop
  endfacet
  facet normal 0 1 0
    outer loop
      vertex 14.3524 4 7.9769
      vertex 14.3524 4 28.0231
      vertex 14.6988 4 28.092
    endloop
  endfacet
  facet normal 0 1 0
    outer loop
      vertex 14.6988 4 7.908
      vertex 14.6988 4 28.092
      vertex 15.0332 4 28.2055
    endloop
  endfacet
  facet normal 0 1 0
    outer loop
      vertex 15.0332 4 7.79447
      vertex 15.0332 4 28.2055
      vertex 15.35 4 28.3617
    endloop
  endfacet
  facet normal 0 1 0
    outer loop
      vertex 15.9092 4 28.7908
      vertex 15.9092 4 7.20919
      vertex 15.6437 4 28.5579
    endloop
  endfacet
  facet normal 0 1 0
    outer loop
      vertex 14.3524 4 28.0231
      vertex 14.3524 4 7.9769
      vertex 14 4 8
    endloop
  endfacet
  facet normal 0 1 0
    outer loop
      vertex 14.6988 4 28.092
      vertex 14.6988 4 7.908
      vertex 14.3524 4 7.9769
    endloop
  endfacet
  facet normal 0 1 0
    outer loop
      vertex 15.0332 4 28.2055
      vertex 15.0332 4 7.79447
      vertex 14.6988 4 7.908
    endloop
  endfacet
  facet normal 0 1 0
    outer loop
      vertex 15.35 4 28.3617
      vertex 15.35 4 7.63827
      vertex 15.0332 4 7.79447
    endloop
  endfacet
  facet normal 0 1 0
    outer loop
      vertex 15.35 4 28.3617
      vertex 15.6437 4 7.44205
      vertex 15.35 4 7.63827
    endloop
  endfacet
  facet normal 0 1 0
    outer loop
      vertex 15.6437 4 28.5579
      vertex 15.6437 4 7.44205
      vertex 15.35 4 28.3617
    endloop
  endfacet
  facet normal -0 1 0
    outer loop
      vertex 15.6437 4 7.44205
      vertex 15.6437 4 28.5579
      vertex 15.9092 4 7.20919
    endloop
  endfacet
  facet normal 0 1 -0
    outer loop
      vertex 28 4 0
      vertex 16.1421 4 6.94366
      vertex 28 4 36
    endloop
  endfacet
  facet normal 0 1 0
    outer loop
      vertex 16.1421 4 6.94366
      vertex 28 4 0
      vertex 16.3383 4 6.65
    endloop
  endfacet
  facet normal 0 1 0
    outer loop
      vertex 16.3383 4 6.65
      vertex 28 4 0
      vertex 16.4945 4 6.33324
    endloop
  endfacet
  facet normal 0 1 0
    outer loop
      vertex 16.4945 4 6.33324
      vertex 28 4 0
      vertex 16.608 4 5.99881
    endloop
  endfacet
  facet normal 0 1 0
    outer loop
      vertex 16.608 4 5.99881
      vertex 28 4 0
      vertex 16.6769 4 5.65242
    endloop
  endfacet
  facet normal 0 1 0
    outer loop
      vertex 16.6769 4 5.65242
      vertex 28 4 0
      vertex 16.7 4 5.3
    endloop
  endfacet
  facet normal 0 1 0
    outer loop
      vertex 16.7 4 5.3
      vertex 28 4 0
      vertex 16.6769 4 4.94758
    endloop
  endfacet
  facet normal 0 1 0
    outer loop
      vertex 16.6769 4 4.94758
      vertex 28 4 0
      vertex 16.608 4 4.60119
    endloop
  endfacet
  facet normal 0 1 0
    outer loop
      vertex 14.3524 4 2.6231
      vertex 28 4 0
      vertex 14 4 2.6
    endloop
  endfacet
  facet normal 0 1 0
    outer loop
      vertex 14.6988 4 2.692
      vertex 28 4 0
      vertex 14.3524 4 2.6231
    endloop
  endfacet
  facet normal 0 1 0
    outer loop
      vertex 15.0332 4 2.80552
      vertex 28 4 0
      vertex 14.6988 4 2.692
    endloop
  endfacet
  facet normal 0 1 0
    outer loop
      vertex 15.35 4 2.96173
      vertex 28 4 0
      vertex 15.0332 4 2.80552
    endloop
  endfacet
  facet normal 0 1 0
    outer loop
      vertex 15.6437 4 3.15795
      vertex 28 4 0
      vertex 15.35 4 2.96173
    endloop
  endfacet
  facet normal 0 1 0
    outer loop
      vertex 15.9092 4 3.39081
      vertex 28 4 0
      vertex 15.6437 4 3.15795
    endloop
  endfacet
  facet normal 0 1 0
    outer loop
      vertex 16.1421 4 3.65634
      vertex 28 4 0
      vertex 15.9092 4 3.39081
    endloop
  endfacet
  facet normal 0 1 0
    outer loop
      vertex 16.3383 4 3.95
      vertex 28 4 0
      vertex 16.1421 4 3.65634
    endloop
  endfacet
  facet normal 0 1 0
    outer loop
      vertex 16.4945 4 4.26675
      vertex 28 4 0
      vertex 16.3383 4 3.95
    endloop
  endfacet
  facet normal 0 1 0
    outer loop
      vertex 16.608 4 4.60119
      vertex 28 4 0
      vertex 16.4945 4 4.26675
    endloop
  endfacet
  facet normal 0 1 -0
    outer loop
      vertex 13.6476 4 33.3769
      vertex 0 4 36
      vertex 14 4 33.4
    endloop
  endfacet
  facet normal 0 1 -0
    outer loop
      vertex 13.3012 4 33.308
      vertex 0 4 36
      vertex 13.6476 4 33.3769
    endloop
  endfacet
  facet normal 0 1 -0
    outer loop
      vertex 12.9668 4 33.1945
      vertex 0 4 36
      vertex 13.3012 4 33.308
    endloop
  endfacet
  facet normal 0 1 -0
    outer loop
      vertex 12.65 4 33.0383
      vertex 0 4 36
      vertex 12.9668 4 33.1945
    endloop
  endfacet
  facet normal 0 1 -0
    outer loop
      vertex 12.3563 4 32.8421
      vertex 0 4 36
      vertex 12.65 4 33.0383
    endloop
  endfacet
  facet normal 0 1 -0
    outer loop
      vertex 12.0908 4 32.6092
      vertex 0 4 36
      vertex 12.3563 4 32.8421
    endloop
  endfacet
  facet normal 0 1 -0
    outer loop
      vertex 11.8579 4 32.3437
      vertex 0 4 36
      vertex 12.0908 4 32.6092
    endloop
  endfacet
  facet normal 0 1 -0
    outer loop
      vertex 11.6617 4 32.05
      vertex 0 4 36
      vertex 11.8579 4 32.3437
    endloop
  endfacet
  facet normal 0 1 -0
    outer loop
      vertex 11.5055 4 31.7332
      vertex 0 4 36
      vertex 11.6617 4 32.05
    endloop
  endfacet
  facet normal 0 1 -0
    outer loop
      vertex 11.392 4 31.3988
      vertex 0 4 36
      vertex 11.5055 4 31.7332
    endloop
  endfacet
  facet normal 0 1 -0
    outer loop
      vertex 11.3231 4 31.0524
      vertex 0 4 36
      vertex 11.392 4 31.3988
    endloop
  endfacet
  facet normal 0 1 -0
    outer loop
      vertex 11.3 4 30.7
      vertex 0 4 36
      vertex 11.3231 4 31.0524
    endloop
  endfacet
  facet normal 0 1 0
    outer loop
      vertex 11.3231 4 30.3476
      vertex 0 4 36
      vertex 11.3 4 30.7
    endloop
  endfacet
  facet normal 0 1 0
    outer loop
      vertex 11.392 4 30.0012
      vertex 0 4 36
      vertex 11.3231 4 30.3476
    endloop
  endfacet
  facet normal 0 1 0
    outer loop
      vertex 11.5055 4 29.6668
      vertex 0 4 36
      vertex 11.392 4 30.0012
    endloop
  endfacet
  facet normal 0 1 0
    outer loop
      vertex 11.6617 4 29.35
      vertex 0 4 36
      vertex 11.5055 4 29.6668
    endloop
  endfacet
  facet normal 0 1 0
    outer loop
      vertex 11.8579 4 29.0563
      vertex 0 4 36
      vertex 11.6617 4 29.35
    endloop
  endfacet
  facet normal 0 1 0
    outer loop
      vertex 11.8579 4 6.94366
      vertex 11.8579 4 29.0563
      vertex 12.0908 4 28.7908
    endloop
  endfacet
  facet normal 0 1 0
    outer loop
      vertex 12.0908 4 7.20919
      vertex 12.0908 4 28.7908
      vertex 12.3563 4 28.5579
    endloop
  endfacet
  facet normal 0 1 0
    outer loop
      vertex 12.3563 4 7.44205
      vertex 12.3563 4 28.5579
      vertex 12.65 4 28.3617
    endloop
  endfacet
  facet normal 0 1 -0
    outer loop
      vertex 14 4 8
      vertex 13.6476 4 28.0231
      vertex 14 4 28
    endloop
  endfacet
  facet normal 0 1 0
    outer loop
      vertex 13.6476 4 7.9769
      vertex 13.6476 4 28.0231
      vertex 14 4 8
    endloop
  endfacet
  facet normal 0 1 0
    outer loop
      vertex 13.6476 4 28.0231
      vertex 13.6476 4 7.9769
      vertex 13.3012 4 28.092
    endloop
  endfacet
  facet normal 0 1 0
    outer loop
      vertex 13.3012 4 7.908
      vertex 13.3012 4 28.092
      vertex 13.6476 4 7.9769
    endloop
  endfacet
  facet normal 0 1 0
    outer loop
      vertex 13.3012 4 28.092
      vertex 13.3012 4 7.908
      vertex 12.9668 4 28.2055
    endloop
  endfacet
  facet normal 0 1 0
    outer loop
      vertex 12.9668 4 7.79447
      vertex 12.9668 4 28.2055
      vertex 13.3012 4 7.908
    endloop
  endfacet
  facet normal 0 1 0
    outer loop
      vertex 12.9668 4 28.2055
      vertex 12.9668 4 7.79447
      vertex 12.65 4 28.3617
    endloop
  endfacet
  facet normal 0 1 0
    outer loop
      vertex 12.65 4 7.63827
      vertex 12.65 4 28.3617
      vertex 12.9668 4 7.79447
    endloop
  endfacet
  facet normal 0 1 0
    outer loop
      vertex 12.3563 4 7.44205
      vertex 12.65 4 28.3617
      vertex 12.65 4 7.63827
    endloop
  endfacet
  facet normal 0 1 0
    outer loop
      vertex 12.3563 4 28.5579
      vertex 12.3563 4 7.44205
      vertex 12.0908 4 7.20919
    endloop
  endfacet
  facet normal 0 1 0
    outer loop
      vertex 12.0908 4 28.7908
      vertex 12.0908 4 7.20919
      vertex 11.8579 4 6.94366
    endloop
  endfacet
  facet normal 0 1 0
    outer loop
      vertex 11.8579 4 29.0563
      vertex 11.8579 4 6.94366
      vertex 0 4 36
    endloop
  endfacet
  facet normal 0 1 0
    outer loop
      vertex 0 4 0
      vertex 11.8579 4 6.94366
      vertex 11.6617 4 6.65
    endloop
  endfacet
  facet normal 0 1 0
    outer loop
      vertex 0 4 0
      vertex 11.6617 4 6.65
      vertex 11.5055 4 6.33324
    endloop
  endfacet
  facet normal 0 1 0
    outer loop
      vertex 0 4 0
      vertex 11.5055 4 6.33324
      vertex 11.392 4 5.99881
    endloop
  endfacet
  facet normal 0 1 0
    outer loop
      vertex 0 4 0
      vertex 11.392 4 5.99881
      vertex 11.3231 4 5.65242
    endloop
  endfacet
  facet normal 0 1 0
    outer loop
      vertex 0 4 0
      vertex 11.3231 4 5.65242
      vertex 11.3 4 5.3
    endloop
  endfacet
  facet normal 0 1 0
    outer loop
      vertex 0 4 0
      vertex 11.3 4 5.3
      vertex 11.3231 4 4.94758
    endloop
  endfacet
  facet normal 0 1 0
    outer loop
      vertex 0 4 0
      vertex 11.3231 4 4.94758
      vertex 11.392 4 4.60119
    endloop
  endfacet
  facet normal 0 1 0
    outer loop
      vertex 0 4 0
      vertex 11.392 4 4.60119
      vertex 11.5055 4 4.26675
    endloop
  endfacet
  facet normal 0 1 0
    outer loop
      vertex 0 4 0
      vertex 14 4 2.6
      vertex 28 4 0
    endloop
  endfacet
  facet normal 0 1 0
    outer loop
      vertex 11.8579 4 6.94366
      vertex 0 4 0
      vertex 0 4 36
    endloop
  endfacet
  facet normal 0 1 0
    outer loop
      vertex 11.6617 4 3.95
      vertex 0 4 0
      vertex 11.5055 4 4.26675
    endloop
  endfacet
  facet normal 0 1 0
    outer loop
      vertex 11.8579 4 3.65634
      vertex 0 4 0
      vertex 11.6617 4 3.95
    endloop
  endfacet
  facet normal 0 1 0
    outer loop
      vertex 12.0908 4 3.39081
      vertex 0 4 0
      vertex 11.8579 4 3.65634
    endloop
  endfacet
  facet normal 0 1 0
    outer loop
      vertex 12.3563 4 3.15795
      vertex 0 4 0
      vertex 12.0908 4 3.39081
    endloop
  endfacet
  facet normal 0 1 0
    outer loop
      vertex 12.65 4 2.96173
      vertex 0 4 0
      vertex 12.3563 4 3.15795
    endloop
  endfacet
  facet normal 0 1 0
    outer loop
      vertex 12.9668 4 2.80552
      vertex 0 4 0
      vertex 12.65 4 2.96173
    endloop
  endfacet
  facet normal 0 1 0
    outer loop
      vertex 13.3012 4 2.692
      vertex 0 4 0
      vertex 12.9668 4 2.80552
    endloop
  endfacet
  facet normal 0 1 0
    outer loop
      vertex 13.6476 4 2.6231
      vertex 0 4 0
      vertex 13.3012 4 2.692
    endloop
  endfacet
  facet normal 0 1 0
    outer loop
      vertex 14 4 2.6
      vertex 0 4 0
      vertex 13.6476 4 2.6231
    endloop
  endfacet
  facet normal 0.555523 0 0.831501
    outer loop
      vertex 15.35 15 7.63827
      vertex 15.6437 4 7.44205
      vertex 15.6437 15 7.44205
    endloop
  endfacet
  facet normal 0.555523 0 0.831501
    outer loop
      vertex 15.6437 4 7.44205
      vertex 15.35 15 7.63827
      vertex 15.35 4 7.63827
    endloop
  endfacet
  facet normal -0.896877 0 -0.44228
    outer loop
      vertex 11.6617 4 3.95
      vertex 11.5055 15 4.26675
      vertex 11.6617 15 3.95
    endloop
  endfacet
  facet normal -0.896877 -0 -0.44228
    outer loop
      vertex 11.5055 15 4.26675
      vertex 11.6617 4 3.95
      vertex 11.5055 4 4.26675
    endloop
  endfacet
  facet normal 0.321405 0 0.946942
    outer loop
      vertex 14.6988 15 33.308
      vertex 15.0332 4 33.1945
      vertex 15.0332 15 33.1945
    endloop
  endfacet
  facet normal 0.321405 0 0.946942
    outer loop
      vertex 15.0332 4 33.1945
      vertex 14.6988 15 33.308
      vertex 14.6988 4 33.308
    endloop
  endfacet
  facet normal 0.980787 0 -0.195081
    outer loop
      vertex 16.6769 4 30.3476
      vertex 16.608 15 30.0012
      vertex 16.6769 15 30.3476
    endloop
  endfacet
  facet normal 0.980787 0 -0.195081
    outer loop
      vertex 16.608 15 30.0012
      vertex 16.6769 4 30.3476
      vertex 16.608 4 30.0012
    endloop
  endfacet
  facet normal 0.997858 0 -0.0654101
    outer loop
      vertex 16.7 4 30.7
      vertex 16.6769 15 30.3476
      vertex 16.7 15 30.7
    endloop
  endfacet
  facet normal 0.997858 0 -0.0654101
    outer loop
      vertex 16.6769 15 30.3476
      vertex 16.7 4 30.7
      vertex 16.6769 4 30.3476
    endloop
  endfacet
  facet normal 0.946942 0 -0.321405
    outer loop
      vertex 16.608 4 30.0012
      vertex 16.4945 15 29.6668
      vertex 16.608 15 30.0012
    endloop
  endfacet
  facet normal 0.946942 0 -0.321405
    outer loop
      vertex 16.4945 15 29.6668
      vertex 16.608 4 30.0012
      vertex 16.4945 4 29.6668
    endloop
  endfacet
  facet normal 0.321405 0 -0.946942
    outer loop
      vertex 14.6988 4 28.092
      vertex 15.0332 15 28.2055
      vertex 15.0332 4 28.2055
    endloop
  endfacet
  facet normal 0.321405 0 -0.946942
    outer loop
      vertex 15.0332 15 28.2055
      vertex 14.6988 4 28.092
      vertex 14.6988 15 28.092
    endloop
  endfacet
  facet normal 0.442224 0 0.896905
    outer loop
      vertex 15.0332 15 33.1945
      vertex 15.35 4 33.0383
      vertex 15.35 15 33.0383
    endloop
  endfacet
  facet normal 0.442224 0 0.896905
    outer loop
      vertex 15.35 4 33.0383
      vertex 15.0332 15 33.1945
      vertex 15.0332 4 33.1945
    endloop
  endfacet
  facet normal -0.831527 0 0.555484
    outer loop
      vertex 11.6617 4 32.05
      vertex 11.8579 15 32.3437
      vertex 11.6617 15 32.05
    endloop
  endfacet
  facet normal -0.831527 0 0.555484
    outer loop
      vertex 11.8579 15 32.3437
      vertex 11.6617 4 32.05
      vertex 11.8579 4 32.3437
    endloop
  endfacet
  facet normal -0.997858 0 0.0654101
    outer loop
      vertex 11.3 4 30.7
      vertex 11.3231 15 31.0524
      vertex 11.3 15 30.7
    endloop
  endfacet
  facet normal -0.997858 0 0.0654101
    outer loop
      vertex 11.3231 15 31.0524
      vertex 11.3 4 30.7
      vertex 11.3231 4 31.0524
    endloop
  endfacet
  facet normal -0.946942 0 -0.321405
    outer loop
      vertex 11.5055 4 29.6668
      vertex 11.392 15 30.0012
      vertex 11.5055 15 29.6668
    endloop
  endfacet
  facet normal -0.946942 -0 -0.321405
    outer loop
      vertex 11.392 15 30.0012
      vertex 11.5055 4 29.6668
      vertex 11.392 4 30.0012
    endloop
  endfacet
  facet normal 0.997858 -0 0.0654101
    outer loop
      vertex 16.6769 4 31.0524
      vertex 16.7 15 30.7
      vertex 16.6769 15 31.0524
    endloop
  endfacet
  facet normal 0.997858 0 0.0654101
    outer loop
      vertex 16.7 15 30.7
      vertex 16.6769 4 31.0524
      vertex 16.7 4 30.7
    endloop
  endfacet
  facet normal 0.896905 0 -0.442224
    outer loop
      vertex 16.4945 4 29.6668
      vertex 16.3383 15 29.35
      vertex 16.4945 15 29.6668
    endloop
  endfacet
  facet normal 0.896905 0 -0.442224
    outer loop
      vertex 16.3383 15 29.35
      vertex 16.4945 4 29.6668
      vertex 16.3383 4 29.35
    endloop
  endfacet
  facet normal 0.555484 0 0.831527
    outer loop
      vertex 15.35 15 33.0383
      vertex 15.6437 4 32.8421
      vertex 15.6437 15 32.8421
    endloop
  endfacet
  facet normal 0.555484 0 0.831527
    outer loop
      vertex 15.6437 4 32.8421
      vertex 15.35 15 33.0383
      vertex 15.35 4 33.0383
    endloop
  endfacet
  facet normal 0.0654101 0 -0.997858
    outer loop
      vertex 14 4 28
      vertex 14.3524 15 28.0231
      vertex 14.3524 4 28.0231
    endloop
  endfacet
  facet normal 0.0654101 0 -0.997858
    outer loop
      vertex 14.3524 15 28.0231
      vertex 14 4 28
      vertex 14 15 28
    endloop
  endfacet
  facet normal -0.831527 0 -0.555484
    outer loop
      vertex 11.8579 4 29.0563
      vertex 11.6617 15 29.35
      vertex 11.8579 15 29.0563
    endloop
  endfacet
  facet normal -0.831527 -0 -0.555484
    outer loop
      vertex 11.6617 15 29.35
      vertex 11.8579 4 29.0563
      vertex 11.6617 4 29.35
    endloop
  endfacet
  facet normal 0.896905 -0 0.442224
    outer loop
      vertex 16.3383 4 32.05
      vertex 16.4945 15 31.7332
      vertex 16.3383 15 32.05
    endloop
  endfacet
  facet normal 0.896905 0 0.442224
    outer loop
      vertex 16.4945 15 31.7332
      vertex 16.3383 4 32.05
      vertex 16.4945 4 31.7332
    endloop
  endfacet
  facet normal -0.997858 0 -0.0654101
    outer loop
      vertex 11.3231 4 30.3476
      vertex 11.3 15 30.7
      vertex 11.3231 15 30.3476
    endloop
  endfacet
  facet normal -0.997858 -0 -0.0654101
    outer loop
      vertex 11.3 15 30.7
      vertex 11.3231 4 30.3476
      vertex 11.3 4 30.7
    endloop
  endfacet
  facet normal 0.751752 -0 0.659446
    outer loop
      vertex 15.9092 4 32.6092
      vertex 16.1421 15 32.3437
      vertex 15.9092 15 32.6092
    endloop
  endfacet
  facet normal 0.751752 0 0.659446
    outer loop
      vertex 16.1421 15 32.3437
      vertex 15.9092 4 32.6092
      vertex 16.1421 4 32.3437
    endloop
  endfacet
  facet normal 0.831527 -0 0.555484
    outer loop
      vertex 16.1421 4 32.3437
      vertex 16.3383 15 32.05
      vertex 16.1421 15 32.3437
    endloop
  endfacet
  facet normal 0.831527 0 0.555484
    outer loop
      vertex 16.3383 15 32.05
      vertex 16.1421 4 32.3437
      vertex 16.3383 4 32.05
    endloop
  endfacet
  facet normal -0.896905 0 0.442224
    outer loop
      vertex 11.5055 4 31.7332
      vertex 11.6617 15 32.05
      vertex 11.5055 15 31.7332
    endloop
  endfacet
  facet normal -0.896905 0 0.442224
    outer loop
      vertex 11.6617 15 32.05
      vertex 11.5055 4 31.7332
      vertex 11.6617 4 32.05
    endloop
  endfacet
  facet normal -0.751752 0 0.659446
    outer loop
      vertex 11.8579 4 32.3437
      vertex 12.0908 15 32.6092
      vertex 11.8579 15 32.3437
    endloop
  endfacet
  facet normal -0.751752 0 0.659446
    outer loop
      vertex 12.0908 15 32.6092
      vertex 11.8579 4 32.3437
      vertex 12.0908 4 32.6092
    endloop
  endfacet
  facet normal -0.659446 0 -0.751752
    outer loop
      vertex 12.0908 4 28.7908
      vertex 12.3563 15 28.5579
      vertex 12.3563 4 28.5579
    endloop
  endfacet
  facet normal -0.659446 0 -0.751752
    outer loop
      vertex 12.3563 15 28.5579
      vertex 12.0908 4 28.7908
      vertex 12.0908 15 28.7908
    endloop
  endfacet
  facet normal -0.0654101 0 -0.997858
    outer loop
      vertex 13.6476 4 28.0231
      vertex 14 15 28
      vertex 14 4 28
    endloop
  endfacet
  facet normal -0.0654101 0 -0.997858
    outer loop
      vertex 14 15 28
      vertex 13.6476 4 28.0231
      vertex 13.6476 15 28.0231
    endloop
  endfacet
  facet normal 0.555484 0 -0.831527
    outer loop
      vertex 15.35 4 28.3617
      vertex 15.6437 15 28.5579
      vertex 15.6437 4 28.5579
    endloop
  endfacet
  facet normal 0.555484 0 -0.831527
    outer loop
      vertex 15.6437 15 28.5579
      vertex 15.35 4 28.3617
      vertex 15.35 15 28.3617
    endloop
  endfacet
  facet normal 0.195081 0 0.980787
    outer loop
      vertex 14.3524 15 33.3769
      vertex 14.6988 4 33.308
      vertex 14.6988 15 33.308
    endloop
  endfacet
  facet normal 0.195081 0 0.980787
    outer loop
      vertex 14.6988 4 33.308
      vertex 14.3524 15 33.3769
      vertex 14.3524 4 33.3769
    endloop
  endfacet
  facet normal 0.442224 0 -0.896905
    outer loop
      vertex 15.0332 4 28.2055
      vertex 15.35 15 28.3617
      vertex 15.35 4 28.3617
    endloop
  endfacet
  facet normal 0.442224 0 -0.896905
    outer loop
      vertex 15.35 15 28.3617
      vertex 15.0332 4 28.2055
      vertex 15.0332 15 28.2055
    endloop
  endfacet
  facet normal 0.831527 0 -0.555484
    outer loop
      vertex 16.3383 4 29.35
      vertex 16.1421 15 29.0563
      vertex 16.3383 15 29.35
    endloop
  endfacet
  facet normal 0.831527 0 -0.555484
    outer loop
      vertex 16.1421 15 29.0563
      vertex 16.3383 4 29.35
      vertex 16.1421 4 29.0563
    endloop
  endfacet
  facet normal 0 1 0
    outer loop
      vertex 14.3524 15 33.3769
      vertex 13.6476 15 33.3769
      vertex 14 15 33.4
    endloop
  endfacet
  facet normal 0 1 0
    outer loop
      vertex 14.6988 15 33.308
      vertex 13.6476 15 33.3769
      vertex 14.3524 15 33.3769
    endloop
  endfacet
  facet normal 0 1 0
    outer loop
      vertex 14.6988 15 33.308
      vertex 13.3012 15 33.308
      vertex 13.6476 15 33.3769
    endloop
  endfacet
  facet normal 0 1 0
    outer loop
      vertex 15.0332 15 33.1945
      vertex 13.3012 15 33.308
      vertex 14.6988 15 33.308
    endloop
  endfacet
  facet normal 0 1 0
    outer loop
      vertex 15.0332 15 33.1945
      vertex 12.9668 15 33.1945
      vertex 13.3012 15 33.308
    endloop
  endfacet
  facet normal 0 1 0
    outer loop
      vertex 15.35 15 33.0383
      vertex 12.9668 15 33.1945
      vertex 15.0332 15 33.1945
    endloop
  endfacet
  facet normal 0 1 0
    outer loop
      vertex 15.35 15 33.0383
      vertex 12.65 15 33.0383
      vertex 12.9668 15 33.1945
    endloop
  endfacet
  facet normal 0 1 0
    outer loop
      vertex 15.6437 15 32.8421
      vertex 12.65 15 33.0383
      vertex 15.35 15 33.0383
    endloop
  endfacet
  facet normal 0 1 0
    outer loop
      vertex 15.6437 15 32.8421
      vertex 12.3563 15 32.8421
      vertex 12.65 15 33.0383
    endloop
  endfacet
  facet normal 0 1 0
    outer loop
      vertex 15.9092 15 32.6092
      vertex 12.3563 15 32.8421
      vertex 15.6437 15 32.8421
    endloop
  endfacet
  facet normal 0 1 0
    outer loop
      vertex 15.9092 15 32.6092
      vertex 12.0908 15 32.6092
      vertex 12.3563 15 32.8421
    endloop
  endfacet
  facet normal 0 1 0
    outer loop
      vertex 16.1421 15 32.3437
      vertex 12.0908 15 32.6092
      vertex 15.9092 15 32.6092
    endloop
  endfacet
  facet normal 0 1 0
    outer loop
      vertex 16.1421 15 32.3437
      vertex 11.8579 15 32.3437
      vertex 12.0908 15 32.6092
    endloop
  endfacet
  facet normal 0 1 0
    outer loop
      vertex 16.3383 15 32.05
      vertex 11.8579 15 32.3437
      vertex 16.1421 15 32.3437
    endloop
  endfacet
  facet normal 0 1 0
    outer loop
      vertex 16.3383 15 32.05
      vertex 11.6617 15 32.05
      vertex 11.8579 15 32.3437
    endloop
  endfacet
  facet normal 0 1 0
    outer loop
      vertex 16.4945 15 31.7332
      vertex 11.6617 15 32.05
      vertex 16.3383 15 32.05
    endloop
  endfacet
  facet normal 0 1 0
    outer loop
      vertex 16.4945 15 31.7332
      vertex 11.5055 15 31.7332
      vertex 11.6617 15 32.05
    endloop
  endfacet
  facet normal 0 1 0
    outer loop
      vertex 16.608 15 31.3988
      vertex 11.5055 15 31.7332
      vertex 16.4945 15 31.7332
    endloop
  endfacet
  facet normal 0 1 0
    outer loop
      vertex 16.608 15 31.3988
      vertex 11.392 15 31.3988
      vertex 11.5055 15 31.7332
    endloop
  endfacet
  facet normal 0 1 0
    outer loop
      vertex 16.6769 15 31.0524
      vertex 11.392 15 31.3988
      vertex 16.608 15 31.3988
    endloop
  endfacet
  facet normal 0 1 0
    outer loop
      vertex 16.6769 15 31.0524
      vertex 11.3231 15 31.0524
      vertex 11.392 15 31.3988
    endloop
  endfacet
  facet normal 0 1 0
    outer loop
      vertex 16.7 15 30.7
      vertex 11.3231 15 31.0524
      vertex 16.6769 15 31.0524
    endloop
  endfacet
  facet normal 0 1 0
    outer loop
      vertex 16.7 15 30.7
      vertex 11.3 15 30.7
      vertex 11.3231 15 31.0524
    endloop
  endfacet
  facet normal 0 1 -0
    outer loop
      vertex 16.6769 15 30.3476
      vertex 11.3 15 30.7
      vertex 16.7 15 30.7
    endloop
  endfacet
  facet normal 0 1 0
    outer loop
      vertex 16.6769 15 30.3476
      vertex 11.3231 15 30.3476
      vertex 11.3 15 30.7
    endloop
  endfacet
  facet normal 0 1 -0
    outer loop
      vertex 16.608 15 30.0012
      vertex 11.3231 15 30.3476
      vertex 16.6769 15 30.3476
    endloop
  endfacet
  facet normal 0 1 0
    outer loop
      vertex 16.608 15 30.0012
      vertex 11.392 15 30.0012
      vertex 11.3231 15 30.3476
    endloop
  endfacet
  facet normal 0 1 -0
    outer loop
      vertex 16.4945 15 29.6668
      vertex 11.392 15 30.0012
      vertex 16.608 15 30.0012
    endloop
  endfacet
  facet normal 0 1 0
    outer loop
      vertex 16.4945 15 29.6668
      vertex 11.5055 15 29.6668
      vertex 11.392 15 30.0012
    endloop
  endfacet
  facet normal 0 1 -0
    outer loop
      vertex 16.3383 15 29.35
      vertex 11.5055 15 29.6668
      vertex 16.4945 15 29.6668
    endloop
  endfacet
  facet normal 0 1 0
    outer loop
      vertex 16.3383 15 29.35
      vertex 11.6617 15 29.35
      vertex 11.5055 15 29.6668
    endloop
  endfacet
  facet normal 0 1 -0
    outer loop
      vertex 16.1421 15 29.0563
      vertex 11.6617 15 29.35
      vertex 16.3383 15 29.35
    endloop
  endfacet
  facet normal 0 1 0
    outer loop
      vertex 16.1421 15 29.0563
      vertex 11.8579 15 29.0563
      vertex 11.6617 15 29.35
    endloop
  endfacet
  facet normal 0 1 -0
    outer loop
      vertex 15.9092 15 28.7908
      vertex 11.8579 15 29.0563
      vertex 16.1421 15 29.0563
    endloop
  endfacet
  facet normal 0 1 0
    outer loop
      vertex 15.9092 15 28.7908
      vertex 12.0908 15 28.7908
      vertex 11.8579 15 29.0563
    endloop
  endfacet
  facet normal 0 1 -0
    outer loop
      vertex 15.6437 15 28.5579
      vertex 12.0908 15 28.7908
      vertex 15.9092 15 28.7908
    endloop
  endfacet
  facet normal 0 1 0
    outer loop
      vertex 15.6437 15 28.5579
      vertex 12.3563 15 28.5579
      vertex 12.0908 15 28.7908
    endloop
  endfacet
  facet normal 0 1 -0
    outer loop
      vertex 15.35 15 28.3617
      vertex 12.3563 15 28.5579
      vertex 15.6437 15 28.5579
    endloop
  endfacet
  facet normal 0 1 0
    outer loop
      vertex 15.35 15 28.3617
      vertex 12.65 15 28.3617
      vertex 12.3563 15 28.5579
    endloop
  endfacet
  facet normal 0 1 -0
    outer loop
      vertex 15.0332 15 28.2055
      vertex 12.65 15 28.3617
      vertex 15.35 15 28.3617
    endloop
  endfacet
  facet normal 0 1 0
    outer loop
      vertex 15.0332 15 28.2055
      vertex 12.9668 15 28.2055
      vertex 12.65 15 28.3617
    endloop
  endfacet
  facet normal 0 1 -0
    outer loop
      vertex 14.6988 15 28.092
      vertex 12.9668 15 28.2055
      vertex 15.0332 15 28.2055
    endloop
  endfacet
  facet normal 0 1 0
    outer loop
      vertex 14.6988 15 28.092
      vertex 13.3012 15 28.092
      vertex 12.9668 15 28.2055
    endloop
  endfacet
  facet normal 0 1 -0
    outer loop
      vertex 14.3524 15 28.0231
      vertex 13.3012 15 28.092
      vertex 14.6988 15 28.092
    endloop
  endfacet
  facet normal 0 1 0
    outer loop
      vertex 14.3524 15 28.0231
      vertex 13.6476 15 28.0231
      vertex 13.3012 15 28.092
    endloop
  endfacet
  facet normal -0 1 0
    outer loop
      vertex 13.6476 15 28.0231
      vertex 14.3524 15 28.0231
      vertex 14 15 28
    endloop
  endfacet
  facet normal -0.442224 0 -0.896905
    outer loop
      vertex 12.65 4 28.3617
      vertex 12.9668 15 28.2055
      vertex 12.9668 4 28.2055
    endloop
  endfacet
  facet normal -0.442224 0 -0.896905
    outer loop
      vertex 12.9668 15 28.2055
      vertex 12.65 4 28.3617
      vertex 12.65 15 28.3617
    endloop
  endfacet
  facet normal 0.946942 -0 0.321405
    outer loop
      vertex 16.4945 4 31.7332
      vertex 16.608 15 31.3988
      vertex 16.4945 15 31.7332
    endloop
  endfacet
  facet normal 0.946942 0 0.321405
    outer loop
      vertex 16.608 15 31.3988
      vertex 16.4945 4 31.7332
      vertex 16.608 4 31.3988
    endloop
  endfacet
  facet normal 0.751752 0 -0.659446
    outer loop
      vertex 16.1421 4 29.0563
      vertex 15.9092 15 28.7908
      vertex 16.1421 15 29.0563
    endloop
  endfacet
  facet normal 0.751752 0 -0.659446
    outer loop
      vertex 15.9092 15 28.7908
      vertex 16.1421 4 29.0563
      vertex 15.9092 4 28.7908
    endloop
  endfacet
  facet normal 0.659446 0 -0.751752
    outer loop
      vertex 15.6437 4 28.5579
      vertex 15.9092 15 28.7908
      vertex 15.9092 4 28.7908
    endloop
  endfacet
  facet normal 0.659446 0 -0.751752
    outer loop
      vertex 15.9092 15 28.7908
      vertex 15.6437 4 28.5579
      vertex 15.6437 15 28.5579
    endloop
  endfacet
  facet normal -0.0654101 0 0.997858
    outer loop
      vertex 13.6476 15 33.3769
      vertex 14 4 33.4
      vertex 14 15 33.4
    endloop
  endfacet
  facet normal -0.0654101 0 0.997858
    outer loop
      vertex 14 4 33.4
      vertex 13.6476 15 33.3769
      vertex 13.6476 4 33.3769
    endloop
  endfacet
  facet normal -0.321405 0 0.946942
    outer loop
      vertex 12.9668 15 33.1945
      vertex 13.3012 4 33.308
      vertex 13.3012 15 33.308
    endloop
  endfacet
  facet normal -0.321405 0 0.946942
    outer loop
      vertex 13.3012 4 33.308
      vertex 12.9668 15 33.1945
      vertex 12.9668 4 33.1945
    endloop
  endfacet
  facet normal -0.321405 0 -0.946942
    outer loop
      vertex 12.9668 4 28.2055
      vertex 13.3012 15 28.092
      vertex 13.3012 4 28.092
    endloop
  endfacet
  facet normal -0.321405 0 -0.946942
    outer loop
      vertex 13.3012 15 28.092
      vertex 12.9668 4 28.2055
      vertex 12.9668 15 28.2055
    endloop
  endfacet
  facet normal -0.195081 0 0.980787
    outer loop
      vertex 13.3012 15 33.308
      vertex 13.6476 4 33.3769
      vertex 13.6476 15 33.3769
    endloop
  endfacet
  facet normal -0.195081 0 0.980787
    outer loop
      vertex 13.6476 4 33.3769
      vertex 13.3012 15 33.308
      vertex 13.3012 4 33.308
    endloop
  endfacet
  facet normal 0.0654101 0 0.997858
    outer loop
      vertex 14 15 33.4
      vertex 14.3524 4 33.3769
      vertex 14.3524 15 33.3769
    endloop
  endfacet
  facet normal 0.0654101 0 0.997858
    outer loop
      vertex 14.3524 4 33.3769
      vertex 14 15 33.4
      vertex 14 4 33.4
    endloop
  endfacet
  facet normal -0.195081 0 -0.980787
    outer loop
      vertex 13.3012 4 28.092
      vertex 13.6476 15 28.0231
      vertex 13.6476 4 28.0231
    endloop
  endfacet
  facet normal -0.195081 0 -0.980787
    outer loop
      vertex 13.6476 15 28.0231
      vertex 13.3012 4 28.092
      vertex 13.3012 15 28.092
    endloop
  endfacet
  facet normal -0.659446 0 0.751752
    outer loop
      vertex 12.0908 15 32.6092
      vertex 12.3563 4 32.8421
      vertex 12.3563 15 32.8421
    endloop
  endfacet
  facet normal -0.659446 0 0.751752
    outer loop
      vertex 12.3563 4 32.8421
      vertex 12.0908 15 32.6092
      vertex 12.0908 4 32.6092
    endloop
  endfacet
  facet normal 0.195081 0 -0.980787
    outer loop
      vertex 14.3524 4 28.0231
      vertex 14.6988 15 28.092
      vertex 14.6988 4 28.092
    endloop
  endfacet
  facet normal 0.195081 0 -0.980787
    outer loop
      vertex 14.6988 15 28.092
      vertex 14.3524 4 28.0231
      vertex 14.3524 15 28.0231
    endloop
  endfacet
  facet normal 0.659446 0 0.751752
    outer loop
      vertex 15.6437 15 32.8421
      vertex 15.9092 4 32.6092
      vertex 15.9092 15 32.6092
    endloop
  endfacet
  facet normal 0.659446 0 0.751752
    outer loop
      vertex 15.9092 4 32.6092
      vertex 15.6437 15 32.8421
      vertex 15.6437 4 32.8421
    endloop
  endfacet
  facet normal 0.980787 -0 0.195081
    outer loop
      vertex 16.608 4 31.3988
      vertex 16.6769 15 31.0524
      vertex 16.608 15 31.3988
    endloop
  endfacet
  facet normal 0.980787 0 0.195081
    outer loop
      vertex 16.6769 15 31.0524
      vertex 16.608 4 31.3988
      vertex 16.6769 4 31.0524
    endloop
  endfacet
  facet normal -0.946942 0 0.321405
    outer loop
      vertex 11.392 4 31.3988
      vertex 11.5055 15 31.7332
      vertex 11.392 15 31.3988
    endloop
  endfacet
  facet normal -0.946942 0 0.321405
    outer loop
      vertex 11.5055 15 31.7332
      vertex 11.392 4 31.3988
      vertex 11.5055 4 31.7332
    endloop
  endfacet
  facet normal -0.980787 0 0.195081
    outer loop
      vertex 11.3231 4 31.0524
      vertex 11.392 15 31.3988
      vertex 11.3231 15 31.0524
    endloop
  endfacet
  facet normal -0.980787 0 0.195081
    outer loop
      vertex 11.392 15 31.3988
      vertex 11.3231 4 31.0524
      vertex 11.392 4 31.3988
    endloop
  endfacet
  facet normal -0.555484 0 -0.831527
    outer loop
      vertex 12.3563 4 28.5579
      vertex 12.65 15 28.3617
      vertex 12.65 4 28.3617
    endloop
  endfacet
  facet normal -0.555484 0 -0.831527
    outer loop
      vertex 12.65 15 28.3617
      vertex 12.3563 4 28.5579
      vertex 12.3563 15 28.5579
    endloop
  endfacet
  facet normal -0.980787 0 -0.195081
    outer loop
      vertex 11.392 4 30.0012
      vertex 11.3231 15 30.3476
      vertex 11.392 15 30.0012
    endloop
  endfacet
  facet normal -0.980787 -0 -0.195081
    outer loop
      vertex 11.3231 15 30.3476
      vertex 11.392 4 30.0012
      vertex 11.3231 4 30.3476
    endloop
  endfacet
  facet normal -0.896905 0 -0.442224
    outer loop
      vertex 11.6617 4 29.35
      vertex 11.5055 15 29.6668
      vertex 11.6617 15 29.35
    endloop
  endfacet
  facet normal -0.896905 -0 -0.442224
    outer loop
      vertex 11.5055 15 29.6668
      vertex 11.6617 4 29.35
      vertex 11.5055 4 29.6668
    endloop
  endfacet
  facet normal -0.751752 0 -0.659446
    outer loop
      vertex 12.0908 4 28.7908
      vertex 11.8579 15 29.0563
      vertex 12.0908 15 28.7908
    endloop
  endfacet
  facet normal -0.751752 -0 -0.659446
    outer loop
      vertex 11.8579 15 29.0563
      vertex 12.0908 4 28.7908
      vertex 11.8579 4 29.0563
    endloop
  endfacet
  facet normal -0.442224 0 0.896905
    outer loop
      vertex 12.65 15 33.0383
      vertex 12.9668 4 33.1945
      vertex 12.9668 15 33.1945
    endloop
  endfacet
  facet normal -0.442224 0 0.896905
    outer loop
      vertex 12.9668 4 33.1945
      vertex 12.65 15 33.0383
      vertex 12.65 4 33.0383
    endloop
  endfacet
  facet normal -0.555484 0 0.831527
    outer loop
      vertex 12.3563 15 32.8421
      vertex 12.65 4 33.0383
      vertex 12.65 15 33.0383
    endloop
  endfacet
  facet normal -0.555484 0 0.831527
    outer loop
      vertex 12.65 4 33.0383
      vertex 12.3563 15 32.8421
      vertex 12.3563 4 32.8421
    endloop
  endfacet
  facet normal 1 -0 0
    outer loop
      vertex 28 0 36
      vertex 28 4 0
      vertex 28 4 36
    endloop
  endfacet
  facet normal 1 0 0
    outer loop
      vertex 28 4 0
      vertex 28 0 36
      vertex 28 0 0
    endloop
  endfacet
  facet normal -0 0 1
    outer loop
      vertex 0 4 36
      vertex 28 0 36
      vertex 28 4 36
    endloop
  endfacet
  facet normal 0 0 1
    outer loop
      vertex 28 0 36
      vertex 0 4 36
      vertex 0 0 36
    endloop
  endfacet
  facet normal 0 0 -1
    outer loop
      vertex 0 0 0
      vertex 28 4 0
      vertex 28 0 0
    endloop
  endfacet
  facet normal -0 0 -1
    outer loop
      vertex 28 4 0
      vertex 0 0 0
      vertex 0 4 0
    endloop
  endfacet
  facet normal -1 0 0
    outer loop
      vertex 0 0 0
      vertex 0 4 36
      vertex 0 4 0
    endloop
  endfacet
  facet normal -1 -0 0
    outer loop
      vertex 0 4 36
      vertex 0 0 0
      vertex 0 0 36
    endloop
  endfacet
  facet normal 0 -1 0
    outer loop
      vertex 0 0 36
      vertex 14 0 10
      vertex 28 0 36
    endloop
  endfacet
  facet normal 0 -1 0
    outer loop
      vertex 0 0 36
      vertex 13.4779 0 9.96578
      vertex 14 0 10
    endloop
  endfacet
  facet normal 0 -1 0
    outer loop
      vertex 0 0 36
      vertex 12.9647 0 9.8637
      vertex 13.4779 0 9.96578
    endloop
  endfacet
  facet normal 0 -1 0
    outer loop
      vertex 0 0 36
      vertex 12.4693 0 9.69552
      vertex 12.9647 0 9.8637
    endloop
  endfacet
  facet normal 0 -1 0
    outer loop
      vertex 0 0 36
      vertex 12 0 9.4641
      vertex 12.4693 0 9.69552
    endloop
  endfacet
  facet normal 0 -1 0
    outer loop
      vertex 0 0 36
      vertex 11.565 0 9.17341
      vertex 12 0 9.4641
    endloop
  endfacet
  facet normal 0 -1 0
    outer loop
      vertex 0 0 36
      vertex 11.1716 0 8.82843
      vertex 11.565 0 9.17341
    endloop
  endfacet
  facet normal 0 -1 0
    outer loop
      vertex 0 0 36
      vertex 10.8266 0 8.43505
      vertex 11.1716 0 8.82843
    endloop
  endfacet
  facet normal 0 -1 0
    outer loop
      vertex 0 0 36
      vertex 10.5359 0 8
      vertex 10.8266 0 8.43505
    endloop
  endfacet
  facet normal 0 -1 0
    outer loop
      vertex 0 0 0
      vertex 10.5359 0 8
      vertex 0 0 36
    endloop
  endfacet
  facet normal 0 -1 0
    outer loop
      vertex 10.5359 0 8
      vertex 0 0 0
      vertex 10.3045 0 7.53073
    endloop
  endfacet
  facet normal 0 -1 0
    outer loop
      vertex 10.3045 0 7.53073
      vertex 0 0 0
      vertex 10.1363 0 7.03528
    endloop
  endfacet
  facet normal 0 -1 0
    outer loop
      vertex 10.1363 0 7.03528
      vertex 0 0 0
      vertex 10.0342 0 6.5221
    endloop
  endfacet
  facet normal 0 -1 0
    outer loop
      vertex 10.0342 0 6.5221
      vertex 0 0 0
      vertex 10 0 6
    endloop
  endfacet
  facet normal 0 -1 -0
    outer loop
      vertex 10 0 6
      vertex 0 0 0
      vertex 10.0342 0 5.4779
    endloop
  endfacet
  facet normal 0 -1 -0
    outer loop
      vertex 13.4779 0 2.03422
      vertex 0 0 0
      vertex 14 0 2
    endloop
  endfacet
  facet normal 0 -1 -0
    outer loop
      vertex 12.9647 0 2.1363
      vertex 0 0 0
      vertex 13.4779 0 2.03422
    endloop
  endfacet
  facet normal 0 -1 -0
    outer loop
      vertex 12.4693 0 2.30448
      vertex 0 0 0
      vertex 12.9647 0 2.1363
    endloop
  endfacet
  facet normal 0 -1 -0
    outer loop
      vertex 12 0 2.5359
      vertex 0 0 0
      vertex 12.4693 0 2.30448
    endloop
  endfacet
  facet normal 0 -1 -0
    outer loop
      vertex 11.565 0 2.82659
      vertex 0 0 0
      vertex 12 0 2.5359
    endloop
  endfacet
  facet normal 0 -1 -0
    outer loop
      vertex 11.1716 0 3.17157
      vertex 0 0 0
      vertex 11.565 0 2.82659
    endloop
  endfacet
  facet normal 0 -1 -0
    outer loop
      vertex 10.8266 0 3.56495
      vertex 0 0 0
      vertex 11.1716 0 3.17157
    endloop
  endfacet
  facet normal 0 -1 -0
    outer loop
      vertex 10.5359 0 4
      vertex 0 0 0
      vertex 10.8266 0 3.56495
    endloop
  endfacet
  facet normal 0 -1 -0
    outer loop
      vertex 10.3045 0 4.46927
      vertex 0 0 0
      vertex 10.5359 0 4
    endloop
  endfacet
  facet normal 0 -1 -0
    outer loop
      vertex 10.1363 0 4.96472
      vertex 0 0 0
      vertex 10.3045 0 4.46927
    endloop
  endfacet
  facet normal 0 -1 -0
    outer loop
      vertex 10.0342 0 5.4779
      vertex 0 0 0
      vertex 10.1363 0 4.96472
    endloop
  endfacet
  facet normal 0 -1 0
    outer loop
      vertex 14.5221 0 9.96578
      vertex 28 0 36
      vertex 14 0 10
    endloop
  endfacet
  facet normal 0 -1 0
    outer loop
      vertex 15.0353 0 9.8637
      vertex 28 0 36
      vertex 14.5221 0 9.96578
    endloop
  endfacet
  facet normal 0 -1 0
    outer loop
      vertex 15.5307 0 9.69552
      vertex 28 0 36
      vertex 15.0353 0 9.8637
    endloop
  endfacet
  facet normal 0 -1 0
    outer loop
      vertex 16 0 9.4641
      vertex 28 0 36
      vertex 15.5307 0 9.69552
    endloop
  endfacet
  facet normal 0 -1 0
    outer loop
      vertex 16.435 0 9.17341
      vertex 28 0 36
      vertex 16 0 9.4641
    endloop
  endfacet
  facet normal 0 -1 0
    outer loop
      vertex 16.8284 0 8.82843
      vertex 28 0 36
      vertex 16.435 0 9.17341
    endloop
  endfacet
  facet normal 0 -1 0
    outer loop
      vertex 17.1734 0 8.43505
      vertex 28 0 36
      vertex 16.8284 0 8.82843
    endloop
  endfacet
  facet normal 0 -1 0
    outer loop
      vertex 17.4641 0 8
      vertex 28 0 36
      vertex 17.1734 0 8.43505
    endloop
  endfacet
  facet normal 0 -1 0
    outer loop
      vertex 28 0 0
      vertex 17.4641 0 8
      vertex 17.6955 0 7.53073
    endloop
  endfacet
  facet normal 0 -1 0
    outer loop
      vertex 28 0 0
      vertex 17.6955 0 7.53073
      vertex 17.8637 0 7.03528
    endloop
  endfacet
  facet normal 0 -1 0
    outer loop
      vertex 28 0 0
      vertex 17.8637 0 7.03528
      vertex 17.9658 0 6.5221
    endloop
  endfacet
  facet normal 0 -1 0
    outer loop
      vertex 28 0 0
      vertex 17.9658 0 6.5221
      vertex 18 0 6
    endloop
  endfacet
  facet normal 0 -1 0
    outer loop
      vertex 28 0 0
      vertex 18 0 6
      vertex 17.9658 0 5.4779
    endloop
  endfacet
  facet normal 0 -1 0
    outer loop
      vertex 28 0 0
      vertex 17.9658 0 5.4779
      vertex 17.8637 0 4.96472
    endloop
  endfacet
  facet normal 0 -1 0
    outer loop
      vertex 28 0 0
      vertex 14 0 2
      vertex 0 0 0
    endloop
  endfacet
  facet normal 0 -1 0
    outer loop
      vertex 17.4641 0 8
      vertex 28 0 0
      vertex 28 0 36
    endloop
  endfacet
  facet normal 0 -1 0
    outer loop
      vertex 17.6955 0 4.46927
      vertex 28 0 0
      vertex 17.8637 0 4.96472
    endloop
  endfacet
  facet normal 0 -1 0
    outer loop
      vertex 17.4641 0 4
      vertex 28 0 0
      vertex 17.6955 0 4.46927
    endloop
  endfacet
  facet normal 0 -1 0
    outer loop
      vertex 17.1734 0 3.56495
      vertex 28 0 0
      vertex 17.4641 0 4
    endloop
  endfacet
  facet normal 0 -1 0
    outer loop
      vertex 16.8284 0 3.17157
      vertex 28 0 0
      vertex 17.1734 0 3.56495
    endloop
  endfacet
  facet normal 0 -1 0
    outer loop
      vertex 16.435 0 2.82659
      vertex 28 0 0
      vertex 16.8284 0 3.17157
    endloop
  endfacet
  facet normal 0 -1 0
    outer loop
      vertex 16 0 2.5359
      vertex 28 0 0
      vertex 16.435 0 2.82659
    endloop
  endfacet
  facet normal 0 -1 0
    outer loop
      vertex 15.5307 0 2.30448
      vertex 28 0 0
      vertex 16 0 2.5359
    endloop
  endfacet
  facet normal 0 -1 0
    outer loop
      vertex 15.0353 0 2.1363
      vertex 28 0 0
      vertex 15.5307 0 2.30448
    endloop
  endfacet
  facet normal 0 -1 0
    outer loop
      vertex 14.5221 0 2.03422
      vertex 28 0 0
      vertex 15.0353 0 2.1363
    endloop
  endfacet
  facet normal 0 -1 0
    outer loop
      vertex 14 0 2
      vertex 28 0 0
      vertex 14.5221 0 2.03422
    endloop
  endfacet
  facet normal 0.980777 -1.11042e-07 0.195131
    outer loop
      vertex 17.8637 0 7.03528
      vertex 17.8756 -30.9976 6.97545
      vertex 17.9658 0 6.5221
    endloop
  endfacet
  facet normal 0.980813 2.52877e-07 0.19495
    outer loop
      vertex 17.8637 0 7.03528
      vertex 17.8711 -31.0017 6.99809
      vertex 17.8756 -30.9976 6.97545
    endloop
  endfacet
  facet normal 0.980773 0 0.195152
    outer loop
      vertex 17.8711 -31.0017 6.99809
      vertex 17.8637 0 7.03528
      vertex 17.8637 -31.0083 7.03528
    endloop
  endfacet
  facet normal 0.980981 -1.56913e-05 0.194106
    outer loop
      vertex 17.8795 -30.9982 6.95574
      vertex 17.9658 0 6.5221
      vertex 17.8756 -30.9976 6.97545
    endloop
  endfacet
  facet normal 0.980709 4.22594e-06 0.195476
    outer loop
      vertex 17.9071 -31.002 6.81727
      vertex 17.9658 0 6.5221
      vertex 17.8795 -30.9982 6.95574
    endloop
  endfacet
  facet normal 0.980794 0 0.195049
    outer loop
      vertex 17.9658 0 6.5221
      vertex 17.9071 -31.002 6.81727
      vertex 17.9658 -31.0201 6.5221
    endloop
  endfacet
  facet normal 0.997861 6.66125e-07 0.0653646
    outer loop
      vertex 17.9658 0 6.5221
      vertex 17.9786 -30.9931 6.32701
      vertex 18 0 6
    endloop
  endfacet
  facet normal 0.997855 0 0.06547
    outer loop
      vertex 17.9786 -30.9931 6.32701
      vertex 17.9658 0 6.5221
      vertex 17.9658 -31.0201 6.5221
    endloop
  endfacet
  facet normal 0.997866 0 0.0653017
    outer loop
      vertex 18 0 6
      vertex 17.9786 -30.9931 6.32701
      vertex 18 -31.0252 6
    endloop
  endfacet
  facet normal -0.896887 2.26781e-07 0.44226
    outer loop
      vertex 10.3045 0 7.53073
      vertex 10.3422 -31.0055 7.6072
      vertex 10.5359 0 8
    endloop
  endfacet
  facet normal -0.896923 0 0.442187
    outer loop
      vertex 10.3422 -31.0055 7.6072
      vertex 10.3045 0 7.53073
      vertex 10.3045 -31.0175 7.53073
    endloop
  endfacet
  facet normal -0.896841 -1.23015e-06 0.442353
    outer loop
      vertex 10.5241 -31.0293 7.97599
      vertex 10.5359 0 8
      vertex 10.3422 -31.0055 7.6072
    endloop
  endfacet
  facet normal -0.897471 0 0.441073
    outer loop
      vertex 10.5359 0 8
      vertex 10.5241 -31.0293 7.97599
      vertex 10.5359 -31.0308 8
    endloop
  endfacet
  facet normal 0.44249 0 0.896773
    outer loop
      vertex 16 0 9.4641
      vertex 15.9346 -31.0208 9.49637
      vertex 16 -31.0258 9.4641
    endloop
  endfacet
  facet normal 0.442179 8.17473e-07 0.896927
    outer loop
      vertex 16 0 9.4641
      vertex 15.7291 -31.0051 9.59768
      vertex 15.9346 -31.0208 9.49637
    endloop
  endfacet
  facet normal 0.442268 -1.59274e-07 0.896883
    outer loop
      vertex 15.5307 0 9.69552
      vertex 15.7291 -31.0051 9.59768
      vertex 16 0 9.4641
    endloop
  endfacet
  facet normal 0.442288 0 0.896873
    outer loop
      vertex 15.7291 -31.0051 9.59768
      vertex 15.5307 0 9.69552
      vertex 15.5307 -31.0161 9.69552
    endloop
  endfacet
  facet normal -0.0654332 0 0.997857
    outer loop
      vertex 14 0 10
      vertex 13.817 -31.0135 9.988
      vertex 14 -31.0171 10
    endloop
  endfacet
  facet normal -0.0654031 -1.78644e-07 0.997859
    outer loop
      vertex 14 0 10
      vertex 13.6063 -31.0093 9.97419
      vertex 13.817 -31.0135 9.988
    endloop
  endfacet
  facet normal -0.0654027 -1.84102e-07 0.997859
    outer loop
      vertex 13.4779 0 9.96578
      vertex 13.6063 -31.0093 9.97419
      vertex 14 0 10
    endloop
  endfacet
  facet normal -0.0653584 0 0.997862
    outer loop
      vertex 13.6063 -31.0093 9.97419
      vertex 13.4779 0 9.96578
      vertex 13.4779 -31.0236 9.96578
    endloop
  endfacet
  facet normal 0.831462 -4.28875e-07 0.555582
    outer loop
      vertex 17.1734 0 8.43505
      vertex 17.3228 -31.0023 8.21144
      vertex 17.4641 0 8
    endloop
  endfacet
  facet normal 0.831489 0 0.555541
    outer loop
      vertex 17.3228 -31.0023 8.21144
      vertex 17.1734 0 8.43505
      vertex 17.1734 -31.0273 8.43505
    endloop
  endfacet
  facet normal 0.831433 0 0.555625
    outer loop
      vertex 17.4641 0 8
      vertex 17.3228 -31.0023 8.21144
      vertex 17.4641 -31.0308 8
    endloop
  endfacet
  facet normal -0.831462 -4.28875e-07 -0.555582
    outer loop
      vertex 10.8266 0 3.56495
      vertex 10.6772 -31.0023 3.78856
      vertex 10.5359 0 4
    endloop
  endfacet
  facet normal -0.831489 0 -0.555541
    outer loop
      vertex 10.6772 -31.0023 3.78856
      vertex 10.8266 0 3.56495
      vertex 10.8266 -31.0273 3.56495
    endloop
  endfacet
  facet normal -0.831433 -0 -0.555625
    outer loop
      vertex 10.5359 0 4
      vertex 10.6772 -31.0023 3.78856
      vertex 10.5359 -31.0308 4
    endloop
  endfacet
  facet normal -0.659321 0 0.751861
    outer loop
      vertex 11.1716 -31.0142 8.82843
      vertex 11.565 0 9.17341
      vertex 11.1716 0 8.82843
    endloop
  endfacet
  facet normal -0.659321 0 0.751861
    outer loop
      vertex 11.565 0 9.17341
      vertex 11.1716 -31.0142 8.82843
      vertex 11.565 -31.0206 9.17341
    endloop
  endfacet
  facet normal 0.751826 9.84646e-07 0.659362
    outer loop
      vertex 16.8284 0 8.82843
      vertex 16.8728 -31.0016 8.77785
      vertex 17.1734 0 8.43505
    endloop
  endfacet
  facet normal 0.751526 0 0.659703
    outer loop
      vertex 16.8728 -31.0016 8.77785
      vertex 16.8284 0 8.82843
      vertex 16.8284 -31.0142 8.82843
    endloop
  endfacet
  facet normal 0.752125 -5.69138e-06 0.659021
    outer loop
      vertex 16.9198 -31.0018 8.72421
      vertex 17.1734 0 8.43505
      vertex 16.8728 -31.0016 8.77785
    endloop
  endfacet
  facet normal 0.751583 4.50354e-06 0.659639
    outer loop
      vertex 16.998 -31.002 8.63511
      vertex 17.1734 0 8.43505
      vertex 16.9198 -31.0018 8.72421
    endloop
  endfacet
  facet normal 0.751929 0 0.659244
    outer loop
      vertex 17.1734 0 8.43505
      vertex 16.998 -31.002 8.63511
      vertex 17.1734 -31.0273 8.43505
    endloop
  endfacet
  facet normal -0.442288 0 -0.896873
    outer loop
      vertex 12.2709 -31.0051 2.40232
      vertex 12.4693 0 2.30448
      vertex 12.4693 -31.0161 2.30448
    endloop
  endfacet
  facet normal -0.442179 8.17473e-07 -0.896927
    outer loop
      vertex 12 0 2.5359
      vertex 12.2709 -31.0051 2.40232
      vertex 12.0654 -31.0208 2.50363
    endloop
  endfacet
  facet normal -0.44249 -0 -0.896773
    outer loop
      vertex 12 0 2.5359
      vertex 12.0654 -31.0208 2.50363
      vertex 12 -31.0258 2.5359
    endloop
  endfacet
  facet normal -0.442268 -1.59274e-07 -0.896883
    outer loop
      vertex 12.2709 -31.0051 2.40232
      vertex 12 0 2.5359
      vertex 12.4693 0 2.30448
    endloop
  endfacet
  facet normal 0.94692 0 0.321469
    outer loop
      vertex 17.6955 0 7.53073
      vertex 17.8637 -31.0083 7.03528
      vertex 17.8637 0 7.03528
    endloop
  endfacet
  facet normal 0.94692 0 0.321469
    outer loop
      vertex 17.8637 -31.0083 7.03528
      vertex 17.6955 0 7.53073
      vertex 17.6955 -31.0175 7.53073
    endloop
  endfacet
  facet normal -0.0654332 0 -0.997857
    outer loop
      vertex 13.817 -31.0135 2.012
      vertex 14 0 2
      vertex 14 -31.0171 2
    endloop
  endfacet
  facet normal -0.0654031 -1.78644e-07 -0.997859
    outer loop
      vertex 13.6063 -31.0093 2.02581
      vertex 14 0 2
      vertex 13.817 -31.0135 2.012
    endloop
  endfacet
  facet normal -0.0653584 -0 -0.997862
    outer loop
      vertex 13.4779 0 2.03422
      vertex 13.6063 -31.0093 2.02581
      vertex 13.4779 -31.0236 2.03422
    endloop
  endfacet
  facet normal -0.0654027 -1.84102e-07 -0.997859
    outer loop
      vertex 13.6063 -31.0093 2.02581
      vertex 13.4779 0 2.03422
      vertex 14 0 2
    endloop
  endfacet
  facet normal -0.55555 0 -0.831483
    outer loop
      vertex 11.7495 -30.9923 2.70327
      vertex 12 0 2.5359
      vertex 12 -31.0258 2.5359
    endloop
  endfacet
  facet normal -0.555534 1.411e-06 -0.831494
    outer loop
      vertex 11.565 0 2.82659
      vertex 11.7495 -30.9923 2.70327
      vertex 11.6943 -30.9952 2.74015
    endloop
  endfacet
  facet normal -0.555768 -0 -0.831337
    outer loop
      vertex 11.565 0 2.82659
      vertex 11.6943 -30.9952 2.74015
      vertex 11.565 -31.0206 2.82659
    endloop
  endfacet
  facet normal -0.555613 7.33589e-07 -0.831441
    outer loop
      vertex 11.7495 -30.9923 2.70327
      vertex 11.565 0 2.82659
      vertex 12 0 2.5359
    endloop
  endfacet
  facet normal -0.751826 9.84646e-07 -0.659362
    outer loop
      vertex 11.1716 0 3.17157
      vertex 11.1272 -31.0016 3.22215
      vertex 10.8266 0 3.56495
    endloop
  endfacet
  facet normal -0.751526 0 -0.659703
    outer loop
      vertex 11.1272 -31.0016 3.22215
      vertex 11.1716 0 3.17157
      vertex 11.1716 -31.0142 3.17157
    endloop
  endfacet
  facet normal -0.752125 -5.69138e-06 -0.659021
    outer loop
      vertex 11.0802 -31.0018 3.27579
      vertex 10.8266 0 3.56495
      vertex 11.1272 -31.0016 3.22215
    endloop
  endfacet
  facet normal -0.751583 4.50354e-06 -0.659639
    outer loop
      vertex 11.002 -31.002 3.36489
      vertex 10.8266 0 3.56495
      vertex 11.0802 -31.0018 3.27579
    endloop
  endfacet
  facet normal -0.751929 -0 -0.659244
    outer loop
      vertex 10.8266 0 3.56495
      vertex 11.002 -31.002 3.36489
      vertex 10.8266 -31.0273 3.56495
    endloop
  endfacet
  facet normal -0.442288 0 0.896873
    outer loop
      vertex 12.4693 0 9.69552
      vertex 12.2709 -31.0051 9.59768
      vertex 12.4693 -31.0161 9.69552
    endloop
  endfacet
  facet normal -0.442268 -1.59274e-07 0.896883
    outer loop
      vertex 12 0 9.4641
      vertex 12.2709 -31.0051 9.59768
      vertex 12.4693 0 9.69552
    endloop
  endfacet
  facet normal -0.442179 8.17473e-07 0.896927
    outer loop
      vertex 12.2709 -31.0051 9.59768
      vertex 12 0 9.4641
      vertex 12.0654 -31.0208 9.49637
    endloop
  endfacet
  facet normal -0.44249 0 0.896773
    outer loop
      vertex 12.0654 -31.0208 9.49637
      vertex 12 0 9.4641
      vertex 12 -31.0258 9.4641
    endloop
  endfacet
  facet normal 0.896887 2.26781e-07 0.44226
    outer loop
      vertex 17.4641 0 8
      vertex 17.6578 -31.0055 7.6072
      vertex 17.6955 0 7.53073
    endloop
  endfacet
  facet normal 0.896841 -1.23015e-06 0.442353
    outer loop
      vertex 17.4641 0 8
      vertex 17.4759 -31.0293 7.97599
      vertex 17.6578 -31.0055 7.6072
    endloop
  endfacet
  facet normal 0.897471 0 0.441073
    outer loop
      vertex 17.4759 -31.0293 7.97599
      vertex 17.4641 0 8
      vertex 17.4641 -31.0308 8
    endloop
  endfacet
  facet normal 0.896923 0 0.442187
    outer loop
      vertex 17.6955 0 7.53073
      vertex 17.6578 -31.0055 7.6072
      vertex 17.6955 -31.0175 7.53073
    endloop
  endfacet
  facet normal -0.3215 0 -0.946909
    outer loop
      vertex 12.8086 -31.0011 2.1893
      vertex 12.9647 0 2.1363
      vertex 12.9647 -31.0209 2.1363
    endloop
  endfacet
  facet normal -0.321206 -1.65285e-06 -0.947009
    outer loop
      vertex 12.755 -30.9943 2.20748
      vertex 12.9647 0 2.1363
      vertex 12.8086 -31.0011 2.1893
    endloop
  endfacet
  facet normal -0.321765 2.56314e-06 -0.94682
    outer loop
      vertex 12.7304 -30.9944 2.21584
      vertex 12.9647 0 2.1363
      vertex 12.755 -30.9943 2.20748
    endloop
  endfacet
  facet normal -0.321556 8.05532e-07 -0.94689
    outer loop
      vertex 12.6569 -30.9944 2.2408
      vertex 12.9647 0 2.1363
      vertex 12.7304 -30.9944 2.21584
    endloop
  endfacet
  facet normal -0.321432 -0 -0.946933
    outer loop
      vertex 12.4693 0 2.30448
      vertex 12.6569 -30.9944 2.2408
      vertex 12.4693 -31.0161 2.30448
    endloop
  endfacet
  facet normal -0.321464 -2.15599e-07 -0.946922
    outer loop
      vertex 12.6569 -30.9944 2.2408
      vertex 12.4693 0 2.30448
      vertex 12.9647 0 2.1363
    endloop
  endfacet
  facet normal 0.980777 -1.11042e-07 -0.195131
    outer loop
      vertex 17.9658 0 5.4779
      vertex 17.8756 -30.9976 5.02455
      vertex 17.8637 0 4.96472
    endloop
  endfacet
  facet normal 0.980981 -1.56913e-05 -0.194106
    outer loop
      vertex 17.9658 0 5.4779
      vertex 17.8795 -30.9982 5.04426
      vertex 17.8756 -30.9976 5.02455
    endloop
  endfacet
  facet normal 0.980709 4.22594e-06 -0.195476
    outer loop
      vertex 17.9658 0 5.4779
      vertex 17.9071 -31.002 5.18273
      vertex 17.8795 -30.9982 5.04426
    endloop
  endfacet
  facet normal 0.980794 0 -0.195049
    outer loop
      vertex 17.9071 -31.002 5.18273
      vertex 17.9658 0 5.4779
      vertex 17.9658 -31.0201 5.4779
    endloop
  endfacet
  facet normal 0.980813 2.52877e-07 -0.19495
    outer loop
      vertex 17.8711 -31.0017 5.00191
      vertex 17.8637 0 4.96472
      vertex 17.8756 -30.9976 5.02455
    endloop
  endfacet
  facet normal 0.980773 0 -0.195152
    outer loop
      vertex 17.8637 0 4.96472
      vertex 17.8711 -31.0017 5.00191
      vertex 17.8637 -31.0083 4.96472
    endloop
  endfacet
  facet normal 0.555768 0 -0.831337
    outer loop
      vertex 16.3057 -30.9952 2.74015
      vertex 16.435 0 2.82659
      vertex 16.435 -31.0206 2.82659
    endloop
  endfacet
  facet normal 0.555534 1.411e-06 -0.831494
    outer loop
      vertex 16.2505 -30.9923 2.70327
      vertex 16.435 0 2.82659
      vertex 16.3057 -30.9952 2.74015
    endloop
  endfacet
  facet normal 0.55555 0 -0.831483
    outer loop
      vertex 16 0 2.5359
      vertex 16.2505 -30.9923 2.70327
      vertex 16 -31.0258 2.5359
    endloop
  endfacet
  facet normal 0.555613 7.33589e-07 -0.831441
    outer loop
      vertex 16.2505 -30.9923 2.70327
      vertex 16 0 2.5359
      vertex 16.435 0 2.82659
    endloop
  endfacet
  facet normal -0.980777 -1.11042e-07 -0.195131
    outer loop
      vertex 10.1363 0 4.96472
      vertex 10.1244 -30.9976 5.02455
      vertex 10.0342 0 5.4779
    endloop
  endfacet
  facet normal -0.980813 2.52877e-07 -0.19495
    outer loop
      vertex 10.1363 0 4.96472
      vertex 10.1289 -31.0017 5.00191
      vertex 10.1244 -30.9976 5.02455
    endloop
  endfacet
  facet normal -0.980773 0 -0.195152
    outer loop
      vertex 10.1289 -31.0017 5.00191
      vertex 10.1363 0 4.96472
      vertex 10.1363 -31.0083 4.96472
    endloop
  endfacet
  facet normal -0.980981 -1.56913e-05 -0.194106
    outer loop
      vertex 10.1205 -30.9982 5.04426
      vertex 10.0342 0 5.4779
      vertex 10.1244 -30.9976 5.02455
    endloop
  endfacet
  facet normal -0.980709 4.22594e-06 -0.195476
    outer loop
      vertex 10.0929 -31.002 5.18273
      vertex 10.0342 0 5.4779
      vertex 10.1205 -30.9982 5.04426
    endloop
  endfacet
  facet normal -0.980794 -0 -0.195049
    outer loop
      vertex 10.0342 0 5.4779
      vertex 10.0929 -31.002 5.18273
      vertex 10.0342 -31.0201 5.4779
    endloop
  endfacet
  facet normal -0.3215 0 0.946909
    outer loop
      vertex 12.9647 0 9.8637
      vertex 12.8086 -31.0011 9.8107
      vertex 12.9647 -31.0209 9.8637
    endloop
  endfacet
  facet normal -0.321364 -7.63729e-07 0.946956
    outer loop
      vertex 12.9647 0 9.8637
      vertex 12.755 -30.9943 9.79251
      vertex 12.8086 -31.0011 9.8107
    endloop
  endfacet
  facet normal -0.32142 -3.46514e-07 0.946937
    outer loop
      vertex 12.9647 0 9.8637
      vertex 12.7304 -30.9944 9.78416
      vertex 12.755 -30.9943 9.79251
    endloop
  endfacet
  facet normal -0.321556 8.05532e-07 0.94689
    outer loop
      vertex 12.9647 0 9.8637
      vertex 12.6569 -30.9944 9.7592
      vertex 12.7304 -30.9944 9.78416
    endloop
  endfacet
  facet normal -0.321464 -2.15599e-07 0.946922
    outer loop
      vertex 12.4693 0 9.69552
      vertex 12.6569 -30.9944 9.7592
      vertex 12.9647 0 9.8637
    endloop
  endfacet
  facet normal -0.321432 0 0.946933
    outer loop
      vertex 12.6569 -30.9944 9.7592
      vertex 12.4693 0 9.69552
      vertex 12.4693 -31.0161 9.69552
    endloop
  endfacet
  facet normal -0.997861 6.66125e-07 -0.0653646
    outer loop
      vertex 10.0342 0 5.4779
      vertex 10.0214 -30.9931 5.67299
      vertex 10 0 6
    endloop
  endfacet
  facet normal -0.997855 0 -0.06547
    outer loop
      vertex 10.0214 -30.9931 5.67299
      vertex 10.0342 0 5.4779
      vertex 10.0342 -31.0201 5.4779
    endloop
  endfacet
  facet normal -0.997866 -0 -0.0653017
    outer loop
      vertex 10 0 6
      vertex 10.0214 -30.9931 5.67299
      vertex 10 -31.0252 6
    endloop
  endfacet
  facet normal 0.195104 0 0.980783
    outer loop
      vertex 15.0353 0 9.8637
      vertex 14.8024 -31.0055 9.91003
      vertex 15.0353 -31.0209 9.8637
    endloop
  endfacet
  facet normal 0.195087 1.30919e-07 0.980786
    outer loop
      vertex 14.5221 0 9.96578
      vertex 14.8024 -31.0055 9.91003
      vertex 15.0353 0 9.8637
    endloop
  endfacet
  facet normal 0.195089 1.51599e-07 0.980786
    outer loop
      vertex 14.8024 -31.0055 9.91003
      vertex 14.5221 0 9.96578
      vertex 14.5728 -31.0204 9.9557
    endloop
  endfacet
  facet normal 0.195 0 0.980803
    outer loop
      vertex 14.5728 -31.0204 9.9557
      vertex 14.5221 0 9.96578
      vertex 14.5221 -31.0236 9.96578
    endloop
  endfacet
  facet normal -0.980777 -1.11042e-07 0.195131
    outer loop
      vertex 10.0342 0 6.5221
      vertex 10.1244 -30.9976 6.97545
      vertex 10.1363 0 7.03528
    endloop
  endfacet
  facet normal -0.980981 -1.56913e-05 0.194106
    outer loop
      vertex 10.0342 0 6.5221
      vertex 10.1205 -30.9982 6.95574
      vertex 10.1244 -30.9976 6.97545
    endloop
  endfacet
  facet normal -0.980709 4.22594e-06 0.195476
    outer loop
      vertex 10.0342 0 6.5221
      vertex 10.0929 -31.002 6.81727
      vertex 10.1205 -30.9982 6.95574
    endloop
  endfacet
  facet normal -0.980794 0 0.195049
    outer loop
      vertex 10.0929 -31.002 6.81727
      vertex 10.0342 0 6.5221
      vertex 10.0342 -31.0201 6.5221
    endloop
  endfacet
  facet normal -0.980813 2.52877e-07 0.19495
    outer loop
      vertex 10.1289 -31.0017 6.99809
      vertex 10.1363 0 7.03528
      vertex 10.1244 -30.9976 6.97545
    endloop
  endfacet
  facet normal -0.980773 0 0.195152
    outer loop
      vertex 10.1363 0 7.03528
      vertex 10.1289 -31.0017 6.99809
      vertex 10.1363 -31.0083 7.03528
    endloop
  endfacet
  facet normal 0.195104 0 -0.980783
    outer loop
      vertex 14.8024 -31.0055 2.08997
      vertex 15.0353 0 2.1363
      vertex 15.0353 -31.0209 2.1363
    endloop
  endfacet
  facet normal 0.195089 1.51599e-07 -0.980786
    outer loop
      vertex 14.5221 0 2.03422
      vertex 14.8024 -31.0055 2.08997
      vertex 14.5728 -31.0204 2.0443
    endloop
  endfacet
  facet normal 0.195 0 -0.980803
    outer loop
      vertex 14.5221 0 2.03422
      vertex 14.5728 -31.0204 2.0443
      vertex 14.5221 -31.0236 2.03422
    endloop
  endfacet
  facet normal 0.195087 1.30919e-07 -0.980786
    outer loop
      vertex 14.8024 -31.0055 2.08997
      vertex 14.5221 0 2.03422
      vertex 15.0353 0 2.1363
    endloop
  endfacet
  facet normal 0.555768 0 0.831337
    outer loop
      vertex 16.435 0 9.17341
      vertex 16.3057 -30.9952 9.25985
      vertex 16.435 -31.0206 9.17341
    endloop
  endfacet
  facet normal 0.555534 1.411e-06 0.831494
    outer loop
      vertex 16.435 0 9.17341
      vertex 16.2505 -30.9923 9.29673
      vertex 16.3057 -30.9952 9.25985
    endloop
  endfacet
  facet normal 0.555613 7.33589e-07 0.831441
    outer loop
      vertex 16 0 9.4641
      vertex 16.2505 -30.9923 9.29673
      vertex 16.435 0 9.17341
    endloop
  endfacet
  facet normal 0.55555 0 0.831483
    outer loop
      vertex 16.2505 -30.9923 9.29673
      vertex 16 0 9.4641
      vertex 16 -31.0258 9.4641
    endloop
  endfacet
  facet normal -0.195 0 -0.980803
    outer loop
      vertex 13.4272 -31.0204 2.0443
      vertex 13.4779 0 2.03422
      vertex 13.4779 -31.0236 2.03422
    endloop
  endfacet
  facet normal -0.195089 1.51599e-07 -0.980786
    outer loop
      vertex 13.1976 -31.0055 2.08997
      vertex 13.4779 0 2.03422
      vertex 13.4272 -31.0204 2.0443
    endloop
  endfacet
  facet normal -0.195104 -0 -0.980783
    outer loop
      vertex 12.9647 0 2.1363
      vertex 13.1976 -31.0055 2.08997
      vertex 12.9647 -31.0209 2.1363
    endloop
  endfacet
  facet normal -0.195087 1.30919e-07 -0.980786
    outer loop
      vertex 13.1976 -31.0055 2.08997
      vertex 12.9647 0 2.1363
      vertex 13.4779 0 2.03422
    endloop
  endfacet
  facet normal 0.94692 0 -0.321469
    outer loop
      vertex 17.8637 -31.0083 4.96472
      vertex 17.6955 0 4.46927
      vertex 17.8637 0 4.96472
    endloop
  endfacet
  facet normal 0.94692 0 -0.321469
    outer loop
      vertex 17.6955 0 4.46927
      vertex 17.8637 -31.0083 4.96472
      vertex 17.6955 -31.0175 4.46927
    endloop
  endfacet
  facet normal 0.0653584 0 -0.997862
    outer loop
      vertex 14.3937 -31.0093 2.02581
      vertex 14.5221 0 2.03422
      vertex 14.5221 -31.0236 2.03422
    endloop
  endfacet
  facet normal 0.0654031 -1.78644e-07 -0.997859
    outer loop
      vertex 14 0 2
      vertex 14.3937 -31.0093 2.02581
      vertex 14.183 -31.0135 2.012
    endloop
  endfacet
  facet normal 0.0654332 0 -0.997857
    outer loop
      vertex 14 0 2
      vertex 14.183 -31.0135 2.012
      vertex 14 -31.0171 2
    endloop
  endfacet
  facet normal 0.0654027 -1.84102e-07 -0.997859
    outer loop
      vertex 14.3937 -31.0093 2.02581
      vertex 14 0 2
      vertex 14.5221 0 2.03422
    endloop
  endfacet
  facet normal 0.321432 0 0.946933
    outer loop
      vertex 15.5307 0 9.69552
      vertex 15.3431 -30.9944 9.7592
      vertex 15.5307 -31.0161 9.69552
    endloop
  endfacet
  facet normal 0.321556 -8.37953e-07 0.94689
    outer loop
      vertex 15.5307 0 9.69552
      vertex 15.2696 -30.9944 9.78416
      vertex 15.3431 -30.9944 9.7592
    endloop
  endfacet
  facet normal 0.32142 4.45843e-07 0.946937
    outer loop
      vertex 15.5307 0 9.69552
      vertex 15.245 -30.9943 9.79251
      vertex 15.2696 -30.9944 9.78416
    endloop
  endfacet
  facet normal 0.321464 -1.11007e-08 0.946922
    outer loop
      vertex 15.0353 0 9.8637
      vertex 15.245 -30.9943 9.79251
      vertex 15.5307 0 9.69552
    endloop
  endfacet
  facet normal 0.321364 -7.63729e-07 0.946956
    outer loop
      vertex 15.245 -30.9943 9.79251
      vertex 15.0353 0 9.8637
      vertex 15.1914 -31.0011 9.8107
    endloop
  endfacet
  facet normal 0.3215 0 0.946909
    outer loop
      vertex 15.1914 -31.0011 9.8107
      vertex 15.0353 0 9.8637
      vertex 15.0353 -31.0209 9.8637
    endloop
  endfacet
  facet normal -0.997861 6.66125e-07 0.0653646
    outer loop
      vertex 10 0 6
      vertex 10.0214 -30.9931 6.32701
      vertex 10.0342 0 6.5221
    endloop
  endfacet
  facet normal -0.997866 0 0.0653017
    outer loop
      vertex 10.0214 -30.9931 6.32701
      vertex 10 0 6
      vertex 10 -31.0252 6
    endloop
  endfacet
  facet normal -0.997855 0 0.06547
    outer loop
      vertex 10.0342 0 6.5221
      vertex 10.0214 -30.9931 6.32701
      vertex 10.0342 -31.0201 6.5221
    endloop
  endfacet
  facet normal 0.0653584 0 0.997862
    outer loop
      vertex 14.5221 0 9.96578
      vertex 14.3937 -31.0093 9.97419
      vertex 14.5221 -31.0236 9.96578
    endloop
  endfacet
  facet normal 0.0654027 -1.84102e-07 0.997859
    outer loop
      vertex 14 0 10
      vertex 14.3937 -31.0093 9.97419
      vertex 14.5221 0 9.96578
    endloop
  endfacet
  facet normal 0.0654031 -1.78644e-07 0.997859
    outer loop
      vertex 14.3937 -31.0093 9.97419
      vertex 14 0 10
      vertex 14.183 -31.0135 9.988
    endloop
  endfacet
  facet normal 0.0654332 0 0.997857
    outer loop
      vertex 14.183 -31.0135 9.988
      vertex 14 0 10
      vertex 14 -31.0171 10
    endloop
  endfacet
  facet normal 0.831462 -4.28875e-07 -0.555582
    outer loop
      vertex 17.4641 0 4
      vertex 17.3228 -31.0023 3.78856
      vertex 17.1734 0 3.56495
    endloop
  endfacet
  facet normal 0.831433 0 -0.555625
    outer loop
      vertex 17.3228 -31.0023 3.78856
      vertex 17.4641 0 4
      vertex 17.4641 -31.0308 4
    endloop
  endfacet
  facet normal 0.831489 0 -0.555541
    outer loop
      vertex 17.1734 0 3.56495
      vertex 17.3228 -31.0023 3.78856
      vertex 17.1734 -31.0273 3.56495
    endloop
  endfacet
  facet normal 0.659321 0 0.751861
    outer loop
      vertex 16.435 0 9.17341
      vertex 16.8284 -31.0142 8.82843
      vertex 16.8284 0 8.82843
    endloop
  endfacet
  facet normal 0.659321 0 0.751861
    outer loop
      vertex 16.8284 -31.0142 8.82843
      vertex 16.435 0 9.17341
      vertex 16.435 -31.0206 9.17341
    endloop
  endfacet
  facet normal -0.659321 0 -0.751861
    outer loop
      vertex 11.1716 -31.0142 3.17157
      vertex 11.565 0 2.82659
      vertex 11.565 -31.0206 2.82659
    endloop
  endfacet
  facet normal -0.659321 0 -0.751861
    outer loop
      vertex 11.565 0 2.82659
      vertex 11.1716 -31.0142 3.17157
      vertex 11.1716 0 3.17157
    endloop
  endfacet
  facet normal -0.55555 0 0.831483
    outer loop
      vertex 12 0 9.4641
      vertex 11.7495 -30.9923 9.29673
      vertex 12 -31.0258 9.4641
    endloop
  endfacet
  facet normal -0.555613 7.33589e-07 0.831441
    outer loop
      vertex 11.565 0 9.17341
      vertex 11.7495 -30.9923 9.29673
      vertex 12 0 9.4641
    endloop
  endfacet
  facet normal -0.555534 1.411e-06 0.831494
    outer loop
      vertex 11.7495 -30.9923 9.29673
      vertex 11.565 0 9.17341
      vertex 11.6943 -30.9952 9.25985
    endloop
  endfacet
  facet normal -0.555768 0 0.831337
    outer loop
      vertex 11.6943 -30.9952 9.25985
      vertex 11.565 0 9.17341
      vertex 11.565 -31.0206 9.17341
    endloop
  endfacet
  facet normal 0.751826 9.84646e-07 -0.659362
    outer loop
      vertex 17.1734 0 3.56495
      vertex 16.8728 -31.0016 3.22215
      vertex 16.8284 0 3.17157
    endloop
  endfacet
  facet normal 0.752125 -5.69138e-06 -0.659021
    outer loop
      vertex 17.1734 0 3.56495
      vertex 16.9198 -31.0018 3.27579
      vertex 16.8728 -31.0016 3.22215
    endloop
  endfacet
  facet normal 0.751583 4.50354e-06 -0.659639
    outer loop
      vertex 17.1734 0 3.56495
      vertex 16.998 -31.002 3.36489
      vertex 16.9198 -31.0018 3.27579
    endloop
  endfacet
  facet normal 0.751929 0 -0.659244
    outer loop
      vertex 16.998 -31.002 3.36489
      vertex 17.1734 0 3.56495
      vertex 17.1734 -31.0273 3.56495
    endloop
  endfacet
  facet normal 0.751526 0 -0.659703
    outer loop
      vertex 16.8284 0 3.17157
      vertex 16.8728 -31.0016 3.22215
      vertex 16.8284 -31.0142 3.17157
    endloop
  endfacet
  facet normal -0.195 0 0.980803
    outer loop
      vertex 13.4779 0 9.96578
      vertex 13.4272 -31.0204 9.9557
      vertex 13.4779 -31.0236 9.96578
    endloop
  endfacet
  facet normal -0.195089 1.51599e-07 0.980786
    outer loop
      vertex 13.4779 0 9.96578
      vertex 13.1976 -31.0055 9.91003
      vertex 13.4272 -31.0204 9.9557
    endloop
  endfacet
  facet normal -0.195087 1.30919e-07 0.980786
    outer loop
      vertex 12.9647 0 9.8637
      vertex 13.1976 -31.0055 9.91003
      vertex 13.4779 0 9.96578
    endloop
  endfacet
  facet normal -0.195104 0 0.980783
    outer loop
      vertex 13.1976 -31.0055 9.91003
      vertex 12.9647 0 9.8637
      vertex 12.9647 -31.0209 9.8637
    endloop
  endfacet
  facet normal 0.896887 2.26781e-07 -0.44226
    outer loop
      vertex 17.6955 0 4.46927
      vertex 17.6578 -31.0055 4.3928
      vertex 17.4641 0 4
    endloop
  endfacet
  facet normal 0.896923 0 -0.442187
    outer loop
      vertex 17.6578 -31.0055 4.3928
      vertex 17.6955 0 4.46927
      vertex 17.6955 -31.0175 4.46927
    endloop
  endfacet
  facet normal 0.896841 -1.23015e-06 -0.442353
    outer loop
      vertex 17.4759 -31.0293 4.02401
      vertex 17.4641 0 4
      vertex 17.6578 -31.0055 4.3928
    endloop
  endfacet
  facet normal 0.897471 0 -0.441073
    outer loop
      vertex 17.4641 0 4
      vertex 17.4759 -31.0293 4.02401
      vertex 17.4641 -31.0308 4
    endloop
  endfacet
  facet normal -0.94692 0 0.321469
    outer loop
      vertex 10.1363 -31.0083 7.03528
      vertex 10.3045 0 7.53073
      vertex 10.1363 0 7.03528
    endloop
  endfacet
  facet normal -0.94692 0 0.321469
    outer loop
      vertex 10.3045 0 7.53073
      vertex 10.1363 -31.0083 7.03528
      vertex 10.3045 -31.0175 7.53073
    endloop
  endfacet
  facet normal -0.94692 0 -0.321469
    outer loop
      vertex 10.3045 0 4.46927
      vertex 10.1363 -31.0083 4.96472
      vertex 10.1363 0 4.96472
    endloop
  endfacet
  facet normal -0.94692 0 -0.321469
    outer loop
      vertex 10.1363 -31.0083 4.96472
      vertex 10.3045 0 4.46927
      vertex 10.3045 -31.0175 4.46927
    endloop
  endfacet
  facet normal -0.831462 -4.28875e-07 0.555582
    outer loop
      vertex 10.5359 0 8
      vertex 10.6772 -31.0023 8.21144
      vertex 10.8266 0 8.43505
    endloop
  endfacet
  facet normal -0.831433 0 0.555625
    outer loop
      vertex 10.6772 -31.0023 8.21144
      vertex 10.5359 0 8
      vertex 10.5359 -31.0308 8
    endloop
  endfacet
  facet normal -0.831489 0 0.555541
    outer loop
      vertex 10.8266 0 8.43505
      vertex 10.6772 -31.0023 8.21144
      vertex 10.8266 -31.0273 8.43505
    endloop
  endfacet
  facet normal 0.44249 0 -0.896773
    outer loop
      vertex 15.9346 -31.0208 2.50363
      vertex 16 0 2.5359
      vertex 16 -31.0258 2.5359
    endloop
  endfacet
  facet normal 0.442179 8.17473e-07 -0.896927
    outer loop
      vertex 15.7291 -31.0051 2.40232
      vertex 16 0 2.5359
      vertex 15.9346 -31.0208 2.50363
    endloop
  endfacet
  facet normal 0.442288 0 -0.896873
    outer loop
      vertex 15.5307 0 2.30448
      vertex 15.7291 -31.0051 2.40232
      vertex 15.5307 -31.0161 2.30448
    endloop
  endfacet
  facet normal 0.442268 -1.59274e-07 -0.896883
    outer loop
      vertex 15.7291 -31.0051 2.40232
      vertex 15.5307 0 2.30448
      vertex 16 0 2.5359
    endloop
  endfacet
  facet normal 0.321432 0 -0.946933
    outer loop
      vertex 15.3431 -30.9944 2.2408
      vertex 15.5307 0 2.30448
      vertex 15.5307 -31.0161 2.30448
    endloop
  endfacet
  facet normal 0.321556 -8.37953e-07 -0.94689
    outer loop
      vertex 15.2696 -30.9944 2.21584
      vertex 15.5307 0 2.30448
      vertex 15.3431 -30.9944 2.2408
    endloop
  endfacet
  facet normal 0.321765 -2.79642e-06 -0.94682
    outer loop
      vertex 15.245 -30.9943 2.20748
      vertex 15.5307 0 2.30448
      vertex 15.2696 -30.9944 2.21584
    endloop
  endfacet
  facet normal 0.321206 -1.65285e-06 -0.947009
    outer loop
      vertex 15.0353 0 2.1363
      vertex 15.245 -30.9943 2.20748
      vertex 15.1914 -31.0011 2.1893
    endloop
  endfacet
  facet normal 0.3215 0 -0.946909
    outer loop
      vertex 15.0353 0 2.1363
      vertex 15.1914 -31.0011 2.1893
      vertex 15.0353 -31.0209 2.1363
    endloop
  endfacet
  facet normal 0.321464 2.94414e-07 -0.946922
    outer loop
      vertex 15.245 -30.9943 2.20748
      vertex 15.0353 0 2.1363
      vertex 15.5307 0 2.30448
    endloop
  endfacet
  facet normal -0.896887 2.26781e-07 -0.44226
    outer loop
      vertex 10.5359 0 4
      vertex 10.3422 -31.0055 4.3928
      vertex 10.3045 0 4.46927
    endloop
  endfacet
  facet normal -0.896841 -1.23015e-06 -0.442353
    outer loop
      vertex 10.5359 0 4
      vertex 10.5241 -31.0293 4.02401
      vertex 10.3422 -31.0055 4.3928
    endloop
  endfacet
  facet normal -0.897471 0 -0.441073
    outer loop
      vertex 10.5241 -31.0293 4.02401
      vertex 10.5359 0 4
      vertex 10.5359 -31.0308 4
    endloop
  endfacet
  facet normal -0.896923 -0 -0.442187
    outer loop
      vertex 10.3045 0 4.46927
      vertex 10.3422 -31.0055 4.3928
      vertex 10.3045 -31.0175 4.46927
    endloop
  endfacet
  facet normal -0.751826 9.84646e-07 0.659362
    outer loop
      vertex 10.8266 0 8.43505
      vertex 11.1272 -31.0016 8.77785
      vertex 11.1716 0 8.82843
    endloop
  endfacet
  facet normal -0.752125 -5.69138e-06 0.659021
    outer loop
      vertex 10.8266 0 8.43505
      vertex 11.0802 -31.0018 8.72421
      vertex 11.1272 -31.0016 8.77785
    endloop
  endfacet
  facet normal -0.751583 4.50354e-06 0.659639
    outer loop
      vertex 10.8266 0 8.43505
      vertex 11.002 -31.002 8.63511
      vertex 11.0802 -31.0018 8.72421
    endloop
  endfacet
  facet normal -0.751929 0 0.659244
    outer loop
      vertex 11.002 -31.002 8.63511
      vertex 10.8266 0 8.43505
      vertex 10.8266 -31.0273 8.43505
    endloop
  endfacet
  facet normal -0.751526 0 0.659703
    outer loop
      vertex 11.1716 0 8.82843
      vertex 11.1272 -31.0016 8.77785
      vertex 11.1716 -31.0142 8.82843
    endloop
  endfacet
  facet normal 0.997861 6.66125e-07 -0.0653646
    outer loop
      vertex 18 0 6
      vertex 17.9786 -30.9931 5.67299
      vertex 17.9658 0 5.4779
    endloop
  endfacet
  facet normal 0.997866 0 -0.0653017
    outer loop
      vertex 17.9786 -30.9931 5.67299
      vertex 18 0 6
      vertex 18 -31.0252 6
    endloop
  endfacet
  facet normal 0.997855 0 -0.06547
    outer loop
      vertex 17.9658 0 5.4779
      vertex 17.9786 -30.9931 5.67299
      vertex 17.9658 -31.0201 5.4779
    endloop
  endfacet
  facet normal 0.659321 0 -0.751861
    outer loop
      vertex 16.435 0 2.82659
      vertex 16.8284 -31.0142 3.17157
      vertex 16.435 -31.0206 2.82659
    endloop
  endfacet
  facet normal 0.659321 0 -0.751861
    outer loop
      vertex 16.8284 -31.0142 3.17157
      vertex 16.435 0 2.82659
      vertex 16.8284 0 3.17157
    endloop
  endfacet
  facet normal 0.416512 -0.278309 0.865484
    outer loop
      vertex 15.9152 -35.1057 10.4844
      vertex 15.7545 -35.3462 10.4844
      vertex 16.2038 -35.691 10.1573
    endloop
  endfacet
  facet normal -0.169564 -0.343869 0.923581
    outer loop
      vertex 13.1964 -35.3919 10.7347
      vertex 12.8943 -35.9152 10.4844
      vertex 13.385 -35.4849 10.7347
    endloop
  endfacet
  facet normal -0.254263 -0.0505566 0.965813
    outer loop
      vertex 13.0329 -34.1273 10.9039
      vertex 12.4066 -34.2098 10.7347
      vertex 12.4476 -34.416 10.7347
    endloop
  endfacet
  facet normal -0.97243 0.193435 0.130241
    outer loop
      vertex 9.26317 -32.7308 6.97545
      vertex 9.05339 -33.3488 6.32701
      vertex 9.13803 -33.3599 6.97545
    endloop
  endfacet
  facet normal -0.906405 0.180304 0.381994
    outer loop
      vertex 9.66844 -32.8394 8.21144
      vertex 9.42668 -32.7746 7.6072
      vertex 9.554 -33.4147 8.21144
    endloop
  endfacet
  facet normal -0.989358 0.0648546 0.13025
    outer loop
      vertex 9.13803 -33.3599 6.97545
      vertex 9.05339 -33.3488 6.32701
      vertex 9.09607 -34 6.97545
    endloop
  endfacet
  facet normal 0.0578582 0.117358 0.991403
    outer loop
      vertex 14.3733 -33.0988 10.9039
      vertex 14.1635 -33.7168 10.9893
      vertex 14.4877 -33.1552 10.9039
    endloop
  endfacet
  facet normal -0.0605053 -0.922232 0.381872
    outer loop
      vertex 14 -38.4844 8.21144
      vertex 13.4147 -38.446 8.21144
      vertex 14 -38.7346 7.6072
    endloop
  endfacet
  facet normal -0.571735 0.651602 0.498531
    outer loop
      vertex 11.0802 -31.0018 8.72421
      vertex 11.0603 -31.0603 8.77785
      vertex 11.1272 -31.0016 8.77785
    endloop
  endfacet
  facet normal 0.376576 0.330348 0.865483
    outer loop
      vertex 16.2038 -32.309 10.1573
      vertex 15.5637 -32.4363 10.4844
      vertex 15.7545 -32.6538 10.4844
    endloop
  endfacet
  facet normal -0.10879 0.0726972 0.991403
    outer loop
      vertex 13.2261 -33.4062 10.9039
      vertex 13.1552 -33.5123 10.9039
      vertex 13.7406 -33.8009 10.9893
    endloop
  endfacet
  facet normal -0.193392 -0.972429 0.130312
    outer loop
      vertex 12.7308 -38.7368 6.97545
      vertex 12.7087 -38.8193 6.32701
      vertex 13.3488 -38.9466 6.32701
    endloop
  endfacet
  facet normal -0.914806 0.310504 -0.258298
    outer loop
      vertex 9.42668 -32.7746 4.3928
      vertex 9.26317 -32.7308 5.02455
      vertex 9.62575 -32.1881 4.3928
    endloop
  endfacet
  facet normal 0.989372 0.0647628 0.130189
    outer loop
      vertex 18.9466 -33.3488 6.32701
      vertex 18.862 -33.3599 6.97545
      vertex 18.9039 -34 6.97545
    endloop
  endfacet
  facet normal 0.831484 -0.555548 0
    outer loop
      vertex 17.9583 -37.0373 6.32701
      vertex 18.3209 -36.4946 5.67299
      vertex 18.3209 -36.4946 6.32701
    endloop
  endfacet
  facet normal 0.831484 -0.555548 0
    outer loop
      vertex 18.3209 -36.4946 5.67299
      vertex 17.9583 -37.0373 6.32701
      vertex 17.9583 -37.0373 5.67299
    endloop
  endfacet
  facet normal 0.875143 0.297086 0.381923
    outer loop
      vertex 18.3742 -32.1881 7.6072
      vertex 18.3316 -32.8394 8.21144
      vertex 18.5733 -32.7746 7.6072
    endloop
  endfacet
  facet normal 0.694276 -0.138049 -0.706345
    outer loop
      vertex 17.6311 -34.973 2.70327
      vertex 17.2685 -34.4303 2.2408
      vertex 17.727 -34.4907 2.70327
    endloop
  endfacet
  facet normal -0.92219 0.0604497 -0.381982
    outer loop
      vertex 9.554 -33.4147 3.78856
      vertex 9.26535 -34 4.3928
      vertex 9.30586 -33.382 4.3928
    endloop
  endfacet
  facet normal -0.31313 0.635207 -0.706018
    outer loop
      vertex 12.3516 -31.1449 2.2408
      vertex 12.4693 -31.0161 2.30448
      vertex 12.6569 -30.9944 2.2408
    endloop
  endfacet
  facet normal -0.313008 0.635148 -0.706126
    outer loop
      vertex 12.4693 -31.0161 2.30448
      vertex 12.3516 -31.1449 2.2408
      vertex 12.2709 -31.0051 2.40232
    endloop
  endfacet
  facet normal 0.84985 0.169046 0.499178
    outer loop
      vertex 18.446 -33.4147 8.21144
      vertex 18.0157 -32.924 8.77785
      vertex 18.1218 -33.4574 8.77785
    endloop
  endfacet
  facet normal 0.849838 -0.168993 0.499216
    outer loop
      vertex 18.446 -34.5853 8.21144
      vertex 18.0157 -35.076 8.77785
      vertex 18.3316 -35.1606 8.21144
    endloop
  endfacet
  facet normal 0.114646 0.232498 0.965816
    outer loop
      vertex 14.615 -32.5151 10.7347
      vertex 14.4877 -33.1552 10.9039
      vertex 14.8036 -32.6081 10.7347
    endloop
  endfacet
  facet normal 0.321463 -0.946922 0
    outer loop
      vertex 15.2913 -38.8193 5.67299
      vertex 15.9093 -38.6095 6.32701
      vertex 15.2913 -38.8193 6.32701
    endloop
  endfacet
  facet normal 0.321463 -0.946922 0
    outer loop
      vertex 15.9093 -38.6095 6.32701
      vertex 15.2913 -38.8193 5.67299
      vertex 15.9093 -38.6095 5.67299
    endloop
  endfacet
  facet normal -0.938876 0.318662 -0.130254
    outer loop
      vertex 9.26317 -32.7308 5.02455
      vertex 9.18071 -32.7087 5.67299
      vertex 9.46936 -32.1233 5.02455
    endloop
  endfacet
  facet normal 0.745448 -0.653691 0.130364
    outer loop
      vertex 17.8905 -36.9853 6.97545
      vertex 17.528 -37.528 6.32701
      vertex 17.9583 -37.0373 6.32701
    endloop
  endfacet
  facet normal -0.571382 -0.651446 -0.49914
    outer loop
      vertex 11.2701 -37.5577 3.78856
      vertex 10.8291 -37.1709 3.78856
      vertex 11.0603 -36.9397 3.22215
    endloop
  endfacet
  facet normal 0.63494 0.313007 0.706313
    outer loop
      vertex 17.2556 -32.1204 9.29673
      vertex 17.0458 -32.7384 9.7592
      vertex 17.473 -32.5614 9.29673
    endloop
  endfacet
  facet normal 0.63494 0.313007 -0.706313
    outer loop
      vertex 17.473 -32.5614 2.70327
      vertex 17.0458 -32.7384 2.2408
      vertex 17.2556 -32.1204 2.70327
    endloop
  endfacet
  facet normal 0.09767 -0.491294 0.8655
    outer loop
      vertex 14.5724 -36.1361 10.4844
      vertex 14.2887 -36.1925 10.4844
      vertex 14.719 -36.6832 10.1573
    endloop
  endfacet
  facet normal 0.474312 0.161046 0.865501
    outer loop
      vertex 16.5664 -32.937 10.1573
      vertex 16.1361 -33.4276 10.4844
      vertex 16.6832 -33.281 10.1573
    endloop
  endfacet
  facet normal 0.792318 -0.0519923 -0.607889
    outer loop
      vertex 18.1573 -34 3.22215
      vertex 17.727 -34.4907 2.70327
      vertex 17.7592 -34 2.70327
    endloop
  endfacet
  facet normal 0.458213 0.401961 0.79276
    outer loop
      vertex 16.3311 -31.6689 9.7592
      vertex 15.9642 -32.0358 10.1573
      vertex 16.6155 -31.9931 9.7592
    endloop
  endfacet
  facet normal 0.963992 -0.0631015 -0.258336
    outer loop
      vertex 18.862 -34.6401 5.02455
      vertex 18.7346 -34 4.3928
      vertex 18.9039 -34 5.02455
    endloop
  endfacet
  facet normal -0.828875 -0.408703 0.382005
    outer loop
      vertex 9.85699 -35.7161 8.21144
      vertex 9.62575 -35.8119 7.6072
      vertex 10.1164 -36.2422 8.21144
    endloop
  endfacet
  facet normal 0.0648729 -0.98935 0.130298
    outer loop
      vertex 14 -38.9039 6.97545
      vertex 14 -38.9893 6.32701
      vertex 14.6512 -38.9466 6.32701
    endloop
  endfacet
  facet normal 0.376023 -0.0747669 0.923589
    outer loop
      vertex 15.5934 -34.2098 10.7347
      vertex 15.5524 -34.416 10.7347
      vertex 16.1925 -34.2887 10.4844
    endloop
  endfacet
  facet normal -0.778721 0.15484 0.607963
    outer loop
      vertex 10.3689 -33.027 9.29673
      vertex 9.87822 -33.4574 8.77785
      vertex 10.273 -33.5093 9.29673
    endloop
  endfacet
  facet normal -0.963994 0.063192 -0.258306
    outer loop
      vertex 9.26535 -34 4.3928
      vertex 9.09607 -34 5.02455
      vertex 9.13803 -33.3599 5.02455
    endloop
  endfacet
  facet normal 0.245591 -0.0833544 -0.965783
    outer loop
      vertex 15.5524 -34.416 1.26535
      vertex 14.9012 -34.3733 1.09607
      vertex 14.9422 -34.2525 1.09607
    endloop
  endfacet
  facet normal 0.0862913 -0.0982819 -0.99141
    outer loop
      vertex 14.5938 -34.7739 1.09607
      vertex 14.2312 -34.2312 1.01071
      vertex 14.6897 -34.6897 1.09607
    endloop
  endfacet
  facet normal -0.828865 -0.408791 -0.381934
    outer loop
      vertex 9.89967 -36.3673 4.3928
      vertex 9.62575 -35.8119 4.3928
      vertex 10.1164 -36.2422 3.78856
    endloop
  endfacet
  facet normal -0.792281 0.0519899 0.607938
    outer loop
      vertex 10.273 -33.5093 9.29673
      vertex 9.84265 -34 8.77785
      vertex 10.2408 -34 9.29673
    endloop
  endfacet
  facet normal -0.97243 -0.193435 0.130241
    outer loop
      vertex 9.13803 -34.6401 6.97545
      vertex 9.05339 -34.6512 6.32701
      vertex 9.26317 -35.2692 6.97545
    endloop
  endfacet
  facet normal 0.258805 0.0170234 -0.96578
    outer loop
      vertex 15.6072 -34 1.26535
      vertex 14.9755 -34 1.09607
      vertex 15.5934 -33.7902 1.26535
    endloop
  endfacet
  facet normal 0.154837 -0.778707 -0.607981
    outer loop
      vertex 14.5426 -38.1218 3.22215
      vertex 14.4907 -37.727 2.70327
      vertex 14.973 -37.6311 2.70327
    endloop
  endfacet
  facet normal 0.866427 -0.427285 -0.258326
    outer loop
      vertex 18.5306 -35.8767 5.02455
      vertex 18.1003 -36.3673 4.3928
      vertex 18.3742 -35.8119 4.3928
    endloop
  endfacet
  facet normal -0.193526 -0.97242 -0.130181
    outer loop
      vertex 13.3488 -38.9466 5.67299
      vertex 12.7308 -38.7368 5.02455
      vertex 13.3599 -38.862 5.02455
    endloop
  endfacet
  facet normal 0.82889 0.408774 0.381898
    outer loop
      vertex 18.1003 -31.6327 7.6072
      vertex 17.8836 -31.7578 8.21144
      vertex 18.3742 -32.1881 7.6072
    endloop
  endfacet
  facet normal -0.144026 0.215531 0.965817
    outer loop
      vertex 13.5123 -33.1552 10.9039
      vertex 13.0216 -32.7249 10.7347
      vertex 13.4062 -33.2261 10.9039
    endloop
  endfacet
  facet normal -0.491254 -0.0977271 0.865516
    outer loop
      vertex 11.8075 -34.2887 10.4844
      vertex 11.2459 -34.3626 10.1573
      vertex 11.3168 -34.719 10.1573
    endloop
  endfacet
  facet normal 0.0251633 -0.382556 0.92359
    outer loop
      vertex 14.2098 -35.5934 10.7347
      vertex 14 -35.6072 10.7347
      vertex 14.2887 -36.1925 10.4844
    endloop
  endfacet
  facet normal 0.0833544 0.245591 -0.965783
    outer loop
      vertex 14.3733 -33.0988 1.09607
      vertex 14.2525 -33.0578 1.09607
      vertex 14.416 -32.4476 1.26535
    endloop
  endfacet
  facet normal -0.449267 0.221532 0.865495
    outer loop
      vertex 11.5943 -32.6111 10.1573
      vertex 11.4336 -32.937 10.1573
      vertex 12.0848 -32.8943 10.4844
    endloop
  endfacet
  facet normal -0.00861511 0.13056 0.991403
    outer loop
      vertex 14 -33.0245 10.9039
      vertex 13.8727 -33.0329 10.9039
      vertex 13.9573 -33.6758 10.9893
    endloop
  endfacet
  facet normal 0.588544 0.393348 -0.706324
    outer loop
      vertex 16.8551 -32.3516 2.2408
      vertex 16.6155 -31.9931 2.2408
      vertex 17.2556 -32.1204 2.70327
    endloop
  endfacet
  facet normal 0.727081 0.636388 -0.257611
    outer loop
      vertex 17.8905 -31.0147 5.02455
      vertex 17.8637 -31.0083 4.96472
      vertex 17.8711 -31.0017 5.00191
    endloop
  endfacet
  facet normal 0.728058 0.635034 -0.258194
    outer loop
      vertex 17.7563 -31.1177 4.3928
      vertex 17.8637 -31.0083 4.96472
      vertex 17.8905 -31.0147 5.02455
    endloop
  endfacet
  facet normal 0.72585 0.637531 -0.258257
    outer loop
      vertex 17.8637 -31.0083 4.96472
      vertex 17.7563 -31.1177 4.3928
      vertex 17.6955 -31.0175 4.46927
    endloop
  endfacet
  facet normal 0.726069 0.637414 -0.257929
    outer loop
      vertex 17.6578 -31.0055 4.3928
      vertex 17.6955 -31.0175 4.46927
      vertex 17.7563 -31.1177 4.3928
    endloop
  endfacet
  facet normal 0.670315 0.227613 -0.706307
    outer loop
      vertex 17.6311 -33.027 2.70327
      vertex 17.0458 -32.7384 2.2408
      vertex 17.473 -32.5614 2.70327
    endloop
  endfacet
  facet normal 0.376023 0.0747669 0.923589
    outer loop
      vertex 16.1925 -33.7113 10.4844
      vertex 15.5524 -33.584 10.7347
      vertex 15.5934 -33.7902 10.7347
    endloop
  endfacet
  facet normal -0.546664 -0.269516 0.792792
    outer loop
      vertex 11.5943 -35.3889 10.1573
      vertex 10.9542 -35.2616 9.7592
      vertex 11.1449 -35.6484 9.7592
    endloop
  endfacet
  facet normal -0.866417 -0.427312 0.258312
    outer loop
      vertex 9.62575 -35.8119 7.6072
      vertex 9.46936 -35.8767 6.97545
      vertex 9.89967 -36.3673 7.6072
    endloop
  endfacet
  facet normal -0.706358 -0.0462916 0.70634
    outer loop
      vertex 10.7033 -34 9.7592
      vertex 10.273 -34.4907 9.29673
      vertex 10.7315 -34.4303 9.7592
    endloop
  endfacet
  facet normal -0.393469 0.588578 -0.706228
    outer loop
      vertex 11.9931 -31.3845 2.2408
      vertex 12 -31.0258 2.5359
      vertex 12.0654 -31.0208 2.50363
    endloop
  endfacet
  facet normal -0.393059 0.588685 -0.706368
    outer loop
      vertex 11.7115 -31.0176 2.70327
      vertex 12 -31.0258 2.5359
      vertex 11.9931 -31.3845 2.2408
    endloop
  endfacet
  facet normal -0.392647 0.589747 -0.70571
    outer loop
      vertex 12 -31.0258 2.5359
      vertex 11.7115 -31.0176 2.70327
      vertex 11.7495 -30.9923 2.70327
    endloop
  endfacet
  facet normal -0.875127 0.297036 0.381998
    outer loop
      vertex 9.62575 -32.1881 7.6072
      vertex 9.42668 -32.7746 7.6072
      vertex 9.66844 -32.8394 8.21144
    endloop
  endfacet
  facet normal -0.727081 0.636388 0.257611
    outer loop
      vertex 10.1095 -31.0147 6.97545
      vertex 10.1363 -31.0083 7.03528
      vertex 10.1289 -31.0017 6.99809
    endloop
  endfacet
  facet normal -0.728058 0.635034 0.258194
    outer loop
      vertex 10.2437 -31.1177 7.6072
      vertex 10.1363 -31.0083 7.03528
      vertex 10.1095 -31.0147 6.97545
    endloop
  endfacet
  facet normal -0.72585 0.637531 0.258257
    outer loop
      vertex 10.1363 -31.0083 7.03528
      vertex 10.2437 -31.1177 7.6072
      vertex 10.3045 -31.0175 7.53073
    endloop
  endfacet
  facet normal -0.726069 0.637414 0.257929
    outer loop
      vertex 10.3422 -31.0055 7.6072
      vertex 10.3045 -31.0175 7.53073
      vertex 10.2437 -31.1177 7.6072
    endloop
  endfacet
  facet normal -0.98936 -0.0648432 0.130238
    outer loop
      vertex 9.09607 -34 6.97545
      vertex 9.01071 -34 6.32701
      vertex 9.05339 -34.6512 6.32701
    endloop
  endfacet
  facet normal -0.98936 0.0648432 0.130238
    outer loop
      vertex 9.05339 -33.3488 6.32701
      vertex 9.01071 -34 6.32701
      vertex 9.09607 -34 6.97545
    endloop
  endfacet
  facet normal -0.980786 -0.195085 0
    outer loop
      vertex 9.18071 -35.2913 5.67299
      vertex 9.05339 -34.6512 6.32701
      vertex 9.05339 -34.6512 5.67299
    endloop
  endfacet
  facet normal -0.980786 -0.195085 0
    outer loop
      vertex 9.05339 -34.6512 6.32701
      vertex 9.18071 -35.2913 5.67299
      vertex 9.18071 -35.2913 6.32701
    endloop
  endfacet
  facet normal -0.351061 -0.712134 -0.607965
    outer loop
      vertex 12.4091 -37.8409 3.22215
      vertex 12.1204 -37.2556 2.70327
      vertex 12.5614 -37.473 2.70327
    endloop
  endfacet
  facet normal -0.0726884 0.108727 -0.991411
    outer loop
      vertex 13.8009 -33.7406 1.01071
      vertex 13.5123 -33.1552 1.09607
      vertex 13.8365 -33.7168 1.01071
    endloop
  endfacet
  facet normal -0.408774 -0.82889 -0.381898
    outer loop
      vertex 12.1881 -38.3742 4.3928
      vertex 11.6327 -38.1003 4.3928
      vertex 11.7578 -37.8836 3.78856
    endloop
  endfacet
  facet normal 0.056566 -0.864584 0.499294
    outer loop
      vertex 14 -38.1573 8.77785
      vertex 14 -38.4844 8.21144
      vertex 14.5426 -38.1218 8.77785
    endloop
  endfacet
  facet normal -0.571382 -0.651446 0.49914
    outer loop
      vertex 11.0603 -36.9397 8.77785
      vertex 10.8291 -37.1709 8.21144
      vertex 11.2701 -37.5577 8.21144
    endloop
  endfacet
  facet normal 0.694772 -0.609383 0.382026
    outer loop
      vertex 17.5577 -36.7299 8.21144
      vertex 17.1709 -37.1709 8.21144
      vertex 17.3479 -37.3479 7.6072
    endloop
  endfacet
  facet normal 0.383185 -0.777153 0.499202
    outer loop
      vertex 16.2422 -37.8836 8.21144
      vertex 15.5909 -37.8409 8.77785
      vertex 15.7161 -38.143 8.21144
    endloop
  endfacet
  facet normal -0.170916 0.194897 0.965817
    outer loop
      vertex 13.4062 -33.2261 10.9039
      vertex 13.0216 -32.7249 10.7347
      vertex 13.3103 -33.3102 10.9039
    endloop
  endfacet
  facet normal 0.288216 0.252835 -0.923583
    outer loop
      vertex 15.7545 -32.6538 1.51564
      vertex 15.2751 -33.0216 1.26535
      vertex 15.5637 -32.4363 1.51564
    endloop
  endfacet
  facet normal 0.597075 0.523481 -0.60784
    outer loop
      vertex 16.9824 -31.7115 2.70327
      vertex 16.9397 -31.0603 3.22215
      vertex 17.2982 -31.4692 3.22215
    endloop
  endfacet
  facet normal 0.577197 -0.195978 -0.79274
    outer loop
      vertex 17.0458 -35.2616 2.2408
      vertex 16.5664 -35.063 1.84265
      vertex 16.6832 -34.719 1.84265
    endloop
  endfacet
  facet normal 0.555548 -0.831484 0
    outer loop
      vertex 16.4946 -38.3209 5.67299
      vertex 17.0373 -37.9583 6.32701
      vertex 16.4946 -38.3209 6.32701
    endloop
  endfacet
  facet normal 0.555548 -0.831484 0
    outer loop
      vertex 17.0373 -37.9583 6.32701
      vertex 16.4946 -38.3209 5.67299
      vertex 17.0373 -37.9583 5.67299
    endloop
  endfacet
  facet normal 0.820483 -0.278565 0.499209
    outer loop
      vertex 18.3316 -35.1606 8.21144
      vertex 18.0157 -35.076 8.77785
      vertex 18.143 -35.7161 8.21144
    endloop
  endfacet
  facet normal 0.670315 -0.227613 0.706307
    outer loop
      vertex 17.6311 -34.973 9.29673
      vertex 17.0458 -35.2616 9.7592
      vertex 17.473 -35.4386 9.29673
    endloop
  endfacet
  facet normal 0.803368 -0.536619 0.258146
    outer loop
      vertex 18.1003 -36.3673 7.6072
      vertex 17.7563 -36.8823 7.6072
      vertex 17.8905 -36.9853 6.97545
    endloop
  endfacet
  facet normal 0.712104 0.35116 -0.607943
    outer loop
      vertex 17.8409 -32.409 3.22215
      vertex 17.2556 -32.1204 2.70327
      vertex 17.6004 -31.9213 3.22215
    endloop
  endfacet
  facet normal 0.720336 -0.481499 0.499274
    outer loop
      vertex 17.6004 -36.0787 8.77785
      vertex 17.2982 -36.5308 8.77785
      vertex 17.5577 -36.7299 8.21144
    endloop
  endfacet
  facet normal 0.466691 -0.532189 0.706381
    outer loop
      vertex 16.6582 -36.6582 9.29673
      vertex 16.0069 -36.6155 9.7592
      vertex 16.2885 -36.9824 9.29673
    endloop
  endfacet
  facet normal 0.169554 -0.34388 0.923579
    outer loop
      vertex 15.1057 -35.9152 10.4844
      vertex 14.615 -35.4849 10.7347
      vertex 14.8463 -36.0431 10.4844
    endloop
  endfacet
  facet normal 0.751855 0.255193 0.60794
    outer loop
      vertex 17.8409 -32.409 8.77785
      vertex 17.6311 -33.027 9.29673
      vertex 18.0157 -32.924 8.77785
    endloop
  endfacet
  facet normal -0.215537 -0.14402 0.965817
    outer loop
      vertex 13.1552 -34.4877 10.9039
      vertex 12.6081 -34.8036 10.7347
      vertex 12.7249 -34.9784 10.7347
    endloop
  endfacet
  facet normal -0.123147 -0.363055 0.923594
    outer loop
      vertex 13.584 -35.5524 10.7347
      vertex 13.385 -35.4849 10.7347
      vertex 13.4276 -36.1361 10.4844
    endloop
  endfacet
  facet normal 0.0255117 0.128276 -0.99141
    outer loop
      vertex 14.2525 -33.0578 1.09607
      vertex 14.0427 -33.6758 1.01071
      vertex 14.1273 -33.0329 1.09607
    endloop
  endfacet
  facet normal -0.597075 0.523481 -0.60784
    outer loop
      vertex 11.0176 -31.7115 2.70327
      vertex 10.7018 -31.4692 3.22215
      vertex 11.0603 -31.0603 3.22215
    endloop
  endfacet
  facet normal -0.161012 0.474214 -0.865561
    outer loop
      vertex 13.4276 -31.8639 1.51564
      vertex 12.937 -31.4336 1.84265
      vertex 13.281 -31.3168 1.84265
    endloop
  endfacet
  facet normal 0.651504 0.571202 0.49927
    outer loop
      vertex 17.5577 -31.2701 8.21144
      vertex 16.9397 -31.0603 8.77785
      vertex 17.2982 -31.4692 8.77785
    endloop
  endfacet
  facet normal 0.392647 0.589747 0.70571
    outer loop
      vertex 16 -31.0258 9.4641
      vertex 16.2885 -31.0176 9.29673
      vertex 16.2505 -30.9923 9.29673
    endloop
  endfacet
  facet normal 0.393059 0.588685 0.706368
    outer loop
      vertex 16.2885 -31.0176 9.29673
      vertex 16 -31.0258 9.4641
      vertex 16.0069 -31.3845 9.7592
    endloop
  endfacet
  facet normal 0.393469 0.588578 0.706228
    outer loop
      vertex 16.0069 -31.3845 9.7592
      vertex 16 -31.0258 9.4641
      vertex 15.9346 -31.0208 9.49637
    endloop
  endfacet
  facet normal 0.778722 0.154898 0.607946
    outer loop
      vertex 18.0157 -32.924 8.77785
      vertex 17.6311 -33.027 9.29673
      vertex 18.1218 -33.4574 8.77785
    endloop
  endfacet
  facet normal 0.768474 0.513311 0.382046
    outer loop
      vertex 17.7563 -31.1177 7.6072
      vertex 17.5577 -31.2701 8.21144
      vertex 18.1003 -31.6327 7.6072
    endloop
  endfacet
  facet normal 0.712104 0.35116 0.607943
    outer loop
      vertex 17.6004 -31.9213 8.77785
      vertex 17.2556 -32.1204 9.29673
      vertex 17.8409 -32.409 8.77785
    endloop
  endfacet
  facet normal 0.694531 0.609727 0.381916
    outer loop
      vertex 17.4759 -31.0293 7.97599
      vertex 17.7563 -31.1177 7.6072
      vertex 17.6578 -31.0055 7.6072
    endloop
  endfacet
  facet normal 0.694637 0.609525 0.382045
    outer loop
      vertex 17.7563 -31.1177 7.6072
      vertex 17.4759 -31.0293 7.97599
      vertex 17.5577 -31.2701 8.21144
    endloop
  endfacet
  facet normal 0.972429 0.193392 0.130312
    outer loop
      vertex 18.8193 -32.7087 6.32701
      vertex 18.7368 -32.7308 6.97545
      vertex 18.9466 -33.3488 6.32701
    endloop
  endfacet
  facet normal 0.694285 0.138036 -0.706338
    outer loop
      vertex 17.2685 -33.5697 2.2408
      vertex 17.1844 -33.1467 2.2408
      vertex 17.6311 -33.027 2.70327
    endloop
  endfacet
  facet normal 0.989372 -0.0647628 0.130189
    outer loop
      vertex 18.9039 -34 6.97545
      vertex 18.862 -34.6401 6.97545
      vertex 18.9466 -34.6512 6.32701
    endloop
  endfacet
  facet normal 0.728091 0.634419 0.259608
    outer loop
      vertex 17.8756 -30.9976 6.97545
      vertex 17.8711 -31.0017 6.99809
      vertex 17.8905 -31.0147 6.97545
    endloop
  endfacet
  facet normal 0.523517 0.59699 -0.607892
    outer loop
      vertex 16.6582 -31.3418 2.70327
      vertex 16.2885 -31.0176 2.70327
      vertex 16.9397 -31.0603 3.22215
    endloop
  endfacet
  facet normal 0.747727 0.651529 0.128119
    outer loop
      vertex 17.8795 -30.9982 6.95574
      vertex 17.8756 -30.9976 6.97545
      vertex 17.8905 -31.0147 6.97545
    endloop
  endfacet
  facet normal 0.803368 0.536619 -0.258146
    outer loop
      vertex 18.1003 -31.6327 4.3928
      vertex 17.7563 -31.1177 4.3928
      vertex 17.8905 -31.0147 5.02455
    endloop
  endfacet
  facet normal -0.660251 -0.441136 -0.607838
    outer loop
      vertex 11.0176 -36.2885 2.70327
      vertex 10.7018 -36.5308 3.22215
      vertex 10.7444 -35.8796 2.70327
    endloop
  endfacet
  facet normal -0.523517 0.59699 -0.607892
    outer loop
      vertex 11.3418 -31.3418 2.70327
      vertex 11.0603 -31.0603 3.22215
      vertex 11.7115 -31.0176 2.70327
    endloop
  endfacet
  facet normal -0.108777 0.0727219 0.991403
    outer loop
      vertex 13.7406 -33.8009 10.9893
      vertex 13.1552 -33.5123 10.9039
      vertex 13.7168 -33.8365 10.9893
    endloop
  endfacet
  facet normal -0.117358 -0.0578582 0.991403
    outer loop
      vertex 13.7168 -34.1635 10.9893
      vertex 13.0988 -34.3733 10.9039
      vertex 13.1552 -34.4877 10.9039
    endloop
  endfacet
  facet normal -0.963995 -0.06319 0.258304
    outer loop
      vertex 9.26535 -34 7.6072
      vertex 9.13803 -34.6401 6.97545
      vertex 9.30586 -34.618 7.6072
    endloop
  endfacet
  facet normal -0.550807 -0.824388 0.130367
    outer loop
      vertex 11.0147 -37.8905 6.97545
      vertex 10.9627 -37.9583 6.32701
      vertex 11.5054 -38.3209 6.32701
    endloop
  endfacet
  facet normal -0.532189 0.466691 0.706381
    outer loop
      vertex 11.3418 -31.3418 9.29673
      vertex 11.0176 -31.7115 9.29673
      vertex 11.3845 -31.9931 9.7592
    endloop
  endfacet
  facet normal -0.864638 -0.0566811 0.499188
    outer loop
      vertex 9.84265 -34 8.77785
      vertex 9.51564 -34 8.21144
      vertex 9.87822 -34.5426 8.77785
    endloop
  endfacet
  facet normal -0.745448 -0.653691 0.130364
    outer loop
      vertex 10.1095 -36.9853 6.97545
      vertex 10.0417 -37.0373 6.32701
      vertex 10.472 -37.528 6.32701
    endloop
  endfacet
  facet normal -0.914807 -0.310492 0.258309
    outer loop
      vertex 9.62575 -35.8119 7.6072
      vertex 9.26317 -35.2692 6.97545
      vertex 9.46936 -35.8767 6.97545
    endloop
  endfacet
  facet normal -0.914806 0.310504 0.258298
    outer loop
      vertex 9.62575 -32.1881 7.6072
      vertex 9.26317 -32.7308 6.97545
      vertex 9.42668 -32.7746 7.6072
    endloop
  endfacet
  facet normal -0.9475 0.188476 0.258305
    outer loop
      vertex 9.26317 -32.7308 6.97545
      vertex 9.13803 -33.3599 6.97545
      vertex 9.30586 -33.382 7.6072
    endloop
  endfacet
  facet normal -0.577151 -0.195963 0.792777
    outer loop
      vertex 11.3168 -34.719 10.1573
      vertex 10.9542 -35.2616 9.7592
      vertex 11.4336 -35.063 10.1573
    endloop
  endfacet
  facet normal -0.499768 0.0327177 0.865541
    outer loop
      vertex 11.8075 -33.7113 10.4844
      vertex 11.2221 -34 10.1573
      vertex 11.7886 -34 10.4844
    endloop
  endfacet
  facet normal -0.597075 0.523481 0.60784
    outer loop
      vertex 11.0603 -31.0603 8.77785
      vertex 10.7018 -31.4692 8.77785
      vertex 11.0176 -31.7115 9.29673
    endloop
  endfacet
  facet normal -0.777169 0.383207 0.499161
    outer loop
      vertex 10.1164 -31.7578 8.21144
      vertex 9.85699 -32.2839 8.21144
      vertex 10.1591 -32.409 8.77785
    endloop
  endfacet
  facet normal -0.824415 0.550779 0.130317
    outer loop
      vertex 10.0214 -30.9931 6.32701
      vertex 9.67914 -31.5054 6.32701
      vertex 10.0342 -31.0201 6.5221
    endloop
  endfacet
  facet normal -0.824404 0.55083 0.130171
    outer loop
      vertex 9.67914 -31.5054 6.32701
      vertex 10.0929 -31.002 6.81727
      vertex 10.0342 -31.0201 6.5221
    endloop
  endfacet
  facet normal -0.824581 0.550433 0.130728
    outer loop
      vertex 10.0929 -31.002 6.81727
      vertex 9.67914 -31.5054 6.32701
      vertex 10.1095 -31.0147 6.97545
    endloop
  endfacet
  facet normal -0.914807 -0.310492 -0.258309
    outer loop
      vertex 9.46936 -35.8767 5.02455
      vertex 9.26317 -35.2692 5.02455
      vertex 9.62575 -35.8119 4.3928
    endloop
  endfacet
  facet normal -0.989358 -0.0648546 0.13025
    outer loop
      vertex 9.09607 -34 6.97545
      vertex 9.05339 -34.6512 6.32701
      vertex 9.13803 -34.6401 6.97545
    endloop
  endfacet
  facet normal -0.864633 0.0566672 0.499198
    outer loop
      vertex 9.554 -33.4147 8.21144
      vertex 9.51564 -34 8.21144
      vertex 9.87822 -33.4574 8.77785
    endloop
  endfacet
  facet normal -0.820536 -0.278488 -0.499163
    outer loop
      vertex 10.1591 -35.591 3.22215
      vertex 9.85699 -35.7161 3.78856
      vertex 9.98431 -35.076 3.22215
    endloop
  endfacet
  facet normal -0.792259 -0.0519363 -0.60797
    outer loop
      vertex 9.87822 -34.5426 3.22215
      vertex 9.84265 -34 3.22215
      vertex 10.273 -34.4907 2.70327
    endloop
  endfacet
  facet normal -0.0647628 -0.989372 0.130189
    outer loop
      vertex 13.3599 -38.862 6.97545
      vertex 13.3488 -38.9466 6.32701
      vertex 14 -38.9039 6.97545
    endloop
  endfacet
  facet normal -0.255282 -0.751797 -0.607974
    outer loop
      vertex 13.027 -37.6311 2.70327
      vertex 12.4091 -37.8409 3.22215
      vertex 12.5614 -37.473 2.70327
    endloop
  endfacet
  facet normal 0.25437 0.0505895 -0.965783
    outer loop
      vertex 14.9671 -33.8727 1.09607
      vertex 14.9422 -33.7475 1.09607
      vertex 15.5524 -33.584 1.26535
    endloop
  endfacet
  facet normal 0.98935 -0.0648729 0.130298
    outer loop
      vertex 18.9893 -34 6.32701
      vertex 18.9039 -34 6.97545
      vertex 18.9466 -34.6512 6.32701
    endloop
  endfacet
  facet normal -0.670315 -0.227613 -0.706307
    outer loop
      vertex 10.527 -35.4386 2.70327
      vertex 10.3689 -34.973 2.70327
      vertex 10.9542 -35.2616 2.2408
    endloop
  endfacet
  facet normal -0.824416 -0.550765 -0.130367
    outer loop
      vertex 10.0417 -37.0373 5.67299
      vertex 9.67914 -36.4946 5.67299
      vertex 10.1095 -36.9853 5.02455
    endloop
  endfacet
  facet normal -0.188442 -0.947512 0.258286
    outer loop
      vertex 12.7746 -38.5733 7.6072
      vertex 12.7308 -38.7368 6.97545
      vertex 13.382 -38.6941 7.6072
    endloop
  endfacet
  facet normal -0.288226 -0.252844 0.923578
    outer loop
      vertex 12.7249 -34.9784 10.7347
      vertex 12.2455 -35.3462 10.4844
      vertex 12.4363 -35.5637 10.4844
    endloop
  endfacet
  facet normal -0.114625 -0.232502 0.965818
    outer loop
      vertex 13.5123 -34.8448 10.9039
      vertex 13.385 -35.4849 10.7347
      vertex 13.6267 -34.9012 10.9039
    endloop
  endfacet
  facet normal 0.195817 0.577192 0.792783
    outer loop
      vertex 15.1914 -31.0011 9.8107
      vertex 15.063 -31.4336 10.1573
      vertex 15.245 -30.9943 9.79251
    endloop
  endfacet
  facet normal 0.195962 0.577147 0.79278
    outer loop
      vertex 15.063 -31.4336 10.1573
      vertex 15.1914 -31.0011 9.8107
      vertex 14.719 -31.3168 10.1573
    endloop
  endfacet
  facet normal -0.597853 -0.118933 0.792734
    outer loop
      vertex 11.2459 -34.3626 10.1573
      vertex 10.7315 -34.4303 9.7592
      vertex 11.3168 -34.719 10.1573
    endloop
  endfacet
  facet normal 0.980792 0.195055 0
    outer loop
      vertex 18.9466 -33.3488 6.32701
      vertex 18.8193 -32.7087 5.67299
      vertex 18.8193 -32.7087 6.32701
    endloop
  endfacet
  facet normal 0.980792 0.195055 0
    outer loop
      vertex 18.8193 -32.7087 5.67299
      vertex 18.9466 -33.3488 6.32701
      vertex 18.9466 -33.3488 5.67299
    endloop
  endfacet
  facet normal 0.77718 -0.383198 -0.499151
    outer loop
      vertex 17.8836 -36.2422 3.78856
      vertex 17.8409 -35.591 3.22215
      vertex 18.143 -35.7161 3.78856
    endloop
  endfacet
  facet normal 0.938854 -0.318724 -0.13026
    outer loop
      vertex 18.6095 -35.9093 5.67299
      vertex 18.5306 -35.8767 5.02455
      vertex 18.8193 -35.2913 5.67299
    endloop
  endfacet
  facet normal 0.938864 -0.318673 0.130311
    outer loop
      vertex 18.7368 -35.2692 6.97545
      vertex 18.5306 -35.8767 6.97545
      vertex 18.8193 -35.2913 6.32701
    endloop
  endfacet
  facet normal 0.63696 -0.72635 -0.25826
    outer loop
      vertex 16.9853 -37.8905 5.02455
      vertex 16.8823 -37.7562 4.3928
      vertex 17.3479 -37.3479 4.3928
    endloop
  endfacet
  facet normal 0.720336 -0.481499 -0.499274
    outer loop
      vertex 17.5577 -36.7299 3.78856
      vertex 17.2982 -36.5308 3.22215
      vertex 17.6004 -36.0787 3.22215
    endloop
  endfacet
  facet normal 0.653691 -0.745448 0.130364
    outer loop
      vertex 17.528 -37.528 6.32701
      vertex 16.9853 -37.8905 6.97545
      vertex 17.0373 -37.9583 6.32701
    endloop
  endfacet
  facet normal 0.751864 -0.659318 0
    outer loop
      vertex 17.528 -37.528 6.32701
      vertex 17.9583 -37.0373 5.67299
      vertex 17.9583 -37.0373 6.32701
    endloop
  endfacet
  facet normal 0.751864 -0.659318 0
    outer loop
      vertex 17.9583 -37.0373 5.67299
      vertex 17.528 -37.528 6.32701
      vertex 17.528 -37.528 5.67299
    endloop
  endfacet
  facet normal 0.427266 -0.866431 0.258343
    outer loop
      vertex 16.3673 -38.1003 7.6072
      vertex 15.8767 -38.5306 6.97545
      vertex 16.452 -38.2469 6.97545
    endloop
  endfacet
  facet normal 0.550901 -0.824342 -0.130266
    outer loop
      vertex 16.4946 -38.3209 5.67299
      vertex 16.452 -38.2469 5.02455
      vertex 16.9853 -37.8905 5.02455
    endloop
  endfacet
  facet normal 0.694772 -0.609383 -0.382026
    outer loop
      vertex 17.3479 -37.3479 4.3928
      vertex 17.1709 -37.1709 3.78856
      vertex 17.5577 -36.7299 3.78856
    endloop
  endfacet
  facet normal 0.670315 -0.227613 -0.706307
    outer loop
      vertex 17.473 -35.4386 2.70327
      vertex 17.0458 -35.2616 2.2408
      vertex 17.6311 -34.973 2.70327
    endloop
  endfacet
  facet normal 0.914795 -0.310547 0.258284
    outer loop
      vertex 18.5733 -35.2254 7.6072
      vertex 18.3742 -35.8119 7.6072
      vertex 18.7368 -35.2692 6.97545
    endloop
  endfacet
  facet normal 0.751775 0.255274 0.608005
    outer loop
      vertex 17.8409 -32.409 8.77785
      vertex 17.473 -32.5614 9.29673
      vertex 17.6311 -33.027 9.29673
    endloop
  endfacet
  facet normal 0.59699 -0.523517 0.607892
    outer loop
      vertex 16.9824 -36.2885 9.29673
      vertex 16.6582 -36.6582 9.29673
      vertex 16.9397 -36.9397 8.77785
    endloop
  endfacet
  facet normal 0.889232 -0.438511 0.130288
    outer loop
      vertex 18.5306 -35.8767 6.97545
      vertex 18.2469 -36.452 6.97545
      vertex 18.3209 -36.4946 6.32701
    endloop
  endfacet
  facet normal 0.77718 -0.383198 0.499151
    outer loop
      vertex 18.143 -35.7161 8.21144
      vertex 17.8409 -35.591 8.77785
      vertex 17.8836 -36.2422 8.21144
    endloop
  endfacet
  facet normal 0.706358 -0.0462916 0.70634
    outer loop
      vertex 17.2967 -34 9.7592
      vertex 17.2685 -34.4303 9.7592
      vertex 17.727 -34.4907 9.29673
    endloop
  endfacet
  facet normal 0.0519923 -0.792318 0.607889
    outer loop
      vertex 14 -37.7592 9.29673
      vertex 14 -38.1573 8.77785
      vertex 14.4907 -37.727 9.29673
    endloop
  endfacet
  facet normal 0.193392 -0.972429 -0.130312
    outer loop
      vertex 15.2913 -38.8193 5.67299
      vertex 14.6512 -38.9466 5.67299
      vertex 15.2692 -38.7368 5.02455
    endloop
  endfacet
  facet normal 0.258674 0.0170688 0.965814
    outer loop
      vertex 15.5934 -33.7902 10.7347
      vertex 14.9671 -33.8727 10.9039
      vertex 14.9755 -34 10.9039
    endloop
  endfacet
  facet normal 0.792318 0.0519923 0.607889
    outer loop
      vertex 18.1573 -34 8.77785
      vertex 17.727 -33.5093 9.29673
      vertex 17.7592 -34 9.29673
    endloop
  endfacet
  facet normal -0.221517 -0.449268 0.865499
    outer loop
      vertex 13.1537 -36.0431 10.4844
      vertex 12.8943 -35.9152 10.4844
      vertex 12.937 -36.5664 10.1573
    endloop
  endfacet
  facet normal 0.0254283 -0.128367 0.991401
    outer loop
      vertex 14.0846 -34.3159 10.9893
      vertex 14.0427 -34.3242 10.9893
      vertex 14.2525 -34.9422 10.9039
    endloop
  endfacet
  facet normal -0.252844 -0.288226 0.923578
    outer loop
      vertex 13.0216 -35.2751 10.7347
      vertex 12.4363 -35.5637 10.4844
      vertex 12.6538 -35.7545 10.4844
    endloop
  endfacet
  facet normal -0.660251 -0.441136 0.607838
    outer loop
      vertex 10.7444 -35.8796 9.29673
      vertex 10.7018 -36.5308 8.77785
      vertex 11.0176 -36.2885 9.29673
    endloop
  endfacet
  facet normal 0.546707 0.269579 -0.792741
    outer loop
      vertex 16.5664 -32.937 1.84265
      vertex 16.4057 -32.6111 1.84265
      vertex 17.0458 -32.7384 2.2408
    endloop
  endfacet
  facet normal -0.232605 -0.114676 -0.965787
    outer loop
      vertex 13.1552 -34.4877 1.09607
      vertex 12.5151 -34.615 1.26535
      vertex 13.0988 -34.3733 1.09607
    endloop
  endfacet
  facet normal -0.0505895 -0.25437 -0.965783
    outer loop
      vertex 13.8727 -34.9671 1.09607
      vertex 13.584 -35.5524 1.26535
      vertex 13.7475 -34.9422 1.09607
    endloop
  endfacet
  facet normal 0.0747643 -0.37601 -0.923595
    outer loop
      vertex 14.2887 -36.1925 1.51564
      vertex 14.2098 -35.5934 1.26535
      vertex 14.416 -35.5524 1.26535
    endloop
  endfacet
  facet normal 0.269579 -0.546707 -0.792741
    outer loop
      vertex 15.2616 -37.0458 2.2408
      vertex 15.063 -36.5664 1.84265
      vertex 15.3889 -36.4057 1.84265
    endloop
  endfacet
  facet normal 0.499696 -0.0327986 -0.86558
    outer loop
      vertex 16.7541 -34.3626 1.84265
      vertex 16.1925 -34.2887 1.51564
      vertex 16.7779 -34 1.84265
    endloop
  endfacet
  facet normal 0.0518338 -0.792254 -0.607986
    outer loop
      vertex 14.5426 -38.1218 3.22215
      vertex 14 -38.1573 3.22215
      vertex 14.4907 -37.727 2.70327
    endloop
  endfacet
  facet normal -0.0982819 -0.0862913 -0.99141
    outer loop
      vertex 13.3103 -34.6897 1.09607
      vertex 13.2261 -34.5938 1.09607
      vertex 13.7688 -34.2312 1.01071
    endloop
  endfacet
  facet normal -0.269238 0.54675 -0.792827
    outer loop
      vertex 12.6111 -31.5943 1.84265
      vertex 12.6569 -30.9944 2.2408
      vertex 12.7304 -30.9944 2.21584
    endloop
  endfacet
  facet normal -0.269511 0.546722 -0.792754
    outer loop
      vertex 12.6569 -30.9944 2.2408
      vertex 12.6111 -31.5943 1.84265
      vertex 12.3516 -31.1449 2.2408
    endloop
  endfacet
  facet normal -0.803347 0.536651 -0.258147
    outer loop
      vertex 10.2437 -31.1177 4.3928
      vertex 9.89967 -31.6327 4.3928
      vertex 10.1095 -31.0147 5.02455
    endloop
  endfacet
  facet normal 0.466691 0.532189 0.706381
    outer loop
      vertex 16.2885 -31.0176 9.29673
      vertex 16.0069 -31.3845 9.7592
      vertex 16.6582 -31.3418 9.29673
    endloop
  endfacet
  facet normal 0.117358 0.0578582 0.991403
    outer loop
      vertex 14.8448 -33.5123 10.9039
      vertex 14.2832 -33.8365 10.9893
      vertex 14.9012 -33.6267 10.9039
    endloop
  endfacet
  facet normal 0.26949 0.546679 0.792791
    outer loop
      vertex 15.3431 -30.9944 9.7592
      vertex 15.3889 -31.5943 10.1573
      vertex 15.6484 -31.1449 9.7592
    endloop
  endfacet
  facet normal 0.269247 0.546704 0.792856
    outer loop
      vertex 15.3889 -31.5943 10.1573
      vertex 15.3431 -30.9944 9.7592
      vertex 15.2696 -30.9944 9.78416
    endloop
  endfacet
  facet normal -0.728091 0.634419 0.259608
    outer loop
      vertex 10.1244 -30.9976 6.97545
      vertex 10.1095 -31.0147 6.97545
      vertex 10.1289 -31.0017 6.99809
    endloop
  endfacet
  facet normal 0.634915 0.313026 0.706327
    outer loop
      vertex 17.2556 -32.1204 9.29673
      vertex 16.8551 -32.3516 9.7592
      vertex 17.0458 -32.7384 9.7592
    endloop
  endfacet
  facet normal 0.87512 0.297115 0.381953
    outer loop
      vertex 18.3742 -32.1881 7.6072
      vertex 18.143 -32.2839 8.21144
      vertex 18.3316 -32.8394 8.21144
    endloop
  endfacet
  facet normal 0.720336 0.481499 0.499274
    outer loop
      vertex 17.5577 -31.2701 8.21144
      vertex 17.2982 -31.4692 8.77785
      vertex 17.6004 -31.9213 8.77785
    endloop
  endfacet
  facet normal 0.963969 0.0631727 0.258404
    outer loop
      vertex 18.862 -33.3599 6.97545
      vertex 18.6941 -33.382 7.6072
      vertex 18.7346 -34 7.6072
    endloop
  endfacet
  facet normal 0.889232 0.438511 0.130288
    outer loop
      vertex 18.3209 -31.5054 6.32701
      vertex 18.2469 -31.548 6.97545
      vertex 18.5306 -32.1233 6.97545
    endloop
  endfacet
  facet normal 0.651504 0.571202 -0.49927
    outer loop
      vertex 17.2982 -31.4692 3.22215
      vertex 16.9397 -31.0603 3.22215
      vertex 17.5577 -31.2701 3.78856
    endloop
  endfacet
  facet normal 0.820537 0.278505 0.499153
    outer loop
      vertex 18.143 -32.2839 8.21144
      vertex 17.8409 -32.409 8.77785
      vertex 18.0157 -32.924 8.77785
    endloop
  endfacet
  facet normal 0.906449 0.18025 0.381916
    outer loop
      vertex 18.5733 -32.7746 7.6072
      vertex 18.3316 -32.8394 8.21144
      vertex 18.446 -33.4147 8.21144
    endloop
  endfacet
  facet normal 0.906436 0.180272 -0.381937
    outer loop
      vertex 18.6941 -33.382 4.3928
      vertex 18.446 -33.4147 3.78856
      vertex 18.5733 -32.7746 4.3928
    endloop
  endfacet
  facet normal 0.989372 -0.0647628 -0.130189
    outer loop
      vertex 18.9466 -34.6512 5.67299
      vertex 18.862 -34.6401 5.02455
      vertex 18.9039 -34 5.02455
    endloop
  endfacet
  facet normal 0.523531 0.596665 -0.6082
    outer loop
      vertex 16.9397 -31.0603 3.22215
      vertex 16.8284 -31.0142 3.17157
      vertex 16.8728 -31.0016 3.22215
    endloop
  endfacet
  facet normal 0.523528 0.596789 -0.60808
    outer loop
      vertex 16.9397 -31.0603 3.22215
      vertex 16.435 -31.0206 2.82659
      vertex 16.8284 -31.0142 3.17157
    endloop
  endfacet
  facet normal 0.523363 0.597834 -0.607195
    outer loop
      vertex 16.435 -31.0206 2.82659
      vertex 16.2885 -31.0176 2.70327
      vertex 16.3057 -30.9952 2.74015
    endloop
  endfacet
  facet normal 0.521075 0.602688 -0.604358
    outer loop
      vertex 16.2885 -31.0176 2.70327
      vertex 16.435 -31.0206 2.82659
      vertex 16.9397 -31.0603 3.22215
    endloop
  endfacet
  facet normal 0.889256 0.438475 0.130246
    outer loop
      vertex 18.6095 -32.0907 6.32701
      vertex 18.3209 -31.5054 6.32701
      vertex 18.5306 -32.1233 6.97545
    endloop
  endfacet
  facet normal 0.745733 0.653297 0.130712
    outer loop
      vertex 17.9071 -31.002 6.81727
      vertex 17.8795 -30.9982 6.95574
      vertex 17.8905 -31.0147 6.97545
    endloop
  endfacet
  facet normal 0.694531 0.609727 -0.381916
    outer loop
      vertex 17.7563 -31.1177 4.3928
      vertex 17.4759 -31.0293 4.02401
      vertex 17.6578 -31.0055 4.3928
    endloop
  endfacet
  facet normal 0.694637 0.609525 -0.382045
    outer loop
      vertex 17.4759 -31.0293 4.02401
      vertex 17.7563 -31.1177 4.3928
      vertex 17.5577 -31.2701 3.78856
    endloop
  endfacet
  facet normal 0.393378 0.588589 -0.706269
    outer loop
      vertex 15.6484 -31.1449 2.2408
      vertex 15.9346 -31.0208 2.50363
      vertex 16.0069 -31.3845 2.2408
    endloop
  endfacet
  facet normal 0.393114 0.588922 -0.706139
    outer loop
      vertex 15.9346 -31.0208 2.50363
      vertex 15.6484 -31.1449 2.2408
      vertex 15.7291 -31.0051 2.40232
    endloop
  endfacet
  facet normal 0.19586 0.577302 -0.792693
    outer loop
      vertex 15.0353 -31.0209 2.1363
      vertex 14.719 -31.3168 1.84265
      vertex 14.8024 -31.0055 2.08997
    endloop
  endfacet
  facet normal 0.195927 0.577251 -0.792713
    outer loop
      vertex 14.719 -31.3168 1.84265
      vertex 15.0353 -31.0209 2.1363
      vertex 15.1914 -31.0011 2.1893
    endloop
  endfacet
  facet normal 0.215632 0.144084 -0.965786
    outer loop
      vertex 15.3919 -33.1964 1.26535
      vertex 14.8448 -33.5123 1.09607
      vertex 15.2751 -33.0216 1.26535
    endloop
  endfacet
  facet normal 0.532189 0.466691 -0.706381
    outer loop
      vertex 16.9824 -31.7115 2.70327
      vertex 16.6155 -31.9931 2.2408
      vertex 16.6582 -31.3418 2.70327
    endloop
  endfacet
  facet normal -0.114676 0.232605 -0.965787
    outer loop
      vertex 13.5123 -33.1552 1.09607
      vertex 13.385 -32.5151 1.26535
      vertex 13.6267 -33.0988 1.09607
    endloop
  endfacet
  facet normal 0.117304 0.0578316 -0.991411
    outer loop
      vertex 14.9012 -33.6267 1.09607
      vertex 14.2832 -33.8365 1.01071
      vertex 14.8448 -33.5123 1.09607
    endloop
  endfacet
  facet normal -0.213011 0.318787 0.92358
    outer loop
      vertex 13.1964 -32.6081 10.7347
      vertex 12.8943 -32.0848 10.4844
      vertex 13.0216 -32.7249 10.7347
    endloop
  endfacet
  facet normal -0.0421973 0.12384 0.991405
    outer loop
      vertex 13.9154 -33.6841 10.9893
      vertex 13.6267 -33.0988 10.9039
      vertex 13.8749 -33.6979 10.9893
    endloop
  endfacet
  facet normal -0.506737 -0.338673 0.792792
    outer loop
      vertex 11.7962 -35.691 10.1573
      vertex 11.1449 -35.6484 9.7592
      vertex 11.3845 -36.0069 9.7592
    endloop
  endfacet
  facet normal -0.269657 -0.546663 0.792745
    outer loop
      vertex 12.6111 -36.4057 10.1573
      vertex 12.3516 -36.855 9.7592
      vertex 12.7384 -37.0458 9.7592
    endloop
  endfacet
  facet normal -0.768453 -0.513342 0.382047
    outer loop
      vertex 10.4423 -36.7299 8.21144
      vertex 9.89967 -36.3673 7.6072
      vertex 10.2437 -36.8823 7.6072
    endloop
  endfacet
  facet normal -0.906405 -0.180304 0.381994
    outer loop
      vertex 9.554 -34.5853 8.21144
      vertex 9.42668 -35.2254 7.6072
      vertex 9.66844 -35.1606 8.21144
    endloop
  endfacet
  facet normal -0.523481 -0.597075 -0.60784
    outer loop
      vertex 11.4692 -37.2982 3.22215
      vertex 11.0603 -36.9397 3.22215
      vertex 11.7115 -36.9824 2.70327
    endloop
  endfacet
  facet normal -0.938869 -0.318699 -0.130217
    outer loop
      vertex 9.39049 -35.9093 5.67299
      vertex 9.18071 -35.2913 5.67299
      vertex 9.46936 -35.8767 5.02455
    endloop
  endfacet
  facet normal -0.875125 0.297038 0.382001
    outer loop
      vertex 9.85699 -32.2839 8.21144
      vertex 9.62575 -32.1881 7.6072
      vertex 9.66844 -32.8394 8.21144
    endloop
  endfacet
  facet normal -0.393114 0.588922 0.706139
    outer loop
      vertex 12.0654 -31.0208 9.49637
      vertex 12.3516 -31.1449 9.7592
      vertex 12.2709 -31.0051 9.59768
    endloop
  endfacet
  facet normal -0.393378 0.588589 0.706269
    outer loop
      vertex 12.3516 -31.1449 9.7592
      vertex 12.0654 -31.0208 9.49637
      vertex 11.9931 -31.3845 9.7592
    endloop
  endfacet
  facet normal -0.720445 0.481429 0.499185
    outer loop
      vertex 10.4423 -31.2701 8.21144
      vertex 10.1164 -31.7578 8.21144
      vertex 10.3996 -31.9213 8.77785
    endloop
  endfacet
  facet normal -0.90641 0.180297 0.381988
    outer loop
      vertex 9.42668 -32.7746 7.6072
      vertex 9.30586 -33.382 7.6072
      vertex 9.554 -33.4147 8.21144
    endloop
  endfacet
  facet normal -0.889229 0.43854 0.130207
    outer loop
      vertex 9.67914 -31.5054 6.32701
      vertex 9.46936 -32.1233 6.97545
      vertex 9.75308 -31.548 6.97545
    endloop
  endfacet
  facet normal -0.747727 0.651529 0.128119
    outer loop
      vertex 10.1205 -30.9982 6.95574
      vertex 10.1095 -31.0147 6.97545
      vertex 10.1244 -30.9976 6.97545
    endloop
  endfacet
  facet normal -0.963995 0.06319 -0.258304
    outer loop
      vertex 9.26535 -34 4.3928
      vertex 9.13803 -33.3599 5.02455
      vertex 9.30586 -33.382 4.3928
    endloop
  endfacet
  facet normal -0.972431 0.193423 0.130253
    outer loop
      vertex 9.18071 -32.7087 6.32701
      vertex 9.05339 -33.3488 6.32701
      vertex 9.26317 -32.7308 6.97545
    endloop
  endfacet
  facet normal -0.747727 0.651529 -0.128119
    outer loop
      vertex 10.1244 -30.9976 5.02455
      vertex 10.1095 -31.0147 5.02455
      vertex 10.1205 -30.9982 5.04426
    endloop
  endfacet
  facet normal -0.820522 0.278505 -0.499179
    outer loop
      vertex 9.98431 -32.924 3.22215
      vertex 9.66844 -32.8394 3.78856
      vertex 9.85699 -32.2839 3.78856
    endloop
  endfacet
  facet normal -0.963994 -0.063192 0.258306
    outer loop
      vertex 9.26535 -34 7.6072
      vertex 9.09607 -34 6.97545
      vertex 9.13803 -34.6401 6.97545
    endloop
  endfacet
  facet normal -0.963994 0.063192 0.258306
    outer loop
      vertex 9.13803 -33.3599 6.97545
      vertex 9.09607 -34 6.97545
      vertex 9.26535 -34 7.6072
    endloop
  endfacet
  facet normal -0.875127 -0.297036 0.381998
    outer loop
      vertex 9.66844 -35.1606 8.21144
      vertex 9.42668 -35.2254 7.6072
      vertex 9.62575 -35.8119 7.6072
    endloop
  endfacet
  facet normal -0.963995 0.06319 0.258304
    outer loop
      vertex 9.30586 -33.382 7.6072
      vertex 9.13803 -33.3599 6.97545
      vertex 9.26535 -34 7.6072
    endloop
  endfacet
  facet normal -0.866417 -0.427312 -0.258312
    outer loop
      vertex 9.89967 -36.3673 4.3928
      vertex 9.46936 -35.8767 5.02455
      vertex 9.62575 -35.8119 4.3928
    endloop
  endfacet
  facet normal -0.946931 0.321436 0
    outer loop
      vertex 9.18071 -32.7087 5.67299
      vertex 9.39049 -32.0907 6.32701
      vertex 9.39049 -32.0907 5.67299
    endloop
  endfacet
  facet normal -0.946931 0.321436 0
    outer loop
      vertex 9.39049 -32.0907 6.32701
      vertex 9.18071 -32.7087 5.67299
      vertex 9.18071 -32.7087 6.32701
    endloop
  endfacet
  facet normal 0.438511 -0.889232 -0.130288
    outer loop
      vertex 16.4946 -38.3209 5.67299
      vertex 15.8767 -38.5306 5.02455
      vertex 16.452 -38.2469 5.02455
    endloop
  endfacet
  facet normal 0.408774 -0.82889 -0.381898
    outer loop
      vertex 16.3673 -38.1003 4.3928
      vertex 15.8119 -38.3742 4.3928
      vertex 16.2422 -37.8836 3.78856
    endloop
  endfacet
  facet normal 0.546707 -0.269579 -0.792741
    outer loop
      vertex 17.0458 -35.2616 2.2408
      vertex 16.4057 -35.3889 1.84265
      vertex 16.5664 -35.063 1.84265
    endloop
  endfacet
  facet normal 0.532189 -0.466691 -0.706381
    outer loop
      vertex 16.6582 -36.6582 2.70327
      vertex 16.6155 -36.0069 2.2408
      vertex 16.9824 -36.2885 2.70327
    endloop
  endfacet
  facet normal 0.449176 -0.221471 -0.865559
    outer loop
      vertex 16.5664 -35.063 1.84265
      vertex 15.9152 -35.1057 1.51564
      vertex 16.0431 -34.8463 1.51564
    endloop
  endfacet
  facet normal 0.449175 0.221486 -0.865555
    outer loop
      vertex 16.5664 -32.937 1.84265
      vertex 15.9152 -32.8943 1.51564
      vertex 16.4057 -32.6111 1.84265
    endloop
  endfacet
  facet normal -0.441136 -0.660251 -0.607838
    outer loop
      vertex 12.1204 -37.2556 2.70327
      vertex 11.4692 -37.2982 3.22215
      vertex 11.7115 -36.9824 2.70327
    endloop
  endfacet
  facet normal -0.523517 -0.59699 -0.607892
    outer loop
      vertex 11.7115 -36.9824 2.70327
      vertex 11.0603 -36.9397 3.22215
      vertex 11.3418 -36.6582 2.70327
    endloop
  endfacet
  facet normal -0.659318 -0.751864 0
    outer loop
      vertex 10.472 -37.528 5.67299
      vertex 10.9627 -37.9583 6.32701
      vertex 10.472 -37.528 6.32701
    endloop
  endfacet
  facet normal -0.659318 -0.751864 -0
    outer loop
      vertex 10.9627 -37.9583 6.32701
      vertex 10.472 -37.528 5.67299
      vertex 10.9627 -37.9583 5.67299
    endloop
  endfacet
  facet normal -0.513493 -0.768428 -0.381895
    outer loop
      vertex 11.6327 -38.1003 4.3928
      vertex 11.2701 -37.5577 3.78856
      vertex 11.7578 -37.8836 3.78856
    endloop
  endfacet
  facet normal 0.383169 -0.777172 0.499185
    outer loop
      vertex 16.0787 -37.6004 8.77785
      vertex 15.5909 -37.8409 8.77785
      vertex 16.2422 -37.8836 8.21144
    endloop
  endfacet
  facet normal -0.318673 -0.938864 0.130311
    outer loop
      vertex 12.7308 -38.7368 6.97545
      vertex 12.1233 -38.5306 6.97545
      vertex 12.7087 -38.8193 6.32701
    endloop
  endfacet
  facet normal -0.195929 -0.577185 0.792761
    outer loop
      vertex 13.281 -36.6832 10.1573
      vertex 12.7384 -37.0458 9.7592
      vertex 13.1467 -37.1844 9.7592
    endloop
  endfacet
  facet normal -0.442242 -0.896896 0
    outer loop
      vertex 11.5054 -38.3209 5.67299
      vertex 12.0907 -38.6095 6.32701
      vertex 11.5054 -38.3209 6.32701
    endloop
  endfacet
  facet normal -0.442242 -0.896896 -0
    outer loop
      vertex 12.0907 -38.6095 6.32701
      vertex 11.5054 -38.3209 5.67299
      vertex 12.0907 -38.6095 5.67299
    endloop
  endfacet
  facet normal -0.161047 -0.47431 0.865502
    outer loop
      vertex 13.1537 -36.0431 10.4844
      vertex 12.937 -36.5664 10.1573
      vertex 13.4276 -36.1361 10.4844
    endloop
  endfacet
  facet normal -0.254258 -0.0505672 0.965814
    outer loop
      vertex 13.0329 -34.1273 10.9039
      vertex 12.4476 -34.416 10.7347
      vertex 13.0578 -34.2525 10.9039
    endloop
  endfacet
  facet normal -0.41647 -0.278336 0.865495
    outer loop
      vertex 12.0848 -35.1057 10.4844
      vertex 11.5943 -35.3889 10.1573
      vertex 11.7962 -35.691 10.1573
    endloop
  endfacet
  facet normal -0.670305 -0.227539 0.706341
    outer loop
      vertex 10.8156 -34.8533 9.7592
      vertex 10.3689 -34.973 9.29673
      vertex 10.9542 -35.2616 9.7592
    endloop
  endfacet
  facet normal -0.376021 -0.0747535 0.923591
    outer loop
      vertex 12.4476 -34.416 10.7347
      vertex 11.8075 -34.2887 10.4844
      vertex 11.8639 -34.5724 10.4844
    endloop
  endfacet
  facet normal -0.258674 0.0170688 0.965814
    outer loop
      vertex 13.0329 -33.8727 10.9039
      vertex 12.4066 -33.7902 10.7347
      vertex 13.0245 -34 10.9039
    endloop
  endfacet
  facet normal 0.98935 0.0648729 0.130298
    outer loop
      vertex 18.9466 -33.3488 6.32701
      vertex 18.9039 -34 6.97545
      vertex 18.9893 -34 6.32701
    endloop
  endfacet
  facet normal 0.963992 -0.0631015 0.258336
    outer loop
      vertex 18.9039 -34 6.97545
      vertex 18.7346 -34 7.6072
      vertex 18.862 -34.6401 6.97545
    endloop
  endfacet
  facet normal 0.820537 -0.278505 -0.499153
    outer loop
      vertex 18.143 -35.7161 3.78856
      vertex 17.8409 -35.591 3.22215
      vertex 18.0157 -35.076 3.22215
    endloop
  endfacet
  facet normal 0.720445 -0.481429 -0.499185
    outer loop
      vertex 17.8836 -36.2422 3.78856
      vertex 17.5577 -36.7299 3.78856
      vertex 17.6004 -36.0787 3.22215
    endloop
  endfacet
  facet normal 0.82889 -0.408774 -0.381898
    outer loop
      vertex 18.1003 -36.3673 4.3928
      vertex 17.8836 -36.2422 3.78856
      vertex 18.3742 -35.8119 4.3928
    endloop
  endfacet
  facet normal 0.889256 -0.438475 -0.130246
    outer loop
      vertex 18.6095 -35.9093 5.67299
      vertex 18.3209 -36.4946 5.67299
      vertex 18.5306 -35.8767 5.02455
    endloop
  endfacet
  facet normal -0.255237 -0.751841 -0.607939
    outer loop
      vertex 12.924 -38.0157 3.22215
      vertex 12.4091 -37.8409 3.22215
      vertex 13.027 -37.6311 2.70327
    endloop
  endfacet
  facet normal 0.154898 -0.778722 -0.607946
    outer loop
      vertex 15.076 -38.0157 3.22215
      vertex 14.5426 -38.1218 3.22215
      vertex 14.973 -37.6311 2.70327
    endloop
  endfacet
  facet normal 0.938854 -0.318724 0.13026
    outer loop
      vertex 18.8193 -35.2913 6.32701
      vertex 18.5306 -35.8767 6.97545
      vertex 18.6095 -35.9093 6.32701
    endloop
  endfacet
  facet normal 0.8032 -0.536772 0.258352
    outer loop
      vertex 18.1003 -36.3673 7.6072
      vertex 17.8905 -36.9853 6.97545
      vertex 18.2469 -36.452 6.97545
    endloop
  endfacet
  facet normal 0.438475 -0.889256 -0.130246
    outer loop
      vertex 15.9093 -38.6095 5.67299
      vertex 15.8767 -38.5306 5.02455
      vertex 16.4946 -38.3209 5.67299
    endloop
  endfacet
  facet normal 0.651446 -0.571382 0.49914
    outer loop
      vertex 17.5577 -36.7299 8.21144
      vertex 16.9397 -36.9397 8.77785
      vertex 17.1709 -37.1709 8.21144
    endloop
  endfacet
  facet normal 0.195055 -0.980792 0
    outer loop
      vertex 14.6512 -38.9466 5.67299
      vertex 15.2913 -38.8193 6.32701
      vertex 14.6512 -38.9466 6.32701
    endloop
  endfacet
  facet normal 0.195055 -0.980792 0
    outer loop
      vertex 15.2913 -38.8193 6.32701
      vertex 14.6512 -38.9466 5.67299
      vertex 15.2913 -38.8193 5.67299
    endloop
  endfacet
  facet normal 0.297086 -0.875143 0.381923
    outer loop
      vertex 15.8119 -38.3742 7.6072
      vertex 15.1606 -38.3316 8.21144
      vertex 15.2254 -38.5733 7.6072
    endloop
  endfacet
  facet normal 0.550901 -0.824342 0.130266
    outer loop
      vertex 16.9853 -37.8905 6.97545
      vertex 16.452 -38.2469 6.97545
      vertex 16.4946 -38.3209 6.32701
    endloop
  endfacet
  facet normal 0.393196 -0.588563 -0.706392
    outer loop
      vertex 15.8796 -37.2556 2.70327
      vertex 15.6484 -36.855 2.2408
      vertex 16.0069 -36.6155 2.2408
    endloop
  endfacet
  facet normal 0.18025 -0.906449 -0.381916
    outer loop
      vertex 15.2254 -38.5733 4.3928
      vertex 14.5853 -38.446 3.78856
      vertex 15.1606 -38.3316 3.78856
    endloop
  endfacet
  facet normal 0.864641 0.0567268 0.499177
    outer loop
      vertex 18.446 -33.4147 8.21144
      vertex 18.1218 -33.4574 8.77785
      vertex 18.4844 -34 8.21144
    endloop
  endfacet
  facet normal 0.712105 0.351047 0.608007
    outer loop
      vertex 17.8409 -32.409 8.77785
      vertex 17.2556 -32.1204 9.29673
      vertex 17.473 -32.5614 9.29673
    endloop
  endfacet
  facet normal 0.922232 -0.0605053 0.381872
    outer loop
      vertex 18.4844 -34 8.21144
      vertex 18.446 -34.5853 8.21144
      vertex 18.7346 -34 7.6072
    endloop
  endfacet
  facet normal 0.864641 -0.0567268 0.499177
    outer loop
      vertex 18.4844 -34 8.21144
      vertex 18.1218 -34.5426 8.77785
      vertex 18.446 -34.5853 8.21144
    endloop
  endfacet
  facet normal 0.694748 -0.609397 0.382049
    outer loop
      vertex 17.5577 -36.7299 8.21144
      vertex 17.3479 -37.3479 7.6072
      vertex 17.7563 -36.8823 7.6072
    endloop
  endfacet
  facet normal 0.889256 -0.438475 0.130246
    outer loop
      vertex 18.5306 -35.8767 6.97545
      vertex 18.3209 -36.4946 6.32701
      vertex 18.6095 -35.9093 6.32701
    endloop
  endfacet
  facet normal 0.588558 -0.393236 0.706375
    outer loop
      vertex 17.2556 -35.8796 9.29673
      vertex 16.6155 -36.0069 9.7592
      vertex 16.9824 -36.2885 9.29673
    endloop
  endfacet
  facet normal 0.712104 -0.35116 0.607943
    outer loop
      vertex 17.8409 -35.591 8.77785
      vertex 17.2556 -35.8796 9.29673
      vertex 17.6004 -36.0787 8.77785
    endloop
  endfacet
  facet normal 0.449267 -0.221532 0.865495
    outer loop
      vertex 16.5664 -35.063 10.1573
      vertex 15.9152 -35.1057 10.4844
      vertex 16.4057 -35.3889 10.1573
    endloop
  endfacet
  facet normal 0.258691 -0.0170159 0.96581
    outer loop
      vertex 15.6072 -34 10.7347
      vertex 14.9755 -34 10.9039
      vertex 15.5934 -34.2098 10.7347
    endloop
  endfacet
  facet normal 0.506737 -0.338673 0.792792
    outer loop
      vertex 16.8551 -35.6484 9.7592
      vertex 16.2038 -35.691 10.1573
      vertex 16.6155 -36.0069 9.7592
    endloop
  endfacet
  facet normal 0.712105 -0.351047 0.608007
    outer loop
      vertex 17.473 -35.4386 9.29673
      vertex 17.2556 -35.8796 9.29673
      vertex 17.8409 -35.591 8.77785
    endloop
  endfacet
  facet normal 0.720445 -0.481429 0.499185
    outer loop
      vertex 17.6004 -36.0787 8.77785
      vertex 17.5577 -36.7299 8.21144
      vertex 17.8836 -36.2422 8.21144
    endloop
  endfacet
  facet normal 0.751775 -0.255274 0.608005
    outer loop
      vertex 17.6311 -34.973 9.29673
      vertex 17.473 -35.4386 9.29673
      vertex 17.8409 -35.591 8.77785
    endloop
  endfacet
  facet normal 0.609338 -0.694852 0.381953
    outer loop
      vertex 17.3479 -37.3479 7.6072
      vertex 16.7299 -37.5577 8.21144
      vertex 16.8823 -37.7562 7.6072
    endloop
  endfacet
  facet normal 0.550807 -0.824388 0.130367
    outer loop
      vertex 16.9853 -37.8905 6.97545
      vertex 16.4946 -38.3209 6.32701
      vertex 17.0373 -37.9583 6.32701
    endloop
  endfacet
  facet normal 0.117386 -0.0577759 0.991404
    outer loop
      vertex 14.3021 -34.1251 10.9893
      vertex 14.2832 -34.1635 10.9893
      vertex 14.9012 -34.3733 10.9039
    endloop
  endfacet
  facet normal 0.18025 -0.906449 0.381916
    outer loop
      vertex 15.1606 -38.3316 8.21144
      vertex 14.5853 -38.446 8.21144
      vertex 15.2254 -38.5733 7.6072
    endloop
  endfacet
  facet normal 0.269558 -0.546664 0.792778
    outer loop
      vertex 15.3889 -36.4057 10.1573
      vertex 15.063 -36.5664 10.1573
      vertex 15.2616 -37.0458 9.7592
    endloop
  endfacet
  facet normal 0.0328054 -0.499799 0.86552
    outer loop
      vertex 14.2887 -36.1925 10.4844
      vertex 14 -36.7779 10.1573
      vertex 14.3626 -36.7541 10.1573
    endloop
  endfacet
  facet normal -0.232502 0.114625 0.965818
    outer loop
      vertex 13.1552 -33.5123 10.9039
      vertex 12.5151 -33.385 10.7347
      vertex 13.0988 -33.6267 10.9039
    endloop
  endfacet
  facet normal 0.108777 0.0727219 0.991403
    outer loop
      vertex 14.8448 -33.5123 10.9039
      vertex 14.2594 -33.8009 10.9893
      vertex 14.2832 -33.8365 10.9893
    endloop
  endfacet
  facet normal 0.363055 0.123147 0.923594
    outer loop
      vertex 16.1361 -33.4276 10.4844
      vertex 15.4849 -33.385 10.7347
      vertex 15.5524 -33.584 10.7347
    endloop
  endfacet
  facet normal -0.170857 -0.194895 0.965828
    outer loop
      vertex 13.3103 -34.6897 10.9039
      vertex 12.8635 -35.1365 10.7347
      vertex 13.0216 -35.2751 10.7347
    endloop
  endfacet
  facet normal -0.269247 0.546704 0.792856
    outer loop
      vertex 12.6569 -30.9944 9.7592
      vertex 12.6111 -31.5943 10.1573
      vertex 12.7304 -30.9944 9.78416
    endloop
  endfacet
  facet normal -0.26949 0.546679 0.792791
    outer loop
      vertex 12.6111 -31.5943 10.1573
      vertex 12.6569 -30.9944 9.7592
      vertex 12.3516 -31.1449 9.7592
    endloop
  endfacet
  facet normal -0.138049 -0.694276 0.706345
    outer loop
      vertex 13.5697 -37.2685 9.7592
      vertex 13.027 -37.6311 9.29673
      vertex 13.5093 -37.727 9.29673
    endloop
  endfacet
  facet normal -0.0170159 -0.258691 0.96581
    outer loop
      vertex 14 -34.9755 10.9039
      vertex 13.7902 -35.5934 10.7347
      vertex 14 -35.6072 10.7347
    endloop
  endfacet
  facet normal -0.343858 -0.169559 -0.923586
    outer loop
      vertex 12.6081 -34.8036 1.26535
      vertex 12.0848 -35.1057 1.51564
      vertex 12.5151 -34.615 1.26535
    endloop
  endfacet
  facet normal -0.318777 -0.213004 -0.923586
    outer loop
      vertex 12.7249 -34.9784 1.26535
      vertex 12.0848 -35.1057 1.51564
      vertex 12.6081 -34.8036 1.26535
    endloop
  endfacet
  facet normal -0.914806 -0.310504 -0.258298
    outer loop
      vertex 9.62575 -35.8119 4.3928
      vertex 9.26317 -35.2692 5.02455
      vertex 9.42668 -35.2254 4.3928
    endloop
  endfacet
  facet normal -0.499696 0.0327986 -0.86558
    outer loop
      vertex 11.8075 -33.7113 1.51564
      vertex 11.2221 -34 1.84265
      vertex 11.2459 -33.6374 1.84265
    endloop
  endfacet
  facet normal -0.382543 0.0251625 -0.923595
    outer loop
      vertex 12.3928 -34 1.26535
      vertex 11.8075 -33.7113 1.51564
      vertex 12.4066 -33.7902 1.26535
    endloop
  endfacet
  facet normal -0.252835 -0.288216 -0.923583
    outer loop
      vertex 12.6538 -35.7545 1.51564
      vertex 12.4363 -35.5637 1.51564
      vertex 13.0216 -35.2751 1.26535
    endloop
  endfacet
  facet normal -0.37652 -0.330213 -0.865559
    outer loop
      vertex 12.0358 -35.9642 1.84265
      vertex 11.7962 -35.691 1.84265
      vertex 12.4363 -35.5637 1.51564
    endloop
  endfacet
  facet normal -0.118943 -0.5979 -0.792697
    outer loop
      vertex 13.5697 -37.2685 2.2408
      vertex 13.281 -36.6832 1.84265
      vertex 13.6374 -36.7541 1.84265
    endloop
  endfacet
  facet normal -0.278252 -0.416426 -0.865543
    outer loop
      vertex 12.8943 -35.9152 1.51564
      vertex 12.309 -36.2038 1.84265
      vertex 12.6538 -35.7545 1.51564
    endloop
  endfacet
  facet normal -0.532189 -0.466691 -0.706381
    outer loop
      vertex 11.3418 -36.6582 2.70327
      vertex 11.0176 -36.2885 2.70327
      vertex 11.3845 -36.0069 2.2408
    endloop
  endfacet
  facet normal -0.0170764 -0.258788 -0.965783
    outer loop
      vertex 14 -34.9755 1.09607
      vertex 13.7902 -35.5934 1.26535
      vertex 13.8727 -34.9671 1.09607
    endloop
  endfacet
  facet normal -0.0327986 -0.499696 -0.86558
    outer loop
      vertex 14 -36.7779 1.84265
      vertex 13.6374 -36.7541 1.84265
      vertex 13.7113 -36.1925 1.51564
    endloop
  endfacet
  facet normal -0.227539 -0.670305 -0.706341
    outer loop
      vertex 13.027 -37.6311 2.70327
      vertex 12.7384 -37.0458 2.2408
      vertex 13.1467 -37.1844 2.2408
    endloop
  endfacet
  facet normal -0.278546 -0.8205 -0.499191
    outer loop
      vertex 12.924 -38.0157 3.22215
      vertex 12.2839 -38.143 3.78856
      vertex 12.4091 -37.8409 3.22215
    endloop
  endfacet
  facet normal -0.338691 0.506778 -0.792757
    outer loop
      vertex 12.6111 -31.5943 1.84265
      vertex 12.309 -31.7962 1.84265
      vertex 12.3516 -31.1449 2.2408
    endloop
  endfacet
  facet normal 0.0398256 0.608379 -0.792647
    outer loop
      vertex 14.3626 -31.2459 1.84265
      vertex 14.183 -31.0135 2.012
      vertex 14.3937 -31.0093 2.02581
    endloop
  endfacet
  facet normal 0.0399356 0.608431 -0.792601
    outer loop
      vertex 14.183 -31.0135 2.012
      vertex 14.3626 -31.2459 1.84265
      vertex 14 -31.2221 1.84265
    endloop
  endfacet
  facet normal -0.169559 0.343858 -0.923586
    outer loop
      vertex 13.1964 -32.6081 1.26535
      vertex 12.8943 -32.0848 1.51564
      vertex 13.385 -32.5151 1.26535
    endloop
  endfacet
  facet normal -0.393114 0.588922 -0.706139
    outer loop
      vertex 12.3516 -31.1449 2.2408
      vertex 12.0654 -31.0208 2.50363
      vertex 12.2709 -31.0051 2.40232
    endloop
  endfacet
  facet normal -0.393378 0.588589 -0.706269
    outer loop
      vertex 12.0654 -31.0208 2.50363
      vertex 12.3516 -31.1449 2.2408
      vertex 11.9931 -31.3845 2.2408
    endloop
  endfacet
  facet normal -0.571735 0.651602 -0.498531
    outer loop
      vertex 11.1272 -31.0016 3.22215
      vertex 11.0603 -31.0603 3.22215
      vertex 11.0802 -31.0018 3.27579
    endloop
  endfacet
  facet normal -0.803189 0.536795 -0.258339
    outer loop
      vertex 9.89967 -31.6327 4.3928
      vertex 9.75308 -31.548 5.02455
      vertex 10.1095 -31.0147 5.02455
    endloop
  endfacet
  facet normal 0.523517 0.59699 0.607892
    outer loop
      vertex 16.9397 -31.0603 8.77785
      vertex 16.2885 -31.0176 9.29673
      vertex 16.6582 -31.3418 9.29673
    endloop
  endfacet
  facet normal 0.792254 0.0518338 0.607986
    outer loop
      vertex 18.1218 -33.4574 8.77785
      vertex 17.727 -33.5093 9.29673
      vertex 18.1573 -34 8.77785
    endloop
  endfacet
  facet normal 0.401879 0.458236 0.792788
    outer loop
      vertex 16.0069 -31.3845 9.7592
      vertex 15.691 -31.7962 10.1573
      vertex 15.9642 -32.0358 10.1573
    endloop
  endfacet
  facet normal 0.313008 0.635148 0.706126
    outer loop
      vertex 15.5307 -31.0161 9.69552
      vertex 15.6484 -31.1449 9.7592
      vertex 15.7291 -31.0051 9.59768
    endloop
  endfacet
  facet normal 0.31313 0.635207 0.706018
    outer loop
      vertex 15.6484 -31.1449 9.7592
      vertex 15.5307 -31.0161 9.69552
      vertex 15.3431 -30.9944 9.7592
    endloop
  endfacet
  facet normal 0.232498 0.114646 0.965816
    outer loop
      vertex 15.3919 -33.1964 10.7347
      vertex 14.8448 -33.5123 10.9039
      vertex 15.4849 -33.385 10.7347
    endloop
  endfacet
  facet normal 0.343869 0.169564 0.923581
    outer loop
      vertex 15.9152 -32.8943 10.4844
      vertex 15.3919 -33.1964 10.7347
      vertex 15.4849 -33.385 10.7347
    endloop
  endfacet
  facet normal -0.751775 0.255274 0.608005
    outer loop
      vertex 10.527 -32.5614 9.29673
      vertex 10.1591 -32.409 8.77785
      vertex 10.3689 -33.027 9.29673
    endloop
  endfacet
  facet normal -0.696504 0.608473 0.380319
    outer loop
      vertex 10.5241 -31.0293 7.97599
      vertex 10.4423 -31.2701 8.21144
      vertex 10.5359 -31.0308 8
    endloop
  endfacet
  facet normal -0.694723 0.609375 0.382128
    outer loop
      vertex 10.6772 -31.0023 8.21144
      vertex 10.5359 -31.0308 8
      vertex 10.4423 -31.2701 8.21144
    endloop
  endfacet
  facet normal 0.271295 0.545876 0.792728
    outer loop
      vertex 15.063 -31.4336 10.1573
      vertex 15.2696 -30.9944 9.78416
      vertex 15.245 -30.9943 9.79251
    endloop
  endfacet
  facet normal 0.269576 0.546701 0.792746
    outer loop
      vertex 15.2696 -30.9944 9.78416
      vertex 15.063 -31.4336 10.1573
      vertex 15.3889 -31.5943 10.1573
    endloop
  endfacet
  facet normal 0.608254 0.039924 0.792738
    outer loop
      vertex 17.2685 -33.5697 9.7592
      vertex 16.7541 -33.6374 10.1573
      vertex 16.7779 -34 10.1573
    endloop
  endfacet
  facet normal 0.491254 0.0977271 0.865516
    outer loop
      vertex 16.6832 -33.281 10.1573
      vertex 16.1925 -33.7113 10.4844
      vertex 16.7541 -33.6374 10.1573
    endloop
  endfacet
  facet normal 0.768428 0.513493 0.381895
    outer loop
      vertex 18.1003 -31.6327 7.6072
      vertex 17.5577 -31.2701 8.21144
      vertex 17.8836 -31.7578 8.21144
    endloop
  endfacet
  facet normal 0.720445 0.481429 0.499185
    outer loop
      vertex 17.8836 -31.7578 8.21144
      vertex 17.5577 -31.2701 8.21144
      vertex 17.6004 -31.9213 8.77785
    endloop
  endfacet
  facet normal 0.660251 0.441136 0.607838
    outer loop
      vertex 17.2982 -31.4692 8.77785
      vertex 16.9824 -31.7115 9.29673
      vertex 17.2556 -32.1204 9.29673
    endloop
  endfacet
  facet normal 0.660093 0.44123 0.607942
    outer loop
      vertex 17.2982 -31.4692 8.77785
      vertex 17.2556 -32.1204 9.29673
      vertex 17.6004 -31.9213 8.77785
    endloop
  endfacet
  facet normal 0.97242 0.193526 0.130181
    outer loop
      vertex 18.9466 -33.3488 6.32701
      vertex 18.7368 -32.7308 6.97545
      vertex 18.862 -33.3599 6.97545
    endloop
  endfacet
  facet normal 0.963992 0.0631015 0.258336
    outer loop
      vertex 18.862 -33.3599 6.97545
      vertex 18.7346 -34 7.6072
      vertex 18.9039 -34 6.97545
    endloop
  endfacet
  facet normal 0.8032 0.536772 0.258352
    outer loop
      vertex 18.2469 -31.548 6.97545
      vertex 17.8905 -31.0147 6.97545
      vertex 18.1003 -31.6327 7.6072
    endloop
  endfacet
  facet normal 0.914795 0.310547 0.258284
    outer loop
      vertex 18.7368 -32.7308 6.97545
      vertex 18.3742 -32.1881 7.6072
      vertex 18.5733 -32.7746 7.6072
    endloop
  endfacet
  facet normal 0.997857 -0.0654307 0
    outer loop
      vertex 18.9466 -34.6512 6.32701
      vertex 18.9893 -34 5.67299
      vertex 18.9893 -34 6.32701
    endloop
  endfacet
  facet normal 0.997857 -0.0654307 0
    outer loop
      vertex 18.9893 -34 5.67299
      vertex 18.9466 -34.6512 6.32701
      vertex 18.9466 -34.6512 5.67299
    endloop
  endfacet
  facet normal 0.972429 0.193392 -0.130312
    outer loop
      vertex 18.9466 -33.3488 5.67299
      vertex 18.7368 -32.7308 5.02455
      vertex 18.8193 -32.7087 5.67299
    endloop
  endfacet
  facet normal 0.963992 0.0631015 -0.258336
    outer loop
      vertex 18.9039 -34 5.02455
      vertex 18.7346 -34 4.3928
      vertex 18.862 -33.3599 5.02455
    endloop
  endfacet
  facet normal 0.97242 0.193526 -0.130181
    outer loop
      vertex 18.862 -33.3599 5.02455
      vertex 18.7368 -32.7308 5.02455
      vertex 18.9466 -33.3488 5.67299
    endloop
  endfacet
  facet normal 0.914799 -0.310504 -0.258322
    outer loop
      vertex 18.5306 -35.8767 5.02455
      vertex 18.3742 -35.8119 4.3928
      vertex 18.7368 -35.2692 5.02455
    endloop
  endfacet
  facet normal 0.906449 0.18025 -0.381916
    outer loop
      vertex 18.446 -33.4147 3.78856
      vertex 18.3316 -32.8394 3.78856
      vertex 18.5733 -32.7746 4.3928
    endloop
  endfacet
  facet normal 0.376498 0.33028 -0.865543
    outer loop
      vertex 15.7545 -32.6538 1.51564
      vertex 15.5637 -32.4363 1.51564
      vertex 16.2038 -32.309 1.84265
    endloop
  endfacet
  facet normal 0.57723 0.195944 -0.792724
    outer loop
      vertex 17.1844 -33.1467 2.2408
      vertex 16.6832 -33.281 1.84265
      vertex 17.0458 -32.7384 2.2408
    endloop
  endfacet
  facet normal 0.947457 0.188558 -0.258401
    outer loop
      vertex 18.862 -33.3599 5.02455
      vertex 18.6941 -33.382 4.3928
      vertex 18.7368 -32.7308 5.02455
    endloop
  endfacet
  facet normal 0.670305 0.227539 -0.706341
    outer loop
      vertex 17.1844 -33.1467 2.2408
      vertex 17.0458 -32.7384 2.2408
      vertex 17.6311 -33.027 2.70327
    endloop
  endfacet
  facet normal 0.696504 0.608473 -0.380319
    outer loop
      vertex 17.4759 -31.0293 4.02401
      vertex 17.5577 -31.2701 3.78856
      vertex 17.4641 -31.0308 4
    endloop
  endfacet
  facet normal 0.694723 0.609375 -0.382128
    outer loop
      vertex 17.3228 -31.0023 3.78856
      vertex 17.4641 -31.0308 4
      vertex 17.5577 -31.2701 3.78856
    endloop
  endfacet
  facet normal 0.651436 0.571414 -0.499117
    outer loop
      vertex 17.1734 -31.0273 3.56495
      vertex 17.5577 -31.2701 3.78856
      vertex 16.9397 -31.0603 3.22215
    endloop
  endfacet
  facet normal 0.651436 0.571405 -0.499126
    outer loop
      vertex 17.5577 -31.2701 3.78856
      vertex 17.1734 -31.0273 3.56495
      vertex 17.3228 -31.0023 3.78856
    endloop
  endfacet
  facet normal 0.651873 0.570714 -0.499347
    outer loop
      vertex 16.998 -31.002 3.36489
      vertex 17.1734 -31.0273 3.56495
      vertex 16.9397 -31.0603 3.22215
    endloop
  endfacet
  facet normal 0.728091 0.634419 -0.259608
    outer loop
      vertex 17.8905 -31.0147 5.02455
      vertex 17.8711 -31.0017 5.00191
      vertex 17.8756 -30.9976 5.02455
    endloop
  endfacet
  facet normal 0.747727 0.651529 -0.128119
    outer loop
      vertex 17.8905 -31.0147 5.02455
      vertex 17.8756 -30.9976 5.02455
      vertex 17.8795 -30.9982 5.04426
    endloop
  endfacet
  facet normal 0.803368 0.536619 0.258146
    outer loop
      vertex 17.8905 -31.0147 6.97545
      vertex 17.7563 -31.1177 7.6072
      vertex 18.1003 -31.6327 7.6072
    endloop
  endfacet
  facet normal 0.727081 0.636388 0.257611
    outer loop
      vertex 17.8637 -31.0083 7.03528
      vertex 17.8905 -31.0147 6.97545
      vertex 17.8711 -31.0017 6.99809
    endloop
  endfacet
  facet normal 0.72585 0.637531 0.258257
    outer loop
      vertex 17.7563 -31.1177 7.6072
      vertex 17.8637 -31.0083 7.03528
      vertex 17.6955 -31.0175 7.53073
    endloop
  endfacet
  facet normal 0.728058 0.635034 0.258194
    outer loop
      vertex 17.8637 -31.0083 7.03528
      vertex 17.7563 -31.1177 7.6072
      vertex 17.8905 -31.0147 6.97545
    endloop
  endfacet
  facet normal 0.726069 0.637414 0.257929
    outer loop
      vertex 17.6578 -31.0055 7.6072
      vertex 17.7563 -31.1177 7.6072
      vertex 17.6955 -31.0175 7.53073
    endloop
  endfacet
  facet normal 0.866431 0.427266 0.258343
    outer loop
      vertex 18.2469 -31.548 6.97545
      vertex 18.1003 -31.6327 7.6072
      vertex 18.5306 -32.1233 6.97545
    endloop
  endfacet
  facet normal 0.938864 0.318673 0.130311
    outer loop
      vertex 18.8193 -32.7087 6.32701
      vertex 18.5306 -32.1233 6.97545
      vertex 18.7368 -32.7308 6.97545
    endloop
  endfacet
  facet normal 0.532061 0.466743 -0.706443
    outer loop
      vertex 16.6155 -31.9931 2.2408
      vertex 16.3311 -31.6689 2.2408
      vertex 16.6582 -31.3418 2.70327
    endloop
  endfacet
  facet normal 0.59699 0.523517 -0.607892
    outer loop
      vertex 16.9824 -31.7115 2.70327
      vertex 16.6582 -31.3418 2.70327
      vertex 16.9397 -31.0603 3.22215
    endloop
  endfacet
  facet normal 0.0833047 0.245595 -0.965787
    outer loop
      vertex 14.615 -32.5151 1.26535
      vertex 14.3733 -33.0988 1.09607
      vertex 14.416 -32.4476 1.26535
    endloop
  endfacet
  facet normal 0.466743 0.532061 -0.706443
    outer loop
      vertex 16.3311 -31.6689 2.2408
      vertex 16.0069 -31.3845 2.2408
      vertex 16.6582 -31.3418 2.70327
    endloop
  endfacet
  facet normal -0.0976498 -0.491192 -0.86556
    outer loop
      vertex 13.7113 -36.1925 1.51564
      vertex 13.281 -36.6832 1.84265
      vertex 13.4276 -36.1361 1.51564
    endloop
  endfacet
  facet normal -0.221486 0.449175 -0.865555
    outer loop
      vertex 12.8943 -32.0848 1.51564
      vertex 12.6111 -31.5943 1.84265
      vertex 12.937 -31.4336 1.84265
    endloop
  endfacet
  facet normal -0.278309 -0.416512 0.865484
    outer loop
      vertex 12.6538 -35.7545 10.4844
      vertex 12.309 -36.2038 10.1573
      vertex 12.8943 -35.9152 10.4844
    endloop
  endfacet
  facet normal -0.609383 -0.694772 0.382026
    outer loop
      vertex 10.8291 -37.1709 8.21144
      vertex 10.6521 -37.3479 7.6072
      vertex 11.2701 -37.5577 8.21144
    endloop
  endfacet
  facet normal -0.889229 -0.43854 0.130207
    outer loop
      vertex 9.75308 -36.452 6.97545
      vertex 9.46936 -35.8767 6.97545
      vertex 9.67914 -36.4946 6.32701
    endloop
  endfacet
  facet normal -0.651446 -0.571382 0.49914
    outer loop
      vertex 11.0603 -36.9397 8.77785
      vertex 10.4423 -36.7299 8.21144
      vertex 10.8291 -37.1709 8.21144
    endloop
  endfacet
  facet normal -0.889231 -0.438538 -0.130205
    outer loop
      vertex 9.67914 -36.4946 5.67299
      vertex 9.39049 -35.9093 5.67299
      vertex 9.46936 -35.8767 5.02455
    endloop
  endfacet
  facet normal -0.803347 -0.536651 0.258147
    outer loop
      vertex 10.2437 -36.8823 7.6072
      vertex 9.89967 -36.3673 7.6072
      vertex 10.1095 -36.9853 6.97545
    endloop
  endfacet
  facet normal -0.634915 -0.313026 0.706327
    outer loop
      vertex 10.9542 -35.2616 9.7592
      vertex 10.7444 -35.8796 9.29673
      vertex 11.1449 -35.6484 9.7592
    endloop
  endfacet
  facet normal -0.694748 -0.609397 0.382049
    outer loop
      vertex 10.4423 -36.7299 8.21144
      vertex 10.2437 -36.8823 7.6072
      vertex 10.6521 -37.3479 7.6072
    endloop
  endfacet
  facet normal -0.824336 -0.550928 -0.130191
    outer loop
      vertex 10.1095 -36.9853 5.02455
      vertex 9.67914 -36.4946 5.67299
      vertex 9.75308 -36.452 5.02455
    endloop
  endfacet
  facet normal -0.831512 -0.555506 0
    outer loop
      vertex 10.0417 -37.0373 5.67299
      vertex 9.67914 -36.4946 6.32701
      vertex 9.67914 -36.4946 5.67299
    endloop
  endfacet
  facet normal -0.831512 -0.555506 0
    outer loop
      vertex 9.67914 -36.4946 6.32701
      vertex 10.0417 -37.0373 5.67299
      vertex 10.0417 -37.0373 6.32701
    endloop
  endfacet
  facet normal -0.824416 -0.550765 0.130367
    outer loop
      vertex 10.1095 -36.9853 6.97545
      vertex 9.67914 -36.4946 6.32701
      vertex 10.0417 -37.0373 6.32701
    endloop
  endfacet
  facet normal -0.98936 -0.0648432 -0.130238
    outer loop
      vertex 9.05339 -34.6512 5.67299
      vertex 9.01071 -34 5.67299
      vertex 9.09607 -34 5.02455
    endloop
  endfacet
  facet normal -0.889229 -0.43854 -0.130207
    outer loop
      vertex 9.67914 -36.4946 5.67299
      vertex 9.46936 -35.8767 5.02455
      vertex 9.75308 -36.452 5.02455
    endloop
  endfacet
  facet normal -0.922188 -0.0604393 -0.381991
    outer loop
      vertex 9.554 -34.5853 3.78856
      vertex 9.26535 -34 4.3928
      vertex 9.51564 -34 3.78856
    endloop
  endfacet
  facet normal -0.866422 0.427292 0.258331
    outer loop
      vertex 9.75308 -31.548 6.97545
      vertex 9.46936 -32.1233 6.97545
      vertex 9.89967 -31.6327 7.6072
    endloop
  endfacet
  facet normal -0.831506 0.555516 0.000115776
    outer loop
      vertex 10.0214 -30.9931 5.67299
      vertex 9.67914 -31.5054 5.67299
      vertex 10 -31.0252 6
    endloop
  endfacet
  facet normal -0.831469 0.555571 0
    outer loop
      vertex 9.67914 -31.5054 6.32701
      vertex 10 -31.0252 6
      vertex 9.67914 -31.5054 5.67299
    endloop
  endfacet
  facet normal -0.831506 0.555516 -0.000115776
    outer loop
      vertex 10 -31.0252 6
      vertex 9.67914 -31.5054 6.32701
      vertex 10.0214 -30.9931 6.32701
    endloop
  endfacet
  facet normal -0.77714 0.383232 0.499187
    outer loop
      vertex 10.3996 -31.9213 8.77785
      vertex 10.1164 -31.7578 8.21144
      vertex 10.1591 -32.409 8.77785
    endloop
  endfacet
  facet normal -0.864638 0.0566811 0.499188
    outer loop
      vertex 9.87822 -33.4574 8.77785
      vertex 9.51564 -34 8.21144
      vertex 9.84265 -34 8.77785
    endloop
  endfacet
  facet normal -0.608254 0.039924 0.792738
    outer loop
      vertex 11.2459 -33.6374 10.1573
      vertex 10.7315 -33.5697 9.7592
      vertex 11.2221 -34 10.1573
    endloop
  endfacet
  facet normal -0.728091 0.634419 -0.259608
    outer loop
      vertex 10.1289 -31.0017 5.00191
      vertex 10.1095 -31.0147 5.02455
      vertex 10.1244 -30.9976 5.02455
    endloop
  endfacet
  facet normal -0.824581 0.550433 -0.130728
    outer loop
      vertex 9.67914 -31.5054 5.67299
      vertex 10.0929 -31.002 5.18273
      vertex 10.1095 -31.0147 5.02455
    endloop
  endfacet
  facet normal -0.824404 0.55083 -0.130171
    outer loop
      vertex 10.0929 -31.002 5.18273
      vertex 9.67914 -31.5054 5.67299
      vertex 10.0342 -31.0201 5.4779
    endloop
  endfacet
  facet normal -0.824415 0.550779 -0.130317
    outer loop
      vertex 10.0214 -30.9931 5.67299
      vertex 10.0342 -31.0201 5.4779
      vertex 9.67914 -31.5054 5.67299
    endloop
  endfacet
  facet normal -0.889231 0.438538 0.130205
    outer loop
      vertex 9.67914 -31.5054 6.32701
      vertex 9.39049 -32.0907 6.32701
      vertex 9.46936 -32.1233 6.97545
    endloop
  endfacet
  facet normal -0.84984 0.169028 0.499201
    outer loop
      vertex 9.98431 -32.924 8.77785
      vertex 9.554 -33.4147 8.21144
      vertex 9.87822 -33.4574 8.77785
    endloop
  endfacet
  facet normal -0.947502 0.188471 0.2583
    outer loop
      vertex 9.42668 -32.7746 7.6072
      vertex 9.26317 -32.7308 6.97545
      vertex 9.30586 -33.382 7.6072
    endloop
  endfacet
  facet normal -0.922188 -0.0604393 0.381991
    outer loop
      vertex 9.51564 -34 8.21144
      vertex 9.26535 -34 7.6072
      vertex 9.554 -34.5853 8.21144
    endloop
  endfacet
  facet normal -0.9475 -0.188476 0.258305
    outer loop
      vertex 9.30586 -34.618 7.6072
      vertex 9.13803 -34.6401 6.97545
      vertex 9.26317 -35.2692 6.97545
    endloop
  endfacet
  facet normal -0.947502 -0.188471 0.2583
    outer loop
      vertex 9.30586 -34.618 7.6072
      vertex 9.26317 -35.2692 6.97545
      vertex 9.42668 -35.2254 7.6072
    endloop
  endfacet
  facet normal -0.914806 -0.310504 0.258298
    outer loop
      vertex 9.42668 -35.2254 7.6072
      vertex 9.26317 -35.2692 6.97545
      vertex 9.62575 -35.8119 7.6072
    endloop
  endfacet
  facet normal -0.98936 0.0648432 -0.130238
    outer loop
      vertex 9.09607 -34 5.02455
      vertex 9.01071 -34 5.67299
      vertex 9.05339 -33.3488 5.67299
    endloop
  endfacet
  facet normal -0.989358 0.0648546 -0.13025
    outer loop
      vertex 9.09607 -34 5.02455
      vertex 9.05339 -33.3488 5.67299
      vertex 9.13803 -33.3599 5.02455
    endloop
  endfacet
  facet normal -0.768416 0.513486 -0.381928
    outer loop
      vertex 10.1164 -31.7578 3.78856
      vertex 9.89967 -31.6327 4.3928
      vertex 10.4423 -31.2701 3.78856
    endloop
  endfacet
  facet normal -0.84984 -0.169028 -0.499201
    outer loop
      vertex 9.98431 -35.076 3.22215
      vertex 9.554 -34.5853 3.78856
      vertex 9.87822 -34.5426 3.22215
    endloop
  endfacet
  facet normal -0.536709 -0.803269 -0.258267
    outer loop
      vertex 11.6327 -38.1003 4.3928
      vertex 11.0147 -37.8905 5.02455
      vertex 11.1177 -37.7562 4.3928
    endloop
  endfacet
  facet normal -0.074751 -0.376008 -0.923596
    outer loop
      vertex 13.7113 -36.1925 1.51564
      vertex 13.4276 -36.1361 1.51564
      vertex 13.584 -35.5524 1.26535
    endloop
  endfacet
  facet normal 0.670305 -0.227539 -0.706341
    outer loop
      vertex 17.6311 -34.973 2.70327
      vertex 17.0458 -35.2616 2.2408
      vertex 17.1844 -34.8533 2.2408
    endloop
  endfacet
  facet normal 0.588544 -0.393348 -0.706324
    outer loop
      vertex 17.2556 -35.8796 2.70327
      vertex 16.6155 -36.0069 2.2408
      vertex 16.8551 -35.6484 2.2408
    endloop
  endfacet
  facet normal 0.906449 -0.18025 -0.381916
    outer loop
      vertex 18.5733 -35.2254 4.3928
      vertex 18.3316 -35.1606 3.78856
      vertex 18.446 -34.5853 3.78856
    endloop
  endfacet
  facet normal 0.768428 -0.513493 -0.381895
    outer loop
      vertex 18.1003 -36.3673 4.3928
      vertex 17.5577 -36.7299 3.78856
      vertex 17.8836 -36.2422 3.78856
    endloop
  endfacet
  facet normal 0.221486 0.449175 -0.865555
    outer loop
      vertex 15.1057 -32.0848 1.51564
      vertex 15.063 -31.4336 1.84265
      vertex 15.3889 -31.5943 1.84265
    endloop
  endfacet
  facet normal 0.2326 0.114697 -0.965786
    outer loop
      vertex 15.4849 -33.385 1.26535
      vertex 14.8448 -33.5123 1.09607
      vertex 15.3919 -33.1964 1.26535
    endloop
  endfacet
  facet normal 0.245595 -0.0833047 -0.965787
    outer loop
      vertex 15.4849 -34.615 1.26535
      vertex 14.9012 -34.3733 1.09607
      vertex 15.5524 -34.416 1.26535
    endloop
  endfacet
  facet normal -0.609338 -0.694852 -0.381953
    outer loop
      vertex 11.1177 -37.7562 4.3928
      vertex 10.6521 -37.3479 4.3928
      vertex 11.2701 -37.5577 3.78856
    endloop
  endfacet
  facet normal -0.44123 -0.660093 -0.607942
    outer loop
      vertex 11.9213 -37.6004 3.22215
      vertex 11.4692 -37.2982 3.22215
      vertex 12.1204 -37.2556 2.70327
    endloop
  endfacet
  facet normal -0.481429 -0.720445 -0.499185
    outer loop
      vertex 11.7578 -37.8836 3.78856
      vertex 11.2701 -37.5577 3.78856
      vertex 11.9213 -37.6004 3.22215
    endloop
  endfacet
  facet normal -0.330213 -0.37652 -0.865559
    outer loop
      vertex 12.309 -36.2038 1.84265
      vertex 12.0358 -35.9642 1.84265
      vertex 12.4363 -35.5637 1.51564
    endloop
  endfacet
  facet normal -0.651446 -0.571382 -0.49914
    outer loop
      vertex 10.8291 -37.1709 3.78856
      vertex 10.4423 -36.7299 3.78856
      vertex 11.0603 -36.9397 3.22215
    endloop
  endfacet
  facet normal -0.193526 -0.97242 0.130181
    outer loop
      vertex 13.3599 -38.862 6.97545
      vertex 12.7308 -38.7368 6.97545
      vertex 13.3488 -38.9466 6.32701
    endloop
  endfacet
  facet normal -0.438475 -0.889256 0.130246
    outer loop
      vertex 12.1233 -38.5306 6.97545
      vertex 11.5054 -38.3209 6.32701
      vertex 12.0907 -38.6095 6.32701
    endloop
  endfacet
  facet normal 0.318724 -0.938854 0.13026
    outer loop
      vertex 15.8767 -38.5306 6.97545
      vertex 15.2913 -38.8193 6.32701
      vertex 15.9093 -38.6095 6.32701
    endloop
  endfacet
  facet normal 0.227613 -0.670315 0.706307
    outer loop
      vertex 15.2616 -37.0458 9.7592
      vertex 14.973 -37.6311 9.29673
      vertex 15.4386 -37.473 9.29673
    endloop
  endfacet
  facet normal -0.195055 -0.980792 0
    outer loop
      vertex 12.7087 -38.8193 5.67299
      vertex 13.3488 -38.9466 6.32701
      vertex 12.7087 -38.8193 6.32701
    endloop
  endfacet
  facet normal -0.195055 -0.980792 -0
    outer loop
      vertex 13.3488 -38.9466 6.32701
      vertex 12.7087 -38.8193 5.67299
      vertex 13.3488 -38.9466 5.67299
    endloop
  endfacet
  facet normal -0.0648729 -0.98935 0.130298
    outer loop
      vertex 14 -38.9039 6.97545
      vertex 13.3488 -38.9466 6.32701
      vertex 14 -38.9893 6.32701
    endloop
  endfacet
  facet normal -0.255282 -0.751797 0.607974
    outer loop
      vertex 12.5614 -37.473 9.29673
      vertex 12.4091 -37.8409 8.77785
      vertex 13.027 -37.6311 9.29673
    endloop
  endfacet
  facet normal -0.351061 -0.712134 0.607965
    outer loop
      vertex 12.5614 -37.473 9.29673
      vertex 12.1204 -37.2556 9.29673
      vertex 12.4091 -37.8409 8.77785
    endloop
  endfacet
  facet normal -0.726294 -0.637067 0.258151
    outer loop
      vertex 10.2437 -36.8823 7.6072
      vertex 10.1095 -36.9853 6.97545
      vertex 10.6521 -37.3479 7.6072
    endloop
  endfacet
  facet normal -0.536709 -0.803269 0.258267
    outer loop
      vertex 11.1177 -37.7562 7.6072
      vertex 11.0147 -37.8905 6.97545
      vertex 11.6327 -38.1003 7.6072
    endloop
  endfacet
  facet normal -0.506738 -0.338664 0.792794
    outer loop
      vertex 11.5943 -35.3889 10.1573
      vertex 11.1449 -35.6484 9.7592
      vertex 11.7962 -35.691 10.1573
    endloop
  endfacet
  facet normal -0.245486 -0.083268 0.965817
    outer loop
      vertex 13.0988 -34.3733 10.9039
      vertex 12.4476 -34.416 10.7347
      vertex 12.5151 -34.615 10.7347
    endloop
  endfacet
  facet normal -0.458236 -0.401879 0.792788
    outer loop
      vertex 11.7962 -35.691 10.1573
      vertex 11.3845 -36.0069 9.7592
      vertex 12.0358 -35.9642 10.1573
    endloop
  endfacet
  facet normal -0.278336 -0.41647 0.865495
    outer loop
      vertex 12.8943 -35.9152 10.4844
      vertex 12.309 -36.2038 10.1573
      vertex 12.6111 -36.4057 10.1573
    endloop
  endfacet
  facet normal 0.144026 -0.215531 0.965817
    outer loop
      vertex 14.5938 -34.7739 10.9039
      vertex 14.4877 -34.8448 10.9039
      vertex 14.9784 -35.2751 10.7347
    endloop
  endfacet
  facet normal -0.083268 -0.245486 0.965817
    outer loop
      vertex 13.6267 -34.9012 10.9039
      vertex 13.385 -35.4849 10.7347
      vertex 13.584 -35.5524 10.7347
    endloop
  endfacet
  facet normal -0.63494 -0.313007 0.706313
    outer loop
      vertex 10.9542 -35.2616 9.7592
      vertex 10.527 -35.4386 9.29673
      vertex 10.7444 -35.8796 9.29673
    endloop
  endfacet
  facet normal -0.694285 -0.138036 0.706338
    outer loop
      vertex 10.7315 -34.4303 9.7592
      vertex 10.3689 -34.973 9.29673
      vertex 10.8156 -34.8533 9.7592
    endloop
  endfacet
  facet normal -0.376023 -0.0747669 0.923589
    outer loop
      vertex 12.4066 -34.2098 10.7347
      vertex 11.8075 -34.2887 10.4844
      vertex 12.4476 -34.416 10.7347
    endloop
  endfacet
  facet normal -0.343869 -0.169564 0.923581
    outer loop
      vertex 12.5151 -34.615 10.7347
      vertex 12.0848 -35.1057 10.4844
      vertex 12.6081 -34.8036 10.7347
    endloop
  endfacet
  facet normal -0.258691 0.0170159 0.96581
    outer loop
      vertex 12.4066 -33.7902 10.7347
      vertex 12.3928 -34 10.7347
      vertex 13.0245 -34 10.9039
    endloop
  endfacet
  facet normal -0.318787 -0.213011 0.92358
    outer loop
      vertex 12.6081 -34.8036 10.7347
      vertex 12.0848 -35.1057 10.4844
      vertex 12.7249 -34.9784 10.7347
    endloop
  endfacet
  facet normal 0.866431 -0.427266 0.258343
    outer loop
      vertex 18.5306 -35.8767 6.97545
      vertex 18.1003 -36.3673 7.6072
      vertex 18.2469 -36.452 6.97545
    endloop
  endfacet
  facet normal 0.875143 -0.297086 0.381923
    outer loop
      vertex 18.5733 -35.2254 7.6072
      vertex 18.3316 -35.1606 8.21144
      vertex 18.3742 -35.8119 7.6072
    endloop
  endfacet
  facet normal 0.896896 -0.442242 0
    outer loop
      vertex 18.3209 -36.4946 6.32701
      vertex 18.6095 -35.9093 5.67299
      vertex 18.6095 -35.9093 6.32701
    endloop
  endfacet
  facet normal 0.896896 -0.442242 0
    outer loop
      vertex 18.6095 -35.9093 5.67299
      vertex 18.3209 -36.4946 6.32701
      vertex 18.3209 -36.4946 5.67299
    endloop
  endfacet
  facet normal 0.947512 -0.188442 0.258286
    outer loop
      vertex 18.6941 -34.618 7.6072
      vertex 18.5733 -35.2254 7.6072
      vertex 18.7368 -35.2692 6.97545
    endloop
  endfacet
  facet normal 0.972429 -0.193392 0.130312
    outer loop
      vertex 18.9466 -34.6512 6.32701
      vertex 18.7368 -35.2692 6.97545
      vertex 18.8193 -35.2913 6.32701
    endloop
  endfacet
  facet normal 0.875143 -0.297086 -0.381923
    outer loop
      vertex 18.3742 -35.8119 4.3928
      vertex 18.3316 -35.1606 3.78856
      vertex 18.5733 -35.2254 4.3928
    endloop
  endfacet
  facet normal 0.914795 -0.310547 -0.258284
    outer loop
      vertex 18.7368 -35.2692 5.02455
      vertex 18.3742 -35.8119 4.3928
      vertex 18.5733 -35.2254 4.3928
    endloop
  endfacet
  facet normal 0.866431 -0.427266 -0.258343
    outer loop
      vertex 18.2469 -36.452 5.02455
      vertex 18.1003 -36.3673 4.3928
      vertex 18.5306 -35.8767 5.02455
    endloop
  endfacet
  facet normal 0.889232 -0.438511 -0.130288
    outer loop
      vertex 18.3209 -36.4946 5.67299
      vertex 18.2469 -36.452 5.02455
      vertex 18.5306 -35.8767 5.02455
    endloop
  endfacet
  facet normal 0.972429 -0.193392 -0.130312
    outer loop
      vertex 18.8193 -35.2913 5.67299
      vertex 18.7368 -35.2692 5.02455
      vertex 18.9466 -34.6512 5.67299
    endloop
  endfacet
  facet normal 0.938864 -0.318673 -0.130311
    outer loop
      vertex 18.8193 -35.2913 5.67299
      vertex 18.5306 -35.8767 5.02455
      vertex 18.7368 -35.2692 5.02455
    endloop
  endfacet
  facet normal 0.824342 -0.550901 0.130266
    outer loop
      vertex 18.2469 -36.452 6.97545
      vertex 17.8905 -36.9853 6.97545
      vertex 18.3209 -36.4946 6.32701
    endloop
  endfacet
  facet normal 0.824388 -0.550807 -0.130367
    outer loop
      vertex 17.9583 -37.0373 5.67299
      vertex 17.8905 -36.9853 5.02455
      vertex 18.3209 -36.4946 5.67299
    endloop
  endfacet
  facet normal 0.651504 -0.571202 -0.49927
    outer loop
      vertex 17.5577 -36.7299 3.78856
      vertex 16.9397 -36.9397 3.22215
      vertex 17.2982 -36.5308 3.22215
    endloop
  endfacet
  facet normal -0.0604363 -0.922213 -0.38193
    outer loop
      vertex 14 -38.7346 4.3928
      vertex 13.382 -38.6941 4.3928
      vertex 13.4147 -38.446 3.78856
    endloop
  endfacet
  facet normal 0.513493 -0.768428 -0.381895
    outer loop
      vertex 16.3673 -38.1003 4.3928
      vertex 16.2422 -37.8836 3.78856
      vertex 16.7299 -37.5577 3.78856
    endloop
  endfacet
  facet normal 0.82889 -0.408774 0.381898
    outer loop
      vertex 18.3742 -35.8119 7.6072
      vertex 17.8836 -36.2422 8.21144
      vertex 18.1003 -36.3673 7.6072
    endloop
  endfacet
  facet normal 0.726294 -0.637067 0.258151
    outer loop
      vertex 17.7563 -36.8823 7.6072
      vertex 17.3479 -37.3479 7.6072
      vertex 17.8905 -36.9853 6.97545
    endloop
  endfacet
  facet normal -0.169046 -0.84985 0.499178
    outer loop
      vertex 13.4574 -38.1218 8.77785
      vertex 12.924 -38.0157 8.77785
      vertex 13.4147 -38.446 8.21144
    endloop
  endfacet
  facet normal 0.427285 -0.866427 -0.258326
    outer loop
      vertex 15.8767 -38.5306 5.02455
      vertex 15.8119 -38.3742 4.3928
      vertex 16.3673 -38.1003 4.3928
    endloop
  endfacet
  facet normal 0.318724 -0.938854 -0.13026
    outer loop
      vertex 15.9093 -38.6095 5.67299
      vertex 15.2913 -38.8193 5.67299
      vertex 15.8767 -38.5306 5.02455
    endloop
  endfacet
  facet normal 0.351103 -0.712134 0.607941
    outer loop
      vertex 15.8796 -37.2556 9.29673
      vertex 15.5909 -37.8409 8.77785
      vertex 16.0787 -37.6004 8.77785
    endloop
  endfacet
  facet normal 0.427285 -0.866427 0.258326
    outer loop
      vertex 16.3673 -38.1003 7.6072
      vertex 15.8119 -38.3742 7.6072
      vertex 15.8767 -38.5306 6.97545
    endloop
  endfacet
  facet normal 0.636914 -0.726374 0.258307
    outer loop
      vertex 17.3479 -37.3479 7.6072
      vertex 16.9853 -37.8905 6.97545
      vertex 17.4676 -37.4676 6.97545
    endloop
  endfacet
  facet normal 0.653665 -0.745478 0.130325
    outer loop
      vertex 17.4676 -37.4676 6.97545
      vertex 16.9853 -37.8905 6.97545
      vertex 17.528 -37.528 6.32701
    endloop
  endfacet
  facet normal 0.571202 -0.651504 -0.49927
    outer loop
      vertex 16.7299 -37.5577 3.78856
      vertex 16.5308 -37.2982 3.22215
      vertex 16.9397 -36.9397 3.22215
    endloop
  endfacet
  facet normal 0.466743 -0.532061 -0.706443
    outer loop
      vertex 16.6582 -36.6582 2.70327
      vertex 16.0069 -36.6155 2.2408
      vertex 16.3311 -36.3311 2.2408
    endloop
  endfacet
  facet normal -0.63696 -0.72635 -0.25826
    outer loop
      vertex 11.0147 -37.8905 5.02455
      vertex 10.6521 -37.3479 4.3928
      vertex 11.1177 -37.7562 4.3928
    endloop
  endfacet
  facet normal -0.18025 -0.906449 -0.381916
    outer loop
      vertex 13.4147 -38.446 3.78856
      vertex 12.7746 -38.5733 4.3928
      vertex 12.8394 -38.3316 3.78856
    endloop
  endfacet
  facet normal 0.922232 0.0605053 0.381872
    outer loop
      vertex 18.7346 -34 7.6072
      vertex 18.446 -33.4147 8.21144
      vertex 18.4844 -34 8.21144
    endloop
  endfacet
  facet normal 0.849838 0.168993 0.499216
    outer loop
      vertex 18.3316 -32.8394 8.21144
      vertex 18.0157 -32.924 8.77785
      vertex 18.446 -33.4147 8.21144
    endloop
  endfacet
  facet normal 0.546664 0.269558 0.792778
    outer loop
      vertex 17.0458 -32.7384 9.7592
      vertex 16.4057 -32.6111 10.1573
      vertex 16.5664 -32.937 10.1573
    endloop
  endfacet
  facet normal 0.670315 0.227613 0.706307
    outer loop
      vertex 17.473 -32.5614 9.29673
      vertex 17.0458 -32.7384 9.7592
      vertex 17.6311 -33.027 9.29673
    endloop
  endfacet
  facet normal 0.864584 0.056566 0.499294
    outer loop
      vertex 18.4844 -34 8.21144
      vertex 18.1218 -33.4574 8.77785
      vertex 18.1573 -34 8.77785
    endloop
  endfacet
  facet normal 0.84985 -0.169046 0.499178
    outer loop
      vertex 18.1218 -34.5426 8.77785
      vertex 18.0157 -35.076 8.77785
      vertex 18.446 -34.5853 8.21144
    endloop
  endfacet
  facet normal 0.194895 -0.170857 0.965828
    outer loop
      vertex 15.2751 -34.9784 10.7347
      vertex 14.6897 -34.6897 10.9039
      vertex 15.1365 -35.1365 10.7347
    endloop
  endfacet
  facet normal 0.651504 -0.571202 0.49927
    outer loop
      vertex 17.2982 -36.5308 8.77785
      vertex 16.9397 -36.9397 8.77785
      vertex 17.5577 -36.7299 8.21144
    endloop
  endfacet
  facet normal 0.864584 -0.056566 0.499294
    outer loop
      vertex 18.1573 -34 8.77785
      vertex 18.1218 -34.5426 8.77785
      vertex 18.4844 -34 8.21144
    endloop
  endfacet
  facet normal 0.792254 -0.0518338 0.607986
    outer loop
      vertex 18.1573 -34 8.77785
      vertex 17.727 -34.4907 9.29673
      vertex 18.1218 -34.5426 8.77785
    endloop
  endfacet
  facet normal 0.694285 -0.138036 0.706338
    outer loop
      vertex 17.2685 -34.4303 9.7592
      vertex 17.1844 -34.8533 9.7592
      vertex 17.6311 -34.973 9.29673
    endloop
  endfacet
  facet normal 0.751855 -0.255193 0.60794
    outer loop
      vertex 18.0157 -35.076 8.77785
      vertex 17.6311 -34.973 9.29673
      vertex 17.8409 -35.591 8.77785
    endloop
  endfacet
  facet normal 0.0170688 -0.258674 0.965814
    outer loop
      vertex 14.1273 -34.9671 10.9039
      vertex 14 -34.9755 10.9039
      vertex 14.2098 -35.5934 10.7347
    endloop
  endfacet
  facet normal 0.382605 0.0250476 0.923572
    outer loop
      vertex 16.1925 -33.7113 10.4844
      vertex 15.6072 -34 10.7347
      vertex 16.2114 -34 10.4844
    endloop
  endfacet
  facet normal 0.660251 -0.441136 0.607838
    outer loop
      vertex 17.2556 -35.8796 9.29673
      vertex 16.9824 -36.2885 9.29673
      vertex 17.2982 -36.5308 8.77785
    endloop
  endfacet
  facet normal 0.660093 -0.44123 0.607942
    outer loop
      vertex 17.6004 -36.0787 8.77785
      vertex 17.2556 -35.8796 9.29673
      vertex 17.2982 -36.5308 8.77785
    endloop
  endfacet
  facet normal 0.597834 -0.11886 0.792759
    outer loop
      vertex 17.2685 -34.4303 9.7592
      vertex 16.6832 -34.719 10.1573
      vertex 17.1844 -34.8533 9.7592
    endloop
  endfacet
  facet normal 0.634915 -0.313026 0.706327
    outer loop
      vertex 17.0458 -35.2616 9.7592
      vertex 16.8551 -35.6484 9.7592
      vertex 17.2556 -35.8796 9.29673
    endloop
  endfacet
  facet normal 0.77714 -0.383232 0.499187
    outer loop
      vertex 17.8409 -35.591 8.77785
      vertex 17.6004 -36.0787 8.77785
      vertex 17.8836 -36.2422 8.21144
    endloop
  endfacet
  facet normal 0.820537 -0.278505 0.499153
    outer loop
      vertex 18.0157 -35.076 8.77785
      vertex 17.8409 -35.591 8.77785
      vertex 18.143 -35.7161 8.21144
    endloop
  endfacet
  facet normal 0.481499 -0.720336 0.499274
    outer loop
      vertex 16.5308 -37.2982 8.77785
      vertex 16.0787 -37.6004 8.77785
      vertex 16.7299 -37.5577 8.21144
    endloop
  endfacet
  facet normal 0.44123 -0.660093 0.607942
    outer loop
      vertex 16.5308 -37.2982 8.77785
      vertex 15.8796 -37.2556 9.29673
      vertex 16.0787 -37.6004 8.77785
    endloop
  endfacet
  facet normal 0.536772 -0.8032 0.258352
    outer loop
      vertex 16.9853 -37.8905 6.97545
      vertex 16.3673 -38.1003 7.6072
      vertex 16.452 -38.2469 6.97545
    endloop
  endfacet
  facet normal 0.513438 -0.768442 0.38194
    outer loop
      vertex 16.7299 -37.5577 8.21144
      vertex 16.3673 -38.1003 7.6072
      vertex 16.8823 -37.7562 7.6072
    endloop
  endfacet
  facet normal 0.393236 -0.588558 0.706375
    outer loop
      vertex 16.0069 -36.6155 9.7592
      vertex 15.8796 -37.2556 9.29673
      vertex 16.2885 -36.9824 9.29673
    endloop
  endfacet
  facet normal 0.318788 -0.213011 0.92358
    outer loop
      vertex 15.9152 -35.1057 10.4844
      vertex 15.2751 -34.9784 10.7347
      vertex 15.7545 -35.3462 10.4844
    endloop
  endfacet
  facet normal 0.0327177 -0.499768 0.865541
    outer loop
      vertex 14 -36.2114 10.4844
      vertex 14 -36.7779 10.1573
      vertex 14.2887 -36.1925 10.4844
    endloop
  endfacet
  facet normal 0.195963 -0.577151 0.792777
    outer loop
      vertex 15.063 -36.5664 10.1573
      vertex 14.719 -36.6832 10.1573
      vertex 15.2616 -37.0458 9.7592
    endloop
  endfacet
  facet normal -0.227539 -0.670305 0.706341
    outer loop
      vertex 13.1467 -37.1844 9.7592
      vertex 12.7384 -37.0458 9.7592
      vertex 13.027 -37.6311 9.29673
    endloop
  endfacet
  facet normal -0.313125 -0.634784 0.706401
    outer loop
      vertex 12.3516 -36.855 9.7592
      vertex 12.1204 -37.2556 9.29673
      vertex 12.7384 -37.0458 9.7592
    endloop
  endfacet
  facet normal -0.09767 -0.491294 0.8655
    outer loop
      vertex 13.4276 -36.1361 10.4844
      vertex 13.281 -36.6832 10.1573
      vertex 13.7113 -36.1925 10.4844
    endloop
  endfacet
  facet normal 0.0463494 -0.706324 0.70637
    outer loop
      vertex 14 -37.2967 9.7592
      vertex 14 -37.7592 9.29673
      vertex 14.4907 -37.727 9.29673
    endloop
  endfacet
  facet normal 0.255237 -0.751841 0.607939
    outer loop
      vertex 15.5909 -37.8409 8.77785
      vertex 14.973 -37.6311 9.29673
      vertex 15.076 -38.0157 8.77785
    endloop
  endfacet
  facet normal 0.297115 -0.87512 0.381953
    outer loop
      vertex 15.7161 -38.143 8.21144
      vertex 15.1606 -38.3316 8.21144
      vertex 15.8119 -38.3742 7.6072
    endloop
  endfacet
  facet normal 0.169564 0.343869 0.923581
    outer loop
      vertex 15.1057 -32.0848 10.4844
      vertex 14.615 -32.5151 10.7347
      vertex 14.8036 -32.6081 10.7347
    endloop
  endfacet
  facet normal 0.169554 0.34388 0.923579
    outer loop
      vertex 14.8463 -31.9569 10.4844
      vertex 14.615 -32.5151 10.7347
      vertex 15.1057 -32.0848 10.4844
    endloop
  endfacet
  facet normal 0.278336 0.41647 0.865495
    outer loop
      vertex 15.3889 -31.5943 10.1573
      vertex 15.1057 -32.0848 10.4844
      vertex 15.691 -31.7962 10.1573
    endloop
  endfacet
  facet normal 0.194914 0.170874 0.965821
    outer loop
      vertex 15.1365 -32.8635 10.7347
      vertex 14.6897 -33.3102 10.9039
      vertex 15.2751 -33.0216 10.7347
    endloop
  endfacet
  facet normal -0.254263 0.0505566 0.965813
    outer loop
      vertex 12.4476 -33.584 10.7347
      vertex 12.4066 -33.7902 10.7347
      vertex 13.0329 -33.8727 10.9039
    endloop
  endfacet
  facet normal 0.232502 0.114625 0.965818
    outer loop
      vertex 15.4849 -33.385 10.7347
      vertex 14.8448 -33.5123 10.9039
      vertex 14.9012 -33.6267 10.9039
    endloop
  endfacet
  facet normal 0.130557 0.00856108 0.991404
    outer loop
      vertex 14.9755 -34 10.9039
      vertex 14.3242 -33.9573 10.9893
      vertex 14.327 -34 10.9893
    endloop
  endfacet
  facet normal 0.117358 -0.0578582 0.991403
    outer loop
      vertex 14.9012 -34.3733 10.9039
      vertex 14.2832 -34.1635 10.9893
      vertex 14.8448 -34.4877 10.9039
    endloop
  endfacet
  facet normal -0.12391 -0.0420554 0.991402
    outer loop
      vertex 13.6841 -34.0846 10.9893
      vertex 13.0578 -34.2525 10.9039
      vertex 13.0988 -34.3733 10.9039
    endloop
  endfacet
  facet normal -0.194895 -0.170857 0.965828
    outer loop
      vertex 13.3103 -34.6897 10.9039
      vertex 12.7249 -34.9784 10.7347
      vertex 12.8635 -35.1365 10.7347
    endloop
  endfacet
  facet normal -0.0727219 -0.108777 0.991403
    outer loop
      vertex 13.8009 -34.2594 10.9893
      vertex 13.5123 -34.8448 10.9039
      vertex 13.8365 -34.2832 10.9893
    endloop
  endfacet
  facet normal 0.194803 -0.171037 0.965815
    outer loop
      vertex 14.7739 -34.5938 10.9039
      vertex 14.6897 -34.6897 10.9039
      vertex 15.2751 -34.9784 10.7347
    endloop
  endfacet
  facet normal -0.401993 0.458249 -0.792723
    outer loop
      vertex 12.0358 -32.0358 1.84265
      vertex 11.6689 -31.6689 2.2408
      vertex 11.9931 -31.3845 2.2408
    endloop
  endfacet
  facet normal -0.828875 0.408703 -0.382005
    outer loop
      vertex 9.85699 -32.2839 3.78856
      vertex 9.62575 -32.1881 4.3928
      vertex 10.1164 -31.7578 3.78856
    endloop
  endfacet
  facet normal -0.864638 -0.0566811 -0.499188
    outer loop
      vertex 9.87822 -34.5426 3.22215
      vertex 9.51564 -34 3.78856
      vertex 9.84265 -34 3.22215
    endloop
  endfacet
  facet normal -0.343869 -0.169548 -0.923584
    outer loop
      vertex 12.0848 -35.1057 1.51564
      vertex 11.9569 -34.8463 1.51564
      vertex 12.5151 -34.615 1.26535
    endloop
  endfacet
  facet normal 0.128276 0.0255117 -0.99141
    outer loop
      vertex 14.9671 -33.8727 1.09607
      vertex 14.3242 -33.9573 1.01071
      vertex 14.9422 -33.7475 1.09607
    endloop
  endfacet
  facet normal -0.25437 0.0505895 -0.965783
    outer loop
      vertex 13.0329 -33.8727 1.09607
      vertex 12.4476 -33.584 1.26535
      vertex 13.0578 -33.7475 1.09607
    endloop
  endfacet
  facet normal 0.194889 -0.171112 -0.965784
    outer loop
      vertex 15.2751 -34.9784 1.26535
      vertex 14.6897 -34.6897 1.09607
      vertex 14.7739 -34.5938 1.09607
    endloop
  endfacet
  facet normal 0.0982819 -0.0862913 -0.99141
    outer loop
      vertex 14.6897 -34.6897 1.09607
      vertex 14.2312 -34.2312 1.01071
      vertex 14.7739 -34.5938 1.09607
    endloop
  endfacet
  facet normal 0.195944 -0.57723 -0.792724
    outer loop
      vertex 14.8533 -37.1844 2.2408
      vertex 14.719 -36.6832 1.84265
      vertex 15.2616 -37.0458 2.2408
    endloop
  endfacet
  facet normal 0.221486 -0.449175 -0.865555
    outer loop
      vertex 15.3889 -36.4057 1.84265
      vertex 15.063 -36.5664 1.84265
      vertex 15.1057 -35.9152 1.51564
    endloop
  endfacet
  facet normal 0.0505895 -0.25437 -0.965783
    outer loop
      vertex 14.416 -35.5524 1.26535
      vertex 14.1273 -34.9671 1.09607
      vertex 14.2525 -34.9422 1.09607
    endloop
  endfacet
  facet normal -0.33028 -0.376498 -0.865543
    outer loop
      vertex 12.6538 -35.7545 1.51564
      vertex 12.309 -36.2038 1.84265
      vertex 12.4363 -35.5637 1.51564
    endloop
  endfacet
  facet normal -0.154898 -0.778722 -0.607946
    outer loop
      vertex 13.4574 -38.1218 3.22215
      vertex 12.924 -38.0157 3.22215
      vertex 13.027 -37.6311 2.70327
    endloop
  endfacet
  facet normal -0.313007 -0.63494 -0.706313
    outer loop
      vertex 12.5614 -37.473 2.70327
      vertex 12.1204 -37.2556 2.70327
      vertex 12.7384 -37.0458 2.2408
    endloop
  endfacet
  facet normal 0.25277 -0.288333 -0.923565
    outer loop
      vertex 15.5637 -35.5637 1.51564
      vertex 14.9784 -35.2751 1.26535
      vertex 15.1365 -35.1365 1.26535
    endloop
  endfacet
  facet normal 0.0976498 -0.491192 -0.86556
    outer loop
      vertex 14.719 -36.6832 1.84265
      vertex 14.2887 -36.1925 1.51564
      vertex 14.5724 -36.1361 1.51564
    endloop
  endfacet
  facet normal -0.195978 -0.577197 -0.79274
    outer loop
      vertex 13.281 -36.6832 1.84265
      vertex 12.7384 -37.0458 2.2408
      vertex 12.937 -36.5664 1.84265
    endloop
  endfacet
  facet normal -0.393196 -0.588563 -0.706392
    outer loop
      vertex 12.1204 -37.2556 2.70327
      vertex 11.9931 -36.6155 2.2408
      vertex 12.3516 -36.855 2.2408
    endloop
  endfacet
  facet normal -0.123268 -0.363044 -0.923582
    outer loop
      vertex 13.4276 -36.1361 1.51564
      vertex 13.1537 -36.0431 1.51564
      vertex 13.385 -35.4849 1.26535
    endloop
  endfacet
  facet normal -0.0505789 -0.254375 -0.965782
    outer loop
      vertex 13.7902 -35.5934 1.26535
      vertex 13.584 -35.5524 1.26535
      vertex 13.8727 -34.9671 1.09607
    endloop
  endfacet
  facet normal -0.0400073 0.608391 -0.792629
    outer loop
      vertex 14 -31.2221 1.84265
      vertex 13.817 -31.0135 2.012
      vertex 14 -31.0171 2
    endloop
  endfacet
  facet normal -0.440371 0.661427 -0.607114
    outer loop
      vertex 11.7115 -31.0176 2.70327
      vertex 11.6943 -30.9952 2.74015
      vertex 11.7495 -30.9923 2.70327
    endloop
  endfacet
  facet normal -0.570612 0.651965 -0.499343
    outer loop
      vertex 11.0603 -31.0603 3.22215
      vertex 11.002 -31.002 3.36489
      vertex 11.0802 -31.0018 3.27579
    endloop
  endfacet
  facet normal -0.720445 0.481429 -0.499185
    outer loop
      vertex 10.3996 -31.9213 3.22215
      vertex 10.1164 -31.7578 3.78856
      vertex 10.4423 -31.2701 3.78856
    endloop
  endfacet
  facet normal -0.651504 0.571202 -0.49927
    outer loop
      vertex 10.7018 -31.4692 3.22215
      vertex 10.4423 -31.2701 3.78856
      vertex 11.0603 -31.0603 3.22215
    endloop
  endfacet
  facet normal 0.41647 0.278336 0.865495
    outer loop
      vertex 16.2038 -32.309 10.1573
      vertex 15.9152 -32.8943 10.4844
      vertex 16.4057 -32.6111 10.1573
    endloop
  endfacet
  facet normal 0.506737 0.338673 0.792792
    outer loop
      vertex 16.6155 -31.9931 9.7592
      vertex 16.2038 -32.309 10.1573
      vertex 16.8551 -32.3516 9.7592
    endloop
  endfacet
  facet normal 0.597075 0.523481 0.60784
    outer loop
      vertex 17.2982 -31.4692 8.77785
      vertex 16.9397 -31.0603 8.77785
      vertex 16.9824 -31.7115 9.29673
    endloop
  endfacet
  facet normal 0.696504 0.608473 0.380319
    outer loop
      vertex 17.4759 -31.0293 7.97599
      vertex 17.4641 -31.0308 8
      vertex 17.5577 -31.2701 8.21144
    endloop
  endfacet
  facet normal 0.694723 0.609375 0.382128
    outer loop
      vertex 17.3228 -31.0023 8.21144
      vertex 17.5577 -31.2701 8.21144
      vertex 17.4641 -31.0308 8
    endloop
  endfacet
  facet normal 0.0747535 0.376021 0.923591
    outer loop
      vertex 14.5724 -31.8639 10.4844
      vertex 14.2887 -31.8075 10.4844
      vertex 14.416 -32.4476 10.7347
    endloop
  endfacet
  facet normal 0.338664 0.506738 0.792794
    outer loop
      vertex 15.6484 -31.1449 9.7592
      vertex 15.3889 -31.5943 10.1573
      vertex 15.691 -31.7962 10.1573
    endloop
  endfacet
  facet normal 0.47431 0.161047 0.865502
    outer loop
      vertex 16.5664 -32.937 10.1573
      vertex 16.0431 -33.1537 10.4844
      vertex 16.1361 -33.4276 10.4844
    endloop
  endfacet
  facet normal 0.376597 0.330281 0.865499
    outer loop
      vertex 15.9642 -32.0358 10.1573
      vertex 15.5637 -32.4363 10.4844
      vertex 16.2038 -32.309 10.1573
    endloop
  endfacet
  facet normal -0.376576 0.330348 0.865483
    outer loop
      vertex 12.4363 -32.4363 10.4844
      vertex 11.7962 -32.309 10.1573
      vertex 12.2455 -32.6538 10.4844
    endloop
  endfacet
  facet normal -0.694531 0.609727 0.381916
    outer loop
      vertex 10.2437 -31.1177 7.6072
      vertex 10.5241 -31.0293 7.97599
      vertex 10.3422 -31.0055 7.6072
    endloop
  endfacet
  facet normal -0.694637 0.609525 0.382045
    outer loop
      vertex 10.5241 -31.0293 7.97599
      vertex 10.2437 -31.1177 7.6072
      vertex 10.4423 -31.2701 8.21144
    endloop
  endfacet
  facet normal -0.338673 0.506737 0.792792
    outer loop
      vertex 12.3516 -31.1449 9.7592
      vertex 11.9931 -31.3845 9.7592
      vertex 12.309 -31.7962 10.1573
    endloop
  endfacet
  facet normal 0.499768 0.0327177 0.865541
    outer loop
      vertex 16.7779 -34 10.1573
      vertex 16.1925 -33.7113 10.4844
      vertex 16.2114 -34 10.4844
    endloop
  endfacet
  facet normal 0.778707 0.154837 0.607981
    outer loop
      vertex 18.1218 -33.4574 8.77785
      vertex 17.6311 -33.027 9.29673
      vertex 17.727 -33.5093 9.29673
    endloop
  endfacet
  facet normal 0.491254 -0.0977271 0.865516
    outer loop
      vertex 16.7541 -34.3626 10.1573
      vertex 16.1925 -34.2887 10.4844
      vertex 16.6832 -34.719 10.1573
    endloop
  endfacet
  facet normal 0.694276 0.138049 0.706345
    outer loop
      vertex 17.6311 -33.027 9.29673
      vertex 17.2685 -33.5697 9.7592
      vertex 17.727 -33.5093 9.29673
    endloop
  endfacet
  facet normal 0.820483 0.278565 0.499209
    outer loop
      vertex 18.143 -32.2839 8.21144
      vertex 18.0157 -32.924 8.77785
      vertex 18.3316 -32.8394 8.21144
    endloop
  endfacet
  facet normal 0.77714 0.383232 0.499187
    outer loop
      vertex 17.8836 -31.7578 8.21144
      vertex 17.6004 -31.9213 8.77785
      vertex 17.8409 -32.409 8.77785
    endloop
  endfacet
  facet normal 0.588544 0.393348 0.706324
    outer loop
      vertex 17.2556 -32.1204 9.29673
      vertex 16.6155 -31.9931 9.7592
      vertex 16.8551 -32.3516 9.7592
    endloop
  endfacet
  facet normal 0.588558 0.393236 0.706375
    outer loop
      vertex 16.9824 -31.7115 9.29673
      vertex 16.6155 -31.9931 9.7592
      vertex 17.2556 -32.1204 9.29673
    endloop
  endfacet
  facet normal 0.98935 -0.0648729 -0.130298
    outer loop
      vertex 18.9466 -34.6512 5.67299
      vertex 18.9039 -34 5.02455
      vertex 18.9893 -34 5.67299
    endloop
  endfacet
  facet normal 0.946922 0.321463 0
    outer loop
      vertex 18.8193 -32.7087 6.32701
      vertex 18.6095 -32.0907 5.67299
      vertex 18.6095 -32.0907 6.32701
    endloop
  endfacet
  facet normal 0.946922 0.321463 0
    outer loop
      vertex 18.6095 -32.0907 5.67299
      vertex 18.8193 -32.7087 6.32701
      vertex 18.8193 -32.7087 5.67299
    endloop
  endfacet
  facet normal 0.938864 0.318673 -0.130311
    outer loop
      vertex 18.7368 -32.7308 5.02455
      vertex 18.5306 -32.1233 5.02455
      vertex 18.8193 -32.7087 5.67299
    endloop
  endfacet
  facet normal 0.946922 -0.321463 0
    outer loop
      vertex 18.6095 -35.9093 6.32701
      vertex 18.8193 -35.2913 5.67299
      vertex 18.8193 -35.2913 6.32701
    endloop
  endfacet
  facet normal 0.946922 -0.321463 0
    outer loop
      vertex 18.8193 -35.2913 5.67299
      vertex 18.6095 -35.9093 6.32701
      vertex 18.6095 -35.9093 5.67299
    endloop
  endfacet
  facet normal 0.963969 -0.0631727 -0.258404
    outer loop
      vertex 18.862 -34.6401 5.02455
      vertex 18.6941 -34.618 4.3928
      vertex 18.7346 -34 4.3928
    endloop
  endfacet
  facet normal 0.751775 0.255274 -0.608005
    outer loop
      vertex 17.6311 -33.027 2.70327
      vertex 17.473 -32.5614 2.70327
      vertex 17.8409 -32.409 3.22215
    endloop
  endfacet
  facet normal 0.712105 0.351047 -0.608007
    outer loop
      vertex 17.473 -32.5614 2.70327
      vertex 17.2556 -32.1204 2.70327
      vertex 17.8409 -32.409 3.22215
    endloop
  endfacet
  facet normal 0.252835 0.288216 -0.923583
    outer loop
      vertex 15.5637 -32.4363 1.51564
      vertex 14.9784 -32.7249 1.26535
      vertex 15.3462 -32.2455 1.51564
    endloop
  endfacet
  facet normal 0.634915 0.313026 -0.706327
    outer loop
      vertex 17.0458 -32.7384 2.2408
      vertex 16.8551 -32.3516 2.2408
      vertex 17.2556 -32.1204 2.70327
    endloop
  endfacet
  facet normal 0.922213 0.0604363 -0.38193
    outer loop
      vertex 18.7346 -34 4.3928
      vertex 18.446 -33.4147 3.78856
      vertex 18.6941 -33.382 4.3928
    endloop
  endfacet
  facet normal 0.84985 -0.169046 -0.499178
    outer loop
      vertex 18.446 -34.5853 3.78856
      vertex 18.0157 -35.076 3.22215
      vertex 18.1218 -34.5426 3.22215
    endloop
  endfacet
  facet normal 0.720336 0.481499 -0.499274
    outer loop
      vertex 17.6004 -31.9213 3.22215
      vertex 17.2982 -31.4692 3.22215
      vertex 17.5577 -31.2701 3.78856
    endloop
  endfacet
  facet normal 0.820537 0.278505 -0.499153
    outer loop
      vertex 18.0157 -32.924 3.22215
      vertex 17.8409 -32.409 3.22215
      vertex 18.143 -32.2839 3.78856
    endloop
  endfacet
  facet normal 0.792254 0.0518338 -0.607986
    outer loop
      vertex 18.1573 -34 3.22215
      vertex 17.727 -33.5093 2.70327
      vertex 18.1218 -33.4574 3.22215
    endloop
  endfacet
  facet normal 0.720445 0.481429 -0.499185
    outer loop
      vertex 17.6004 -31.9213 3.22215
      vertex 17.5577 -31.2701 3.78856
      vertex 17.8836 -31.7578 3.78856
    endloop
  endfacet
  facet normal 0.947512 -0.188442 -0.258286
    outer loop
      vertex 18.7368 -35.2692 5.02455
      vertex 18.5733 -35.2254 4.3928
      vertex 18.6941 -34.618 4.3928
    endloop
  endfacet
  facet normal 0.875143 0.297086 -0.381923
    outer loop
      vertex 18.5733 -32.7746 4.3928
      vertex 18.3316 -32.8394 3.78856
      vertex 18.3742 -32.1881 4.3928
    endloop
  endfacet
  facet normal 0.570612 0.651965 -0.499343
    outer loop
      vertex 16.9397 -31.0603 3.22215
      vertex 16.9198 -31.0018 3.27579
      vertex 16.998 -31.002 3.36489
    endloop
  endfacet
  facet normal 0.828899 0.408699 -0.381959
    outer loop
      vertex 18.143 -32.2839 3.78856
      vertex 17.8836 -31.7578 3.78856
      vertex 18.3742 -32.1881 4.3928
    endloop
  endfacet
  facet normal 0.768428 0.513493 -0.381895
    outer loop
      vertex 17.8836 -31.7578 3.78856
      vertex 17.5577 -31.2701 3.78856
      vertex 18.1003 -31.6327 4.3928
    endloop
  endfacet
  facet normal 0.338691 0.506778 -0.792757
    outer loop
      vertex 15.691 -31.7962 1.84265
      vertex 15.3889 -31.5943 1.84265
      vertex 15.6484 -31.1449 2.2408
    endloop
  endfacet
  facet normal -0.0977069 0.491153 -0.865576
    outer loop
      vertex 13.7113 -31.8075 1.51564
      vertex 13.281 -31.3168 1.84265
      vertex 13.6374 -31.2459 1.84265
    endloop
  endfacet
  facet normal 0.313008 0.635148 -0.706126
    outer loop
      vertex 15.6484 -31.1449 2.2408
      vertex 15.5307 -31.0161 2.30448
      vertex 15.7291 -31.0051 2.40232
    endloop
  endfacet
  facet normal 0.31313 0.635207 -0.706018
    outer loop
      vertex 15.5307 -31.0161 2.30448
      vertex 15.6484 -31.1449 2.2408
      vertex 15.3431 -30.9944 2.2408
    endloop
  endfacet
  facet normal 0.889232 0.438511 -0.130288
    outer loop
      vertex 18.5306 -32.1233 5.02455
      vertex 18.2469 -31.548 5.02455
      vertex 18.3209 -31.5054 5.67299
    endloop
  endfacet
  facet normal 0.824342 0.550901 -0.130266
    outer loop
      vertex 18.2469 -31.548 5.02455
      vertex 17.8905 -31.0147 5.02455
      vertex 18.3209 -31.5054 5.67299
    endloop
  endfacet
  facet normal 0.506778 0.338691 -0.792757
    outer loop
      vertex 16.4057 -32.6111 1.84265
      vertex 16.2038 -32.309 1.84265
      vertex 16.8551 -32.3516 2.2408
    endloop
  endfacet
  facet normal 0.546708 0.269538 -0.792755
    outer loop
      vertex 17.0458 -32.7384 2.2408
      vertex 16.4057 -32.6111 1.84265
      vertex 16.8551 -32.3516 2.2408
    endloop
  endfacet
  facet normal 0.466691 0.532189 -0.706381
    outer loop
      vertex 16.6582 -31.3418 2.70327
      vertex 16.0069 -31.3845 2.2408
      vertex 16.2885 -31.0176 2.70327
    endloop
  endfacet
  facet normal 0.0577493 0.117332 -0.991412
    outer loop
      vertex 14.1635 -33.7168 1.01071
      vertex 14.1251 -33.6979 1.01071
      vertex 14.3733 -33.0988 1.09607
    endloop
  endfacet
  facet normal -0.278252 0.416426 -0.865543
    outer loop
      vertex 12.6538 -32.2455 1.51564
      vertex 12.309 -31.7962 1.84265
      vertex 12.8943 -32.0848 1.51564
    endloop
  endfacet
  facet normal -0.195963 -0.577151 0.792777
    outer loop
      vertex 12.937 -36.5664 10.1573
      vertex 12.7384 -37.0458 9.7592
      vertex 13.281 -36.6832 10.1573
    endloop
  endfacet
  facet normal -0.161046 -0.474312 0.865501
    outer loop
      vertex 13.4276 -36.1361 10.4844
      vertex 12.937 -36.5664 10.1573
      vertex 13.281 -36.6832 10.1573
    endloop
  endfacet
  facet normal -0.466691 -0.532189 0.706381
    outer loop
      vertex 11.9931 -36.6155 9.7592
      vertex 11.3418 -36.6582 9.29673
      vertex 11.7115 -36.9824 9.29673
    endloop
  endfacet
  facet normal -0.252778 -0.288343 0.923559
    outer loop
      vertex 12.8635 -35.1365 10.7347
      vertex 12.4363 -35.5637 10.4844
      vertex 13.0216 -35.2751 10.7347
    endloop
  endfacet
  facet normal -0.938876 -0.318662 0.130254
    outer loop
      vertex 9.26317 -35.2692 6.97545
      vertex 9.18071 -35.2913 6.32701
      vertex 9.46936 -35.8767 6.97545
    endloop
  endfacet
  facet normal -0.972431 -0.193423 0.130253
    outer loop
      vertex 9.26317 -35.2692 6.97545
      vertex 9.05339 -34.6512 6.32701
      vertex 9.18071 -35.2913 6.32701
    endloop
  endfacet
  facet normal -0.778732 -0.154885 0.607936
    outer loop
      vertex 10.3689 -34.973 9.29673
      vertex 9.87822 -34.5426 8.77785
      vertex 9.98431 -35.076 8.77785
    endloop
  endfacet
  facet normal -0.588544 -0.393348 0.706324
    outer loop
      vertex 11.1449 -35.6484 9.7592
      vertex 10.7444 -35.8796 9.29673
      vertex 11.3845 -36.0069 9.7592
    endloop
  endfacet
  facet normal -0.44123 -0.660093 0.607942
    outer loop
      vertex 12.1204 -37.2556 9.29673
      vertex 11.4692 -37.2982 8.77785
      vertex 11.9213 -37.6004 8.77785
    endloop
  endfacet
  facet normal -0.523517 -0.59699 0.607892
    outer loop
      vertex 11.3418 -36.6582 9.29673
      vertex 11.0603 -36.9397 8.77785
      vertex 11.7115 -36.9824 9.29673
    endloop
  endfacet
  facet normal -0.803347 -0.536651 -0.258147
    outer loop
      vertex 10.1095 -36.9853 5.02455
      vertex 9.89967 -36.3673 4.3928
      vertex 10.2437 -36.8823 4.3928
    endloop
  endfacet
  facet normal -0.694772 -0.609383 -0.382026
    outer loop
      vertex 10.6521 -37.3479 4.3928
      vertex 10.4423 -36.7299 3.78856
      vertex 10.8291 -37.1709 3.78856
    endloop
  endfacet
  facet normal -0.653665 -0.745478 -0.130325
    outer loop
      vertex 11.0147 -37.8905 5.02455
      vertex 10.472 -37.528 5.67299
      vertex 10.5324 -37.4676 5.02455
    endloop
  endfacet
  facet normal -0.438475 -0.889256 -0.130246
    outer loop
      vertex 12.0907 -38.6095 5.67299
      vertex 11.5054 -38.3209 5.67299
      vertex 12.1233 -38.5306 5.02455
    endloop
  endfacet
  facet normal -0.726294 -0.637067 -0.258151
    outer loop
      vertex 10.6521 -37.3479 4.3928
      vertex 10.1095 -36.9853 5.02455
      vertex 10.2437 -36.8823 4.3928
    endloop
  endfacet
  facet normal -0.694748 -0.609397 -0.382049
    outer loop
      vertex 10.6521 -37.3479 4.3928
      vertex 10.2437 -36.8823 4.3928
      vertex 10.4423 -36.7299 3.78856
    endloop
  endfacet
  facet normal -0.938869 0.318699 0.130217
    outer loop
      vertex 9.39049 -32.0907 6.32701
      vertex 9.18071 -32.7087 6.32701
      vertex 9.46936 -32.1233 6.97545
    endloop
  endfacet
  facet normal -0.938876 0.318662 0.130254
    outer loop
      vertex 9.46936 -32.1233 6.97545
      vertex 9.18071 -32.7087 6.32701
      vertex 9.26317 -32.7308 6.97545
    endloop
  endfacet
  facet normal -0.792259 0.0519363 0.60797
    outer loop
      vertex 9.87822 -33.4574 8.77785
      vertex 9.84265 -34 8.77785
      vertex 10.273 -33.5093 9.29673
    endloop
  endfacet
  facet normal -0.820522 0.278505 0.499179
    outer loop
      vertex 9.85699 -32.2839 8.21144
      vertex 9.66844 -32.8394 8.21144
      vertex 9.98431 -32.924 8.77785
    endloop
  endfacet
  facet normal -0.828875 0.408703 0.382005
    outer loop
      vertex 10.1164 -31.7578 8.21144
      vertex 9.62575 -32.1881 7.6072
      vertex 9.85699 -32.2839 8.21144
    endloop
  endfacet
  facet normal -0.820536 0.278488 0.499163
    outer loop
      vertex 10.1591 -32.409 8.77785
      vertex 9.85699 -32.2839 8.21144
      vertex 9.98431 -32.924 8.77785
    endloop
  endfacet
  facet normal -0.745733 0.653297 0.130712
    outer loop
      vertex 10.1205 -30.9982 6.95574
      vertex 10.0929 -31.002 6.81727
      vertex 10.1095 -31.0147 6.97545
    endloop
  endfacet
  facet normal -0.792281 -0.0519899 0.607938
    outer loop
      vertex 10.2408 -34 9.29673
      vertex 9.84265 -34 8.77785
      vertex 10.273 -34.4907 9.29673
    endloop
  endfacet
  facet normal -0.792259 -0.0519363 0.60797
    outer loop
      vertex 10.273 -34.4907 9.29673
      vertex 9.84265 -34 8.77785
      vertex 9.87822 -34.5426 8.77785
    endloop
  endfacet
  facet normal -0.376021 0.0747535 0.923591
    outer loop
      vertex 11.8639 -33.4276 10.4844
      vertex 11.8075 -33.7113 10.4844
      vertex 12.4476 -33.584 10.7347
    endloop
  endfacet
  facet normal -0.670305 0.227539 0.706341
    outer loop
      vertex 10.9542 -32.7384 9.7592
      vertex 10.3689 -33.027 9.29673
      vertex 10.8156 -33.1467 9.7592
    endloop
  endfacet
  facet normal -0.506738 0.338664 0.792794
    outer loop
      vertex 11.7962 -32.309 10.1573
      vertex 11.1449 -32.3516 9.7592
      vertex 11.5943 -32.6111 10.1573
    endloop
  endfacet
  facet normal -0.694285 0.138036 0.706338
    outer loop
      vertex 10.8156 -33.1467 9.7592
      vertex 10.3689 -33.027 9.29673
      vertex 10.7315 -33.5697 9.7592
    endloop
  endfacet
  facet normal -0.577185 0.195929 0.792761
    outer loop
      vertex 10.9542 -32.7384 9.7592
      vertex 10.8156 -33.1467 9.7592
      vertex 11.3168 -33.281 10.1573
    endloop
  endfacet
  facet normal -0.499799 0.0328054 0.86552
    outer loop
      vertex 11.2459 -33.6374 10.1573
      vertex 11.2221 -34 10.1573
      vertex 11.8075 -33.7113 10.4844
    endloop
  endfacet
  facet normal -0.896865 0.442303 0
    outer loop
      vertex 9.39049 -32.0907 5.67299
      vertex 9.67914 -31.5054 6.32701
      vertex 9.67914 -31.5054 5.67299
    endloop
  endfacet
  facet normal -0.896865 0.442303 0
    outer loop
      vertex 9.67914 -31.5054 6.32701
      vertex 9.39049 -32.0907 5.67299
      vertex 9.39049 -32.0907 6.32701
    endloop
  endfacet
  facet normal -0.906405 0.180304 -0.381994
    outer loop
      vertex 9.554 -33.4147 3.78856
      vertex 9.42668 -32.7746 4.3928
      vertex 9.66844 -32.8394 3.78856
    endloop
  endfacet
  facet normal -0.889231 0.438538 -0.130205
    outer loop
      vertex 9.46936 -32.1233 5.02455
      vertex 9.39049 -32.0907 5.67299
      vertex 9.67914 -31.5054 5.67299
    endloop
  endfacet
  facet normal -0.938869 0.318699 -0.130217
    outer loop
      vertex 9.46936 -32.1233 5.02455
      vertex 9.18071 -32.7087 5.67299
      vertex 9.39049 -32.0907 5.67299
    endloop
  endfacet
  facet normal -0.824336 0.550928 -0.130191
    outer loop
      vertex 9.75308 -31.548 5.02455
      vertex 9.67914 -31.5054 5.67299
      vertex 10.1095 -31.0147 5.02455
    endloop
  endfacet
  facet normal -0.92219 0.0604497 0.381982
    outer loop
      vertex 9.30586 -33.382 7.6072
      vertex 9.26535 -34 7.6072
      vertex 9.554 -33.4147 8.21144
    endloop
  endfacet
  facet normal -0.922188 0.0604393 0.381991
    outer loop
      vertex 9.554 -33.4147 8.21144
      vertex 9.26535 -34 7.6072
      vertex 9.51564 -34 8.21144
    endloop
  endfacet
  facet normal -0.90641 -0.180297 0.381988
    outer loop
      vertex 9.554 -34.5853 8.21144
      vertex 9.30586 -34.618 7.6072
      vertex 9.42668 -35.2254 7.6072
    endloop
  endfacet
  facet normal -0.92219 -0.0604497 0.381982
    outer loop
      vertex 9.554 -34.5853 8.21144
      vertex 9.26535 -34 7.6072
      vertex 9.30586 -34.618 7.6072
    endloop
  endfacet
  facet normal -0.997859 -0.0654002 0
    outer loop
      vertex 9.05339 -34.6512 5.67299
      vertex 9.01071 -34 6.32701
      vertex 9.01071 -34 5.67299
    endloop
  endfacet
  facet normal -0.997859 -0.0654002 0
    outer loop
      vertex 9.01071 -34 6.32701
      vertex 9.05339 -34.6512 5.67299
      vertex 9.05339 -34.6512 6.32701
    endloop
  endfacet
  facet normal -0.997859 0.0654002 0
    outer loop
      vertex 9.01071 -34 5.67299
      vertex 9.05339 -33.3488 6.32701
      vertex 9.05339 -33.3488 5.67299
    endloop
  endfacet
  facet normal -0.997859 0.0654002 0
    outer loop
      vertex 9.05339 -33.3488 6.32701
      vertex 9.01071 -34 5.67299
      vertex 9.01071 -34 6.32701
    endloop
  endfacet
  facet normal -0.864633 0.0566672 -0.499198
    outer loop
      vertex 9.87822 -33.4574 3.22215
      vertex 9.51564 -34 3.78856
      vertex 9.554 -33.4147 3.78856
    endloop
  endfacet
  facet normal -0.875127 0.297036 -0.381998
    outer loop
      vertex 9.66844 -32.8394 3.78856
      vertex 9.42668 -32.7746 4.3928
      vertex 9.62575 -32.1881 4.3928
    endloop
  endfacet
  facet normal -0.947502 0.188471 -0.2583
    outer loop
      vertex 9.30586 -33.382 4.3928
      vertex 9.26317 -32.7308 5.02455
      vertex 9.42668 -32.7746 4.3928
    endloop
  endfacet
  facet normal -0.828865 0.408791 -0.381934
    outer loop
      vertex 10.1164 -31.7578 3.78856
      vertex 9.62575 -32.1881 4.3928
      vertex 9.89967 -31.6327 4.3928
    endloop
  endfacet
  facet normal -0.297086 -0.875143 -0.381923
    outer loop
      vertex 12.7746 -38.5733 4.3928
      vertex 12.1881 -38.3742 4.3928
      vertex 12.8394 -38.3316 3.78856
    endloop
  endfacet
  facet normal -0.169046 -0.84985 -0.499178
    outer loop
      vertex 13.4147 -38.446 3.78856
      vertex 12.924 -38.0157 3.22215
      vertex 13.4574 -38.1218 3.22215
    endloop
  endfacet
  facet normal 0.57723 -0.195944 -0.792724
    outer loop
      vertex 17.0458 -35.2616 2.2408
      vertex 16.6832 -34.719 1.84265
      vertex 17.1844 -34.8533 2.2408
    endloop
  endfacet
  facet normal 0.694285 -0.138036 -0.706338
    outer loop
      vertex 17.6311 -34.973 2.70327
      vertex 17.1844 -34.8533 2.2408
      vertex 17.2685 -34.4303 2.2408
    endloop
  endfacet
  facet normal 0.751855 -0.255193 -0.60794
    outer loop
      vertex 17.8409 -35.591 3.22215
      vertex 17.6311 -34.973 2.70327
      vertex 18.0157 -35.076 3.22215
    endloop
  endfacet
  facet normal 0.660093 -0.44123 -0.607942
    outer loop
      vertex 17.2982 -36.5308 3.22215
      vertex 17.2556 -35.8796 2.70327
      vertex 17.6004 -36.0787 3.22215
    endloop
  endfacet
  facet normal -0.130496 0.00855714 -0.991412
    outer loop
      vertex 13.673 -34 1.01071
      vertex 13.0245 -34 1.09607
      vertex 13.6758 -33.9573 1.01071
    endloop
  endfacet
  facet normal 0.25277 0.288333 -0.923565
    outer loop
      vertex 15.1365 -32.8635 1.26535
      vertex 14.9784 -32.7249 1.26535
      vertex 15.5637 -32.4363 1.51564
    endloop
  endfacet
  facet normal 0.128276 -0.0255117 -0.99141
    outer loop
      vertex 14.9422 -34.2525 1.09607
      vertex 14.3242 -34.0427 1.01071
      vertex 14.9671 -34.1273 1.09607
    endloop
  endfacet
  facet normal 0.37601 -0.0747643 -0.923595
    outer loop
      vertex 16.1925 -34.2887 1.51564
      vertex 15.5524 -34.416 1.26535
      vertex 15.5934 -34.2098 1.26535
    endloop
  endfacet
  facet normal 0.213004 0.318777 -0.923586
    outer loop
      vertex 14.9784 -32.7249 1.26535
      vertex 14.8036 -32.6081 1.26535
      vertex 15.1057 -32.0848 1.51564
    endloop
  endfacet
  facet normal 0.449176 0.221471 -0.865559
    outer loop
      vertex 16.0431 -33.1537 1.51564
      vertex 15.9152 -32.8943 1.51564
      vertex 16.5664 -32.937 1.84265
    endloop
  endfacet
  facet normal 0.297086 -0.875143 -0.381923
    outer loop
      vertex 15.2254 -38.5733 4.3928
      vertex 15.1606 -38.3316 3.78856
      vertex 15.8119 -38.3742 4.3928
    endloop
  endfacet
  facet normal -0.351103 -0.712134 -0.607941
    outer loop
      vertex 12.4091 -37.8409 3.22215
      vertex 11.9213 -37.6004 3.22215
      vertex 12.1204 -37.2556 2.70327
    endloop
  endfacet
  facet normal -0.609383 -0.694772 -0.382026
    outer loop
      vertex 11.2701 -37.5577 3.78856
      vertex 10.6521 -37.3479 4.3928
      vertex 10.8291 -37.1709 3.78856
    endloop
  endfacet
  facet normal -0.383169 -0.777172 -0.499185
    outer loop
      vertex 12.4091 -37.8409 3.22215
      vertex 11.7578 -37.8836 3.78856
      vertex 11.9213 -37.6004 3.22215
    endloop
  endfacet
  facet normal -0.466691 -0.532189 -0.706381
    outer loop
      vertex 11.7115 -36.9824 2.70327
      vertex 11.3418 -36.6582 2.70327
      vertex 11.9931 -36.6155 2.2408
    endloop
  endfacet
  facet normal -0.571202 -0.651504 -0.49927
    outer loop
      vertex 11.2701 -37.5577 3.78856
      vertex 11.0603 -36.9397 3.22215
      vertex 11.4692 -37.2982 3.22215
    endloop
  endfacet
  facet normal -0.768453 -0.513342 -0.382047
    outer loop
      vertex 10.2437 -36.8823 4.3928
      vertex 9.89967 -36.3673 4.3928
      vertex 10.4423 -36.7299 3.78856
    endloop
  endfacet
  facet normal -0.768416 -0.513486 -0.381928
    outer loop
      vertex 10.4423 -36.7299 3.78856
      vertex 9.89967 -36.3673 4.3928
      vertex 10.1164 -36.2422 3.78856
    endloop
  endfacet
  facet normal -0.408699 -0.828899 0.381959
    outer loop
      vertex 12.2839 -38.143 8.21144
      vertex 11.7578 -37.8836 8.21144
      vertex 12.1881 -38.3742 7.6072
    endloop
  endfacet
  facet normal -0.318673 -0.938864 -0.130311
    outer loop
      vertex 12.7087 -38.8193 5.67299
      vertex 12.1233 -38.5306 5.02455
      vertex 12.7308 -38.7368 5.02455
    endloop
  endfacet
  facet normal -0.383169 -0.777172 0.499185
    outer loop
      vertex 11.9213 -37.6004 8.77785
      vertex 11.7578 -37.8836 8.21144
      vertex 12.4091 -37.8409 8.77785
    endloop
  endfacet
  facet normal -0.297086 -0.875143 0.381923
    outer loop
      vertex 12.8394 -38.3316 8.21144
      vertex 12.1881 -38.3742 7.6072
      vertex 12.7746 -38.5733 7.6072
    endloop
  endfacet
  facet normal -0.193392 -0.972429 -0.130312
    outer loop
      vertex 13.3488 -38.9466 5.67299
      vertex 12.7087 -38.8193 5.67299
      vertex 12.7308 -38.7368 5.02455
    endloop
  endfacet
  facet normal -0.393236 -0.588558 0.706375
    outer loop
      vertex 11.9931 -36.6155 9.7592
      vertex 11.7115 -36.9824 9.29673
      vertex 12.1204 -37.2556 9.29673
    endloop
  endfacet
  facet normal -0.297115 -0.87512 0.381953
    outer loop
      vertex 12.2839 -38.143 8.21144
      vertex 12.1881 -38.3742 7.6072
      vertex 12.8394 -38.3316 8.21144
    endloop
  endfacet
  facet normal -0.0518338 -0.792254 0.607986
    outer loop
      vertex 13.5093 -37.727 9.29673
      vertex 13.4574 -38.1218 8.77785
      vertex 14 -38.1573 8.77785
    endloop
  endfacet
  facet normal -0.351103 -0.712134 0.607941
    outer loop
      vertex 12.1204 -37.2556 9.29673
      vertex 11.9213 -37.6004 8.77785
      vertex 12.4091 -37.8409 8.77785
    endloop
  endfacet
  facet normal -0.491294 -0.09767 0.8655
    outer loop
      vertex 11.8075 -34.2887 10.4844
      vertex 11.3168 -34.719 10.1573
      vertex 11.8639 -34.5724 10.4844
    endloop
  endfacet
  facet normal -0.232502 -0.114625 0.965818
    outer loop
      vertex 13.0988 -34.3733 10.9039
      vertex 12.5151 -34.615 10.7347
      vertex 13.1552 -34.4877 10.9039
    endloop
  endfacet
  facet normal -0.213011 -0.318788 0.92358
    outer loop
      vertex 13.0216 -35.2751 10.7347
      vertex 12.6538 -35.7545 10.4844
      vertex 12.8943 -35.9152 10.4844
    endloop
  endfacet
  facet normal -0.330348 -0.376576 0.865483
    outer loop
      vertex 12.4363 -35.5637 10.4844
      vertex 12.309 -36.2038 10.1573
      vertex 12.6538 -35.7545 10.4844
    endloop
  endfacet
  facet normal -0.47431 -0.161047 0.865502
    outer loop
      vertex 11.8639 -34.5724 10.4844
      vertex 11.4336 -35.063 10.1573
      vertex 11.9569 -34.8463 10.4844
    endloop
  endfacet
  facet normal -0.449268 -0.221517 0.865499
    outer loop
      vertex 11.9569 -34.8463 10.4844
      vertex 11.4336 -35.063 10.1573
      vertex 12.0848 -35.1057 10.4844
    endloop
  endfacet
  facet normal -0.232498 -0.114646 0.965816
    outer loop
      vertex 13.1552 -34.4877 10.9039
      vertex 12.5151 -34.615 10.7347
      vertex 12.6081 -34.8036 10.7347
    endloop
  endfacet
  facet normal -0.245482 -0.0833177 0.965814
    outer loop
      vertex 13.0578 -34.2525 10.9039
      vertex 12.4476 -34.416 10.7347
      vertex 13.0988 -34.3733 10.9039
    endloop
  endfacet
  facet normal 0.0983651 0.0862744 0.991404
    outer loop
      vertex 14.6897 -33.3102 10.9039
      vertex 14.2312 -33.7688 10.9893
      vertex 14.7739 -33.4062 10.9039
    endloop
  endfacet
  facet normal -0.0863624 -0.0983061 0.991402
    outer loop
      vertex 13.7688 -34.2312 10.9893
      vertex 13.4062 -34.7739 10.9039
      vertex 13.8009 -34.2594 10.9893
    endloop
  endfacet
  facet normal -0.849845 -0.169053 0.499183
    outer loop
      vertex 9.98431 -35.076 8.77785
      vertex 9.554 -34.5853 8.21144
      vertex 9.66844 -35.1606 8.21144
    endloop
  endfacet
  facet normal -0.77714 -0.383232 0.499187
    outer loop
      vertex 10.1591 -35.591 8.77785
      vertex 10.1164 -36.2422 8.21144
      vertex 10.3996 -36.0787 8.77785
    endloop
  endfacet
  facet normal -0.577185 -0.195929 0.792761
    outer loop
      vertex 11.3168 -34.719 10.1573
      vertex 10.8156 -34.8533 9.7592
      vertex 10.9542 -35.2616 9.7592
    endloop
  endfacet
  facet normal -0.597834 -0.11886 0.792759
    outer loop
      vertex 11.3168 -34.719 10.1573
      vertex 10.7315 -34.4303 9.7592
      vertex 10.8156 -34.8533 9.7592
    endloop
  endfacet
  facet normal -0.376576 -0.330348 0.865483
    outer loop
      vertex 12.2455 -35.3462 10.4844
      vertex 11.7962 -35.691 10.1573
      vertex 12.4363 -35.5637 10.4844
    endloop
  endfacet
  facet normal -0.288343 -0.252778 0.923559
    outer loop
      vertex 12.7249 -34.9784 10.7347
      vertex 12.4363 -35.5637 10.4844
      vertex 12.8635 -35.1365 10.7347
    endloop
  endfacet
  facet normal 0.828899 -0.408699 0.381959
    outer loop
      vertex 18.143 -35.7161 8.21144
      vertex 17.8836 -36.2422 8.21144
      vertex 18.3742 -35.8119 7.6072
    endloop
  endfacet
  facet normal 0.87512 -0.297115 0.381953
    outer loop
      vertex 18.3316 -35.1606 8.21144
      vertex 18.143 -35.7161 8.21144
      vertex 18.3742 -35.8119 7.6072
    endloop
  endfacet
  facet normal 0.768428 -0.513493 0.381895
    outer loop
      vertex 17.8836 -36.2422 8.21144
      vertex 17.5577 -36.7299 8.21144
      vertex 18.1003 -36.3673 7.6072
    endloop
  endfacet
  facet normal 0.768474 -0.513311 0.382046
    outer loop
      vertex 18.1003 -36.3673 7.6072
      vertex 17.5577 -36.7299 8.21144
      vertex 17.7563 -36.8823 7.6072
    endloop
  endfacet
  facet normal 0.914799 -0.310504 0.258322
    outer loop
      vertex 18.7368 -35.2692 6.97545
      vertex 18.3742 -35.8119 7.6072
      vertex 18.5306 -35.8767 6.97545
    endloop
  endfacet
  facet normal 0.866427 -0.427285 0.258326
    outer loop
      vertex 18.3742 -35.8119 7.6072
      vertex 18.1003 -36.3673 7.6072
      vertex 18.5306 -35.8767 6.97545
    endloop
  endfacet
  facet normal 0.963969 -0.0631727 0.258404
    outer loop
      vertex 18.7346 -34 7.6072
      vertex 18.6941 -34.618 7.6072
      vertex 18.862 -34.6401 6.97545
    endloop
  endfacet
  facet normal 0.906449 -0.18025 0.381916
    outer loop
      vertex 18.446 -34.5853 8.21144
      vertex 18.3316 -35.1606 8.21144
      vertex 18.5733 -35.2254 7.6072
    endloop
  endfacet
  facet normal 0.824388 -0.550807 0.130367
    outer loop
      vertex 18.3209 -36.4946 6.32701
      vertex 17.8905 -36.9853 6.97545
      vertex 17.9583 -37.0373 6.32701
    endloop
  endfacet
  facet normal 0.550807 -0.824388 -0.130367
    outer loop
      vertex 17.0373 -37.9583 5.67299
      vertex 16.4946 -38.3209 5.67299
      vertex 16.9853 -37.8905 5.02455
    endloop
  endfacet
  facet normal 0.922213 -0.0604363 0.38193
    outer loop
      vertex 18.7346 -34 7.6072
      vertex 18.446 -34.5853 8.21144
      vertex 18.6941 -34.618 7.6072
    endloop
  endfacet
  facet normal 0.906436 -0.180272 0.381937
    outer loop
      vertex 18.6941 -34.618 7.6072
      vertex 18.446 -34.5853 8.21144
      vertex 18.5733 -35.2254 7.6072
    endloop
  endfacet
  facet normal 0.820483 -0.278565 -0.499209
    outer loop
      vertex 18.143 -35.7161 3.78856
      vertex 18.0157 -35.076 3.22215
      vertex 18.3316 -35.1606 3.78856
    endloop
  endfacet
  facet normal 0.849838 -0.168993 -0.499216
    outer loop
      vertex 18.3316 -35.1606 3.78856
      vertex 18.0157 -35.076 3.22215
      vertex 18.446 -34.5853 3.78856
    endloop
  endfacet
  facet normal 0.828899 -0.408699 -0.381959
    outer loop
      vertex 18.3742 -35.8119 4.3928
      vertex 17.8836 -36.2422 3.78856
      vertex 18.143 -35.7161 3.78856
    endloop
  endfacet
  facet normal 0.87512 -0.297115 -0.381953
    outer loop
      vertex 18.3742 -35.8119 4.3928
      vertex 18.143 -35.7161 3.78856
      vertex 18.3316 -35.1606 3.78856
    endloop
  endfacet
  facet normal 0.536709 -0.803269 -0.258267
    outer loop
      vertex 16.9853 -37.8905 5.02455
      vertex 16.3673 -38.1003 4.3928
      vertex 16.8823 -37.7562 4.3928
    endloop
  endfacet
  facet normal 0.768474 -0.513311 -0.382046
    outer loop
      vertex 17.7563 -36.8823 4.3928
      vertex 17.5577 -36.7299 3.78856
      vertex 18.1003 -36.3673 4.3928
    endloop
  endfacet
  facet normal 0.161014 -0.474213 -0.865562
    outer loop
      vertex 15.063 -36.5664 1.84265
      vertex 14.5724 -36.1361 1.51564
      vertex 14.8463 -36.0431 1.51564
    endloop
  endfacet
  facet normal 0.532061 -0.466743 -0.706443
    outer loop
      vertex 16.6582 -36.6582 2.70327
      vertex 16.3311 -36.3311 2.2408
      vertex 16.6155 -36.0069 2.2408
    endloop
  endfacet
  facet normal 0.383185 -0.777153 -0.499202
    outer loop
      vertex 15.7161 -38.143 3.78856
      vertex 15.5909 -37.8409 3.22215
      vertex 16.2422 -37.8836 3.78856
    endloop
  endfacet
  facet normal 0.383169 -0.777172 -0.499185
    outer loop
      vertex 16.2422 -37.8836 3.78856
      vertex 15.5909 -37.8409 3.22215
      vertex 16.0787 -37.6004 3.22215
    endloop
  endfacet
  facet normal 0.188442 -0.947512 0.258286
    outer loop
      vertex 15.2254 -38.5733 7.6072
      vertex 14.618 -38.6941 7.6072
      vertex 15.2692 -38.7368 6.97545
    endloop
  endfacet
  facet normal 0.188558 -0.947457 0.258401
    outer loop
      vertex 15.2692 -38.7368 6.97545
      vertex 14.618 -38.6941 7.6072
      vertex 14.6401 -38.862 6.97545
    endloop
  endfacet
  facet normal 0.0605053 -0.922232 0.381872
    outer loop
      vertex 14 -38.4844 8.21144
      vertex 14 -38.7346 7.6072
      vertex 14.5853 -38.446 8.21144
    endloop
  endfacet
  facet normal 0.318673 -0.938864 0.130311
    outer loop
      vertex 15.8767 -38.5306 6.97545
      vertex 15.2692 -38.7368 6.97545
      vertex 15.2913 -38.8193 6.32701
    endloop
  endfacet
  facet normal 0.0604363 -0.922213 -0.38193
    outer loop
      vertex 14.618 -38.6941 4.3928
      vertex 14 -38.7346 4.3928
      vertex 14.5853 -38.446 3.78856
    endloop
  endfacet
  facet normal 0.193526 -0.97242 -0.130181
    outer loop
      vertex 14.6512 -38.9466 5.67299
      vertex 14.6401 -38.862 5.02455
      vertex 15.2692 -38.7368 5.02455
    endloop
  endfacet
  facet normal 0.0605053 -0.922232 -0.381872
    outer loop
      vertex 14.5853 -38.446 3.78856
      vertex 14 -38.7346 4.3928
      vertex 14 -38.4844 3.78856
    endloop
  endfacet
  facet normal 0.408699 -0.828899 -0.381959
    outer loop
      vertex 15.8119 -38.3742 4.3928
      vertex 15.7161 -38.143 3.78856
      vertex 16.2422 -37.8836 3.78856
    endloop
  endfacet
  facet normal 0.745478 -0.653665 0.130325
    outer loop
      vertex 17.8905 -36.9853 6.97545
      vertex 17.4676 -37.4676 6.97545
      vertex 17.528 -37.528 6.32701
    endloop
  endfacet
  facet normal 0.726374 -0.636914 0.258307
    outer loop
      vertex 17.8905 -36.9853 6.97545
      vertex 17.3479 -37.3479 7.6072
      vertex 17.4676 -37.4676 6.97545
    endloop
  endfacet
  facet normal 0.168993 -0.849838 -0.499216
    outer loop
      vertex 15.1606 -38.3316 3.78856
      vertex 14.5853 -38.446 3.78856
      vertex 15.076 -38.0157 3.22215
    endloop
  endfacet
  facet normal 0.188558 -0.947457 -0.258401
    outer loop
      vertex 14.6401 -38.862 5.02455
      vertex 14.618 -38.6941 4.3928
      vertex 15.2692 -38.7368 5.02455
    endloop
  endfacet
  facet normal 0.313125 -0.634784 -0.706401
    outer loop
      vertex 15.8796 -37.2556 2.70327
      vertex 15.2616 -37.0458 2.2408
      vertex 15.6484 -36.855 2.2408
    endloop
  endfacet
  facet normal 0.313007 -0.63494 -0.706313
    outer loop
      vertex 15.4386 -37.473 2.70327
      vertex 15.2616 -37.0458 2.2408
      vertex 15.8796 -37.2556 2.70327
    endloop
  endfacet
  facet normal -0.0518338 -0.792254 -0.607986
    outer loop
      vertex 14 -38.1573 3.22215
      vertex 13.4574 -38.1218 3.22215
      vertex 13.5093 -37.727 2.70327
    endloop
  endfacet
  facet normal -0.168993 -0.849838 -0.499216
    outer loop
      vertex 13.4147 -38.446 3.78856
      vertex 12.8394 -38.3316 3.78856
      vertex 12.924 -38.0157 3.22215
    endloop
  endfacet
  facet normal 0.828899 0.408699 0.381959
    outer loop
      vertex 18.3742 -32.1881 7.6072
      vertex 17.8836 -31.7578 8.21144
      vertex 18.143 -32.2839 8.21144
    endloop
  endfacet
  facet normal 0.77718 0.383198 0.499151
    outer loop
      vertex 17.8836 -31.7578 8.21144
      vertex 17.8409 -32.409 8.77785
      vertex 18.143 -32.2839 8.21144
    endloop
  endfacet
  facet normal 0.947457 0.188558 0.258401
    outer loop
      vertex 18.7368 -32.7308 6.97545
      vertex 18.6941 -33.382 7.6072
      vertex 18.862 -33.3599 6.97545
    endloop
  endfacet
  facet normal 0.947512 0.188442 0.258286
    outer loop
      vertex 18.7368 -32.7308 6.97545
      vertex 18.5733 -32.7746 7.6072
      vertex 18.6941 -33.382 7.6072
    endloop
  endfacet
  facet normal 0.778722 -0.154898 0.607946
    outer loop
      vertex 18.1218 -34.5426 8.77785
      vertex 17.6311 -34.973 9.29673
      vertex 18.0157 -35.076 8.77785
    endloop
  endfacet
  facet normal 0.694276 -0.138049 0.706345
    outer loop
      vertex 17.727 -34.4907 9.29673
      vertex 17.2685 -34.4303 9.7592
      vertex 17.6311 -34.973 9.29673
    endloop
  endfacet
  facet normal 0.278565 -0.820483 0.499209
    outer loop
      vertex 15.7161 -38.143 8.21144
      vertex 15.076 -38.0157 8.77785
      vertex 15.1606 -38.3316 8.21144
    endloop
  endfacet
  facet normal 0.254263 -0.0505566 0.965813
    outer loop
      vertex 15.5934 -34.2098 10.7347
      vertex 14.9671 -34.1273 10.9039
      vertex 15.5524 -34.416 10.7347
    endloop
  endfacet
  facet normal 0.245486 -0.083268 0.965817
    outer loop
      vertex 15.5524 -34.416 10.7347
      vertex 14.9012 -34.3733 10.9039
      vertex 15.4849 -34.615 10.7347
    endloop
  endfacet
  facet normal 0.63494 -0.313007 0.706313
    outer loop
      vertex 17.473 -35.4386 9.29673
      vertex 17.0458 -35.2616 9.7592
      vertex 17.2556 -35.8796 9.29673
    endloop
  endfacet
  facet normal 0.588544 -0.393348 0.706324
    outer loop
      vertex 16.8551 -35.6484 9.7592
      vertex 16.6155 -36.0069 9.7592
      vertex 17.2556 -35.8796 9.29673
    endloop
  endfacet
  facet normal 0.506738 -0.338664 0.792794
    outer loop
      vertex 16.4057 -35.3889 10.1573
      vertex 16.2038 -35.691 10.1573
      vertex 16.8551 -35.6484 9.7592
    endloop
  endfacet
  facet normal 0.546664 -0.269516 0.792792
    outer loop
      vertex 17.0458 -35.2616 9.7592
      vertex 16.4057 -35.3889 10.1573
      vertex 16.8551 -35.6484 9.7592
    endloop
  endfacet
  facet normal 0.597075 -0.523481 0.60784
    outer loop
      vertex 16.9824 -36.2885 9.29673
      vertex 16.9397 -36.9397 8.77785
      vertex 17.2982 -36.5308 8.77785
    endloop
  endfacet
  facet normal 0.609383 -0.694772 0.382026
    outer loop
      vertex 17.1709 -37.1709 8.21144
      vertex 16.7299 -37.5577 8.21144
      vertex 17.3479 -37.3479 7.6072
    endloop
  endfacet
  facet normal 0.441136 -0.660251 0.607838
    outer loop
      vertex 16.2885 -36.9824 9.29673
      vertex 15.8796 -37.2556 9.29673
      vertex 16.5308 -37.2982 8.77785
    endloop
  endfacet
  facet normal 0.532189 -0.466691 0.706381
    outer loop
      vertex 16.9824 -36.2885 9.29673
      vertex 16.6155 -36.0069 9.7592
      vertex 16.6582 -36.6582 9.29673
    endloop
  endfacet
  facet normal 0.408774 -0.82889 0.381898
    outer loop
      vertex 16.2422 -37.8836 8.21144
      vertex 15.8119 -38.3742 7.6072
      vertex 16.3673 -38.1003 7.6072
    endloop
  endfacet
  facet normal 0.408699 -0.828899 0.381959
    outer loop
      vertex 16.2422 -37.8836 8.21144
      vertex 15.7161 -38.143 8.21144
      vertex 15.8119 -38.3742 7.6072
    endloop
  endfacet
  facet normal 0.536709 -0.803269 0.258267
    outer loop
      vertex 16.8823 -37.7562 7.6072
      vertex 16.3673 -38.1003 7.6072
      vertex 16.9853 -37.8905 6.97545
    endloop
  endfacet
  facet normal 0.63696 -0.72635 0.25826
    outer loop
      vertex 17.3479 -37.3479 7.6072
      vertex 16.8823 -37.7562 7.6072
      vertex 16.9853 -37.8905 6.97545
    endloop
  endfacet
  facet normal 0.401879 -0.458236 0.792788
    outer loop
      vertex 15.9642 -35.9642 10.1573
      vertex 15.691 -36.2038 10.1573
      vertex 16.0069 -36.6155 9.7592
    endloop
  endfacet
  facet normal 0.466743 -0.532061 0.706443
    outer loop
      vertex 16.3311 -36.3311 9.7592
      vertex 16.0069 -36.6155 9.7592
      vertex 16.6582 -36.6582 9.29673
    endloop
  endfacet
  facet normal 0.393196 -0.588563 0.706392
    outer loop
      vertex 16.0069 -36.6155 9.7592
      vertex 15.6484 -36.855 9.7592
      vertex 15.8796 -37.2556 9.29673
    endloop
  endfacet
  facet normal 0.338578 -0.506806 0.792788
    outer loop
      vertex 15.691 -36.2038 10.1573
      vertex 15.6484 -36.855 9.7592
      vertex 16.0069 -36.6155 9.7592
    endloop
  endfacet
  facet normal -0.0327177 -0.499768 0.865541
    outer loop
      vertex 14 -36.2114 10.4844
      vertex 13.7113 -36.1925 10.4844
      vertex 14 -36.7779 10.1573
    endloop
  endfacet
  facet normal 0.376576 -0.330348 0.865483
    outer loop
      vertex 15.7545 -35.3462 10.4844
      vertex 15.5637 -35.5637 10.4844
      vertex 16.2038 -35.691 10.1573
    endloop
  endfacet
  facet normal -0.441136 -0.660251 0.607838
    outer loop
      vertex 11.7115 -36.9824 9.29673
      vertex 11.4692 -37.2982 8.77785
      vertex 12.1204 -37.2556 9.29673
    endloop
  endfacet
  facet normal -0.227613 -0.670315 0.706307
    outer loop
      vertex 12.7384 -37.0458 9.7592
      vertex 12.5614 -37.473 9.29673
      vertex 13.027 -37.6311 9.29673
    endloop
  endfacet
  facet normal 0.180272 -0.906436 0.381937
    outer loop
      vertex 15.2254 -38.5733 7.6072
      vertex 14.5853 -38.446 8.21144
      vertex 14.618 -38.6941 7.6072
    endloop
  endfacet
  facet normal -0.0462916 -0.706358 0.70634
    outer loop
      vertex 13.5697 -37.2685 9.7592
      vertex 13.5093 -37.727 9.29673
      vertex 14 -37.2967 9.7592
    endloop
  endfacet
  facet normal 0.255282 -0.751797 0.607974
    outer loop
      vertex 15.4386 -37.473 9.29673
      vertex 14.973 -37.6311 9.29673
      vertex 15.5909 -37.8409 8.77785
    endloop
  endfacet
  facet normal 0.351061 -0.712134 0.607965
    outer loop
      vertex 15.8796 -37.2556 9.29673
      vertex 15.4386 -37.473 9.29673
      vertex 15.5909 -37.8409 8.77785
    endloop
  endfacet
  facet normal -0.118933 -0.597853 0.792734
    outer loop
      vertex 13.6374 -36.7541 10.1573
      vertex 13.281 -36.6832 10.1573
      vertex 13.5697 -37.2685 9.7592
    endloop
  endfacet
  facet normal 0.039924 -0.608254 0.792738
    outer loop
      vertex 14.3626 -36.7541 10.1573
      vertex 14 -36.7779 10.1573
      vertex 14.4303 -37.2685 9.7592
    endloop
  endfacet
  facet normal 0.513493 -0.768428 0.381895
    outer loop
      vertex 16.7299 -37.5577 8.21144
      vertex 16.2422 -37.8836 8.21144
      vertex 16.3673 -38.1003 7.6072
    endloop
  endfacet
  facet normal 0.481429 -0.720445 0.499185
    outer loop
      vertex 16.7299 -37.5577 8.21144
      vertex 16.0787 -37.6004 8.77785
      vertex 16.2422 -37.8836 8.21144
    endloop
  endfacet
  facet normal -0.12391 0.0420554 0.991402
    outer loop
      vertex 13.0988 -33.6267 10.9039
      vertex 13.0578 -33.7475 10.9039
      vertex 13.6841 -33.9154 10.9893
    endloop
  endfacet
  facet normal -0.258674 -0.0170688 0.965814
    outer loop
      vertex 13.0245 -34 10.9039
      vertex 12.4066 -34.2098 10.7347
      vertex 13.0329 -34.1273 10.9039
    endloop
  endfacet
  facet normal -0.117358 0.0578582 0.991403
    outer loop
      vertex 13.1552 -33.5123 10.9039
      vertex 13.0988 -33.6267 10.9039
      vertex 13.7168 -33.8365 10.9893
    endloop
  endfacet
  facet normal -0.130557 0.00856108 0.991404
    outer loop
      vertex 13.6758 -33.9573 10.9893
      vertex 13.0245 -34 10.9039
      vertex 13.673 -34 10.9893
    endloop
  endfacet
  facet normal -0.170876 0.194917 0.96582
    outer loop
      vertex 13.0216 -32.7249 10.7347
      vertex 12.8635 -32.8635 10.7347
      vertex 13.3103 -33.3102 10.9039
    endloop
  endfacet
  facet normal -0.343869 0.169564 0.923581
    outer loop
      vertex 12.6081 -33.1964 10.7347
      vertex 12.0848 -32.8943 10.4844
      vertex 12.5151 -33.385 10.7347
    endloop
  endfacet
  facet normal 0.288226 0.252844 0.923578
    outer loop
      vertex 15.5637 -32.4363 10.4844
      vertex 15.2751 -33.0216 10.7347
      vertex 15.7545 -32.6538 10.4844
    endloop
  endfacet
  facet normal 0.0983061 0.0863624 0.991402
    outer loop
      vertex 14.7739 -33.4062 10.9039
      vertex 14.2312 -33.7688 10.9893
      vertex 14.2594 -33.8009 10.9893
    endloop
  endfacet
  facet normal -0.13056 -0.00861511 0.991403
    outer loop
      vertex 13.6758 -34.0427 10.9893
      vertex 13.0245 -34 10.9039
      vertex 13.0329 -34.1273 10.9039
    endloop
  endfacet
  facet normal -0.382556 0.0251633 0.92359
    outer loop
      vertex 12.4066 -33.7902 10.7347
      vertex 11.8075 -33.7113 10.4844
      vertex 12.3928 -34 10.7347
    endloop
  endfacet
  facet normal -0.382605 0.0250476 0.923572
    outer loop
      vertex 11.8075 -33.7113 10.4844
      vertex 11.7886 -34 10.4844
      vertex 12.3928 -34 10.7347
    endloop
  endfacet
  facet normal -0.491294 0.09767 0.8655
    outer loop
      vertex 11.8639 -33.4276 10.4844
      vertex 11.3168 -33.281 10.1573
      vertex 11.8075 -33.7113 10.4844
    endloop
  endfacet
  facet normal -0.338664 0.506738 0.792794
    outer loop
      vertex 12.3516 -31.1449 9.7592
      vertex 12.309 -31.7962 10.1573
      vertex 12.6111 -31.5943 10.1573
    endloop
  endfacet
  facet normal 0.376021 -0.0747535 0.923591
    outer loop
      vertex 16.1925 -34.2887 10.4844
      vertex 15.5524 -34.416 10.7347
      vertex 16.1361 -34.5724 10.4844
    endloop
  endfacet
  facet normal -0.00856108 -0.130557 0.991404
    outer loop
      vertex 14 -34.327 10.9893
      vertex 13.9573 -34.3242 10.9893
      vertex 14 -34.9755 10.9039
    endloop
  endfacet
  facet normal -0.12384 -0.0421973 0.991405
    outer loop
      vertex 13.6841 -34.0846 10.9893
      vertex 13.0988 -34.3733 10.9039
      vertex 13.6979 -34.1251 10.9893
    endloop
  endfacet
  facet normal 0.0727219 0.108777 0.991403
    outer loop
      vertex 14.4877 -33.1552 10.9039
      vertex 14.1635 -33.7168 10.9893
      vertex 14.1991 -33.7406 10.9893
    endloop
  endfacet
  facet normal -0.0250476 -0.382605 0.923572
    outer loop
      vertex 14 -35.6072 10.7347
      vertex 13.7113 -36.1925 10.4844
      vertex 14 -36.2114 10.4844
    endloop
  endfacet
  facet normal -0.114646 -0.232498 0.965816
    outer loop
      vertex 13.5123 -34.8448 10.9039
      vertex 13.1964 -35.3919 10.7347
      vertex 13.385 -35.4849 10.7347
    endloop
  endfacet
  facet normal 0.0250476 -0.382605 0.923572
    outer loop
      vertex 14 -35.6072 10.7347
      vertex 14 -36.2114 10.4844
      vertex 14.2887 -36.1925 10.4844
    endloop
  endfacet
  facet normal 0.288226 -0.252844 0.923578
    outer loop
      vertex 15.7545 -35.3462 10.4844
      vertex 15.2751 -34.9784 10.7347
      vertex 15.5637 -35.5637 10.4844
    endloop
  endfacet
  facet normal -0.393236 -0.588558 -0.706375
    outer loop
      vertex 12.1204 -37.2556 2.70327
      vertex 11.7115 -36.9824 2.70327
      vertex 11.9931 -36.6155 2.2408
    endloop
  endfacet
  facet normal -0.506777 0.338699 -0.792755
    outer loop
      vertex 11.7962 -32.309 1.84265
      vertex 11.1449 -32.3516 2.2408
      vertex 11.3845 -31.9931 2.2408
    endloop
  endfacet
  facet normal -0.720445 -0.481429 -0.499185
    outer loop
      vertex 10.4423 -36.7299 3.78856
      vertex 10.1164 -36.2422 3.78856
      vertex 10.3996 -36.0787 3.22215
    endloop
  endfacet
  facet normal -0.720336 -0.481499 -0.499274
    outer loop
      vertex 10.4423 -36.7299 3.78856
      vertex 10.3996 -36.0787 3.22215
      vertex 10.7018 -36.5308 3.22215
    endloop
  endfacet
  facet normal -0.338699 0.506777 -0.792755
    outer loop
      vertex 12.309 -31.7962 1.84265
      vertex 11.9931 -31.3845 2.2408
      vertex 12.3516 -31.1449 2.2408
    endloop
  endfacet
  facet normal -0.40191 0.458272 -0.792752
    outer loop
      vertex 12.0358 -32.0358 1.84265
      vertex 11.9931 -31.3845 2.2408
      vertex 12.309 -31.7962 1.84265
    endloop
  endfacet
  facet normal -0.938876 -0.318662 -0.130254
    outer loop
      vertex 9.46936 -35.8767 5.02455
      vertex 9.18071 -35.2913 5.67299
      vertex 9.26317 -35.2692 5.02455
    endloop
  endfacet
  facet normal -0.875125 -0.297038 -0.382001
    outer loop
      vertex 9.85699 -35.7161 3.78856
      vertex 9.62575 -35.8119 4.3928
      vertex 9.66844 -35.1606 3.78856
    endloop
  endfacet
  facet normal -0.963995 -0.06319 -0.258304
    outer loop
      vertex 9.30586 -34.618 4.3928
      vertex 9.13803 -34.6401 5.02455
      vertex 9.26535 -34 4.3928
    endloop
  endfacet
  facet normal -0.922188 0.0604393 -0.381991
    outer loop
      vertex 9.51564 -34 3.78856
      vertex 9.26535 -34 4.3928
      vertex 9.554 -33.4147 3.78856
    endloop
  endfacet
  facet normal -0.288333 -0.25277 -0.923565
    outer loop
      vertex 12.8635 -35.1365 1.26535
      vertex 12.4363 -35.5637 1.51564
      vertex 12.7249 -34.9784 1.26535
    endloop
  endfacet
  facet normal 0.123853 0.0420361 -0.99141
    outer loop
      vertex 14.9422 -33.7475 1.09607
      vertex 14.3159 -33.9154 1.01071
      vertex 14.9012 -33.6267 1.09607
    endloop
  endfacet
  facet normal 0.221471 -0.449176 -0.865559
    outer loop
      vertex 15.063 -36.5664 1.84265
      vertex 14.8463 -36.0431 1.51564
      vertex 15.1057 -35.9152 1.51564
    endloop
  endfacet
  facet normal 0.00855714 0.130496 -0.991412
    outer loop
      vertex 14.0427 -33.6758 1.01071
      vertex 14 -33.673 1.01071
      vertex 14 -33.0245 1.09607
    endloop
  endfacet
  facet normal 0.401993 -0.458249 -0.792723
    outer loop
      vertex 16.0069 -36.6155 2.2408
      vertex 15.9642 -35.9642 1.84265
      vertex 16.3311 -36.3311 2.2408
    endloop
  endfacet
  facet normal 0.458249 -0.401993 -0.792723
    outer loop
      vertex 16.3311 -36.3311 2.2408
      vertex 15.9642 -35.9642 1.84265
      vertex 16.6155 -36.0069 2.2408
    endloop
  endfacet
  facet normal -0.245595 -0.0833047 -0.965787
    outer loop
      vertex 12.5151 -34.615 1.26535
      vertex 12.4476 -34.416 1.26535
      vertex 13.0988 -34.3733 1.09607
    endloop
  endfacet
  facet normal -0.37601 -0.0747643 -0.923595
    outer loop
      vertex 12.4476 -34.416 1.26535
      vertex 11.8075 -34.2887 1.51564
      vertex 12.4066 -34.2098 1.26535
    endloop
  endfacet
  facet normal 0.227539 -0.670305 -0.706341
    outer loop
      vertex 14.973 -37.6311 2.70327
      vertex 14.8533 -37.1844 2.2408
      vertex 15.2616 -37.0458 2.2408
    endloop
  endfacet
  facet normal 0.11887 -0.597881 -0.792722
    outer loop
      vertex 14.8533 -37.1844 2.2408
      vertex 14.4303 -37.2685 2.2408
      vertex 14.719 -36.6832 1.84265
    endloop
  endfacet
  facet normal 0.074751 -0.376008 -0.923596
    outer loop
      vertex 14.5724 -36.1361 1.51564
      vertex 14.2887 -36.1925 1.51564
      vertex 14.416 -35.5524 1.26535
    endloop
  endfacet
  facet normal 0.0833047 -0.245595 -0.965787
    outer loop
      vertex 14.416 -35.5524 1.26535
      vertex 14.3733 -34.9012 1.09607
      vertex 14.615 -35.4849 1.26535
    endloop
  endfacet
  facet normal 0.0327986 -0.499696 -0.86558
    outer loop
      vertex 14.3626 -36.7541 1.84265
      vertex 14 -36.7779 1.84265
      vertex 14.2887 -36.1925 1.51564
    endloop
  endfacet
  facet normal 0.0977069 -0.491153 -0.865576
    outer loop
      vertex 14.3626 -36.7541 1.84265
      vertex 14.2887 -36.1925 1.51564
      vertex 14.719 -36.6832 1.84265
    endloop
  endfacet
  facet normal -0.161012 -0.474214 -0.865561
    outer loop
      vertex 13.281 -36.6832 1.84265
      vertex 12.937 -36.5664 1.84265
      vertex 13.4276 -36.1361 1.51564
    endloop
  endfacet
  facet normal -0.278279 -0.416384 -0.865555
    outer loop
      vertex 12.6111 -36.4057 1.84265
      vertex 12.309 -36.2038 1.84265
      vertex 12.8943 -35.9152 1.51564
    endloop
  endfacet
  facet normal -0.271603 0.545786 -0.792685
    outer loop
      vertex 12.937 -31.4336 1.84265
      vertex 12.7304 -30.9944 2.21584
      vertex 12.755 -30.9943 2.20748
    endloop
  endfacet
  facet normal -0.269599 0.546747 -0.792707
    outer loop
      vertex 12.7304 -30.9944 2.21584
      vertex 12.937 -31.4336 1.84265
      vertex 12.6111 -31.5943 1.84265
    endloop
  endfacet
  facet normal 0.0400073 0.608391 -0.792629
    outer loop
      vertex 14.183 -31.0135 2.012
      vertex 14 -31.2221 1.84265
      vertex 14 -31.0171 2
    endloop
  endfacet
  facet normal 0.123143 0.363043 -0.923599
    outer loop
      vertex 14.615 -32.5151 1.26535
      vertex 14.416 -32.4476 1.26535
      vertex 14.5724 -31.8639 1.51564
    endloop
  endfacet
  facet normal -0.866417 0.427312 -0.258312
    outer loop
      vertex 9.62575 -32.1881 4.3928
      vertex 9.46936 -32.1233 5.02455
      vertex 9.89967 -31.6327 4.3928
    endloop
  endfacet
  facet normal -0.866422 0.427292 -0.258331
    outer loop
      vertex 9.89967 -31.6327 4.3928
      vertex 9.46936 -32.1233 5.02455
      vertex 9.75308 -31.548 5.02455
    endloop
  endfacet
  facet normal -0.726069 0.637414 -0.257929
    outer loop
      vertex 10.3422 -31.0055 4.3928
      vertex 10.2437 -31.1177 4.3928
      vertex 10.3045 -31.0175 4.46927
    endloop
  endfacet
  facet normal -0.727081 0.636388 -0.257611
    outer loop
      vertex 10.1363 -31.0083 4.96472
      vertex 10.1095 -31.0147 5.02455
      vertex 10.1289 -31.0017 5.00191
    endloop
  endfacet
  facet normal -0.72585 0.637531 -0.258257
    outer loop
      vertex 10.2437 -31.1177 4.3928
      vertex 10.1363 -31.0083 4.96472
      vertex 10.3045 -31.0175 4.46927
    endloop
  endfacet
  facet normal -0.728058 0.635034 -0.258194
    outer loop
      vertex 10.1363 -31.0083 4.96472
      vertex 10.2437 -31.1177 4.3928
      vertex 10.1095 -31.0147 5.02455
    endloop
  endfacet
  facet normal -0.523363 0.597834 -0.607195
    outer loop
      vertex 11.7115 -31.0176 2.70327
      vertex 11.565 -31.0206 2.82659
      vertex 11.6943 -30.9952 2.74015
    endloop
  endfacet
  facet normal -0.523531 0.596665 -0.6082
    outer loop
      vertex 11.1716 -31.0142 3.17157
      vertex 11.0603 -31.0603 3.22215
      vertex 11.1272 -31.0016 3.22215
    endloop
  endfacet
  facet normal -0.523528 0.596789 -0.60808
    outer loop
      vertex 11.565 -31.0206 2.82659
      vertex 11.0603 -31.0603 3.22215
      vertex 11.1716 -31.0142 3.17157
    endloop
  endfacet
  facet normal -0.521075 0.602688 -0.604358
    outer loop
      vertex 11.0603 -31.0603 3.22215
      vertex 11.565 -31.0206 2.82659
      vertex 11.7115 -31.0176 2.70327
    endloop
  endfacet
  facet normal -0.777169 0.383207 -0.499161
    outer loop
      vertex 10.1591 -32.409 3.22215
      vertex 9.85699 -32.2839 3.78856
      vertex 10.1164 -31.7578 3.78856
    endloop
  endfacet
  facet normal 0.466743 0.532061 0.706443
    outer loop
      vertex 16.6582 -31.3418 9.29673
      vertex 16.0069 -31.3845 9.7592
      vertex 16.3311 -31.6689 9.7592
    endloop
  endfacet
  facet normal 0.401961 0.458213 0.79276
    outer loop
      vertex 16.0069 -31.3845 9.7592
      vertex 15.9642 -32.0358 10.1573
      vertex 16.3311 -31.6689 9.7592
    endloop
  endfacet
  facet normal 0.59699 0.523517 0.607892
    outer loop
      vertex 16.9397 -31.0603 8.77785
      vertex 16.6582 -31.3418 9.29673
      vertex 16.9824 -31.7115 9.29673
    endloop
  endfacet
  facet normal 0.570612 0.651965 0.499343
    outer loop
      vertex 16.998 -31.002 8.63511
      vertex 16.9198 -31.0018 8.72421
      vertex 16.9397 -31.0603 8.77785
    endloop
  endfacet
  facet normal 0.651873 0.570714 0.499347
    outer loop
      vertex 16.998 -31.002 8.63511
      vertex 16.9397 -31.0603 8.77785
      vertex 17.1734 -31.0273 8.43505
    endloop
  endfacet
  facet normal 0.651436 0.571405 0.499126
    outer loop
      vertex 17.1734 -31.0273 8.43505
      vertex 17.5577 -31.2701 8.21144
      vertex 17.3228 -31.0023 8.21144
    endloop
  endfacet
  facet normal 0.651436 0.571414 0.499117
    outer loop
      vertex 17.5577 -31.2701 8.21144
      vertex 17.1734 -31.0273 8.43505
      vertex 16.9397 -31.0603 8.77785
    endloop
  endfacet
  facet normal 0.571735 0.651602 0.498531
    outer loop
      vertex 16.9198 -31.0018 8.72421
      vertex 16.8728 -31.0016 8.77785
      vertex 16.9397 -31.0603 8.77785
    endloop
  endfacet
  facet normal 0.252778 0.288343 0.923559
    outer loop
      vertex 15.5637 -32.4363 10.4844
      vertex 14.9784 -32.7249 10.7347
      vertex 15.1365 -32.8635 10.7347
    endloop
  endfacet
  facet normal 0.330281 0.376597 0.865499
    outer loop
      vertex 15.691 -31.7962 10.1573
      vertex 15.5637 -32.4363 10.4844
      vertex 15.9642 -32.0358 10.1573
    endloop
  endfacet
  facet normal -0.0577759 0.117386 0.991404
    outer loop
      vertex 13.8749 -33.6979 10.9893
      vertex 13.6267 -33.0988 10.9039
      vertex 13.8365 -33.7168 10.9893
    endloop
  endfacet
  facet normal 0.449267 0.221532 0.865495
    outer loop
      vertex 16.4057 -32.6111 10.1573
      vertex 15.9152 -32.8943 10.4844
      vertex 16.5664 -32.937 10.1573
    endloop
  endfacet
  facet normal 0.458236 0.401879 0.792788
    outer loop
      vertex 16.6155 -31.9931 9.7592
      vertex 15.9642 -32.0358 10.1573
      vertex 16.2038 -32.309 10.1573
    endloop
  endfacet
  facet normal -0.745733 0.653297 -0.130712
    outer loop
      vertex 10.1095 -31.0147 5.02455
      vertex 10.0929 -31.002 5.18273
      vertex 10.1205 -30.9982 5.04426
    endloop
  endfacet
  facet normal -0.458213 0.401961 0.79276
    outer loop
      vertex 11.6689 -31.6689 9.7592
      vertex 11.3845 -31.9931 9.7592
      vertex 12.0358 -32.0358 10.1573
    endloop
  endfacet
  facet normal -0.59699 0.523517 0.607892
    outer loop
      vertex 11.0603 -31.0603 8.77785
      vertex 11.0176 -31.7115 9.29673
      vertex 11.3418 -31.3418 9.29673
    endloop
  endfacet
  facet normal -0.09767 0.491294 0.8655
    outer loop
      vertex 13.7113 -31.8075 10.4844
      vertex 13.281 -31.3168 10.1573
      vertex 13.4276 -31.8639 10.4844
    endloop
  endfacet
  facet normal 0.039833 0.608273 0.792727
    outer loop
      vertex 14.183 -31.0135 9.988
      vertex 14.3626 -31.2459 10.1573
      vertex 14.3937 -31.0093 9.97419
    endloop
  endfacet
  facet normal 0.0399282 0.608318 0.792688
    outer loop
      vertex 14.3626 -31.2459 10.1573
      vertex 14.183 -31.0135 9.988
      vertex 14 -31.2221 10.1573
    endloop
  endfacet
  facet normal 0.597853 0.118933 0.792734
    outer loop
      vertex 17.2685 -33.5697 9.7592
      vertex 16.6832 -33.281 10.1573
      vertex 16.7541 -33.6374 10.1573
    endloop
  endfacet
  facet normal 0.608288 -0.0398646 0.792715
    outer loop
      vertex 17.2967 -34 9.7592
      vertex 16.7779 -34 10.1573
      vertex 17.2685 -34.4303 9.7592
    endloop
  endfacet
  facet normal 0.577151 0.195963 0.792777
    outer loop
      vertex 17.0458 -32.7384 9.7592
      vertex 16.5664 -32.937 10.1573
      vertex 16.6832 -33.281 10.1573
    endloop
  endfacet
  facet normal 0.577185 0.195929 0.792761
    outer loop
      vertex 17.0458 -32.7384 9.7592
      vertex 16.6832 -33.281 10.1573
      vertex 17.1844 -33.1467 9.7592
    endloop
  endfacet
  facet normal 0.499799 0.0328054 0.86552
    outer loop
      vertex 16.7541 -33.6374 10.1573
      vertex 16.1925 -33.7113 10.4844
      vertex 16.7779 -34 10.1573
    endloop
  endfacet
  facet normal 0.694285 0.138036 0.706338
    outer loop
      vertex 17.6311 -33.027 9.29673
      vertex 17.1844 -33.1467 9.7592
      vertex 17.2685 -33.5697 9.7592
    endloop
  endfacet
  facet normal 0.449268 -0.221517 0.865499
    outer loop
      vertex 16.0431 -34.8463 10.4844
      vertex 15.9152 -35.1057 10.4844
      vertex 16.5664 -35.063 10.1573
    endloop
  endfacet
  facet normal 0.577151 -0.195963 0.792777
    outer loop
      vertex 16.6832 -34.719 10.1573
      vertex 16.5664 -35.063 10.1573
      vertex 17.0458 -35.2616 9.7592
    endloop
  endfacet
  facet normal 0.778707 -0.154837 0.607981
    outer loop
      vertex 17.727 -34.4907 9.29673
      vertex 17.6311 -34.973 9.29673
      vertex 18.1218 -34.5426 8.77785
    endloop
  endfacet
  facet normal 0.706324 0.0463494 0.70637
    outer loop
      vertex 17.727 -33.5093 9.29673
      vertex 17.2967 -34 9.7592
      vertex 17.7592 -34 9.29673
    endloop
  endfacet
  facet normal 0.997857 0.0654307 0
    outer loop
      vertex 18.9893 -34 6.32701
      vertex 18.9466 -33.3488 5.67299
      vertex 18.9466 -33.3488 6.32701
    endloop
  endfacet
  facet normal 0.997857 0.0654307 0
    outer loop
      vertex 18.9466 -33.3488 5.67299
      vertex 18.9893 -34 6.32701
      vertex 18.9893 -34 5.67299
    endloop
  endfacet
  facet normal 0.866427 0.427285 0.258326
    outer loop
      vertex 18.5306 -32.1233 6.97545
      vertex 18.1003 -31.6327 7.6072
      vertex 18.3742 -32.1881 7.6072
    endloop
  endfacet
  facet normal 0.914799 0.310504 0.258322
    outer loop
      vertex 18.5306 -32.1233 6.97545
      vertex 18.3742 -32.1881 7.6072
      vertex 18.7368 -32.7308 6.97545
    endloop
  endfacet
  facet normal 0.947457 -0.188558 0.258401
    outer loop
      vertex 18.862 -34.6401 6.97545
      vertex 18.6941 -34.618 7.6072
      vertex 18.7368 -35.2692 6.97545
    endloop
  endfacet
  facet normal 0.97242 -0.193526 0.130181
    outer loop
      vertex 18.862 -34.6401 6.97545
      vertex 18.7368 -35.2692 6.97545
      vertex 18.9466 -34.6512 6.32701
    endloop
  endfacet
  facet normal 0.980792 -0.195055 0
    outer loop
      vertex 18.8193 -35.2913 6.32701
      vertex 18.9466 -34.6512 5.67299
      vertex 18.9466 -34.6512 6.32701
    endloop
  endfacet
  facet normal 0.980792 -0.195055 0
    outer loop
      vertex 18.9466 -34.6512 5.67299
      vertex 18.8193 -35.2913 6.32701
      vertex 18.8193 -35.2913 5.67299
    endloop
  endfacet
  facet normal 0.751855 0.255193 -0.60794
    outer loop
      vertex 18.0157 -32.924 3.22215
      vertex 17.6311 -33.027 2.70327
      vertex 17.8409 -32.409 3.22215
    endloop
  endfacet
  facet normal 0.778707 0.154837 -0.607981
    outer loop
      vertex 17.727 -33.5093 2.70327
      vertex 17.6311 -33.027 2.70327
      vertex 18.1218 -33.4574 3.22215
    endloop
  endfacet
  facet normal 0.778722 -0.154898 -0.607946
    outer loop
      vertex 18.0157 -35.076 3.22215
      vertex 17.6311 -34.973 2.70327
      vertex 18.1218 -34.5426 3.22215
    endloop
  endfacet
  facet normal 0.63494 -0.313007 -0.706313
    outer loop
      vertex 17.2556 -35.8796 2.70327
      vertex 17.0458 -35.2616 2.2408
      vertex 17.473 -35.4386 2.70327
    endloop
  endfacet
  facet normal 0.87512 0.297115 -0.381953
    outer loop
      vertex 18.3316 -32.8394 3.78856
      vertex 18.143 -32.2839 3.78856
      vertex 18.3742 -32.1881 4.3928
    endloop
  endfacet
  facet normal 0.866427 0.427285 -0.258326
    outer loop
      vertex 18.3742 -32.1881 4.3928
      vertex 18.1003 -31.6327 4.3928
      vertex 18.5306 -32.1233 5.02455
    endloop
  endfacet
  facet normal 0.963969 0.0631727 -0.258404
    outer loop
      vertex 18.7346 -34 4.3928
      vertex 18.6941 -33.382 4.3928
      vertex 18.862 -33.3599 5.02455
    endloop
  endfacet
  facet normal 0.84985 0.169046 -0.499178
    outer loop
      vertex 18.1218 -33.4574 3.22215
      vertex 18.0157 -32.924 3.22215
      vertex 18.446 -33.4147 3.78856
    endloop
  endfacet
  facet normal 0.906436 -0.180272 -0.381937
    outer loop
      vertex 18.5733 -35.2254 4.3928
      vertex 18.446 -34.5853 3.78856
      vertex 18.6941 -34.618 4.3928
    endloop
  endfacet
  facet normal 0.922213 -0.0604363 -0.38193
    outer loop
      vertex 18.6941 -34.618 4.3928
      vertex 18.446 -34.5853 3.78856
      vertex 18.7346 -34 4.3928
    endloop
  endfacet
  facet normal 0.571735 0.651602 -0.498531
    outer loop
      vertex 16.9397 -31.0603 3.22215
      vertex 16.8728 -31.0016 3.22215
      vertex 16.9198 -31.0018 3.27579
    endloop
  endfacet
  facet normal 0.914799 0.310504 -0.258322
    outer loop
      vertex 18.7368 -32.7308 5.02455
      vertex 18.3742 -32.1881 4.3928
      vertex 18.5306 -32.1233 5.02455
    endloop
  endfacet
  facet normal 0.768474 0.513311 -0.382046
    outer loop
      vertex 18.1003 -31.6327 4.3928
      vertex 17.5577 -31.2701 3.78856
      vertex 17.7563 -31.1177 4.3928
    endloop
  endfacet
  facet normal 0.820483 0.278565 -0.499209
    outer loop
      vertex 18.3316 -32.8394 3.78856
      vertex 18.0157 -32.924 3.22215
      vertex 18.143 -32.2839 3.78856
    endloop
  endfacet
  facet normal 0.82889 0.408774 -0.381898
    outer loop
      vertex 18.3742 -32.1881 4.3928
      vertex 17.8836 -31.7578 3.78856
      vertex 18.1003 -31.6327 4.3928
    endloop
  endfacet
  facet normal 0.745733 0.653297 -0.130712
    outer loop
      vertex 17.8905 -31.0147 5.02455
      vertex 17.8795 -30.9982 5.04426
      vertex 17.9071 -31.002 5.18273
    endloop
  endfacet
  facet normal 0.824385 0.550823 -0.130321
    outer loop
      vertex 17.9786 -30.9931 5.67299
      vertex 18.3209 -31.5054 5.67299
      vertex 17.9658 -31.0201 5.4779
    endloop
  endfacet
  facet normal 0.824373 0.550879 -0.130162
    outer loop
      vertex 18.3209 -31.5054 5.67299
      vertex 17.9071 -31.002 5.18273
      vertex 17.9658 -31.0201 5.4779
    endloop
  endfacet
  facet normal 0.824553 0.550475 -0.130728
    outer loop
      vertex 17.9071 -31.002 5.18273
      vertex 18.3209 -31.5054 5.67299
      vertex 17.8905 -31.0147 5.02455
    endloop
  endfacet
  facet normal 0.889256 0.438475 -0.130246
    outer loop
      vertex 18.5306 -32.1233 5.02455
      vertex 18.3209 -31.5054 5.67299
      vertex 18.6095 -32.0907 5.67299
    endloop
  endfacet
  facet normal 0.896896 0.442242 0
    outer loop
      vertex 18.6095 -32.0907 6.32701
      vertex 18.3209 -31.5054 5.67299
      vertex 18.3209 -31.5054 6.32701
    endloop
  endfacet
  facet normal 0.896896 0.442242 0
    outer loop
      vertex 18.3209 -31.5054 5.67299
      vertex 18.6095 -32.0907 6.32701
      vertex 18.6095 -32.0907 5.67299
    endloop
  endfacet
  facet normal 0.588558 0.393236 -0.706375
    outer loop
      vertex 17.2556 -32.1204 2.70327
      vertex 16.6155 -31.9931 2.2408
      vertex 16.9824 -31.7115 2.70327
    endloop
  endfacet
  facet normal 0.506777 0.338699 -0.792755
    outer loop
      vertex 16.8551 -32.3516 2.2408
      vertex 16.2038 -32.309 1.84265
      vertex 16.6155 -31.9931 2.2408
    endloop
  endfacet
  facet normal 0.343858 0.169559 -0.923586
    outer loop
      vertex 15.4849 -33.385 1.26535
      vertex 15.3919 -33.1964 1.26535
      vertex 15.9152 -32.8943 1.51564
    endloop
  endfacet
  facet normal 0.144084 0.215632 -0.965786
    outer loop
      vertex 14.9784 -32.7249 1.26535
      vertex 14.4877 -33.1552 1.09607
      vertex 14.8036 -32.6081 1.26535
    endloop
  endfacet
  facet normal 0.40191 0.458272 -0.792752
    outer loop
      vertex 15.9642 -32.0358 1.84265
      vertex 15.691 -31.7962 1.84265
      vertex 16.0069 -31.3845 2.2408
    endloop
  endfacet
  facet normal 0.338699 0.506777 -0.792755
    outer loop
      vertex 15.691 -31.7962 1.84265
      vertex 15.6484 -31.1449 2.2408
      vertex 16.0069 -31.3845 2.2408
    endloop
  endfacet
  facet normal -0.114697 0.2326 -0.965786
    outer loop
      vertex 13.5123 -33.1552 1.09607
      vertex 13.1964 -32.6081 1.26535
      vertex 13.385 -32.5151 1.26535
    endloop
  endfacet
  facet normal -0.0170764 0.258788 -0.965783
    outer loop
      vertex 13.8727 -33.0329 1.09607
      vertex 13.7902 -32.4066 1.26535
      vertex 14 -33.0245 1.09607
    endloop
  endfacet
  facet normal -0.195 0.170949 -0.965791
    outer loop
      vertex 13.3103 -33.3102 1.09607
      vertex 12.7249 -33.0216 1.26535
      vertex 12.8635 -32.8635 1.26535
    endloop
  endfacet
  facet normal -0.170951 0.195003 -0.96579
    outer loop
      vertex 13.3103 -33.3102 1.09607
      vertex 12.8635 -32.8635 1.26535
      vertex 13.0216 -32.7249 1.26535
    endloop
  endfacet
  facet normal -0.401879 -0.458236 0.792788
    outer loop
      vertex 12.0358 -35.9642 10.1573
      vertex 11.9931 -36.6155 9.7592
      vertex 12.309 -36.2038 10.1573
    endloop
  endfacet
  facet normal -0.338698 -0.506789 0.792747
    outer loop
      vertex 12.6111 -36.4057 10.1573
      vertex 12.309 -36.2038 10.1573
      vertex 12.3516 -36.855 9.7592
    endloop
  endfacet
  facet normal -0.712105 -0.351047 0.608007
    outer loop
      vertex 10.527 -35.4386 9.29673
      vertex 10.1591 -35.591 8.77785
      vertex 10.7444 -35.8796 9.29673
    endloop
  endfacet
  facet normal -0.651504 -0.571202 0.49927
    outer loop
      vertex 10.7018 -36.5308 8.77785
      vertex 10.4423 -36.7299 8.21144
      vertex 11.0603 -36.9397 8.77785
    endloop
  endfacet
  facet normal -0.866422 -0.427292 0.258331
    outer loop
      vertex 9.89967 -36.3673 7.6072
      vertex 9.46936 -35.8767 6.97545
      vertex 9.75308 -36.452 6.97545
    endloop
  endfacet
  facet normal -0.694772 -0.609383 0.382026
    outer loop
      vertex 10.8291 -37.1709 8.21144
      vertex 10.4423 -36.7299 8.21144
      vertex 10.6521 -37.3479 7.6072
    endloop
  endfacet
  facet normal -0.828865 -0.408791 0.381934
    outer loop
      vertex 10.1164 -36.2422 8.21144
      vertex 9.62575 -35.8119 7.6072
      vertex 9.89967 -36.3673 7.6072
    endloop
  endfacet
  facet normal -0.720445 -0.481429 0.499185
    outer loop
      vertex 10.3996 -36.0787 8.77785
      vertex 10.1164 -36.2422 8.21144
      vertex 10.4423 -36.7299 8.21144
    endloop
  endfacet
  facet normal -0.768416 -0.513486 0.381928
    outer loop
      vertex 10.1164 -36.2422 8.21144
      vertex 9.89967 -36.3673 7.6072
      vertex 10.4423 -36.7299 8.21144
    endloop
  endfacet
  facet normal -0.481429 -0.720445 0.499185
    outer loop
      vertex 11.9213 -37.6004 8.77785
      vertex 11.2701 -37.5577 8.21144
      vertex 11.7578 -37.8836 8.21144
    endloop
  endfacet
  facet normal -0.481499 -0.720336 0.499274
    outer loop
      vertex 11.4692 -37.2982 8.77785
      vertex 11.2701 -37.5577 8.21144
      vertex 11.9213 -37.6004 8.77785
    endloop
  endfacet
  facet normal -0.889231 -0.438538 0.130205
    outer loop
      vertex 9.46936 -35.8767 6.97545
      vertex 9.39049 -35.9093 6.32701
      vertex 9.67914 -36.4946 6.32701
    endloop
  endfacet
  facet normal -0.751864 -0.659318 0
    outer loop
      vertex 10.472 -37.528 5.67299
      vertex 10.0417 -37.0373 6.32701
      vertex 10.0417 -37.0373 5.67299
    endloop
  endfacet
  facet normal -0.751864 -0.659318 0
    outer loop
      vertex 10.0417 -37.0373 6.32701
      vertex 10.472 -37.528 5.67299
      vertex 10.472 -37.528 6.32701
    endloop
  endfacet
  facet normal -0.318724 -0.938854 -0.13026
    outer loop
      vertex 12.7087 -38.8193 5.67299
      vertex 12.0907 -38.6095 5.67299
      vertex 12.1233 -38.5306 5.02455
    endloop
  endfacet
  facet normal -0.653691 -0.745448 -0.130364
    outer loop
      vertex 10.9627 -37.9583 5.67299
      vertex 10.472 -37.528 5.67299
      vertex 11.0147 -37.8905 5.02455
    endloop
  endfacet
  facet normal -0.866417 0.427312 0.258312
    outer loop
      vertex 9.89967 -31.6327 7.6072
      vertex 9.46936 -32.1233 6.97545
      vertex 9.62575 -32.1881 7.6072
    endloop
  endfacet
  facet normal -0.914807 0.310492 0.258309
    outer loop
      vertex 9.46936 -32.1233 6.97545
      vertex 9.26317 -32.7308 6.97545
      vertex 9.62575 -32.1881 7.6072
    endloop
  endfacet
  facet normal -0.720336 0.481499 0.499274
    outer loop
      vertex 10.4423 -31.2701 8.21144
      vertex 10.3996 -31.9213 8.77785
      vertex 10.7018 -31.4692 8.77785
    endloop
  endfacet
  facet normal -0.440371 0.661427 0.607114
    outer loop
      vertex 11.7495 -30.9923 9.29673
      vertex 11.6943 -30.9952 9.25985
      vertex 11.7115 -31.0176 9.29673
    endloop
  endfacet
  facet normal -0.803347 0.536651 0.258147
    outer loop
      vertex 10.1095 -31.0147 6.97545
      vertex 9.89967 -31.6327 7.6072
      vertex 10.2437 -31.1177 7.6072
    endloop
  endfacet
  facet normal -0.768453 0.513342 0.382047
    outer loop
      vertex 10.2437 -31.1177 7.6072
      vertex 9.89967 -31.6327 7.6072
      vertex 10.4423 -31.2701 8.21144
    endloop
  endfacet
  facet normal -0.768416 0.513486 0.381928
    outer loop
      vertex 10.4423 -31.2701 8.21144
      vertex 9.89967 -31.6327 7.6072
      vertex 10.1164 -31.7578 8.21144
    endloop
  endfacet
  facet normal -0.828865 0.408791 0.381934
    outer loop
      vertex 9.89967 -31.6327 7.6072
      vertex 9.62575 -32.1881 7.6072
      vertex 10.1164 -31.7578 8.21144
    endloop
  endfacet
  facet normal -0.803189 0.536795 0.258339
    outer loop
      vertex 10.1095 -31.0147 6.97545
      vertex 9.75308 -31.548 6.97545
      vertex 9.89967 -31.6327 7.6072
    endloop
  endfacet
  facet normal -0.824336 0.550928 0.130191
    outer loop
      vertex 10.1095 -31.0147 6.97545
      vertex 9.67914 -31.5054 6.32701
      vertex 9.75308 -31.548 6.97545
    endloop
  endfacet
  facet normal -0.694276 0.138049 0.706345
    outer loop
      vertex 10.3689 -33.027 9.29673
      vertex 10.273 -33.5093 9.29673
      vertex 10.7315 -33.5697 9.7592
    endloop
  endfacet
  facet normal -0.706324 -0.0463494 0.70637
    outer loop
      vertex 10.7033 -34 9.7592
      vertex 10.2408 -34 9.29673
      vertex 10.273 -34.4907 9.29673
    endloop
  endfacet
  facet normal -0.778721 -0.15484 0.607963
    outer loop
      vertex 10.273 -34.4907 9.29673
      vertex 9.87822 -34.5426 8.77785
      vertex 10.3689 -34.973 9.29673
    endloop
  endfacet
  facet normal -0.694276 -0.138049 0.706345
    outer loop
      vertex 10.7315 -34.4303 9.7592
      vertex 10.273 -34.4907 9.29673
      vertex 10.3689 -34.973 9.29673
    endloop
  endfacet
  facet normal -0.849845 0.169053 0.499183
    outer loop
      vertex 9.66844 -32.8394 8.21144
      vertex 9.554 -33.4147 8.21144
      vertex 9.98431 -32.924 8.77785
    endloop
  endfacet
  facet normal -0.660251 0.441136 0.607838
    outer loop
      vertex 11.0176 -31.7115 9.29673
      vertex 10.7018 -31.4692 8.77785
      vertex 10.7444 -32.1204 9.29673
    endloop
  endfacet
  facet normal -0.382605 -0.0250476 0.923572
    outer loop
      vertex 12.3928 -34 10.7347
      vertex 11.7886 -34 10.4844
      vertex 11.8075 -34.2887 10.4844
    endloop
  endfacet
  facet normal -0.608254 -0.039924 0.792738
    outer loop
      vertex 11.2221 -34 10.1573
      vertex 10.7315 -34.4303 9.7592
      vertex 11.2459 -34.3626 10.1573
    endloop
  endfacet
  facet normal -0.577151 0.195963 0.792777
    outer loop
      vertex 11.4336 -32.937 10.1573
      vertex 10.9542 -32.7384 9.7592
      vertex 11.3168 -33.281 10.1573
    endloop
  endfacet
  facet normal -0.597834 0.11886 0.792759
    outer loop
      vertex 10.8156 -33.1467 9.7592
      vertex 10.7315 -33.5697 9.7592
      vertex 11.3168 -33.281 10.1573
    endloop
  endfacet
  facet normal -0.889229 0.43854 -0.130207
    outer loop
      vertex 9.75308 -31.548 5.02455
      vertex 9.46936 -32.1233 5.02455
      vertex 9.67914 -31.5054 5.67299
    endloop
  endfacet
  facet normal -0.914807 0.310492 -0.258309
    outer loop
      vertex 9.62575 -32.1881 4.3928
      vertex 9.26317 -32.7308 5.02455
      vertex 9.46936 -32.1233 5.02455
    endloop
  endfacet
  facet normal -0.980786 0.195085 0
    outer loop
      vertex 9.05339 -33.3488 5.67299
      vertex 9.18071 -32.7087 6.32701
      vertex 9.18071 -32.7087 5.67299
    endloop
  endfacet
  facet normal -0.980786 0.195085 0
    outer loop
      vertex 9.18071 -32.7087 6.32701
      vertex 9.05339 -33.3488 5.67299
      vertex 9.05339 -33.3488 6.32701
    endloop
  endfacet
  facet normal -0.84984 -0.169028 0.499201
    outer loop
      vertex 9.87822 -34.5426 8.77785
      vertex 9.554 -34.5853 8.21144
      vertex 9.98431 -35.076 8.77785
    endloop
  endfacet
  facet normal -0.864633 -0.0566672 0.499198
    outer loop
      vertex 9.87822 -34.5426 8.77785
      vertex 9.51564 -34 8.21144
      vertex 9.554 -34.5853 8.21144
    endloop
  endfacet
  facet normal -0.963994 -0.063192 -0.258306
    outer loop
      vertex 9.13803 -34.6401 5.02455
      vertex 9.09607 -34 5.02455
      vertex 9.26535 -34 4.3928
    endloop
  endfacet
  facet normal -0.989358 -0.0648546 -0.13025
    outer loop
      vertex 9.13803 -34.6401 5.02455
      vertex 9.05339 -34.6512 5.67299
      vertex 9.09607 -34 5.02455
    endloop
  endfacet
  facet normal -0.778721 0.15484 -0.607963
    outer loop
      vertex 10.273 -33.5093 2.70327
      vertex 9.87822 -33.4574 3.22215
      vertex 10.3689 -33.027 2.70327
    endloop
  endfacet
  facet normal -0.123853 0.0420361 -0.99141
    outer loop
      vertex 13.6841 -33.9154 1.01071
      vertex 13.0578 -33.7475 1.09607
      vertex 13.0988 -33.6267 1.09607
    endloop
  endfacet
  facet normal -0.9475 0.188476 -0.258305
    outer loop
      vertex 9.30586 -33.382 4.3928
      vertex 9.13803 -33.3599 5.02455
      vertex 9.26317 -32.7308 5.02455
    endloop
  endfacet
  facet normal -0.90641 0.180297 -0.381988
    outer loop
      vertex 9.554 -33.4147 3.78856
      vertex 9.30586 -33.382 4.3928
      vertex 9.42668 -32.7746 4.3928
    endloop
  endfacet
  facet normal -0.416426 0.278252 -0.865543
    outer loop
      vertex 12.0848 -32.8943 1.51564
      vertex 11.7962 -32.309 1.84265
      vertex 12.2455 -32.6538 1.51564
    endloop
  endfacet
  facet normal -0.712104 0.35116 -0.607943
    outer loop
      vertex 10.7444 -32.1204 2.70327
      vertex 10.1591 -32.409 3.22215
      vertex 10.3996 -31.9213 3.22215
    endloop
  endfacet
  facet normal -0.310504 -0.914799 -0.258322
    outer loop
      vertex 12.7308 -38.7368 5.02455
      vertex 12.1233 -38.5306 5.02455
      vertex 12.1881 -38.3742 4.3928
    endloop
  endfacet
  facet normal -0.513438 -0.768442 -0.38194
    outer loop
      vertex 11.6327 -38.1003 4.3928
      vertex 11.1177 -37.7562 4.3928
      vertex 11.2701 -37.5577 3.78856
    endloop
  endfacet
  facet normal -0.188558 -0.947457 -0.258401
    outer loop
      vertex 13.3599 -38.862 5.02455
      vertex 12.7308 -38.7368 5.02455
      vertex 13.382 -38.6941 4.3928
    endloop
  endfacet
  facet normal -0.180272 -0.906436 -0.381937
    outer loop
      vertex 13.382 -38.6941 4.3928
      vertex 12.7746 -38.5733 4.3928
      vertex 13.4147 -38.446 3.78856
    endloop
  endfacet
  facet normal 0.474214 0.161012 -0.865561
    outer loop
      vertex 16.6832 -33.281 1.84265
      vertex 16.1361 -33.4276 1.51564
      vertex 16.5664 -32.937 1.84265
    endloop
  endfacet
  facet normal 0.577197 0.195978 -0.79274
    outer loop
      vertex 16.6832 -33.281 1.84265
      vertex 16.5664 -32.937 1.84265
      vertex 17.0458 -32.7384 2.2408
    endloop
  endfacet
  facet normal 0.458272 -0.40191 -0.792752
    outer loop
      vertex 16.6155 -36.0069 2.2408
      vertex 15.9642 -35.9642 1.84265
      vertex 16.2038 -35.691 1.84265
    endloop
  endfacet
  facet normal 0.449175 -0.221486 -0.865555
    outer loop
      vertex 16.4057 -35.3889 1.84265
      vertex 15.9152 -35.1057 1.51564
      vertex 16.5664 -35.063 1.84265
    endloop
  endfacet
  facet normal 0.546708 -0.269538 -0.792755
    outer loop
      vertex 16.8551 -35.6484 2.2408
      vertex 16.4057 -35.3889 1.84265
      vertex 17.0458 -35.2616 2.2408
    endloop
  endfacet
  facet normal 0.634915 -0.313026 -0.706327
    outer loop
      vertex 17.2556 -35.8796 2.70327
      vertex 16.8551 -35.6484 2.2408
      vertex 17.0458 -35.2616 2.2408
    endloop
  endfacet
  facet normal 0.0726638 0.108739 -0.991411
    outer loop
      vertex 14.5938 -33.2261 1.09607
      vertex 14.1991 -33.7406 1.01071
      vertex 14.4877 -33.1552 1.09607
    endloop
  endfacet
  facet normal 0.171112 -0.194889 -0.965784
    outer loop
      vertex 14.9784 -35.2751 1.26535
      vertex 14.5938 -34.7739 1.09607
      vertex 14.6897 -34.6897 1.09607
    endloop
  endfacet
  facet normal 0.474214 -0.161012 -0.865561
    outer loop
      vertex 16.5664 -35.063 1.84265
      vertex 16.1361 -34.5724 1.51564
      vertex 16.6832 -34.719 1.84265
    endloop
  endfacet
  facet normal 0.382543 -0.0251625 -0.923595
    outer loop
      vertex 16.1925 -34.2887 1.51564
      vertex 15.5934 -34.2098 1.26535
      vertex 15.6072 -34 1.26535
    endloop
  endfacet
  facet normal 0.232605 -0.114676 -0.965787
    outer loop
      vertex 15.4849 -34.615 1.26535
      vertex 14.8448 -34.4877 1.09607
      vertex 14.9012 -34.3733 1.09607
    endloop
  endfacet
  facet normal 0.194971 0.171006 -0.965786
    outer loop
      vertex 14.7739 -33.4062 1.09607
      vertex 14.6897 -33.3102 1.09607
      vertex 15.2751 -33.0216 1.26535
    endloop
  endfacet
  facet normal 0.458272 0.40191 -0.792752
    outer loop
      vertex 16.2038 -32.309 1.84265
      vertex 15.9642 -32.0358 1.84265
      vertex 16.6155 -31.9931 2.2408
    endloop
  endfacet
  facet normal 0.343869 0.169548 -0.923584
    outer loop
      vertex 16.0431 -33.1537 1.51564
      vertex 15.4849 -33.385 1.26535
      vertex 15.9152 -32.8943 1.51564
    endloop
  endfacet
  facet normal 0.363044 0.123268 -0.923582
    outer loop
      vertex 16.1361 -33.4276 1.51564
      vertex 15.4849 -33.385 1.26535
      vertex 16.0431 -33.1537 1.51564
    endloop
  endfacet
  facet normal 0.376008 0.074751 -0.923596
    outer loop
      vertex 16.1925 -33.7113 1.51564
      vertex 15.5524 -33.584 1.26535
      vertex 16.1361 -33.4276 1.51564
    endloop
  endfacet
  facet normal -0.481499 -0.720336 -0.499274
    outer loop
      vertex 11.9213 -37.6004 3.22215
      vertex 11.2701 -37.5577 3.78856
      vertex 11.4692 -37.2982 3.22215
    endloop
  endfacet
  facet normal -0.427285 -0.866427 -0.258326
    outer loop
      vertex 12.1233 -38.5306 5.02455
      vertex 11.6327 -38.1003 4.3928
      vertex 12.1881 -38.3742 4.3928
    endloop
  endfacet
  facet normal -0.458249 -0.401993 -0.792723
    outer loop
      vertex 11.6689 -36.3311 2.2408
      vertex 11.3845 -36.0069 2.2408
      vertex 12.0358 -35.9642 1.84265
    endloop
  endfacet
  facet normal -0.40191 -0.458272 -0.792752
    outer loop
      vertex 12.309 -36.2038 1.84265
      vertex 11.9931 -36.6155 2.2408
      vertex 12.0358 -35.9642 1.84265
    endloop
  endfacet
  facet normal -0.546708 -0.269538 -0.792755
    outer loop
      vertex 11.1449 -35.6484 2.2408
      vertex 10.9542 -35.2616 2.2408
      vertex 11.5943 -35.3889 1.84265
    endloop
  endfacet
  facet normal -0.59699 -0.523517 -0.607892
    outer loop
      vertex 11.0603 -36.9397 3.22215
      vertex 11.0176 -36.2885 2.70327
      vertex 11.3418 -36.6582 2.70327
    endloop
  endfacet
  facet normal -0.588558 -0.393236 -0.706375
    outer loop
      vertex 11.0176 -36.2885 2.70327
      vertex 10.7444 -35.8796 2.70327
      vertex 11.3845 -36.0069 2.2408
    endloop
  endfacet
  facet normal -0.506777 -0.338699 -0.792755
    outer loop
      vertex 11.3845 -36.0069 2.2408
      vertex 11.1449 -35.6484 2.2408
      vertex 11.7962 -35.691 1.84265
    endloop
  endfacet
  facet normal -0.777169 -0.383207 -0.499161
    outer loop
      vertex 10.1164 -36.2422 3.78856
      vertex 9.85699 -35.7161 3.78856
      vertex 10.1591 -35.591 3.22215
    endloop
  endfacet
  facet normal -0.588544 -0.393348 -0.706324
    outer loop
      vertex 11.3845 -36.0069 2.2408
      vertex 10.7444 -35.8796 2.70327
      vertex 11.1449 -35.6484 2.2408
    endloop
  endfacet
  facet normal -0.653691 -0.745448 0.130364
    outer loop
      vertex 11.0147 -37.8905 6.97545
      vertex 10.472 -37.528 6.32701
      vertex 10.9627 -37.9583 6.32701
    endloop
  endfacet
  facet normal -0.63696 -0.72635 0.25826
    outer loop
      vertex 11.1177 -37.7562 7.6072
      vertex 10.6521 -37.3479 7.6072
      vertex 11.0147 -37.8905 6.97545
    endloop
  endfacet
  facet normal -0.555548 -0.831484 0
    outer loop
      vertex 10.9627 -37.9583 5.67299
      vertex 11.5054 -38.3209 6.32701
      vertex 10.9627 -37.9583 6.32701
    endloop
  endfacet
  facet normal -0.555548 -0.831484 -0
    outer loop
      vertex 11.5054 -38.3209 6.32701
      vertex 10.9627 -37.9583 5.67299
      vertex 11.5054 -38.3209 5.67299
    endloop
  endfacet
  facet normal -0.550807 -0.824388 -0.130367
    outer loop
      vertex 11.5054 -38.3209 5.67299
      vertex 10.9627 -37.9583 5.67299
      vertex 11.0147 -37.8905 5.02455
    endloop
  endfacet
  facet normal -0.427266 -0.866431 0.258343
    outer loop
      vertex 11.6327 -38.1003 7.6072
      vertex 11.548 -38.2469 6.97545
      vertex 12.1233 -38.5306 6.97545
    endloop
  endfacet
  facet normal -0.427285 -0.866427 0.258326
    outer loop
      vertex 12.1881 -38.3742 7.6072
      vertex 11.6327 -38.1003 7.6072
      vertex 12.1233 -38.5306 6.97545
    endloop
  endfacet
  facet normal 0.0648729 -0.98935 -0.130298
    outer loop
      vertex 14.6512 -38.9466 5.67299
      vertex 14 -38.9893 5.67299
      vertex 14 -38.9039 5.02455
    endloop
  endfacet
  facet normal -0.0654307 -0.997857 0
    outer loop
      vertex 13.3488 -38.9466 5.67299
      vertex 14 -38.9893 6.32701
      vertex 13.3488 -38.9466 6.32701
    endloop
  endfacet
  facet normal -0.0654307 -0.997857 -0
    outer loop
      vertex 14 -38.9893 6.32701
      vertex 13.3488 -38.9466 5.67299
      vertex 14 -38.9893 5.67299
    endloop
  endfacet
  facet normal -0.318724 -0.938854 0.13026
    outer loop
      vertex 12.1233 -38.5306 6.97545
      vertex 12.0907 -38.6095 6.32701
      vertex 12.7087 -38.8193 6.32701
    endloop
  endfacet
  facet normal 0.0604363 -0.922213 0.38193
    outer loop
      vertex 14.5853 -38.446 8.21144
      vertex 14 -38.7346 7.6072
      vertex 14.618 -38.6941 7.6072
    endloop
  endfacet
  facet normal -0.188558 -0.947457 0.258401
    outer loop
      vertex 13.382 -38.6941 7.6072
      vertex 12.7308 -38.7368 6.97545
      vertex 13.3599 -38.862 6.97545
    endloop
  endfacet
  facet normal -0.383185 -0.777153 0.499202
    outer loop
      vertex 12.4091 -37.8409 8.77785
      vertex 11.7578 -37.8836 8.21144
      vertex 12.2839 -38.143 8.21144
    endloop
  endfacet
  facet normal -0.313007 -0.63494 0.706313
    outer loop
      vertex 12.7384 -37.0458 9.7592
      vertex 12.1204 -37.2556 9.29673
      vertex 12.5614 -37.473 9.29673
    endloop
  endfacet
  facet normal -0.154837 -0.778707 0.607981
    outer loop
      vertex 13.5093 -37.727 9.29673
      vertex 13.027 -37.6311 9.29673
      vertex 13.4574 -38.1218 8.77785
    endloop
  endfacet
  facet normal -0.609338 -0.694852 0.381953
    outer loop
      vertex 11.2701 -37.5577 8.21144
      vertex 10.6521 -37.3479 7.6072
      vertex 11.1177 -37.7562 7.6072
    endloop
  endfacet
  facet normal -0.18025 -0.906449 0.381916
    outer loop
      vertex 12.8394 -38.3316 8.21144
      vertex 12.7746 -38.5733 7.6072
      vertex 13.4147 -38.446 8.21144
    endloop
  endfacet
  facet normal -0.255237 -0.751841 0.607939
    outer loop
      vertex 13.027 -37.6311 9.29673
      vertex 12.4091 -37.8409 8.77785
      vertex 12.924 -38.0157 8.77785
    endloop
  endfacet
  facet normal -0.499768 -0.0327177 0.865541
    outer loop
      vertex 11.7886 -34 10.4844
      vertex 11.2221 -34 10.1573
      vertex 11.8075 -34.2887 10.4844
    endloop
  endfacet
  facet normal -0.499799 -0.0328054 0.86552
    outer loop
      vertex 11.8075 -34.2887 10.4844
      vertex 11.2221 -34 10.1573
      vertex 11.2459 -34.3626 10.1573
    endloop
  endfacet
  facet normal -0.0421973 -0.12384 0.991405
    outer loop
      vertex 13.8749 -34.3021 10.9893
      vertex 13.6267 -34.9012 10.9039
      vertex 13.9154 -34.3159 10.9893
    endloop
  endfacet
  facet normal -0.215531 -0.144026 0.965817
    outer loop
      vertex 13.1552 -34.4877 10.9039
      vertex 12.7249 -34.9784 10.7347
      vertex 13.2261 -34.5938 10.9039
    endloop
  endfacet
  facet normal -0.0505566 -0.254263 0.965813
    outer loop
      vertex 13.8727 -34.9671 10.9039
      vertex 13.584 -35.5524 10.7347
      vertex 13.7902 -35.5934 10.7347
    endloop
  endfacet
  facet normal -0.169554 -0.34388 0.923579
    outer loop
      vertex 13.385 -35.4849 10.7347
      vertex 12.8943 -35.9152 10.4844
      vertex 13.1537 -36.0431 10.4844
    endloop
  endfacet
  facet normal -0.123272 -0.363057 0.923577
    outer loop
      vertex 13.385 -35.4849 10.7347
      vertex 13.1537 -36.0431 10.4844
      vertex 13.4276 -36.1361 10.4844
    endloop
  endfacet
  facet normal 0.0577759 0.117386 0.991404
    outer loop
      vertex 14.3733 -33.0988 10.9039
      vertex 14.1251 -33.6979 10.9893
      vertex 14.1635 -33.7168 10.9893
    endloop
  endfacet
  facet normal -0.0833177 -0.245482 0.965814
    outer loop
      vertex 13.6267 -34.9012 10.9039
      vertex 13.584 -35.5524 10.7347
      vertex 13.7475 -34.9422 10.9039
    endloop
  endfacet
  facet normal -0.820522 -0.278505 0.499179
    outer loop
      vertex 9.98431 -35.076 8.77785
      vertex 9.66844 -35.1606 8.21144
      vertex 9.85699 -35.7161 8.21144
    endloop
  endfacet
  facet normal -0.875125 -0.297038 0.382001
    outer loop
      vertex 9.66844 -35.1606 8.21144
      vertex 9.62575 -35.8119 7.6072
      vertex 9.85699 -35.7161 8.21144
    endloop
  endfacet
  facet normal -0.086331 -0.0983271 0.991402
    outer loop
      vertex 13.7688 -34.2312 10.9893
      vertex 13.3103 -34.6897 10.9039
      vertex 13.4062 -34.7739 10.9039
    endloop
  endfacet
  facet normal 0.651446 -0.571382 -0.49914
    outer loop
      vertex 17.1709 -37.1709 3.78856
      vertex 16.9397 -36.9397 3.22215
      vertex 17.5577 -36.7299 3.78856
    endloop
  endfacet
  facet normal 0.694748 -0.609397 -0.382049
    outer loop
      vertex 17.7563 -36.8823 4.3928
      vertex 17.3479 -37.3479 4.3928
      vertex 17.5577 -36.7299 3.78856
    endloop
  endfacet
  facet normal 0.278546 -0.8205 -0.499191
    outer loop
      vertex 15.7161 -38.143 3.78856
      vertex 15.076 -38.0157 3.22215
      vertex 15.5909 -37.8409 3.22215
    endloop
  endfacet
  facet normal 0.59699 -0.523517 -0.607892
    outer loop
      vertex 16.9397 -36.9397 3.22215
      vertex 16.6582 -36.6582 2.70327
      vertex 16.9824 -36.2885 2.70327
    endloop
  endfacet
  facet normal 0.44123 -0.660093 -0.607942
    outer loop
      vertex 16.0787 -37.6004 3.22215
      vertex 15.8796 -37.2556 2.70327
      vertex 16.5308 -37.2982 3.22215
    endloop
  endfacet
  facet normal 0.351103 -0.712134 -0.607941
    outer loop
      vertex 16.0787 -37.6004 3.22215
      vertex 15.5909 -37.8409 3.22215
      vertex 15.8796 -37.2556 2.70327
    endloop
  endfacet
  facet normal 0.442242 -0.896896 0
    outer loop
      vertex 15.9093 -38.6095 5.67299
      vertex 16.4946 -38.3209 6.32701
      vertex 15.9093 -38.6095 6.32701
    endloop
  endfacet
  facet normal 0.442242 -0.896896 0
    outer loop
      vertex 16.4946 -38.3209 6.32701
      vertex 15.9093 -38.6095 5.67299
      vertex 16.4946 -38.3209 5.67299
    endloop
  endfacet
  facet normal 0.0647628 -0.989372 0.130189
    outer loop
      vertex 14.6401 -38.862 6.97545
      vertex 14 -38.9039 6.97545
      vertex 14.6512 -38.9466 6.32701
    endloop
  endfacet
  facet normal 0.438475 -0.889256 0.130246
    outer loop
      vertex 16.4946 -38.3209 6.32701
      vertex 15.8767 -38.5306 6.97545
      vertex 15.9093 -38.6095 6.32701
    endloop
  endfacet
  facet normal 0.438511 -0.889232 0.130288
    outer loop
      vertex 16.452 -38.2469 6.97545
      vertex 15.8767 -38.5306 6.97545
      vertex 16.4946 -38.3209 6.32701
    endloop
  endfacet
  facet normal -0.0604363 -0.922213 0.38193
    outer loop
      vertex 13.4147 -38.446 8.21144
      vertex 13.382 -38.6941 7.6072
      vertex 14 -38.7346 7.6072
    endloop
  endfacet
  facet normal 0.168993 -0.849838 0.499216
    outer loop
      vertex 15.076 -38.0157 8.77785
      vertex 14.5853 -38.446 8.21144
      vertex 15.1606 -38.3316 8.21144
    endloop
  endfacet
  facet normal 0.278546 -0.8205 0.499191
    outer loop
      vertex 15.5909 -37.8409 8.77785
      vertex 15.076 -38.0157 8.77785
      vertex 15.7161 -38.143 8.21144
    endloop
  endfacet
  facet normal 0.318673 -0.938864 -0.130311
    outer loop
      vertex 15.2913 -38.8193 5.67299
      vertex 15.2692 -38.7368 5.02455
      vertex 15.8767 -38.5306 5.02455
    endloop
  endfacet
  facet normal 0.310504 -0.914799 -0.258322
    outer loop
      vertex 15.8767 -38.5306 5.02455
      vertex 15.2692 -38.7368 5.02455
      vertex 15.8119 -38.3742 4.3928
    endloop
  endfacet
  facet normal 0.310547 -0.914795 -0.258284
    outer loop
      vertex 15.2692 -38.7368 5.02455
      vertex 15.2254 -38.5733 4.3928
      vertex 15.8119 -38.3742 4.3928
    endloop
  endfacet
  facet normal 0.188442 -0.947512 -0.258286
    outer loop
      vertex 15.2692 -38.7368 5.02455
      vertex 14.618 -38.6941 4.3928
      vertex 15.2254 -38.5733 4.3928
    endloop
  endfacet
  facet normal 0.0519923 -0.792318 -0.607889
    outer loop
      vertex 14.4907 -37.727 2.70327
      vertex 14 -38.1573 3.22215
      vertex 14 -37.7592 2.70327
    endloop
  endfacet
  facet normal -0.0398677 -0.608336 -0.792678
    outer loop
      vertex 14 -37.2967 2.2408
      vertex 13.5697 -37.2685 2.2408
      vertex 14 -36.7779 1.84265
    endloop
  endfacet
  facet normal 0.351061 -0.712134 -0.607965
    outer loop
      vertex 15.5909 -37.8409 3.22215
      vertex 15.4386 -37.473 2.70327
      vertex 15.8796 -37.2556 2.70327
    endloop
  endfacet
  facet normal 0.255237 -0.751841 -0.607939
    outer loop
      vertex 15.076 -38.0157 3.22215
      vertex 14.973 -37.6311 2.70327
      vertex 15.5909 -37.8409 3.22215
    endloop
  endfacet
  facet normal 0.338604 -0.506846 -0.792751
    outer loop
      vertex 16.0069 -36.6155 2.2408
      vertex 15.6484 -36.855 2.2408
      vertex 15.691 -36.2038 1.84265
    endloop
  endfacet
  facet normal 0.338725 -0.506829 -0.79271
    outer loop
      vertex 15.6484 -36.855 2.2408
      vertex 15.3889 -36.4057 1.84265
      vertex 15.691 -36.2038 1.84265
    endloop
  endfacet
  facet normal -0.0567268 -0.864641 -0.499177
    outer loop
      vertex 14 -38.4844 3.78856
      vertex 13.4147 -38.446 3.78856
      vertex 13.4574 -38.1218 3.22215
    endloop
  endfacet
  facet normal 0.180272 -0.906436 -0.381937
    outer loop
      vertex 14.618 -38.6941 4.3928
      vertex 14.5853 -38.446 3.78856
      vertex 15.2254 -38.5733 4.3928
    endloop
  endfacet
  facet normal 0.922213 0.0604363 0.38193
    outer loop
      vertex 18.6941 -33.382 7.6072
      vertex 18.446 -33.4147 8.21144
      vertex 18.7346 -34 7.6072
    endloop
  endfacet
  facet normal 0.906436 0.180272 0.381937
    outer loop
      vertex 18.5733 -32.7746 7.6072
      vertex 18.446 -33.4147 8.21144
      vertex 18.6941 -33.382 7.6072
    endloop
  endfacet
  facet normal 0.792318 -0.0519923 0.607889
    outer loop
      vertex 17.7592 -34 9.29673
      vertex 17.727 -34.4907 9.29673
      vertex 18.1573 -34 8.77785
    endloop
  endfacet
  facet normal 0.706324 -0.0463494 0.70637
    outer loop
      vertex 17.7592 -34 9.29673
      vertex 17.2967 -34 9.7592
      vertex 17.727 -34.4907 9.29673
    endloop
  endfacet
  facet normal 0.577185 -0.195929 0.792761
    outer loop
      vertex 17.1844 -34.8533 9.7592
      vertex 16.6832 -34.719 10.1573
      vertex 17.0458 -35.2616 9.7592
    endloop
  endfacet
  facet normal 0.670305 -0.227539 0.706341
    outer loop
      vertex 17.1844 -34.8533 9.7592
      vertex 17.0458 -35.2616 9.7592
      vertex 17.6311 -34.973 9.29673
    endloop
  endfacet
  facet normal 0.123147 -0.363055 0.923594
    outer loop
      vertex 14.615 -35.4849 10.7347
      vertex 14.416 -35.5524 10.7347
      vertex 14.5724 -36.1361 10.4844
    endloop
  endfacet
  facet normal 0.13056 0.00861511 0.991403
    outer loop
      vertex 14.9671 -33.8727 10.9039
      vertex 14.3242 -33.9573 10.9893
      vertex 14.9755 -34 10.9039
    endloop
  endfacet
  facet normal 0.491294 0.09767 0.8655
    outer loop
      vertex 16.6832 -33.281 10.1573
      vertex 16.1361 -33.4276 10.4844
      vertex 16.1925 -33.7113 10.4844
    endloop
  endfacet
  facet normal 0.546664 -0.269558 0.792778
    outer loop
      vertex 16.5664 -35.063 10.1573
      vertex 16.4057 -35.3889 10.1573
      vertex 17.0458 -35.2616 9.7592
    endloop
  endfacet
  facet normal 0.41647 -0.278336 0.865495
    outer loop
      vertex 16.4057 -35.3889 10.1573
      vertex 15.9152 -35.1057 10.4844
      vertex 16.2038 -35.691 10.1573
    endloop
  endfacet
  facet normal 0.571202 -0.651504 0.49927
    outer loop
      vertex 16.9397 -36.9397 8.77785
      vertex 16.5308 -37.2982 8.77785
      vertex 16.7299 -37.5577 8.21144
    endloop
  endfacet
  facet normal 0.571382 -0.651446 0.49914
    outer loop
      vertex 16.9397 -36.9397 8.77785
      vertex 16.7299 -37.5577 8.21144
      vertex 17.1709 -37.1709 8.21144
    endloop
  endfacet
  facet normal 0.532061 -0.466743 0.706443
    outer loop
      vertex 16.6155 -36.0069 9.7592
      vertex 16.3311 -36.3311 9.7592
      vertex 16.6582 -36.6582 9.29673
    endloop
  endfacet
  facet normal 0.401961 -0.458213 0.79276
    outer loop
      vertex 16.3311 -36.3311 9.7592
      vertex 15.9642 -35.9642 10.1573
      vertex 16.0069 -36.6155 9.7592
    endloop
  endfacet
  facet normal 0.523481 -0.597075 0.60784
    outer loop
      vertex 16.9397 -36.9397 8.77785
      vertex 16.2885 -36.9824 9.29673
      vertex 16.5308 -37.2982 8.77785
    endloop
  endfacet
  facet normal 0.523517 -0.59699 0.607892
    outer loop
      vertex 16.6582 -36.6582 9.29673
      vertex 16.2885 -36.9824 9.29673
      vertex 16.9397 -36.9397 8.77785
    endloop
  endfacet
  facet normal 0.458213 -0.401961 0.79276
    outer loop
      vertex 16.6155 -36.0069 9.7592
      vertex 15.9642 -35.9642 10.1573
      vertex 16.3311 -36.3311 9.7592
    endloop
  endfacet
  facet normal 0.458236 -0.401879 0.792788
    outer loop
      vertex 16.2038 -35.691 10.1573
      vertex 15.9642 -35.9642 10.1573
      vertex 16.6155 -36.0069 9.7592
    endloop
  endfacet
  facet normal 0.0505672 -0.254258 0.965814
    outer loop
      vertex 14.2525 -34.9422 10.9039
      vertex 14.1273 -34.9671 10.9039
      vertex 14.416 -35.5524 10.7347
    endloop
  endfacet
  facet normal 0.0170159 -0.258691 0.96581
    outer loop
      vertex 14 -34.9755 10.9039
      vertex 14 -35.6072 10.7347
      vertex 14.2098 -35.5934 10.7347
    endloop
  endfacet
  facet normal -0.221532 -0.449267 0.865495
    outer loop
      vertex 12.8943 -35.9152 10.4844
      vertex 12.6111 -36.4057 10.1573
      vertex 12.937 -36.5664 10.1573
    endloop
  endfacet
  facet normal -0.269558 -0.546664 0.792778
    outer loop
      vertex 12.937 -36.5664 10.1573
      vertex 12.6111 -36.4057 10.1573
      vertex 12.7384 -37.0458 9.7592
    endloop
  endfacet
  facet normal -0.278546 -0.8205 0.499191
    outer loop
      vertex 12.4091 -37.8409 8.77785
      vertex 12.2839 -38.143 8.21144
      vertex 12.924 -38.0157 8.77785
    endloop
  endfacet
  facet normal -0.278565 -0.820483 0.499209
    outer loop
      vertex 12.924 -38.0157 8.77785
      vertex 12.2839 -38.143 8.21144
      vertex 12.8394 -38.3316 8.21144
    endloop
  endfacet
  facet normal 0.138036 -0.694285 0.706338
    outer loop
      vertex 14.8533 -37.1844 9.7592
      vertex 14.4303 -37.2685 9.7592
      vertex 14.973 -37.6311 9.29673
    endloop
  endfacet
  facet normal 0.0398646 -0.608288 0.792715
    outer loop
      vertex 14 -36.7779 10.1573
      vertex 14 -37.2967 9.7592
      vertex 14.4303 -37.2685 9.7592
    endloop
  endfacet
  facet normal 0.313007 -0.63494 0.706313
    outer loop
      vertex 15.8796 -37.2556 9.29673
      vertex 15.2616 -37.0458 9.7592
      vertex 15.4386 -37.473 9.29673
    endloop
  endfacet
  facet normal 0.313125 -0.634784 0.706401
    outer loop
      vertex 15.6484 -36.855 9.7592
      vertex 15.2616 -37.0458 9.7592
      vertex 15.8796 -37.2556 9.29673
    endloop
  endfacet
  facet normal -0.039924 -0.608254 0.792738
    outer loop
      vertex 13.6374 -36.7541 10.1573
      vertex 13.5697 -37.2685 9.7592
      vertex 14 -36.7779 10.1573
    endloop
  endfacet
  facet normal -0.0398646 -0.608288 0.792715
    outer loop
      vertex 14 -36.7779 10.1573
      vertex 13.5697 -37.2685 9.7592
      vertex 14 -37.2967 9.7592
    endloop
  endfacet
  facet normal -0.245486 0.083268 0.965817
    outer loop
      vertex 12.5151 -33.385 10.7347
      vertex 12.4476 -33.584 10.7347
      vertex 13.0988 -33.6267 10.9039
    endloop
  endfacet
  facet normal -0.245482 0.0833177 0.965814
    outer loop
      vertex 13.0988 -33.6267 10.9039
      vertex 12.4476 -33.584 10.7347
      vertex 13.0578 -33.7475 10.9039
    endloop
  endfacet
  facet normal -0.254258 0.0505672 0.965814
    outer loop
      vertex 13.0578 -33.7475 10.9039
      vertex 12.4476 -33.584 10.7347
      vertex 13.0329 -33.8727 10.9039
    endloop
  endfacet
  facet normal -0.13056 0.00861511 0.991403
    outer loop
      vertex 13.0329 -33.8727 10.9039
      vertex 13.0245 -34 10.9039
      vertex 13.6758 -33.9573 10.9893
    endloop
  endfacet
  facet normal -0.0983651 0.0862744 0.991404
    outer loop
      vertex 13.3103 -33.3102 10.9039
      vertex 13.2261 -33.4062 10.9039
      vertex 13.7688 -33.7688 10.9893
    endloop
  endfacet
  facet normal 0.0833177 0.245482 0.965814
    outer loop
      vertex 14.416 -32.4476 10.7347
      vertex 14.2525 -33.0578 10.9039
      vertex 14.3733 -33.0988 10.9039
    endloop
  endfacet
  facet normal 0.0255235 0.128335 0.991402
    outer loop
      vertex 14.1273 -33.0329 10.9039
      vertex 14.0427 -33.6758 10.9893
      vertex 14.2525 -33.0578 10.9039
    endloop
  endfacet
  facet normal -0.0862665 0.0983705 0.991404
    outer loop
      vertex 13.4062 -33.2261 10.9039
      vertex 13.3103 -33.3102 10.9039
      vertex 13.7688 -33.7688 10.9893
    endloop
  endfacet
  facet normal 0.221532 0.449267 0.865495
    outer loop
      vertex 15.3889 -31.5943 10.1573
      vertex 15.063 -31.4336 10.1573
      vertex 15.1057 -32.0848 10.4844
    endloop
  endfacet
  facet normal -0.288226 0.252844 0.923578
    outer loop
      vertex 12.4363 -32.4363 10.4844
      vertex 12.2455 -32.6538 10.4844
      vertex 12.7249 -33.0216 10.7347
    endloop
  endfacet
  facet normal -0.14402 0.215537 0.965817
    outer loop
      vertex 13.1964 -32.6081 10.7347
      vertex 13.0216 -32.7249 10.7347
      vertex 13.5123 -33.1552 10.9039
    endloop
  endfacet
  facet normal -0.128335 -0.0255235 0.991402
    outer loop
      vertex 13.6758 -34.0427 10.9893
      vertex 13.0329 -34.1273 10.9039
      vertex 13.0578 -34.2525 10.9039
    endloop
  endfacet
  facet normal -0.0863624 0.0983061 0.991402
    outer loop
      vertex 13.8009 -33.7406 10.9893
      vertex 13.4062 -33.2261 10.9039
      vertex 13.7688 -33.7688 10.9893
    endloop
  endfacet
  facet normal -0.47431 0.161047 0.865502
    outer loop
      vertex 11.9569 -33.1537 10.4844
      vertex 11.4336 -32.937 10.1573
      vertex 11.8639 -33.4276 10.4844
    endloop
  endfacet
  facet normal -0.376023 0.0747669 0.923589
    outer loop
      vertex 12.4476 -33.584 10.7347
      vertex 11.8075 -33.7113 10.4844
      vertex 12.4066 -33.7902 10.7347
    endloop
  endfacet
  facet normal -0.382556 -0.0251633 0.92359
    outer loop
      vertex 12.3928 -34 10.7347
      vertex 11.8075 -34.2887 10.4844
      vertex 12.4066 -34.2098 10.7347
    endloop
  endfacet
  facet normal -0.258691 -0.0170159 0.96581
    outer loop
      vertex 13.0245 -34 10.9039
      vertex 12.3928 -34 10.7347
      vertex 12.4066 -34.2098 10.7347
    endloop
  endfacet
  facet normal -0.278309 0.416512 0.865484
    outer loop
      vertex 12.8943 -32.0848 10.4844
      vertex 12.309 -31.7962 10.1573
      vertex 12.6538 -32.2455 10.4844
    endloop
  endfacet
  facet normal -0.363055 0.123147 0.923594
    outer loop
      vertex 12.5151 -33.385 10.7347
      vertex 11.8639 -33.4276 10.4844
      vertex 12.4476 -33.584 10.7347
    endloop
  endfacet
  facet normal -0.318788 0.213011 0.92358
    outer loop
      vertex 12.2455 -32.6538 10.4844
      vertex 12.0848 -32.8943 10.4844
      vertex 12.7249 -33.0216 10.7347
    endloop
  endfacet
  facet normal -0.0254283 -0.128367 0.991401
    outer loop
      vertex 13.9154 -34.3159 10.9893
      vertex 13.7475 -34.9422 10.9039
      vertex 13.9573 -34.3242 10.9893
    endloop
  endfacet
  facet normal 0.108777 -0.0727219 0.991403
    outer loop
      vertex 14.2832 -34.1635 10.9893
      vertex 14.2594 -34.1991 10.9893
      vertex 14.8448 -34.4877 10.9039
    endloop
  endfacet
  facet normal -0.117386 -0.0577759 0.991404
    outer loop
      vertex 13.6979 -34.1251 10.9893
      vertex 13.0988 -34.3733 10.9039
      vertex 13.7168 -34.1635 10.9893
    endloop
  endfacet
  facet normal 0.0983271 -0.086331 0.991402
    outer loop
      vertex 14.7739 -34.5938 10.9039
      vertex 14.2312 -34.2312 10.9893
      vertex 14.6897 -34.6897 10.9039
    endloop
  endfacet
  facet normal -0.0505672 -0.254258 0.965814
    outer loop
      vertex 13.7475 -34.9422 10.9039
      vertex 13.584 -35.5524 10.7347
      vertex 13.8727 -34.9671 10.9039
    endloop
  endfacet
  facet normal -0.0251633 -0.382556 0.92359
    outer loop
      vertex 13.7902 -35.5934 10.7347
      vertex 13.7113 -36.1925 10.4844
      vertex 14 -35.6072 10.7347
    endloop
  endfacet
  facet normal -0.1305 0.00861114 -0.991411
    outer loop
      vertex 13.6758 -33.9573 1.01071
      vertex 13.0245 -34 1.09607
      vertex 13.0329 -33.8727 1.09607
    endloop
  endfacet
  facet normal -0.416384 0.278279 -0.865555
    outer loop
      vertex 12.0848 -32.8943 1.51564
      vertex 11.5943 -32.6111 1.84265
      vertex 11.7962 -32.309 1.84265
    endloop
  endfacet
  facet normal -0.474213 -0.161014 -0.865562
    outer loop
      vertex 11.9569 -34.8463 1.51564
      vertex 11.4336 -35.063 1.84265
      vertex 11.8639 -34.5724 1.51564
    endloop
  endfacet
  facet normal -0.694285 0.138036 -0.706338
    outer loop
      vertex 10.7315 -33.5697 2.2408
      vertex 10.3689 -33.027 2.70327
      vertex 10.8156 -33.1467 2.2408
    endloop
  endfacet
  facet normal -0.9475 -0.188476 -0.258305
    outer loop
      vertex 9.26317 -35.2692 5.02455
      vertex 9.13803 -34.6401 5.02455
      vertex 9.30586 -34.618 4.3928
    endloop
  endfacet
  facet normal -0.92219 -0.0604497 -0.381982
    outer loop
      vertex 9.30586 -34.618 4.3928
      vertex 9.26535 -34 4.3928
      vertex 9.554 -34.5853 3.78856
    endloop
  endfacet
  facet normal -0.751775 -0.255274 -0.608005
    outer loop
      vertex 10.527 -35.4386 2.70327
      vertex 10.1591 -35.591 3.22215
      vertex 10.3689 -34.973 2.70327
    endloop
  endfacet
  facet normal -0.828875 -0.408703 -0.382005
    outer loop
      vertex 10.1164 -36.2422 3.78856
      vertex 9.62575 -35.8119 4.3928
      vertex 9.85699 -35.7161 3.78856
    endloop
  endfacet
  facet normal -0.778732 0.154885 -0.607936
    outer loop
      vertex 10.3689 -33.027 2.70327
      vertex 9.87822 -33.4574 3.22215
      vertex 9.98431 -32.924 3.22215
    endloop
  endfacet
  facet normal -0.864633 -0.0566672 -0.499198
    outer loop
      vertex 9.554 -34.5853 3.78856
      vertex 9.51564 -34 3.78856
      vertex 9.87822 -34.5426 3.22215
    endloop
  endfacet
  facet normal 0.215632 -0.144084 -0.965786
    outer loop
      vertex 15.2751 -34.9784 1.26535
      vertex 14.8448 -34.4877 1.09607
      vertex 15.3919 -34.8036 1.26535
    endloop
  endfacet
  facet normal 0.117304 -0.0578316 -0.991411
    outer loop
      vertex 14.8448 -34.4877 1.09607
      vertex 14.2832 -34.1635 1.01071
      vertex 14.9012 -34.3733 1.09607
    endloop
  endfacet
  facet normal -0.0170234 -0.258805 -0.96578
    outer loop
      vertex 14 -35.6072 1.26535
      vertex 13.7902 -35.5934 1.26535
      vertex 14 -34.9755 1.09607
    endloop
  endfacet
  facet normal -0.0251625 -0.382543 -0.923595
    outer loop
      vertex 14 -35.6072 1.26535
      vertex 13.7113 -36.1925 1.51564
      vertex 13.7902 -35.5934 1.26535
    endloop
  endfacet
  facet normal -0.114676 -0.232605 -0.965787
    outer loop
      vertex 13.6267 -34.9012 1.09607
      vertex 13.385 -35.4849 1.26535
      vertex 13.5123 -34.8448 1.09607
    endloop
  endfacet
  facet normal -0.0833544 -0.245591 -0.965783
    outer loop
      vertex 13.7475 -34.9422 1.09607
      vertex 13.584 -35.5524 1.26535
      vertex 13.6267 -34.9012 1.09607
    endloop
  endfacet
  facet normal 0.0578316 -0.117304 -0.991411
    outer loop
      vertex 14.3733 -34.9012 1.09607
      vertex 14.1635 -34.2832 1.01071
      vertex 14.4877 -34.8448 1.09607
    endloop
  endfacet
  facet normal 0.169548 -0.343869 -0.923584
    outer loop
      vertex 14.8463 -36.0431 1.51564
      vertex 14.615 -35.4849 1.26535
      vertex 15.1057 -35.9152 1.51564
    endloop
  endfacet
  facet normal 0.343858 -0.169559 -0.923586
    outer loop
      vertex 15.9152 -35.1057 1.51564
      vertex 15.3919 -34.8036 1.26535
      vertex 15.4849 -34.615 1.26535
    endloop
  endfacet
  facet normal 0.37652 -0.330213 -0.865559
    outer loop
      vertex 15.9642 -35.9642 1.84265
      vertex 15.5637 -35.5637 1.51564
      vertex 16.2038 -35.691 1.84265
    endloop
  endfacet
  facet normal 0.213004 -0.318777 -0.923586
    outer loop
      vertex 15.1057 -35.9152 1.51564
      vertex 14.9784 -35.2751 1.26535
      vertex 15.3462 -35.7545 1.51564
    endloop
  endfacet
  facet normal 0.278252 -0.416426 -0.865543
    outer loop
      vertex 15.691 -36.2038 1.84265
      vertex 15.1057 -35.9152 1.51564
      vertex 15.3462 -35.7545 1.51564
    endloop
  endfacet
  facet normal 0.597075 -0.523481 -0.60784
    outer loop
      vertex 17.2982 -36.5308 3.22215
      vertex 16.9397 -36.9397 3.22215
      vertex 16.9824 -36.2885 2.70327
    endloop
  endfacet
  facet normal 0.523481 -0.597075 -0.60784
    outer loop
      vertex 16.5308 -37.2982 3.22215
      vertex 16.2885 -36.9824 2.70327
      vertex 16.9397 -36.9397 3.22215
    endloop
  endfacet
  facet normal -0.532061 -0.466743 -0.706443
    outer loop
      vertex 11.6689 -36.3311 2.2408
      vertex 11.3418 -36.6582 2.70327
      vertex 11.3845 -36.0069 2.2408
    endloop
  endfacet
  facet normal -0.458272 -0.40191 -0.792752
    outer loop
      vertex 12.0358 -35.9642 1.84265
      vertex 11.3845 -36.0069 2.2408
      vertex 11.7962 -35.691 1.84265
    endloop
  endfacet
  facet normal -0.720336 0.481499 -0.499274
    outer loop
      vertex 10.7018 -31.4692 3.22215
      vertex 10.3996 -31.9213 3.22215
      vertex 10.4423 -31.2701 3.78856
    endloop
  endfacet
  facet normal -0.458249 0.401993 -0.792723
    outer loop
      vertex 12.0358 -32.0358 1.84265
      vertex 11.3845 -31.9931 2.2408
      vertex 11.6689 -31.6689 2.2408
    endloop
  endfacet
  facet normal -0.227613 -0.670315 -0.706307
    outer loop
      vertex 13.027 -37.6311 2.70327
      vertex 12.5614 -37.473 2.70327
      vertex 12.7384 -37.0458 2.2408
    endloop
  endfacet
  facet normal -0.138036 -0.694285 -0.706338
    outer loop
      vertex 13.5697 -37.2685 2.2408
      vertex 13.027 -37.6311 2.70327
      vertex 13.1467 -37.1844 2.2408
    endloop
  endfacet
  facet normal 0.0463494 -0.706324 -0.70637
    outer loop
      vertex 14.4907 -37.727 2.70327
      vertex 14 -37.7592 2.70327
      vertex 14 -37.2967 2.2408
    endloop
  endfacet
  facet normal -0.0519923 -0.792318 -0.607889
    outer loop
      vertex 14 -38.1573 3.22215
      vertex 13.5093 -37.727 2.70327
      vertex 14 -37.7592 2.70327
    endloop
  endfacet
  facet normal -0.0977069 -0.491153 -0.865576
    outer loop
      vertex 13.6374 -36.7541 1.84265
      vertex 13.281 -36.6832 1.84265
      vertex 13.7113 -36.1925 1.51564
    endloop
  endfacet
  facet normal -0.0399272 -0.608302 -0.792701
    outer loop
      vertex 14 -36.7779 1.84265
      vertex 13.5697 -37.2685 2.2408
      vertex 13.6374 -36.7541 1.84265
    endloop
  endfacet
  facet normal 0.0250467 -0.382592 -0.923578
    outer loop
      vertex 14.2887 -36.1925 1.51564
      vertex 14 -36.2114 1.51564
      vertex 14 -35.6072 1.26535
    endloop
  endfacet
  facet normal 0.032711 -0.499665 -0.865601
    outer loop
      vertex 14.2887 -36.1925 1.51564
      vertex 14 -36.7779 1.84265
      vertex 14 -36.2114 1.51564
    endloop
  endfacet
  facet normal 0.0399272 -0.608302 -0.792701
    outer loop
      vertex 14.4303 -37.2685 2.2408
      vertex 14 -36.7779 1.84265
      vertex 14.3626 -36.7541 1.84265
    endloop
  endfacet
  facet normal 0.138036 -0.694285 -0.706338
    outer loop
      vertex 14.973 -37.6311 2.70327
      vertex 14.4303 -37.2685 2.2408
      vertex 14.8533 -37.1844 2.2408
    endloop
  endfacet
  facet normal -0.213004 -0.318777 -0.923586
    outer loop
      vertex 12.8943 -35.9152 1.51564
      vertex 12.6538 -35.7545 1.51564
      vertex 13.0216 -35.2751 1.26535
    endloop
  endfacet
  facet normal -0.25277 -0.288333 -0.923565
    outer loop
      vertex 13.0216 -35.2751 1.26535
      vertex 12.4363 -35.5637 1.51564
      vertex 12.8635 -35.1365 1.26535
    endloop
  endfacet
  facet normal -0.123143 -0.363043 -0.923599
    outer loop
      vertex 13.4276 -36.1361 1.51564
      vertex 13.385 -35.4849 1.26535
      vertex 13.584 -35.5524 1.26535
    endloop
  endfacet
  facet normal -0.169548 -0.343869 -0.923584
    outer loop
      vertex 13.1537 -36.0431 1.51564
      vertex 12.8943 -35.9152 1.51564
      vertex 13.385 -35.4849 1.26535
    endloop
  endfacet
  facet normal -0.269579 -0.546707 -0.792741
    outer loop
      vertex 12.7384 -37.0458 2.2408
      vertex 12.6111 -36.4057 1.84265
      vertex 12.937 -36.5664 1.84265
    endloop
  endfacet
  facet normal -0.221486 -0.449175 -0.865555
    outer loop
      vertex 12.937 -36.5664 1.84265
      vertex 12.6111 -36.4057 1.84265
      vertex 12.8943 -35.9152 1.51564
    endloop
  endfacet
  facet normal -0.118872 0.597924 -0.792689
    outer loop
      vertex 13.281 -31.3168 1.84265
      vertex 13.1976 -31.0055 2.08997
      vertex 13.4272 -31.0204 2.0443
    endloop
  endfacet
  facet normal 0.118872 0.597924 -0.792689
    outer loop
      vertex 14.719 -31.3168 1.84265
      vertex 14.5728 -31.0204 2.0443
      vertex 14.8024 -31.0055 2.08997
    endloop
  endfacet
  facet normal 0.0170234 0.258805 -0.96578
    outer loop
      vertex 14.2098 -32.4066 1.26535
      vertex 14 -33.0245 1.09607
      vertex 14 -32.3928 1.26535
    endloop
  endfacet
  facet normal -0.0505789 0.254375 -0.965782
    outer loop
      vertex 13.8727 -33.0329 1.09607
      vertex 13.584 -32.4476 1.26535
      vertex 13.7902 -32.4066 1.26535
    endloop
  endfacet
  facet normal -0.161014 0.474213 -0.865562
    outer loop
      vertex 13.1537 -31.9569 1.51564
      vertex 12.937 -31.4336 1.84265
      vertex 13.4276 -31.8639 1.51564
    endloop
  endfacet
  facet normal -0.221471 0.449176 -0.865559
    outer loop
      vertex 13.1537 -31.9569 1.51564
      vertex 12.8943 -32.0848 1.51564
      vertex 12.937 -31.4336 1.84265
    endloop
  endfacet
  facet normal -0.694531 0.609727 -0.381916
    outer loop
      vertex 10.5241 -31.0293 4.02401
      vertex 10.2437 -31.1177 4.3928
      vertex 10.3422 -31.0055 4.3928
    endloop
  endfacet
  facet normal -0.694637 0.609525 -0.382045
    outer loop
      vertex 10.2437 -31.1177 4.3928
      vertex 10.5241 -31.0293 4.02401
      vertex 10.4423 -31.2701 3.78856
    endloop
  endfacet
  facet normal -0.768453 0.513342 -0.382047
    outer loop
      vertex 10.4423 -31.2701 3.78856
      vertex 9.89967 -31.6327 4.3928
      vertex 10.2437 -31.1177 4.3928
    endloop
  endfacet
  facet normal -0.651873 0.570714 -0.499347
    outer loop
      vertex 11.002 -31.002 3.36489
      vertex 11.0603 -31.0603 3.22215
      vertex 10.8266 -31.0273 3.56495
    endloop
  endfacet
  facet normal -0.651436 0.571405 -0.499126
    outer loop
      vertex 10.8266 -31.0273 3.56495
      vertex 10.4423 -31.2701 3.78856
      vertex 10.6772 -31.0023 3.78856
    endloop
  endfacet
  facet normal -0.651436 0.571414 -0.499117
    outer loop
      vertex 10.4423 -31.2701 3.78856
      vertex 10.8266 -31.0273 3.56495
      vertex 11.0603 -31.0603 3.22215
    endloop
  endfacet
  facet normal -0.694723 0.609375 -0.382128
    outer loop
      vertex 10.6772 -31.0023 3.78856
      vertex 10.4423 -31.2701 3.78856
      vertex 10.5359 -31.0308 4
    endloop
  endfacet
  facet normal -0.696504 0.608473 -0.380319
    outer loop
      vertex 10.5241 -31.0293 4.02401
      vertex 10.5359 -31.0308 4
      vertex 10.4423 -31.2701 3.78856
    endloop
  endfacet
  facet normal -0.466691 0.532189 -0.706381
    outer loop
      vertex 11.9931 -31.3845 2.2408
      vertex 11.3418 -31.3418 2.70327
      vertex 11.7115 -31.0176 2.70327
    endloop
  endfacet
  facet normal -0.466743 0.532061 -0.706443
    outer loop
      vertex 11.6689 -31.6689 2.2408
      vertex 11.3418 -31.3418 2.70327
      vertex 11.9931 -31.3845 2.2408
    endloop
  endfacet
  facet normal 0.338673 0.506737 0.792792
    outer loop
      vertex 16.0069 -31.3845 9.7592
      vertex 15.6484 -31.1449 9.7592
      vertex 15.691 -31.7962 10.1573
    endloop
  endfacet
  facet normal 0.393114 0.588922 0.706139
    outer loop
      vertex 15.6484 -31.1449 9.7592
      vertex 15.9346 -31.0208 9.49637
      vertex 15.7291 -31.0051 9.59768
    endloop
  endfacet
  facet normal 0.393378 0.588589 0.706269
    outer loop
      vertex 15.9346 -31.0208 9.49637
      vertex 15.6484 -31.1449 9.7592
      vertex 16.0069 -31.3845 9.7592
    endloop
  endfacet
  facet normal -0.0399282 0.608318 0.792688
    outer loop
      vertex 13.817 -31.0135 9.988
      vertex 13.6374 -31.2459 10.1573
      vertex 14 -31.2221 10.1573
    endloop
  endfacet
  facet normal -0.039833 0.608273 0.792727
    outer loop
      vertex 13.6374 -31.2459 10.1573
      vertex 13.817 -31.0135 9.988
      vertex 13.6063 -31.0093 9.97419
    endloop
  endfacet
  facet normal -0.0328054 0.499799 0.86552
    outer loop
      vertex 14 -31.2221 10.1573
      vertex 13.6374 -31.2459 10.1573
      vertex 13.7113 -31.8075 10.4844
    endloop
  endfacet
  facet normal 0.532189 0.466691 0.706381
    outer loop
      vertex 16.6582 -31.3418 9.29673
      vertex 16.6155 -31.9931 9.7592
      vertex 16.9824 -31.7115 9.29673
    endloop
  endfacet
  facet normal 0.532061 0.466743 0.706443
    outer loop
      vertex 16.6582 -31.3418 9.29673
      vertex 16.3311 -31.6689 9.7592
      vertex 16.6155 -31.9931 9.7592
    endloop
  endfacet
  facet normal 0.318788 0.213011 0.92358
    outer loop
      vertex 15.7545 -32.6538 10.4844
      vertex 15.2751 -33.0216 10.7347
      vertex 15.9152 -32.8943 10.4844
    endloop
  endfacet
  facet normal 0.416512 0.278309 0.865484
    outer loop
      vertex 16.2038 -32.309 10.1573
      vertex 15.7545 -32.6538 10.4844
      vertex 15.9152 -32.8943 10.4844
    endloop
  endfacet
  facet normal 0.546664 0.269516 0.792792
    outer loop
      vertex 16.8551 -32.3516 9.7592
      vertex 16.4057 -32.6111 10.1573
      vertex 17.0458 -32.7384 9.7592
    endloop
  endfacet
  facet normal 0.506738 0.338664 0.792794
    outer loop
      vertex 16.8551 -32.3516 9.7592
      vertex 16.2038 -32.309 10.1573
      vertex 16.4057 -32.6111 10.1573
    endloop
  endfacet
  facet normal -0.330281 0.376597 0.865499
    outer loop
      vertex 12.309 -31.7962 10.1573
      vertex 12.0358 -32.0358 10.1573
      vertex 12.4363 -32.4363 10.4844
    endloop
  endfacet
  facet normal 0.670305 0.227539 0.706341
    outer loop
      vertex 17.6311 -33.027 9.29673
      vertex 17.0458 -32.7384 9.7592
      vertex 17.1844 -33.1467 9.7592
    endloop
  endfacet
  facet normal 0.597834 0.11886 0.792759
    outer loop
      vertex 17.1844 -33.1467 9.7592
      vertex 16.6832 -33.281 10.1573
      vertex 17.2685 -33.5697 9.7592
    endloop
  endfacet
  facet normal 0.491294 -0.09767 0.8655
    outer loop
      vertex 16.1925 -34.2887 10.4844
      vertex 16.1361 -34.5724 10.4844
      vertex 16.6832 -34.719 10.1573
    endloop
  endfacet
  facet normal 0.363055 -0.123147 0.923594
    outer loop
      vertex 15.5524 -34.416 10.7347
      vertex 15.4849 -34.615 10.7347
      vertex 16.1361 -34.5724 10.4844
    endloop
  endfacet
  facet normal 0.608288 0.0398646 0.792715
    outer loop
      vertex 17.2685 -33.5697 9.7592
      vertex 16.7779 -34 10.1573
      vertex 17.2967 -34 9.7592
    endloop
  endfacet
  facet normal 0.706358 0.0462916 0.70634
    outer loop
      vertex 17.727 -33.5093 9.29673
      vertex 17.2685 -33.5697 9.7592
      vertex 17.2967 -34 9.7592
    endloop
  endfacet
  facet normal 0.989372 0.0647628 -0.130189
    outer loop
      vertex 18.9039 -34 5.02455
      vertex 18.862 -33.3599 5.02455
      vertex 18.9466 -33.3488 5.67299
    endloop
  endfacet
  facet normal 0.98935 0.0648729 -0.130298
    outer loop
      vertex 18.9893 -34 5.67299
      vertex 18.9039 -34 5.02455
      vertex 18.9466 -33.3488 5.67299
    endloop
  endfacet
  facet normal 0.938854 0.318724 0.13026
    outer loop
      vertex 18.6095 -32.0907 6.32701
      vertex 18.5306 -32.1233 6.97545
      vertex 18.8193 -32.7087 6.32701
    endloop
  endfacet
  facet normal 0.831476 0.555561 -0.000122145
    outer loop
      vertex 17.9786 -30.9931 6.32701
      vertex 18.3209 -31.5054 6.32701
      vertex 18 -31.0252 6
    endloop
  endfacet
  facet normal 0.831437 0.555619 -0
    outer loop
      vertex 18.3209 -31.5054 5.67299
      vertex 18 -31.0252 6
      vertex 18.3209 -31.5054 6.32701
    endloop
  endfacet
  facet normal 0.831476 0.555561 0.000122145
    outer loop
      vertex 18 -31.0252 6
      vertex 18.3209 -31.5054 5.67299
      vertex 17.9786 -30.9931 5.67299
    endloop
  endfacet
  facet normal 0.849838 0.168993 -0.499216
    outer loop
      vertex 18.446 -33.4147 3.78856
      vertex 18.0157 -32.924 3.22215
      vertex 18.3316 -32.8394 3.78856
    endloop
  endfacet
  facet normal 0.778722 0.154898 -0.607946
    outer loop
      vertex 18.1218 -33.4574 3.22215
      vertex 17.6311 -33.027 2.70327
      vertex 18.0157 -32.924 3.22215
    endloop
  endfacet
  facet normal 0.706358 0.0462916 -0.70634
    outer loop
      vertex 17.2967 -34 2.2408
      vertex 17.2685 -33.5697 2.2408
      vertex 17.727 -33.5093 2.70327
    endloop
  endfacet
  facet normal 0.694276 0.138049 -0.706345
    outer loop
      vertex 17.727 -33.5093 2.70327
      vertex 17.2685 -33.5697 2.2408
      vertex 17.6311 -33.027 2.70327
    endloop
  endfacet
  facet normal 0.778707 -0.154837 -0.607981
    outer loop
      vertex 18.1218 -34.5426 3.22215
      vertex 17.6311 -34.973 2.70327
      vertex 17.727 -34.4907 2.70327
    endloop
  endfacet
  facet normal 0.608336 0.0398677 -0.792678
    outer loop
      vertex 17.2967 -34 2.2408
      vertex 16.7779 -34 1.84265
      vertex 17.2685 -33.5697 2.2408
    endloop
  endfacet
  facet normal 0.660251 0.441136 -0.607838
    outer loop
      vertex 17.2556 -32.1204 2.70327
      vertex 16.9824 -31.7115 2.70327
      vertex 17.2982 -31.4692 3.22215
    endloop
  endfacet
  facet normal 0.660093 0.44123 -0.607942
    outer loop
      vertex 17.6004 -31.9213 3.22215
      vertex 17.2556 -32.1204 2.70327
      vertex 17.2982 -31.4692 3.22215
    endloop
  endfacet
  facet normal 0.922232 0.0605053 -0.381872
    outer loop
      vertex 18.4844 -34 3.78856
      vertex 18.446 -33.4147 3.78856
      vertex 18.7346 -34 4.3928
    endloop
  endfacet
  facet normal 0.864584 -0.056566 -0.499294
    outer loop
      vertex 18.4844 -34 3.78856
      vertex 18.1218 -34.5426 3.22215
      vertex 18.1573 -34 3.22215
    endloop
  endfacet
  facet normal 0.914795 0.310547 -0.258284
    outer loop
      vertex 18.5733 -32.7746 4.3928
      vertex 18.3742 -32.1881 4.3928
      vertex 18.7368 -32.7308 5.02455
    endloop
  endfacet
  facet normal 0.947512 0.188442 -0.258286
    outer loop
      vertex 18.6941 -33.382 4.3928
      vertex 18.5733 -32.7746 4.3928
      vertex 18.7368 -32.7308 5.02455
    endloop
  endfacet
  facet normal 0.393059 0.588685 -0.706368
    outer loop
      vertex 16 -31.0258 2.5359
      vertex 16.2885 -31.0176 2.70327
      vertex 16.0069 -31.3845 2.2408
    endloop
  endfacet
  facet normal 0.392647 0.589747 -0.70571
    outer loop
      vertex 16.2885 -31.0176 2.70327
      vertex 16 -31.0258 2.5359
      vertex 16.2505 -30.9923 2.70327
    endloop
  endfacet
  facet normal 0.393469 0.588578 -0.706228
    outer loop
      vertex 16 -31.0258 2.5359
      vertex 16.0069 -31.3845 2.2408
      vertex 15.9346 -31.0208 2.50363
    endloop
  endfacet
  facet normal 0.440371 0.661427 -0.607114
    outer loop
      vertex 16.2885 -31.0176 2.70327
      vertex 16.2505 -30.9923 2.70327
      vertex 16.3057 -30.9952 2.74015
    endloop
  endfacet
  facet normal 0.77718 0.383198 -0.499151
    outer loop
      vertex 18.143 -32.2839 3.78856
      vertex 17.8409 -32.409 3.22215
      vertex 17.8836 -31.7578 3.78856
    endloop
  endfacet
  facet normal 0.77714 0.383232 -0.499187
    outer loop
      vertex 17.8409 -32.409 3.22215
      vertex 17.6004 -31.9213 3.22215
      vertex 17.8836 -31.7578 3.78856
    endloop
  endfacet
  facet normal 0.824553 0.550475 0.130728
    outer loop
      vertex 18.3209 -31.5054 6.32701
      vertex 17.9071 -31.002 6.81727
      vertex 17.8905 -31.0147 6.97545
    endloop
  endfacet
  facet normal 0.824373 0.550879 0.130162
    outer loop
      vertex 17.9071 -31.002 6.81727
      vertex 18.3209 -31.5054 6.32701
      vertex 17.9658 -31.0201 6.5221
    endloop
  endfacet
  facet normal 0.824385 0.550823 0.130321
    outer loop
      vertex 17.9786 -30.9931 6.32701
      vertex 17.9658 -31.0201 6.5221
      vertex 18.3209 -31.5054 6.32701
    endloop
  endfacet
  facet normal 0.824342 0.550901 0.130266
    outer loop
      vertex 18.3209 -31.5054 6.32701
      vertex 17.8905 -31.0147 6.97545
      vertex 18.2469 -31.548 6.97545
    endloop
  endfacet
  facet normal 0.938854 0.318724 -0.13026
    outer loop
      vertex 18.8193 -32.7087 5.67299
      vertex 18.5306 -32.1233 5.02455
      vertex 18.6095 -32.0907 5.67299
    endloop
  endfacet
  facet normal -0.00861114 0.1305 -0.991411
    outer loop
      vertex 13.9573 -33.6758 1.01071
      vertex 13.8727 -33.0329 1.09607
      vertex 14 -33.0245 1.09607
    endloop
  endfacet
  facet normal -0.245595 0.0833047 -0.965787
    outer loop
      vertex 13.0988 -33.6267 1.09607
      vertex 12.4476 -33.584 1.26535
      vertex 12.5151 -33.385 1.26535
    endloop
  endfacet
  facet normal -0.278279 0.416384 -0.865555
    outer loop
      vertex 12.8943 -32.0848 1.51564
      vertex 12.309 -31.7962 1.84265
      vertex 12.6111 -31.5943 1.84265
    endloop
  endfacet
  facet normal -0.213004 0.318777 -0.923586
    outer loop
      vertex 13.0216 -32.7249 1.26535
      vertex 12.8943 -32.0848 1.51564
      vertex 13.1964 -32.6081 1.26535
    endloop
  endfacet
  facet normal -0.458213 -0.401961 0.79276
    outer loop
      vertex 12.0358 -35.9642 10.1573
      vertex 11.3845 -36.0069 9.7592
      vertex 11.6689 -36.3311 9.7592
    endloop
  endfacet
  facet normal -0.401961 -0.458213 0.79276
    outer loop
      vertex 12.0358 -35.9642 10.1573
      vertex 11.6689 -36.3311 9.7592
      vertex 11.9931 -36.6155 9.7592
    endloop
  endfacet
  facet normal -0.393196 -0.588563 0.706392
    outer loop
      vertex 12.3516 -36.855 9.7592
      vertex 11.9931 -36.6155 9.7592
      vertex 12.1204 -37.2556 9.29673
    endloop
  endfacet
  facet normal -0.338578 -0.506806 0.792788
    outer loop
      vertex 12.309 -36.2038 10.1573
      vertex 11.9931 -36.6155 9.7592
      vertex 12.3516 -36.855 9.7592
    endloop
  endfacet
  facet normal -0.751865 -0.255182 0.607932
    outer loop
      vertex 10.3689 -34.973 9.29673
      vertex 9.98431 -35.076 8.77785
      vertex 10.1591 -35.591 8.77785
    endloop
  endfacet
  facet normal -0.712104 -0.35116 0.607943
    outer loop
      vertex 10.7444 -35.8796 9.29673
      vertex 10.1591 -35.591 8.77785
      vertex 10.3996 -36.0787 8.77785
    endloop
  endfacet
  facet normal -0.466743 -0.532061 0.706443
    outer loop
      vertex 11.6689 -36.3311 9.7592
      vertex 11.3418 -36.6582 9.29673
      vertex 11.9931 -36.6155 9.7592
    endloop
  endfacet
  facet normal -0.532061 -0.466743 0.706443
    outer loop
      vertex 11.3845 -36.0069 9.7592
      vertex 11.3418 -36.6582 9.29673
      vertex 11.6689 -36.3311 9.7592
    endloop
  endfacet
  facet normal -0.97243 -0.193435 -0.130241
    outer loop
      vertex 9.26317 -35.2692 5.02455
      vertex 9.05339 -34.6512 5.67299
      vertex 9.13803 -34.6401 5.02455
    endloop
  endfacet
  facet normal -0.972431 -0.193423 -0.130253
    outer loop
      vertex 9.18071 -35.2913 5.67299
      vertex 9.05339 -34.6512 5.67299
      vertex 9.26317 -35.2692 5.02455
    endloop
  endfacet
  facet normal -0.896865 -0.442303 0
    outer loop
      vertex 9.67914 -36.4946 5.67299
      vertex 9.39049 -35.9093 6.32701
      vertex 9.39049 -35.9093 5.67299
    endloop
  endfacet
  facet normal -0.896865 -0.442303 0
    outer loop
      vertex 9.39049 -35.9093 6.32701
      vertex 9.67914 -36.4946 5.67299
      vertex 9.67914 -36.4946 6.32701
    endloop
  endfacet
  facet normal -0.523481 -0.597075 0.60784
    outer loop
      vertex 11.7115 -36.9824 9.29673
      vertex 11.0603 -36.9397 8.77785
      vertex 11.4692 -37.2982 8.77785
    endloop
  endfacet
  facet normal -0.571202 -0.651504 0.49927
    outer loop
      vertex 11.4692 -37.2982 8.77785
      vertex 11.0603 -36.9397 8.77785
      vertex 11.2701 -37.5577 8.21144
    endloop
  endfacet
  facet normal -0.824336 -0.550928 0.130191
    outer loop
      vertex 9.75308 -36.452 6.97545
      vertex 9.67914 -36.4946 6.32701
      vertex 10.1095 -36.9853 6.97545
    endloop
  endfacet
  facet normal -0.803189 -0.536795 0.258339
    outer loop
      vertex 9.89967 -36.3673 7.6072
      vertex 9.75308 -36.452 6.97545
      vertex 10.1095 -36.9853 6.97545
    endloop
  endfacet
  facet normal -0.745478 -0.653665 -0.130325
    outer loop
      vertex 10.472 -37.528 5.67299
      vertex 10.1095 -36.9853 5.02455
      vertex 10.5324 -37.4676 5.02455
    endloop
  endfacet
  facet normal -0.745448 -0.653691 -0.130364
    outer loop
      vertex 10.472 -37.528 5.67299
      vertex 10.0417 -37.0373 5.67299
      vertex 10.1095 -36.9853 5.02455
    endloop
  endfacet
  facet normal -0.712104 0.35116 0.607943
    outer loop
      vertex 10.3996 -31.9213 8.77785
      vertex 10.1591 -32.409 8.77785
      vertex 10.7444 -32.1204 9.29673
    endloop
  endfacet
  facet normal -0.660093 0.44123 0.607942
    outer loop
      vertex 10.7018 -31.4692 8.77785
      vertex 10.3996 -31.9213 8.77785
      vertex 10.7444 -32.1204 9.29673
    endloop
  endfacet
  facet normal -0.651504 0.571202 0.49927
    outer loop
      vertex 11.0603 -31.0603 8.77785
      vertex 10.4423 -31.2701 8.21144
      vertex 10.7018 -31.4692 8.77785
    endloop
  endfacet
  facet normal -0.608288 -0.0398646 0.792715
    outer loop
      vertex 11.2221 -34 10.1573
      vertex 10.7033 -34 9.7592
      vertex 10.7315 -34.4303 9.7592
    endloop
  endfacet
  facet normal -0.608288 0.0398646 0.792715
    outer loop
      vertex 10.7315 -33.5697 9.7592
      vertex 10.7033 -34 9.7592
      vertex 11.2221 -34 10.1573
    endloop
  endfacet
  facet normal -0.706324 0.0463494 0.70637
    outer loop
      vertex 10.273 -33.5093 9.29673
      vertex 10.2408 -34 9.29673
      vertex 10.7033 -34 9.7592
    endloop
  endfacet
  facet normal -0.706358 0.0462916 0.70634
    outer loop
      vertex 10.7315 -33.5697 9.7592
      vertex 10.273 -33.5093 9.29673
      vertex 10.7033 -34 9.7592
    endloop
  endfacet
  facet normal -0.634915 0.313026 0.706327
    outer loop
      vertex 11.1449 -32.3516 9.7592
      vertex 10.7444 -32.1204 9.29673
      vertex 10.9542 -32.7384 9.7592
    endloop
  endfacet
  facet normal -0.712105 0.351047 0.608007
    outer loop
      vertex 10.7444 -32.1204 9.29673
      vertex 10.1591 -32.409 8.77785
      vertex 10.527 -32.5614 9.29673
    endloop
  endfacet
  facet normal -0.778732 0.154885 0.607936
    outer loop
      vertex 9.98431 -32.924 8.77785
      vertex 9.87822 -33.4574 8.77785
      vertex 10.3689 -33.027 9.29673
    endloop
  endfacet
  facet normal -0.751865 0.255182 0.607932
    outer loop
      vertex 10.1591 -32.409 8.77785
      vertex 9.98431 -32.924 8.77785
      vertex 10.3689 -33.027 9.29673
    endloop
  endfacet
  facet normal -0.491254 0.0977271 0.865516
    outer loop
      vertex 11.3168 -33.281 10.1573
      vertex 11.2459 -33.6374 10.1573
      vertex 11.8075 -33.7113 10.4844
    endloop
  endfacet
  facet normal -0.597853 0.118933 0.792734
    outer loop
      vertex 11.3168 -33.281 10.1573
      vertex 10.7315 -33.5697 9.7592
      vertex 11.2459 -33.6374 10.1573
    endloop
  endfacet
  facet normal -0.97243 0.193435 -0.130241
    outer loop
      vertex 9.13803 -33.3599 5.02455
      vertex 9.05339 -33.3488 5.67299
      vertex 9.26317 -32.7308 5.02455
    endloop
  endfacet
  facet normal -0.972431 0.193423 -0.130253
    outer loop
      vertex 9.26317 -32.7308 5.02455
      vertex 9.05339 -33.3488 5.67299
      vertex 9.18071 -32.7087 5.67299
    endloop
  endfacet
  facet normal -0.84984 0.169028 -0.499201
    outer loop
      vertex 9.87822 -33.4574 3.22215
      vertex 9.554 -33.4147 3.78856
      vertex 9.98431 -32.924 3.22215
    endloop
  endfacet
  facet normal -0.792281 -0.0519899 -0.607938
    outer loop
      vertex 10.273 -34.4907 2.70327
      vertex 9.84265 -34 3.22215
      vertex 10.2408 -34 2.70327
    endloop
  endfacet
  facet normal -0.706324 0.0463494 -0.70637
    outer loop
      vertex 10.7033 -34 2.2408
      vertex 10.2408 -34 2.70327
      vertex 10.273 -33.5093 2.70327
    endloop
  endfacet
  facet normal -0.706324 -0.0463494 -0.70637
    outer loop
      vertex 10.273 -34.4907 2.70327
      vertex 10.2408 -34 2.70327
      vertex 10.7033 -34 2.2408
    endloop
  endfacet
  facet normal -0.660093 0.44123 -0.607942
    outer loop
      vertex 10.7444 -32.1204 2.70327
      vertex 10.3996 -31.9213 3.22215
      vertex 10.7018 -31.4692 3.22215
    endloop
  endfacet
  facet normal -0.751865 0.255182 -0.607932
    outer loop
      vertex 10.3689 -33.027 2.70327
      vertex 9.98431 -32.924 3.22215
      vertex 10.1591 -32.409 3.22215
    endloop
  endfacet
  facet normal -0.438511 -0.889232 -0.130288
    outer loop
      vertex 12.1233 -38.5306 5.02455
      vertex 11.5054 -38.3209 5.67299
      vertex 11.548 -38.2469 5.02455
    endloop
  endfacet
  facet normal -0.550901 -0.824342 -0.130266
    outer loop
      vertex 11.5054 -38.3209 5.67299
      vertex 11.0147 -37.8905 5.02455
      vertex 11.548 -38.2469 5.02455
    endloop
  endfacet
  facet normal -0.188442 -0.947512 -0.258286
    outer loop
      vertex 13.382 -38.6941 4.3928
      vertex 12.7308 -38.7368 5.02455
      vertex 12.7746 -38.5733 4.3928
    endloop
  endfacet
  facet normal -0.310547 -0.914795 -0.258284
    outer loop
      vertex 12.7308 -38.7368 5.02455
      vertex 12.1881 -38.3742 4.3928
      vertex 12.7746 -38.5733 4.3928
    endloop
  endfacet
  facet normal 0.0631727 -0.963969 -0.258404
    outer loop
      vertex 14.6401 -38.862 5.02455
      vertex 14 -38.7346 4.3928
      vertex 14.618 -38.6941 4.3928
    endloop
  endfacet
  facet normal -0.0605053 -0.922232 -0.381872
    outer loop
      vertex 14 -38.7346 4.3928
      vertex 13.4147 -38.446 3.78856
      vertex 14 -38.4844 3.78856
    endloop
  endfacet
  facet normal 0.491153 -0.0977069 -0.865576
    outer loop
      vertex 16.6832 -34.719 1.84265
      vertex 16.1925 -34.2887 1.51564
      vertex 16.7541 -34.3626 1.84265
    endloop
  endfacet
  facet normal 0.597881 -0.11887 -0.792722
    outer loop
      vertex 17.1844 -34.8533 2.2408
      vertex 16.6832 -34.719 1.84265
      vertex 17.2685 -34.4303 2.2408
    endloop
  endfacet
  facet normal 0.474213 0.161014 -0.865562
    outer loop
      vertex 16.1361 -33.4276 1.51564
      vertex 16.0431 -33.1537 1.51564
      vertex 16.5664 -32.937 1.84265
    endloop
  endfacet
  facet normal 0.37601 0.0747643 -0.923595
    outer loop
      vertex 15.5934 -33.7902 1.26535
      vertex 15.5524 -33.584 1.26535
      vertex 16.1925 -33.7113 1.51564
    endloop
  endfacet
  facet normal 0.288333 -0.25277 -0.923565
    outer loop
      vertex 15.5637 -35.5637 1.51564
      vertex 15.1365 -35.1365 1.26535
      vertex 15.2751 -34.9784 1.26535
    endloop
  endfacet
  facet normal 0.416384 -0.278279 -0.865555
    outer loop
      vertex 16.2038 -35.691 1.84265
      vertex 15.9152 -35.1057 1.51564
      vertex 16.4057 -35.3889 1.84265
    endloop
  endfacet
  facet normal 0.506777 -0.338699 -0.792755
    outer loop
      vertex 16.6155 -36.0069 2.2408
      vertex 16.2038 -35.691 1.84265
      vertex 16.8551 -35.6484 2.2408
    endloop
  endfacet
  facet normal 0.506778 -0.338691 -0.792757
    outer loop
      vertex 16.8551 -35.6484 2.2408
      vertex 16.2038 -35.691 1.84265
      vertex 16.4057 -35.3889 1.84265
    endloop
  endfacet
  facet normal -0.0976498 0.491192 -0.86556
    outer loop
      vertex 13.4276 -31.8639 1.51564
      vertex 13.281 -31.3168 1.84265
      vertex 13.7113 -31.8075 1.51564
    endloop
  endfacet
  facet normal 0.144089 0.215626 -0.965787
    outer loop
      vertex 14.5938 -33.2261 1.09607
      vertex 14.4877 -33.1552 1.09607
      vertex 14.9784 -32.7249 1.26535
    endloop
  endfacet
  facet normal 0.128308 -0.0254166 -0.991409
    outer loop
      vertex 14.9422 -34.2525 1.09607
      vertex 14.3159 -34.0846 1.01071
      vertex 14.3242 -34.0427 1.01071
    endloop
  endfacet
  facet normal 0.123783 0.0421779 -0.991413
    outer loop
      vertex 14.3159 -33.9154 1.01071
      vertex 14.3021 -33.8749 1.01071
      vertex 14.9012 -33.6267 1.09607
    endloop
  endfacet
  facet normal 0.382543 0.0251625 -0.923595
    outer loop
      vertex 15.6072 -34 1.26535
      vertex 15.5934 -33.7902 1.26535
      vertex 16.1925 -33.7113 1.51564
    endloop
  endfacet
  facet normal 0.258805 -0.0170234 -0.96578
    outer loop
      vertex 15.5934 -34.2098 1.26535
      vertex 14.9755 -34 1.09607
      vertex 15.6072 -34 1.26535
    endloop
  endfacet
  facet normal 0.130496 -0.00855714 -0.991412
    outer loop
      vertex 14.9755 -34 1.09607
      vertex 14.3242 -34.0427 1.01071
      vertex 14.327 -34 1.01071
    endloop
  endfacet
  facet normal 0.25437 -0.0505895 -0.965783
    outer loop
      vertex 15.5524 -34.416 1.26535
      vertex 14.9422 -34.2525 1.09607
      vertex 14.9671 -34.1273 1.09607
    endloop
  endfacet
  facet normal 0.416426 0.278252 -0.865543
    outer loop
      vertex 15.9152 -32.8943 1.51564
      vertex 15.7545 -32.6538 1.51564
      vertex 16.2038 -32.309 1.84265
    endloop
  endfacet
  facet normal 0.416384 0.278279 -0.865555
    outer loop
      vertex 16.4057 -32.6111 1.84265
      vertex 15.9152 -32.8943 1.51564
      vertex 16.2038 -32.309 1.84265
    endloop
  endfacet
  facet normal 0.401993 0.458249 -0.792723
    outer loop
      vertex 16.3311 -31.6689 2.2408
      vertex 15.9642 -32.0358 1.84265
      vertex 16.0069 -31.3845 2.2408
    endloop
  endfacet
  facet normal 0.458249 0.401993 -0.792723
    outer loop
      vertex 16.6155 -31.9931 2.2408
      vertex 15.9642 -32.0358 1.84265
      vertex 16.3311 -31.6689 2.2408
    endloop
  endfacet
  facet normal -0.408699 -0.828899 -0.381959
    outer loop
      vertex 12.1881 -38.3742 4.3928
      vertex 11.7578 -37.8836 3.78856
      vertex 12.2839 -38.143 3.78856
    endloop
  endfacet
  facet normal -0.383185 -0.777153 -0.499202
    outer loop
      vertex 12.2839 -38.143 3.78856
      vertex 11.7578 -37.8836 3.78856
      vertex 12.4091 -37.8409 3.22215
    endloop
  endfacet
  facet normal -0.338604 -0.506846 -0.792751
    outer loop
      vertex 12.3516 -36.855 2.2408
      vertex 11.9931 -36.6155 2.2408
      vertex 12.309 -36.2038 1.84265
    endloop
  endfacet
  facet normal -0.338725 -0.506829 -0.79271
    outer loop
      vertex 12.3516 -36.855 2.2408
      vertex 12.309 -36.2038 1.84265
      vertex 12.6111 -36.4057 1.84265
    endloop
  endfacet
  facet normal -0.712105 -0.351047 -0.608007
    outer loop
      vertex 10.7444 -35.8796 2.70327
      vertex 10.1591 -35.591 3.22215
      vertex 10.527 -35.4386 2.70327
    endloop
  endfacet
  facet normal -0.546707 -0.269579 -0.792741
    outer loop
      vertex 11.5943 -35.3889 1.84265
      vertex 10.9542 -35.2616 2.2408
      vertex 11.4336 -35.063 1.84265
    endloop
  endfacet
  facet normal -0.597075 -0.523481 -0.60784
    outer loop
      vertex 11.0603 -36.9397 3.22215
      vertex 10.7018 -36.5308 3.22215
      vertex 11.0176 -36.2885 2.70327
    endloop
  endfacet
  facet normal -0.651504 -0.571202 -0.49927
    outer loop
      vertex 11.0603 -36.9397 3.22215
      vertex 10.4423 -36.7299 3.78856
      vertex 10.7018 -36.5308 3.22215
    endloop
  endfacet
  facet normal -0.321463 -0.946922 0
    outer loop
      vertex 12.0907 -38.6095 5.67299
      vertex 12.7087 -38.8193 6.32701
      vertex 12.0907 -38.6095 6.32701
    endloop
  endfacet
  facet normal -0.321463 -0.946922 -0
    outer loop
      vertex 12.7087 -38.8193 6.32701
      vertex 12.0907 -38.6095 5.67299
      vertex 12.7087 -38.8193 5.67299
    endloop
  endfacet
  facet normal -0.310504 -0.914799 0.258322
    outer loop
      vertex 12.1881 -38.3742 7.6072
      vertex 12.1233 -38.5306 6.97545
      vertex 12.7308 -38.7368 6.97545
    endloop
  endfacet
  facet normal -0.310547 -0.914795 0.258284
    outer loop
      vertex 12.7746 -38.5733 7.6072
      vertex 12.1881 -38.3742 7.6072
      vertex 12.7308 -38.7368 6.97545
    endloop
  endfacet
  facet normal -0.726374 -0.636914 0.258307
    outer loop
      vertex 10.6521 -37.3479 7.6072
      vertex 10.1095 -36.9853 6.97545
      vertex 10.5324 -37.4676 6.97545
    endloop
  endfacet
  facet normal -0.745478 -0.653665 0.130325
    outer loop
      vertex 10.5324 -37.4676 6.97545
      vertex 10.1095 -36.9853 6.97545
      vertex 10.472 -37.528 6.32701
    endloop
  endfacet
  facet normal -0.0648729 -0.98935 -0.130298
    outer loop
      vertex 14 -38.9893 5.67299
      vertex 13.3488 -38.9466 5.67299
      vertex 14 -38.9039 5.02455
    endloop
  endfacet
  facet normal -0.0647628 -0.989372 -0.130189
    outer loop
      vertex 14 -38.9039 5.02455
      vertex 13.3488 -38.9466 5.67299
      vertex 13.3599 -38.862 5.02455
    endloop
  endfacet
  facet normal -0.0631015 -0.963992 0.258336
    outer loop
      vertex 14 -38.7346 7.6072
      vertex 13.3599 -38.862 6.97545
      vertex 14 -38.9039 6.97545
    endloop
  endfacet
  facet normal -0.180272 -0.906436 0.381937
    outer loop
      vertex 13.4147 -38.446 8.21144
      vertex 12.7746 -38.5733 7.6072
      vertex 13.382 -38.6941 7.6072
    endloop
  endfacet
  facet normal -0.168993 -0.849838 0.499216
    outer loop
      vertex 12.924 -38.0157 8.77785
      vertex 12.8394 -38.3316 8.21144
      vertex 13.4147 -38.446 8.21144
    endloop
  endfacet
  facet normal -0.154898 -0.778722 0.607946
    outer loop
      vertex 13.027 -37.6311 9.29673
      vertex 12.924 -38.0157 8.77785
      vertex 13.4574 -38.1218 8.77785
    endloop
  endfacet
  facet normal -0.449267 -0.221532 0.865495
    outer loop
      vertex 12.0848 -35.1057 10.4844
      vertex 11.4336 -35.063 10.1573
      vertex 11.5943 -35.3889 10.1573
    endloop
  endfacet
  facet normal -0.474312 -0.161046 0.865501
    outer loop
      vertex 11.8639 -34.5724 10.4844
      vertex 11.3168 -34.719 10.1573
      vertex 11.4336 -35.063 10.1573
    endloop
  endfacet
  facet normal 0.144026 0.215531 0.965817
    outer loop
      vertex 14.9784 -32.7249 10.7347
      vertex 14.4877 -33.1552 10.9039
      vertex 14.5938 -33.2261 10.9039
    endloop
  endfacet
  facet normal -0.0983271 -0.086331 0.991402
    outer loop
      vertex 13.7688 -34.2312 10.9893
      vertex 13.2261 -34.5938 10.9039
      vertex 13.3103 -34.6897 10.9039
    endloop
  endfacet
  facet normal -0.194803 -0.171037 0.965815
    outer loop
      vertex 13.2261 -34.5938 10.9039
      vertex 12.7249 -34.9784 10.7347
      vertex 13.3103 -34.6897 10.9039
    endloop
  endfacet
  facet normal -0.14402 -0.215537 0.965817
    outer loop
      vertex 13.5123 -34.8448 10.9039
      vertex 13.0216 -35.2751 10.7347
      vertex 13.1964 -35.3919 10.7347
    endloop
  endfacet
  facet normal -0.213011 -0.318787 0.92358
    outer loop
      vertex 13.0216 -35.2751 10.7347
      vertex 12.8943 -35.9152 10.4844
      vertex 13.1964 -35.3919 10.7347
    endloop
  endfacet
  facet normal 0.130557 -0.00856108 0.991404
    outer loop
      vertex 14.327 -34 10.9893
      vertex 14.3242 -34.0427 10.9893
      vertex 14.9755 -34 10.9039
    endloop
  endfacet
  facet normal -0.820536 -0.278488 0.499163
    outer loop
      vertex 9.98431 -35.076 8.77785
      vertex 9.85699 -35.7161 8.21144
      vertex 10.1591 -35.591 8.77785
    endloop
  endfacet
  facet normal -0.777169 -0.383207 0.499161
    outer loop
      vertex 10.1591 -35.591 8.77785
      vertex 9.85699 -35.7161 8.21144
      vertex 10.1164 -36.2422 8.21144
    endloop
  endfacet
  facet normal 0.659318 -0.751864 0
    outer loop
      vertex 17.0373 -37.9583 5.67299
      vertex 17.528 -37.528 6.32701
      vertex 17.0373 -37.9583 6.32701
    endloop
  endfacet
  facet normal 0.659318 -0.751864 0
    outer loop
      vertex 17.528 -37.528 6.32701
      vertex 17.0373 -37.9583 5.67299
      vertex 17.528 -37.528 5.67299
    endloop
  endfacet
  facet normal 0.745478 -0.653665 -0.130325
    outer loop
      vertex 17.528 -37.528 5.67299
      vertex 17.4676 -37.4676 5.02455
      vertex 17.8905 -36.9853 5.02455
    endloop
  endfacet
  facet normal 0.726374 -0.636914 -0.258307
    outer loop
      vertex 17.4676 -37.4676 5.02455
      vertex 17.3479 -37.3479 4.3928
      vertex 17.8905 -36.9853 5.02455
    endloop
  endfacet
  facet normal 0.441136 -0.660251 -0.607838
    outer loop
      vertex 16.5308 -37.2982 3.22215
      vertex 15.8796 -37.2556 2.70327
      vertex 16.2885 -36.9824 2.70327
    endloop
  endfacet
  facet normal 0.393236 -0.588558 -0.706375
    outer loop
      vertex 16.2885 -36.9824 2.70327
      vertex 15.8796 -37.2556 2.70327
      vertex 16.0069 -36.6155 2.2408
    endloop
  endfacet
  facet normal 0.481499 -0.720336 -0.499274
    outer loop
      vertex 16.7299 -37.5577 3.78856
      vertex 16.0787 -37.6004 3.22215
      vertex 16.5308 -37.2982 3.22215
    endloop
  endfacet
  facet normal 0.481429 -0.720445 -0.499185
    outer loop
      vertex 16.2422 -37.8836 3.78856
      vertex 16.0787 -37.6004 3.22215
      vertex 16.7299 -37.5577 3.78856
    endloop
  endfacet
  facet normal 0.310504 -0.914799 0.258322
    outer loop
      vertex 15.8119 -38.3742 7.6072
      vertex 15.2692 -38.7368 6.97545
      vertex 15.8767 -38.5306 6.97545
    endloop
  endfacet
  facet normal 0.310547 -0.914795 0.258284
    outer loop
      vertex 15.8119 -38.3742 7.6072
      vertex 15.2254 -38.5733 7.6072
      vertex 15.2692 -38.7368 6.97545
    endloop
  endfacet
  facet normal 0.0654307 -0.997857 0
    outer loop
      vertex 14 -38.9893 5.67299
      vertex 14.6512 -38.9466 6.32701
      vertex 14 -38.9893 6.32701
    endloop
  endfacet
  facet normal 0.0654307 -0.997857 0
    outer loop
      vertex 14.6512 -38.9466 6.32701
      vertex 14 -38.9893 5.67299
      vertex 14.6512 -38.9466 5.67299
    endloop
  endfacet
  facet normal -0.0631727 -0.963969 0.258404
    outer loop
      vertex 13.382 -38.6941 7.6072
      vertex 13.3599 -38.862 6.97545
      vertex 14 -38.7346 7.6072
    endloop
  endfacet
  facet normal 0.169046 -0.84985 0.499178
    outer loop
      vertex 15.076 -38.0157 8.77785
      vertex 14.5426 -38.1218 8.77785
      vertex 14.5853 -38.446 8.21144
    endloop
  endfacet
  facet normal 0.154898 -0.778722 0.607946
    outer loop
      vertex 14.973 -37.6311 9.29673
      vertex 14.5426 -38.1218 8.77785
      vertex 15.076 -38.0157 8.77785
    endloop
  endfacet
  facet normal 0.0567268 -0.864641 0.499177
    outer loop
      vertex 14.5426 -38.1218 8.77785
      vertex 14 -38.4844 8.21144
      vertex 14.5853 -38.446 8.21144
    endloop
  endfacet
  facet normal 0.056566 -0.864584 -0.499294
    outer loop
      vertex 14.5426 -38.1218 3.22215
      vertex 14 -38.4844 3.78856
      vertex 14 -38.1573 3.22215
    endloop
  endfacet
  facet normal -0.056566 -0.864584 -0.499294
    outer loop
      vertex 14 -38.4844 3.78856
      vertex 13.4574 -38.1218 3.22215
      vertex 14 -38.1573 3.22215
    endloop
  endfacet
  facet normal 0.138049 -0.694276 -0.706345
    outer loop
      vertex 14.4907 -37.727 2.70327
      vertex 14.4303 -37.2685 2.2408
      vertex 14.973 -37.6311 2.70327
    endloop
  endfacet
  facet normal 0.118943 -0.5979 -0.792697
    outer loop
      vertex 14.4303 -37.2685 2.2408
      vertex 14.3626 -36.7541 1.84265
      vertex 14.719 -36.6832 1.84265
    endloop
  endfacet
  facet normal 0.255282 -0.751797 -0.607974
    outer loop
      vertex 15.5909 -37.8409 3.22215
      vertex 14.973 -37.6311 2.70327
      vertex 15.4386 -37.473 2.70327
    endloop
  endfacet
  facet normal 0.227613 -0.670315 -0.706307
    outer loop
      vertex 15.4386 -37.473 2.70327
      vertex 14.973 -37.6311 2.70327
      vertex 15.2616 -37.0458 2.2408
    endloop
  endfacet
  facet normal 0.269678 -0.546706 -0.792708
    outer loop
      vertex 15.6484 -36.855 2.2408
      vertex 15.2616 -37.0458 2.2408
      vertex 15.3889 -36.4057 1.84265
    endloop
  endfacet
  facet normal 0.278279 -0.416384 -0.865555
    outer loop
      vertex 15.3889 -36.4057 1.84265
      vertex 15.1057 -35.9152 1.51564
      vertex 15.691 -36.2038 1.84265
    endloop
  endfacet
  facet normal 0.195978 -0.577197 -0.79274
    outer loop
      vertex 15.2616 -37.0458 2.2408
      vertex 14.719 -36.6832 1.84265
      vertex 15.063 -36.5664 1.84265
    endloop
  endfacet
  facet normal 0.161012 -0.474214 -0.865561
    outer loop
      vertex 14.719 -36.6832 1.84265
      vertex 14.5724 -36.1361 1.51564
      vertex 15.063 -36.5664 1.84265
    endloop
  endfacet
  facet normal 0.0747535 -0.376021 0.923591
    outer loop
      vertex 14.416 -35.5524 10.7347
      vertex 14.2887 -36.1925 10.4844
      vertex 14.5724 -36.1361 10.4844
    endloop
  endfacet
  facet normal 0.213011 -0.318787 0.92358
    outer loop
      vertex 14.9784 -35.2751 10.7347
      vertex 14.8036 -35.3919 10.7347
      vertex 15.1057 -35.9152 10.4844
    endloop
  endfacet
  facet normal 0.232498 -0.114646 0.965816
    outer loop
      vertex 15.4849 -34.615 10.7347
      vertex 14.8448 -34.4877 10.9039
      vertex 15.3919 -34.8036 10.7347
    endloop
  endfacet
  facet normal 0.215531 -0.144026 0.965817
    outer loop
      vertex 14.8448 -34.4877 10.9039
      vertex 14.7739 -34.5938 10.9039
      vertex 15.2751 -34.9784 10.7347
    endloop
  endfacet
  facet normal 0.0578582 -0.117358 0.991403
    outer loop
      vertex 14.4877 -34.8448 10.9039
      vertex 14.1635 -34.2832 10.9893
      vertex 14.3733 -34.9012 10.9039
    endloop
  endfacet
  facet normal 0.114625 -0.232502 0.965818
    outer loop
      vertex 14.4877 -34.8448 10.9039
      vertex 14.3733 -34.9012 10.9039
      vertex 14.615 -35.4849 10.7347
    endloop
  endfacet
  facet normal 0.258691 0.0170159 0.96581
    outer loop
      vertex 15.5934 -33.7902 10.7347
      vertex 14.9755 -34 10.9039
      vertex 15.6072 -34 10.7347
    endloop
  endfacet
  facet normal 0.382556 0.0251633 0.92359
    outer loop
      vertex 16.1925 -33.7113 10.4844
      vertex 15.5934 -33.7902 10.7347
      vertex 15.6072 -34 10.7347
    endloop
  endfacet
  facet normal 0.449268 0.221517 0.865499
    outer loop
      vertex 16.5664 -32.937 10.1573
      vertex 15.9152 -32.8943 10.4844
      vertex 16.0431 -33.1537 10.4844
    endloop
  endfacet
  facet normal 0.376021 0.0747535 0.923591
    outer loop
      vertex 16.1361 -33.4276 10.4844
      vertex 15.5524 -33.584 10.7347
      vertex 16.1925 -33.7113 10.4844
    endloop
  endfacet
  facet normal 0.288343 0.252778 0.923559
    outer loop
      vertex 15.5637 -32.4363 10.4844
      vertex 15.1365 -32.8635 10.7347
      vertex 15.2751 -33.0216 10.7347
    endloop
  endfacet
  facet normal 0.10879 0.0726972 0.991403
    outer loop
      vertex 14.7739 -33.4062 10.9039
      vertex 14.2594 -33.8009 10.9893
      vertex 14.8448 -33.5123 10.9039
    endloop
  endfacet
  facet normal 0.474312 -0.161046 0.865501
    outer loop
      vertex 16.6832 -34.719 10.1573
      vertex 16.1361 -34.5724 10.4844
      vertex 16.5664 -35.063 10.1573
    endloop
  endfacet
  facet normal 0.47431 -0.161047 0.865502
    outer loop
      vertex 16.1361 -34.5724 10.4844
      vertex 16.0431 -34.8463 10.4844
      vertex 16.5664 -35.063 10.1573
    endloop
  endfacet
  facet normal 0.288343 -0.252778 0.923559
    outer loop
      vertex 15.2751 -34.9784 10.7347
      vertex 15.1365 -35.1365 10.7347
      vertex 15.5637 -35.5637 10.4844
    endloop
  endfacet
  facet normal 0.252778 -0.288343 0.923559
    outer loop
      vertex 15.1365 -35.1365 10.7347
      vertex 14.9784 -35.2751 10.7347
      vertex 15.5637 -35.5637 10.4844
    endloop
  endfacet
  facet normal 0.0747669 -0.376023 0.923589
    outer loop
      vertex 14.416 -35.5524 10.7347
      vertex 14.2098 -35.5934 10.7347
      vertex 14.2887 -36.1925 10.4844
    endloop
  endfacet
  facet normal 0.0505566 -0.254263 0.965813
    outer loop
      vertex 14.416 -35.5524 10.7347
      vertex 14.1273 -34.9671 10.9039
      vertex 14.2098 -35.5934 10.7347
    endloop
  endfacet
  facet normal -0.0463494 -0.706324 0.70637
    outer loop
      vertex 14 -37.2967 9.7592
      vertex 13.5093 -37.727 9.29673
      vertex 14 -37.7592 9.29673
    endloop
  endfacet
  facet normal -0.0519923 -0.792318 0.607889
    outer loop
      vertex 14 -37.7592 9.29673
      vertex 13.5093 -37.727 9.29673
      vertex 14 -38.1573 8.77785
    endloop
  endfacet
  facet normal 0.252844 -0.288226 0.923578
    outer loop
      vertex 15.5637 -35.5637 10.4844
      vertex 14.9784 -35.2751 10.7347
      vertex 15.3462 -35.7545 10.4844
    endloop
  endfacet
  facet normal 0.0977271 -0.491254 0.865516
    outer loop
      vertex 14.719 -36.6832 10.1573
      vertex 14.2887 -36.1925 10.4844
      vertex 14.3626 -36.7541 10.1573
    endloop
  endfacet
  facet normal 0.195929 -0.577185 0.792761
    outer loop
      vertex 15.2616 -37.0458 9.7592
      vertex 14.719 -36.6832 10.1573
      vertex 14.8533 -37.1844 9.7592
    endloop
  endfacet
  facet normal 0.227539 -0.670305 0.706341
    outer loop
      vertex 15.2616 -37.0458 9.7592
      vertex 14.8533 -37.1844 9.7592
      vertex 14.973 -37.6311 9.29673
    endloop
  endfacet
  facet normal -0.0328054 -0.499799 0.86552
    outer loop
      vertex 13.7113 -36.1925 10.4844
      vertex 13.6374 -36.7541 10.1573
      vertex 14 -36.7779 10.1573
    endloop
  endfacet
  facet normal -0.0977271 -0.491254 0.865516
    outer loop
      vertex 13.7113 -36.1925 10.4844
      vertex 13.281 -36.6832 10.1573
      vertex 13.6374 -36.7541 10.1573
    endloop
  endfacet
  facet normal -0.117386 0.0577759 0.991404
    outer loop
      vertex 13.7168 -33.8365 10.9893
      vertex 13.0988 -33.6267 10.9039
      vertex 13.6979 -33.8749 10.9893
    endloop
  endfacet
  facet normal -0.12384 0.0421973 0.991405
    outer loop
      vertex 13.6979 -33.8749 10.9893
      vertex 13.0988 -33.6267 10.9039
      vertex 13.6841 -33.9154 10.9893
    endloop
  endfacet
  facet normal -0.0578582 -0.117358 0.991403
    outer loop
      vertex 13.8365 -34.2832 10.9893
      vertex 13.5123 -34.8448 10.9039
      vertex 13.6267 -34.9012 10.9039
    endloop
  endfacet
  facet normal -0.0983061 0.0863624 0.991402
    outer loop
      vertex 13.7688 -33.7688 10.9893
      vertex 13.2261 -33.4062 10.9039
      vertex 13.7406 -33.8009 10.9893
    endloop
  endfacet
  facet normal 0.128367 -0.0254283 0.991401
    outer loop
      vertex 14.3242 -34.0427 10.9893
      vertex 14.3159 -34.0846 10.9893
      vertex 14.9422 -34.2525 10.9039
    endloop
  endfacet
  facet normal 0.00856108 0.130557 0.991404
    outer loop
      vertex 14 -33.0245 10.9039
      vertex 14 -33.673 10.9893
      vertex 14.0427 -33.6758 10.9893
    endloop
  endfacet
  facet normal 0.171037 -0.194803 0.965815
    outer loop
      vertex 14.6897 -34.6897 10.9039
      vertex 14.5938 -34.7739 10.9039
      vertex 14.9784 -35.2751 10.7347
    endloop
  endfacet
  facet normal 0.0727219 -0.108777 0.991403
    outer loop
      vertex 14.1991 -34.2594 10.9893
      vertex 14.1635 -34.2832 10.9893
      vertex 14.4877 -34.8448 10.9039
    endloop
  endfacet
  facet normal -0.213011 0.318788 0.92358
    outer loop
      vertex 12.8943 -32.0848 10.4844
      vertex 12.6538 -32.2455 10.4844
      vertex 13.0216 -32.7249 10.7347
    endloop
  endfacet
  facet normal -0.318787 0.213011 0.92358
    outer loop
      vertex 12.7249 -33.0216 10.7347
      vertex 12.0848 -32.8943 10.4844
      vertex 12.6081 -33.1964 10.7347
    endloop
  endfacet
  facet normal -0.169564 0.343869 0.923581
    outer loop
      vertex 13.385 -32.5151 10.7347
      vertex 12.8943 -32.0848 10.4844
      vertex 13.1964 -32.6081 10.7347
    endloop
  endfacet
  facet normal -0.0420554 0.12391 0.991402
    outer loop
      vertex 13.7475 -33.0578 10.9039
      vertex 13.6267 -33.0988 10.9039
      vertex 13.9154 -33.6841 10.9893
    endloop
  endfacet
  facet normal 0.170916 0.194897 0.965817
    outer loop
      vertex 14.9784 -32.7249 10.7347
      vertex 14.5938 -33.2261 10.9039
      vertex 14.6897 -33.3102 10.9039
    endloop
  endfacet
  facet normal 0.170876 0.194917 0.96582
    outer loop
      vertex 14.9784 -32.7249 10.7347
      vertex 14.6897 -33.3102 10.9039
      vertex 15.1365 -32.8635 10.7347
    endloop
  endfacet
  facet normal -0.128335 0.0255235 0.991402
    outer loop
      vertex 13.0578 -33.7475 10.9039
      vertex 13.0329 -33.8727 10.9039
      vertex 13.6758 -33.9573 10.9893
    endloop
  endfacet
  facet normal -0.128367 0.0254283 0.991401
    outer loop
      vertex 13.6841 -33.9154 10.9893
      vertex 13.0578 -33.7475 10.9039
      vertex 13.6758 -33.9573 10.9893
    endloop
  endfacet
  facet normal -0.31313 0.635207 0.706018
    outer loop
      vertex 12.4693 -31.0161 9.69552
      vertex 12.3516 -31.1449 9.7592
      vertex 12.6569 -30.9944 9.7592
    endloop
  endfacet
  facet normal -0.313008 0.635148 0.706126
    outer loop
      vertex 12.3516 -31.1449 9.7592
      vertex 12.4693 -31.0161 9.69552
      vertex 12.2709 -31.0051 9.59768
    endloop
  endfacet
  facet normal -0.466743 0.532061 0.706443
    outer loop
      vertex 11.9931 -31.3845 9.7592
      vertex 11.3418 -31.3418 9.29673
      vertex 11.6689 -31.6689 9.7592
    endloop
  endfacet
  facet normal -0.532061 0.466743 0.706443
    outer loop
      vertex 11.6689 -31.6689 9.7592
      vertex 11.3418 -31.3418 9.29673
      vertex 11.3845 -31.9931 9.7592
    endloop
  endfacet
  facet normal -0.458236 0.401879 0.792788
    outer loop
      vertex 12.0358 -32.0358 10.1573
      vertex 11.3845 -31.9931 9.7592
      vertex 11.7962 -32.309 10.1573
    endloop
  endfacet
  facet normal -0.363057 0.123272 0.923577
    outer loop
      vertex 11.9569 -33.1537 10.4844
      vertex 11.8639 -33.4276 10.4844
      vertex 12.5151 -33.385 10.7347
    endloop
  endfacet
  facet normal -0.474312 0.161046 0.865501
    outer loop
      vertex 11.4336 -32.937 10.1573
      vertex 11.3168 -33.281 10.1573
      vertex 11.8639 -33.4276 10.4844
    endloop
  endfacet
  facet normal 0.0577759 -0.117386 0.991404
    outer loop
      vertex 14.1635 -34.2832 10.9893
      vertex 14.1251 -34.3021 10.9893
      vertex 14.3733 -34.9012 10.9039
    endloop
  endfacet
  facet normal -0.128367 -0.0254283 0.991401
    outer loop
      vertex 13.6758 -34.0427 10.9893
      vertex 13.0578 -34.2525 10.9039
      vertex 13.6841 -34.0846 10.9893
    endloop
  endfacet
  facet normal 0.343869 -0.169564 0.923581
    outer loop
      vertex 15.4849 -34.615 10.7347
      vertex 15.3919 -34.8036 10.7347
      vertex 15.9152 -35.1057 10.4844
    endloop
  endfacet
  facet normal 0.232502 -0.114625 0.965818
    outer loop
      vertex 14.9012 -34.3733 10.9039
      vertex 14.8448 -34.4877 10.9039
      vertex 15.4849 -34.615 10.7347
    endloop
  endfacet
  facet normal 0.258674 -0.0170688 0.965814
    outer loop
      vertex 14.9755 -34 10.9039
      vertex 14.9671 -34.1273 10.9039
      vertex 15.5934 -34.2098 10.7347
    endloop
  endfacet
  facet normal 0.0421973 -0.12384 0.991405
    outer loop
      vertex 14.1251 -34.3021 10.9893
      vertex 14.0846 -34.3159 10.9893
      vertex 14.3733 -34.9012 10.9039
    endloop
  endfacet
  facet normal -0.0420554 -0.12391 0.991402
    outer loop
      vertex 13.9154 -34.3159 10.9893
      vertex 13.6267 -34.9012 10.9039
      vertex 13.7475 -34.9422 10.9039
    endloop
  endfacet
  facet normal -0.0170688 -0.258674 0.965814
    outer loop
      vertex 13.8727 -34.9671 10.9039
      vertex 13.7902 -35.5934 10.7347
      vertex 14 -34.9755 10.9039
    endloop
  endfacet
  facet normal 0.128335 -0.0255235 0.991402
    outer loop
      vertex 14.9671 -34.1273 10.9039
      vertex 14.3242 -34.0427 10.9893
      vertex 14.9422 -34.2525 10.9039
    endloop
  endfacet
  facet normal -0.330213 0.37652 -0.865559
    outer loop
      vertex 12.4363 -32.4363 1.51564
      vertex 12.0358 -32.0358 1.84265
      vertex 12.309 -31.7962 1.84265
    endloop
  endfacet
  facet normal -0.382543 -0.0251625 -0.923595
    outer loop
      vertex 12.4066 -34.2098 1.26535
      vertex 11.8075 -34.2887 1.51564
      vertex 12.3928 -34 1.26535
    endloop
  endfacet
  facet normal -0.0862268 0.0983252 -0.991412
    outer loop
      vertex 13.7688 -33.7688 1.01071
      vertex 13.3103 -33.3102 1.09607
      vertex 13.4062 -33.2261 1.09607
    endloop
  endfacet
  facet normal -0.194971 0.171006 -0.965786
    outer loop
      vertex 13.2261 -33.4062 1.09607
      vertex 12.7249 -33.0216 1.26535
      vertex 13.3103 -33.3102 1.09607
    endloop
  endfacet
  facet normal 0.0726884 -0.108727 -0.991411
    outer loop
      vertex 14.4877 -34.8448 1.09607
      vertex 14.1635 -34.2832 1.01071
      vertex 14.1991 -34.2594 1.01071
    endloop
  endfacet
  facet normal -0.288216 0.252835 -0.923583
    outer loop
      vertex 12.7249 -33.0216 1.26535
      vertex 12.2455 -32.6538 1.51564
      vertex 12.4363 -32.4363 1.51564
    endloop
  endfacet
  facet normal -0.506778 -0.338691 -0.792757
    outer loop
      vertex 11.7962 -35.691 1.84265
      vertex 11.1449 -35.6484 2.2408
      vertex 11.5943 -35.3889 1.84265
    endloop
  endfacet
  facet normal -0.499696 -0.0327986 -0.86558
    outer loop
      vertex 11.2459 -34.3626 1.84265
      vertex 11.2221 -34 1.84265
      vertex 11.8075 -34.2887 1.51564
    endloop
  endfacet
  facet normal -0.608302 -0.0399272 -0.792701
    outer loop
      vertex 11.2459 -34.3626 1.84265
      vertex 10.7315 -34.4303 2.2408
      vertex 11.2221 -34 1.84265
    endloop
  endfacet
  facet normal -0.363044 -0.123268 -0.923582
    outer loop
      vertex 11.9569 -34.8463 1.51564
      vertex 11.8639 -34.5724 1.51564
      vertex 12.5151 -34.615 1.26535
    endloop
  endfacet
  facet normal -0.363043 -0.123143 -0.923599
    outer loop
      vertex 12.5151 -34.615 1.26535
      vertex 11.8639 -34.5724 1.51564
      vertex 12.4476 -34.416 1.26535
    endloop
  endfacet
  facet normal -0.90641 -0.180297 -0.381988
    outer loop
      vertex 9.42668 -35.2254 4.3928
      vertex 9.30586 -34.618 4.3928
      vertex 9.554 -34.5853 3.78856
    endloop
  endfacet
  facet normal -0.947502 -0.188471 -0.2583
    outer loop
      vertex 9.42668 -35.2254 4.3928
      vertex 9.26317 -35.2692 5.02455
      vertex 9.30586 -34.618 4.3928
    endloop
  endfacet
  facet normal 0.0983199 0.0862347 -0.991412
    outer loop
      vertex 14.7739 -33.4062 1.09607
      vertex 14.2312 -33.7688 1.01071
      vertex 14.6897 -33.3102 1.09607
    endloop
  endfacet
  facet normal 0.0251625 -0.382543 -0.923595
    outer loop
      vertex 14.2887 -36.1925 1.51564
      vertex 14 -35.6072 1.26535
      vertex 14.2098 -35.5934 1.26535
    endloop
  endfacet
  facet normal 0.0170234 -0.258805 -0.96578
    outer loop
      vertex 14.2098 -35.5934 1.26535
      vertex 14 -35.6072 1.26535
      vertex 14 -34.9755 1.09607
    endloop
  endfacet
  facet normal -0.0747643 -0.37601 -0.923595
    outer loop
      vertex 13.7113 -36.1925 1.51564
      vertex 13.584 -35.5524 1.26535
      vertex 13.7902 -35.5934 1.26535
    endloop
  endfacet
  facet normal -0.0833047 -0.245595 -0.965787
    outer loop
      vertex 13.584 -35.5524 1.26535
      vertex 13.385 -35.4849 1.26535
      vertex 13.6267 -34.9012 1.09607
    endloop
  endfacet
  facet normal -0.194889 -0.171112 -0.965784
    outer loop
      vertex 13.3103 -34.6897 1.09607
      vertex 12.7249 -34.9784 1.26535
      vertex 13.2261 -34.5938 1.09607
    endloop
  endfacet
  facet normal 0.0726884 0.108727 -0.991411
    outer loop
      vertex 14.1991 -33.7406 1.01071
      vertex 14.1635 -33.7168 1.01071
      vertex 14.4877 -33.1552 1.09607
    endloop
  endfacet
  facet normal -0.117304 0.0578316 -0.991411
    outer loop
      vertex 13.7168 -33.8365 1.01071
      vertex 13.0988 -33.6267 1.09607
      vertex 13.1552 -33.5123 1.09607
    endloop
  endfacet
  facet normal -0.00861114 -0.1305 -0.991411
    outer loop
      vertex 14 -34.9755 1.09607
      vertex 13.8727 -34.9671 1.09607
      vertex 13.9573 -34.3242 1.01071
    endloop
  endfacet
  facet normal 0.213004 -0.318777 -0.923586
    outer loop
      vertex 15.1057 -35.9152 1.51564
      vertex 14.8036 -35.3919 1.26535
      vertex 14.9784 -35.2751 1.26535
    endloop
  endfacet
  facet normal 0.0833544 -0.245591 -0.965783
    outer loop
      vertex 14.416 -35.5524 1.26535
      vertex 14.2525 -34.9422 1.09607
      vertex 14.3733 -34.9012 1.09607
    endloop
  endfacet
  facet normal 0.288216 -0.252835 -0.923583
    outer loop
      vertex 15.5637 -35.5637 1.51564
      vertex 15.2751 -34.9784 1.26535
      vertex 15.7545 -35.3462 1.51564
    endloop
  endfacet
  facet normal 0.330213 -0.37652 -0.865559
    outer loop
      vertex 15.691 -36.2038 1.84265
      vertex 15.5637 -35.5637 1.51564
      vertex 15.9642 -35.9642 1.84265
    endloop
  endfacet
  facet normal 0.318777 -0.213004 -0.923586
    outer loop
      vertex 15.9152 -35.1057 1.51564
      vertex 15.2751 -34.9784 1.26535
      vertex 15.3919 -34.8036 1.26535
    endloop
  endfacet
  facet normal 0.2326 -0.114697 -0.965786
    outer loop
      vertex 15.3919 -34.8036 1.26535
      vertex 14.8448 -34.4877 1.09607
      vertex 15.4849 -34.615 1.26535
    endloop
  endfacet
  facet normal 0.318777 -0.213004 -0.923586
    outer loop
      vertex 15.7545 -35.3462 1.51564
      vertex 15.2751 -34.9784 1.26535
      vertex 15.9152 -35.1057 1.51564
    endloop
  endfacet
  facet normal 0.416426 -0.278252 -0.865543
    outer loop
      vertex 16.2038 -35.691 1.84265
      vertex 15.7545 -35.3462 1.51564
      vertex 15.9152 -35.1057 1.51564
    endloop
  endfacet
  facet normal 0.376498 -0.33028 -0.865543
    outer loop
      vertex 16.2038 -35.691 1.84265
      vertex 15.5637 -35.5637 1.51564
      vertex 15.7545 -35.3462 1.51564
    endloop
  endfacet
  facet normal 0.40191 -0.458272 -0.792752
    outer loop
      vertex 16.0069 -36.6155 2.2408
      vertex 15.691 -36.2038 1.84265
      vertex 15.9642 -35.9642 1.84265
    endloop
  endfacet
  facet normal 0.123143 -0.363043 -0.923599
    outer loop
      vertex 14.5724 -36.1361 1.51564
      vertex 14.416 -35.5524 1.26535
      vertex 14.615 -35.4849 1.26535
    endloop
  endfacet
  facet normal 0.123268 -0.363044 -0.923582
    outer loop
      vertex 14.8463 -36.0431 1.51564
      vertex 14.5724 -36.1361 1.51564
      vertex 14.615 -35.4849 1.26535
    endloop
  endfacet
  facet normal 0.588558 -0.393236 -0.706375
    outer loop
      vertex 16.9824 -36.2885 2.70327
      vertex 16.6155 -36.0069 2.2408
      vertex 17.2556 -35.8796 2.70327
    endloop
  endfacet
  facet normal 0.660251 -0.441136 -0.607838
    outer loop
      vertex 17.2982 -36.5308 3.22215
      vertex 16.9824 -36.2885 2.70327
      vertex 17.2556 -35.8796 2.70327
    endloop
  endfacet
  facet normal -0.694276 -0.138049 -0.706345
    outer loop
      vertex 10.3689 -34.973 2.70327
      vertex 10.273 -34.4907 2.70327
      vertex 10.7315 -34.4303 2.2408
    endloop
  endfacet
  facet normal -0.5979 -0.118943 -0.792697
    outer loop
      vertex 11.3168 -34.719 1.84265
      vertex 10.7315 -34.4303 2.2408
      vertex 11.2459 -34.3626 1.84265
    endloop
  endfacet
  facet normal -0.195944 -0.57723 -0.792724
    outer loop
      vertex 13.1467 -37.1844 2.2408
      vertex 12.7384 -37.0458 2.2408
      vertex 13.281 -36.6832 1.84265
    endloop
  endfacet
  facet normal -0.11887 -0.597881 -0.792722
    outer loop
      vertex 13.5697 -37.2685 2.2408
      vertex 13.1467 -37.1844 2.2408
      vertex 13.281 -36.6832 1.84265
    endloop
  endfacet
  facet normal -0.154837 -0.778707 -0.607981
    outer loop
      vertex 13.4574 -38.1218 3.22215
      vertex 13.027 -37.6311 2.70327
      vertex 13.5093 -37.727 2.70327
    endloop
  endfacet
  facet normal -0.138049 -0.694276 -0.706345
    outer loop
      vertex 13.5093 -37.727 2.70327
      vertex 13.027 -37.6311 2.70327
      vertex 13.5697 -37.2685 2.2408
    endloop
  endfacet
  facet normal -0.0250467 -0.382592 -0.923578
    outer loop
      vertex 14 -36.2114 1.51564
      vertex 13.7113 -36.1925 1.51564
      vertex 14 -35.6072 1.26535
    endloop
  endfacet
  facet normal -0.032711 -0.499665 -0.865601
    outer loop
      vertex 14 -36.7779 1.84265
      vertex 13.7113 -36.1925 1.51564
      vertex 14 -36.2114 1.51564
    endloop
  endfacet
  facet normal -0.213004 -0.318777 -0.923586
    outer loop
      vertex 13.1964 -35.3919 1.26535
      vertex 12.8943 -35.9152 1.51564
      vertex 13.0216 -35.2751 1.26535
    endloop
  endfacet
  facet normal -0.144084 -0.215632 -0.965786
    outer loop
      vertex 13.1964 -35.3919 1.26535
      vertex 13.0216 -35.2751 1.26535
      vertex 13.5123 -34.8448 1.09607
    endloop
  endfacet
  facet normal -0.161014 -0.474213 -0.865562
    outer loop
      vertex 13.4276 -36.1361 1.51564
      vertex 12.937 -36.5664 1.84265
      vertex 13.1537 -36.0431 1.51564
    endloop
  endfacet
  facet normal -0.221471 -0.449176 -0.865559
    outer loop
      vertex 12.937 -36.5664 1.84265
      vertex 12.8943 -35.9152 1.51564
      vertex 13.1537 -36.0431 1.51564
    endloop
  endfacet
  facet normal 0.161012 0.474214 -0.865561
    outer loop
      vertex 15.063 -31.4336 1.84265
      vertex 14.5724 -31.8639 1.51564
      vertex 14.719 -31.3168 1.84265
    endloop
  endfacet
  facet normal 0.269511 0.546722 -0.792754
    outer loop
      vertex 15.3889 -31.5943 1.84265
      vertex 15.3431 -30.9944 2.2408
      vertex 15.6484 -31.1449 2.2408
    endloop
  endfacet
  facet normal 0.269238 0.54675 -0.792827
    outer loop
      vertex 15.3431 -30.9944 2.2408
      vertex 15.3889 -31.5943 1.84265
      vertex 15.2696 -30.9944 2.21584
    endloop
  endfacet
  facet normal 0.119783 0.59816 -0.792374
    outer loop
      vertex 14.719 -31.3168 1.84265
      vertex 14.5221 -31.0236 2.03422
      vertex 14.5728 -31.0204 2.0443
    endloop
  endfacet
  facet normal 0.118929 0.597832 -0.79275
    outer loop
      vertex 14.3626 -31.2459 1.84265
      vertex 14.5221 -31.0236 2.03422
      vertex 14.719 -31.3168 1.84265
    endloop
  endfacet
  facet normal 0.118522 0.598041 -0.792654
    outer loop
      vertex 14.5221 -31.0236 2.03422
      vertex 14.3626 -31.2459 1.84265
      vertex 14.3937 -31.0093 2.02581
    endloop
  endfacet
  facet normal -0.0170234 0.258805 -0.96578
    outer loop
      vertex 14 -33.0245 1.09607
      vertex 13.7902 -32.4066 1.26535
      vertex 14 -32.3928 1.26535
    endloop
  endfacet
  facet normal -0.00855714 0.130496 -0.991412
    outer loop
      vertex 14 -33.673 1.01071
      vertex 13.9573 -33.6758 1.01071
      vertex 14 -33.0245 1.09607
    endloop
  endfacet
  facet normal -0.169548 0.343869 -0.923584
    outer loop
      vertex 13.385 -32.5151 1.26535
      vertex 12.8943 -32.0848 1.51564
      vertex 13.1537 -31.9569 1.51564
    endloop
  endfacet
  facet normal -0.123268 0.363044 -0.923582
    outer loop
      vertex 13.385 -32.5151 1.26535
      vertex 13.1537 -31.9569 1.51564
      vertex 13.4276 -31.8639 1.51564
    endloop
  endfacet
  facet normal -0.195979 0.577199 -0.792738
    outer loop
      vertex 12.937 -31.4336 1.84265
      vertex 12.8086 -31.0011 2.1893
      vertex 13.281 -31.3168 1.84265
    endloop
  endfacet
  facet normal -0.195642 0.577305 -0.792744
    outer loop
      vertex 12.8086 -31.0011 2.1893
      vertex 12.937 -31.4336 1.84265
      vertex 12.755 -30.9943 2.20748
    endloop
  endfacet
  facet normal -0.19586 0.577302 -0.792693
    outer loop
      vertex 13.281 -31.3168 1.84265
      vertex 12.9647 -31.0209 2.1363
      vertex 13.1976 -31.0055 2.08997
    endloop
  endfacet
  facet normal -0.195927 0.577251 -0.792713
    outer loop
      vertex 12.9647 -31.0209 2.1363
      vertex 13.281 -31.3168 1.84265
      vertex 12.8086 -31.0011 2.1893
    endloop
  endfacet
  facet normal 0.440371 0.661427 0.607114
    outer loop
      vertex 16.3057 -30.9952 9.25985
      vertex 16.2505 -30.9923 9.29673
      vertex 16.2885 -31.0176 9.29673
    endloop
  endfacet
  facet normal 0.523531 0.596665 0.6082
    outer loop
      vertex 16.8284 -31.0142 8.82843
      vertex 16.9397 -31.0603 8.77785
      vertex 16.8728 -31.0016 8.77785
    endloop
  endfacet
  facet normal 0.523528 0.596789 0.60808
    outer loop
      vertex 16.435 -31.0206 9.17341
      vertex 16.9397 -31.0603 8.77785
      vertex 16.8284 -31.0142 8.82843
    endloop
  endfacet
  facet normal 0.521075 0.602688 0.604358
    outer loop
      vertex 16.435 -31.0206 9.17341
      vertex 16.2885 -31.0176 9.29673
      vertex 16.9397 -31.0603 8.77785
    endloop
  endfacet
  facet normal 0.523363 0.597834 0.607195
    outer loop
      vertex 16.2885 -31.0176 9.29673
      vertex 16.435 -31.0206 9.17341
      vertex 16.3057 -30.9952 9.25985
    endloop
  endfacet
  facet normal 0.278309 0.416512 0.865484
    outer loop
      vertex 15.691 -31.7962 10.1573
      vertex 15.1057 -32.0848 10.4844
      vertex 15.3462 -32.2455 10.4844
    endloop
  endfacet
  facet normal 0.213011 0.318788 0.92358
    outer loop
      vertex 15.1057 -32.0848 10.4844
      vertex 14.9784 -32.7249 10.7347
      vertex 15.3462 -32.2455 10.4844
    endloop
  endfacet
  facet normal 0.195964 0.577145 0.792781
    outer loop
      vertex 15.0353 -31.0209 9.8637
      vertex 14.719 -31.3168 10.1573
      vertex 15.1914 -31.0011 9.8107
    endloop
  endfacet
  facet normal 0.195867 0.577219 0.792751
    outer loop
      vertex 14.719 -31.3168 10.1573
      vertex 15.0353 -31.0209 9.8637
      vertex 14.8024 -31.0055 9.91003
    endloop
  endfacet
  facet normal 0.119801 0.598076 0.792435
    outer loop
      vertex 14.5221 -31.0236 9.96578
      vertex 14.719 -31.3168 10.1573
      vertex 14.5728 -31.0204 9.9557
    endloop
  endfacet
  facet normal 0.118515 0.597936 0.792734
    outer loop
      vertex 14.3626 -31.2459 10.1573
      vertex 14.5221 -31.0236 9.96578
      vertex 14.3937 -31.0093 9.97419
    endloop
  endfacet
  facet normal 0.118909 0.597734 0.792827
    outer loop
      vertex 14.5221 -31.0236 9.96578
      vertex 14.3626 -31.2459 10.1573
      vertex 14.719 -31.3168 10.1573
    endloop
  endfacet
  facet normal 0.0254283 0.128367 0.991401
    outer loop
      vertex 14.2525 -33.0578 10.9039
      vertex 14.0427 -33.6758 10.9893
      vertex 14.0846 -33.6841 10.9893
    endloop
  endfacet
  facet normal -0.123272 0.363057 0.923577
    outer loop
      vertex 13.4276 -31.8639 10.4844
      vertex 13.1537 -31.9569 10.4844
      vertex 13.385 -32.5151 10.7347
    endloop
  endfacet
  facet normal -0.11889 0.597841 0.79275
    outer loop
      vertex 13.4272 -31.0204 9.9557
      vertex 13.1976 -31.0055 9.91003
      vertex 13.281 -31.3168 10.1573
    endloop
  endfacet
  facet normal 0.194885 0.17093 0.965817
    outer loop
      vertex 15.2751 -33.0216 10.7347
      vertex 14.6897 -33.3102 10.9039
      vertex 14.7739 -33.4062 10.9039
    endloop
  endfacet
  facet normal 0.215531 0.144026 0.965817
    outer loop
      vertex 15.2751 -33.0216 10.7347
      vertex 14.7739 -33.4062 10.9039
      vertex 14.8448 -33.5123 10.9039
    endloop
  endfacet
  facet normal 0.499799 -0.0328054 0.86552
    outer loop
      vertex 16.7779 -34 10.1573
      vertex 16.1925 -34.2887 10.4844
      vertex 16.7541 -34.3626 10.1573
    endloop
  endfacet
  facet normal 0.499768 -0.0327177 0.865541
    outer loop
      vertex 16.2114 -34 10.4844
      vertex 16.1925 -34.2887 10.4844
      vertex 16.7779 -34 10.1573
    endloop
  endfacet
  facet normal 0.254258 -0.0505672 0.965814
    outer loop
      vertex 14.9671 -34.1273 10.9039
      vertex 14.9422 -34.2525 10.9039
      vertex 15.5524 -34.416 10.7347
    endloop
  endfacet
  facet normal 0.245482 -0.0833177 0.965814
    outer loop
      vertex 14.9422 -34.2525 10.9039
      vertex 14.9012 -34.3733 10.9039
      vertex 15.5524 -34.416 10.7347
    endloop
  endfacet
  facet normal 0.363057 -0.123272 0.923577
    outer loop
      vertex 16.1361 -34.5724 10.4844
      vertex 15.4849 -34.615 10.7347
      vertex 16.0431 -34.8463 10.4844
    endloop
  endfacet
  facet normal 0.34388 -0.169554 0.923579
    outer loop
      vertex 16.0431 -34.8463 10.4844
      vertex 15.4849 -34.615 10.7347
      vertex 15.9152 -35.1057 10.4844
    endloop
  endfacet
  facet normal 0.97242 -0.193526 -0.130181
    outer loop
      vertex 18.9466 -34.6512 5.67299
      vertex 18.7368 -35.2692 5.02455
      vertex 18.862 -34.6401 5.02455
    endloop
  endfacet
  facet normal 0.947457 -0.188558 -0.258401
    outer loop
      vertex 18.7368 -35.2692 5.02455
      vertex 18.6941 -34.618 4.3928
      vertex 18.862 -34.6401 5.02455
    endloop
  endfacet
  facet normal 0.864584 0.056566 -0.499294
    outer loop
      vertex 18.1573 -34 3.22215
      vertex 18.1218 -33.4574 3.22215
      vertex 18.4844 -34 3.78856
    endloop
  endfacet
  facet normal 0.864641 0.0567268 -0.499177
    outer loop
      vertex 18.4844 -34 3.78856
      vertex 18.1218 -33.4574 3.22215
      vertex 18.446 -33.4147 3.78856
    endloop
  endfacet
  facet normal 0.77714 -0.383232 -0.499187
    outer loop
      vertex 17.8836 -36.2422 3.78856
      vertex 17.6004 -36.0787 3.22215
      vertex 17.8409 -35.591 3.22215
    endloop
  endfacet
  facet normal 0.712104 -0.35116 -0.607943
    outer loop
      vertex 17.6004 -36.0787 3.22215
      vertex 17.2556 -35.8796 2.70327
      vertex 17.8409 -35.591 3.22215
    endloop
  endfacet
  facet normal 0.706324 -0.0463494 -0.70637
    outer loop
      vertex 17.727 -34.4907 2.70327
      vertex 17.2967 -34 2.2408
      vertex 17.7592 -34 2.70327
    endloop
  endfacet
  facet normal 0.792254 -0.0518338 -0.607986
    outer loop
      vertex 18.1218 -34.5426 3.22215
      vertex 17.727 -34.4907 2.70327
      vertex 18.1573 -34 3.22215
    endloop
  endfacet
  facet normal 0.8032 0.536772 -0.258352
    outer loop
      vertex 18.1003 -31.6327 4.3928
      vertex 17.8905 -31.0147 5.02455
      vertex 18.2469 -31.548 5.02455
    endloop
  endfacet
  facet normal 0.866431 0.427266 -0.258343
    outer loop
      vertex 18.5306 -32.1233 5.02455
      vertex 18.1003 -31.6327 4.3928
      vertex 18.2469 -31.548 5.02455
    endloop
  endfacet
  facet normal 0.169559 0.343858 -0.923586
    outer loop
      vertex 14.8036 -32.6081 1.26535
      vertex 14.615 -32.5151 1.26535
      vertex 15.1057 -32.0848 1.51564
    endloop
  endfacet
  facet normal -0.0983199 0.0862347 -0.991412
    outer loop
      vertex 13.7688 -33.7688 1.01071
      vertex 13.2261 -33.4062 1.09607
      vertex 13.3103 -33.3102 1.09607
    endloop
  endfacet
  facet normal 0.123853 -0.0420361 -0.99141
    outer loop
      vertex 14.9012 -34.3733 1.09607
      vertex 14.3159 -34.0846 1.01071
      vertex 14.9422 -34.2525 1.09607
    endloop
  endfacet
  facet normal -0.376597 -0.330281 0.865499
    outer loop
      vertex 12.4363 -35.5637 10.4844
      vertex 11.7962 -35.691 10.1573
      vertex 12.0358 -35.9642 10.1573
    endloop
  endfacet
  facet normal -0.330281 -0.376597 0.865499
    outer loop
      vertex 12.4363 -35.5637 10.4844
      vertex 12.0358 -35.9642 10.1573
      vertex 12.309 -36.2038 10.1573
    endloop
  endfacet
  facet normal -0.59699 -0.523517 0.607892
    outer loop
      vertex 11.3418 -36.6582 9.29673
      vertex 11.0176 -36.2885 9.29673
      vertex 11.0603 -36.9397 8.77785
    endloop
  endfacet
  facet normal -0.532189 -0.466691 0.706381
    outer loop
      vertex 11.3845 -36.0069 9.7592
      vertex 11.0176 -36.2885 9.29673
      vertex 11.3418 -36.6582 9.29673
    endloop
  endfacet
  facet normal -0.938869 -0.318699 0.130217
    outer loop
      vertex 9.46936 -35.8767 6.97545
      vertex 9.18071 -35.2913 6.32701
      vertex 9.39049 -35.9093 6.32701
    endloop
  endfacet
  facet normal -0.946931 -0.321436 0
    outer loop
      vertex 9.39049 -35.9093 5.67299
      vertex 9.18071 -35.2913 6.32701
      vertex 9.18071 -35.2913 5.67299
    endloop
  endfacet
  facet normal -0.946931 -0.321436 0
    outer loop
      vertex 9.18071 -35.2913 6.32701
      vertex 9.39049 -35.9093 5.67299
      vertex 9.39049 -35.9093 6.32701
    endloop
  endfacet
  facet normal -0.866422 -0.427292 -0.258331
    outer loop
      vertex 9.75308 -36.452 5.02455
      vertex 9.46936 -35.8767 5.02455
      vertex 9.89967 -36.3673 4.3928
    endloop
  endfacet
  facet normal -0.803189 -0.536795 -0.258339
    outer loop
      vertex 10.1095 -36.9853 5.02455
      vertex 9.75308 -36.452 5.02455
      vertex 9.89967 -36.3673 4.3928
    endloop
  endfacet
  facet normal -0.726374 -0.636914 -0.258307
    outer loop
      vertex 10.5324 -37.4676 5.02455
      vertex 10.1095 -36.9853 5.02455
      vertex 10.6521 -37.3479 4.3928
    endloop
  endfacet
  facet normal -0.636914 -0.726374 -0.258307
    outer loop
      vertex 11.0147 -37.8905 5.02455
      vertex 10.5324 -37.4676 5.02455
      vertex 10.6521 -37.3479 4.3928
    endloop
  endfacet
  facet normal -0.651436 0.571414 0.499117
    outer loop
      vertex 10.8266 -31.0273 8.43505
      vertex 10.4423 -31.2701 8.21144
      vertex 11.0603 -31.0603 8.77785
    endloop
  endfacet
  facet normal -0.651436 0.571405 0.499126
    outer loop
      vertex 10.4423 -31.2701 8.21144
      vertex 10.8266 -31.0273 8.43505
      vertex 10.6772 -31.0023 8.21144
    endloop
  endfacet
  facet normal -0.651873 0.570714 0.499347
    outer loop
      vertex 11.002 -31.002 8.63511
      vertex 10.8266 -31.0273 8.43505
      vertex 11.0603 -31.0603 8.77785
    endloop
  endfacet
  facet normal -0.570612 0.651965 0.499343
    outer loop
      vertex 11.0802 -31.0018 8.72421
      vertex 11.002 -31.002 8.63511
      vertex 11.0603 -31.0603 8.77785
    endloop
  endfacet
  facet normal -0.670315 0.227613 0.706307
    outer loop
      vertex 10.527 -32.5614 9.29673
      vertex 10.3689 -33.027 9.29673
      vertex 10.9542 -32.7384 9.7592
    endloop
  endfacet
  facet normal -0.63494 0.313007 0.706313
    outer loop
      vertex 10.7444 -32.1204 9.29673
      vertex 10.527 -32.5614 9.29673
      vertex 10.9542 -32.7384 9.7592
    endloop
  endfacet
  facet normal -0.864638 0.0566811 -0.499188
    outer loop
      vertex 9.84265 -34 3.22215
      vertex 9.51564 -34 3.78856
      vertex 9.87822 -33.4574 3.22215
    endloop
  endfacet
  facet normal -0.792259 0.0519363 -0.60797
    outer loop
      vertex 10.273 -33.5093 2.70327
      vertex 9.84265 -34 3.22215
      vertex 9.87822 -33.4574 3.22215
    endloop
  endfacet
  facet normal -0.875125 0.297038 -0.382001
    outer loop
      vertex 9.66844 -32.8394 3.78856
      vertex 9.62575 -32.1881 4.3928
      vertex 9.85699 -32.2839 3.78856
    endloop
  endfacet
  facet normal -0.849845 0.169053 -0.499183
    outer loop
      vertex 9.98431 -32.924 3.22215
      vertex 9.554 -33.4147 3.78856
      vertex 9.66844 -32.8394 3.78856
    endloop
  endfacet
  facet normal -0.491153 0.0977069 -0.865576
    outer loop
      vertex 11.8075 -33.7113 1.51564
      vertex 11.2459 -33.6374 1.84265
      vertex 11.3168 -33.281 1.84265
    endloop
  endfacet
  facet normal -0.792281 0.0519899 -0.607938
    outer loop
      vertex 10.2408 -34 2.70327
      vertex 9.84265 -34 3.22215
      vertex 10.273 -33.5093 2.70327
    endloop
  endfacet
  facet normal -0.63494 0.313007 -0.706313
    outer loop
      vertex 10.9542 -32.7384 2.2408
      vertex 10.527 -32.5614 2.70327
      vertex 10.7444 -32.1204 2.70327
    endloop
  endfacet
  facet normal -0.660251 0.441136 -0.607838
    outer loop
      vertex 10.7444 -32.1204 2.70327
      vertex 10.7018 -31.4692 3.22215
      vertex 11.0176 -31.7115 2.70327
    endloop
  endfacet
  facet normal -0.427266 -0.866431 -0.258343
    outer loop
      vertex 12.1233 -38.5306 5.02455
      vertex 11.548 -38.2469 5.02455
      vertex 11.6327 -38.1003 4.3928
    endloop
  endfacet
  facet normal -0.536772 -0.8032 -0.258352
    outer loop
      vertex 11.548 -38.2469 5.02455
      vertex 11.0147 -37.8905 5.02455
      vertex 11.6327 -38.1003 4.3928
    endloop
  endfacet
  facet normal -0.0631015 -0.963992 -0.258336
    outer loop
      vertex 14 -38.9039 5.02455
      vertex 13.3599 -38.862 5.02455
      vertex 14 -38.7346 4.3928
    endloop
  endfacet
  facet normal -0.0631727 -0.963969 -0.258404
    outer loop
      vertex 14 -38.7346 4.3928
      vertex 13.3599 -38.862 5.02455
      vertex 13.382 -38.6941 4.3928
    endloop
  endfacet
  facet normal 0.0567268 -0.864641 -0.499177
    outer loop
      vertex 14.5853 -38.446 3.78856
      vertex 14 -38.4844 3.78856
      vertex 14.5426 -38.1218 3.22215
    endloop
  endfacet
  facet normal 0.169046 -0.84985 -0.499178
    outer loop
      vertex 14.5853 -38.446 3.78856
      vertex 14.5426 -38.1218 3.22215
      vertex 15.076 -38.0157 3.22215
    endloop
  endfacet
  facet normal 0.343869 -0.169548 -0.923584
    outer loop
      vertex 15.9152 -35.1057 1.51564
      vertex 15.4849 -34.615 1.26535
      vertex 16.0431 -34.8463 1.51564
    endloop
  endfacet
  facet normal 0.363043 -0.123143 -0.923599
    outer loop
      vertex 16.1361 -34.5724 1.51564
      vertex 15.4849 -34.615 1.26535
      vertex 15.5524 -34.416 1.26535
    endloop
  endfacet
  facet normal 0.376008 -0.074751 -0.923596
    outer loop
      vertex 16.1361 -34.5724 1.51564
      vertex 15.5524 -34.416 1.26535
      vertex 16.1925 -34.2887 1.51564
    endloop
  endfacet
  facet normal 0.491192 -0.0976498 -0.86556
    outer loop
      vertex 16.6832 -34.719 1.84265
      vertex 16.1361 -34.5724 1.51564
      vertex 16.1925 -34.2887 1.51564
    endloop
  endfacet
  facet normal 0.597881 0.11887 -0.792722
    outer loop
      vertex 17.2685 -33.5697 2.2408
      vertex 16.6832 -33.281 1.84265
      vertex 17.1844 -33.1467 2.2408
    endloop
  endfacet
  facet normal 0.491192 0.0976498 -0.86556
    outer loop
      vertex 16.1925 -33.7113 1.51564
      vertex 16.1361 -33.4276 1.51564
      vertex 16.6832 -33.281 1.84265
    endloop
  endfacet
  facet normal 0.318777 0.213004 -0.923586
    outer loop
      vertex 15.9152 -32.8943 1.51564
      vertex 15.2751 -33.0216 1.26535
      vertex 15.7545 -32.6538 1.51564
    endloop
  endfacet
  facet normal 0.318777 0.213004 -0.923586
    outer loop
      vertex 15.3919 -33.1964 1.26535
      vertex 15.2751 -33.0216 1.26535
      vertex 15.9152 -32.8943 1.51564
    endloop
  endfacet
  facet normal 0.288333 0.25277 -0.923565
    outer loop
      vertex 15.2751 -33.0216 1.26535
      vertex 15.1365 -32.8635 1.26535
      vertex 15.5637 -32.4363 1.51564
    endloop
  endfacet
  facet normal 0.33028 0.376498 -0.865543
    outer loop
      vertex 15.5637 -32.4363 1.51564
      vertex 15.3462 -32.2455 1.51564
      vertex 15.691 -31.7962 1.84265
    endloop
  endfacet
  facet normal 0.108727 0.0726884 -0.991411
    outer loop
      vertex 14.2832 -33.8365 1.01071
      vertex 14.2594 -33.8009 1.01071
      vertex 14.8448 -33.5123 1.09607
    endloop
  endfacet
  facet normal 0.0726638 -0.108739 -0.991411
    outer loop
      vertex 14.4877 -34.8448 1.09607
      vertex 14.1991 -34.2594 1.01071
      vertex 14.5938 -34.7739 1.09607
    endloop
  endfacet
  facet normal 0.00861114 0.1305 -0.991411
    outer loop
      vertex 14.0427 -33.6758 1.01071
      vertex 14 -33.0245 1.09607
      vertex 14.1273 -33.0329 1.09607
    endloop
  endfacet
  facet normal 0.254375 0.0505789 -0.965782
    outer loop
      vertex 15.5934 -33.7902 1.26535
      vertex 14.9671 -33.8727 1.09607
      vertex 15.5524 -33.584 1.26535
    endloop
  endfacet
  facet normal 0.232605 0.114676 -0.965787
    outer loop
      vertex 14.9012 -33.6267 1.09607
      vertex 14.8448 -33.5123 1.09607
      vertex 15.4849 -33.385 1.26535
    endloop
  endfacet
  facet normal 0.363043 0.123143 -0.923599
    outer loop
      vertex 15.5524 -33.584 1.26535
      vertex 15.4849 -33.385 1.26535
      vertex 16.1361 -33.4276 1.51564
    endloop
  endfacet
  facet normal 0.258788 0.0170764 -0.965783
    outer loop
      vertex 14.9755 -34 1.09607
      vertex 14.9671 -33.8727 1.09607
      vertex 15.5934 -33.7902 1.26535
    endloop
  endfacet
  facet normal 0.108739 -0.0726638 -0.991411
    outer loop
      vertex 14.7739 -34.5938 1.09607
      vertex 14.2594 -34.1991 1.01071
      vertex 14.8448 -34.4877 1.09607
    endloop
  endfacet
  facet normal -0.123783 -0.0421779 -0.991413
    outer loop
      vertex 13.6979 -34.1251 1.01071
      vertex 13.0988 -34.3733 1.09607
      vertex 13.6841 -34.0846 1.01071
    endloop
  endfacet
  facet normal 0.1305 -0.00861114 -0.991411
    outer loop
      vertex 14.9671 -34.1273 1.09607
      vertex 14.3242 -34.0427 1.01071
      vertex 14.9755 -34 1.09607
    endloop
  endfacet
  facet normal -0.278565 -0.820483 -0.499209
    outer loop
      vertex 12.8394 -38.3316 3.78856
      vertex 12.2839 -38.143 3.78856
      vertex 12.924 -38.0157 3.22215
    endloop
  endfacet
  facet normal -0.297115 -0.87512 -0.381953
    outer loop
      vertex 12.8394 -38.3316 3.78856
      vertex 12.1881 -38.3742 4.3928
      vertex 12.2839 -38.143 3.78856
    endloop
  endfacet
  facet normal -0.401993 -0.458249 -0.792723
    outer loop
      vertex 11.9931 -36.6155 2.2408
      vertex 11.6689 -36.3311 2.2408
      vertex 12.0358 -35.9642 1.84265
    endloop
  endfacet
  facet normal -0.466743 -0.532061 -0.706443
    outer loop
      vertex 11.9931 -36.6155 2.2408
      vertex 11.3418 -36.6582 2.70327
      vertex 11.6689 -36.3311 2.2408
    endloop
  endfacet
  facet normal -0.269678 -0.546706 -0.792708
    outer loop
      vertex 12.7384 -37.0458 2.2408
      vertex 12.3516 -36.855 2.2408
      vertex 12.6111 -36.4057 1.84265
    endloop
  endfacet
  facet normal -0.313125 -0.634784 -0.706401
    outer loop
      vertex 12.7384 -37.0458 2.2408
      vertex 12.1204 -37.2556 2.70327
      vertex 12.3516 -36.855 2.2408
    endloop
  endfacet
  facet normal -0.660093 -0.44123 -0.607942
    outer loop
      vertex 10.7018 -36.5308 3.22215
      vertex 10.3996 -36.0787 3.22215
      vertex 10.7444 -35.8796 2.70327
    endloop
  endfacet
  facet normal -0.778732 -0.154885 -0.607936
    outer loop
      vertex 9.98431 -35.076 3.22215
      vertex 9.87822 -34.5426 3.22215
      vertex 10.3689 -34.973 2.70327
    endloop
  endfacet
  facet normal -0.712104 -0.35116 -0.607943
    outer loop
      vertex 10.3996 -36.0787 3.22215
      vertex 10.1591 -35.591 3.22215
      vertex 10.7444 -35.8796 2.70327
    endloop
  endfacet
  facet normal -0.77714 -0.383232 -0.499187
    outer loop
      vertex 10.3996 -36.0787 3.22215
      vertex 10.1164 -36.2422 3.78856
      vertex 10.1591 -35.591 3.22215
    endloop
  endfacet
  facet normal -0.408774 -0.82889 0.381898
    outer loop
      vertex 11.7578 -37.8836 8.21144
      vertex 11.6327 -38.1003 7.6072
      vertex 12.1881 -38.3742 7.6072
    endloop
  endfacet
  facet normal -0.513493 -0.768428 0.381895
    outer loop
      vertex 11.7578 -37.8836 8.21144
      vertex 11.2701 -37.5577 8.21144
      vertex 11.6327 -38.1003 7.6072
    endloop
  endfacet
  facet normal 0.0631015 -0.963992 -0.258336
    outer loop
      vertex 14.6401 -38.862 5.02455
      vertex 14 -38.9039 5.02455
      vertex 14 -38.7346 4.3928
    endloop
  endfacet
  facet normal 0.0647628 -0.989372 -0.130189
    outer loop
      vertex 14.6512 -38.9466 5.67299
      vertex 14 -38.9039 5.02455
      vertex 14.6401 -38.862 5.02455
    endloop
  endfacet
  facet normal 0.0631015 -0.963992 0.258336
    outer loop
      vertex 14 -38.7346 7.6072
      vertex 14 -38.9039 6.97545
      vertex 14.6401 -38.862 6.97545
    endloop
  endfacet
  facet normal 0.0631727 -0.963969 0.258404
    outer loop
      vertex 14.618 -38.6941 7.6072
      vertex 14 -38.7346 7.6072
      vertex 14.6401 -38.862 6.97545
    endloop
  endfacet
  facet normal -0.0567268 -0.864641 0.499177
    outer loop
      vertex 13.4574 -38.1218 8.77785
      vertex 13.4147 -38.446 8.21144
      vertex 14 -38.4844 8.21144
    endloop
  endfacet
  facet normal -0.056566 -0.864584 0.499294
    outer loop
      vertex 14 -38.1573 8.77785
      vertex 13.4574 -38.1218 8.77785
      vertex 14 -38.4844 8.21144
    endloop
  endfacet
  facet normal -0.363057 -0.123272 0.923577
    outer loop
      vertex 12.5151 -34.615 10.7347
      vertex 11.8639 -34.5724 10.4844
      vertex 11.9569 -34.8463 10.4844
    endloop
  endfacet
  facet normal -0.363055 -0.123147 0.923594
    outer loop
      vertex 12.4476 -34.416 10.7347
      vertex 11.8639 -34.5724 10.4844
      vertex 12.5151 -34.615 10.7347
    endloop
  endfacet
  facet normal -0.546664 -0.269558 0.792778
    outer loop
      vertex 11.4336 -35.063 10.1573
      vertex 10.9542 -35.2616 9.7592
      vertex 11.5943 -35.3889 10.1573
    endloop
  endfacet
  facet normal -0.34388 -0.169554 0.923579
    outer loop
      vertex 12.5151 -34.615 10.7347
      vertex 11.9569 -34.8463 10.4844
      vertex 12.0848 -35.1057 10.4844
    endloop
  endfacet
  facet normal -0.416512 -0.278309 0.865484
    outer loop
      vertex 12.0848 -35.1057 10.4844
      vertex 11.7962 -35.691 10.1573
      vertex 12.2455 -35.3462 10.4844
    endloop
  endfacet
  facet normal -0.318788 -0.213011 0.92358
    outer loop
      vertex 12.7249 -34.9784 10.7347
      vertex 12.0848 -35.1057 10.4844
      vertex 12.2455 -35.3462 10.4844
    endloop
  endfacet
  facet normal -0.0255235 0.128335 0.991402
    outer loop
      vertex 13.8727 -33.0329 10.9039
      vertex 13.7475 -33.0578 10.9039
      vertex 13.9573 -33.6758 10.9893
    endloop
  endfacet
  facet normal -0.130557 -0.00856108 0.991404
    outer loop
      vertex 13.673 -34 10.9893
      vertex 13.0245 -34 10.9039
      vertex 13.6758 -34.0427 10.9893
    endloop
  endfacet
  facet normal -0.10879 -0.0726972 0.991403
    outer loop
      vertex 13.7406 -34.1991 10.9893
      vertex 13.1552 -34.4877 10.9039
      vertex 13.2261 -34.5938 10.9039
    endloop
  endfacet
  facet normal -0.171037 -0.194803 0.965815
    outer loop
      vertex 13.3103 -34.6897 10.9039
      vertex 13.0216 -35.2751 10.7347
      vertex 13.4062 -34.7739 10.9039
    endloop
  endfacet
  facet normal -0.144026 -0.215531 0.965817
    outer loop
      vertex 13.4062 -34.7739 10.9039
      vertex 13.0216 -35.2751 10.7347
      vertex 13.5123 -34.8448 10.9039
    endloop
  endfacet
  facet normal 0.00856108 -0.130557 0.991404
    outer loop
      vertex 14 -34.327 10.9893
      vertex 14 -34.9755 10.9039
      vertex 14.0427 -34.3242 10.9893
    endloop
  endfacet
  facet normal -0.597075 -0.523481 0.60784
    outer loop
      vertex 11.0176 -36.2885 9.29673
      vertex 10.7018 -36.5308 8.77785
      vertex 11.0603 -36.9397 8.77785
    endloop
  endfacet
  facet normal -0.588558 -0.393236 0.706375
    outer loop
      vertex 11.3845 -36.0069 9.7592
      vertex 10.7444 -35.8796 9.29673
      vertex 11.0176 -36.2885 9.29673
    endloop
  endfacet
  facet normal 0.745448 -0.653691 -0.130364
    outer loop
      vertex 17.9583 -37.0373 5.67299
      vertex 17.528 -37.528 5.67299
      vertex 17.8905 -36.9853 5.02455
    endloop
  endfacet
  facet normal 0.653691 -0.745448 -0.130364
    outer loop
      vertex 17.0373 -37.9583 5.67299
      vertex 16.9853 -37.8905 5.02455
      vertex 17.528 -37.528 5.67299
    endloop
  endfacet
  facet normal 0.8032 -0.536772 -0.258352
    outer loop
      vertex 18.2469 -36.452 5.02455
      vertex 17.8905 -36.9853 5.02455
      vertex 18.1003 -36.3673 4.3928
    endloop
  endfacet
  facet normal 0.824342 -0.550901 -0.130266
    outer loop
      vertex 18.3209 -36.4946 5.67299
      vertex 17.8905 -36.9853 5.02455
      vertex 18.2469 -36.452 5.02455
    endloop
  endfacet
  facet normal 0.609383 -0.694772 -0.382026
    outer loop
      vertex 17.3479 -37.3479 4.3928
      vertex 16.7299 -37.5577 3.78856
      vertex 17.1709 -37.1709 3.78856
    endloop
  endfacet
  facet normal 0.571382 -0.651446 -0.49914
    outer loop
      vertex 17.1709 -37.1709 3.78856
      vertex 16.7299 -37.5577 3.78856
      vertex 16.9397 -36.9397 3.22215
    endloop
  endfacet
  facet normal 0.803368 -0.536619 -0.258146
    outer loop
      vertex 17.8905 -36.9853 5.02455
      vertex 17.7563 -36.8823 4.3928
      vertex 18.1003 -36.3673 4.3928
    endloop
  endfacet
  facet normal 0.726294 -0.637067 -0.258151
    outer loop
      vertex 17.8905 -36.9853 5.02455
      vertex 17.3479 -37.3479 4.3928
      vertex 17.7563 -36.8823 4.3928
    endloop
  endfacet
  facet normal 0.523517 -0.59699 -0.607892
    outer loop
      vertex 16.9397 -36.9397 3.22215
      vertex 16.2885 -36.9824 2.70327
      vertex 16.6582 -36.6582 2.70327
    endloop
  endfacet
  facet normal 0.466691 -0.532189 -0.706381
    outer loop
      vertex 16.2885 -36.9824 2.70327
      vertex 16.0069 -36.6155 2.2408
      vertex 16.6582 -36.6582 2.70327
    endloop
  endfacet
  facet normal 0.193526 -0.97242 0.130181
    outer loop
      vertex 15.2692 -38.7368 6.97545
      vertex 14.6401 -38.862 6.97545
      vertex 14.6512 -38.9466 6.32701
    endloop
  endfacet
  facet normal 0.193392 -0.972429 0.130312
    outer loop
      vertex 15.2692 -38.7368 6.97545
      vertex 14.6512 -38.9466 6.32701
      vertex 15.2913 -38.8193 6.32701
    endloop
  endfacet
  facet normal 0.154837 -0.778707 0.607981
    outer loop
      vertex 14.973 -37.6311 9.29673
      vertex 14.4907 -37.727 9.29673
      vertex 14.5426 -38.1218 8.77785
    endloop
  endfacet
  facet normal 0.0518338 -0.792254 0.607986
    outer loop
      vertex 14.4907 -37.727 9.29673
      vertex 14 -38.1573 8.77785
      vertex 14.5426 -38.1218 8.77785
    endloop
  endfacet
  facet normal -0.0463494 -0.706324 -0.70637
    outer loop
      vertex 14 -37.7592 2.70327
      vertex 13.5093 -37.727 2.70327
      vertex 14 -37.2967 2.2408
    endloop
  endfacet
  facet normal -0.0462916 -0.706358 -0.70634
    outer loop
      vertex 14 -37.2967 2.2408
      vertex 13.5093 -37.727 2.70327
      vertex 13.5697 -37.2685 2.2408
    endloop
  endfacet
  facet normal 0.161046 -0.474312 0.865501
    outer loop
      vertex 15.063 -36.5664 10.1573
      vertex 14.5724 -36.1361 10.4844
      vertex 14.719 -36.6832 10.1573
    endloop
  endfacet
  facet normal 0.221517 -0.449268 0.865499
    outer loop
      vertex 15.1057 -35.9152 10.4844
      vertex 14.8463 -36.0431 10.4844
      vertex 15.063 -36.5664 10.1573
    endloop
  endfacet
  facet normal 0.0420554 -0.12391 0.991402
    outer loop
      vertex 14.3733 -34.9012 10.9039
      vertex 14.0846 -34.3159 10.9893
      vertex 14.2525 -34.9422 10.9039
    endloop
  endfacet
  facet normal 0.086331 -0.0983271 0.991402
    outer loop
      vertex 14.6897 -34.6897 10.9039
      vertex 14.2312 -34.2312 10.9893
      vertex 14.5938 -34.7739 10.9039
    endloop
  endfacet
  facet normal 0.170857 -0.194895 0.965828
    outer loop
      vertex 15.1365 -35.1365 10.7347
      vertex 14.6897 -34.6897 10.9039
      vertex 14.9784 -35.2751 10.7347
    endloop
  endfacet
  facet normal 0.382556 -0.0251633 0.92359
    outer loop
      vertex 15.6072 -34 10.7347
      vertex 15.5934 -34.2098 10.7347
      vertex 16.1925 -34.2887 10.4844
    endloop
  endfacet
  facet normal 0.382605 -0.0250476 0.923572
    outer loop
      vertex 16.2114 -34 10.4844
      vertex 15.6072 -34 10.7347
      vertex 16.1925 -34.2887 10.4844
    endloop
  endfacet
  facet normal 0.245486 0.083268 0.965817
    outer loop
      vertex 15.4849 -33.385 10.7347
      vertex 14.9012 -33.6267 10.9039
      vertex 15.5524 -33.584 10.7347
    endloop
  endfacet
  facet normal 0.128335 0.0255235 0.991402
    outer loop
      vertex 14.9422 -33.7475 10.9039
      vertex 14.3242 -33.9573 10.9893
      vertex 14.9671 -33.8727 10.9039
    endloop
  endfacet
  facet normal 0.34388 0.169554 0.923579
    outer loop
      vertex 15.9152 -32.8943 10.4844
      vertex 15.4849 -33.385 10.7347
      vertex 16.0431 -33.1537 10.4844
    endloop
  endfacet
  facet normal 0.363057 0.123272 0.923577
    outer loop
      vertex 16.0431 -33.1537 10.4844
      vertex 15.4849 -33.385 10.7347
      vertex 16.1361 -33.4276 10.4844
    endloop
  endfacet
  facet normal 0 0 1
    outer loop
      vertex 14.3242 -33.9573 10.9893
      vertex 14.3242 -34.0427 10.9893
      vertex 14.327 -34 10.9893
    endloop
  endfacet
  facet normal 0 0 1
    outer loop
      vertex 14.3159 -33.9154 10.9893
      vertex 14.3242 -34.0427 10.9893
      vertex 14.3242 -33.9573 10.9893
    endloop
  endfacet
  facet normal 0 0 1
    outer loop
      vertex 14.3159 -33.9154 10.9893
      vertex 14.3159 -34.0846 10.9893
      vertex 14.3242 -34.0427 10.9893
    endloop
  endfacet
  facet normal 0 0 1
    outer loop
      vertex 14.3021 -33.8749 10.9893
      vertex 14.3159 -34.0846 10.9893
      vertex 14.3159 -33.9154 10.9893
    endloop
  endfacet
  facet normal 0 0 1
    outer loop
      vertex 14.3021 -33.8749 10.9893
      vertex 14.3021 -34.1251 10.9893
      vertex 14.3159 -34.0846 10.9893
    endloop
  endfacet
  facet normal 0 0 1
    outer loop
      vertex 14.2832 -33.8365 10.9893
      vertex 14.3021 -34.1251 10.9893
      vertex 14.3021 -33.8749 10.9893
    endloop
  endfacet
  facet normal 0 0 1
    outer loop
      vertex 14.2832 -33.8365 10.9893
      vertex 14.2832 -34.1635 10.9893
      vertex 14.3021 -34.1251 10.9893
    endloop
  endfacet
  facet normal 0 0 1
    outer loop
      vertex 14.2594 -33.8009 10.9893
      vertex 14.2832 -34.1635 10.9893
      vertex 14.2832 -33.8365 10.9893
    endloop
  endfacet
  facet normal 0 0 1
    outer loop
      vertex 14.2594 -33.8009 10.9893
      vertex 14.2594 -34.1991 10.9893
      vertex 14.2832 -34.1635 10.9893
    endloop
  endfacet
  facet normal 0 0 1
    outer loop
      vertex 14.2312 -33.7688 10.9893
      vertex 14.2594 -34.1991 10.9893
      vertex 14.2594 -33.8009 10.9893
    endloop
  endfacet
  facet normal 0 0 1
    outer loop
      vertex 14.2312 -33.7688 10.9893
      vertex 14.2312 -34.2312 10.9893
      vertex 14.2594 -34.1991 10.9893
    endloop
  endfacet
  facet normal 0 0 1
    outer loop
      vertex 14.1991 -33.7406 10.9893
      vertex 14.2312 -34.2312 10.9893
      vertex 14.2312 -33.7688 10.9893
    endloop
  endfacet
  facet normal 0 0 1
    outer loop
      vertex 14.1991 -33.7406 10.9893
      vertex 14.1991 -34.2594 10.9893
      vertex 14.2312 -34.2312 10.9893
    endloop
  endfacet
  facet normal 0 0 1
    outer loop
      vertex 14.1635 -33.7168 10.9893
      vertex 14.1991 -34.2594 10.9893
      vertex 14.1991 -33.7406 10.9893
    endloop
  endfacet
  facet normal 0 0 1
    outer loop
      vertex 14.1635 -33.7168 10.9893
      vertex 14.1635 -34.2832 10.9893
      vertex 14.1991 -34.2594 10.9893
    endloop
  endfacet
  facet normal 0 0 1
    outer loop
      vertex 14.1251 -33.6979 10.9893
      vertex 14.1635 -34.2832 10.9893
      vertex 14.1635 -33.7168 10.9893
    endloop
  endfacet
  facet normal 0 0 1
    outer loop
      vertex 14.1251 -33.6979 10.9893
      vertex 14.1251 -34.3021 10.9893
      vertex 14.1635 -34.2832 10.9893
    endloop
  endfacet
  facet normal 0 0 1
    outer loop
      vertex 14.0846 -33.6841 10.9893
      vertex 14.1251 -34.3021 10.9893
      vertex 14.1251 -33.6979 10.9893
    endloop
  endfacet
  facet normal 0 0 1
    outer loop
      vertex 14.0846 -33.6841 10.9893
      vertex 14.0846 -34.3159 10.9893
      vertex 14.1251 -34.3021 10.9893
    endloop
  endfacet
  facet normal 0 0 1
    outer loop
      vertex 14.0427 -33.6758 10.9893
      vertex 14.0846 -34.3159 10.9893
      vertex 14.0846 -33.6841 10.9893
    endloop
  endfacet
  facet normal 0 0 1
    outer loop
      vertex 14.0427 -33.6758 10.9893
      vertex 14.0427 -34.3242 10.9893
      vertex 14.0846 -34.3159 10.9893
    endloop
  endfacet
  facet normal 0 0 1
    outer loop
      vertex 14 -33.673 10.9893
      vertex 14.0427 -34.3242 10.9893
      vertex 14.0427 -33.6758 10.9893
    endloop
  endfacet
  facet normal 0 0 1
    outer loop
      vertex 14 -33.673 10.9893
      vertex 14 -34.327 10.9893
      vertex 14.0427 -34.3242 10.9893
    endloop
  endfacet
  facet normal -0 0 1
    outer loop
      vertex 13.9573 -33.6758 10.9893
      vertex 14 -34.327 10.9893
      vertex 14 -33.673 10.9893
    endloop
  endfacet
  facet normal 0 0 1
    outer loop
      vertex 13.9573 -33.6758 10.9893
      vertex 13.9573 -34.3242 10.9893
      vertex 14 -34.327 10.9893
    endloop
  endfacet
  facet normal -0 0 1
    outer loop
      vertex 13.9154 -33.6841 10.9893
      vertex 13.9573 -34.3242 10.9893
      vertex 13.9573 -33.6758 10.9893
    endloop
  endfacet
  facet normal 0 0 1
    outer loop
      vertex 13.9154 -33.6841 10.9893
      vertex 13.9154 -34.3159 10.9893
      vertex 13.9573 -34.3242 10.9893
    endloop
  endfacet
  facet normal -0 0 1
    outer loop
      vertex 13.8749 -33.6979 10.9893
      vertex 13.9154 -34.3159 10.9893
      vertex 13.9154 -33.6841 10.9893
    endloop
  endfacet
  facet normal 0 0 1
    outer loop
      vertex 13.8749 -33.6979 10.9893
      vertex 13.8749 -34.3021 10.9893
      vertex 13.9154 -34.3159 10.9893
    endloop
  endfacet
  facet normal -0 0 1
    outer loop
      vertex 13.8365 -33.7168 10.9893
      vertex 13.8749 -34.3021 10.9893
      vertex 13.8749 -33.6979 10.9893
    endloop
  endfacet
  facet normal 0 0 1
    outer loop
      vertex 13.8365 -33.7168 10.9893
      vertex 13.8365 -34.2832 10.9893
      vertex 13.8749 -34.3021 10.9893
    endloop
  endfacet
  facet normal -0 0 1
    outer loop
      vertex 13.8009 -33.7406 10.9893
      vertex 13.8365 -34.2832 10.9893
      vertex 13.8365 -33.7168 10.9893
    endloop
  endfacet
  facet normal 0 0 1
    outer loop
      vertex 13.8009 -33.7406 10.9893
      vertex 13.8009 -34.2594 10.9893
      vertex 13.8365 -34.2832 10.9893
    endloop
  endfacet
  facet normal -0 0 1
    outer loop
      vertex 13.7688 -33.7688 10.9893
      vertex 13.8009 -34.2594 10.9893
      vertex 13.8009 -33.7406 10.9893
    endloop
  endfacet
  facet normal 0 0 1
    outer loop
      vertex 13.7688 -33.7688 10.9893
      vertex 13.7688 -34.2312 10.9893
      vertex 13.8009 -34.2594 10.9893
    endloop
  endfacet
  facet normal -0 0 1
    outer loop
      vertex 13.7406 -33.8009 10.9893
      vertex 13.7688 -34.2312 10.9893
      vertex 13.7688 -33.7688 10.9893
    endloop
  endfacet
  facet normal 0 0 1
    outer loop
      vertex 13.7406 -33.8009 10.9893
      vertex 13.7406 -34.1991 10.9893
      vertex 13.7688 -34.2312 10.9893
    endloop
  endfacet
  facet normal -0 0 1
    outer loop
      vertex 13.7168 -33.8365 10.9893
      vertex 13.7406 -34.1991 10.9893
      vertex 13.7406 -33.8009 10.9893
    endloop
  endfacet
  facet normal 0 0 1
    outer loop
      vertex 13.7168 -33.8365 10.9893
      vertex 13.7168 -34.1635 10.9893
      vertex 13.7406 -34.1991 10.9893
    endloop
  endfacet
  facet normal -0 0 1
    outer loop
      vertex 13.6979 -33.8749 10.9893
      vertex 13.7168 -34.1635 10.9893
      vertex 13.7168 -33.8365 10.9893
    endloop
  endfacet
  facet normal 0 0 1
    outer loop
      vertex 13.6979 -33.8749 10.9893
      vertex 13.6979 -34.1251 10.9893
      vertex 13.7168 -34.1635 10.9893
    endloop
  endfacet
  facet normal -0 0 1
    outer loop
      vertex 13.6841 -33.9154 10.9893
      vertex 13.6979 -34.1251 10.9893
      vertex 13.6979 -33.8749 10.9893
    endloop
  endfacet
  facet normal 0 0 1
    outer loop
      vertex 13.6841 -33.9154 10.9893
      vertex 13.6841 -34.0846 10.9893
      vertex 13.6979 -34.1251 10.9893
    endloop
  endfacet
  facet normal -0 0 1
    outer loop
      vertex 13.6758 -33.9573 10.9893
      vertex 13.6841 -34.0846 10.9893
      vertex 13.6841 -33.9154 10.9893
    endloop
  endfacet
  facet normal 0 0 1
    outer loop
      vertex 13.6758 -33.9573 10.9893
      vertex 13.6758 -34.0427 10.9893
      vertex 13.6841 -34.0846 10.9893
    endloop
  endfacet
  facet normal 0 -0 1
    outer loop
      vertex 13.6758 -34.0427 10.9893
      vertex 13.6758 -33.9573 10.9893
      vertex 13.673 -34 10.9893
    endloop
  endfacet
  facet normal 0.254263 0.0505566 0.965813
    outer loop
      vertex 15.5524 -33.584 10.7347
      vertex 14.9671 -33.8727 10.9039
      vertex 15.5934 -33.7902 10.7347
    endloop
  endfacet
  facet normal 0.278309 -0.416512 0.865484
    outer loop
      vertex 15.3462 -35.7545 10.4844
      vertex 15.1057 -35.9152 10.4844
      vertex 15.691 -36.2038 10.1573
    endloop
  endfacet
  facet normal 0.330348 -0.376576 0.865483
    outer loop
      vertex 15.5637 -35.5637 10.4844
      vertex 15.3462 -35.7545 10.4844
      vertex 15.691 -36.2038 10.1573
    endloop
  endfacet
  facet normal 0.083268 -0.245486 0.965817
    outer loop
      vertex 14.615 -35.4849 10.7347
      vertex 14.3733 -34.9012 10.9039
      vertex 14.416 -35.5524 10.7347
    endloop
  endfacet
  facet normal 0.0833177 -0.245482 0.965814
    outer loop
      vertex 14.3733 -34.9012 10.9039
      vertex 14.2525 -34.9422 10.9039
      vertex 14.416 -35.5524 10.7347
    endloop
  endfacet
  facet normal 0.118933 -0.597853 0.792734
    outer loop
      vertex 14.719 -36.6832 10.1573
      vertex 14.3626 -36.7541 10.1573
      vertex 14.4303 -37.2685 9.7592
    endloop
  endfacet
  facet normal 0.11886 -0.597834 0.792759
    outer loop
      vertex 14.719 -36.6832 10.1573
      vertex 14.4303 -37.2685 9.7592
      vertex 14.8533 -37.1844 9.7592
    endloop
  endfacet
  facet normal -0.0747669 -0.376023 0.923589
    outer loop
      vertex 13.7902 -35.5934 10.7347
      vertex 13.584 -35.5524 10.7347
      vertex 13.7113 -36.1925 10.4844
    endloop
  endfacet
  facet normal -0.0747535 -0.376021 0.923591
    outer loop
      vertex 13.584 -35.5524 10.7347
      vertex 13.4276 -36.1361 10.4844
      vertex 13.7113 -36.1925 10.4844
    endloop
  endfacet
  facet normal -0.11886 -0.597834 0.792759
    outer loop
      vertex 13.281 -36.6832 10.1573
      vertex 13.1467 -37.1844 9.7592
      vertex 13.5697 -37.2685 9.7592
    endloop
  endfacet
  facet normal -0.138036 -0.694285 0.706338
    outer loop
      vertex 13.1467 -37.1844 9.7592
      vertex 13.027 -37.6311 9.29673
      vertex 13.5697 -37.2685 9.7592
    endloop
  endfacet
  facet normal 0.13056 -0.00861511 0.991403
    outer loop
      vertex 14.9755 -34 10.9039
      vertex 14.3242 -34.0427 10.9893
      vertex 14.9671 -34.1273 10.9039
    endloop
  endfacet
  facet normal 0.221517 0.449268 0.865499
    outer loop
      vertex 15.063 -31.4336 10.1573
      vertex 14.8463 -31.9569 10.4844
      vertex 15.1057 -32.0848 10.4844
    endloop
  endfacet
  facet normal 0.0505672 0.254258 0.965814
    outer loop
      vertex 14.416 -32.4476 10.7347
      vertex 14.1273 -33.0329 10.9039
      vertex 14.2525 -33.0578 10.9039
    endloop
  endfacet
  facet normal -0.278336 0.41647 0.865495
    outer loop
      vertex 12.6111 -31.5943 10.1573
      vertex 12.309 -31.7962 10.1573
      vertex 12.8943 -32.0848 10.4844
    endloop
  endfacet
  facet normal -0.252778 0.288343 0.923559
    outer loop
      vertex 13.0216 -32.7249 10.7347
      vertex 12.4363 -32.4363 10.4844
      vertex 12.8635 -32.8635 10.7347
    endloop
  endfacet
  facet normal -0.215531 0.144026 0.965817
    outer loop
      vertex 13.2261 -33.4062 10.9039
      vertex 12.7249 -33.0216 10.7347
      vertex 13.1552 -33.5123 10.9039
    endloop
  endfacet
  facet normal -0.194885 0.17093 0.965817
    outer loop
      vertex 13.3103 -33.3102 10.9039
      vertex 12.7249 -33.0216 10.7347
      vertex 13.2261 -33.4062 10.9039
    endloop
  endfacet
  facet normal -0.0578582 0.117358 0.991403
    outer loop
      vertex 13.6267 -33.0988 10.9039
      vertex 13.5123 -33.1552 10.9039
      vertex 13.8365 -33.7168 10.9893
    endloop
  endfacet
  facet normal -0.114646 0.232498 0.965816
    outer loop
      vertex 13.385 -32.5151 10.7347
      vertex 13.1964 -32.6081 10.7347
      vertex 13.5123 -33.1552 10.9039
    endloop
  endfacet
  facet normal 0.0420554 0.12391 0.991402
    outer loop
      vertex 14.2525 -33.0578 10.9039
      vertex 14.0846 -33.6841 10.9893
      vertex 14.3733 -33.0988 10.9039
    endloop
  endfacet
  facet normal 0.0421973 0.12384 0.991405
    outer loop
      vertex 14.3733 -33.0988 10.9039
      vertex 14.0846 -33.6841 10.9893
      vertex 14.1251 -33.6979 10.9893
    endloop
  endfacet
  facet normal -0.0505672 0.254258 0.965814
    outer loop
      vertex 13.8727 -33.0329 10.9039
      vertex 13.584 -32.4476 10.7347
      vertex 13.7475 -33.0578 10.9039
    endloop
  endfacet
  facet normal 0.114625 0.232502 0.965818
    outer loop
      vertex 14.615 -32.5151 10.7347
      vertex 14.3733 -33.0988 10.9039
      vertex 14.4877 -33.1552 10.9039
    endloop
  endfacet
  facet normal 0.10879 -0.0726972 0.991403
    outer loop
      vertex 14.8448 -34.4877 10.9039
      vertex 14.2594 -34.1991 10.9893
      vertex 14.7739 -34.5938 10.9039
    endloop
  endfacet
  facet normal 0.0983061 -0.0863624 0.991402
    outer loop
      vertex 14.2594 -34.1991 10.9893
      vertex 14.2312 -34.2312 10.9893
      vertex 14.7739 -34.5938 10.9039
    endloop
  endfacet
  facet normal -0.221532 0.449267 0.865495
    outer loop
      vertex 12.937 -31.4336 10.1573
      vertex 12.6111 -31.5943 10.1573
      vertex 12.8943 -32.0848 10.4844
    endloop
  endfacet
  facet normal -0.169554 0.34388 0.923579
    outer loop
      vertex 13.1537 -31.9569 10.4844
      vertex 12.8943 -32.0848 10.4844
      vertex 13.385 -32.5151 10.7347
    endloop
  endfacet
  facet normal -0.588558 0.393236 0.706375
    outer loop
      vertex 11.0176 -31.7115 9.29673
      vertex 10.7444 -32.1204 9.29673
      vertex 11.3845 -31.9931 9.7592
    endloop
  endfacet
  facet normal -0.588544 0.393348 0.706324
    outer loop
      vertex 11.3845 -31.9931 9.7592
      vertex 10.7444 -32.1204 9.29673
      vertex 11.1449 -32.3516 9.7592
    endloop
  endfacet
  facet normal -0.34388 0.169554 0.923579
    outer loop
      vertex 12.0848 -32.8943 10.4844
      vertex 11.9569 -33.1537 10.4844
      vertex 12.5151 -33.385 10.7347
    endloop
  endfacet
  facet normal -0.449268 0.221517 0.865499
    outer loop
      vertex 12.0848 -32.8943 10.4844
      vertex 11.4336 -32.937 10.1573
      vertex 11.9569 -33.1537 10.4844
    endloop
  endfacet
  facet normal 0.0726972 0.10879 0.991403
    outer loop
      vertex 14.4877 -33.1552 10.9039
      vertex 14.1991 -33.7406 10.9893
      vertex 14.5938 -33.2261 10.9039
    endloop
  endfacet
  facet normal -0.00861511 -0.13056 0.991403
    outer loop
      vertex 13.9573 -34.3242 10.9893
      vertex 13.8727 -34.9671 10.9039
      vertex 14 -34.9755 10.9039
    endloop
  endfacet
  facet normal -0.0255235 -0.128335 0.991402
    outer loop
      vertex 13.9573 -34.3242 10.9893
      vertex 13.7475 -34.9422 10.9039
      vertex 13.8727 -34.9671 10.9039
    endloop
  endfacet
  facet normal 0.215537 -0.14402 0.965817
    outer loop
      vertex 15.3919 -34.8036 10.7347
      vertex 14.8448 -34.4877 10.9039
      vertex 15.2751 -34.9784 10.7347
    endloop
  endfacet
  facet normal 0.318787 -0.213011 0.92358
    outer loop
      vertex 15.3919 -34.8036 10.7347
      vertex 15.2751 -34.9784 10.7347
      vertex 15.9152 -35.1057 10.4844
    endloop
  endfacet
  facet normal -0.0983061 -0.0863624 0.991402
    outer loop
      vertex 13.7406 -34.1991 10.9893
      vertex 13.2261 -34.5938 10.9039
      vertex 13.7688 -34.2312 10.9893
    endloop
  endfacet
  facet normal -0.108777 -0.0727219 0.991403
    outer loop
      vertex 13.7168 -34.1635 10.9893
      vertex 13.1552 -34.4877 10.9039
      vertex 13.7406 -34.1991 10.9893
    endloop
  endfacet
  facet normal -0.670315 0.227613 -0.706307
    outer loop
      vertex 10.9542 -32.7384 2.2408
      vertex 10.3689 -33.027 2.70327
      vertex 10.527 -32.5614 2.70327
    endloop
  endfacet
  facet normal -0.252835 0.288216 -0.923583
    outer loop
      vertex 13.0216 -32.7249 1.26535
      vertex 12.4363 -32.4363 1.51564
      vertex 12.6538 -32.2455 1.51564
    endloop
  endfacet
  facet normal -0.0578316 -0.117304 -0.991411
    outer loop
      vertex 13.6267 -34.9012 1.09607
      vertex 13.5123 -34.8448 1.09607
      vertex 13.8365 -34.2832 1.01071
    endloop
  endfacet
  facet normal -0.108739 0.0726638 -0.991411
    outer loop
      vertex 13.7406 -33.8009 1.01071
      vertex 13.1552 -33.5123 1.09607
      vertex 13.2261 -33.4062 1.09607
    endloop
  endfacet
  facet normal -0.491192 0.0976498 -0.86556
    outer loop
      vertex 11.8075 -33.7113 1.51564
      vertex 11.3168 -33.281 1.84265
      vertex 11.8639 -33.4276 1.51564
    endloop
  endfacet
  facet normal -0.213004 0.318777 -0.923586
    outer loop
      vertex 13.0216 -32.7249 1.26535
      vertex 12.6538 -32.2455 1.51564
      vertex 12.8943 -32.0848 1.51564
    endloop
  endfacet
  facet normal -0.258788 0.0170764 -0.965783
    outer loop
      vertex 13.0245 -34 1.09607
      vertex 12.4066 -33.7902 1.26535
      vertex 13.0329 -33.8727 1.09607
    endloop
  endfacet
  facet normal -0.144089 -0.215626 -0.965787
    outer loop
      vertex 13.5123 -34.8448 1.09607
      vertex 13.0216 -35.2751 1.26535
      vertex 13.4062 -34.7739 1.09607
    endloop
  endfacet
  facet normal -0.499665 -0.032711 -0.865601
    outer loop
      vertex 11.8075 -34.2887 1.51564
      vertex 11.2221 -34 1.84265
      vertex 11.7886 -34 1.51564
    endloop
  endfacet
  facet normal -0.499665 0.032711 -0.865601
    outer loop
      vertex 11.7886 -34 1.51564
      vertex 11.2221 -34 1.84265
      vertex 11.8075 -33.7113 1.51564
    endloop
  endfacet
  facet normal -0.416426 -0.278252 -0.865543
    outer loop
      vertex 12.2455 -35.3462 1.51564
      vertex 11.7962 -35.691 1.84265
      vertex 12.0848 -35.1057 1.51564
    endloop
  endfacet
  facet normal -0.318777 -0.213004 -0.923586
    outer loop
      vertex 12.2455 -35.3462 1.51564
      vertex 12.0848 -35.1057 1.51564
      vertex 12.7249 -34.9784 1.26535
    endloop
  endfacet
  facet normal -0.449176 -0.221471 -0.865559
    outer loop
      vertex 12.0848 -35.1057 1.51564
      vertex 11.4336 -35.063 1.84265
      vertex 11.9569 -34.8463 1.51564
    endloop
  endfacet
  facet normal -0.577197 -0.195978 -0.79274
    outer loop
      vertex 11.4336 -35.063 1.84265
      vertex 10.9542 -35.2616 2.2408
      vertex 11.3168 -34.719 1.84265
    endloop
  endfacet
  facet normal -0.906405 -0.180304 -0.381994
    outer loop
      vertex 9.66844 -35.1606 3.78856
      vertex 9.42668 -35.2254 4.3928
      vertex 9.554 -34.5853 3.78856
    endloop
  endfacet
  facet normal -0.875127 -0.297036 -0.381998
    outer loop
      vertex 9.62575 -35.8119 4.3928
      vertex 9.42668 -35.2254 4.3928
      vertex 9.66844 -35.1606 3.78856
    endloop
  endfacet
  facet normal -0.117304 -0.0578316 -0.991411
    outer loop
      vertex 13.1552 -34.4877 1.09607
      vertex 13.0988 -34.3733 1.09607
      vertex 13.7168 -34.1635 1.01071
    endloop
  endfacet
  facet normal 0.0863226 -0.0982608 -0.99141
    outer loop
      vertex 14.5938 -34.7739 1.09607
      vertex 14.1991 -34.2594 1.01071
      vertex 14.2312 -34.2312 1.01071
    endloop
  endfacet
  facet normal -0.0255117 -0.128276 -0.99141
    outer loop
      vertex 13.8727 -34.9671 1.09607
      vertex 13.7475 -34.9422 1.09607
      vertex 13.9573 -34.3242 1.01071
    endloop
  endfacet
  facet normal -0.0578316 0.117304 -0.991411
    outer loop
      vertex 13.8365 -33.7168 1.01071
      vertex 13.5123 -33.1552 1.09607
      vertex 13.6267 -33.0988 1.09607
    endloop
  endfacet
  facet normal 0.0420361 0.123853 -0.99141
    outer loop
      vertex 14.3733 -33.0988 1.09607
      vertex 14.0846 -33.6841 1.01071
      vertex 14.2525 -33.0578 1.09607
    endloop
  endfacet
  facet normal 0.0505789 -0.254375 -0.965782
    outer loop
      vertex 14.2098 -35.5934 1.26535
      vertex 14.1273 -34.9671 1.09607
      vertex 14.416 -35.5524 1.26535
    endloop
  endfacet
  facet normal 0.0170764 -0.258788 -0.965783
    outer loop
      vertex 14.2098 -35.5934 1.26535
      vertex 14 -34.9755 1.09607
      vertex 14.1273 -34.9671 1.09607
    endloop
  endfacet
  facet normal -0.0982608 0.0863226 -0.99141
    outer loop
      vertex 13.7406 -33.8009 1.01071
      vertex 13.2261 -33.4062 1.09607
      vertex 13.7688 -33.7688 1.01071
    endloop
  endfacet
  facet normal 0.144089 -0.215626 -0.965787
    outer loop
      vertex 14.9784 -35.2751 1.26535
      vertex 14.4877 -34.8448 1.09607
      vertex 14.5938 -34.7739 1.09607
    endloop
  endfacet
  facet normal 0.114676 -0.232605 -0.965787
    outer loop
      vertex 14.615 -35.4849 1.26535
      vertex 14.3733 -34.9012 1.09607
      vertex 14.4877 -34.8448 1.09607
    endloop
  endfacet
  facet normal 0.169559 -0.343858 -0.923586
    outer loop
      vertex 15.1057 -35.9152 1.51564
      vertex 14.615 -35.4849 1.26535
      vertex 14.8036 -35.3919 1.26535
    endloop
  endfacet
  facet normal 0.215626 -0.144089 -0.965787
    outer loop
      vertex 15.2751 -34.9784 1.26535
      vertex 14.7739 -34.5938 1.09607
      vertex 14.8448 -34.4877 1.09607
    endloop
  endfacet
  facet normal 0.108727 -0.0726884 -0.991411
    outer loop
      vertex 14.8448 -34.4877 1.09607
      vertex 14.2594 -34.1991 1.01071
      vertex 14.2832 -34.1635 1.01071
    endloop
  endfacet
  facet normal 0.33028 -0.376498 -0.865543
    outer loop
      vertex 15.691 -36.2038 1.84265
      vertex 15.3462 -35.7545 1.51564
      vertex 15.5637 -35.5637 1.51564
    endloop
  endfacet
  facet normal 0.252835 -0.288216 -0.923583
    outer loop
      vertex 15.3462 -35.7545 1.51564
      vertex 14.9784 -35.2751 1.26535
      vertex 15.5637 -35.5637 1.51564
    endloop
  endfacet
  facet normal -0.751865 -0.255182 -0.607932
    outer loop
      vertex 10.1591 -35.591 3.22215
      vertex 9.98431 -35.076 3.22215
      vertex 10.3689 -34.973 2.70327
    endloop
  endfacet
  facet normal -0.778721 -0.15484 -0.607963
    outer loop
      vertex 10.3689 -34.973 2.70327
      vertex 9.87822 -34.5426 3.22215
      vertex 10.273 -34.4907 2.70327
    endloop
  endfacet
  facet normal -0.114697 -0.2326 -0.965786
    outer loop
      vertex 13.385 -35.4849 1.26535
      vertex 13.1964 -35.3919 1.26535
      vertex 13.5123 -34.8448 1.09607
    endloop
  endfacet
  facet normal -0.169559 -0.343858 -0.923586
    outer loop
      vertex 13.385 -35.4849 1.26535
      vertex 12.8943 -35.9152 1.51564
      vertex 13.1964 -35.3919 1.26535
    endloop
  endfacet
  facet normal 0.278279 0.416384 -0.865555
    outer loop
      vertex 15.691 -31.7962 1.84265
      vertex 15.1057 -32.0848 1.51564
      vertex 15.3889 -31.5943 1.84265
    endloop
  endfacet
  facet normal 0.169548 0.343869 -0.923584
    outer loop
      vertex 15.1057 -32.0848 1.51564
      vertex 14.615 -32.5151 1.26535
      vertex 14.8463 -31.9569 1.51564
    endloop
  endfacet
  facet normal 0.117332 -0.0577493 -0.991412
    outer loop
      vertex 14.9012 -34.3733 1.09607
      vertex 14.2832 -34.1635 1.01071
      vertex 14.3021 -34.1251 1.01071
    endloop
  endfacet
  facet normal -0.123143 0.363043 -0.923599
    outer loop
      vertex 13.584 -32.4476 1.26535
      vertex 13.385 -32.5151 1.26535
      vertex 13.4276 -31.8639 1.51564
    endloop
  endfacet
  facet normal -0.032711 0.499665 -0.865601
    outer loop
      vertex 14 -31.7886 1.51564
      vertex 13.7113 -31.8075 1.51564
      vertex 14 -31.2221 1.84265
    endloop
  endfacet
  facet normal -0.118522 0.598041 -0.792654
    outer loop
      vertex 13.6374 -31.2459 1.84265
      vertex 13.4779 -31.0236 2.03422
      vertex 13.6063 -31.0093 2.02581
    endloop
  endfacet
  facet normal -0.118929 0.597832 -0.79275
    outer loop
      vertex 13.281 -31.3168 1.84265
      vertex 13.4779 -31.0236 2.03422
      vertex 13.6374 -31.2459 1.84265
    endloop
  endfacet
  facet normal -0.119783 0.59816 -0.792374
    outer loop
      vertex 13.4779 -31.0236 2.03422
      vertex 13.281 -31.3168 1.84265
      vertex 13.4272 -31.0204 2.0443
    endloop
  endfacet
  facet normal 0.161046 0.474312 0.865501
    outer loop
      vertex 14.719 -31.3168 10.1573
      vertex 14.5724 -31.8639 10.4844
      vertex 15.063 -31.4336 10.1573
    endloop
  endfacet
  facet normal 0.161047 0.47431 0.865502
    outer loop
      vertex 15.063 -31.4336 10.1573
      vertex 14.5724 -31.8639 10.4844
      vertex 14.8463 -31.9569 10.4844
    endloop
  endfacet
  facet normal 0.11889 0.597841 0.79275
    outer loop
      vertex 14.8024 -31.0055 9.91003
      vertex 14.5728 -31.0204 9.9557
      vertex 14.719 -31.3168 10.1573
    endloop
  endfacet
  facet normal -0.0747535 0.376021 0.923591
    outer loop
      vertex 13.7113 -31.8075 10.4844
      vertex 13.4276 -31.8639 10.4844
      vertex 13.584 -32.4476 10.7347
    endloop
  endfacet
  facet normal -0.0170159 0.258691 0.96581
    outer loop
      vertex 14 -32.3928 10.7347
      vertex 13.7902 -32.4066 10.7347
      vertex 14 -33.0245 10.9039
    endloop
  endfacet
  facet normal -0.0400158 0.608269 0.792722
    outer loop
      vertex 14 -31.0171 10
      vertex 13.817 -31.0135 9.988
      vertex 14 -31.2221 10.1573
    endloop
  endfacet
  facet normal 0.0400158 0.608269 0.792722
    outer loop
      vertex 14 -31.0171 10
      vertex 14 -31.2221 10.1573
      vertex 14.183 -31.0135 9.988
    endloop
  endfacet
  facet normal 0.318787 0.213011 0.92358
    outer loop
      vertex 15.9152 -32.8943 10.4844
      vertex 15.2751 -33.0216 10.7347
      vertex 15.3919 -33.1964 10.7347
    endloop
  endfacet
  facet normal 0.215537 0.14402 0.965817
    outer loop
      vertex 15.2751 -33.0216 10.7347
      vertex 14.8448 -33.5123 10.9039
      vertex 15.3919 -33.1964 10.7347
    endloop
  endfacet
  facet normal 0.597853 -0.118933 0.792734
    outer loop
      vertex 16.7541 -34.3626 10.1573
      vertex 16.6832 -34.719 10.1573
      vertex 17.2685 -34.4303 9.7592
    endloop
  endfacet
  facet normal 0.608254 -0.039924 0.792738
    outer loop
      vertex 16.7779 -34 10.1573
      vertex 16.7541 -34.3626 10.1573
      vertex 17.2685 -34.4303 9.7592
    endloop
  endfacet
  facet normal 0.922232 -0.0605053 -0.381872
    outer loop
      vertex 18.7346 -34 4.3928
      vertex 18.446 -34.5853 3.78856
      vertex 18.4844 -34 3.78856
    endloop
  endfacet
  facet normal 0.864641 -0.0567268 -0.499177
    outer loop
      vertex 18.446 -34.5853 3.78856
      vertex 18.1218 -34.5426 3.22215
      vertex 18.4844 -34 3.78856
    endloop
  endfacet
  facet normal 0.751775 -0.255274 -0.608005
    outer loop
      vertex 17.8409 -35.591 3.22215
      vertex 17.473 -35.4386 2.70327
      vertex 17.6311 -34.973 2.70327
    endloop
  endfacet
  facet normal 0.712105 -0.351047 -0.608007
    outer loop
      vertex 17.8409 -35.591 3.22215
      vertex 17.2556 -35.8796 2.70327
      vertex 17.473 -35.4386 2.70327
    endloop
  endfacet
  facet normal 0.5979 -0.118943 -0.792697
    outer loop
      vertex 17.2685 -34.4303 2.2408
      vertex 16.6832 -34.719 1.84265
      vertex 16.7541 -34.3626 1.84265
    endloop
  endfacet
  facet normal 0.608302 -0.0399272 -0.792701
    outer loop
      vertex 17.2685 -34.4303 2.2408
      vertex 16.7541 -34.3626 1.84265
      vertex 16.7779 -34 1.84265
    endloop
  endfacet
  facet normal 0.128308 0.0254166 -0.991409
    outer loop
      vertex 14.3242 -33.9573 1.01071
      vertex 14.3159 -33.9154 1.01071
      vertex 14.9422 -33.7475 1.09607
    endloop
  endfacet
  facet normal -0.0833047 0.245595 -0.965787
    outer loop
      vertex 13.6267 -33.0988 1.09607
      vertex 13.385 -32.5151 1.26535
      vertex 13.584 -32.4476 1.26535
    endloop
  endfacet
  facet normal -0.0420361 0.123853 -0.99141
    outer loop
      vertex 13.9154 -33.6841 1.01071
      vertex 13.6267 -33.0988 1.09607
      vertex 13.7475 -33.0578 1.09607
    endloop
  endfacet
  facet normal 0.0421779 0.123783 -0.991413
    outer loop
      vertex 14.1251 -33.6979 1.01071
      vertex 14.0846 -33.6841 1.01071
      vertex 14.3733 -33.0988 1.09607
    endloop
  endfacet
  facet normal 0.0982608 -0.0863226 -0.99141
    outer loop
      vertex 14.7739 -34.5938 1.09607
      vertex 14.2312 -34.2312 1.01071
      vertex 14.2594 -34.1991 1.01071
    endloop
  endfacet
  facet normal -0.660093 -0.44123 0.607942
    outer loop
      vertex 10.7444 -35.8796 9.29673
      vertex 10.3996 -36.0787 8.77785
      vertex 10.7018 -36.5308 8.77785
    endloop
  endfacet
  facet normal -0.720336 -0.481499 0.499274
    outer loop
      vertex 10.7018 -36.5308 8.77785
      vertex 10.3996 -36.0787 8.77785
      vertex 10.4423 -36.7299 8.21144
    endloop
  endfacet
  facet normal -0.546664 0.269558 0.792778
    outer loop
      vertex 11.5943 -32.6111 10.1573
      vertex 10.9542 -32.7384 9.7592
      vertex 11.4336 -32.937 10.1573
    endloop
  endfacet
  facet normal -0.546664 0.269516 0.792792
    outer loop
      vertex 11.1449 -32.3516 9.7592
      vertex 10.9542 -32.7384 9.7592
      vertex 11.5943 -32.6111 10.1573
    endloop
  endfacet
  facet normal -0.77714 0.383232 -0.499187
    outer loop
      vertex 10.1591 -32.409 3.22215
      vertex 10.1164 -31.7578 3.78856
      vertex 10.3996 -31.9213 3.22215
    endloop
  endfacet
  facet normal -0.820536 0.278488 -0.499163
    outer loop
      vertex 9.98431 -32.924 3.22215
      vertex 9.85699 -32.2839 3.78856
      vertex 10.1591 -32.409 3.22215
    endloop
  endfacet
  facet normal -0.608302 0.0399272 -0.792701
    outer loop
      vertex 11.2221 -34 1.84265
      vertex 10.7315 -33.5697 2.2408
      vertex 11.2459 -33.6374 1.84265
    endloop
  endfacet
  facet normal -0.608336 0.0398677 -0.792678
    outer loop
      vertex 11.2221 -34 1.84265
      vertex 10.7033 -34 2.2408
      vertex 10.7315 -33.5697 2.2408
    endloop
  endfacet
  facet normal -0.706358 0.0462916 -0.70634
    outer loop
      vertex 10.7033 -34 2.2408
      vertex 10.273 -33.5093 2.70327
      vertex 10.7315 -33.5697 2.2408
    endloop
  endfacet
  facet normal -0.694276 0.138049 -0.706345
    outer loop
      vertex 10.7315 -33.5697 2.2408
      vertex 10.273 -33.5093 2.70327
      vertex 10.3689 -33.027 2.70327
    endloop
  endfacet
  facet normal -0.506778 0.338691 -0.792757
    outer loop
      vertex 11.5943 -32.6111 1.84265
      vertex 11.1449 -32.3516 2.2408
      vertex 11.7962 -32.309 1.84265
    endloop
  endfacet
  facet normal -0.546708 0.269538 -0.792755
    outer loop
      vertex 11.5943 -32.6111 1.84265
      vertex 10.9542 -32.7384 2.2408
      vertex 11.1449 -32.3516 2.2408
    endloop
  endfacet
  facet normal -0.59699 0.523517 -0.607892
    outer loop
      vertex 11.3418 -31.3418 2.70327
      vertex 11.0176 -31.7115 2.70327
      vertex 11.0603 -31.0603 3.22215
    endloop
  endfacet
  facet normal -0.588558 0.393236 -0.706375
    outer loop
      vertex 11.3845 -31.9931 2.2408
      vertex 10.7444 -32.1204 2.70327
      vertex 11.0176 -31.7115 2.70327
    endloop
  endfacet
  facet normal 0.278565 -0.820483 -0.499209
    outer loop
      vertex 15.1606 -38.3316 3.78856
      vertex 15.076 -38.0157 3.22215
      vertex 15.7161 -38.143 3.78856
    endloop
  endfacet
  facet normal 0.297115 -0.87512 -0.381953
    outer loop
      vertex 15.8119 -38.3742 4.3928
      vertex 15.1606 -38.3316 3.78856
      vertex 15.7161 -38.143 3.78856
    endloop
  endfacet
  facet normal 0.499665 -0.032711 -0.865601
    outer loop
      vertex 16.7779 -34 1.84265
      vertex 16.1925 -34.2887 1.51564
      vertex 16.2114 -34 1.51564
    endloop
  endfacet
  facet normal 0.382592 -0.0250467 -0.923578
    outer loop
      vertex 16.1925 -34.2887 1.51564
      vertex 15.6072 -34 1.26535
      vertex 16.2114 -34 1.51564
    endloop
  endfacet
  facet normal 0.363044 -0.123268 -0.923582
    outer loop
      vertex 16.0431 -34.8463 1.51564
      vertex 15.4849 -34.615 1.26535
      vertex 16.1361 -34.5724 1.51564
    endloop
  endfacet
  facet normal 0.474213 -0.161014 -0.865562
    outer loop
      vertex 16.5664 -35.063 1.84265
      vertex 16.0431 -34.8463 1.51564
      vertex 16.1361 -34.5724 1.51564
    endloop
  endfacet
  facet normal 0.5979 0.118943 -0.792697
    outer loop
      vertex 16.7541 -33.6374 1.84265
      vertex 16.6832 -33.281 1.84265
      vertex 17.2685 -33.5697 2.2408
    endloop
  endfacet
  facet normal 0.608302 0.0399272 -0.792701
    outer loop
      vertex 16.7779 -34 1.84265
      vertex 16.7541 -33.6374 1.84265
      vertex 17.2685 -33.5697 2.2408
    endloop
  endfacet
  facet normal 0.215626 0.144089 -0.965787
    outer loop
      vertex 14.8448 -33.5123 1.09607
      vertex 14.7739 -33.4062 1.09607
      vertex 15.2751 -33.0216 1.26535
    endloop
  endfacet
  facet normal 0.170991 0.194983 -0.965787
    outer loop
      vertex 14.6897 -33.3102 1.09607
      vertex 14.5938 -33.2261 1.09607
      vertex 14.9784 -32.7249 1.26535
    endloop
  endfacet
  facet normal 0.278252 0.416426 -0.865543
    outer loop
      vertex 15.3462 -32.2455 1.51564
      vertex 15.1057 -32.0848 1.51564
      vertex 15.691 -31.7962 1.84265
    endloop
  endfacet
  facet normal 0.213004 0.318777 -0.923586
    outer loop
      vertex 15.3462 -32.2455 1.51564
      vertex 14.9784 -32.7249 1.26535
      vertex 15.1057 -32.0848 1.51564
    endloop
  endfacet
  facet normal 0.330213 0.37652 -0.865559
    outer loop
      vertex 15.9642 -32.0358 1.84265
      vertex 15.5637 -32.4363 1.51564
      vertex 15.691 -31.7962 1.84265
    endloop
  endfacet
  facet normal 0.37652 0.330213 -0.865559
    outer loop
      vertex 16.2038 -32.309 1.84265
      vertex 15.5637 -32.4363 1.51564
      vertex 15.9642 -32.0358 1.84265
    endloop
  endfacet
  facet normal 0.245595 0.0833047 -0.965787
    outer loop
      vertex 15.5524 -33.584 1.26535
      vertex 14.9012 -33.6267 1.09607
      vertex 15.4849 -33.385 1.26535
    endloop
  endfacet
  facet normal 0.245591 0.0833544 -0.965783
    outer loop
      vertex 14.9422 -33.7475 1.09607
      vertex 14.9012 -33.6267 1.09607
      vertex 15.5524 -33.584 1.26535
    endloop
  endfacet
  facet normal 0.1305 0.00861114 -0.991411
    outer loop
      vertex 14.9755 -34 1.09607
      vertex 14.3242 -33.9573 1.01071
      vertex 14.9671 -33.8727 1.09607
    endloop
  endfacet
  facet normal 0.130496 0.00855714 -0.991412
    outer loop
      vertex 14.327 -34 1.01071
      vertex 14.3242 -33.9573 1.01071
      vertex 14.9755 -34 1.09607
    endloop
  endfacet
  facet normal 0.0578316 0.117304 -0.991411
    outer loop
      vertex 14.4877 -33.1552 1.09607
      vertex 14.1635 -33.7168 1.01071
      vertex 14.3733 -33.0988 1.09607
    endloop
  endfacet
  facet normal -0.820522 -0.278505 -0.499179
    outer loop
      vertex 9.85699 -35.7161 3.78856
      vertex 9.66844 -35.1606 3.78856
      vertex 9.98431 -35.076 3.22215
    endloop
  endfacet
  facet normal -0.849845 -0.169053 -0.499183
    outer loop
      vertex 9.66844 -35.1606 3.78856
      vertex 9.554 -34.5853 3.78856
      vertex 9.98431 -35.076 3.22215
    endloop
  endfacet
  facet normal -0.438511 -0.889232 0.130288
    outer loop
      vertex 11.548 -38.2469 6.97545
      vertex 11.5054 -38.3209 6.32701
      vertex 12.1233 -38.5306 6.97545
    endloop
  endfacet
  facet normal -0.513438 -0.768442 0.38194
    outer loop
      vertex 11.2701 -37.5577 8.21144
      vertex 11.1177 -37.7562 7.6072
      vertex 11.6327 -38.1003 7.6072
    endloop
  endfacet
  facet normal -0.0726972 -0.10879 0.991403
    outer loop
      vertex 13.8009 -34.2594 10.9893
      vertex 13.4062 -34.7739 10.9039
      vertex 13.5123 -34.8448 10.9039
    endloop
  endfacet
  facet normal 0.12391 -0.0420554 0.991402
    outer loop
      vertex 14.9422 -34.2525 10.9039
      vertex 14.3159 -34.0846 10.9893
      vertex 14.9012 -34.3733 10.9039
    endloop
  endfacet
  facet normal 0.12384 -0.0421973 0.991405
    outer loop
      vertex 14.3159 -34.0846 10.9893
      vertex 14.3021 -34.1251 10.9893
      vertex 14.9012 -34.3733 10.9039
    endloop
  endfacet
  facet normal -0.0170688 0.258674 0.965814
    outer loop
      vertex 14 -33.0245 10.9039
      vertex 13.7902 -32.4066 10.7347
      vertex 13.8727 -33.0329 10.9039
    endloop
  endfacet
  facet normal -0.0254283 0.128367 0.991401
    outer loop
      vertex 13.9573 -33.6758 10.9893
      vertex 13.7475 -33.0578 10.9039
      vertex 13.9154 -33.6841 10.9893
    endloop
  endfacet
  facet normal -0.670315 -0.227613 0.706307
    outer loop
      vertex 10.9542 -35.2616 9.7592
      vertex 10.3689 -34.973 9.29673
      vertex 10.527 -35.4386 9.29673
    endloop
  endfacet
  facet normal -0.751775 -0.255274 0.608005
    outer loop
      vertex 10.3689 -34.973 9.29673
      vertex 10.1591 -35.591 8.77785
      vertex 10.527 -35.4386 9.29673
    endloop
  endfacet
  facet normal 0.427266 -0.866431 -0.258343
    outer loop
      vertex 16.452 -38.2469 5.02455
      vertex 15.8767 -38.5306 5.02455
      vertex 16.3673 -38.1003 4.3928
    endloop
  endfacet
  facet normal 0.536772 -0.8032 -0.258352
    outer loop
      vertex 16.452 -38.2469 5.02455
      vertex 16.3673 -38.1003 4.3928
      vertex 16.9853 -37.8905 5.02455
    endloop
  endfacet
  facet normal 0.513438 -0.768442 -0.38194
    outer loop
      vertex 16.8823 -37.7562 4.3928
      vertex 16.3673 -38.1003 4.3928
      vertex 16.7299 -37.5577 3.78856
    endloop
  endfacet
  facet normal 0.609338 -0.694852 -0.381953
    outer loop
      vertex 16.8823 -37.7562 4.3928
      vertex 16.7299 -37.5577 3.78856
      vertex 17.3479 -37.3479 4.3928
    endloop
  endfacet
  facet normal 0.653665 -0.745478 -0.130325
    outer loop
      vertex 17.528 -37.528 5.67299
      vertex 16.9853 -37.8905 5.02455
      vertex 17.4676 -37.4676 5.02455
    endloop
  endfacet
  facet normal 0.636914 -0.726374 -0.258307
    outer loop
      vertex 17.4676 -37.4676 5.02455
      vertex 16.9853 -37.8905 5.02455
      vertex 17.3479 -37.3479 4.3928
    endloop
  endfacet
  facet normal 0.0462916 -0.706358 -0.70634
    outer loop
      vertex 14.4907 -37.727 2.70327
      vertex 14 -37.2967 2.2408
      vertex 14.4303 -37.2685 2.2408
    endloop
  endfacet
  facet normal 0.0398677 -0.608336 -0.792678
    outer loop
      vertex 14.4303 -37.2685 2.2408
      vertex 14 -37.2967 2.2408
      vertex 14 -36.7779 1.84265
    endloop
  endfacet
  facet normal 0.213011 -0.318788 0.92358
    outer loop
      vertex 15.3462 -35.7545 10.4844
      vertex 14.9784 -35.2751 10.7347
      vertex 15.1057 -35.9152 10.4844
    endloop
  endfacet
  facet normal 0.169564 -0.343869 0.923581
    outer loop
      vertex 14.8036 -35.3919 10.7347
      vertex 14.615 -35.4849 10.7347
      vertex 15.1057 -35.9152 10.4844
    endloop
  endfacet
  facet normal 0.269657 -0.546663 0.792745
    outer loop
      vertex 15.3889 -36.4057 10.1573
      vertex 15.2616 -37.0458 9.7592
      vertex 15.6484 -36.855 9.7592
    endloop
  endfacet
  facet normal 0.338698 -0.506789 0.792747
    outer loop
      vertex 15.691 -36.2038 10.1573
      vertex 15.3889 -36.4057 10.1573
      vertex 15.6484 -36.855 9.7592
    endloop
  endfacet
  facet normal 0.12384 0.0421973 0.991405
    outer loop
      vertex 14.9012 -33.6267 10.9039
      vertex 14.3021 -33.8749 10.9893
      vertex 14.3159 -33.9154 10.9893
    endloop
  endfacet
  facet normal 0.117386 0.0577759 0.991404
    outer loop
      vertex 14.9012 -33.6267 10.9039
      vertex 14.2832 -33.8365 10.9893
      vertex 14.3021 -33.8749 10.9893
    endloop
  endfacet
  facet normal 0.254258 0.0505672 0.965814
    outer loop
      vertex 15.5524 -33.584 10.7347
      vertex 14.9422 -33.7475 10.9039
      vertex 14.9671 -33.8727 10.9039
    endloop
  endfacet
  facet normal 0.245482 0.0833177 0.965814
    outer loop
      vertex 15.5524 -33.584 10.7347
      vertex 14.9012 -33.6267 10.9039
      vertex 14.9422 -33.7475 10.9039
    endloop
  endfacet
  facet normal 0.161047 -0.47431 0.865502
    outer loop
      vertex 14.8463 -36.0431 10.4844
      vertex 14.5724 -36.1361 10.4844
      vertex 15.063 -36.5664 10.1573
    endloop
  endfacet
  facet normal 0.123272 -0.363057 0.923577
    outer loop
      vertex 14.615 -35.4849 10.7347
      vertex 14.5724 -36.1361 10.4844
      vertex 14.8463 -36.0431 10.4844
    endloop
  endfacet
  facet normal 0.0462916 -0.706358 0.70634
    outer loop
      vertex 14.4303 -37.2685 9.7592
      vertex 14 -37.2967 9.7592
      vertex 14.4907 -37.727 9.29673
    endloop
  endfacet
  facet normal 0.138049 -0.694276 0.706345
    outer loop
      vertex 14.973 -37.6311 9.29673
      vertex 14.4303 -37.2685 9.7592
      vertex 14.4907 -37.727 9.29673
    endloop
  endfacet
  facet normal 0.0863624 0.0983061 0.991402
    outer loop
      vertex 14.5938 -33.2261 10.9039
      vertex 14.1991 -33.7406 10.9893
      vertex 14.2312 -33.7688 10.9893
    endloop
  endfacet
  facet normal 0.0862665 0.0983705 0.991404
    outer loop
      vertex 14.5938 -33.2261 10.9039
      vertex 14.2312 -33.7688 10.9893
      vertex 14.6897 -33.3102 10.9039
    endloop
  endfacet
  facet normal 0.252844 0.288226 0.923578
    outer loop
      vertex 15.3462 -32.2455 10.4844
      vertex 14.9784 -32.7249 10.7347
      vertex 15.5637 -32.4363 10.4844
    endloop
  endfacet
  facet normal 0.330348 0.376576 0.865483
    outer loop
      vertex 15.691 -31.7962 10.1573
      vertex 15.3462 -32.2455 10.4844
      vertex 15.5637 -32.4363 10.4844
    endloop
  endfacet
  facet normal 0.123272 0.363057 0.923577
    outer loop
      vertex 14.8463 -31.9569 10.4844
      vertex 14.5724 -31.8639 10.4844
      vertex 14.615 -32.5151 10.7347
    endloop
  endfacet
  facet normal 0.0328054 0.499799 0.86552
    outer loop
      vertex 14.3626 -31.2459 10.1573
      vertex 14 -31.2221 10.1573
      vertex 14.2887 -31.8075 10.4844
    endloop
  endfacet
  facet normal -0.376597 0.330281 0.865499
    outer loop
      vertex 12.0358 -32.0358 10.1573
      vertex 11.7962 -32.309 10.1573
      vertex 12.4363 -32.4363 10.4844
    endloop
  endfacet
  facet normal -0.506737 0.338673 0.792792
    outer loop
      vertex 11.3845 -31.9931 9.7592
      vertex 11.1449 -32.3516 9.7592
      vertex 11.7962 -32.309 10.1573
    endloop
  endfacet
  facet normal -0.0505566 0.254263 0.965813
    outer loop
      vertex 13.7902 -32.4066 10.7347
      vertex 13.584 -32.4476 10.7347
      vertex 13.8727 -33.0329 10.9039
    endloop
  endfacet
  facet normal -0.123147 0.363055 0.923594
    outer loop
      vertex 13.4276 -31.8639 10.4844
      vertex 13.385 -32.5151 10.7347
      vertex 13.584 -32.4476 10.7347
    endloop
  endfacet
  facet normal -0.161046 0.474312 0.865501
    outer loop
      vertex 13.281 -31.3168 10.1573
      vertex 12.937 -31.4336 10.1573
      vertex 13.4276 -31.8639 10.4844
    endloop
  endfacet
  facet normal -0.271295 0.545876 0.792728
    outer loop
      vertex 12.7304 -30.9944 9.78416
      vertex 12.937 -31.4336 10.1573
      vertex 12.755 -30.9943 9.79251
    endloop
  endfacet
  facet normal -0.269576 0.546701 0.792746
    outer loop
      vertex 12.937 -31.4336 10.1573
      vertex 12.7304 -30.9944 9.78416
      vertex 12.6111 -31.5943 10.1573
    endloop
  endfacet
  facet normal -0.288343 0.252778 0.923559
    outer loop
      vertex 12.8635 -32.8635 10.7347
      vertex 12.4363 -32.4363 10.4844
      vertex 12.7249 -33.0216 10.7347
    endloop
  endfacet
  facet normal -0.194914 0.170874 0.965821
    outer loop
      vertex 12.8635 -32.8635 10.7347
      vertex 12.7249 -33.0216 10.7347
      vertex 13.3103 -33.3102 10.9039
    endloop
  endfacet
  facet normal -0.232498 0.114646 0.965816
    outer loop
      vertex 12.6081 -33.1964 10.7347
      vertex 12.5151 -33.385 10.7347
      vertex 13.1552 -33.5123 10.9039
    endloop
  endfacet
  facet normal -0.215537 0.14402 0.965817
    outer loop
      vertex 12.7249 -33.0216 10.7347
      vertex 12.6081 -33.1964 10.7347
      vertex 13.1552 -33.5123 10.9039
    endloop
  endfacet
  facet normal -0.0726972 0.10879 0.991403
    outer loop
      vertex 13.5123 -33.1552 10.9039
      vertex 13.4062 -33.2261 10.9039
      vertex 13.8009 -33.7406 10.9893
    endloop
  endfacet
  facet normal -0.0727219 0.108777 0.991403
    outer loop
      vertex 13.8365 -33.7168 10.9893
      vertex 13.5123 -33.1552 10.9039
      vertex 13.8009 -33.7406 10.9893
    endloop
  endfacet
  facet normal -0.00856108 0.130557 0.991404
    outer loop
      vertex 14 -33.0245 10.9039
      vertex 13.9573 -33.6758 10.9893
      vertex 14 -33.673 10.9893
    endloop
  endfacet
  facet normal -0.0251633 0.382556 0.92359
    outer loop
      vertex 14 -32.3928 10.7347
      vertex 13.7113 -31.8075 10.4844
      vertex 13.7902 -32.4066 10.7347
    endloop
  endfacet
  facet normal 0.0251633 0.382556 0.92359
    outer loop
      vertex 14.2887 -31.8075 10.4844
      vertex 14 -32.3928 10.7347
      vertex 14.2098 -32.4066 10.7347
    endloop
  endfacet
  facet normal -0.523363 0.597834 0.607195
    outer loop
      vertex 11.565 -31.0206 9.17341
      vertex 11.7115 -31.0176 9.29673
      vertex 11.6943 -30.9952 9.25985
    endloop
  endfacet
  facet normal -0.521075 0.602688 0.604358
    outer loop
      vertex 11.565 -31.0206 9.17341
      vertex 11.0603 -31.0603 8.77785
      vertex 11.7115 -31.0176 9.29673
    endloop
  endfacet
  facet normal -0.523528 0.596789 0.60808
    outer loop
      vertex 11.1716 -31.0142 8.82843
      vertex 11.0603 -31.0603 8.77785
      vertex 11.565 -31.0206 9.17341
    endloop
  endfacet
  facet normal -0.523531 0.596665 0.6082
    outer loop
      vertex 11.0603 -31.0603 8.77785
      vertex 11.1716 -31.0142 8.82843
      vertex 11.1272 -31.0016 8.77785
    endloop
  endfacet
  facet normal -0.523517 0.59699 0.607892
    outer loop
      vertex 11.7115 -31.0176 9.29673
      vertex 11.0603 -31.0603 8.77785
      vertex 11.3418 -31.3418 9.29673
    endloop
  endfacet
  facet normal -0.41647 0.278336 0.865495
    outer loop
      vertex 11.7962 -32.309 10.1573
      vertex 11.5943 -32.6111 10.1573
      vertex 12.0848 -32.8943 10.4844
    endloop
  endfacet
  facet normal -0.416512 0.278309 0.865484
    outer loop
      vertex 12.2455 -32.6538 10.4844
      vertex 11.7962 -32.309 10.1573
      vertex 12.0848 -32.8943 10.4844
    endloop
  endfacet
  facet normal 0.0863624 -0.0983061 0.991402
    outer loop
      vertex 14.2312 -34.2312 10.9893
      vertex 14.1991 -34.2594 10.9893
      vertex 14.5938 -34.7739 10.9039
    endloop
  endfacet
  facet normal 0.0726972 -0.10879 0.991403
    outer loop
      vertex 14.5938 -34.7739 10.9039
      vertex 14.1991 -34.2594 10.9893
      vertex 14.4877 -34.8448 10.9039
    endloop
  endfacet
  facet normal -0.0577759 -0.117386 0.991404
    outer loop
      vertex 13.8365 -34.2832 10.9893
      vertex 13.6267 -34.9012 10.9039
      vertex 13.8749 -34.3021 10.9893
    endloop
  endfacet
  facet normal -0.532189 0.466691 -0.706381
    outer loop
      vertex 11.3845 -31.9931 2.2408
      vertex 11.0176 -31.7115 2.70327
      vertex 11.3418 -31.3418 2.70327
    endloop
  endfacet
  facet normal -0.532061 0.466743 -0.706443
    outer loop
      vertex 11.3845 -31.9931 2.2408
      vertex 11.3418 -31.3418 2.70327
      vertex 11.6689 -31.6689 2.2408
    endloop
  endfacet
  facet normal -0.449176 0.221471 -0.865559
    outer loop
      vertex 11.9569 -33.1537 1.51564
      vertex 11.4336 -32.937 1.84265
      vertex 12.0848 -32.8943 1.51564
    endloop
  endfacet
  facet normal -0.318777 0.213004 -0.923586
    outer loop
      vertex 12.7249 -33.0216 1.26535
      vertex 12.0848 -32.8943 1.51564
      vertex 12.2455 -32.6538 1.51564
    endloop
  endfacet
  facet normal -0.5979 0.118943 -0.792697
    outer loop
      vertex 11.2459 -33.6374 1.84265
      vertex 10.7315 -33.5697 2.2408
      vertex 11.3168 -33.281 1.84265
    endloop
  endfacet
  facet normal -0.597881 0.11887 -0.792722
    outer loop
      vertex 11.3168 -33.281 1.84265
      vertex 10.7315 -33.5697 2.2408
      vertex 10.8156 -33.1467 2.2408
    endloop
  endfacet
  facet normal -0.254375 0.0505789 -0.965782
    outer loop
      vertex 13.0329 -33.8727 1.09607
      vertex 12.4066 -33.7902 1.26535
      vertex 12.4476 -33.584 1.26535
    endloop
  endfacet
  facet normal -0.37601 0.0747643 -0.923595
    outer loop
      vertex 12.4066 -33.7902 1.26535
      vertex 11.8075 -33.7113 1.51564
      vertex 12.4476 -33.584 1.26535
    endloop
  endfacet
  facet normal -0.2326 0.114697 -0.965786
    outer loop
      vertex 13.1552 -33.5123 1.09607
      vertex 12.5151 -33.385 1.26535
      vertex 12.6081 -33.1964 1.26535
    endloop
  endfacet
  facet normal -0.33028 0.376498 -0.865543
    outer loop
      vertex 12.4363 -32.4363 1.51564
      vertex 12.309 -31.7962 1.84265
      vertex 12.6538 -32.2455 1.51564
    endloop
  endfacet
  facet normal -0.128308 -0.0254166 -0.991409
    outer loop
      vertex 13.6841 -34.0846 1.01071
      vertex 13.0578 -34.2525 1.09607
      vertex 13.6758 -34.0427 1.01071
    endloop
  endfacet
  facet normal -0.123853 -0.0420361 -0.99141
    outer loop
      vertex 13.0988 -34.3733 1.09607
      vertex 13.0578 -34.2525 1.09607
      vertex 13.6841 -34.0846 1.01071
    endloop
  endfacet
  facet normal -0.232605 0.114676 -0.965787
    outer loop
      vertex 13.0988 -33.6267 1.09607
      vertex 12.5151 -33.385 1.26535
      vertex 13.1552 -33.5123 1.09607
    endloop
  endfacet
  facet normal -0.108727 0.0726884 -0.991411
    outer loop
      vertex 13.7168 -33.8365 1.01071
      vertex 13.1552 -33.5123 1.09607
      vertex 13.7406 -33.8009 1.01071
    endloop
  endfacet
  facet normal -0.0420361 -0.123853 -0.99141
    outer loop
      vertex 13.7475 -34.9422 1.09607
      vertex 13.6267 -34.9012 1.09607
      vertex 13.9154 -34.3159 1.01071
    endloop
  endfacet
  facet normal -0.215626 -0.144089 -0.965787
    outer loop
      vertex 13.2261 -34.5938 1.09607
      vertex 12.7249 -34.9784 1.26535
      vertex 13.1552 -34.4877 1.09607
    endloop
  endfacet
  facet normal -0.170932 -0.194981 -0.965797
    outer loop
      vertex 13.0216 -35.2751 1.26535
      vertex 12.8635 -35.1365 1.26535
      vertex 13.3103 -34.6897 1.09607
    endloop
  endfacet
  facet normal -0.194981 -0.170932 -0.965797
    outer loop
      vertex 12.8635 -35.1365 1.26535
      vertex 12.7249 -34.9784 1.26535
      vertex 13.3103 -34.6897 1.09607
    endloop
  endfacet
  facet normal -0.491153 -0.0977069 -0.865576
    outer loop
      vertex 11.3168 -34.719 1.84265
      vertex 11.2459 -34.3626 1.84265
      vertex 11.8075 -34.2887 1.51564
    endloop
  endfacet
  facet normal -0.376008 -0.074751 -0.923596
    outer loop
      vertex 11.8639 -34.5724 1.51564
      vertex 11.8075 -34.2887 1.51564
      vertex 12.4476 -34.416 1.26535
    endloop
  endfacet
  facet normal -0.382592 0.0250467 -0.923578
    outer loop
      vertex 12.3928 -34 1.26535
      vertex 11.7886 -34 1.51564
      vertex 11.8075 -33.7113 1.51564
    endloop
  endfacet
  facet normal -0.382592 -0.0250467 -0.923578
    outer loop
      vertex 11.8075 -34.2887 1.51564
      vertex 11.7886 -34 1.51564
      vertex 12.3928 -34 1.26535
    endloop
  endfacet
  facet normal -0.2326 -0.114697 -0.965786
    outer loop
      vertex 12.6081 -34.8036 1.26535
      vertex 12.5151 -34.615 1.26535
      vertex 13.1552 -34.4877 1.09607
    endloop
  endfacet
  facet normal -0.215632 -0.144084 -0.965786
    outer loop
      vertex 12.7249 -34.9784 1.26535
      vertex 12.6081 -34.8036 1.26535
      vertex 13.1552 -34.4877 1.09607
    endloop
  endfacet
  facet normal -0.288216 -0.252835 -0.923583
    outer loop
      vertex 12.4363 -35.5637 1.51564
      vertex 12.2455 -35.3462 1.51564
      vertex 12.7249 -34.9784 1.26535
    endloop
  endfacet
  facet normal -0.376498 -0.33028 -0.865543
    outer loop
      vertex 12.4363 -35.5637 1.51564
      vertex 11.7962 -35.691 1.84265
      vertex 12.2455 -35.3462 1.51564
    endloop
  endfacet
  facet normal -0.449175 -0.221486 -0.865555
    outer loop
      vertex 11.5943 -35.3889 1.84265
      vertex 11.4336 -35.063 1.84265
      vertex 12.0848 -35.1057 1.51564
    endloop
  endfacet
  facet normal -0.416384 -0.278279 -0.865555
    outer loop
      vertex 11.7962 -35.691 1.84265
      vertex 11.5943 -35.3889 1.84265
      vertex 12.0848 -35.1057 1.51564
    endloop
  endfacet
  facet normal -0.634915 -0.313026 -0.706327
    outer loop
      vertex 11.1449 -35.6484 2.2408
      vertex 10.7444 -35.8796 2.70327
      vertex 10.9542 -35.2616 2.2408
    endloop
  endfacet
  facet normal -0.63494 -0.313007 -0.706313
    outer loop
      vertex 10.7444 -35.8796 2.70327
      vertex 10.527 -35.4386 2.70327
      vertex 10.9542 -35.2616 2.2408
    endloop
  endfacet
  facet normal -0.474214 -0.161012 -0.865561
    outer loop
      vertex 11.4336 -35.063 1.84265
      vertex 11.3168 -34.719 1.84265
      vertex 11.8639 -34.5724 1.51564
    endloop
  endfacet
  facet normal -0.491192 -0.0976498 -0.86556
    outer loop
      vertex 11.8639 -34.5724 1.51564
      vertex 11.3168 -34.719 1.84265
      vertex 11.8075 -34.2887 1.51564
    endloop
  endfacet
  facet normal -0.117332 -0.0577493 -0.991412
    outer loop
      vertex 13.7168 -34.1635 1.01071
      vertex 13.0988 -34.3733 1.09607
      vertex 13.6979 -34.1251 1.01071
    endloop
  endfacet
  facet normal -0.1305 -0.00861114 -0.991411
    outer loop
      vertex 13.0329 -34.1273 1.09607
      vertex 13.0245 -34 1.09607
      vertex 13.6758 -34.0427 1.01071
    endloop
  endfacet
  facet normal 0.194981 -0.170932 -0.965797
    outer loop
      vertex 15.1365 -35.1365 1.26535
      vertex 14.6897 -34.6897 1.09607
      vertex 15.2751 -34.9784 1.26535
    endloop
  endfacet
  facet normal 0.170932 -0.194981 -0.965797
    outer loop
      vertex 14.9784 -35.2751 1.26535
      vertex 14.6897 -34.6897 1.09607
      vertex 15.1365 -35.1365 1.26535
    endloop
  endfacet
  facet normal 0.0254166 0.128308 -0.991409
    outer loop
      vertex 14.0846 -33.6841 1.01071
      vertex 14.0427 -33.6758 1.01071
      vertex 14.2525 -33.0578 1.09607
    endloop
  endfacet
  facet normal 0.117332 0.0577493 -0.991412
    outer loop
      vertex 14.3021 -33.8749 1.01071
      vertex 14.2832 -33.8365 1.01071
      vertex 14.9012 -33.6267 1.09607
    endloop
  endfacet
  facet normal -0.00855714 -0.130496 -0.991412
    outer loop
      vertex 14 -34.9755 1.09607
      vertex 13.9573 -34.3242 1.01071
      vertex 14 -34.327 1.01071
    endloop
  endfacet
  facet normal 0.123783 -0.0421779 -0.991413
    outer loop
      vertex 14.9012 -34.3733 1.09607
      vertex 14.3021 -34.1251 1.01071
      vertex 14.3159 -34.0846 1.01071
    endloop
  endfacet
  facet normal 0.114697 -0.2326 -0.965786
    outer loop
      vertex 14.615 -35.4849 1.26535
      vertex 14.4877 -34.8448 1.09607
      vertex 14.8036 -35.3919 1.26535
    endloop
  endfacet
  facet normal 0.144084 -0.215632 -0.965786
    outer loop
      vertex 14.8036 -35.3919 1.26535
      vertex 14.4877 -34.8448 1.09607
      vertex 14.9784 -35.2751 1.26535
    endloop
  endfacet
  facet normal -0.0399356 0.608431 -0.792601
    outer loop
      vertex 13.6374 -31.2459 1.84265
      vertex 13.817 -31.0135 2.012
      vertex 14 -31.2221 1.84265
    endloop
  endfacet
  facet normal -0.0398256 0.608379 -0.792647
    outer loop
      vertex 13.817 -31.0135 2.012
      vertex 13.6374 -31.2459 1.84265
      vertex 13.6063 -31.0093 2.02581
    endloop
  endfacet
  facet normal 0.0977069 0.491153 -0.865576
    outer loop
      vertex 14.719 -31.3168 1.84265
      vertex 14.2887 -31.8075 1.51564
      vertex 14.3626 -31.2459 1.84265
    endloop
  endfacet
  facet normal 0.00861511 0.13056 0.991403
    outer loop
      vertex 14.1273 -33.0329 10.9039
      vertex 14 -33.0245 10.9039
      vertex 14.0427 -33.6758 10.9893
    endloop
  endfacet
  facet normal 0.0747669 0.376023 0.923589
    outer loop
      vertex 14.2887 -31.8075 10.4844
      vertex 14.2098 -32.4066 10.7347
      vertex 14.416 -32.4476 10.7347
    endloop
  endfacet
  facet normal 0.0505566 0.254263 0.965813
    outer loop
      vertex 14.2098 -32.4066 10.7347
      vertex 14.1273 -33.0329 10.9039
      vertex 14.416 -32.4476 10.7347
    endloop
  endfacet
  facet normal -0.195962 0.577147 0.79278
    outer loop
      vertex 12.8086 -31.0011 9.8107
      vertex 12.937 -31.4336 10.1573
      vertex 13.281 -31.3168 10.1573
    endloop
  endfacet
  facet normal -0.195817 0.577192 0.792783
    outer loop
      vertex 12.937 -31.4336 10.1573
      vertex 12.8086 -31.0011 9.8107
      vertex 12.755 -30.9943 9.79251
    endloop
  endfacet
  facet normal -0.195867 0.577219 0.792751
    outer loop
      vertex 12.9647 -31.0209 9.8637
      vertex 13.281 -31.3168 10.1573
      vertex 13.1976 -31.0055 9.91003
    endloop
  endfacet
  facet normal -0.195964 0.577145 0.792781
    outer loop
      vertex 13.281 -31.3168 10.1573
      vertex 12.9647 -31.0209 9.8637
      vertex 12.8086 -31.0011 9.8107
    endloop
  endfacet
  facet normal 0.706358 -0.0462916 -0.70634
    outer loop
      vertex 17.727 -34.4907 2.70327
      vertex 17.2685 -34.4303 2.2408
      vertex 17.2967 -34 2.2408
    endloop
  endfacet
  facet normal 0.608336 -0.0398677 -0.792678
    outer loop
      vertex 17.2685 -34.4303 2.2408
      vertex 16.7779 -34 1.84265
      vertex 17.2967 -34 2.2408
    endloop
  endfacet
  facet normal 0.0976498 0.491192 -0.86556
    outer loop
      vertex 14.5724 -31.8639 1.51564
      vertex 14.2887 -31.8075 1.51564
      vertex 14.719 -31.3168 1.84265
    endloop
  endfacet
  facet normal 0.123268 0.363044 -0.923582
    outer loop
      vertex 14.615 -32.5151 1.26535
      vertex 14.5724 -31.8639 1.51564
      vertex 14.8463 -31.9569 1.51564
    endloop
  endfacet
  facet normal -0.0254166 -0.128308 -0.991409
    outer loop
      vertex 13.9573 -34.3242 1.01071
      vertex 13.7475 -34.9422 1.09607
      vertex 13.9154 -34.3159 1.01071
    endloop
  endfacet
  facet normal -0.108727 -0.0726884 -0.991411
    outer loop
      vertex 13.7406 -34.1991 1.01071
      vertex 13.1552 -34.4877 1.09607
      vertex 13.7168 -34.1635 1.01071
    endloop
  endfacet
  facet normal -0.0255117 0.128276 -0.99141
    outer loop
      vertex 13.9573 -33.6758 1.01071
      vertex 13.7475 -33.0578 1.09607
      vertex 13.8727 -33.0329 1.09607
    endloop
  endfacet
  facet normal -0.170991 0.194983 -0.965787
    outer loop
      vertex 13.3103 -33.3102 1.09607
      vertex 13.0216 -32.7249 1.26535
      vertex 13.4062 -33.2261 1.09607
    endloop
  endfacet
  facet normal -0.144084 0.215632 -0.965786
    outer loop
      vertex 13.5123 -33.1552 1.09607
      vertex 13.0216 -32.7249 1.26535
      vertex 13.1964 -32.6081 1.26535
    endloop
  endfacet
  facet normal -0.258788 -0.0170764 -0.965783
    outer loop
      vertex 13.0329 -34.1273 1.09607
      vertex 12.4066 -34.2098 1.26535
      vertex 13.0245 -34 1.09607
    endloop
  endfacet
  facet normal -0.712105 0.351047 -0.608007
    outer loop
      vertex 10.527 -32.5614 2.70327
      vertex 10.1591 -32.409 3.22215
      vertex 10.7444 -32.1204 2.70327
    endloop
  endfacet
  facet normal -0.751775 0.255274 -0.608005
    outer loop
      vertex 10.3689 -33.027 2.70327
      vertex 10.1591 -32.409 3.22215
      vertex 10.527 -32.5614 2.70327
    endloop
  endfacet
  facet normal -0.608336 -0.0398677 -0.792678
    outer loop
      vertex 10.7315 -34.4303 2.2408
      vertex 10.7033 -34 2.2408
      vertex 11.2221 -34 1.84265
    endloop
  endfacet
  facet normal -0.706358 -0.0462916 -0.70634
    outer loop
      vertex 10.7315 -34.4303 2.2408
      vertex 10.273 -34.4907 2.70327
      vertex 10.7033 -34 2.2408
    endloop
  endfacet
  facet normal 0.254375 -0.0505789 -0.965782
    outer loop
      vertex 15.5524 -34.416 1.26535
      vertex 14.9671 -34.1273 1.09607
      vertex 15.5934 -34.2098 1.26535
    endloop
  endfacet
  facet normal 0.258788 -0.0170764 -0.965783
    outer loop
      vertex 15.5934 -34.2098 1.26535
      vertex 14.9671 -34.1273 1.09607
      vertex 14.9755 -34 1.09607
    endloop
  endfacet
  facet normal 0.491153 0.0977069 -0.865576
    outer loop
      vertex 16.7541 -33.6374 1.84265
      vertex 16.1925 -33.7113 1.51564
      vertex 16.6832 -33.281 1.84265
    endloop
  endfacet
  facet normal 0.499696 0.0327986 -0.86558
    outer loop
      vertex 16.7779 -34 1.84265
      vertex 16.1925 -33.7113 1.51564
      vertex 16.7541 -33.6374 1.84265
    endloop
  endfacet
  facet normal 0.0862268 0.0983252 -0.991412
    outer loop
      vertex 14.6897 -33.3102 1.09607
      vertex 14.2312 -33.7688 1.01071
      vertex 14.5938 -33.2261 1.09607
    endloop
  endfacet
  facet normal 0.0863226 0.0982608 -0.99141
    outer loop
      vertex 14.2312 -33.7688 1.01071
      vertex 14.1991 -33.7406 1.01071
      vertex 14.5938 -33.2261 1.09607
    endloop
  endfacet
  facet normal 0.195 0.170949 -0.965791
    outer loop
      vertex 15.2751 -33.0216 1.26535
      vertex 14.6897 -33.3102 1.09607
      vertex 15.1365 -32.8635 1.26535
    endloop
  endfacet
  facet normal 0.170951 0.195003 -0.96579
    outer loop
      vertex 15.1365 -32.8635 1.26535
      vertex 14.6897 -33.3102 1.09607
      vertex 14.9784 -32.7249 1.26535
    endloop
  endfacet
  facet normal 0.108739 0.0726638 -0.991411
    outer loop
      vertex 14.8448 -33.5123 1.09607
      vertex 14.2594 -33.8009 1.01071
      vertex 14.7739 -33.4062 1.09607
    endloop
  endfacet
  facet normal 0.0982608 0.0863226 -0.99141
    outer loop
      vertex 14.2594 -33.8009 1.01071
      vertex 14.2312 -33.7688 1.01071
      vertex 14.7739 -33.4062 1.09607
    endloop
  endfacet
  facet normal -0.0251625 0.382543 -0.923595
    outer loop
      vertex 13.7902 -32.4066 1.26535
      vertex 13.7113 -31.8075 1.51564
      vertex 14 -32.3928 1.26535
    endloop
  endfacet
  facet normal 0.0327986 0.499696 -0.86558
    outer loop
      vertex 14.2887 -31.8075 1.51564
      vertex 14 -31.2221 1.84265
      vertex 14.3626 -31.2459 1.84265
    endloop
  endfacet
  facet normal 0.195642 0.577305 -0.792744
    outer loop
      vertex 15.063 -31.4336 1.84265
      vertex 15.1914 -31.0011 2.1893
      vertex 15.245 -30.9943 2.20748
    endloop
  endfacet
  facet normal 0.195979 0.577199 -0.792738
    outer loop
      vertex 15.1914 -31.0011 2.1893
      vertex 15.063 -31.4336 1.84265
      vertex 14.719 -31.3168 1.84265
    endloop
  endfacet
  facet normal 0.269599 0.546747 -0.792707
    outer loop
      vertex 15.063 -31.4336 1.84265
      vertex 15.2696 -30.9944 2.21584
      vertex 15.3889 -31.5943 1.84265
    endloop
  endfacet
  facet normal 0.271603 0.545786 -0.792685
    outer loop
      vertex 15.2696 -30.9944 2.21584
      vertex 15.063 -31.4336 1.84265
      vertex 15.245 -30.9943 2.20748
    endloop
  endfacet
  facet normal -0.144089 0.215626 -0.965787
    outer loop
      vertex 13.4062 -33.2261 1.09607
      vertex 13.0216 -32.7249 1.26535
      vertex 13.5123 -33.1552 1.09607
    endloop
  endfacet
  facet normal -0.245591 0.0833544 -0.965783
    outer loop
      vertex 13.0578 -33.7475 1.09607
      vertex 12.4476 -33.584 1.26535
      vertex 13.0988 -33.6267 1.09607
    endloop
  endfacet
  facet normal -0.636914 -0.726374 0.258307
    outer loop
      vertex 10.6521 -37.3479 7.6072
      vertex 10.5324 -37.4676 6.97545
      vertex 11.0147 -37.8905 6.97545
    endloop
  endfacet
  facet normal -0.653665 -0.745478 0.130325
    outer loop
      vertex 10.5324 -37.4676 6.97545
      vertex 10.472 -37.528 6.32701
      vertex 11.0147 -37.8905 6.97545
    endloop
  endfacet
  facet normal 0.00861511 -0.13056 0.991403
    outer loop
      vertex 14.0427 -34.3242 10.9893
      vertex 14 -34.9755 10.9039
      vertex 14.1273 -34.9671 10.9039
    endloop
  endfacet
  facet normal 0.0255235 -0.128335 0.991402
    outer loop
      vertex 14.2525 -34.9422 10.9039
      vertex 14.0427 -34.3242 10.9893
      vertex 14.1273 -34.9671 10.9039
    endloop
  endfacet
  facet normal 0.330281 -0.376597 0.865499
    outer loop
      vertex 15.9642 -35.9642 10.1573
      vertex 15.5637 -35.5637 10.4844
      vertex 15.691 -36.2038 10.1573
    endloop
  endfacet
  facet normal 0.376597 -0.330281 0.865499
    outer loop
      vertex 16.2038 -35.691 10.1573
      vertex 15.5637 -35.5637 10.4844
      vertex 15.9642 -35.9642 10.1573
    endloop
  endfacet
  facet normal 0.221532 -0.449267 0.865495
    outer loop
      vertex 15.1057 -35.9152 10.4844
      vertex 15.063 -36.5664 10.1573
      vertex 15.3889 -36.4057 10.1573
    endloop
  endfacet
  facet normal 0.278336 -0.41647 0.865495
    outer loop
      vertex 15.691 -36.2038 10.1573
      vertex 15.1057 -35.9152 10.4844
      vertex 15.3889 -36.4057 10.1573
    endloop
  endfacet
  facet normal 0.12391 0.0420554 0.991402
    outer loop
      vertex 14.9012 -33.6267 10.9039
      vertex 14.3159 -33.9154 10.9893
      vertex 14.9422 -33.7475 10.9039
    endloop
  endfacet
  facet normal 0.128367 0.0254283 0.991401
    outer loop
      vertex 14.9422 -33.7475 10.9039
      vertex 14.3159 -33.9154 10.9893
      vertex 14.3242 -33.9573 10.9893
    endloop
  endfacet
  facet normal -0.330348 0.376576 0.865483
    outer loop
      vertex 12.6538 -32.2455 10.4844
      vertex 12.309 -31.7962 10.1573
      vertex 12.4363 -32.4363 10.4844
    endloop
  endfacet
  facet normal -0.252844 0.288226 0.923578
    outer loop
      vertex 12.6538 -32.2455 10.4844
      vertex 12.4363 -32.4363 10.4844
      vertex 13.0216 -32.7249 10.7347
    endloop
  endfacet
  facet normal -0.114625 0.232502 0.965818
    outer loop
      vertex 13.6267 -33.0988 10.9039
      vertex 13.385 -32.5151 10.7347
      vertex 13.5123 -33.1552 10.9039
    endloop
  endfacet
  facet normal -0.0747669 0.376023 0.923589
    outer loop
      vertex 13.7113 -31.8075 10.4844
      vertex 13.584 -32.4476 10.7347
      vertex 13.7902 -32.4066 10.7347
    endloop
  endfacet
  facet normal -0.161047 0.47431 0.865502
    outer loop
      vertex 13.4276 -31.8639 10.4844
      vertex 12.937 -31.4336 10.1573
      vertex 13.1537 -31.9569 10.4844
    endloop
  endfacet
  facet normal -0.221517 0.449268 0.865499
    outer loop
      vertex 12.937 -31.4336 10.1573
      vertex 12.8943 -32.0848 10.4844
      vertex 13.1537 -31.9569 10.4844
    endloop
  endfacet
  facet normal 0.123147 0.363055 0.923594
    outer loop
      vertex 14.5724 -31.8639 10.4844
      vertex 14.416 -32.4476 10.7347
      vertex 14.615 -32.5151 10.7347
    endloop
  endfacet
  facet normal 0.083268 0.245486 0.965817
    outer loop
      vertex 14.416 -32.4476 10.7347
      vertex 14.3733 -33.0988 10.9039
      vertex 14.615 -32.5151 10.7347
    endloop
  endfacet
  facet normal 0.09767 0.491294 0.8655
    outer loop
      vertex 14.719 -31.3168 10.1573
      vertex 14.2887 -31.8075 10.4844
      vertex 14.5724 -31.8639 10.4844
    endloop
  endfacet
  facet normal 0.0977271 0.491254 0.865516
    outer loop
      vertex 14.3626 -31.2459 10.1573
      vertex 14.2887 -31.8075 10.4844
      vertex 14.719 -31.3168 10.1573
    endloop
  endfacet
  facet normal -0.393469 0.588578 0.706228
    outer loop
      vertex 12 -31.0258 9.4641
      vertex 11.9931 -31.3845 9.7592
      vertex 12.0654 -31.0208 9.49637
    endloop
  endfacet
  facet normal -0.392647 0.589747 0.70571
    outer loop
      vertex 11.7115 -31.0176 9.29673
      vertex 12 -31.0258 9.4641
      vertex 11.7495 -30.9923 9.29673
    endloop
  endfacet
  facet normal -0.393059 0.588685 0.706368
    outer loop
      vertex 12 -31.0258 9.4641
      vertex 11.7115 -31.0176 9.29673
      vertex 11.9931 -31.3845 9.7592
    endloop
  endfacet
  facet normal -0.466691 0.532189 0.706381
    outer loop
      vertex 11.7115 -31.0176 9.29673
      vertex 11.3418 -31.3418 9.29673
      vertex 11.9931 -31.3845 9.7592
    endloop
  endfacet
  facet normal -0.401879 0.458236 0.792788
    outer loop
      vertex 12.309 -31.7962 10.1573
      vertex 11.9931 -31.3845 9.7592
      vertex 12.0358 -32.0358 10.1573
    endloop
  endfacet
  facet normal -0.401961 0.458213 0.79276
    outer loop
      vertex 11.9931 -31.3845 9.7592
      vertex 11.6689 -31.6689 9.7592
      vertex 12.0358 -32.0358 10.1573
    endloop
  endfacet
  facet normal -0.588544 0.393348 -0.706324
    outer loop
      vertex 11.1449 -32.3516 2.2408
      vertex 10.7444 -32.1204 2.70327
      vertex 11.3845 -31.9931 2.2408
    endloop
  endfacet
  facet normal -0.458272 0.40191 -0.792752
    outer loop
      vertex 11.7962 -32.309 1.84265
      vertex 11.3845 -31.9931 2.2408
      vertex 12.0358 -32.0358 1.84265
    endloop
  endfacet
  facet normal -0.449175 0.221486 -0.865555
    outer loop
      vertex 12.0848 -32.8943 1.51564
      vertex 11.4336 -32.937 1.84265
      vertex 11.5943 -32.6111 1.84265
    endloop
  endfacet
  facet normal -0.634915 0.313026 -0.706327
    outer loop
      vertex 10.9542 -32.7384 2.2408
      vertex 10.7444 -32.1204 2.70327
      vertex 11.1449 -32.3516 2.2408
    endloop
  endfacet
  facet normal -0.376498 0.33028 -0.865543
    outer loop
      vertex 12.2455 -32.6538 1.51564
      vertex 11.7962 -32.309 1.84265
      vertex 12.4363 -32.4363 1.51564
    endloop
  endfacet
  facet normal -0.37652 0.330213 -0.865559
    outer loop
      vertex 12.4363 -32.4363 1.51564
      vertex 11.7962 -32.309 1.84265
      vertex 12.0358 -32.0358 1.84265
    endloop
  endfacet
  facet normal -0.363044 0.123268 -0.923582
    outer loop
      vertex 12.5151 -33.385 1.26535
      vertex 11.8639 -33.4276 1.51564
      vertex 11.9569 -33.1537 1.51564
    endloop
  endfacet
  facet normal -0.474214 0.161012 -0.865561
    outer loop
      vertex 11.8639 -33.4276 1.51564
      vertex 11.3168 -33.281 1.84265
      vertex 11.4336 -32.937 1.84265
    endloop
  endfacet
  facet normal -0.130496 -0.00855714 -0.991412
    outer loop
      vertex 13.6758 -34.0427 1.01071
      vertex 13.0245 -34 1.09607
      vertex 13.673 -34 1.01071
    endloop
  endfacet
  facet normal -0.0982608 -0.0863226 -0.99141
    outer loop
      vertex 13.7688 -34.2312 1.01071
      vertex 13.2261 -34.5938 1.09607
      vertex 13.7406 -34.1991 1.01071
    endloop
  endfacet
  facet normal -0.215632 0.144084 -0.965786
    outer loop
      vertex 13.1552 -33.5123 1.09607
      vertex 12.6081 -33.1964 1.26535
      vertex 12.7249 -33.0216 1.26535
    endloop
  endfacet
  facet normal -0.215626 0.144089 -0.965787
    outer loop
      vertex 13.1552 -33.5123 1.09607
      vertex 12.7249 -33.0216 1.26535
      vertex 13.2261 -33.4062 1.09607
    endloop
  endfacet
  facet normal -0.108739 -0.0726638 -0.991411
    outer loop
      vertex 13.2261 -34.5938 1.09607
      vertex 13.1552 -34.4877 1.09607
      vertex 13.7406 -34.1991 1.01071
    endloop
  endfacet
  facet normal -0.0863226 -0.0982608 -0.99141
    outer loop
      vertex 13.8009 -34.2594 1.01071
      vertex 13.4062 -34.7739 1.09607
      vertex 13.7688 -34.2312 1.01071
    endloop
  endfacet
  facet normal -0.171112 -0.194889 -0.965784
    outer loop
      vertex 13.4062 -34.7739 1.09607
      vertex 13.0216 -35.2751 1.26535
      vertex 13.3103 -34.6897 1.09607
    endloop
  endfacet
  facet normal -0.0862913 -0.0982819 -0.99141
    outer loop
      vertex 13.4062 -34.7739 1.09607
      vertex 13.3103 -34.6897 1.09607
      vertex 13.7688 -34.2312 1.01071
    endloop
  endfacet
  facet normal -0.258805 0.0170234 -0.96578
    outer loop
      vertex 13.0245 -34 1.09607
      vertex 12.3928 -34 1.26535
      vertex 12.4066 -33.7902 1.26535
    endloop
  endfacet
  facet normal -0.258805 -0.0170234 -0.96578
    outer loop
      vertex 12.4066 -34.2098 1.26535
      vertex 12.3928 -34 1.26535
      vertex 13.0245 -34 1.09607
    endloop
  endfacet
  facet normal -0.670305 -0.227539 -0.706341
    outer loop
      vertex 10.9542 -35.2616 2.2408
      vertex 10.3689 -34.973 2.70327
      vertex 10.8156 -34.8533 2.2408
    endloop
  endfacet
  facet normal -0.694285 -0.138036 -0.706338
    outer loop
      vertex 10.8156 -34.8533 2.2408
      vertex 10.3689 -34.973 2.70327
      vertex 10.7315 -34.4303 2.2408
    endloop
  endfacet
  facet normal -0.57723 -0.195944 -0.792724
    outer loop
      vertex 10.9542 -35.2616 2.2408
      vertex 10.8156 -34.8533 2.2408
      vertex 11.3168 -34.719 1.84265
    endloop
  endfacet
  facet normal -0.597881 -0.11887 -0.792722
    outer loop
      vertex 10.8156 -34.8533 2.2408
      vertex 10.7315 -34.4303 2.2408
      vertex 11.3168 -34.719 1.84265
    endloop
  endfacet
  facet normal 0.0254166 -0.128308 -0.991409
    outer loop
      vertex 14.2525 -34.9422 1.09607
      vertex 14.0427 -34.3242 1.01071
      vertex 14.0846 -34.3159 1.01071
    endloop
  endfacet
  facet normal -0.0421779 0.123783 -0.991413
    outer loop
      vertex 13.8749 -33.6979 1.01071
      vertex 13.6267 -33.0988 1.09607
      vertex 13.9154 -33.6841 1.01071
    endloop
  endfacet
  facet normal 0.0255117 -0.128276 -0.99141
    outer loop
      vertex 14.1273 -34.9671 1.09607
      vertex 14.0427 -34.3242 1.01071
      vertex 14.2525 -34.9422 1.09607
    endloop
  endfacet
  facet normal 0.00861114 -0.1305 -0.991411
    outer loop
      vertex 14.1273 -34.9671 1.09607
      vertex 14 -34.9755 1.09607
      vertex 14.0427 -34.3242 1.01071
    endloop
  endfacet
  facet normal -0.118515 0.597936 0.792734
    outer loop
      vertex 13.4779 -31.0236 9.96578
      vertex 13.6374 -31.2459 10.1573
      vertex 13.6063 -31.0093 9.97419
    endloop
  endfacet
  facet normal -0.119801 0.598076 0.792435
    outer loop
      vertex 13.281 -31.3168 10.1573
      vertex 13.4779 -31.0236 9.96578
      vertex 13.4272 -31.0204 9.9557
    endloop
  endfacet
  facet normal -0.118909 0.597734 0.792827
    outer loop
      vertex 13.4779 -31.0236 9.96578
      vertex 13.281 -31.3168 10.1573
      vertex 13.6374 -31.2459 10.1573
    endloop
  endfacet
  facet normal -0.0977271 0.491254 0.865516
    outer loop
      vertex 13.6374 -31.2459 10.1573
      vertex 13.281 -31.3168 10.1573
      vertex 13.7113 -31.8075 10.4844
    endloop
  endfacet
  facet normal 0.706324 0.0463494 -0.70637
    outer loop
      vertex 17.7592 -34 2.70327
      vertex 17.2967 -34 2.2408
      vertex 17.727 -33.5093 2.70327
    endloop
  endfacet
  facet normal 0.792318 0.0519923 -0.607889
    outer loop
      vertex 17.7592 -34 2.70327
      vertex 17.727 -33.5093 2.70327
      vertex 18.1573 -34 3.22215
    endloop
  endfacet
  facet normal -0.0577493 -0.117332 -0.991412
    outer loop
      vertex 13.8749 -34.3021 1.01071
      vertex 13.6267 -34.9012 1.09607
      vertex 13.8365 -34.2832 1.01071
    endloop
  endfacet
  facet normal -0.123783 0.0421779 -0.991413
    outer loop
      vertex 13.6841 -33.9154 1.01071
      vertex 13.0988 -33.6267 1.09607
      vertex 13.6979 -33.8749 1.01071
    endloop
  endfacet
  facet normal -0.0254166 0.128308 -0.991409
    outer loop
      vertex 13.9154 -33.6841 1.01071
      vertex 13.7475 -33.0578 1.09607
      vertex 13.9573 -33.6758 1.01071
    endloop
  endfacet
  facet normal -0.0833544 0.245591 -0.965783
    outer loop
      vertex 13.6267 -33.0988 1.09607
      vertex 13.584 -32.4476 1.26535
      vertex 13.7475 -33.0578 1.09607
    endloop
  endfacet
  facet normal -0.0505895 0.25437 -0.965783
    outer loop
      vertex 13.7475 -33.0578 1.09607
      vertex 13.584 -32.4476 1.26535
      vertex 13.8727 -33.0329 1.09607
    endloop
  endfacet
  facet normal 0.0577493 -0.117332 -0.991412
    outer loop
      vertex 14.3733 -34.9012 1.09607
      vertex 14.1251 -34.3021 1.01071
      vertex 14.1635 -34.2832 1.01071
    endloop
  endfacet
  facet normal 0.382592 0.0250467 -0.923578
    outer loop
      vertex 16.2114 -34 1.51564
      vertex 15.6072 -34 1.26535
      vertex 16.1925 -33.7113 1.51564
    endloop
  endfacet
  facet normal 0.499665 0.032711 -0.865601
    outer loop
      vertex 16.2114 -34 1.51564
      vertex 16.1925 -33.7113 1.51564
      vertex 16.7779 -34 1.84265
    endloop
  endfacet
  facet normal 0.074751 0.376008 -0.923596
    outer loop
      vertex 14.416 -32.4476 1.26535
      vertex 14.2887 -31.8075 1.51564
      vertex 14.5724 -31.8639 1.51564
    endloop
  endfacet
  facet normal -0.0327986 0.499696 -0.86558
    outer loop
      vertex 13.7113 -31.8075 1.51564
      vertex 13.6374 -31.2459 1.84265
      vertex 14 -31.2221 1.84265
    endloop
  endfacet
  facet normal 0.114697 0.2326 -0.965786
    outer loop
      vertex 14.8036 -32.6081 1.26535
      vertex 14.4877 -33.1552 1.09607
      vertex 14.615 -32.5151 1.26535
    endloop
  endfacet
  facet normal 0.114676 0.232605 -0.965787
    outer loop
      vertex 14.4877 -33.1552 1.09607
      vertex 14.3733 -33.0988 1.09607
      vertex 14.615 -32.5151 1.26535
    endloop
  endfacet
  facet normal 0.161014 0.474213 -0.865562
    outer loop
      vertex 14.8463 -31.9569 1.51564
      vertex 14.5724 -31.8639 1.51564
      vertex 15.063 -31.4336 1.84265
    endloop
  endfacet
  facet normal 0.221471 0.449176 -0.865559
    outer loop
      vertex 15.1057 -32.0848 1.51564
      vertex 14.8463 -31.9569 1.51564
      vertex 15.063 -31.4336 1.84265
    endloop
  endfacet
  facet normal 0.0420361 -0.123853 -0.99141
    outer loop
      vertex 14.2525 -34.9422 1.09607
      vertex 14.0846 -34.3159 1.01071
      vertex 14.3733 -34.9012 1.09607
    endloop
  endfacet
  facet normal -0.536772 -0.8032 0.258352
    outer loop
      vertex 11.6327 -38.1003 7.6072
      vertex 11.0147 -37.8905 6.97545
      vertex 11.548 -38.2469 6.97545
    endloop
  endfacet
  facet normal -0.550901 -0.824342 0.130266
    outer loop
      vertex 11.548 -38.2469 6.97545
      vertex 11.0147 -37.8905 6.97545
      vertex 11.5054 -38.3209 6.32701
    endloop
  endfacet
  facet normal 0.14402 -0.215537 0.965817
    outer loop
      vertex 14.9784 -35.2751 10.7347
      vertex 14.4877 -34.8448 10.9039
      vertex 14.8036 -35.3919 10.7347
    endloop
  endfacet
  facet normal 0.114646 -0.232498 0.965816
    outer loop
      vertex 14.8036 -35.3919 10.7347
      vertex 14.4877 -34.8448 10.9039
      vertex 14.615 -35.4849 10.7347
    endloop
  endfacet
  facet normal -0.083268 0.245486 0.965817
    outer loop
      vertex 13.584 -32.4476 10.7347
      vertex 13.385 -32.5151 10.7347
      vertex 13.6267 -33.0988 10.9039
    endloop
  endfacet
  facet normal -0.0833177 0.245482 0.965814
    outer loop
      vertex 13.7475 -33.0578 10.9039
      vertex 13.584 -32.4476 10.7347
      vertex 13.6267 -33.0988 10.9039
    endloop
  endfacet
  facet normal 0.14402 0.215537 0.965817
    outer loop
      vertex 14.8036 -32.6081 10.7347
      vertex 14.4877 -33.1552 10.9039
      vertex 14.9784 -32.7249 10.7347
    endloop
  endfacet
  facet normal 0.213011 0.318787 0.92358
    outer loop
      vertex 15.1057 -32.0848 10.4844
      vertex 14.8036 -32.6081 10.7347
      vertex 14.9784 -32.7249 10.7347
    endloop
  endfacet
  facet normal 0.0327177 0.499768 0.865541
    outer loop
      vertex 14 -31.2221 10.1573
      vertex 14 -31.7886 10.4844
      vertex 14.2887 -31.8075 10.4844
    endloop
  endfacet
  facet normal -0.0327177 0.499768 0.865541
    outer loop
      vertex 14 -31.2221 10.1573
      vertex 13.7113 -31.8075 10.4844
      vertex 14 -31.7886 10.4844
    endloop
  endfacet
  facet normal 0.0170159 0.258691 0.96581
    outer loop
      vertex 14 -32.3928 10.7347
      vertex 14 -33.0245 10.9039
      vertex 14.2098 -32.4066 10.7347
    endloop
  endfacet
  facet normal 0.0170688 0.258674 0.965814
    outer loop
      vertex 14.2098 -32.4066 10.7347
      vertex 14 -33.0245 10.9039
      vertex 14.1273 -33.0329 10.9039
    endloop
  endfacet
  facet normal -0.57723 0.195944 -0.792724
    outer loop
      vertex 11.3168 -33.281 1.84265
      vertex 10.8156 -33.1467 2.2408
      vertex 10.9542 -32.7384 2.2408
    endloop
  endfacet
  facet normal -0.670305 0.227539 -0.706341
    outer loop
      vertex 10.8156 -33.1467 2.2408
      vertex 10.3689 -33.027 2.70327
      vertex 10.9542 -32.7384 2.2408
    endloop
  endfacet
  facet normal -0.288333 0.25277 -0.923565
    outer loop
      vertex 12.7249 -33.0216 1.26535
      vertex 12.4363 -32.4363 1.51564
      vertex 12.8635 -32.8635 1.26535
    endloop
  endfacet
  facet normal -0.25277 0.288333 -0.923565
    outer loop
      vertex 12.8635 -32.8635 1.26535
      vertex 12.4363 -32.4363 1.51564
      vertex 13.0216 -32.7249 1.26535
    endloop
  endfacet
  facet normal -0.363043 0.123143 -0.923599
    outer loop
      vertex 12.4476 -33.584 1.26535
      vertex 11.8639 -33.4276 1.51564
      vertex 12.5151 -33.385 1.26535
    endloop
  endfacet
  facet normal -0.376008 0.074751 -0.923596
    outer loop
      vertex 12.4476 -33.584 1.26535
      vertex 11.8075 -33.7113 1.51564
      vertex 11.8639 -33.4276 1.51564
    endloop
  endfacet
  facet normal -0.343869 0.169548 -0.923584
    outer loop
      vertex 12.5151 -33.385 1.26535
      vertex 11.9569 -33.1537 1.51564
      vertex 12.0848 -32.8943 1.51564
    endloop
  endfacet
  facet normal -0.474213 0.161014 -0.865562
    outer loop
      vertex 11.8639 -33.4276 1.51564
      vertex 11.4336 -32.937 1.84265
      vertex 11.9569 -33.1537 1.51564
    endloop
  endfacet
  facet normal -0.245591 -0.0833544 -0.965783
    outer loop
      vertex 13.0988 -34.3733 1.09607
      vertex 12.4476 -34.416 1.26535
      vertex 13.0578 -34.2525 1.09607
    endloop
  endfacet
  facet normal -0.128276 -0.0255117 -0.99141
    outer loop
      vertex 13.0578 -34.2525 1.09607
      vertex 13.0329 -34.1273 1.09607
      vertex 13.6758 -34.0427 1.01071
    endloop
  endfacet
  facet normal -0.117332 0.0577493 -0.991412
    outer loop
      vertex 13.6979 -33.8749 1.01071
      vertex 13.0988 -33.6267 1.09607
      vertex 13.7168 -33.8365 1.01071
    endloop
  endfacet
  facet normal -0.343858 0.169559 -0.923586
    outer loop
      vertex 12.5151 -33.385 1.26535
      vertex 12.0848 -32.8943 1.51564
      vertex 12.6081 -33.1964 1.26535
    endloop
  endfacet
  facet normal -0.318777 0.213004 -0.923586
    outer loop
      vertex 12.6081 -33.1964 1.26535
      vertex 12.0848 -32.8943 1.51564
      vertex 12.7249 -33.0216 1.26535
    endloop
  endfacet
  facet normal -0.128308 0.0254166 -0.991409
    outer loop
      vertex 13.6758 -33.9573 1.01071
      vertex 13.0578 -33.7475 1.09607
      vertex 13.6841 -33.9154 1.01071
    endloop
  endfacet
  facet normal -0.128276 0.0255117 -0.99141
    outer loop
      vertex 13.6758 -33.9573 1.01071
      vertex 13.0329 -33.8727 1.09607
      vertex 13.0578 -33.7475 1.09607
    endloop
  endfacet
  facet normal 0.0421779 -0.123783 -0.991413
    outer loop
      vertex 14.3733 -34.9012 1.09607
      vertex 14.0846 -34.3159 1.01071
      vertex 14.1251 -34.3021 1.01071
    endloop
  endfacet
  facet normal -0.0421779 -0.123783 -0.991413
    outer loop
      vertex 13.9154 -34.3159 1.01071
      vertex 13.6267 -34.9012 1.09607
      vertex 13.8749 -34.3021 1.01071
    endloop
  endfacet
  facet normal 0 0 -1
    outer loop
      vertex 14.3242 -34.0427 1.01071
      vertex 14.3242 -33.9573 1.01071
      vertex 14.327 -34 1.01071
    endloop
  endfacet
  facet normal 0 0 -1
    outer loop
      vertex 14.3159 -34.0846 1.01071
      vertex 14.3242 -33.9573 1.01071
      vertex 14.3242 -34.0427 1.01071
    endloop
  endfacet
  facet normal 0 0 -1
    outer loop
      vertex 14.3159 -34.0846 1.01071
      vertex 14.3159 -33.9154 1.01071
      vertex 14.3242 -33.9573 1.01071
    endloop
  endfacet
  facet normal 0 0 -1
    outer loop
      vertex 14.3021 -34.1251 1.01071
      vertex 14.3159 -33.9154 1.01071
      vertex 14.3159 -34.0846 1.01071
    endloop
  endfacet
  facet normal 0 0 -1
    outer loop
      vertex 14.3021 -34.1251 1.01071
      vertex 14.3021 -33.8749 1.01071
      vertex 14.3159 -33.9154 1.01071
    endloop
  endfacet
  facet normal 0 0 -1
    outer loop
      vertex 14.2832 -34.1635 1.01071
      vertex 14.3021 -33.8749 1.01071
      vertex 14.3021 -34.1251 1.01071
    endloop
  endfacet
  facet normal 0 0 -1
    outer loop
      vertex 14.2832 -34.1635 1.01071
      vertex 14.2832 -33.8365 1.01071
      vertex 14.3021 -33.8749 1.01071
    endloop
  endfacet
  facet normal 0 0 -1
    outer loop
      vertex 14.2594 -34.1991 1.01071
      vertex 14.2832 -33.8365 1.01071
      vertex 14.2832 -34.1635 1.01071
    endloop
  endfacet
  facet normal 0 0 -1
    outer loop
      vertex 14.2594 -34.1991 1.01071
      vertex 14.2594 -33.8009 1.01071
      vertex 14.2832 -33.8365 1.01071
    endloop
  endfacet
  facet normal 0 0 -1
    outer loop
      vertex 14.2312 -34.2312 1.01071
      vertex 14.2594 -33.8009 1.01071
      vertex 14.2594 -34.1991 1.01071
    endloop
  endfacet
  facet normal 0 0 -1
    outer loop
      vertex 14.2312 -34.2312 1.01071
      vertex 14.2312 -33.7688 1.01071
      vertex 14.2594 -33.8009 1.01071
    endloop
  endfacet
  facet normal 0 0 -1
    outer loop
      vertex 14.1991 -34.2594 1.01071
      vertex 14.2312 -33.7688 1.01071
      vertex 14.2312 -34.2312 1.01071
    endloop
  endfacet
  facet normal 0 0 -1
    outer loop
      vertex 14.1991 -34.2594 1.01071
      vertex 14.1991 -33.7406 1.01071
      vertex 14.2312 -33.7688 1.01071
    endloop
  endfacet
  facet normal 0 0 -1
    outer loop
      vertex 14.1635 -34.2832 1.01071
      vertex 14.1991 -33.7406 1.01071
      vertex 14.1991 -34.2594 1.01071
    endloop
  endfacet
  facet normal 0 0 -1
    outer loop
      vertex 14.1635 -34.2832 1.01071
      vertex 14.1635 -33.7168 1.01071
      vertex 14.1991 -33.7406 1.01071
    endloop
  endfacet
  facet normal 0 0 -1
    outer loop
      vertex 14.1251 -34.3021 1.01071
      vertex 14.1635 -33.7168 1.01071
      vertex 14.1635 -34.2832 1.01071
    endloop
  endfacet
  facet normal 0 0 -1
    outer loop
      vertex 14.1251 -34.3021 1.01071
      vertex 14.1251 -33.6979 1.01071
      vertex 14.1635 -33.7168 1.01071
    endloop
  endfacet
  facet normal 0 0 -1
    outer loop
      vertex 14.0846 -34.3159 1.01071
      vertex 14.1251 -33.6979 1.01071
      vertex 14.1251 -34.3021 1.01071
    endloop
  endfacet
  facet normal 0 0 -1
    outer loop
      vertex 14.0846 -34.3159 1.01071
      vertex 14.0846 -33.6841 1.01071
      vertex 14.1251 -33.6979 1.01071
    endloop
  endfacet
  facet normal 0 0 -1
    outer loop
      vertex 14.0427 -34.3242 1.01071
      vertex 14.0846 -33.6841 1.01071
      vertex 14.0846 -34.3159 1.01071
    endloop
  endfacet
  facet normal 0 0 -1
    outer loop
      vertex 14.0427 -34.3242 1.01071
      vertex 14.0427 -33.6758 1.01071
      vertex 14.0846 -33.6841 1.01071
    endloop
  endfacet
  facet normal 0 0 -1
    outer loop
      vertex 14 -34.327 1.01071
      vertex 14.0427 -33.6758 1.01071
      vertex 14.0427 -34.3242 1.01071
    endloop
  endfacet
  facet normal 0 0 -1
    outer loop
      vertex 14 -34.327 1.01071
      vertex 14 -33.673 1.01071
      vertex 14.0427 -33.6758 1.01071
    endloop
  endfacet
  facet normal 0 0 -1
    outer loop
      vertex 13.9573 -34.3242 1.01071
      vertex 14 -33.673 1.01071
      vertex 14 -34.327 1.01071
    endloop
  endfacet
  facet normal 0 0 -1
    outer loop
      vertex 13.9573 -34.3242 1.01071
      vertex 13.9573 -33.6758 1.01071
      vertex 14 -33.673 1.01071
    endloop
  endfacet
  facet normal 0 0 -1
    outer loop
      vertex 13.9154 -34.3159 1.01071
      vertex 13.9573 -33.6758 1.01071
      vertex 13.9573 -34.3242 1.01071
    endloop
  endfacet
  facet normal 0 0 -1
    outer loop
      vertex 13.9154 -34.3159 1.01071
      vertex 13.9154 -33.6841 1.01071
      vertex 13.9573 -33.6758 1.01071
    endloop
  endfacet
  facet normal 0 0 -1
    outer loop
      vertex 13.8749 -34.3021 1.01071
      vertex 13.9154 -33.6841 1.01071
      vertex 13.9154 -34.3159 1.01071
    endloop
  endfacet
  facet normal 0 0 -1
    outer loop
      vertex 13.8749 -34.3021 1.01071
      vertex 13.8749 -33.6979 1.01071
      vertex 13.9154 -33.6841 1.01071
    endloop
  endfacet
  facet normal 0 0 -1
    outer loop
      vertex 13.8365 -34.2832 1.01071
      vertex 13.8749 -33.6979 1.01071
      vertex 13.8749 -34.3021 1.01071
    endloop
  endfacet
  facet normal 0 0 -1
    outer loop
      vertex 13.8365 -34.2832 1.01071
      vertex 13.8365 -33.7168 1.01071
      vertex 13.8749 -33.6979 1.01071
    endloop
  endfacet
  facet normal 0 0 -1
    outer loop
      vertex 13.8009 -34.2594 1.01071
      vertex 13.8365 -33.7168 1.01071
      vertex 13.8365 -34.2832 1.01071
    endloop
  endfacet
  facet normal 0 0 -1
    outer loop
      vertex 13.8009 -34.2594 1.01071
      vertex 13.8009 -33.7406 1.01071
      vertex 13.8365 -33.7168 1.01071
    endloop
  endfacet
  facet normal 0 0 -1
    outer loop
      vertex 13.7688 -34.2312 1.01071
      vertex 13.8009 -33.7406 1.01071
      vertex 13.8009 -34.2594 1.01071
    endloop
  endfacet
  facet normal 0 0 -1
    outer loop
      vertex 13.7688 -34.2312 1.01071
      vertex 13.7688 -33.7688 1.01071
      vertex 13.8009 -33.7406 1.01071
    endloop
  endfacet
  facet normal 0 0 -1
    outer loop
      vertex 13.7406 -34.1991 1.01071
      vertex 13.7688 -33.7688 1.01071
      vertex 13.7688 -34.2312 1.01071
    endloop
  endfacet
  facet normal 0 0 -1
    outer loop
      vertex 13.7406 -34.1991 1.01071
      vertex 13.7406 -33.8009 1.01071
      vertex 13.7688 -33.7688 1.01071
    endloop
  endfacet
  facet normal 0 0 -1
    outer loop
      vertex 13.7168 -34.1635 1.01071
      vertex 13.7406 -33.8009 1.01071
      vertex 13.7406 -34.1991 1.01071
    endloop
  endfacet
  facet normal 0 0 -1
    outer loop
      vertex 13.7168 -34.1635 1.01071
      vertex 13.7168 -33.8365 1.01071
      vertex 13.7406 -33.8009 1.01071
    endloop
  endfacet
  facet normal 0 0 -1
    outer loop
      vertex 13.6979 -34.1251 1.01071
      vertex 13.7168 -33.8365 1.01071
      vertex 13.7168 -34.1635 1.01071
    endloop
  endfacet
  facet normal 0 0 -1
    outer loop
      vertex 13.6979 -34.1251 1.01071
      vertex 13.6979 -33.8749 1.01071
      vertex 13.7168 -33.8365 1.01071
    endloop
  endfacet
  facet normal 0 0 -1
    outer loop
      vertex 13.6841 -34.0846 1.01071
      vertex 13.6979 -33.8749 1.01071
      vertex 13.6979 -34.1251 1.01071
    endloop
  endfacet
  facet normal 0 0 -1
    outer loop
      vertex 13.6841 -34.0846 1.01071
      vertex 13.6841 -33.9154 1.01071
      vertex 13.6979 -33.8749 1.01071
    endloop
  endfacet
  facet normal 0 0 -1
    outer loop
      vertex 13.6758 -34.0427 1.01071
      vertex 13.6841 -33.9154 1.01071
      vertex 13.6841 -34.0846 1.01071
    endloop
  endfacet
  facet normal 0 0 -1
    outer loop
      vertex 13.6758 -34.0427 1.01071
      vertex 13.6758 -33.9573 1.01071
      vertex 13.6841 -33.9154 1.01071
    endloop
  endfacet
  facet normal 0 -0 -1
    outer loop
      vertex 13.6758 -33.9573 1.01071
      vertex 13.6758 -34.0427 1.01071
      vertex 13.673 -34 1.01071
    endloop
  endfacet
  facet normal -0.0726638 0.108739 -0.991411
    outer loop
      vertex 13.8009 -33.7406 1.01071
      vertex 13.4062 -33.2261 1.09607
      vertex 13.5123 -33.1552 1.09607
    endloop
  endfacet
  facet normal -0.0863226 0.0982608 -0.99141
    outer loop
      vertex 13.7688 -33.7688 1.01071
      vertex 13.4062 -33.2261 1.09607
      vertex 13.8009 -33.7406 1.01071
    endloop
  endfacet
  facet normal 0.00855714 -0.130496 -0.991412
    outer loop
      vertex 14.0427 -34.3242 1.01071
      vertex 14 -34.9755 1.09607
      vertex 14 -34.327 1.01071
    endloop
  endfacet
  facet normal -0.0577493 0.117332 -0.991412
    outer loop
      vertex 13.8365 -33.7168 1.01071
      vertex 13.6267 -33.0988 1.09607
      vertex 13.8749 -33.6979 1.01071
    endloop
  endfacet
  facet normal -0.0726638 -0.108739 -0.991411
    outer loop
      vertex 13.5123 -34.8448 1.09607
      vertex 13.4062 -34.7739 1.09607
      vertex 13.8009 -34.2594 1.01071
    endloop
  endfacet
  facet normal -0.0726884 -0.108727 -0.991411
    outer loop
      vertex 13.8365 -34.2832 1.01071
      vertex 13.5123 -34.8448 1.09607
      vertex 13.8009 -34.2594 1.01071
    endloop
  endfacet
  facet normal -0.0747643 0.37601 -0.923595
    outer loop
      vertex 13.7902 -32.4066 1.26535
      vertex 13.584 -32.4476 1.26535
      vertex 13.7113 -31.8075 1.51564
    endloop
  endfacet
  facet normal -0.074751 0.376008 -0.923596
    outer loop
      vertex 13.584 -32.4476 1.26535
      vertex 13.4276 -31.8639 1.51564
      vertex 13.7113 -31.8075 1.51564
    endloop
  endfacet
  facet normal 0.0250467 0.382592 -0.923578
    outer loop
      vertex 14.2887 -31.8075 1.51564
      vertex 14 -32.3928 1.26535
      vertex 14 -31.7886 1.51564
    endloop
  endfacet
  facet normal 0.032711 0.499665 -0.865601
    outer loop
      vertex 14.2887 -31.8075 1.51564
      vertex 14 -31.7886 1.51564
      vertex 14 -31.2221 1.84265
    endloop
  endfacet
  facet normal 0.0505895 0.25437 -0.965783
    outer loop
      vertex 14.2525 -33.0578 1.09607
      vertex 14.1273 -33.0329 1.09607
      vertex 14.416 -32.4476 1.26535
    endloop
  endfacet
  facet normal -0.0250467 0.382592 -0.923578
    outer loop
      vertex 14 -32.3928 1.26535
      vertex 13.7113 -31.8075 1.51564
      vertex 14 -31.7886 1.51564
    endloop
  endfacet
  facet normal 0.0250476 0.382605 0.923572
    outer loop
      vertex 14 -31.7886 10.4844
      vertex 14 -32.3928 10.7347
      vertex 14.2887 -31.8075 10.4844
    endloop
  endfacet
  facet normal -0.0250476 0.382605 0.923572
    outer loop
      vertex 14 -31.7886 10.4844
      vertex 13.7113 -31.8075 10.4844
      vertex 14 -32.3928 10.7347
    endloop
  endfacet
  facet normal -0.577197 0.195978 -0.79274
    outer loop
      vertex 11.3168 -33.281 1.84265
      vertex 10.9542 -32.7384 2.2408
      vertex 11.4336 -32.937 1.84265
    endloop
  endfacet
  facet normal -0.546707 0.269579 -0.792741
    outer loop
      vertex 11.4336 -32.937 1.84265
      vertex 10.9542 -32.7384 2.2408
      vertex 11.5943 -32.6111 1.84265
    endloop
  endfacet
  facet normal -0.25437 -0.0505895 -0.965783
    outer loop
      vertex 13.0578 -34.2525 1.09607
      vertex 12.4476 -34.416 1.26535
      vertex 13.0329 -34.1273 1.09607
    endloop
  endfacet
  facet normal -0.254375 -0.0505789 -0.965782
    outer loop
      vertex 12.4476 -34.416 1.26535
      vertex 12.4066 -34.2098 1.26535
      vertex 13.0329 -34.1273 1.09607
    endloop
  endfacet
  facet normal 0.0251625 0.382543 -0.923595
    outer loop
      vertex 14.2098 -32.4066 1.26535
      vertex 14 -32.3928 1.26535
      vertex 14.2887 -31.8075 1.51564
    endloop
  endfacet
  facet normal 0.0747643 0.37601 -0.923595
    outer loop
      vertex 14.416 -32.4476 1.26535
      vertex 14.2098 -32.4066 1.26535
      vertex 14.2887 -31.8075 1.51564
    endloop
  endfacet
  facet normal 0.0505789 0.254375 -0.965782
    outer loop
      vertex 14.416 -32.4476 1.26535
      vertex 14.1273 -33.0329 1.09607
      vertex 14.2098 -32.4066 1.26535
    endloop
  endfacet
  facet normal 0.0170764 0.258788 -0.965783
    outer loop
      vertex 14.1273 -33.0329 1.09607
      vertex 14 -33.0245 1.09607
      vertex 14.2098 -32.4066 1.26535
    endloop
  endfacet
endsolid OpenSCAD_Model
