solid OpenSCAD_Model
  facet normal -0.0653521 0 -0.997862
    outer loop
      vertex 46 0 13
      vertex 46.2611 4 12.9829
      vertex 46.2611 0 12.9829
    endloop
  endfacet
  facet normal -0.0653521 0 -0.997862
    outer loop
      vertex 46.2611 4 12.9829
      vertex 46 0 13
      vertex 46 4 13
    endloop
  endfacet
  facet normal -0.980801 0 0.195013
    outer loop
      vertex 47.9319 0 10.4824
      vertex 47.9829 4 10.7389
      vertex 47.9319 4 10.4824
    endloop
  endfacet
  facet normal -0.980801 0 0.195013
    outer loop
      vertex 47.9829 4 10.7389
      vertex 47.9319 0 10.4824
      vertex 47.9829 0 10.7389
    endloop
  endfacet
  facet normal -0.997862 0 0.0653521
    outer loop
      vertex 47.9829 0 10.7389
      vertex 48 4 11
      vertex 47.9829 4 10.7389
    endloop
  endfacet
  facet normal -0.997862 0 0.0653521
    outer loop
      vertex 48 4 11
      vertex 47.9829 0 10.7389
      vertex 48 0 11
    endloop
  endfacet
  facet normal -0.980801 0 -0.195013
    outer loop
      vertex 47.9829 0 11.2611
      vertex 47.9319 4 11.5176
      vertex 47.9829 4 11.2611
    endloop
  endfacet
  facet normal -0.980801 -0 -0.195013
    outer loop
      vertex 47.9319 4 11.5176
      vertex 47.9829 0 11.2611
      vertex 47.9319 0 11.5176
    endloop
  endfacet
  facet normal 0.89686 0 -0.442314
    outer loop
      vertex 44.2679 0 12
      vertex 44.1522 4 11.7654
      vertex 44.2679 4 12
    endloop
  endfacet
  facet normal 0.89686 0 -0.442314
    outer loop
      vertex 44.1522 4 11.7654
      vertex 44.2679 0 12
      vertex 44.1522 0 11.7654
    endloop
  endfacet
  facet normal 0.442344 0 0.896845
    outer loop
      vertex 45 4 9.26795
      vertex 45.2346 0 9.15224
      vertex 45.2346 4 9.15224
    endloop
  endfacet
  facet normal 0.442344 0 0.896845
    outer loop
      vertex 45.2346 0 9.15224
      vertex 45 4 9.26795
      vertex 45 0 9.26795
    endloop
  endfacet
  facet normal -0.94695 0 -0.321382
    outer loop
      vertex 47.9319 0 11.5176
      vertex 47.8478 4 11.7654
      vertex 47.9319 4 11.5176
    endloop
  endfacet
  facet normal -0.94695 -0 -0.321382
    outer loop
      vertex 47.8478 4 11.7654
      vertex 47.9319 0 11.5176
      vertex 47.8478 0 11.7654
    endloop
  endfacet
  facet normal 0.321382 0 -0.94695
    outer loop
      vertex 45.2346 0 12.8478
      vertex 45.4824 4 12.9319
      vertex 45.4824 0 12.9319
    endloop
  endfacet
  facet normal 0.321382 0 -0.94695
    outer loop
      vertex 45.4824 4 12.9319
      vertex 45.2346 0 12.8478
      vertex 45.2346 4 12.8478
    endloop
  endfacet
  facet normal 0.195013 0 -0.980801
    outer loop
      vertex 45.4824 0 12.9319
      vertex 45.7389 4 12.9829
      vertex 45.7389 0 12.9829
    endloop
  endfacet
  facet normal 0.195013 0 -0.980801
    outer loop
      vertex 45.7389 4 12.9829
      vertex 45.4824 0 12.9319
      vertex 45.4824 4 12.9319
    endloop
  endfacet
  facet normal 0.659343 0 -0.751842
    outer loop
      vertex 44.5858 0 12.4142
      vertex 44.7825 4 12.5867
      vertex 44.7825 0 12.5867
    endloop
  endfacet
  facet normal 0.659343 0 -0.751842
    outer loop
      vertex 44.7825 4 12.5867
      vertex 44.5858 0 12.4142
      vertex 44.5858 4 12.4142
    endloop
  endfacet
  facet normal -0.442344 0 0.896845
    outer loop
      vertex 46.7654 4 9.15224
      vertex 47 0 9.26795
      vertex 47 4 9.26795
    endloop
  endfacet
  facet normal -0.442344 0 0.896845
    outer loop
      vertex 47 0 9.26795
      vertex 46.7654 4 9.15224
      vertex 46.7654 0 9.15224
    endloop
  endfacet
  facet normal 0.5556 0 0.83145
    outer loop
      vertex 44.7825 4 9.41329
      vertex 45 0 9.26795
      vertex 45 4 9.26795
    endloop
  endfacet
  facet normal 0.5556 0 0.83145
    outer loop
      vertex 45 0 9.26795
      vertex 44.7825 4 9.41329
      vertex 44.7825 0 9.41329
    endloop
  endfacet
  facet normal -0.896709 0 0.442621
    outer loop
      vertex 47.732 0 10
      vertex 47.8478 4 10.2346
      vertex 47.732 4 10
    endloop
  endfacet
  facet normal -0.896709 0 0.442621
    outer loop
      vertex 47.8478 4 10.2346
      vertex 47.732 0 10
      vertex 47.8478 0 10.2346
    endloop
  endfacet
  facet normal 0.0653521 0 -0.997862
    outer loop
      vertex 45.7389 0 12.9829
      vertex 46 4 13
      vertex 46 0 13
    endloop
  endfacet
  facet normal 0.0653521 0 -0.997862
    outer loop
      vertex 46 4 13
      vertex 45.7389 0 12.9829
      vertex 45.7389 4 12.9829
    endloop
  endfacet
  facet normal -0.195013 0 -0.980801
    outer loop
      vertex 46.2611 0 12.9829
      vertex 46.5176 4 12.9319
      vertex 46.5176 0 12.9319
    endloop
  endfacet
  facet normal -0.195013 0 -0.980801
    outer loop
      vertex 46.5176 4 12.9319
      vertex 46.2611 0 12.9829
      vertex 46.2611 4 12.9829
    endloop
  endfacet
  facet normal -0.442621 0 -0.896709
    outer loop
      vertex 46.7654 0 12.8478
      vertex 47 4 12.732
      vertex 47 0 12.732
    endloop
  endfacet
  facet normal -0.442621 0 -0.896709
    outer loop
      vertex 47 4 12.732
      vertex 46.7654 0 12.8478
      vertex 46.7654 4 12.8478
    endloop
  endfacet
  facet normal -0.321382 0 -0.94695
    outer loop
      vertex 46.5176 0 12.9319
      vertex 46.7654 4 12.8478
      vertex 46.7654 0 12.8478
    endloop
  endfacet
  facet normal -0.321382 0 -0.94695
    outer loop
      vertex 46.7654 4 12.8478
      vertex 46.5176 0 12.9319
      vertex 46.5176 4 12.9319
    endloop
  endfacet
  facet normal -0.555494 0 -0.831521
    outer loop
      vertex 47 0 12.732
      vertex 47.2175 4 12.5867
      vertex 47.2175 0 12.5867
    endloop
  endfacet
  facet normal -0.555494 0 -0.831521
    outer loop
      vertex 47.2175 4 12.5867
      vertex 47 0 12.732
      vertex 47 4 12.732
    endloop
  endfacet
  facet normal 0.94695 -0 0.321382
    outer loop
      vertex 44.0681 0 10.4824
      vertex 44.1522 4 10.2346
      vertex 44.0681 4 10.4824
    endloop
  endfacet
  facet normal 0.94695 0 0.321382
    outer loop
      vertex 44.1522 4 10.2346
      vertex 44.0681 0 10.4824
      vertex 44.1522 0 10.2346
    endloop
  endfacet
  facet normal -0.751842 0 -0.659343
    outer loop
      vertex 47.5867 0 12.2175
      vertex 47.4142 4 12.4142
      vertex 47.5867 4 12.2175
    endloop
  endfacet
  facet normal -0.751842 -0 -0.659343
    outer loop
      vertex 47.4142 4 12.4142
      vertex 47.5867 0 12.2175
      vertex 47.4142 0 12.4142
    endloop
  endfacet
  facet normal -0.831544 0 0.555459
    outer loop
      vertex 47.5867 0 9.78248
      vertex 47.732 4 10
      vertex 47.5867 4 9.78248
    endloop
  endfacet
  facet normal -0.831544 0 0.555459
    outer loop
      vertex 47.732 4 10
      vertex 47.5867 0 9.78248
      vertex 47.732 0 10
    endloop
  endfacet
  facet normal 0.555494 0 -0.831521
    outer loop
      vertex 44.7825 0 12.5867
      vertex 45 4 12.732
      vertex 45 0 12.732
    endloop
  endfacet
  facet normal 0.555494 0 -0.831521
    outer loop
      vertex 45 4 12.732
      vertex 44.7825 0 12.5867
      vertex 44.7825 4 12.5867
    endloop
  endfacet
  facet normal 0.980801 -0 0.195013
    outer loop
      vertex 44.0171 0 10.7389
      vertex 44.0681 4 10.4824
      vertex 44.0171 4 10.7389
    endloop
  endfacet
  facet normal 0.980801 0 0.195013
    outer loop
      vertex 44.0681 4 10.4824
      vertex 44.0171 0 10.7389
      vertex 44.0681 0 10.4824
    endloop
  endfacet
  facet normal -0.321348 0 0.946961
    outer loop
      vertex 46.5176 4 9.06815
      vertex 46.7654 0 9.15224
      vertex 46.7654 4 9.15224
    endloop
  endfacet
  facet normal -0.321348 0 0.946961
    outer loop
      vertex 46.7654 0 9.15224
      vertex 46.5176 4 9.06815
      vertex 46.5176 0 9.06815
    endloop
  endfacet
  facet normal -0.997862 0 -0.0653521
    outer loop
      vertex 48 0 11
      vertex 47.9829 4 11.2611
      vertex 48 4 11
    endloop
  endfacet
  facet normal -0.997862 -0 -0.0653521
    outer loop
      vertex 47.9829 4 11.2611
      vertex 48 0 11
      vertex 47.9829 0 11.2611
    endloop
  endfacet
  facet normal 0.321348 0 0.946961
    outer loop
      vertex 45.2346 4 9.15224
      vertex 45.4824 0 9.06815
      vertex 45.4824 4 9.06815
    endloop
  endfacet
  facet normal 0.321348 0 0.946961
    outer loop
      vertex 45.4824 0 9.06815
      vertex 45.2346 4 9.15224
      vertex 45.2346 0 9.15224
    endloop
  endfacet
  facet normal -0.751826 0 0.659362
    outer loop
      vertex 47.4142 0 9.58579
      vertex 47.5867 4 9.78248
      vertex 47.4142 4 9.58579
    endloop
  endfacet
  facet normal -0.751826 0 0.659362
    outer loop
      vertex 47.5867 4 9.78248
      vertex 47.4142 0 9.58579
      vertex 47.5867 0 9.78248
    endloop
  endfacet
  facet normal -0.5556 0 0.83145
    outer loop
      vertex 47 4 9.26795
      vertex 47.2175 0 9.41329
      vertex 47.2175 4 9.41329
    endloop
  endfacet
  facet normal -0.5556 0 0.83145
    outer loop
      vertex 47.2175 0 9.41329
      vertex 47 4 9.26795
      vertex 47 0 9.26795
    endloop
  endfacet
  facet normal -0.896709 0 -0.442621
    outer loop
      vertex 47.8478 0 11.7654
      vertex 47.732 4 12
      vertex 47.8478 4 11.7654
    endloop
  endfacet
  facet normal -0.896709 -0 -0.442621
    outer loop
      vertex 47.732 4 12
      vertex 47.8478 0 11.7654
      vertex 47.732 0 12
    endloop
  endfacet
  facet normal -0.831521 0 -0.555494
    outer loop
      vertex 47.732 0 12
      vertex 47.5867 4 12.2175
      vertex 47.732 4 12
    endloop
  endfacet
  facet normal -0.831521 -0 -0.555494
    outer loop
      vertex 47.5867 4 12.2175
      vertex 47.732 0 12
      vertex 47.5867 0 12.2175
    endloop
  endfacet
  facet normal 0.751826 -0 0.659362
    outer loop
      vertex 44.4133 0 9.78248
      vertex 44.5858 4 9.58579
      vertex 44.4133 4 9.78248
    endloop
  endfacet
  facet normal 0.751826 0 0.659362
    outer loop
      vertex 44.5858 4 9.58579
      vertex 44.4133 0 9.78248
      vertex 44.5858 0 9.58579
    endloop
  endfacet
  facet normal 0.19516 0 0.980771
    outer loop
      vertex 45.4824 4 9.06815
      vertex 45.7389 0 9.01711
      vertex 45.7389 4 9.01711
    endloop
  endfacet
  facet normal 0.19516 0 0.980771
    outer loop
      vertex 45.7389 0 9.01711
      vertex 45.4824 4 9.06815
      vertex 45.4824 0 9.06815
    endloop
  endfacet
  facet normal 0.0653902 0 0.99786
    outer loop
      vertex 45.7389 4 9.01711
      vertex 46 0 9
      vertex 46 4 9
    endloop
  endfacet
  facet normal 0.0653902 0 0.99786
    outer loop
      vertex 46 0 9
      vertex 45.7389 4 9.01711
      vertex 45.7389 0 9.01711
    endloop
  endfacet
  facet normal -0.659343 0 0.751842
    outer loop
      vertex 47.2175 4 9.41329
      vertex 47.4142 0 9.58579
      vertex 47.4142 4 9.58579
    endloop
  endfacet
  facet normal -0.659343 0 0.751842
    outer loop
      vertex 47.4142 0 9.58579
      vertex 47.2175 4 9.41329
      vertex 47.2175 0 9.41329
    endloop
  endfacet
  facet normal 0.94695 0 -0.321382
    outer loop
      vertex 44.1522 0 11.7654
      vertex 44.0681 4 11.5176
      vertex 44.1522 4 11.7654
    endloop
  endfacet
  facet normal 0.94695 0 -0.321382
    outer loop
      vertex 44.0681 4 11.5176
      vertex 44.1522 0 11.7654
      vertex 44.0681 0 11.5176
    endloop
  endfacet
  facet normal 0.831344 0 -0.555758
    outer loop
      vertex 44.4133 0 12.2175
      vertex 44.2679 4 12
      vertex 44.4133 4 12.2175
    endloop
  endfacet
  facet normal 0.831344 0 -0.555758
    outer loop
      vertex 44.2679 4 12
      vertex 44.4133 0 12.2175
      vertex 44.2679 0 12
    endloop
  endfacet
  facet normal -0.19516 0 0.980771
    outer loop
      vertex 46.2611 4 9.01711
      vertex 46.5176 0 9.06815
      vertex 46.5176 4 9.06815
    endloop
  endfacet
  facet normal -0.19516 0 0.980771
    outer loop
      vertex 46.5176 0 9.06815
      vertex 46.2611 4 9.01711
      vertex 46.2611 0 9.01711
    endloop
  endfacet
  facet normal 0.980801 0 -0.195013
    outer loop
      vertex 44.0681 0 11.5176
      vertex 44.0171 4 11.2611
      vertex 44.0681 4 11.5176
    endloop
  endfacet
  facet normal 0.980801 0 -0.195013
    outer loop
      vertex 44.0171 4 11.2611
      vertex 44.0681 0 11.5176
      vertex 44.0171 0 11.2611
    endloop
  endfacet
  facet normal 0.659343 0 0.751842
    outer loop
      vertex 44.5858 4 9.58579
      vertex 44.7825 0 9.41329
      vertex 44.7825 4 9.41329
    endloop
  endfacet
  facet normal 0.659343 0 0.751842
    outer loop
      vertex 44.7825 0 9.41329
      vertex 44.5858 4 9.58579
      vertex 44.5858 0 9.58579
    endloop
  endfacet
  facet normal -0.94695 0 0.321382
    outer loop
      vertex 47.8478 0 10.2346
      vertex 47.9319 4 10.4824
      vertex 47.8478 4 10.2346
    endloop
  endfacet
  facet normal -0.94695 0 0.321382
    outer loop
      vertex 47.9319 4 10.4824
      vertex 47.8478 0 10.2346
      vertex 47.9319 0 10.4824
    endloop
  endfacet
  facet normal -0.0653902 0 0.99786
    outer loop
      vertex 46 4 9
      vertex 46.2611 0 9.01711
      vertex 46.2611 4 9.01711
    endloop
  endfacet
  facet normal -0.0653902 0 0.99786
    outer loop
      vertex 46.2611 0 9.01711
      vertex 46 4 9
      vertex 46 0 9
    endloop
  endfacet
  facet normal 0.997862 -0 0.0653521
    outer loop
      vertex 44 0 11
      vertex 44.0171 4 10.7389
      vertex 44 4 11
    endloop
  endfacet
  facet normal 0.997862 0 0.0653521
    outer loop
      vertex 44.0171 4 10.7389
      vertex 44 0 11
      vertex 44.0171 0 10.7389
    endloop
  endfacet
  facet normal 0.751842 0 -0.659343
    outer loop
      vertex 44.5858 0 12.4142
      vertex 44.4133 4 12.2175
      vertex 44.5858 4 12.4142
    endloop
  endfacet
  facet normal 0.751842 0 -0.659343
    outer loop
      vertex 44.4133 4 12.2175
      vertex 44.5858 0 12.4142
      vertex 44.4133 0 12.2175
    endloop
  endfacet
  facet normal 0.831368 -0 0.555723
    outer loop
      vertex 44.2679 0 10
      vertex 44.4133 4 9.78248
      vertex 44.2679 4 10
    endloop
  endfacet
  facet normal 0.831368 0 0.555723
    outer loop
      vertex 44.4133 4 9.78248
      vertex 44.2679 0 10
      vertex 44.4133 0 9.78248
    endloop
  endfacet
  facet normal 0.997862 0 -0.0653521
    outer loop
      vertex 44.0171 0 11.2611
      vertex 44 4 11
      vertex 44.0171 4 11.2611
    endloop
  endfacet
  facet normal 0.997862 0 -0.0653521
    outer loop
      vertex 44 4 11
      vertex 44.0171 0 11.2611
      vertex 44 0 11
    endloop
  endfacet
  facet normal -0.659343 0 -0.751842
    outer loop
      vertex 47.2175 0 12.5867
      vertex 47.4142 4 12.4142
      vertex 47.4142 0 12.4142
    endloop
  endfacet
  facet normal -0.659343 0 -0.751842
    outer loop
      vertex 47.4142 4 12.4142
      vertex 47.2175 0 12.5867
      vertex 47.2175 4 12.5867
    endloop
  endfacet
  facet normal 0.442621 0 -0.896709
    outer loop
      vertex 45 0 12.732
      vertex 45.2346 4 12.8478
      vertex 45.2346 0 12.8478
    endloop
  endfacet
  facet normal 0.442621 0 -0.896709
    outer loop
      vertex 45.2346 4 12.8478
      vertex 45 0 12.732
      vertex 45 4 12.732
    endloop
  endfacet
  facet normal 0.89686 -0 0.442314
    outer loop
      vertex 44.1522 0 10.2346
      vertex 44.2679 4 10
      vertex 44.1522 4 10.2346
    endloop
  endfacet
  facet normal 0.89686 0 0.442314
    outer loop
      vertex 44.2679 4 10
      vertex 44.1522 0 10.2346
      vertex 44.2679 0 10
    endloop
  endfacet
  facet normal -0.442621 0 -0.896709
    outer loop
      vertex 46.7654 0 62.8478
      vertex 47 4 62.732
      vertex 47 0 62.732
    endloop
  endfacet
  facet normal -0.442621 0 -0.896709
    outer loop
      vertex 47 4 62.732
      vertex 46.7654 0 62.8478
      vertex 46.7654 4 62.8478
    endloop
  endfacet
  facet normal 0.0653521 0 0.997862
    outer loop
      vertex 45.7389 4 59.0171
      vertex 46 0 59
      vertex 46 4 59
    endloop
  endfacet
  facet normal 0.0653521 0 0.997862
    outer loop
      vertex 46 0 59
      vertex 45.7389 4 59.0171
      vertex 45.7389 0 59.0171
    endloop
  endfacet
  facet normal -0.195013 0 0.980801
    outer loop
      vertex 46.2611 4 59.0171
      vertex 46.5176 0 59.0681
      vertex 46.5176 4 59.0681
    endloop
  endfacet
  facet normal -0.195013 0 0.980801
    outer loop
      vertex 46.5176 0 59.0681
      vertex 46.2611 4 59.0171
      vertex 46.2611 0 59.0171
    endloop
  endfacet
  facet normal -0.321382 0 -0.94695
    outer loop
      vertex 46.5176 0 62.9319
      vertex 46.7654 4 62.8478
      vertex 46.7654 0 62.8478
    endloop
  endfacet
  facet normal -0.321382 0 -0.94695
    outer loop
      vertex 46.7654 4 62.8478
      vertex 46.5176 0 62.9319
      vertex 46.5176 4 62.9319
    endloop
  endfacet
  facet normal 0.980801 0 -0.195013
    outer loop
      vertex 44.0681 0 61.5176
      vertex 44.0171 4 61.2611
      vertex 44.0681 4 61.5176
    endloop
  endfacet
  facet normal 0.980801 0 -0.195013
    outer loop
      vertex 44.0171 4 61.2611
      vertex 44.0681 0 61.5176
      vertex 44.0171 0 61.2611
    endloop
  endfacet
  facet normal -0.751842 0 0.659343
    outer loop
      vertex 47.4142 0 59.5858
      vertex 47.5867 4 59.7825
      vertex 47.4142 4 59.5858
    endloop
  endfacet
  facet normal -0.751842 0 0.659343
    outer loop
      vertex 47.5867 4 59.7825
      vertex 47.4142 0 59.5858
      vertex 47.5867 0 59.7825
    endloop
  endfacet
  facet normal 0.94695 0 -0.321382
    outer loop
      vertex 44.1522 0 61.7654
      vertex 44.0681 4 61.5176
      vertex 44.1522 4 61.7654
    endloop
  endfacet
  facet normal 0.94695 0 -0.321382
    outer loop
      vertex 44.0681 4 61.5176
      vertex 44.1522 0 61.7654
      vertex 44.0681 0 61.5176
    endloop
  endfacet
  facet normal -0.997862 0 0.0653521
    outer loop
      vertex 47.9829 0 60.7389
      vertex 48 4 61
      vertex 47.9829 4 60.7389
    endloop
  endfacet
  facet normal -0.997862 0 0.0653521
    outer loop
      vertex 48 4 61
      vertex 47.9829 0 60.7389
      vertex 48 0 61
    endloop
  endfacet
  facet normal 0.442314 0 0.89686
    outer loop
      vertex 45 4 59.2679
      vertex 45.2346 0 59.1522
      vertex 45.2346 4 59.1522
    endloop
  endfacet
  facet normal 0.442314 0 0.89686
    outer loop
      vertex 45.2346 0 59.1522
      vertex 45 4 59.2679
      vertex 45 0 59.2679
    endloop
  endfacet
  facet normal 0.94695 -0 0.321382
    outer loop
      vertex 44.0681 0 60.4824
      vertex 44.1522 4 60.2346
      vertex 44.0681 4 60.4824
    endloop
  endfacet
  facet normal 0.94695 0 0.321382
    outer loop
      vertex 44.1522 4 60.2346
      vertex 44.0681 0 60.4824
      vertex 44.1522 0 60.2346
    endloop
  endfacet
  facet normal 0.321382 0 0.94695
    outer loop
      vertex 45.2346 4 59.1522
      vertex 45.4824 0 59.0681
      vertex 45.4824 4 59.0681
    endloop
  endfacet
  facet normal 0.321382 0 0.94695
    outer loop
      vertex 45.4824 0 59.0681
      vertex 45.2346 4 59.1522
      vertex 45.2346 0 59.1522
    endloop
  endfacet
  facet normal 0.195013 0 0.980801
    outer loop
      vertex 45.4824 4 59.0681
      vertex 45.7389 0 59.0171
      vertex 45.7389 4 59.0171
    endloop
  endfacet
  facet normal 0.195013 0 0.980801
    outer loop
      vertex 45.7389 0 59.0171
      vertex 45.4824 4 59.0681
      vertex 45.4824 0 59.0681
    endloop
  endfacet
  facet normal -0.980801 0 0.195013
    outer loop
      vertex 47.9319 0 60.4824
      vertex 47.9829 4 60.7389
      vertex 47.9319 4 60.4824
    endloop
  endfacet
  facet normal -0.980801 0 0.195013
    outer loop
      vertex 47.9829 4 60.7389
      vertex 47.9319 0 60.4824
      vertex 47.9829 0 60.7389
    endloop
  endfacet
  facet normal 0.831344 0 -0.555758
    outer loop
      vertex 44.4133 0 62.2175
      vertex 44.2679 4 62
      vertex 44.4133 4 62.2175
    endloop
  endfacet
  facet normal 0.831344 0 -0.555758
    outer loop
      vertex 44.2679 4 62
      vertex 44.4133 0 62.2175
      vertex 44.2679 0 62
    endloop
  endfacet
  facet normal -0.555758 0 0.831344
    outer loop
      vertex 47 4 59.2679
      vertex 47.2175 0 59.4133
      vertex 47.2175 4 59.4133
    endloop
  endfacet
  facet normal -0.555758 0 0.831344
    outer loop
      vertex 47.2175 0 59.4133
      vertex 47 4 59.2679
      vertex 47 0 59.2679
    endloop
  endfacet
  facet normal 0.980801 -0 0.195013
    outer loop
      vertex 44.0171 0 60.7389
      vertex 44.0681 4 60.4824
      vertex 44.0171 4 60.7389
    endloop
  endfacet
  facet normal 0.980801 0 0.195013
    outer loop
      vertex 44.0681 4 60.4824
      vertex 44.0171 0 60.7389
      vertex 44.0681 0 60.4824
    endloop
  endfacet
  facet normal 0.997862 -0 0.0653521
    outer loop
      vertex 44 0 61
      vertex 44.0171 4 60.7389
      vertex 44 4 61
    endloop
  endfacet
  facet normal 0.997862 0 0.0653521
    outer loop
      vertex 44.0171 4 60.7389
      vertex 44 0 61
      vertex 44.0171 0 60.7389
    endloop
  endfacet
  facet normal 0.659343 0 -0.751842
    outer loop
      vertex 44.5858 0 62.4142
      vertex 44.7825 4 62.5867
      vertex 44.7825 0 62.5867
    endloop
  endfacet
  facet normal 0.659343 0 -0.751842
    outer loop
      vertex 44.7825 4 62.5867
      vertex 44.5858 0 62.4142
      vertex 44.5858 4 62.4142
    endloop
  endfacet
  facet normal -0.321382 0 0.94695
    outer loop
      vertex 46.5176 4 59.0681
      vertex 46.7654 0 59.1522
      vertex 46.7654 4 59.1522
    endloop
  endfacet
  facet normal -0.321382 0 0.94695
    outer loop
      vertex 46.7654 0 59.1522
      vertex 46.5176 4 59.0681
      vertex 46.5176 0 59.0681
    endloop
  endfacet
  facet normal -0.442314 0 0.89686
    outer loop
      vertex 46.7654 4 59.1522
      vertex 47 0 59.2679
      vertex 47 4 59.2679
    endloop
  endfacet
  facet normal -0.442314 0 0.89686
    outer loop
      vertex 47 0 59.2679
      vertex 46.7654 4 59.1522
      vertex 46.7654 0 59.1522
    endloop
  endfacet
  facet normal -0.94695 0 -0.321382
    outer loop
      vertex 47.9319 0 61.5176
      vertex 47.8478 4 61.7654
      vertex 47.9319 4 61.5176
    endloop
  endfacet
  facet normal -0.94695 -0 -0.321382
    outer loop
      vertex 47.8478 4 61.7654
      vertex 47.9319 0 61.5176
      vertex 47.8478 0 61.7654
    endloop
  endfacet
  facet normal 0.442621 0 -0.896709
    outer loop
      vertex 45 0 62.732
      vertex 45.2346 4 62.8478
      vertex 45.2346 0 62.8478
    endloop
  endfacet
  facet normal 0.442621 0 -0.896709
    outer loop
      vertex 45.2346 4 62.8478
      vertex 45 0 62.732
      vertex 45 4 62.732
    endloop
  endfacet
  facet normal -0.195013 0 -0.980801
    outer loop
      vertex 46.2611 0 62.9829
      vertex 46.5176 4 62.9319
      vertex 46.5176 0 62.9319
    endloop
  endfacet
  facet normal -0.195013 0 -0.980801
    outer loop
      vertex 46.5176 4 62.9319
      vertex 46.2611 0 62.9829
      vertex 46.2611 4 62.9829
    endloop
  endfacet
  facet normal 0.195013 0 -0.980801
    outer loop
      vertex 45.4824 0 62.9319
      vertex 45.7389 4 62.9829
      vertex 45.7389 0 62.9829
    endloop
  endfacet
  facet normal 0.195013 0 -0.980801
    outer loop
      vertex 45.7389 4 62.9829
      vertex 45.4824 0 62.9319
      vertex 45.4824 4 62.9319
    endloop
  endfacet
  facet normal -0.751842 0 -0.659343
    outer loop
      vertex 47.5867 0 62.2175
      vertex 47.4142 4 62.4142
      vertex 47.5867 4 62.2175
    endloop
  endfacet
  facet normal -0.751842 -0 -0.659343
    outer loop
      vertex 47.4142 4 62.4142
      vertex 47.5867 0 62.2175
      vertex 47.4142 0 62.4142
    endloop
  endfacet
  facet normal 0.0653521 0 -0.997862
    outer loop
      vertex 45.7389 0 62.9829
      vertex 46 4 63
      vertex 46 0 63
    endloop
  endfacet
  facet normal 0.0653521 0 -0.997862
    outer loop
      vertex 46 4 63
      vertex 45.7389 0 62.9829
      vertex 45.7389 4 62.9829
    endloop
  endfacet
  facet normal 0.659343 0 0.751842
    outer loop
      vertex 44.5858 4 59.5858
      vertex 44.7825 0 59.4133
      vertex 44.7825 4 59.4133
    endloop
  endfacet
  facet normal 0.659343 0 0.751842
    outer loop
      vertex 44.7825 0 59.4133
      vertex 44.5858 4 59.5858
      vertex 44.5858 0 59.5858
    endloop
  endfacet
  facet normal -0.0653521 0 -0.997862
    outer loop
      vertex 46 0 63
      vertex 46.2611 4 62.9829
      vertex 46.2611 0 62.9829
    endloop
  endfacet
  facet normal -0.0653521 0 -0.997862
    outer loop
      vertex 46.2611 4 62.9829
      vertex 46 0 63
      vertex 46 4 63
    endloop
  endfacet
  facet normal -0.831521 0 0.555494
    outer loop
      vertex 47.5867 0 59.7825
      vertex 47.732 4 60
      vertex 47.5867 4 59.7825
    endloop
  endfacet
  facet normal -0.831521 0 0.555494
    outer loop
      vertex 47.732 4 60
      vertex 47.5867 0 59.7825
      vertex 47.732 0 60
    endloop
  endfacet
  facet normal -0.94695 0 0.321382
    outer loop
      vertex 47.8478 0 60.2346
      vertex 47.9319 4 60.4824
      vertex 47.8478 4 60.2346
    endloop
  endfacet
  facet normal -0.94695 0 0.321382
    outer loop
      vertex 47.9319 4 60.4824
      vertex 47.8478 0 60.2346
      vertex 47.9319 0 60.4824
    endloop
  endfacet
  facet normal 0.751842 0 -0.659343
    outer loop
      vertex 44.5858 0 62.4142
      vertex 44.4133 4 62.2175
      vertex 44.5858 4 62.4142
    endloop
  endfacet
  facet normal 0.751842 0 -0.659343
    outer loop
      vertex 44.4133 4 62.2175
      vertex 44.5858 0 62.4142
      vertex 44.4133 0 62.2175
    endloop
  endfacet
  facet normal -0.997862 0 -0.0653521
    outer loop
      vertex 48 0 61
      vertex 47.9829 4 61.2611
      vertex 48 4 61
    endloop
  endfacet
  facet normal -0.997862 -0 -0.0653521
    outer loop
      vertex 47.9829 4 61.2611
      vertex 48 0 61
      vertex 47.9829 0 61.2611
    endloop
  endfacet
  facet normal 0.555758 0 0.831344
    outer loop
      vertex 44.7825 4 59.4133
      vertex 45 0 59.2679
      vertex 45 4 59.2679
    endloop
  endfacet
  facet normal 0.555758 0 0.831344
    outer loop
      vertex 45 0 59.2679
      vertex 44.7825 4 59.4133
      vertex 44.7825 0 59.4133
    endloop
  endfacet
  facet normal -0.831521 0 -0.555494
    outer loop
      vertex 47.732 0 62
      vertex 47.5867 4 62.2175
      vertex 47.732 4 62
    endloop
  endfacet
  facet normal -0.831521 -0 -0.555494
    outer loop
      vertex 47.5867 4 62.2175
      vertex 47.732 0 62
      vertex 47.5867 0 62.2175
    endloop
  endfacet
  facet normal -0.0653521 0 0.997862
    outer loop
      vertex 46 4 59
      vertex 46.2611 0 59.0171
      vertex 46.2611 4 59.0171
    endloop
  endfacet
  facet normal -0.0653521 0 0.997862
    outer loop
      vertex 46.2611 0 59.0171
      vertex 46 4 59
      vertex 46 0 59
    endloop
  endfacet
  facet normal -0.896709 0 -0.442621
    outer loop
      vertex 47.8478 0 61.7654
      vertex 47.732 4 62
      vertex 47.8478 4 61.7654
    endloop
  endfacet
  facet normal -0.896709 -0 -0.442621
    outer loop
      vertex 47.732 4 62
      vertex 47.8478 0 61.7654
      vertex 47.732 0 62
    endloop
  endfacet
  facet normal -0.659343 0 0.751842
    outer loop
      vertex 47.2175 4 59.4133
      vertex 47.4142 0 59.5858
      vertex 47.4142 4 59.5858
    endloop
  endfacet
  facet normal -0.659343 0 0.751842
    outer loop
      vertex 47.4142 0 59.5858
      vertex 47.2175 4 59.4133
      vertex 47.2175 0 59.4133
    endloop
  endfacet
  facet normal -0.980801 0 -0.195013
    outer loop
      vertex 47.9829 0 61.2611
      vertex 47.9319 4 61.5176
      vertex 47.9829 4 61.2611
    endloop
  endfacet
  facet normal -0.980801 -0 -0.195013
    outer loop
      vertex 47.9319 4 61.5176
      vertex 47.9829 0 61.2611
      vertex 47.9319 0 61.5176
    endloop
  endfacet
  facet normal 0.751842 -0 0.659343
    outer loop
      vertex 44.4133 0 59.7825
      vertex 44.5858 4 59.5858
      vertex 44.4133 4 59.7825
    endloop
  endfacet
  facet normal 0.751842 0 0.659343
    outer loop
      vertex 44.5858 4 59.5858
      vertex 44.4133 0 59.7825
      vertex 44.5858 0 59.5858
    endloop
  endfacet
  facet normal 0.89686 0 -0.442314
    outer loop
      vertex 44.2679 0 62
      vertex 44.1522 4 61.7654
      vertex 44.2679 4 62
    endloop
  endfacet
  facet normal 0.89686 0 -0.442314
    outer loop
      vertex 44.1522 4 61.7654
      vertex 44.2679 0 62
      vertex 44.1522 0 61.7654
    endloop
  endfacet
  facet normal -0.896709 0 0.442621
    outer loop
      vertex 47.732 0 60
      vertex 47.8478 4 60.2346
      vertex 47.732 4 60
    endloop
  endfacet
  facet normal -0.896709 0 0.442621
    outer loop
      vertex 47.8478 4 60.2346
      vertex 47.732 0 60
      vertex 47.8478 0 60.2346
    endloop
  endfacet
  facet normal 0.555494 0 -0.831521
    outer loop
      vertex 44.7825 0 62.5867
      vertex 45 4 62.732
      vertex 45 0 62.732
    endloop
  endfacet
  facet normal 0.555494 0 -0.831521
    outer loop
      vertex 45 4 62.732
      vertex 44.7825 0 62.5867
      vertex 44.7825 4 62.5867
    endloop
  endfacet
  facet normal 0.997862 0 -0.0653521
    outer loop
      vertex 44.0171 0 61.2611
      vertex 44 4 61
      vertex 44.0171 4 61.2611
    endloop
  endfacet
  facet normal 0.997862 0 -0.0653521
    outer loop
      vertex 44 4 61
      vertex 44.0171 0 61.2611
      vertex 44 0 61
    endloop
  endfacet
  facet normal 0.89686 -0 0.442314
    outer loop
      vertex 44.1522 0 60.2346
      vertex 44.2679 4 60
      vertex 44.1522 4 60.2346
    endloop
  endfacet
  facet normal 0.89686 0 0.442314
    outer loop
      vertex 44.2679 4 60
      vertex 44.1522 0 60.2346
      vertex 44.2679 0 60
    endloop
  endfacet
  facet normal -0.555494 0 -0.831521
    outer loop
      vertex 47 0 62.732
      vertex 47.2175 4 62.5867
      vertex 47.2175 0 62.5867
    endloop
  endfacet
  facet normal -0.555494 0 -0.831521
    outer loop
      vertex 47.2175 4 62.5867
      vertex 47 0 62.732
      vertex 47 4 62.732
    endloop
  endfacet
  facet normal 0.321382 0 -0.94695
    outer loop
      vertex 45.2346 0 62.8478
      vertex 45.4824 4 62.9319
      vertex 45.4824 0 62.9319
    endloop
  endfacet
  facet normal 0.321382 0 -0.94695
    outer loop
      vertex 45.4824 4 62.9319
      vertex 45.2346 0 62.8478
      vertex 45.2346 4 62.8478
    endloop
  endfacet
  facet normal -0.659343 0 -0.751842
    outer loop
      vertex 47.2175 0 62.5867
      vertex 47.4142 4 62.4142
      vertex 47.4142 0 62.4142
    endloop
  endfacet
  facet normal -0.659343 0 -0.751842
    outer loop
      vertex 47.4142 4 62.4142
      vertex 47.2175 0 62.5867
      vertex 47.2175 4 62.5867
    endloop
  endfacet
  facet normal 0.831344 -0 0.555758
    outer loop
      vertex 44.2679 0 60
      vertex 44.4133 4 59.7825
      vertex 44.2679 4 60
    endloop
  endfacet
  facet normal 0.831344 0 0.555758
    outer loop
      vertex 44.4133 4 59.7825
      vertex 44.2679 0 60
      vertex 44.4133 0 59.7825
    endloop
  endfacet
  facet normal 1 -0 0
    outer loop
      vertex 92 0 72
      vertex 92 4 54
      vertex 92 4 72
    endloop
  endfacet
  facet normal 1 0 0
    outer loop
      vertex 92 4 54
      vertex 92 0 72
      vertex 92 4 45
    endloop
  endfacet
  facet normal 1 0 0
    outer loop
      vertex 92 0 0
      vertex 92 4 45
      vertex 92 0 72
    endloop
  endfacet
  facet normal 1 0 0
    outer loop
      vertex 92 4 45
      vertex 92 0 0
      vertex 92 4 0
    endloop
  endfacet
  facet normal 1 -0 0
    outer loop
      vertex 92 4 54
      vertex 92 46 45
      vertex 92 46 54
    endloop
  endfacet
  facet normal 1 0 0
    outer loop
      vertex 92 46 45
      vertex 92 4 54
      vertex 92 4 45
    endloop
  endfacet
  facet normal -0 0 1
    outer loop
      vertex 0 4 72
      vertex 92 0 72
      vertex 92 4 72
    endloop
  endfacet
  facet normal 0 0 1
    outer loop
      vertex 92 0 72
      vertex 0 4 72
      vertex 0 0 72
    endloop
  endfacet
  facet normal 0 0 -1
    outer loop
      vertex 0 0 0
      vertex 92 4 0
      vertex 92 0 0
    endloop
  endfacet
  facet normal -0 0 -1
    outer loop
      vertex 92 4 0
      vertex 0 0 0
      vertex 0 4 0
    endloop
  endfacet
  facet normal -1 0 0
    outer loop
      vertex 0 0 0
      vertex 0 4 45
      vertex 0 4 0
    endloop
  endfacet
  facet normal -1 0 0
    outer loop
      vertex 0 0 72
      vertex 0 4 45
      vertex 0 0 0
    endloop
  endfacet
  facet normal -1 0 0
    outer loop
      vertex 0 4 45
      vertex 0 0 72
      vertex 0 4 54
    endloop
  endfacet
  facet normal -1 0 0
    outer loop
      vertex 0 4 54
      vertex 0 0 72
      vertex 0 4 72
    endloop
  endfacet
  facet normal -1 0 0
    outer loop
      vertex 0 4 45
      vertex 0 46 54
      vertex 0 46 45
    endloop
  endfacet
  facet normal -1 -0 0
    outer loop
      vertex 0 46 54
      vertex 0 4 45
      vertex 0 4 54
    endloop
  endfacet
  facet normal 0 1 0
    outer loop
      vertex 92 4 72
      vertex 46 4 63
      vertex 0 4 72
    endloop
  endfacet
  facet normal 0 1 0
    outer loop
      vertex 92 4 72
      vertex 46.2611 4 62.9829
      vertex 46 4 63
    endloop
  endfacet
  facet normal 0 1 0
    outer loop
      vertex 92 4 72
      vertex 46.5176 4 62.9319
      vertex 46.2611 4 62.9829
    endloop
  endfacet
  facet normal 0 1 0
    outer loop
      vertex 92 4 72
      vertex 46.7654 4 62.8478
      vertex 46.5176 4 62.9319
    endloop
  endfacet
  facet normal 0 1 0
    outer loop
      vertex 92 4 72
      vertex 47 4 62.732
      vertex 46.7654 4 62.8478
    endloop
  endfacet
  facet normal 0 1 0
    outer loop
      vertex 92 4 72
      vertex 47.2175 4 62.5867
      vertex 47 4 62.732
    endloop
  endfacet
  facet normal 0 1 0
    outer loop
      vertex 92 4 72
      vertex 47.4142 4 62.4142
      vertex 47.2175 4 62.5867
    endloop
  endfacet
  facet normal 0 1 0
    outer loop
      vertex 92 4 72
      vertex 47.5867 4 62.2175
      vertex 47.4142 4 62.4142
    endloop
  endfacet
  facet normal 0 1 0
    outer loop
      vertex 92 4 72
      vertex 47.732 4 62
      vertex 47.5867 4 62.2175
    endloop
  endfacet
  facet normal 0 1 0
    outer loop
      vertex 92 4 72
      vertex 47.8478 4 61.7654
      vertex 47.732 4 62
    endloop
  endfacet
  facet normal 0 1 0
    outer loop
      vertex 92 4 72
      vertex 47.9319 4 61.5176
      vertex 47.8478 4 61.7654
    endloop
  endfacet
  facet normal 0 1 0
    outer loop
      vertex 92 4 72
      vertex 47.9829 4 61.2611
      vertex 47.9319 4 61.5176
    endloop
  endfacet
  facet normal 0 1 -0
    outer loop
      vertex 92 4 54
      vertex 47.9829 4 61.2611
      vertex 92 4 72
    endloop
  endfacet
  facet normal 0 1 0
    outer loop
      vertex 47.9829 4 61.2611
      vertex 92 4 54
      vertex 48 4 61
    endloop
  endfacet
  facet normal 0 1 0
    outer loop
      vertex 48 4 61
      vertex 92 4 54
      vertex 47.9829 4 60.7389
    endloop
  endfacet
  facet normal 0 1 0
    outer loop
      vertex 47.9829 4 60.7389
      vertex 92 4 54
      vertex 47.9319 4 60.4824
    endloop
  endfacet
  facet normal 0 1 0
    outer loop
      vertex 47.9319 4 60.4824
      vertex 92 4 54
      vertex 47.8478 4 60.2346
    endloop
  endfacet
  facet normal 0 1 0
    outer loop
      vertex 47.8478 4 60.2346
      vertex 92 4 54
      vertex 47.732 4 60
    endloop
  endfacet
  facet normal 0 1 0
    outer loop
      vertex 47.732 4 60
      vertex 92 4 54
      vertex 47.5867 4 59.7825
    endloop
  endfacet
  facet normal 0 1 0
    outer loop
      vertex 47.5867 4 59.7825
      vertex 92 4 54
      vertex 47.4142 4 59.5858
    endloop
  endfacet
  facet normal 0 1 0
    outer loop
      vertex 47.4142 4 59.5858
      vertex 92 4 54
      vertex 47.2175 4 59.4133
    endloop
  endfacet
  facet normal 0 1 0
    outer loop
      vertex 47.2175 4 59.4133
      vertex 92 4 54
      vertex 47 4 59.2679
    endloop
  endfacet
  facet normal 0 1 0
    outer loop
      vertex 47 4 59.2679
      vertex 92 4 54
      vertex 46.7654 4 59.1522
    endloop
  endfacet
  facet normal 0 1 0
    outer loop
      vertex 46.2611 4 59.0171
      vertex 92 4 54
      vertex 46 4 59
    endloop
  endfacet
  facet normal 0 1 0
    outer loop
      vertex 46.5176 4 59.0681
      vertex 92 4 54
      vertex 46.2611 4 59.0171
    endloop
  endfacet
  facet normal 0 1 0
    outer loop
      vertex 46.7654 4 59.1522
      vertex 92 4 54
      vertex 46.5176 4 59.0681
    endloop
  endfacet
  facet normal 0 1 -0
    outer loop
      vertex 45.7389 4 62.9829
      vertex 0 4 72
      vertex 46 4 63
    endloop
  endfacet
  facet normal 0 1 -0
    outer loop
      vertex 45.4824 4 62.9319
      vertex 0 4 72
      vertex 45.7389 4 62.9829
    endloop
  endfacet
  facet normal 0 1 -0
    outer loop
      vertex 45.2346 4 62.8478
      vertex 0 4 72
      vertex 45.4824 4 62.9319
    endloop
  endfacet
  facet normal 0 1 -0
    outer loop
      vertex 45 4 62.732
      vertex 0 4 72
      vertex 45.2346 4 62.8478
    endloop
  endfacet
  facet normal 0 1 -0
    outer loop
      vertex 44.7825 4 62.5867
      vertex 0 4 72
      vertex 45 4 62.732
    endloop
  endfacet
  facet normal 0 1 -0
    outer loop
      vertex 44.5858 4 62.4142
      vertex 0 4 72
      vertex 44.7825 4 62.5867
    endloop
  endfacet
  facet normal 0 1 -0
    outer loop
      vertex 44.4133 4 62.2175
      vertex 0 4 72
      vertex 44.5858 4 62.4142
    endloop
  endfacet
  facet normal 0 1 -0
    outer loop
      vertex 44.2679 4 62
      vertex 0 4 72
      vertex 44.4133 4 62.2175
    endloop
  endfacet
  facet normal 0 1 -0
    outer loop
      vertex 44.1522 4 61.7654
      vertex 0 4 72
      vertex 44.2679 4 62
    endloop
  endfacet
  facet normal 0 1 -0
    outer loop
      vertex 44.0681 4 61.5176
      vertex 0 4 72
      vertex 44.1522 4 61.7654
    endloop
  endfacet
  facet normal 0 1 -0
    outer loop
      vertex 44.0171 4 61.2611
      vertex 0 4 72
      vertex 44.0681 4 61.5176
    endloop
  endfacet
  facet normal 0 1 0
    outer loop
      vertex 0 4 54
      vertex 44.0171 4 61.2611
      vertex 44 4 61
    endloop
  endfacet
  facet normal 0 1 0
    outer loop
      vertex 0 4 54
      vertex 44 4 61
      vertex 44.0171 4 60.7389
    endloop
  endfacet
  facet normal 0 1 0
    outer loop
      vertex 0 4 54
      vertex 44.0171 4 60.7389
      vertex 44.0681 4 60.4824
    endloop
  endfacet
  facet normal 0 1 0
    outer loop
      vertex 0 4 54
      vertex 44.0681 4 60.4824
      vertex 44.1522 4 60.2346
    endloop
  endfacet
  facet normal 0 1 0
    outer loop
      vertex 0 4 54
      vertex 44.1522 4 60.2346
      vertex 44.2679 4 60
    endloop
  endfacet
  facet normal 0 1 0
    outer loop
      vertex 0 4 54
      vertex 44.2679 4 60
      vertex 44.4133 4 59.7825
    endloop
  endfacet
  facet normal 0 1 0
    outer loop
      vertex 0 4 54
      vertex 44.4133 4 59.7825
      vertex 44.5858 4 59.5858
    endloop
  endfacet
  facet normal 0 1 0
    outer loop
      vertex 0 4 54
      vertex 44.5858 4 59.5858
      vertex 44.7825 4 59.4133
    endloop
  endfacet
  facet normal 0 1 0
    outer loop
      vertex 0 4 54
      vertex 44.7825 4 59.4133
      vertex 45 4 59.2679
    endloop
  endfacet
  facet normal 0 1 0
    outer loop
      vertex 0 4 54
      vertex 45 4 59.2679
      vertex 45.2346 4 59.1522
    endloop
  endfacet
  facet normal 0 1 0
    outer loop
      vertex 0 4 54
      vertex 45.2346 4 59.1522
      vertex 45.4824 4 59.0681
    endloop
  endfacet
  facet normal 0 1 0
    outer loop
      vertex 0 4 54
      vertex 46 4 59
      vertex 92 4 54
    endloop
  endfacet
  facet normal 0 1 0
    outer loop
      vertex 44.0171 4 61.2611
      vertex 0 4 54
      vertex 0 4 72
    endloop
  endfacet
  facet normal 0 1 0
    outer loop
      vertex 45.7389 4 59.0171
      vertex 0 4 54
      vertex 45.4824 4 59.0681
    endloop
  endfacet
  facet normal 0 1 0
    outer loop
      vertex 46 4 59
      vertex 0 4 54
      vertex 45.7389 4 59.0171
    endloop
  endfacet
  facet normal 0 1 0
    outer loop
      vertex 92 4 45
      vertex 46 4 13
      vertex 0 4 45
    endloop
  endfacet
  facet normal 0 1 0
    outer loop
      vertex 92 4 45
      vertex 46.2611 4 12.9829
      vertex 46 4 13
    endloop
  endfacet
  facet normal 0 1 0
    outer loop
      vertex 92 4 45
      vertex 46.5176 4 12.9319
      vertex 46.2611 4 12.9829
    endloop
  endfacet
  facet normal 0 1 0
    outer loop
      vertex 92 4 45
      vertex 46.7654 4 12.8478
      vertex 46.5176 4 12.9319
    endloop
  endfacet
  facet normal 0 1 0
    outer loop
      vertex 92 4 45
      vertex 47 4 12.732
      vertex 46.7654 4 12.8478
    endloop
  endfacet
  facet normal 0 1 0
    outer loop
      vertex 92 4 45
      vertex 47.2175 4 12.5867
      vertex 47 4 12.732
    endloop
  endfacet
  facet normal 0 1 0
    outer loop
      vertex 92 4 45
      vertex 47.4142 4 12.4142
      vertex 47.2175 4 12.5867
    endloop
  endfacet
  facet normal 0 1 0
    outer loop
      vertex 92 4 45
      vertex 47.5867 4 12.2175
      vertex 47.4142 4 12.4142
    endloop
  endfacet
  facet normal 0 1 0
    outer loop
      vertex 92 4 45
      vertex 47.732 4 12
      vertex 47.5867 4 12.2175
    endloop
  endfacet
  facet normal 0 1 0
    outer loop
      vertex 92 4 45
      vertex 47.8478 4 11.7654
      vertex 47.732 4 12
    endloop
  endfacet
  facet normal 0 1 -0
    outer loop
      vertex 92 4 0
      vertex 47.8478 4 11.7654
      vertex 92 4 45
    endloop
  endfacet
  facet normal 0 1 0
    outer loop
      vertex 47.8478 4 11.7654
      vertex 92 4 0
      vertex 47.9319 4 11.5176
    endloop
  endfacet
  facet normal 0 1 0
    outer loop
      vertex 47.9319 4 11.5176
      vertex 92 4 0
      vertex 47.9829 4 11.2611
    endloop
  endfacet
  facet normal 0 1 0
    outer loop
      vertex 47.9829 4 11.2611
      vertex 92 4 0
      vertex 48 4 11
    endloop
  endfacet
  facet normal 0 1 0
    outer loop
      vertex 48 4 11
      vertex 92 4 0
      vertex 47.9829 4 10.7389
    endloop
  endfacet
  facet normal 0 1 0
    outer loop
      vertex 47.9829 4 10.7389
      vertex 92 4 0
      vertex 47.9319 4 10.4824
    endloop
  endfacet
  facet normal 0 1 0
    outer loop
      vertex 47.9319 4 10.4824
      vertex 92 4 0
      vertex 47.8478 4 10.2346
    endloop
  endfacet
  facet normal 0 1 0
    outer loop
      vertex 47.8478 4 10.2346
      vertex 92 4 0
      vertex 47.732 4 10
    endloop
  endfacet
  facet normal 0 1 0
    outer loop
      vertex 47.732 4 10
      vertex 92 4 0
      vertex 47.5867 4 9.78248
    endloop
  endfacet
  facet normal 0 1 0
    outer loop
      vertex 47.5867 4 9.78248
      vertex 92 4 0
      vertex 47.4142 4 9.58579
    endloop
  endfacet
  facet normal 0 1 0
    outer loop
      vertex 46.2611 4 9.01711
      vertex 92 4 0
      vertex 46 4 9
    endloop
  endfacet
  facet normal 0 1 0
    outer loop
      vertex 46.5176 4 9.06815
      vertex 92 4 0
      vertex 46.2611 4 9.01711
    endloop
  endfacet
  facet normal 0 1 0
    outer loop
      vertex 46.7654 4 9.15224
      vertex 92 4 0
      vertex 46.5176 4 9.06815
    endloop
  endfacet
  facet normal 0 1 0
    outer loop
      vertex 47 4 9.26795
      vertex 92 4 0
      vertex 46.7654 4 9.15224
    endloop
  endfacet
  facet normal 0 1 0
    outer loop
      vertex 47.2175 4 9.41329
      vertex 92 4 0
      vertex 47 4 9.26795
    endloop
  endfacet
  facet normal 0 1 0
    outer loop
      vertex 47.4142 4 9.58579
      vertex 92 4 0
      vertex 47.2175 4 9.41329
    endloop
  endfacet
  facet normal 0 1 -0
    outer loop
      vertex 45.7389 4 12.9829
      vertex 0 4 45
      vertex 46 4 13
    endloop
  endfacet
  facet normal 0 1 -0
    outer loop
      vertex 45.4824 4 12.9319
      vertex 0 4 45
      vertex 45.7389 4 12.9829
    endloop
  endfacet
  facet normal 0 1 -0
    outer loop
      vertex 45.2346 4 12.8478
      vertex 0 4 45
      vertex 45.4824 4 12.9319
    endloop
  endfacet
  facet normal 0 1 -0
    outer loop
      vertex 45 4 12.732
      vertex 0 4 45
      vertex 45.2346 4 12.8478
    endloop
  endfacet
  facet normal 0 1 -0
    outer loop
      vertex 44.7825 4 12.5867
      vertex 0 4 45
      vertex 45 4 12.732
    endloop
  endfacet
  facet normal 0 1 -0
    outer loop
      vertex 44.5858 4 12.4142
      vertex 0 4 45
      vertex 44.7825 4 12.5867
    endloop
  endfacet
  facet normal 0 1 -0
    outer loop
      vertex 44.4133 4 12.2175
      vertex 0 4 45
      vertex 44.5858 4 12.4142
    endloop
  endfacet
  facet normal 0 1 -0
    outer loop
      vertex 44.2679 4 12
      vertex 0 4 45
      vertex 44.4133 4 12.2175
    endloop
  endfacet
  facet normal 0 1 -0
    outer loop
      vertex 44.1522 4 11.7654
      vertex 0 4 45
      vertex 44.2679 4 12
    endloop
  endfacet
  facet normal 0 1 0
    outer loop
      vertex 0 4 0
      vertex 44.1522 4 11.7654
      vertex 44.0681 4 11.5176
    endloop
  endfacet
  facet normal 0 1 0
    outer loop
      vertex 0 4 0
      vertex 44.0681 4 11.5176
      vertex 44.0171 4 11.2611
    endloop
  endfacet
  facet normal 0 1 0
    outer loop
      vertex 0 4 0
      vertex 44.0171 4 11.2611
      vertex 44 4 11
    endloop
  endfacet
  facet normal 0 1 0
    outer loop
      vertex 0 4 0
      vertex 44 4 11
      vertex 44.0171 4 10.7389
    endloop
  endfacet
  facet normal 0 1 0
    outer loop
      vertex 0 4 0
      vertex 44.0171 4 10.7389
      vertex 44.0681 4 10.4824
    endloop
  endfacet
  facet normal 0 1 0
    outer loop
      vertex 0 4 0
      vertex 44.0681 4 10.4824
      vertex 44.1522 4 10.2346
    endloop
  endfacet
  facet normal 0 1 0
    outer loop
      vertex 0 4 0
      vertex 44.1522 4 10.2346
      vertex 44.2679 4 10
    endloop
  endfacet
  facet normal 0 1 0
    outer loop
      vertex 0 4 0
      vertex 44.2679 4 10
      vertex 44.4133 4 9.78248
    endloop
  endfacet
  facet normal 0 1 0
    outer loop
      vertex 0 4 0
      vertex 44.4133 4 9.78248
      vertex 44.5858 4 9.58579
    endloop
  endfacet
  facet normal 0 1 0
    outer loop
      vertex 0 4 0
      vertex 44.5858 4 9.58579
      vertex 44.7825 4 9.41329
    endloop
  endfacet
  facet normal 0 1 0
    outer loop
      vertex 0 4 0
      vertex 46 4 9
      vertex 92 4 0
    endloop
  endfacet
  facet normal 0 1 0
    outer loop
      vertex 44.1522 4 11.7654
      vertex 0 4 0
      vertex 0 4 45
    endloop
  endfacet
  facet normal 0 1 0
    outer loop
      vertex 45 4 9.26795
      vertex 0 4 0
      vertex 44.7825 4 9.41329
    endloop
  endfacet
  facet normal 0 1 0
    outer loop
      vertex 45.2346 4 9.15224
      vertex 0 4 0
      vertex 45 4 9.26795
    endloop
  endfacet
  facet normal 0 1 0
    outer loop
      vertex 45.4824 4 9.06815
      vertex 0 4 0
      vertex 45.2346 4 9.15224
    endloop
  endfacet
  facet normal 0 1 0
    outer loop
      vertex 45.7389 4 9.01711
      vertex 0 4 0
      vertex 45.4824 4 9.06815
    endloop
  endfacet
  facet normal 0 1 0
    outer loop
      vertex 46 4 9
      vertex 0 4 0
      vertex 45.7389 4 9.01711
    endloop
  endfacet
  facet normal 0 -1 0
    outer loop
      vertex 0 0 72
      vertex 46 0 63
      vertex 92 0 72
    endloop
  endfacet
  facet normal 0 -1 0
    outer loop
      vertex 0 0 72
      vertex 45.7389 0 62.9829
      vertex 46 0 63
    endloop
  endfacet
  facet normal 0 -1 0
    outer loop
      vertex 0 0 72
      vertex 45.4824 0 62.9319
      vertex 45.7389 0 62.9829
    endloop
  endfacet
  facet normal 0 -1 0
    outer loop
      vertex 0 0 72
      vertex 45.2346 0 62.8478
      vertex 45.4824 0 62.9319
    endloop
  endfacet
  facet normal 0 -1 0
    outer loop
      vertex 0 0 72
      vertex 45 0 62.732
      vertex 45.2346 0 62.8478
    endloop
  endfacet
  facet normal 0 -1 0
    outer loop
      vertex 0 0 72
      vertex 44.7825 0 62.5867
      vertex 45 0 62.732
    endloop
  endfacet
  facet normal 0 -1 0
    outer loop
      vertex 0 0 72
      vertex 44.5858 0 62.4142
      vertex 44.7825 0 62.5867
    endloop
  endfacet
  facet normal 0 -1 0
    outer loop
      vertex 0 0 72
      vertex 44.4133 0 62.2175
      vertex 44.5858 0 62.4142
    endloop
  endfacet
  facet normal 0 -1 0
    outer loop
      vertex 0 0 72
      vertex 44.2679 0 62
      vertex 44.4133 0 62.2175
    endloop
  endfacet
  facet normal 0 -1 0
    outer loop
      vertex 0 0 72
      vertex 44.1522 0 61.7654
      vertex 44.2679 0 62
    endloop
  endfacet
  facet normal 0 -1 0
    outer loop
      vertex 0 0 72
      vertex 44.0681 0 61.5176
      vertex 44.1522 0 61.7654
    endloop
  endfacet
  facet normal 0 -1 0
    outer loop
      vertex 0 0 72
      vertex 44.0171 0 61.2611
      vertex 44.0681 0 61.5176
    endloop
  endfacet
  facet normal 0 -1 0
    outer loop
      vertex 0 0 72
      vertex 44 0 61
      vertex 44.0171 0 61.2611
    endloop
  endfacet
  facet normal 0 -1 0
    outer loop
      vertex 0 0 72
      vertex 44.0171 0 60.7389
      vertex 44 0 61
    endloop
  endfacet
  facet normal 0 -1 0
    outer loop
      vertex 0 0 72
      vertex 44.0681 0 60.4824
      vertex 44.0171 0 60.7389
    endloop
  endfacet
  facet normal 0 -1 0
    outer loop
      vertex 0 0 72
      vertex 44.1522 0 60.2346
      vertex 44.0681 0 60.4824
    endloop
  endfacet
  facet normal 0 -1 0
    outer loop
      vertex 0 0 72
      vertex 44.2679 0 60
      vertex 44.1522 0 60.2346
    endloop
  endfacet
  facet normal 0 -1 0
    outer loop
      vertex 0 0 72
      vertex 44.4133 0 59.7825
      vertex 44.2679 0 60
    endloop
  endfacet
  facet normal 0 -1 0
    outer loop
      vertex 44.4133 0 12.2175
      vertex 44.4133 0 59.7825
      vertex 0 0 72
    endloop
  endfacet
  facet normal 0 -1 0
    outer loop
      vertex 44.4133 0 59.7825
      vertex 44.4133 0 12.2175
      vertex 44.5858 0 59.5858
    endloop
  endfacet
  facet normal -0 -1 0
    outer loop
      vertex 44.5858 0 12.4142
      vertex 44.5858 0 59.5858
      vertex 44.4133 0 12.2175
    endloop
  endfacet
  facet normal 0 -1 0
    outer loop
      vertex 44.5858 0 59.5858
      vertex 44.5858 0 12.4142
      vertex 44.7825 0 59.4133
    endloop
  endfacet
  facet normal -0 -1 0
    outer loop
      vertex 44.7825 0 12.5867
      vertex 44.7825 0 59.4133
      vertex 44.5858 0 12.4142
    endloop
  endfacet
  facet normal 0 -1 0
    outer loop
      vertex 45.7389 0 59.0171
      vertex 46 0 13
      vertex 46 0 59
    endloop
  endfacet
  facet normal 0 -1 0
    outer loop
      vertex 45.7389 0 12.9829
      vertex 45.7389 0 59.0171
      vertex 45.4824 0 59.0681
    endloop
  endfacet
  facet normal 0 -1 0
    outer loop
      vertex 44.7825 0 59.4133
      vertex 44.7825 0 12.5867
      vertex 45 0 59.2679
    endloop
  endfacet
  facet normal 0 -1 0
    outer loop
      vertex 45.7389 0 59.0171
      vertex 45.7389 0 12.9829
      vertex 46 0 13
    endloop
  endfacet
  facet normal 0 -1 0
    outer loop
      vertex 45.4824 0 59.0681
      vertex 45.4824 0 12.9319
      vertex 45.7389 0 12.9829
    endloop
  endfacet
  facet normal 0 -1 -0
    outer loop
      vertex 45.4824 0 59.0681
      vertex 45.2346 0 12.8478
      vertex 45.4824 0 12.9319
    endloop
  endfacet
  facet normal 0 -1 0
    outer loop
      vertex 45.2346 0 59.1522
      vertex 45.2346 0 12.8478
      vertex 45.4824 0 59.0681
    endloop
  endfacet
  facet normal -0 -1 0
    outer loop
      vertex 45.2346 0 12.8478
      vertex 45.2346 0 59.1522
      vertex 45 0 12.732
    endloop
  endfacet
  facet normal 0 -1 0
    outer loop
      vertex 45 0 59.2679
      vertex 45 0 12.732
      vertex 45.2346 0 59.1522
    endloop
  endfacet
  facet normal -0 -1 0
    outer loop
      vertex 45 0 12.732
      vertex 45 0 59.2679
      vertex 44.7825 0 12.5867
    endloop
  endfacet
  facet normal 0 -1 0
    outer loop
      vertex 0 0 0
      vertex 44.4133 0 12.2175
      vertex 0 0 72
    endloop
  endfacet
  facet normal 0 -1 0
    outer loop
      vertex 44.4133 0 12.2175
      vertex 0 0 0
      vertex 44.2679 0 12
    endloop
  endfacet
  facet normal 0 -1 0
    outer loop
      vertex 44.2679 0 12
      vertex 0 0 0
      vertex 44.1522 0 11.7654
    endloop
  endfacet
  facet normal 0 -1 0
    outer loop
      vertex 44.1522 0 11.7654
      vertex 0 0 0
      vertex 44.0681 0 11.5176
    endloop
  endfacet
  facet normal 0 -1 0
    outer loop
      vertex 44.0681 0 11.5176
      vertex 0 0 0
      vertex 44.0171 0 11.2611
    endloop
  endfacet
  facet normal 0 -1 0
    outer loop
      vertex 44.0171 0 11.2611
      vertex 0 0 0
      vertex 44 0 11
    endloop
  endfacet
  facet normal 0 -1 -0
    outer loop
      vertex 44 0 11
      vertex 0 0 0
      vertex 44.0171 0 10.7389
    endloop
  endfacet
  facet normal 0 -1 -0
    outer loop
      vertex 44.0171 0 10.7389
      vertex 0 0 0
      vertex 44.0681 0 10.4824
    endloop
  endfacet
  facet normal 0 -1 -0
    outer loop
      vertex 44.0681 0 10.4824
      vertex 0 0 0
      vertex 44.1522 0 10.2346
    endloop
  endfacet
  facet normal 0 -1 -0
    outer loop
      vertex 44.1522 0 10.2346
      vertex 0 0 0
      vertex 44.2679 0 10
    endloop
  endfacet
  facet normal 0 -1 -0
    outer loop
      vertex 45.7389 0 9.01711
      vertex 0 0 0
      vertex 46 0 9
    endloop
  endfacet
  facet normal 0 -1 -0
    outer loop
      vertex 45.4824 0 9.06815
      vertex 0 0 0
      vertex 45.7389 0 9.01711
    endloop
  endfacet
  facet normal 0 -1 -0
    outer loop
      vertex 45.2346 0 9.15224
      vertex 0 0 0
      vertex 45.4824 0 9.06815
    endloop
  endfacet
  facet normal 0 -1 -0
    outer loop
      vertex 45 0 9.26795
      vertex 0 0 0
      vertex 45.2346 0 9.15224
    endloop
  endfacet
  facet normal 0 -1 -0
    outer loop
      vertex 44.7825 0 9.41329
      vertex 0 0 0
      vertex 45 0 9.26795
    endloop
  endfacet
  facet normal 0 -1 -0
    outer loop
      vertex 44.5858 0 9.58579
      vertex 0 0 0
      vertex 44.7825 0 9.41329
    endloop
  endfacet
  facet normal 0 -1 -0
    outer loop
      vertex 44.4133 0 9.78248
      vertex 0 0 0
      vertex 44.5858 0 9.58579
    endloop
  endfacet
  facet normal 0 -1 -0
    outer loop
      vertex 44.2679 0 10
      vertex 0 0 0
      vertex 44.4133 0 9.78248
    endloop
  endfacet
  facet normal 0 -1 0
    outer loop
      vertex 46.2611 0 62.9829
      vertex 92 0 72
      vertex 46 0 63
    endloop
  endfacet
  facet normal 0 -1 0
    outer loop
      vertex 46.5176 0 62.9319
      vertex 92 0 72
      vertex 46.2611 0 62.9829
    endloop
  endfacet
  facet normal 0 -1 0
    outer loop
      vertex 46.7654 0 62.8478
      vertex 92 0 72
      vertex 46.5176 0 62.9319
    endloop
  endfacet
  facet normal 0 -1 0
    outer loop
      vertex 47 0 62.732
      vertex 92 0 72
      vertex 46.7654 0 62.8478
    endloop
  endfacet
  facet normal 0 -1 0
    outer loop
      vertex 47.2175 0 62.5867
      vertex 92 0 72
      vertex 47 0 62.732
    endloop
  endfacet
  facet normal 0 -1 0
    outer loop
      vertex 47.4142 0 62.4142
      vertex 92 0 72
      vertex 47.2175 0 62.5867
    endloop
  endfacet
  facet normal 0 -1 0
    outer loop
      vertex 47.5867 0 62.2175
      vertex 92 0 72
      vertex 47.4142 0 62.4142
    endloop
  endfacet
  facet normal 0 -1 0
    outer loop
      vertex 47.732 0 62
      vertex 92 0 72
      vertex 47.5867 0 62.2175
    endloop
  endfacet
  facet normal 0 -1 0
    outer loop
      vertex 47.8478 0 61.7654
      vertex 92 0 72
      vertex 47.732 0 62
    endloop
  endfacet
  facet normal 0 -1 0
    outer loop
      vertex 47.9319 0 61.5176
      vertex 92 0 72
      vertex 47.8478 0 61.7654
    endloop
  endfacet
  facet normal 0 -1 0
    outer loop
      vertex 47.9829 0 61.2611
      vertex 92 0 72
      vertex 47.9319 0 61.5176
    endloop
  endfacet
  facet normal 0 -1 0
    outer loop
      vertex 48 0 61
      vertex 92 0 72
      vertex 47.9829 0 61.2611
    endloop
  endfacet
  facet normal 0 -1 0
    outer loop
      vertex 47.9829 0 60.7389
      vertex 92 0 72
      vertex 48 0 61
    endloop
  endfacet
  facet normal 0 -1 0
    outer loop
      vertex 47.9319 0 60.4824
      vertex 92 0 72
      vertex 47.9829 0 60.7389
    endloop
  endfacet
  facet normal 0 -1 0
    outer loop
      vertex 47.8478 0 60.2346
      vertex 92 0 72
      vertex 47.9319 0 60.4824
    endloop
  endfacet
  facet normal 0 -1 0
    outer loop
      vertex 47.732 0 60
      vertex 92 0 72
      vertex 47.8478 0 60.2346
    endloop
  endfacet
  facet normal 0 -1 0
    outer loop
      vertex 47.5867 0 59.7825
      vertex 92 0 72
      vertex 47.732 0 60
    endloop
  endfacet
  facet normal 0 -1 0
    outer loop
      vertex 47.5867 0 12.2175
      vertex 47.5867 0 59.7825
      vertex 47.4142 0 59.5858
    endloop
  endfacet
  facet normal 0 -1 0
    outer loop
      vertex 47.4142 0 12.4142
      vertex 47.4142 0 59.5858
      vertex 47.2175 0 59.4133
    endloop
  endfacet
  facet normal 0 -1 0
    outer loop
      vertex 47.2175 0 12.5867
      vertex 47.2175 0 59.4133
      vertex 47 0 59.2679
    endloop
  endfacet
  facet normal 0 -1 0
    outer loop
      vertex 47 0 12.732
      vertex 47 0 59.2679
      vertex 46.7654 0 59.1522
    endloop
  endfacet
  facet normal 0 -1 0
    outer loop
      vertex 46.7654 0 12.8478
      vertex 46.7654 0 59.1522
      vertex 46.5176 0 59.0681
    endloop
  endfacet
  facet normal 0 -1 0
    outer loop
      vertex 46 0 13
      vertex 46.2611 0 59.0171
      vertex 46 0 59
    endloop
  endfacet
  facet normal 0 -1 0
    outer loop
      vertex 46.2611 0 12.9829
      vertex 46.2611 0 59.0171
      vertex 46 0 13
    endloop
  endfacet
  facet normal 0 -1 0
    outer loop
      vertex 46.2611 0 59.0171
      vertex 46.2611 0 12.9829
      vertex 46.5176 0 59.0681
    endloop
  endfacet
  facet normal 0 -1 0
    outer loop
      vertex 46.5176 0 12.9319
      vertex 46.5176 0 59.0681
      vertex 46.2611 0 12.9829
    endloop
  endfacet
  facet normal 0 -1 0
    outer loop
      vertex 46.7654 0 12.8478
      vertex 46.5176 0 59.0681
      vertex 46.5176 0 12.9319
    endloop
  endfacet
  facet normal 0 -1 0
    outer loop
      vertex 46.7654 0 59.1522
      vertex 46.7654 0 12.8478
      vertex 47 0 12.732
    endloop
  endfacet
  facet normal 0 -1 0
    outer loop
      vertex 47 0 59.2679
      vertex 47 0 12.732
      vertex 47.2175 0 12.5867
    endloop
  endfacet
  facet normal 0 -1 0
    outer loop
      vertex 47.2175 0 59.4133
      vertex 47.2175 0 12.5867
      vertex 47.4142 0 12.4142
    endloop
  endfacet
  facet normal 0 -1 0
    outer loop
      vertex 47.4142 0 59.5858
      vertex 47.4142 0 12.4142
      vertex 47.5867 0 12.2175
    endloop
  endfacet
  facet normal 0 -1 0
    outer loop
      vertex 47.5867 0 59.7825
      vertex 47.5867 0 12.2175
      vertex 92 0 72
    endloop
  endfacet
  facet normal 0 -1 0
    outer loop
      vertex 92 0 0
      vertex 47.5867 0 12.2175
      vertex 47.732 0 12
    endloop
  endfacet
  facet normal 0 -1 0
    outer loop
      vertex 92 0 0
      vertex 47.732 0 12
      vertex 47.8478 0 11.7654
    endloop
  endfacet
  facet normal 0 -1 0
    outer loop
      vertex 92 0 0
      vertex 47.8478 0 11.7654
      vertex 47.9319 0 11.5176
    endloop
  endfacet
  facet normal 0 -1 0
    outer loop
      vertex 92 0 0
      vertex 47.9319 0 11.5176
      vertex 47.9829 0 11.2611
    endloop
  endfacet
  facet normal 0 -1 0
    outer loop
      vertex 92 0 0
      vertex 47.9829 0 11.2611
      vertex 48 0 11
    endloop
  endfacet
  facet normal 0 -1 0
    outer loop
      vertex 92 0 0
      vertex 48 0 11
      vertex 47.9829 0 10.7389
    endloop
  endfacet
  facet normal 0 -1 0
    outer loop
      vertex 92 0 0
      vertex 47.9829 0 10.7389
      vertex 47.9319 0 10.4824
    endloop
  endfacet
  facet normal 0 -1 0
    outer loop
      vertex 92 0 0
      vertex 47.9319 0 10.4824
      vertex 47.8478 0 10.2346
    endloop
  endfacet
  facet normal 0 -1 0
    outer loop
      vertex 92 0 0
      vertex 47.8478 0 10.2346
      vertex 47.732 0 10
    endloop
  endfacet
  facet normal 0 -1 0
    outer loop
      vertex 92 0 0
      vertex 47.732 0 10
      vertex 47.5867 0 9.78248
    endloop
  endfacet
  facet normal 0 -1 0
    outer loop
      vertex 92 0 0
      vertex 46 0 9
      vertex 0 0 0
    endloop
  endfacet
  facet normal 0 -1 0
    outer loop
      vertex 47.5867 0 12.2175
      vertex 92 0 0
      vertex 92 0 72
    endloop
  endfacet
  facet normal 0 -1 0
    outer loop
      vertex 47.4142 0 9.58579
      vertex 92 0 0
      vertex 47.5867 0 9.78248
    endloop
  endfacet
  facet normal 0 -1 0
    outer loop
      vertex 47.2175 0 9.41329
      vertex 92 0 0
      vertex 47.4142 0 9.58579
    endloop
  endfacet
  facet normal 0 -1 0
    outer loop
      vertex 47 0 9.26795
      vertex 92 0 0
      vertex 47.2175 0 9.41329
    endloop
  endfacet
  facet normal 0 -1 0
    outer loop
      vertex 46.7654 0 9.15224
      vertex 92 0 0
      vertex 47 0 9.26795
    endloop
  endfacet
  facet normal 0 -1 0
    outer loop
      vertex 46.5176 0 9.06815
      vertex 92 0 0
      vertex 46.7654 0 9.15224
    endloop
  endfacet
  facet normal 0 -1 0
    outer loop
      vertex 46.2611 0 9.01711
      vertex 92 0 0
      vertex 46.5176 0 9.06815
    endloop
  endfacet
  facet normal 0 -1 0
    outer loop
      vertex 46 0 9
      vertex 92 0 0
      vertex 46.2611 0 9.01711
    endloop
  endfacet
  facet normal 0.19502 0.980799 -0
    outer loop
      vertex 11.2821 21.5471 45
      vertex 10.5765 21.6874 54
      vertex 11.2821 21.5471 54
    endloop
  endfacet
  facet normal 0.19502 0.980799 0
    outer loop
      vertex 10.5765 21.6874 54
      vertex 11.2821 21.5471 45
      vertex 10.5765 21.6874 45
    endloop
  endfacet
  facet normal -0.997855 -0.0654673 0
    outer loop
      vertex 17.5 27 45
      vertex 17.4529 27.7179 54
      vertex 17.4529 27.7179 45
    endloop
  endfacet
  facet normal -0.997855 -0.0654673 0
    outer loop
      vertex 17.4529 27.7179 54
      vertex 17.5 27 45
      vertex 17.5 27 54
    endloop
  endfacet
  facet normal -0.659301 -0.751879 0
    outer loop
      vertex 15.3482 31.3634 45
      vertex 15.8891 30.8891 54
      vertex 15.3482 31.3634 54
    endloop
  endfacet
  facet normal -0.659301 -0.751879 -0
    outer loop
      vertex 15.8891 30.8891 54
      vertex 15.3482 31.3634 45
      vertex 15.8891 30.8891 45
    endloop
  endfacet
  facet normal -0.19502 -0.980799 0
    outer loop
      vertex 12.7179 32.4529 45
      vertex 13.4235 32.3126 54
      vertex 12.7179 32.4529 54
    endloop
  endfacet
  facet normal -0.19502 -0.980799 -0
    outer loop
      vertex 13.4235 32.3126 54
      vertex 12.7179 32.4529 45
      vertex 13.4235 32.3126 45
    endloop
  endfacet
  facet normal -0.89686 -0.442314 0
    outer loop
      vertex 17.0813 29.1048 45
      vertex 16.7631 29.75 54
      vertex 16.7631 29.75 45
    endloop
  endfacet
  facet normal -0.89686 -0.442314 0
    outer loop
      vertex 16.7631 29.75 54
      vertex 17.0813 29.1048 45
      vertex 17.0813 29.1048 54
    endloop
  endfacet
  facet normal -0.442314 0.89686 0
    outer loop
      vertex 14.75 22.2369 45
      vertex 14.1048 21.9187 54
      vertex 14.75 22.2369 54
    endloop
  endfacet
  facet normal -0.442314 0.89686 0
    outer loop
      vertex 14.1048 21.9187 54
      vertex 14.75 22.2369 45
      vertex 14.1048 21.9187 45
    endloop
  endfacet
  facet normal -0.555566 -0.831472 0
    outer loop
      vertex 14.75 31.7631 45
      vertex 15.3482 31.3634 54
      vertex 14.75 31.7631 54
    endloop
  endfacet
  facet normal -0.555566 -0.831472 -0
    outer loop
      vertex 15.3482 31.3634 54
      vertex 14.75 31.7631 45
      vertex 15.3482 31.3634 45
    endloop
  endfacet
  facet normal 0.442292 0.896871 -0
    outer loop
      vertex 9.89524 21.9187 45
      vertex 9.25 22.2369 54
      vertex 9.89524 21.9187 54
    endloop
  endfacet
  facet normal 0.442292 0.896871 0
    outer loop
      vertex 9.25 22.2369 54
      vertex 9.89524 21.9187 45
      vertex 9.25 22.2369 45
    endloop
  endfacet
  facet normal 0.946939 0.321414 0
    outer loop
      vertex 6.91866 24.8952 54
      vertex 6.68741 25.5765 45
      vertex 6.68741 25.5765 54
    endloop
  endfacet
  facet normal 0.946939 0.321414 0
    outer loop
      vertex 6.68741 25.5765 45
      vertex 6.91866 24.8952 54
      vertex 6.91866 24.8952 45
    endloop
  endfacet
  facet normal -0.751879 0.659301 0
    outer loop
      vertex 15.8891 23.1109 45
      vertex 16.3634 23.6518 54
      vertex 16.3634 23.6518 45
    endloop
  endfacet
  facet normal -0.751879 0.659301 0
    outer loop
      vertex 16.3634 23.6518 54
      vertex 15.8891 23.1109 45
      vertex 15.8891 23.1109 54
    endloop
  endfacet
  facet normal 0.89686 -0.442314 0
    outer loop
      vertex 6.91866 29.1048 54
      vertex 7.23686 29.75 45
      vertex 7.23686 29.75 54
    endloop
  endfacet
  facet normal 0.89686 -0.442314 0
    outer loop
      vertex 7.23686 29.75 45
      vertex 6.91866 29.1048 54
      vertex 6.91866 29.1048 45
    endloop
  endfacet
  facet normal 0.555572 0.831468 -0
    outer loop
      vertex 9.25 22.2369 45
      vertex 8.65181 22.6366 54
      vertex 9.25 22.2369 54
    endloop
  endfacet
  facet normal 0.555572 0.831468 0
    outer loop
      vertex 8.65181 22.6366 54
      vertex 9.25 22.2369 45
      vertex 8.65181 22.6366 45
    endloop
  endfacet
  facet normal -0.946918 -0.321477 0
    outer loop
      vertex 17.3126 28.4235 45
      vertex 17.0813 29.1048 54
      vertex 17.0813 29.1048 45
    endloop
  endfacet
  facet normal -0.946918 -0.321477 0
    outer loop
      vertex 17.0813 29.1048 54
      vertex 17.3126 28.4235 45
      vertex 17.3126 28.4235 54
    endloop
  endfacet
  facet normal 0.659301 0.751879 -0
    outer loop
      vertex 8.65181 22.6366 45
      vertex 8.11091 23.1109 54
      vertex 8.65181 22.6366 54
    endloop
  endfacet
  facet normal 0.659301 0.751879 0
    outer loop
      vertex 8.11091 23.1109 54
      vertex 8.65181 22.6366 45
      vertex 8.11091 23.1109 45
    endloop
  endfacet
  facet normal -0.751879 -0.659301 0
    outer loop
      vertex 16.3634 30.3482 45
      vertex 15.8891 30.8891 54
      vertex 15.8891 30.8891 45
    endloop
  endfacet
  facet normal -0.751879 -0.659301 0
    outer loop
      vertex 15.8891 30.8891 54
      vertex 16.3634 30.3482 45
      vertex 16.3634 30.3482 54
    endloop
  endfacet
  facet normal 0.659301 -0.751879 0
    outer loop
      vertex 8.11091 30.8891 45
      vertex 8.65181 31.3634 54
      vertex 8.11091 30.8891 54
    endloop
  endfacet
  facet normal 0.659301 -0.751879 0
    outer loop
      vertex 8.65181 31.3634 54
      vertex 8.11091 30.8891 45
      vertex 8.65181 31.3634 45
    endloop
  endfacet
  facet normal -0.321477 -0.946918 0
    outer loop
      vertex 13.4235 32.3126 45
      vertex 14.1048 32.0813 54
      vertex 13.4235 32.3126 54
    endloop
  endfacet
  facet normal -0.321477 -0.946918 -0
    outer loop
      vertex 14.1048 32.0813 54
      vertex 13.4235 32.3126 45
      vertex 14.1048 32.0813 45
    endloop
  endfacet
  facet normal 0.980783 0.1951 0
    outer loop
      vertex 6.68741 25.5765 54
      vertex 6.54705 26.2821 45
      vertex 6.54705 26.2821 54
    endloop
  endfacet
  facet normal 0.980783 0.1951 0
    outer loop
      vertex 6.54705 26.2821 45
      vertex 6.68741 25.5765 54
      vertex 6.68741 25.5765 45
    endloop
  endfacet
  facet normal -0.980799 -0.19502 0
    outer loop
      vertex 17.4529 27.7179 45
      vertex 17.3126 28.4235 54
      vertex 17.3126 28.4235 45
    endloop
  endfacet
  facet normal -0.980799 -0.19502 0
    outer loop
      vertex 17.3126 28.4235 54
      vertex 17.4529 27.7179 45
      vertex 17.4529 27.7179 54
    endloop
  endfacet
  facet normal -0.946918 0.321477 0
    outer loop
      vertex 17.0813 24.8952 45
      vertex 17.3126 25.5765 54
      vertex 17.3126 25.5765 45
    endloop
  endfacet
  facet normal -0.946918 0.321477 0
    outer loop
      vertex 17.3126 25.5765 54
      vertex 17.0813 24.8952 45
      vertex 17.0813 24.8952 54
    endloop
  endfacet
  facet normal -0.997855 0.0654673 0
    outer loop
      vertex 17.4529 26.2821 45
      vertex 17.5 27 54
      vertex 17.5 27 45
    endloop
  endfacet
  facet normal -0.997855 0.0654673 0
    outer loop
      vertex 17.5 27 54
      vertex 17.4529 26.2821 45
      vertex 17.4529 26.2821 54
    endloop
  endfacet
  facet normal -0.831472 -0.555566 0
    outer loop
      vertex 16.7631 29.75 45
      vertex 16.3634 30.3482 54
      vertex 16.3634 30.3482 45
    endloop
  endfacet
  facet normal -0.831472 -0.555566 0
    outer loop
      vertex 16.3634 30.3482 54
      vertex 16.7631 29.75 45
      vertex 16.7631 29.75 54
    endloop
  endfacet
  facet normal -0.442314 -0.89686 0
    outer loop
      vertex 14.1048 32.0813 45
      vertex 14.75 31.7631 54
      vertex 14.1048 32.0813 54
    endloop
  endfacet
  facet normal -0.442314 -0.89686 -0
    outer loop
      vertex 14.75 31.7631 54
      vertex 14.1048 32.0813 45
      vertex 14.75 31.7631 45
    endloop
  endfacet
  facet normal 0.89686 0.442314 0
    outer loop
      vertex 7.23686 24.25 54
      vertex 6.91866 24.8952 45
      vertex 6.91866 24.8952 54
    endloop
  endfacet
  facet normal 0.89686 0.442314 0
    outer loop
      vertex 6.91866 24.8952 45
      vertex 7.23686 24.25 54
      vertex 7.23686 24.25 45
    endloop
  endfacet
  facet normal -0.321477 0.946918 0
    outer loop
      vertex 14.1048 21.9187 45
      vertex 13.4235 21.6874 54
      vertex 14.1048 21.9187 54
    endloop
  endfacet
  facet normal -0.321477 0.946918 0
    outer loop
      vertex 13.4235 21.6874 54
      vertex 14.1048 21.9187 45
      vertex 13.4235 21.6874 45
    endloop
  endfacet
  facet normal -0.831472 0.555566 0
    outer loop
      vertex 16.3634 23.6518 45
      vertex 16.7631 24.25 54
      vertex 16.7631 24.25 45
    endloop
  endfacet
  facet normal -0.831472 0.555566 0
    outer loop
      vertex 16.7631 24.25 54
      vertex 16.3634 23.6518 45
      vertex 16.3634 23.6518 54
    endloop
  endfacet
  facet normal 0.555572 -0.831468 0
    outer loop
      vertex 8.65181 31.3634 45
      vertex 9.25 31.7631 54
      vertex 8.65181 31.3634 54
    endloop
  endfacet
  facet normal 0.555572 -0.831468 0
    outer loop
      vertex 9.25 31.7631 54
      vertex 8.65181 31.3634 45
      vertex 9.25 31.7631 45
    endloop
  endfacet
  facet normal -0.89686 0.442314 0
    outer loop
      vertex 16.7631 24.25 45
      vertex 17.0813 24.8952 54
      vertex 17.0813 24.8952 45
    endloop
  endfacet
  facet normal -0.89686 0.442314 0
    outer loop
      vertex 17.0813 24.8952 54
      vertex 16.7631 24.25 45
      vertex 16.7631 24.25 54
    endloop
  endfacet
  facet normal 0.442292 -0.896871 0
    outer loop
      vertex 9.25 31.7631 45
      vertex 9.89524 32.0813 54
      vertex 9.25 31.7631 54
    endloop
  endfacet
  facet normal 0.442292 -0.896871 0
    outer loop
      vertex 9.89524 32.0813 54
      vertex 9.25 31.7631 45
      vertex 9.89524 32.0813 45
    endloop
  endfacet
  facet normal 0.751844 -0.659341 0
    outer loop
      vertex 7.63656 30.3482 54
      vertex 8.11091 30.8891 45
      vertex 8.11091 30.8891 54
    endloop
  endfacet
  facet normal 0.751844 -0.659341 0
    outer loop
      vertex 8.11091 30.8891 45
      vertex 7.63656 30.3482 54
      vertex 7.63656 30.3482 45
    endloop
  endfacet
  facet normal 0.321494 0.946912 -0
    outer loop
      vertex 10.5765 21.6874 45
      vertex 9.89524 21.9187 54
      vertex 10.5765 21.6874 54
    endloop
  endfacet
  facet normal 0.321494 0.946912 0
    outer loop
      vertex 9.89524 21.9187 54
      vertex 10.5765 21.6874 45
      vertex 9.89524 21.9187 45
    endloop
  endfacet
  facet normal -0.659301 0.751879 0
    outer loop
      vertex 15.8891 23.1109 45
      vertex 15.3482 22.6366 54
      vertex 15.8891 23.1109 54
    endloop
  endfacet
  facet normal -0.659301 0.751879 0
    outer loop
      vertex 15.3482 22.6366 54
      vertex 15.8891 23.1109 45
      vertex 15.3482 22.6366 45
    endloop
  endfacet
  facet normal 0.997859 0.0653981 0
    outer loop
      vertex 6.54705 26.2821 54
      vertex 6.5 27 45
      vertex 6.5 27 54
    endloop
  endfacet
  facet normal 0.997859 0.0653981 0
    outer loop
      vertex 6.5 27 45
      vertex 6.54705 26.2821 54
      vertex 6.54705 26.2821 45
    endloop
  endfacet
  facet normal -0.555566 0.831472 0
    outer loop
      vertex 15.3482 22.6366 45
      vertex 14.75 22.2369 54
      vertex 15.3482 22.6366 54
    endloop
  endfacet
  facet normal -0.555566 0.831472 0
    outer loop
      vertex 14.75 22.2369 54
      vertex 15.3482 22.6366 45
      vertex 14.75 22.2369 45
    endloop
  endfacet
  facet normal 0.946939 -0.321414 0
    outer loop
      vertex 6.68741 28.4235 54
      vertex 6.91866 29.1048 45
      vertex 6.91866 29.1048 54
    endloop
  endfacet
  facet normal 0.946939 -0.321414 0
    outer loop
      vertex 6.91866 29.1048 45
      vertex 6.68741 28.4235 54
      vertex 6.68741 28.4235 45
    endloop
  endfacet
  facet normal -0.19502 0.980799 0
    outer loop
      vertex 13.4235 21.6874 45
      vertex 12.7179 21.5471 54
      vertex 13.4235 21.6874 54
    endloop
  endfacet
  facet normal -0.19502 0.980799 0
    outer loop
      vertex 12.7179 21.5471 54
      vertex 13.4235 21.6874 45
      vertex 12.7179 21.5471 45
    endloop
  endfacet
  facet normal 0.980783 -0.1951 0
    outer loop
      vertex 6.54705 27.7179 54
      vertex 6.68741 28.4235 45
      vertex 6.68741 28.4235 54
    endloop
  endfacet
  facet normal 0.980783 -0.1951 0
    outer loop
      vertex 6.68741 28.4235 45
      vertex 6.54705 27.7179 54
      vertex 6.54705 27.7179 45
    endloop
  endfacet
  facet normal 0.19502 -0.980799 0
    outer loop
      vertex 10.5765 32.3126 45
      vertex 11.2821 32.4529 54
      vertex 10.5765 32.3126 54
    endloop
  endfacet
  facet normal 0.19502 -0.980799 0
    outer loop
      vertex 11.2821 32.4529 54
      vertex 10.5765 32.3126 45
      vertex 11.2821 32.4529 45
    endloop
  endfacet
  facet normal 0.0654673 -0.997855 0
    outer loop
      vertex 11.2821 32.4529 45
      vertex 12 32.5 54
      vertex 11.2821 32.4529 54
    endloop
  endfacet
  facet normal 0.0654673 -0.997855 0
    outer loop
      vertex 12 32.5 54
      vertex 11.2821 32.4529 45
      vertex 12 32.5 45
    endloop
  endfacet
  facet normal 0.321494 -0.946912 0
    outer loop
      vertex 9.89524 32.0813 45
      vertex 10.5765 32.3126 54
      vertex 9.89524 32.0813 54
    endloop
  endfacet
  facet normal 0.321494 -0.946912 0
    outer loop
      vertex 10.5765 32.3126 54
      vertex 9.89524 32.0813 45
      vertex 10.5765 32.3126 45
    endloop
  endfacet
  facet normal 0.831472 0.555566 0
    outer loop
      vertex 7.63656 23.6518 54
      vertex 7.23686 24.25 45
      vertex 7.23686 24.25 54
    endloop
  endfacet
  facet normal 0.831472 0.555566 0
    outer loop
      vertex 7.23686 24.25 45
      vertex 7.63656 23.6518 54
      vertex 7.63656 23.6518 45
    endloop
  endfacet
  facet normal 0.997859 -0.0653981 0
    outer loop
      vertex 6.5 27 54
      vertex 6.54705 27.7179 45
      vertex 6.54705 27.7179 54
    endloop
  endfacet
  facet normal 0.997859 -0.0653981 0
    outer loop
      vertex 6.54705 27.7179 45
      vertex 6.5 27 54
      vertex 6.5 27 45
    endloop
  endfacet
  facet normal -0.980799 0.19502 0
    outer loop
      vertex 17.3126 25.5765 45
      vertex 17.4529 26.2821 54
      vertex 17.4529 26.2821 45
    endloop
  endfacet
  facet normal -0.980799 0.19502 0
    outer loop
      vertex 17.4529 26.2821 54
      vertex 17.3126 25.5765 45
      vertex 17.3126 25.5765 54
    endloop
  endfacet
  facet normal -0.0654673 -0.997855 0
    outer loop
      vertex 12 32.5 45
      vertex 12.7179 32.4529 54
      vertex 12 32.5 54
    endloop
  endfacet
  facet normal -0.0654673 -0.997855 -0
    outer loop
      vertex 12.7179 32.4529 54
      vertex 12 32.5 45
      vertex 12.7179 32.4529 45
    endloop
  endfacet
  facet normal 0.831472 -0.555566 0
    outer loop
      vertex 7.23686 29.75 54
      vertex 7.63656 30.3482 45
      vertex 7.63656 30.3482 54
    endloop
  endfacet
  facet normal 0.831472 -0.555566 0
    outer loop
      vertex 7.63656 30.3482 45
      vertex 7.23686 29.75 54
      vertex 7.23686 29.75 45
    endloop
  endfacet
  facet normal -0.0654673 0.997855 0
    outer loop
      vertex 12.7179 21.5471 45
      vertex 12 21.5 54
      vertex 12.7179 21.5471 54
    endloop
  endfacet
  facet normal -0.0654673 0.997855 0
    outer loop
      vertex 12 21.5 54
      vertex 12.7179 21.5471 45
      vertex 12 21.5 45
    endloop
  endfacet
  facet normal 0.0654673 0.997855 -0
    outer loop
      vertex 12 21.5 45
      vertex 11.2821 21.5471 54
      vertex 12 21.5 54
    endloop
  endfacet
  facet normal 0.0654673 0.997855 0
    outer loop
      vertex 11.2821 21.5471 54
      vertex 12 21.5 45
      vertex 11.2821 21.5471 45
    endloop
  endfacet
  facet normal 0.751844 0.659341 0
    outer loop
      vertex 8.11091 23.1109 54
      vertex 7.63656 23.6518 45
      vertex 7.63656 23.6518 54
    endloop
  endfacet
  facet normal 0.751844 0.659341 0
    outer loop
      vertex 7.63656 23.6518 45
      vertex 8.11091 23.1109 54
      vertex 8.11091 23.1109 45
    endloop
  endfacet
  facet normal -0.89686 0.442314 0
    outer loop
      vertex 32.7631 24.25 45
      vertex 33.0813 24.8952 54
      vertex 33.0813 24.8952 45
    endloop
  endfacet
  facet normal -0.89686 0.442314 0
    outer loop
      vertex 33.0813 24.8952 54
      vertex 32.7631 24.25 45
      vertex 32.7631 24.25 54
    endloop
  endfacet
  facet normal -0.980799 -0.19502 0
    outer loop
      vertex 33.4529 27.7179 45
      vertex 33.3126 28.4235 54
      vertex 33.3126 28.4235 45
    endloop
  endfacet
  facet normal -0.980799 -0.19502 0
    outer loop
      vertex 33.3126 28.4235 54
      vertex 33.4529 27.7179 45
      vertex 33.4529 27.7179 54
    endloop
  endfacet
  facet normal -0.997855 -0.0654673 0
    outer loop
      vertex 33.5 27 45
      vertex 33.4529 27.7179 54
      vertex 33.4529 27.7179 45
    endloop
  endfacet
  facet normal -0.997855 -0.0654673 0
    outer loop
      vertex 33.4529 27.7179 54
      vertex 33.5 27 45
      vertex 33.5 27 54
    endloop
  endfacet
  facet normal -0.946918 -0.321477 0
    outer loop
      vertex 33.3126 28.4235 45
      vertex 33.0813 29.1048 54
      vertex 33.0813 29.1048 45
    endloop
  endfacet
  facet normal -0.946918 -0.321477 0
    outer loop
      vertex 33.0813 29.1048 54
      vertex 33.3126 28.4235 45
      vertex 33.3126 28.4235 54
    endloop
  endfacet
  facet normal -0.980799 0.19502 0
    outer loop
      vertex 33.3126 25.5765 45
      vertex 33.4529 26.2821 54
      vertex 33.4529 26.2821 45
    endloop
  endfacet
  facet normal -0.980799 0.19502 0
    outer loop
      vertex 33.4529 26.2821 54
      vertex 33.3126 25.5765 45
      vertex 33.3126 25.5765 54
    endloop
  endfacet
  facet normal -0.89686 -0.442314 0
    outer loop
      vertex 33.0813 29.1048 45
      vertex 32.7631 29.75 54
      vertex 32.7631 29.75 45
    endloop
  endfacet
  facet normal -0.89686 -0.442314 0
    outer loop
      vertex 32.7631 29.75 54
      vertex 33.0813 29.1048 45
      vertex 33.0813 29.1048 54
    endloop
  endfacet
  facet normal 0.946918 -0.321477 0
    outer loop
      vertex 22.6874 28.4235 54
      vertex 22.9187 29.1048 45
      vertex 22.9187 29.1048 54
    endloop
  endfacet
  facet normal 0.946918 -0.321477 0
    outer loop
      vertex 22.9187 29.1048 45
      vertex 22.6874 28.4235 54
      vertex 22.6874 28.4235 45
    endloop
  endfacet
  facet normal -0.831472 0.555566 0
    outer loop
      vertex 32.3634 23.6518 45
      vertex 32.7631 24.25 54
      vertex 32.7631 24.25 45
    endloop
  endfacet
  facet normal -0.831472 0.555566 0
    outer loop
      vertex 32.7631 24.25 54
      vertex 32.3634 23.6518 45
      vertex 32.3634 23.6518 54
    endloop
  endfacet
  facet normal 0.89686 -0.442314 0
    outer loop
      vertex 22.9187 29.1048 54
      vertex 23.2369 29.75 45
      vertex 23.2369 29.75 54
    endloop
  endfacet
  facet normal 0.89686 -0.442314 0
    outer loop
      vertex 23.2369 29.75 45
      vertex 22.9187 29.1048 54
      vertex 22.9187 29.1048 45
    endloop
  endfacet
  facet normal -0.321477 -0.946918 0
    outer loop
      vertex 29.4235 32.3126 45
      vertex 30.1048 32.0813 54
      vertex 29.4235 32.3126 54
    endloop
  endfacet
  facet normal -0.321477 -0.946918 -0
    outer loop
      vertex 30.1048 32.0813 54
      vertex 29.4235 32.3126 45
      vertex 30.1048 32.0813 45
    endloop
  endfacet
  facet normal 0.0654673 -0.997855 0
    outer loop
      vertex 27.2821 32.4529 45
      vertex 28 32.5 54
      vertex 27.2821 32.4529 54
    endloop
  endfacet
  facet normal 0.0654673 -0.997855 0
    outer loop
      vertex 28 32.5 54
      vertex 27.2821 32.4529 45
      vertex 28 32.5 45
    endloop
  endfacet
  facet normal 0.555566 -0.831472 0
    outer loop
      vertex 24.6518 31.3634 45
      vertex 25.25 31.7631 54
      vertex 24.6518 31.3634 54
    endloop
  endfacet
  facet normal 0.555566 -0.831472 0
    outer loop
      vertex 25.25 31.7631 54
      vertex 24.6518 31.3634 45
      vertex 25.25 31.7631 45
    endloop
  endfacet
  facet normal -0.442314 -0.89686 0
    outer loop
      vertex 30.1048 32.0813 45
      vertex 30.75 31.7631 54
      vertex 30.1048 32.0813 54
    endloop
  endfacet
  facet normal -0.442314 -0.89686 -0
    outer loop
      vertex 30.75 31.7631 54
      vertex 30.1048 32.0813 45
      vertex 30.75 31.7631 45
    endloop
  endfacet
  facet normal -0.659301 -0.751879 0
    outer loop
      vertex 31.3482 31.3634 45
      vertex 31.8891 30.8891 54
      vertex 31.3482 31.3634 54
    endloop
  endfacet
  facet normal -0.659301 -0.751879 -0
    outer loop
      vertex 31.8891 30.8891 54
      vertex 31.3482 31.3634 45
      vertex 31.8891 30.8891 45
    endloop
  endfacet
  facet normal 0.89686 0.442314 0
    outer loop
      vertex 23.2369 24.25 54
      vertex 22.9187 24.8952 45
      vertex 22.9187 24.8952 54
    endloop
  endfacet
  facet normal 0.89686 0.442314 0
    outer loop
      vertex 22.9187 24.8952 45
      vertex 23.2369 24.25 54
      vertex 23.2369 24.25 45
    endloop
  endfacet
  facet normal 0.997855 -0.0654673 0
    outer loop
      vertex 22.5 27 54
      vertex 22.5471 27.7179 45
      vertex 22.5471 27.7179 54
    endloop
  endfacet
  facet normal 0.997855 -0.0654673 0
    outer loop
      vertex 22.5471 27.7179 45
      vertex 22.5 27 54
      vertex 22.5 27 45
    endloop
  endfacet
  facet normal -0.659301 0.751879 0
    outer loop
      vertex 31.8891 23.1109 45
      vertex 31.3482 22.6366 54
      vertex 31.8891 23.1109 54
    endloop
  endfacet
  facet normal -0.659301 0.751879 0
    outer loop
      vertex 31.3482 22.6366 54
      vertex 31.8891 23.1109 45
      vertex 31.3482 22.6366 45
    endloop
  endfacet
  facet normal 0.659301 0.751879 -0
    outer loop
      vertex 24.6518 22.6366 45
      vertex 24.1109 23.1109 54
      vertex 24.6518 22.6366 54
    endloop
  endfacet
  facet normal 0.659301 0.751879 0
    outer loop
      vertex 24.1109 23.1109 54
      vertex 24.6518 22.6366 45
      vertex 24.1109 23.1109 45
    endloop
  endfacet
  facet normal 0.751879 -0.659301 0
    outer loop
      vertex 23.6366 30.3482 54
      vertex 24.1109 30.8891 45
      vertex 24.1109 30.8891 54
    endloop
  endfacet
  facet normal 0.751879 -0.659301 0
    outer loop
      vertex 24.1109 30.8891 45
      vertex 23.6366 30.3482 54
      vertex 23.6366 30.3482 45
    endloop
  endfacet
  facet normal 0.442314 -0.89686 0
    outer loop
      vertex 25.25 31.7631 45
      vertex 25.8952 32.0813 54
      vertex 25.25 31.7631 54
    endloop
  endfacet
  facet normal 0.442314 -0.89686 0
    outer loop
      vertex 25.8952 32.0813 54
      vertex 25.25 31.7631 45
      vertex 25.8952 32.0813 45
    endloop
  endfacet
  facet normal 0.831472 -0.555566 0
    outer loop
      vertex 23.2369 29.75 54
      vertex 23.6366 30.3482 45
      vertex 23.6366 30.3482 54
    endloop
  endfacet
  facet normal 0.831472 -0.555566 0
    outer loop
      vertex 23.6366 30.3482 45
      vertex 23.2369 29.75 54
      vertex 23.2369 29.75 45
    endloop
  endfacet
  facet normal -0.19502 -0.980799 0
    outer loop
      vertex 28.7179 32.4529 45
      vertex 29.4235 32.3126 54
      vertex 28.7179 32.4529 54
    endloop
  endfacet
  facet normal -0.19502 -0.980799 -0
    outer loop
      vertex 29.4235 32.3126 54
      vertex 28.7179 32.4529 45
      vertex 29.4235 32.3126 45
    endloop
  endfacet
  facet normal -0.442314 0.89686 0
    outer loop
      vertex 30.75 22.2369 45
      vertex 30.1048 21.9187 54
      vertex 30.75 22.2369 54
    endloop
  endfacet
  facet normal -0.442314 0.89686 0
    outer loop
      vertex 30.1048 21.9187 54
      vertex 30.75 22.2369 45
      vertex 30.1048 21.9187 45
    endloop
  endfacet
  facet normal -0.997855 0.0654673 0
    outer loop
      vertex 33.4529 26.2821 45
      vertex 33.5 27 54
      vertex 33.5 27 45
    endloop
  endfacet
  facet normal -0.997855 0.0654673 0
    outer loop
      vertex 33.5 27 54
      vertex 33.4529 26.2821 45
      vertex 33.4529 26.2821 54
    endloop
  endfacet
  facet normal -0.321477 0.946918 0
    outer loop
      vertex 30.1048 21.9187 45
      vertex 29.4235 21.6874 54
      vertex 30.1048 21.9187 54
    endloop
  endfacet
  facet normal -0.321477 0.946918 0
    outer loop
      vertex 29.4235 21.6874 54
      vertex 30.1048 21.9187 45
      vertex 29.4235 21.6874 45
    endloop
  endfacet
  facet normal -0.555566 -0.831472 0
    outer loop
      vertex 30.75 31.7631 45
      vertex 31.3482 31.3634 54
      vertex 30.75 31.7631 54
    endloop
  endfacet
  facet normal -0.555566 -0.831472 -0
    outer loop
      vertex 31.3482 31.3634 54
      vertex 30.75 31.7631 45
      vertex 31.3482 31.3634 45
    endloop
  endfacet
  facet normal -0.831472 -0.555566 0
    outer loop
      vertex 32.7631 29.75 45
      vertex 32.3634 30.3482 54
      vertex 32.3634 30.3482 45
    endloop
  endfacet
  facet normal -0.831472 -0.555566 0
    outer loop
      vertex 32.3634 30.3482 54
      vertex 32.7631 29.75 45
      vertex 32.7631 29.75 54
    endloop
  endfacet
  facet normal -0.751879 0.659301 0
    outer loop
      vertex 31.8891 23.1109 45
      vertex 32.3634 23.6518 54
      vertex 32.3634 23.6518 45
    endloop
  endfacet
  facet normal -0.751879 0.659301 0
    outer loop
      vertex 32.3634 23.6518 54
      vertex 31.8891 23.1109 45
      vertex 31.8891 23.1109 54
    endloop
  endfacet
  facet normal -0.946918 0.321477 0
    outer loop
      vertex 33.0813 24.8952 45
      vertex 33.3126 25.5765 54
      vertex 33.3126 25.5765 45
    endloop
  endfacet
  facet normal -0.946918 0.321477 0
    outer loop
      vertex 33.3126 25.5765 54
      vertex 33.0813 24.8952 45
      vertex 33.0813 24.8952 54
    endloop
  endfacet
  facet normal 0.321477 -0.946918 0
    outer loop
      vertex 25.8952 32.0813 45
      vertex 26.5765 32.3126 54
      vertex 25.8952 32.0813 54
    endloop
  endfacet
  facet normal 0.321477 -0.946918 0
    outer loop
      vertex 26.5765 32.3126 54
      vertex 25.8952 32.0813 45
      vertex 26.5765 32.3126 45
    endloop
  endfacet
  facet normal -0.0654673 0.997855 0
    outer loop
      vertex 28.7179 21.5471 45
      vertex 28 21.5 54
      vertex 28.7179 21.5471 54
    endloop
  endfacet
  facet normal -0.0654673 0.997855 0
    outer loop
      vertex 28 21.5 54
      vertex 28.7179 21.5471 45
      vertex 28 21.5 45
    endloop
  endfacet
  facet normal 0.659301 -0.751879 0
    outer loop
      vertex 24.1109 30.8891 45
      vertex 24.6518 31.3634 54
      vertex 24.1109 30.8891 54
    endloop
  endfacet
  facet normal 0.659301 -0.751879 0
    outer loop
      vertex 24.6518 31.3634 54
      vertex 24.1109 30.8891 45
      vertex 24.6518 31.3634 45
    endloop
  endfacet
  facet normal 0.19502 0.980799 -0
    outer loop
      vertex 27.2821 21.5471 45
      vertex 26.5765 21.6874 54
      vertex 27.2821 21.5471 54
    endloop
  endfacet
  facet normal 0.19502 0.980799 0
    outer loop
      vertex 26.5765 21.6874 54
      vertex 27.2821 21.5471 45
      vertex 26.5765 21.6874 45
    endloop
  endfacet
  facet normal -0.751879 -0.659301 0
    outer loop
      vertex 32.3634 30.3482 45
      vertex 31.8891 30.8891 54
      vertex 31.8891 30.8891 45
    endloop
  endfacet
  facet normal -0.751879 -0.659301 0
    outer loop
      vertex 31.8891 30.8891 54
      vertex 32.3634 30.3482 45
      vertex 32.3634 30.3482 54
    endloop
  endfacet
  facet normal -0.19502 0.980799 0
    outer loop
      vertex 29.4235 21.6874 45
      vertex 28.7179 21.5471 54
      vertex 29.4235 21.6874 54
    endloop
  endfacet
  facet normal -0.19502 0.980799 0
    outer loop
      vertex 28.7179 21.5471 54
      vertex 29.4235 21.6874 45
      vertex 28.7179 21.5471 45
    endloop
  endfacet
  facet normal 0.946918 0.321477 0
    outer loop
      vertex 22.9187 24.8952 54
      vertex 22.6874 25.5765 45
      vertex 22.6874 25.5765 54
    endloop
  endfacet
  facet normal 0.946918 0.321477 0
    outer loop
      vertex 22.6874 25.5765 45
      vertex 22.9187 24.8952 54
      vertex 22.9187 24.8952 45
    endloop
  endfacet
  facet normal 0.831472 0.555566 0
    outer loop
      vertex 23.6366 23.6518 54
      vertex 23.2369 24.25 45
      vertex 23.2369 24.25 54
    endloop
  endfacet
  facet normal 0.831472 0.555566 0
    outer loop
      vertex 23.2369 24.25 45
      vertex 23.6366 23.6518 54
      vertex 23.6366 23.6518 45
    endloop
  endfacet
  facet normal -0.555566 0.831472 0
    outer loop
      vertex 31.3482 22.6366 45
      vertex 30.75 22.2369 54
      vertex 31.3482 22.6366 54
    endloop
  endfacet
  facet normal -0.555566 0.831472 0
    outer loop
      vertex 30.75 22.2369 54
      vertex 31.3482 22.6366 45
      vertex 30.75 22.2369 45
    endloop
  endfacet
  facet normal 0.19502 -0.980799 0
    outer loop
      vertex 26.5765 32.3126 45
      vertex 27.2821 32.4529 54
      vertex 26.5765 32.3126 54
    endloop
  endfacet
  facet normal 0.19502 -0.980799 0
    outer loop
      vertex 27.2821 32.4529 54
      vertex 26.5765 32.3126 45
      vertex 27.2821 32.4529 45
    endloop
  endfacet
  facet normal 0.980799 -0.19502 0
    outer loop
      vertex 22.5471 27.7179 54
      vertex 22.6874 28.4235 45
      vertex 22.6874 28.4235 54
    endloop
  endfacet
  facet normal 0.980799 -0.19502 0
    outer loop
      vertex 22.6874 28.4235 45
      vertex 22.5471 27.7179 54
      vertex 22.5471 27.7179 45
    endloop
  endfacet
  facet normal 0.980799 0.19502 0
    outer loop
      vertex 22.6874 25.5765 54
      vertex 22.5471 26.2821 45
      vertex 22.5471 26.2821 54
    endloop
  endfacet
  facet normal 0.980799 0.19502 0
    outer loop
      vertex 22.5471 26.2821 45
      vertex 22.6874 25.5765 54
      vertex 22.6874 25.5765 45
    endloop
  endfacet
  facet normal -0.0654673 -0.997855 0
    outer loop
      vertex 28 32.5 45
      vertex 28.7179 32.4529 54
      vertex 28 32.5 54
    endloop
  endfacet
  facet normal -0.0654673 -0.997855 -0
    outer loop
      vertex 28.7179 32.4529 54
      vertex 28 32.5 45
      vertex 28.7179 32.4529 45
    endloop
  endfacet
  facet normal 0.997855 0.0654673 0
    outer loop
      vertex 22.5471 26.2821 54
      vertex 22.5 27 45
      vertex 22.5 27 54
    endloop
  endfacet
  facet normal 0.997855 0.0654673 0
    outer loop
      vertex 22.5 27 45
      vertex 22.5471 26.2821 54
      vertex 22.5471 26.2821 45
    endloop
  endfacet
  facet normal 0.321477 0.946918 -0
    outer loop
      vertex 26.5765 21.6874 45
      vertex 25.8952 21.9187 54
      vertex 26.5765 21.6874 54
    endloop
  endfacet
  facet normal 0.321477 0.946918 0
    outer loop
      vertex 25.8952 21.9187 54
      vertex 26.5765 21.6874 45
      vertex 25.8952 21.9187 45
    endloop
  endfacet
  facet normal 0.555566 0.831472 -0
    outer loop
      vertex 25.25 22.2369 45
      vertex 24.6518 22.6366 54
      vertex 25.25 22.2369 54
    endloop
  endfacet
  facet normal 0.555566 0.831472 0
    outer loop
      vertex 24.6518 22.6366 54
      vertex 25.25 22.2369 45
      vertex 24.6518 22.6366 45
    endloop
  endfacet
  facet normal 0.751879 0.659301 0
    outer loop
      vertex 24.1109 23.1109 54
      vertex 23.6366 23.6518 45
      vertex 23.6366 23.6518 54
    endloop
  endfacet
  facet normal 0.751879 0.659301 0
    outer loop
      vertex 23.6366 23.6518 45
      vertex 24.1109 23.1109 54
      vertex 24.1109 23.1109 45
    endloop
  endfacet
  facet normal 0.0654673 0.997855 -0
    outer loop
      vertex 28 21.5 45
      vertex 27.2821 21.5471 54
      vertex 28 21.5 54
    endloop
  endfacet
  facet normal 0.0654673 0.997855 0
    outer loop
      vertex 27.2821 21.5471 54
      vertex 28 21.5 45
      vertex 27.2821 21.5471 45
    endloop
  endfacet
  facet normal 0.442314 0.89686 -0
    outer loop
      vertex 25.8952 21.9187 45
      vertex 25.25 22.2369 54
      vertex 25.8952 21.9187 54
    endloop
  endfacet
  facet normal 0.442314 0.89686 0
    outer loop
      vertex 25.25 22.2369 54
      vertex 25.8952 21.9187 45
      vertex 25.25 22.2369 45
    endloop
  endfacet
  facet normal -0.89686 0.442314 0
    outer loop
      vertex 48.7631 24.25 45
      vertex 49.0813 24.8952 54
      vertex 49.0813 24.8952 45
    endloop
  endfacet
  facet normal -0.89686 0.442314 0
    outer loop
      vertex 49.0813 24.8952 54
      vertex 48.7631 24.25 45
      vertex 48.7631 24.25 54
    endloop
  endfacet
  facet normal -0.980799 -0.19502 0
    outer loop
      vertex 49.4529 27.7179 45
      vertex 49.3126 28.4235 54
      vertex 49.3126 28.4235 45
    endloop
  endfacet
  facet normal -0.980799 -0.19502 0
    outer loop
      vertex 49.3126 28.4235 54
      vertex 49.4529 27.7179 45
      vertex 49.4529 27.7179 54
    endloop
  endfacet
  facet normal -0.997855 -0.0654673 0
    outer loop
      vertex 49.5 27 45
      vertex 49.4529 27.7179 54
      vertex 49.4529 27.7179 45
    endloop
  endfacet
  facet normal -0.997855 -0.0654673 0
    outer loop
      vertex 49.4529 27.7179 54
      vertex 49.5 27 45
      vertex 49.5 27 54
    endloop
  endfacet
  facet normal -0.946918 -0.321477 0
    outer loop
      vertex 49.3126 28.4235 45
      vertex 49.0813 29.1048 54
      vertex 49.0813 29.1048 45
    endloop
  endfacet
  facet normal -0.946918 -0.321477 0
    outer loop
      vertex 49.0813 29.1048 54
      vertex 49.3126 28.4235 45
      vertex 49.3126 28.4235 54
    endloop
  endfacet
  facet normal -0.980799 0.19502 0
    outer loop
      vertex 49.3126 25.5765 45
      vertex 49.4529 26.2821 54
      vertex 49.4529 26.2821 45
    endloop
  endfacet
  facet normal -0.980799 0.19502 0
    outer loop
      vertex 49.4529 26.2821 54
      vertex 49.3126 25.5765 45
      vertex 49.3126 25.5765 54
    endloop
  endfacet
  facet normal -0.89686 -0.442314 0
    outer loop
      vertex 49.0813 29.1048 45
      vertex 48.7631 29.75 54
      vertex 48.7631 29.75 45
    endloop
  endfacet
  facet normal -0.89686 -0.442314 0
    outer loop
      vertex 48.7631 29.75 54
      vertex 49.0813 29.1048 45
      vertex 49.0813 29.1048 54
    endloop
  endfacet
  facet normal 0.946918 -0.321477 0
    outer loop
      vertex 38.6874 28.4235 54
      vertex 38.9187 29.1048 45
      vertex 38.9187 29.1048 54
    endloop
  endfacet
  facet normal 0.946918 -0.321477 0
    outer loop
      vertex 38.9187 29.1048 45
      vertex 38.6874 28.4235 54
      vertex 38.6874 28.4235 45
    endloop
  endfacet
  facet normal -0.831472 0.555566 0
    outer loop
      vertex 48.3634 23.6518 45
      vertex 48.7631 24.25 54
      vertex 48.7631 24.25 45
    endloop
  endfacet
  facet normal -0.831472 0.555566 0
    outer loop
      vertex 48.7631 24.25 54
      vertex 48.3634 23.6518 45
      vertex 48.3634 23.6518 54
    endloop
  endfacet
  facet normal -0.321477 -0.946918 0
    outer loop
      vertex 45.4235 32.3126 45
      vertex 46.1048 32.0813 54
      vertex 45.4235 32.3126 54
    endloop
  endfacet
  facet normal -0.321477 -0.946918 -0
    outer loop
      vertex 46.1048 32.0813 54
      vertex 45.4235 32.3126 45
      vertex 46.1048 32.0813 45
    endloop
  endfacet
  facet normal 0.555566 -0.831472 0
    outer loop
      vertex 40.6518 31.3634 45
      vertex 41.25 31.7631 54
      vertex 40.6518 31.3634 54
    endloop
  endfacet
  facet normal 0.555566 -0.831472 0
    outer loop
      vertex 41.25 31.7631 54
      vertex 40.6518 31.3634 45
      vertex 41.25 31.7631 45
    endloop
  endfacet
  facet normal 0.89686 -0.442314 0
    outer loop
      vertex 38.9187 29.1048 54
      vertex 39.2369 29.75 45
      vertex 39.2369 29.75 54
    endloop
  endfacet
  facet normal 0.89686 -0.442314 0
    outer loop
      vertex 39.2369 29.75 45
      vertex 38.9187 29.1048 54
      vertex 38.9187 29.1048 45
    endloop
  endfacet
  facet normal -0.442314 -0.89686 0
    outer loop
      vertex 46.1048 32.0813 45
      vertex 46.75 31.7631 54
      vertex 46.1048 32.0813 54
    endloop
  endfacet
  facet normal -0.442314 -0.89686 -0
    outer loop
      vertex 46.75 31.7631 54
      vertex 46.1048 32.0813 45
      vertex 46.75 31.7631 45
    endloop
  endfacet
  facet normal -0.659301 -0.751879 0
    outer loop
      vertex 47.3482 31.3634 45
      vertex 47.8891 30.8891 54
      vertex 47.3482 31.3634 54
    endloop
  endfacet
  facet normal -0.659301 -0.751879 -0
    outer loop
      vertex 47.8891 30.8891 54
      vertex 47.3482 31.3634 45
      vertex 47.8891 30.8891 45
    endloop
  endfacet
  facet normal 0.89686 0.442314 0
    outer loop
      vertex 39.2369 24.25 54
      vertex 38.9187 24.8952 45
      vertex 38.9187 24.8952 54
    endloop
  endfacet
  facet normal 0.89686 0.442314 0
    outer loop
      vertex 38.9187 24.8952 45
      vertex 39.2369 24.25 54
      vertex 39.2369 24.25 45
    endloop
  endfacet
  facet normal 0.997855 -0.0654673 0
    outer loop
      vertex 38.5 27 54
      vertex 38.5471 27.7179 45
      vertex 38.5471 27.7179 54
    endloop
  endfacet
  facet normal 0.997855 -0.0654673 0
    outer loop
      vertex 38.5471 27.7179 45
      vertex 38.5 27 54
      vertex 38.5 27 45
    endloop
  endfacet
  facet normal 0.659301 0.751879 -0
    outer loop
      vertex 40.6518 22.6366 45
      vertex 40.1109 23.1109 54
      vertex 40.6518 22.6366 54
    endloop
  endfacet
  facet normal 0.659301 0.751879 0
    outer loop
      vertex 40.1109 23.1109 54
      vertex 40.6518 22.6366 45
      vertex 40.1109 23.1109 45
    endloop
  endfacet
  facet normal 0.751879 -0.659301 0
    outer loop
      vertex 39.6366 30.3482 54
      vertex 40.1109 30.8891 45
      vertex 40.1109 30.8891 54
    endloop
  endfacet
  facet normal 0.751879 -0.659301 0
    outer loop
      vertex 40.1109 30.8891 45
      vertex 39.6366 30.3482 54
      vertex 39.6366 30.3482 45
    endloop
  endfacet
  facet normal 0.442314 -0.89686 0
    outer loop
      vertex 41.25 31.7631 45
      vertex 41.8952 32.0813 54
      vertex 41.25 31.7631 54
    endloop
  endfacet
  facet normal 0.442314 -0.89686 0
    outer loop
      vertex 41.8952 32.0813 54
      vertex 41.25 31.7631 45
      vertex 41.8952 32.0813 45
    endloop
  endfacet
  facet normal -0.19502 -0.980799 0
    outer loop
      vertex 44.7179 32.4529 45
      vertex 45.4235 32.3126 54
      vertex 44.7179 32.4529 54
    endloop
  endfacet
  facet normal -0.19502 -0.980799 -0
    outer loop
      vertex 45.4235 32.3126 54
      vertex 44.7179 32.4529 45
      vertex 45.4235 32.3126 45
    endloop
  endfacet
  facet normal -0.442314 0.89686 0
    outer loop
      vertex 46.75 22.2369 45
      vertex 46.1048 21.9187 54
      vertex 46.75 22.2369 54
    endloop
  endfacet
  facet normal -0.442314 0.89686 0
    outer loop
      vertex 46.1048 21.9187 54
      vertex 46.75 22.2369 45
      vertex 46.1048 21.9187 45
    endloop
  endfacet
  facet normal -0.997855 0.0654673 0
    outer loop
      vertex 49.4529 26.2821 45
      vertex 49.5 27 54
      vertex 49.5 27 45
    endloop
  endfacet
  facet normal -0.997855 0.0654673 0
    outer loop
      vertex 49.5 27 54
      vertex 49.4529 26.2821 45
      vertex 49.4529 26.2821 54
    endloop
  endfacet
  facet normal -0.321477 0.946918 0
    outer loop
      vertex 46.1048 21.9187 45
      vertex 45.4235 21.6874 54
      vertex 46.1048 21.9187 54
    endloop
  endfacet
  facet normal -0.321477 0.946918 0
    outer loop
      vertex 45.4235 21.6874 54
      vertex 46.1048 21.9187 45
      vertex 45.4235 21.6874 45
    endloop
  endfacet
  facet normal -0.555566 -0.831472 0
    outer loop
      vertex 46.75 31.7631 45
      vertex 47.3482 31.3634 54
      vertex 46.75 31.7631 54
    endloop
  endfacet
  facet normal -0.555566 -0.831472 -0
    outer loop
      vertex 47.3482 31.3634 54
      vertex 46.75 31.7631 45
      vertex 47.3482 31.3634 45
    endloop
  endfacet
  facet normal -0.831472 -0.555566 0
    outer loop
      vertex 48.7631 29.75 45
      vertex 48.3634 30.3482 54
      vertex 48.3634 30.3482 45
    endloop
  endfacet
  facet normal -0.831472 -0.555566 0
    outer loop
      vertex 48.3634 30.3482 54
      vertex 48.7631 29.75 45
      vertex 48.7631 29.75 54
    endloop
  endfacet
  facet normal -0.751879 0.659301 0
    outer loop
      vertex 47.8891 23.1109 45
      vertex 48.3634 23.6518 54
      vertex 48.3634 23.6518 45
    endloop
  endfacet
  facet normal -0.751879 0.659301 0
    outer loop
      vertex 48.3634 23.6518 54
      vertex 47.8891 23.1109 45
      vertex 47.8891 23.1109 54
    endloop
  endfacet
  facet normal -0.0654673 0.997855 0
    outer loop
      vertex 44.7179 21.5471 45
      vertex 44 21.5 54
      vertex 44.7179 21.5471 54
    endloop
  endfacet
  facet normal -0.0654673 0.997855 0
    outer loop
      vertex 44 21.5 54
      vertex 44.7179 21.5471 45
      vertex 44 21.5 45
    endloop
  endfacet
  facet normal -0.946918 0.321477 0
    outer loop
      vertex 49.0813 24.8952 45
      vertex 49.3126 25.5765 54
      vertex 49.3126 25.5765 45
    endloop
  endfacet
  facet normal -0.946918 0.321477 0
    outer loop
      vertex 49.3126 25.5765 54
      vertex 49.0813 24.8952 45
      vertex 49.0813 24.8952 54
    endloop
  endfacet
  facet normal 0.751879 0.659301 0
    outer loop
      vertex 40.1109 23.1109 54
      vertex 39.6366 23.6518 45
      vertex 39.6366 23.6518 54
    endloop
  endfacet
  facet normal 0.751879 0.659301 0
    outer loop
      vertex 39.6366 23.6518 45
      vertex 40.1109 23.1109 54
      vertex 40.1109 23.1109 45
    endloop
  endfacet
  facet normal 0.321477 -0.946918 0
    outer loop
      vertex 41.8952 32.0813 45
      vertex 42.5765 32.3126 54
      vertex 41.8952 32.0813 54
    endloop
  endfacet
  facet normal 0.321477 -0.946918 0
    outer loop
      vertex 42.5765 32.3126 54
      vertex 41.8952 32.0813 45
      vertex 42.5765 32.3126 45
    endloop
  endfacet
  facet normal 0.659301 -0.751879 0
    outer loop
      vertex 40.1109 30.8891 45
      vertex 40.6518 31.3634 54
      vertex 40.1109 30.8891 54
    endloop
  endfacet
  facet normal 0.659301 -0.751879 0
    outer loop
      vertex 40.6518 31.3634 54
      vertex 40.1109 30.8891 45
      vertex 40.6518 31.3634 45
    endloop
  endfacet
  facet normal 0.19502 0.980799 -0
    outer loop
      vertex 43.2821 21.5471 45
      vertex 42.5765 21.6874 54
      vertex 43.2821 21.5471 54
    endloop
  endfacet
  facet normal 0.19502 0.980799 0
    outer loop
      vertex 42.5765 21.6874 54
      vertex 43.2821 21.5471 45
      vertex 42.5765 21.6874 45
    endloop
  endfacet
  facet normal -0.751879 -0.659301 0
    outer loop
      vertex 48.3634 30.3482 45
      vertex 47.8891 30.8891 54
      vertex 47.8891 30.8891 45
    endloop
  endfacet
  facet normal -0.751879 -0.659301 0
    outer loop
      vertex 47.8891 30.8891 54
      vertex 48.3634 30.3482 45
      vertex 48.3634 30.3482 54
    endloop
  endfacet
  facet normal 0.442314 0.89686 -0
    outer loop
      vertex 41.8952 21.9187 45
      vertex 41.25 22.2369 54
      vertex 41.8952 21.9187 54
    endloop
  endfacet
  facet normal 0.442314 0.89686 0
    outer loop
      vertex 41.25 22.2369 54
      vertex 41.8952 21.9187 45
      vertex 41.25 22.2369 45
    endloop
  endfacet
  facet normal -0.19502 0.980799 0
    outer loop
      vertex 45.4235 21.6874 45
      vertex 44.7179 21.5471 54
      vertex 45.4235 21.6874 54
    endloop
  endfacet
  facet normal -0.19502 0.980799 0
    outer loop
      vertex 44.7179 21.5471 54
      vertex 45.4235 21.6874 45
      vertex 44.7179 21.5471 45
    endloop
  endfacet
  facet normal -0.659301 0.751879 0
    outer loop
      vertex 47.8891 23.1109 45
      vertex 47.3482 22.6366 54
      vertex 47.8891 23.1109 54
    endloop
  endfacet
  facet normal -0.659301 0.751879 0
    outer loop
      vertex 47.3482 22.6366 54
      vertex 47.8891 23.1109 45
      vertex 47.3482 22.6366 45
    endloop
  endfacet
  facet normal 0.555566 0.831472 -0
    outer loop
      vertex 41.25 22.2369 45
      vertex 40.6518 22.6366 54
      vertex 41.25 22.2369 54
    endloop
  endfacet
  facet normal 0.555566 0.831472 0
    outer loop
      vertex 40.6518 22.6366 54
      vertex 41.25 22.2369 45
      vertex 40.6518 22.6366 45
    endloop
  endfacet
  facet normal 0.321477 0.946918 -0
    outer loop
      vertex 42.5765 21.6874 45
      vertex 41.8952 21.9187 54
      vertex 42.5765 21.6874 54
    endloop
  endfacet
  facet normal 0.321477 0.946918 0
    outer loop
      vertex 41.8952 21.9187 54
      vertex 42.5765 21.6874 45
      vertex 41.8952 21.9187 45
    endloop
  endfacet
  facet normal 0.946918 0.321477 0
    outer loop
      vertex 38.9187 24.8952 54
      vertex 38.6874 25.5765 45
      vertex 38.6874 25.5765 54
    endloop
  endfacet
  facet normal 0.946918 0.321477 0
    outer loop
      vertex 38.6874 25.5765 45
      vertex 38.9187 24.8952 54
      vertex 38.9187 24.8952 45
    endloop
  endfacet
  facet normal -0.555566 0.831472 0
    outer loop
      vertex 47.3482 22.6366 45
      vertex 46.75 22.2369 54
      vertex 47.3482 22.6366 54
    endloop
  endfacet
  facet normal -0.555566 0.831472 0
    outer loop
      vertex 46.75 22.2369 54
      vertex 47.3482 22.6366 45
      vertex 46.75 22.2369 45
    endloop
  endfacet
  facet normal 0.19502 -0.980799 0
    outer loop
      vertex 42.5765 32.3126 45
      vertex 43.2821 32.4529 54
      vertex 42.5765 32.3126 54
    endloop
  endfacet
  facet normal 0.19502 -0.980799 0
    outer loop
      vertex 43.2821 32.4529 54
      vertex 42.5765 32.3126 45
      vertex 43.2821 32.4529 45
    endloop
  endfacet
  facet normal 0.980799 -0.19502 0
    outer loop
      vertex 38.5471 27.7179 54
      vertex 38.6874 28.4235 45
      vertex 38.6874 28.4235 54
    endloop
  endfacet
  facet normal 0.980799 -0.19502 0
    outer loop
      vertex 38.6874 28.4235 45
      vertex 38.5471 27.7179 54
      vertex 38.5471 27.7179 45
    endloop
  endfacet
  facet normal 0.980799 0.19502 0
    outer loop
      vertex 38.6874 25.5765 54
      vertex 38.5471 26.2821 45
      vertex 38.5471 26.2821 54
    endloop
  endfacet
  facet normal 0.980799 0.19502 0
    outer loop
      vertex 38.5471 26.2821 45
      vertex 38.6874 25.5765 54
      vertex 38.6874 25.5765 45
    endloop
  endfacet
  facet normal -0.0654673 -0.997855 0
    outer loop
      vertex 44 32.5 45
      vertex 44.7179 32.4529 54
      vertex 44 32.5 54
    endloop
  endfacet
  facet normal -0.0654673 -0.997855 -0
    outer loop
      vertex 44.7179 32.4529 54
      vertex 44 32.5 45
      vertex 44.7179 32.4529 45
    endloop
  endfacet
  facet normal 0.997855 0.0654673 0
    outer loop
      vertex 38.5471 26.2821 54
      vertex 38.5 27 45
      vertex 38.5 27 54
    endloop
  endfacet
  facet normal 0.997855 0.0654673 0
    outer loop
      vertex 38.5 27 45
      vertex 38.5471 26.2821 54
      vertex 38.5471 26.2821 45
    endloop
  endfacet
  facet normal 0.0654673 -0.997855 0
    outer loop
      vertex 43.2821 32.4529 45
      vertex 44 32.5 54
      vertex 43.2821 32.4529 54
    endloop
  endfacet
  facet normal 0.0654673 -0.997855 0
    outer loop
      vertex 44 32.5 54
      vertex 43.2821 32.4529 45
      vertex 44 32.5 45
    endloop
  endfacet
  facet normal 0.831472 0.555566 0
    outer loop
      vertex 39.6366 23.6518 54
      vertex 39.2369 24.25 45
      vertex 39.2369 24.25 54
    endloop
  endfacet
  facet normal 0.831472 0.555566 0
    outer loop
      vertex 39.2369 24.25 45
      vertex 39.6366 23.6518 54
      vertex 39.6366 23.6518 45
    endloop
  endfacet
  facet normal 0.0654673 0.997855 -0
    outer loop
      vertex 44 21.5 45
      vertex 43.2821 21.5471 54
      vertex 44 21.5 54
    endloop
  endfacet
  facet normal 0.0654673 0.997855 0
    outer loop
      vertex 43.2821 21.5471 54
      vertex 44 21.5 45
      vertex 43.2821 21.5471 45
    endloop
  endfacet
  facet normal 0.831472 -0.555566 0
    outer loop
      vertex 39.2369 29.75 54
      vertex 39.6366 30.3482 45
      vertex 39.6366 30.3482 54
    endloop
  endfacet
  facet normal 0.831472 -0.555566 0
    outer loop
      vertex 39.6366 30.3482 45
      vertex 39.2369 29.75 54
      vertex 39.2369 29.75 45
    endloop
  endfacet
  facet normal -0.980799 0.19502 0
    outer loop
      vertex 65.3126 25.5765 45
      vertex 65.4529 26.2821 54
      vertex 65.4529 26.2821 45
    endloop
  endfacet
  facet normal -0.980799 0.19502 0
    outer loop
      vertex 65.4529 26.2821 54
      vertex 65.3126 25.5765 45
      vertex 65.3126 25.5765 54
    endloop
  endfacet
  facet normal -0.0654673 -0.997855 0
    outer loop
      vertex 60 32.5 45
      vertex 60.7179 32.4529 54
      vertex 60 32.5 54
    endloop
  endfacet
  facet normal -0.0654673 -0.997855 -0
    outer loop
      vertex 60.7179 32.4529 54
      vertex 60 32.5 45
      vertex 60.7179 32.4529 45
    endloop
  endfacet
  facet normal -0.321477 0.946918 0
    outer loop
      vertex 62.1048 21.9187 45
      vertex 61.4235 21.6874 54
      vertex 62.1048 21.9187 54
    endloop
  endfacet
  facet normal -0.321477 0.946918 0
    outer loop
      vertex 61.4235 21.6874 54
      vertex 62.1048 21.9187 45
      vertex 61.4235 21.6874 45
    endloop
  endfacet
  facet normal -0.89686 -0.442314 0
    outer loop
      vertex 65.0813 29.1048 45
      vertex 64.7631 29.75 54
      vertex 64.7631 29.75 45
    endloop
  endfacet
  facet normal -0.89686 -0.442314 0
    outer loop
      vertex 64.7631 29.75 54
      vertex 65.0813 29.1048 45
      vertex 65.0813 29.1048 54
    endloop
  endfacet
  facet normal 0.751879 -0.659301 0
    outer loop
      vertex 55.6366 30.3482 54
      vertex 56.1109 30.8891 45
      vertex 56.1109 30.8891 54
    endloop
  endfacet
  facet normal 0.751879 -0.659301 0
    outer loop
      vertex 56.1109 30.8891 45
      vertex 55.6366 30.3482 54
      vertex 55.6366 30.3482 45
    endloop
  endfacet
  facet normal 0.751879 0.659301 0
    outer loop
      vertex 56.1109 23.1109 54
      vertex 55.6366 23.6518 45
      vertex 55.6366 23.6518 54
    endloop
  endfacet
  facet normal 0.751879 0.659301 0
    outer loop
      vertex 55.6366 23.6518 45
      vertex 56.1109 23.1109 54
      vertex 56.1109 23.1109 45
    endloop
  endfacet
  facet normal 0.89686 0.442314 0
    outer loop
      vertex 55.2369 24.25 54
      vertex 54.9187 24.8952 45
      vertex 54.9187 24.8952 54
    endloop
  endfacet
  facet normal 0.89686 0.442314 0
    outer loop
      vertex 54.9187 24.8952 45
      vertex 55.2369 24.25 54
      vertex 55.2369 24.25 45
    endloop
  endfacet
  facet normal -0.659301 -0.751879 0
    outer loop
      vertex 63.3482 31.3634 45
      vertex 63.8891 30.8891 54
      vertex 63.3482 31.3634 54
    endloop
  endfacet
  facet normal -0.659301 -0.751879 -0
    outer loop
      vertex 63.8891 30.8891 54
      vertex 63.3482 31.3634 45
      vertex 63.8891 30.8891 45
    endloop
  endfacet
  facet normal 0.321477 -0.946918 0
    outer loop
      vertex 57.8952 32.0813 45
      vertex 58.5765 32.3126 54
      vertex 57.8952 32.0813 54
    endloop
  endfacet
  facet normal 0.321477 -0.946918 0
    outer loop
      vertex 58.5765 32.3126 54
      vertex 57.8952 32.0813 45
      vertex 58.5765 32.3126 45
    endloop
  endfacet
  facet normal 0.946918 0.321477 0
    outer loop
      vertex 54.9187 24.8952 54
      vertex 54.6874 25.5765 45
      vertex 54.6874 25.5765 54
    endloop
  endfacet
  facet normal 0.946918 0.321477 0
    outer loop
      vertex 54.6874 25.5765 45
      vertex 54.9187 24.8952 54
      vertex 54.9187 24.8952 45
    endloop
  endfacet
  facet normal -0.946918 -0.321477 0
    outer loop
      vertex 65.3126 28.4235 45
      vertex 65.0813 29.1048 54
      vertex 65.0813 29.1048 45
    endloop
  endfacet
  facet normal -0.946918 -0.321477 0
    outer loop
      vertex 65.0813 29.1048 54
      vertex 65.3126 28.4235 45
      vertex 65.3126 28.4235 54
    endloop
  endfacet
  facet normal -0.751879 0.659301 0
    outer loop
      vertex 63.8891 23.1109 45
      vertex 64.3634 23.6518 54
      vertex 64.3634 23.6518 45
    endloop
  endfacet
  facet normal -0.751879 0.659301 0
    outer loop
      vertex 64.3634 23.6518 54
      vertex 63.8891 23.1109 45
      vertex 63.8891 23.1109 54
    endloop
  endfacet
  facet normal -0.997855 0.0654673 0
    outer loop
      vertex 65.4529 26.2821 45
      vertex 65.5 27 54
      vertex 65.5 27 45
    endloop
  endfacet
  facet normal -0.997855 0.0654673 0
    outer loop
      vertex 65.5 27 54
      vertex 65.4529 26.2821 45
      vertex 65.4529 26.2821 54
    endloop
  endfacet
  facet normal 0.19502 0.980799 -0
    outer loop
      vertex 59.2821 21.5471 45
      vertex 58.5765 21.6874 54
      vertex 59.2821 21.5471 54
    endloop
  endfacet
  facet normal 0.19502 0.980799 0
    outer loop
      vertex 58.5765 21.6874 54
      vertex 59.2821 21.5471 45
      vertex 58.5765 21.6874 45
    endloop
  endfacet
  facet normal -0.751879 -0.659301 0
    outer loop
      vertex 64.3634 30.3482 45
      vertex 63.8891 30.8891 54
      vertex 63.8891 30.8891 45
    endloop
  endfacet
  facet normal -0.751879 -0.659301 0
    outer loop
      vertex 63.8891 30.8891 54
      vertex 64.3634 30.3482 45
      vertex 64.3634 30.3482 54
    endloop
  endfacet
  facet normal -0.997855 -0.0654673 0
    outer loop
      vertex 65.5 27 45
      vertex 65.4529 27.7179 54
      vertex 65.4529 27.7179 45
    endloop
  endfacet
  facet normal -0.997855 -0.0654673 0
    outer loop
      vertex 65.4529 27.7179 54
      vertex 65.5 27 45
      vertex 65.5 27 54
    endloop
  endfacet
  facet normal 0.831472 0.555566 0
    outer loop
      vertex 55.6366 23.6518 54
      vertex 55.2369 24.25 45
      vertex 55.2369 24.25 54
    endloop
  endfacet
  facet normal 0.831472 0.555566 0
    outer loop
      vertex 55.2369 24.25 45
      vertex 55.6366 23.6518 54
      vertex 55.6366 23.6518 45
    endloop
  endfacet
  facet normal -0.89686 0.442314 0
    outer loop
      vertex 64.7631 24.25 45
      vertex 65.0813 24.8952 54
      vertex 65.0813 24.8952 45
    endloop
  endfacet
  facet normal -0.89686 0.442314 0
    outer loop
      vertex 65.0813 24.8952 54
      vertex 64.7631 24.25 45
      vertex 64.7631 24.25 54
    endloop
  endfacet
  facet normal 0.555566 0.831472 -0
    outer loop
      vertex 57.25 22.2369 45
      vertex 56.6518 22.6366 54
      vertex 57.25 22.2369 54
    endloop
  endfacet
  facet normal 0.555566 0.831472 0
    outer loop
      vertex 56.6518 22.6366 54
      vertex 57.25 22.2369 45
      vertex 56.6518 22.6366 45
    endloop
  endfacet
  facet normal -0.980799 -0.19502 0
    outer loop
      vertex 65.4529 27.7179 45
      vertex 65.3126 28.4235 54
      vertex 65.3126 28.4235 45
    endloop
  endfacet
  facet normal -0.980799 -0.19502 0
    outer loop
      vertex 65.3126 28.4235 54
      vertex 65.4529 27.7179 45
      vertex 65.4529 27.7179 54
    endloop
  endfacet
  facet normal 0.19502 -0.980799 0
    outer loop
      vertex 58.5765 32.3126 45
      vertex 59.2821 32.4529 54
      vertex 58.5765 32.3126 54
    endloop
  endfacet
  facet normal 0.19502 -0.980799 0
    outer loop
      vertex 59.2821 32.4529 54
      vertex 58.5765 32.3126 45
      vertex 59.2821 32.4529 45
    endloop
  endfacet
  facet normal -0.831472 0.555566 0
    outer loop
      vertex 64.3634 23.6518 45
      vertex 64.7631 24.25 54
      vertex 64.7631 24.25 45
    endloop
  endfacet
  facet normal -0.831472 0.555566 0
    outer loop
      vertex 64.7631 24.25 54
      vertex 64.3634 23.6518 45
      vertex 64.3634 23.6518 54
    endloop
  endfacet
  facet normal -0.321477 -0.946918 0
    outer loop
      vertex 61.4235 32.3126 45
      vertex 62.1048 32.0813 54
      vertex 61.4235 32.3126 54
    endloop
  endfacet
  facet normal -0.321477 -0.946918 -0
    outer loop
      vertex 62.1048 32.0813 54
      vertex 61.4235 32.3126 45
      vertex 62.1048 32.0813 45
    endloop
  endfacet
  facet normal -0.442314 0.89686 0
    outer loop
      vertex 62.75 22.2369 45
      vertex 62.1048 21.9187 54
      vertex 62.75 22.2369 54
    endloop
  endfacet
  facet normal -0.442314 0.89686 0
    outer loop
      vertex 62.1048 21.9187 54
      vertex 62.75 22.2369 45
      vertex 62.1048 21.9187 45
    endloop
  endfacet
  facet normal -0.946918 0.321477 0
    outer loop
      vertex 65.0813 24.8952 45
      vertex 65.3126 25.5765 54
      vertex 65.3126 25.5765 45
    endloop
  endfacet
  facet normal -0.946918 0.321477 0
    outer loop
      vertex 65.3126 25.5765 54
      vertex 65.0813 24.8952 45
      vertex 65.0813 24.8952 54
    endloop
  endfacet
  facet normal -0.442314 -0.89686 0
    outer loop
      vertex 62.1048 32.0813 45
      vertex 62.75 31.7631 54
      vertex 62.1048 32.0813 54
    endloop
  endfacet
  facet normal -0.442314 -0.89686 -0
    outer loop
      vertex 62.75 31.7631 54
      vertex 62.1048 32.0813 45
      vertex 62.75 31.7631 45
    endloop
  endfacet
  facet normal -0.831472 -0.555566 0
    outer loop
      vertex 64.7631 29.75 45
      vertex 64.3634 30.3482 54
      vertex 64.3634 30.3482 45
    endloop
  endfacet
  facet normal -0.831472 -0.555566 0
    outer loop
      vertex 64.3634 30.3482 54
      vertex 64.7631 29.75 45
      vertex 64.7631 29.75 54
    endloop
  endfacet
  facet normal -0.19502 0.980799 0
    outer loop
      vertex 61.4235 21.6874 45
      vertex 60.7179 21.5471 54
      vertex 61.4235 21.6874 54
    endloop
  endfacet
  facet normal -0.19502 0.980799 0
    outer loop
      vertex 60.7179 21.5471 54
      vertex 61.4235 21.6874 45
      vertex 60.7179 21.5471 45
    endloop
  endfacet
  facet normal 0.89686 -0.442314 0
    outer loop
      vertex 54.9187 29.1048 54
      vertex 55.2369 29.75 45
      vertex 55.2369 29.75 54
    endloop
  endfacet
  facet normal 0.89686 -0.442314 0
    outer loop
      vertex 55.2369 29.75 45
      vertex 54.9187 29.1048 54
      vertex 54.9187 29.1048 45
    endloop
  endfacet
  facet normal -0.659301 0.751879 0
    outer loop
      vertex 63.8891 23.1109 45
      vertex 63.3482 22.6366 54
      vertex 63.8891 23.1109 54
    endloop
  endfacet
  facet normal -0.659301 0.751879 0
    outer loop
      vertex 63.3482 22.6366 54
      vertex 63.8891 23.1109 45
      vertex 63.3482 22.6366 45
    endloop
  endfacet
  facet normal 0.321477 0.946918 -0
    outer loop
      vertex 58.5765 21.6874 45
      vertex 57.8952 21.9187 54
      vertex 58.5765 21.6874 54
    endloop
  endfacet
  facet normal 0.321477 0.946918 0
    outer loop
      vertex 57.8952 21.9187 54
      vertex 58.5765 21.6874 45
      vertex 57.8952 21.9187 45
    endloop
  endfacet
  facet normal 0.831472 -0.555566 0
    outer loop
      vertex 55.2369 29.75 54
      vertex 55.6366 30.3482 45
      vertex 55.6366 30.3482 54
    endloop
  endfacet
  facet normal 0.831472 -0.555566 0
    outer loop
      vertex 55.6366 30.3482 45
      vertex 55.2369 29.75 54
      vertex 55.2369 29.75 45
    endloop
  endfacet
  facet normal 0.997855 -0.0654673 0
    outer loop
      vertex 54.5 27 54
      vertex 54.5471 27.7179 45
      vertex 54.5471 27.7179 54
    endloop
  endfacet
  facet normal 0.997855 -0.0654673 0
    outer loop
      vertex 54.5471 27.7179 45
      vertex 54.5 27 54
      vertex 54.5 27 45
    endloop
  endfacet
  facet normal 0.980799 -0.19502 0
    outer loop
      vertex 54.5471 27.7179 54
      vertex 54.6874 28.4235 45
      vertex 54.6874 28.4235 54
    endloop
  endfacet
  facet normal 0.980799 -0.19502 0
    outer loop
      vertex 54.6874 28.4235 45
      vertex 54.5471 27.7179 54
      vertex 54.5471 27.7179 45
    endloop
  endfacet
  facet normal 0.442314 0.89686 -0
    outer loop
      vertex 57.8952 21.9187 45
      vertex 57.25 22.2369 54
      vertex 57.8952 21.9187 54
    endloop
  endfacet
  facet normal 0.442314 0.89686 0
    outer loop
      vertex 57.25 22.2369 54
      vertex 57.8952 21.9187 45
      vertex 57.25 22.2369 45
    endloop
  endfacet
  facet normal 0.442314 -0.89686 0
    outer loop
      vertex 57.25 31.7631 45
      vertex 57.8952 32.0813 54
      vertex 57.25 31.7631 54
    endloop
  endfacet
  facet normal 0.442314 -0.89686 0
    outer loop
      vertex 57.8952 32.0813 54
      vertex 57.25 31.7631 45
      vertex 57.8952 32.0813 45
    endloop
  endfacet
  facet normal 0.659301 0.751879 -0
    outer loop
      vertex 56.6518 22.6366 45
      vertex 56.1109 23.1109 54
      vertex 56.6518 22.6366 54
    endloop
  endfacet
  facet normal 0.659301 0.751879 0
    outer loop
      vertex 56.1109 23.1109 54
      vertex 56.6518 22.6366 45
      vertex 56.1109 23.1109 45
    endloop
  endfacet
  facet normal 0.555566 -0.831472 0
    outer loop
      vertex 56.6518 31.3634 45
      vertex 57.25 31.7631 54
      vertex 56.6518 31.3634 54
    endloop
  endfacet
  facet normal 0.555566 -0.831472 0
    outer loop
      vertex 57.25 31.7631 54
      vertex 56.6518 31.3634 45
      vertex 57.25 31.7631 45
    endloop
  endfacet
  facet normal -0.555566 0.831472 0
    outer loop
      vertex 63.3482 22.6366 45
      vertex 62.75 22.2369 54
      vertex 63.3482 22.6366 54
    endloop
  endfacet
  facet normal -0.555566 0.831472 0
    outer loop
      vertex 62.75 22.2369 54
      vertex 63.3482 22.6366 45
      vertex 62.75 22.2369 45
    endloop
  endfacet
  facet normal 0.997855 0.0654673 0
    outer loop
      vertex 54.5471 26.2821 54
      vertex 54.5 27 45
      vertex 54.5 27 54
    endloop
  endfacet
  facet normal 0.997855 0.0654673 0
    outer loop
      vertex 54.5 27 45
      vertex 54.5471 26.2821 54
      vertex 54.5471 26.2821 45
    endloop
  endfacet
  facet normal -0.19502 -0.980799 0
    outer loop
      vertex 60.7179 32.4529 45
      vertex 61.4235 32.3126 54
      vertex 60.7179 32.4529 54
    endloop
  endfacet
  facet normal -0.19502 -0.980799 -0
    outer loop
      vertex 61.4235 32.3126 54
      vertex 60.7179 32.4529 45
      vertex 61.4235 32.3126 45
    endloop
  endfacet
  facet normal -0.555566 -0.831472 0
    outer loop
      vertex 62.75 31.7631 45
      vertex 63.3482 31.3634 54
      vertex 62.75 31.7631 54
    endloop
  endfacet
  facet normal -0.555566 -0.831472 -0
    outer loop
      vertex 63.3482 31.3634 54
      vertex 62.75 31.7631 45
      vertex 63.3482 31.3634 45
    endloop
  endfacet
  facet normal -0.0654673 0.997855 0
    outer loop
      vertex 60.7179 21.5471 45
      vertex 60 21.5 54
      vertex 60.7179 21.5471 54
    endloop
  endfacet
  facet normal -0.0654673 0.997855 0
    outer loop
      vertex 60 21.5 54
      vertex 60.7179 21.5471 45
      vertex 60 21.5 45
    endloop
  endfacet
  facet normal 0.0654673 -0.997855 0
    outer loop
      vertex 59.2821 32.4529 45
      vertex 60 32.5 54
      vertex 59.2821 32.4529 54
    endloop
  endfacet
  facet normal 0.0654673 -0.997855 0
    outer loop
      vertex 60 32.5 54
      vertex 59.2821 32.4529 45
      vertex 60 32.5 45
    endloop
  endfacet
  facet normal 0.980799 0.19502 0
    outer loop
      vertex 54.6874 25.5765 54
      vertex 54.5471 26.2821 45
      vertex 54.5471 26.2821 54
    endloop
  endfacet
  facet normal 0.980799 0.19502 0
    outer loop
      vertex 54.5471 26.2821 45
      vertex 54.6874 25.5765 54
      vertex 54.6874 25.5765 45
    endloop
  endfacet
  facet normal 0.659301 -0.751879 0
    outer loop
      vertex 56.1109 30.8891 45
      vertex 56.6518 31.3634 54
      vertex 56.1109 30.8891 54
    endloop
  endfacet
  facet normal 0.659301 -0.751879 0
    outer loop
      vertex 56.6518 31.3634 54
      vertex 56.1109 30.8891 45
      vertex 56.6518 31.3634 45
    endloop
  endfacet
  facet normal 0.946918 -0.321477 0
    outer loop
      vertex 54.6874 28.4235 54
      vertex 54.9187 29.1048 45
      vertex 54.9187 29.1048 54
    endloop
  endfacet
  facet normal 0.946918 -0.321477 0
    outer loop
      vertex 54.9187 29.1048 45
      vertex 54.6874 28.4235 54
      vertex 54.6874 28.4235 45
    endloop
  endfacet
  facet normal 0.0654673 0.997855 -0
    outer loop
      vertex 60 21.5 45
      vertex 59.2821 21.5471 54
      vertex 60 21.5 54
    endloop
  endfacet
  facet normal 0.0654673 0.997855 0
    outer loop
      vertex 59.2821 21.5471 54
      vertex 60 21.5 45
      vertex 59.2821 21.5471 45
    endloop
  endfacet
  facet normal -0.89686 0.442314 0
    outer loop
      vertex 80.7631 24.25 45
      vertex 81.0813 24.8952 54
      vertex 81.0813 24.8952 45
    endloop
  endfacet
  facet normal -0.89686 0.442314 0
    outer loop
      vertex 81.0813 24.8952 54
      vertex 80.7631 24.25 45
      vertex 80.7631 24.25 54
    endloop
  endfacet
  facet normal -0.980799 -0.19502 0
    outer loop
      vertex 81.4529 27.7179 45
      vertex 81.3126 28.4235 54
      vertex 81.3126 28.4235 45
    endloop
  endfacet
  facet normal -0.980799 -0.19502 0
    outer loop
      vertex 81.3126 28.4235 54
      vertex 81.4529 27.7179 45
      vertex 81.4529 27.7179 54
    endloop
  endfacet
  facet normal -0.997855 -0.0654673 0
    outer loop
      vertex 81.5 27 45
      vertex 81.4529 27.7179 54
      vertex 81.4529 27.7179 45
    endloop
  endfacet
  facet normal -0.997855 -0.0654673 0
    outer loop
      vertex 81.4529 27.7179 54
      vertex 81.5 27 45
      vertex 81.5 27 54
    endloop
  endfacet
  facet normal -0.946918 -0.321477 0
    outer loop
      vertex 81.3126 28.4235 45
      vertex 81.0813 29.1048 54
      vertex 81.0813 29.1048 45
    endloop
  endfacet
  facet normal -0.946918 -0.321477 0
    outer loop
      vertex 81.0813 29.1048 54
      vertex 81.3126 28.4235 45
      vertex 81.3126 28.4235 54
    endloop
  endfacet
  facet normal -0.980799 0.19502 0
    outer loop
      vertex 81.3126 25.5765 45
      vertex 81.4529 26.2821 54
      vertex 81.4529 26.2821 45
    endloop
  endfacet
  facet normal -0.980799 0.19502 0
    outer loop
      vertex 81.4529 26.2821 54
      vertex 81.3126 25.5765 45
      vertex 81.3126 25.5765 54
    endloop
  endfacet
  facet normal -0.89686 -0.442314 0
    outer loop
      vertex 81.0813 29.1048 45
      vertex 80.7631 29.75 54
      vertex 80.7631 29.75 45
    endloop
  endfacet
  facet normal -0.89686 -0.442314 0
    outer loop
      vertex 80.7631 29.75 54
      vertex 81.0813 29.1048 45
      vertex 81.0813 29.1048 54
    endloop
  endfacet
  facet normal 0.946918 -0.321477 0
    outer loop
      vertex 70.6874 28.4235 54
      vertex 70.9187 29.1048 45
      vertex 70.9187 29.1048 54
    endloop
  endfacet
  facet normal 0.946918 -0.321477 0
    outer loop
      vertex 70.9187 29.1048 45
      vertex 70.6874 28.4235 54
      vertex 70.6874 28.4235 45
    endloop
  endfacet
  facet normal -0.831472 0.555566 0
    outer loop
      vertex 80.3634 23.6518 45
      vertex 80.7631 24.25 54
      vertex 80.7631 24.25 45
    endloop
  endfacet
  facet normal -0.831472 0.555566 0
    outer loop
      vertex 80.7631 24.25 54
      vertex 80.3634 23.6518 45
      vertex 80.3634 23.6518 54
    endloop
  endfacet
  facet normal -0.321477 -0.946918 0
    outer loop
      vertex 77.4235 32.3126 45
      vertex 78.1048 32.0813 54
      vertex 77.4235 32.3126 54
    endloop
  endfacet
  facet normal -0.321477 -0.946918 -0
    outer loop
      vertex 78.1048 32.0813 54
      vertex 77.4235 32.3126 45
      vertex 78.1048 32.0813 45
    endloop
  endfacet
  facet normal 0.555566 -0.831472 0
    outer loop
      vertex 72.6518 31.3634 45
      vertex 73.25 31.7631 54
      vertex 72.6518 31.3634 54
    endloop
  endfacet
  facet normal 0.555566 -0.831472 0
    outer loop
      vertex 73.25 31.7631 54
      vertex 72.6518 31.3634 45
      vertex 73.25 31.7631 45
    endloop
  endfacet
  facet normal 0.89686 -0.442314 0
    outer loop
      vertex 70.9187 29.1048 54
      vertex 71.2369 29.75 45
      vertex 71.2369 29.75 54
    endloop
  endfacet
  facet normal 0.89686 -0.442314 0
    outer loop
      vertex 71.2369 29.75 45
      vertex 70.9187 29.1048 54
      vertex 70.9187 29.1048 45
    endloop
  endfacet
  facet normal -0.442314 -0.89686 0
    outer loop
      vertex 78.1048 32.0813 45
      vertex 78.75 31.7631 54
      vertex 78.1048 32.0813 54
    endloop
  endfacet
  facet normal -0.442314 -0.89686 -0
    outer loop
      vertex 78.75 31.7631 54
      vertex 78.1048 32.0813 45
      vertex 78.75 31.7631 45
    endloop
  endfacet
  facet normal -0.659301 -0.751879 0
    outer loop
      vertex 79.3482 31.3634 45
      vertex 79.8891 30.8891 54
      vertex 79.3482 31.3634 54
    endloop
  endfacet
  facet normal -0.659301 -0.751879 -0
    outer loop
      vertex 79.8891 30.8891 54
      vertex 79.3482 31.3634 45
      vertex 79.8891 30.8891 45
    endloop
  endfacet
  facet normal 0.89686 0.442314 0
    outer loop
      vertex 71.2369 24.25 54
      vertex 70.9187 24.8952 45
      vertex 70.9187 24.8952 54
    endloop
  endfacet
  facet normal 0.89686 0.442314 0
    outer loop
      vertex 70.9187 24.8952 45
      vertex 71.2369 24.25 54
      vertex 71.2369 24.25 45
    endloop
  endfacet
  facet normal 0.997855 -0.0654673 0
    outer loop
      vertex 70.5 27 54
      vertex 70.5471 27.7179 45
      vertex 70.5471 27.7179 54
    endloop
  endfacet
  facet normal 0.997855 -0.0654673 0
    outer loop
      vertex 70.5471 27.7179 45
      vertex 70.5 27 54
      vertex 70.5 27 45
    endloop
  endfacet
  facet normal 0.659301 0.751879 -0
    outer loop
      vertex 72.6518 22.6366 45
      vertex 72.1109 23.1109 54
      vertex 72.6518 22.6366 54
    endloop
  endfacet
  facet normal 0.659301 0.751879 0
    outer loop
      vertex 72.1109 23.1109 54
      vertex 72.6518 22.6366 45
      vertex 72.1109 23.1109 45
    endloop
  endfacet
  facet normal 0.751879 -0.659301 0
    outer loop
      vertex 71.6366 30.3482 54
      vertex 72.1109 30.8891 45
      vertex 72.1109 30.8891 54
    endloop
  endfacet
  facet normal 0.751879 -0.659301 0
    outer loop
      vertex 72.1109 30.8891 45
      vertex 71.6366 30.3482 54
      vertex 71.6366 30.3482 45
    endloop
  endfacet
  facet normal 0.442314 -0.89686 0
    outer loop
      vertex 73.25 31.7631 45
      vertex 73.8952 32.0813 54
      vertex 73.25 31.7631 54
    endloop
  endfacet
  facet normal 0.442314 -0.89686 0
    outer loop
      vertex 73.8952 32.0813 54
      vertex 73.25 31.7631 45
      vertex 73.8952 32.0813 45
    endloop
  endfacet
  facet normal -0.19502 -0.980799 0
    outer loop
      vertex 76.7179 32.4529 45
      vertex 77.4235 32.3126 54
      vertex 76.7179 32.4529 54
    endloop
  endfacet
  facet normal -0.19502 -0.980799 -0
    outer loop
      vertex 77.4235 32.3126 54
      vertex 76.7179 32.4529 45
      vertex 77.4235 32.3126 45
    endloop
  endfacet
  facet normal -0.442314 0.89686 0
    outer loop
      vertex 78.75 22.2369 45
      vertex 78.1048 21.9187 54
      vertex 78.75 22.2369 54
    endloop
  endfacet
  facet normal -0.442314 0.89686 0
    outer loop
      vertex 78.1048 21.9187 54
      vertex 78.75 22.2369 45
      vertex 78.1048 21.9187 45
    endloop
  endfacet
  facet normal -0.997855 0.0654673 0
    outer loop
      vertex 81.4529 26.2821 45
      vertex 81.5 27 54
      vertex 81.5 27 45
    endloop
  endfacet
  facet normal -0.997855 0.0654673 0
    outer loop
      vertex 81.5 27 54
      vertex 81.4529 26.2821 45
      vertex 81.4529 26.2821 54
    endloop
  endfacet
  facet normal -0.321477 0.946918 0
    outer loop
      vertex 78.1048 21.9187 45
      vertex 77.4235 21.6874 54
      vertex 78.1048 21.9187 54
    endloop
  endfacet
  facet normal -0.321477 0.946918 0
    outer loop
      vertex 77.4235 21.6874 54
      vertex 78.1048 21.9187 45
      vertex 77.4235 21.6874 45
    endloop
  endfacet
  facet normal -0.555566 -0.831472 0
    outer loop
      vertex 78.75 31.7631 45
      vertex 79.3482 31.3634 54
      vertex 78.75 31.7631 54
    endloop
  endfacet
  facet normal -0.555566 -0.831472 -0
    outer loop
      vertex 79.3482 31.3634 54
      vertex 78.75 31.7631 45
      vertex 79.3482 31.3634 45
    endloop
  endfacet
  facet normal -0.831472 -0.555566 0
    outer loop
      vertex 80.7631 29.75 45
      vertex 80.3634 30.3482 54
      vertex 80.3634 30.3482 45
    endloop
  endfacet
  facet normal -0.831472 -0.555566 0
    outer loop
      vertex 80.3634 30.3482 54
      vertex 80.7631 29.75 45
      vertex 80.7631 29.75 54
    endloop
  endfacet
  facet normal 0.19502 -0.980799 0
    outer loop
      vertex 74.5765 32.3126 45
      vertex 75.2821 32.4529 54
      vertex 74.5765 32.3126 54
    endloop
  endfacet
  facet normal 0.19502 -0.980799 0
    outer loop
      vertex 75.2821 32.4529 54
      vertex 74.5765 32.3126 45
      vertex 75.2821 32.4529 45
    endloop
  endfacet
  facet normal -0.751879 0.659301 0
    outer loop
      vertex 79.8891 23.1109 45
      vertex 80.3634 23.6518 54
      vertex 80.3634 23.6518 45
    endloop
  endfacet
  facet normal -0.751879 0.659301 0
    outer loop
      vertex 80.3634 23.6518 54
      vertex 79.8891 23.1109 45
      vertex 79.8891 23.1109 54
    endloop
  endfacet
  facet normal -0.0654673 0.997855 0
    outer loop
      vertex 76.7179 21.5471 45
      vertex 76 21.5 54
      vertex 76.7179 21.5471 54
    endloop
  endfacet
  facet normal -0.0654673 0.997855 0
    outer loop
      vertex 76 21.5 54
      vertex 76.7179 21.5471 45
      vertex 76 21.5 45
    endloop
  endfacet
  facet normal -0.946918 0.321477 0
    outer loop
      vertex 81.0813 24.8952 45
      vertex 81.3126 25.5765 54
      vertex 81.3126 25.5765 45
    endloop
  endfacet
  facet normal -0.946918 0.321477 0
    outer loop
      vertex 81.3126 25.5765 54
      vertex 81.0813 24.8952 45
      vertex 81.0813 24.8952 54
    endloop
  endfacet
  facet normal 0.751879 0.659301 0
    outer loop
      vertex 72.1109 23.1109 54
      vertex 71.6366 23.6518 45
      vertex 71.6366 23.6518 54
    endloop
  endfacet
  facet normal 0.751879 0.659301 0
    outer loop
      vertex 71.6366 23.6518 45
      vertex 72.1109 23.1109 54
      vertex 72.1109 23.1109 45
    endloop
  endfacet
  facet normal 0.321477 -0.946918 0
    outer loop
      vertex 73.8952 32.0813 45
      vertex 74.5765 32.3126 54
      vertex 73.8952 32.0813 54
    endloop
  endfacet
  facet normal 0.321477 -0.946918 0
    outer loop
      vertex 74.5765 32.3126 54
      vertex 73.8952 32.0813 45
      vertex 74.5765 32.3126 45
    endloop
  endfacet
  facet normal 0.659301 -0.751879 0
    outer loop
      vertex 72.1109 30.8891 45
      vertex 72.6518 31.3634 54
      vertex 72.1109 30.8891 54
    endloop
  endfacet
  facet normal 0.659301 -0.751879 0
    outer loop
      vertex 72.6518 31.3634 54
      vertex 72.1109 30.8891 45
      vertex 72.6518 31.3634 45
    endloop
  endfacet
  facet normal 0.19502 0.980799 -0
    outer loop
      vertex 75.2821 21.5471 45
      vertex 74.5765 21.6874 54
      vertex 75.2821 21.5471 54
    endloop
  endfacet
  facet normal 0.19502 0.980799 0
    outer loop
      vertex 74.5765 21.6874 54
      vertex 75.2821 21.5471 45
      vertex 74.5765 21.6874 45
    endloop
  endfacet
  facet normal -0.751879 -0.659301 0
    outer loop
      vertex 80.3634 30.3482 45
      vertex 79.8891 30.8891 54
      vertex 79.8891 30.8891 45
    endloop
  endfacet
  facet normal -0.751879 -0.659301 0
    outer loop
      vertex 79.8891 30.8891 54
      vertex 80.3634 30.3482 45
      vertex 80.3634 30.3482 54
    endloop
  endfacet
  facet normal 0.442314 0.89686 -0
    outer loop
      vertex 73.8952 21.9187 45
      vertex 73.25 22.2369 54
      vertex 73.8952 21.9187 54
    endloop
  endfacet
  facet normal 0.442314 0.89686 0
    outer loop
      vertex 73.25 22.2369 54
      vertex 73.8952 21.9187 45
      vertex 73.25 22.2369 45
    endloop
  endfacet
  facet normal -0.19502 0.980799 0
    outer loop
      vertex 77.4235 21.6874 45
      vertex 76.7179 21.5471 54
      vertex 77.4235 21.6874 54
    endloop
  endfacet
  facet normal -0.19502 0.980799 0
    outer loop
      vertex 76.7179 21.5471 54
      vertex 77.4235 21.6874 45
      vertex 76.7179 21.5471 45
    endloop
  endfacet
  facet normal -0.659301 0.751879 0
    outer loop
      vertex 79.8891 23.1109 45
      vertex 79.3482 22.6366 54
      vertex 79.8891 23.1109 54
    endloop
  endfacet
  facet normal -0.659301 0.751879 0
    outer loop
      vertex 79.3482 22.6366 54
      vertex 79.8891 23.1109 45
      vertex 79.3482 22.6366 45
    endloop
  endfacet
  facet normal 0.555566 0.831472 -0
    outer loop
      vertex 73.25 22.2369 45
      vertex 72.6518 22.6366 54
      vertex 73.25 22.2369 54
    endloop
  endfacet
  facet normal 0.555566 0.831472 0
    outer loop
      vertex 72.6518 22.6366 54
      vertex 73.25 22.2369 45
      vertex 72.6518 22.6366 45
    endloop
  endfacet
  facet normal 0.321477 0.946918 -0
    outer loop
      vertex 74.5765 21.6874 45
      vertex 73.8952 21.9187 54
      vertex 74.5765 21.6874 54
    endloop
  endfacet
  facet normal 0.321477 0.946918 0
    outer loop
      vertex 73.8952 21.9187 54
      vertex 74.5765 21.6874 45
      vertex 73.8952 21.9187 45
    endloop
  endfacet
  facet normal 0.946918 0.321477 0
    outer loop
      vertex 70.9187 24.8952 54
      vertex 70.6874 25.5765 45
      vertex 70.6874 25.5765 54
    endloop
  endfacet
  facet normal 0.946918 0.321477 0
    outer loop
      vertex 70.6874 25.5765 45
      vertex 70.9187 24.8952 54
      vertex 70.9187 24.8952 45
    endloop
  endfacet
  facet normal -0.555566 0.831472 0
    outer loop
      vertex 79.3482 22.6366 45
      vertex 78.75 22.2369 54
      vertex 79.3482 22.6366 54
    endloop
  endfacet
  facet normal -0.555566 0.831472 0
    outer loop
      vertex 78.75 22.2369 54
      vertex 79.3482 22.6366 45
      vertex 78.75 22.2369 45
    endloop
  endfacet
  facet normal 0.980799 -0.19502 0
    outer loop
      vertex 70.5471 27.7179 54
      vertex 70.6874 28.4235 45
      vertex 70.6874 28.4235 54
    endloop
  endfacet
  facet normal 0.980799 -0.19502 0
    outer loop
      vertex 70.6874 28.4235 45
      vertex 70.5471 27.7179 54
      vertex 70.5471 27.7179 45
    endloop
  endfacet
  facet normal 0.980799 0.19502 0
    outer loop
      vertex 70.6874 25.5765 54
      vertex 70.5471 26.2821 45
      vertex 70.5471 26.2821 54
    endloop
  endfacet
  facet normal 0.980799 0.19502 0
    outer loop
      vertex 70.5471 26.2821 45
      vertex 70.6874 25.5765 54
      vertex 70.6874 25.5765 45
    endloop
  endfacet
  facet normal -0.0654673 -0.997855 0
    outer loop
      vertex 76 32.5 45
      vertex 76.7179 32.4529 54
      vertex 76 32.5 54
    endloop
  endfacet
  facet normal -0.0654673 -0.997855 -0
    outer loop
      vertex 76.7179 32.4529 54
      vertex 76 32.5 45
      vertex 76.7179 32.4529 45
    endloop
  endfacet
  facet normal 0.997855 0.0654673 0
    outer loop
      vertex 70.5471 26.2821 54
      vertex 70.5 27 45
      vertex 70.5 27 54
    endloop
  endfacet
  facet normal 0.997855 0.0654673 0
    outer loop
      vertex 70.5 27 45
      vertex 70.5471 26.2821 54
      vertex 70.5471 26.2821 45
    endloop
  endfacet
  facet normal 0.0654673 -0.997855 0
    outer loop
      vertex 75.2821 32.4529 45
      vertex 76 32.5 54
      vertex 75.2821 32.4529 54
    endloop
  endfacet
  facet normal 0.0654673 -0.997855 0
    outer loop
      vertex 76 32.5 54
      vertex 75.2821 32.4529 45
      vertex 76 32.5 45
    endloop
  endfacet
  facet normal 0.831472 0.555566 0
    outer loop
      vertex 71.6366 23.6518 54
      vertex 71.2369 24.25 45
      vertex 71.2369 24.25 54
    endloop
  endfacet
  facet normal 0.831472 0.555566 0
    outer loop
      vertex 71.2369 24.25 45
      vertex 71.6366 23.6518 54
      vertex 71.6366 23.6518 45
    endloop
  endfacet
  facet normal 0.0654673 0.997855 -0
    outer loop
      vertex 76 21.5 45
      vertex 75.2821 21.5471 54
      vertex 76 21.5 54
    endloop
  endfacet
  facet normal 0.0654673 0.997855 0
    outer loop
      vertex 75.2821 21.5471 54
      vertex 76 21.5 45
      vertex 75.2821 21.5471 45
    endloop
  endfacet
  facet normal 0.831472 -0.555566 0
    outer loop
      vertex 71.2369 29.75 54
      vertex 71.6366 30.3482 45
      vertex 71.6366 30.3482 54
    endloop
  endfacet
  facet normal 0.831472 -0.555566 0
    outer loop
      vertex 71.6366 30.3482 45
      vertex 71.2369 29.75 54
      vertex 71.2369 29.75 45
    endloop
  endfacet
  facet normal 0 0 1
    outer loop
      vertex 92 46 54
      vertex 81.5 27 54
      vertex 92 4 54
    endloop
  endfacet
  facet normal 0 0 1
    outer loop
      vertex 92 46 54
      vertex 81.4529 27.7179 54
      vertex 81.5 27 54
    endloop
  endfacet
  facet normal 0 0 1
    outer loop
      vertex 92 46 54
      vertex 81.3126 28.4235 54
      vertex 81.4529 27.7179 54
    endloop
  endfacet
  facet normal 0 0 1
    outer loop
      vertex 92 46 54
      vertex 81.0813 29.1048 54
      vertex 81.3126 28.4235 54
    endloop
  endfacet
  facet normal 0 0 1
    outer loop
      vertex 92 46 54
      vertex 80.7631 29.75 54
      vertex 81.0813 29.1048 54
    endloop
  endfacet
  facet normal 0 0 1
    outer loop
      vertex 92 46 54
      vertex 80.3634 30.3482 54
      vertex 80.7631 29.75 54
    endloop
  endfacet
  facet normal 0 0 1
    outer loop
      vertex 92 46 54
      vertex 79.8891 30.8891 54
      vertex 80.3634 30.3482 54
    endloop
  endfacet
  facet normal 0 0 1
    outer loop
      vertex 92 46 54
      vertex 79.3482 31.3634 54
      vertex 79.8891 30.8891 54
    endloop
  endfacet
  facet normal 0 0 1
    outer loop
      vertex 92 46 54
      vertex 78.75 31.7631 54
      vertex 79.3482 31.3634 54
    endloop
  endfacet
  facet normal 0 0 1
    outer loop
      vertex 92 46 54
      vertex 78.1048 32.0813 54
      vertex 78.75 31.7631 54
    endloop
  endfacet
  facet normal 0 0 1
    outer loop
      vertex 92 46 54
      vertex 77.4235 32.3126 54
      vertex 78.1048 32.0813 54
    endloop
  endfacet
  facet normal 0 0 1
    outer loop
      vertex 92 46 54
      vertex 76.7179 32.4529 54
      vertex 77.4235 32.3126 54
    endloop
  endfacet
  facet normal 0 0 1
    outer loop
      vertex 92 46 54
      vertex 76 32.5 54
      vertex 76.7179 32.4529 54
    endloop
  endfacet
  facet normal 0 0 1
    outer loop
      vertex 92 46 54
      vertex 75.2821 32.4529 54
      vertex 76 32.5 54
    endloop
  endfacet
  facet normal 0 0 1
    outer loop
      vertex 92 46 54
      vertex 74.5765 32.3126 54
      vertex 75.2821 32.4529 54
    endloop
  endfacet
  facet normal 0 0 1
    outer loop
      vertex 61.4235 32.3126 54
      vertex 74.5765 32.3126 54
      vertex 92 46 54
    endloop
  endfacet
  facet normal 0 0 1
    outer loop
      vertex 74.5765 32.3126 54
      vertex 61.4235 32.3126 54
      vertex 73.8952 32.0813 54
    endloop
  endfacet
  facet normal 0 -0 1
    outer loop
      vertex 62.1048 32.0813 54
      vertex 73.8952 32.0813 54
      vertex 61.4235 32.3126 54
    endloop
  endfacet
  facet normal 0 0 1
    outer loop
      vertex 70.5471 27.7179 54
      vertex 65.5 27 54
      vertex 70.5 27 54
    endloop
  endfacet
  facet normal 0 0 1
    outer loop
      vertex 65.4529 27.7179 54
      vertex 70.5471 27.7179 54
      vertex 70.6874 28.4235 54
    endloop
  endfacet
  facet normal 0 0 1
    outer loop
      vertex 65.3126 28.4235 54
      vertex 70.6874 28.4235 54
      vertex 70.9187 29.1048 54
    endloop
  endfacet
  facet normal 0 0 1
    outer loop
      vertex 65.0813 29.1048 54
      vertex 70.9187 29.1048 54
      vertex 71.2369 29.75 54
    endloop
  endfacet
  facet normal 0 0 1
    outer loop
      vertex 64.7631 29.75 54
      vertex 71.2369 29.75 54
      vertex 71.6366 30.3482 54
    endloop
  endfacet
  facet normal 0 0 1
    outer loop
      vertex 64.3634 30.3482 54
      vertex 71.6366 30.3482 54
      vertex 72.1109 30.8891 54
    endloop
  endfacet
  facet normal 0 0 1
    outer loop
      vertex 63.8891 30.8891 54
      vertex 72.1109 30.8891 54
      vertex 72.6518 31.3634 54
    endloop
  endfacet
  facet normal 0 0 1
    outer loop
      vertex 73.8952 32.0813 54
      vertex 62.1048 32.0813 54
      vertex 73.25 31.7631 54
    endloop
  endfacet
  facet normal 0 0 1
    outer loop
      vertex 70.5471 27.7179 54
      vertex 65.4529 27.7179 54
      vertex 65.5 27 54
    endloop
  endfacet
  facet normal 0 0 1
    outer loop
      vertex 70.6874 28.4235 54
      vertex 65.3126 28.4235 54
      vertex 65.4529 27.7179 54
    endloop
  endfacet
  facet normal 0 0 1
    outer loop
      vertex 70.9187 29.1048 54
      vertex 65.0813 29.1048 54
      vertex 65.3126 28.4235 54
    endloop
  endfacet
  facet normal 0 0 1
    outer loop
      vertex 71.2369 29.75 54
      vertex 64.7631 29.75 54
      vertex 65.0813 29.1048 54
    endloop
  endfacet
  facet normal 0 0 1
    outer loop
      vertex 71.6366 30.3482 54
      vertex 64.3634 30.3482 54
      vertex 64.7631 29.75 54
    endloop
  endfacet
  facet normal 0 0 1
    outer loop
      vertex 72.1109 30.8891 54
      vertex 63.8891 30.8891 54
      vertex 64.3634 30.3482 54
    endloop
  endfacet
  facet normal 0 0 1
    outer loop
      vertex 72.6518 31.3634 54
      vertex 63.3482 31.3634 54
      vertex 63.8891 30.8891 54
    endloop
  endfacet
  facet normal 0 0 1
    outer loop
      vertex 72.6518 31.3634 54
      vertex 62.75 31.7631 54
      vertex 63.3482 31.3634 54
    endloop
  endfacet
  facet normal 0 0 1
    outer loop
      vertex 73.25 31.7631 54
      vertex 62.75 31.7631 54
      vertex 72.6518 31.3634 54
    endloop
  endfacet
  facet normal 0 -0 1
    outer loop
      vertex 62.75 31.7631 54
      vertex 73.25 31.7631 54
      vertex 62.1048 32.0813 54
    endloop
  endfacet
  facet normal 0 0 1
    outer loop
      vertex 92 46 54
      vertex 60.7179 32.4529 54
      vertex 61.4235 32.3126 54
    endloop
  endfacet
  facet normal 0 0 1
    outer loop
      vertex 92 46 54
      vertex 60 32.5 54
      vertex 60.7179 32.4529 54
    endloop
  endfacet
  facet normal 0 0 1
    outer loop
      vertex 92 46 54
      vertex 59.2821 32.4529 54
      vertex 60 32.5 54
    endloop
  endfacet
  facet normal 0 0 1
    outer loop
      vertex 44.7179 32.4529 54
      vertex 59.2821 32.4529 54
      vertex 92 46 54
    endloop
  endfacet
  facet normal 0 0 1
    outer loop
      vertex 59.2821 32.4529 54
      vertex 44.7179 32.4529 54
      vertex 58.5765 32.3126 54
    endloop
  endfacet
  facet normal 0 0 1
    outer loop
      vertex 54.5471 27.7179 54
      vertex 49.5 27 54
      vertex 54.5 27 54
    endloop
  endfacet
  facet normal 0 0 1
    outer loop
      vertex 49.4529 27.7179 54
      vertex 54.5471 27.7179 54
      vertex 54.6874 28.4235 54
    endloop
  endfacet
  facet normal 0 0 1
    outer loop
      vertex 49.3126 28.4235 54
      vertex 54.6874 28.4235 54
      vertex 54.9187 29.1048 54
    endloop
  endfacet
  facet normal 0 0 1
    outer loop
      vertex 49.0813 29.1048 54
      vertex 54.9187 29.1048 54
      vertex 55.2369 29.75 54
    endloop
  endfacet
  facet normal 0 0 1
    outer loop
      vertex 48.7631 29.75 54
      vertex 55.2369 29.75 54
      vertex 55.6366 30.3482 54
    endloop
  endfacet
  facet normal 0 0 1
    outer loop
      vertex 48.3634 30.3482 54
      vertex 55.6366 30.3482 54
      vertex 56.1109 30.8891 54
    endloop
  endfacet
  facet normal 0 0 1
    outer loop
      vertex 47.8891 30.8891 54
      vertex 56.1109 30.8891 54
      vertex 56.6518 31.3634 54
    endloop
  endfacet
  facet normal 0 0 1
    outer loop
      vertex 47.3482 31.3634 54
      vertex 56.6518 31.3634 54
      vertex 57.25 31.7631 54
    endloop
  endfacet
  facet normal 0 0 1
    outer loop
      vertex 54.5471 27.7179 54
      vertex 49.4529 27.7179 54
      vertex 49.5 27 54
    endloop
  endfacet
  facet normal 0 0 1
    outer loop
      vertex 54.6874 28.4235 54
      vertex 49.3126 28.4235 54
      vertex 49.4529 27.7179 54
    endloop
  endfacet
  facet normal 0 0 1
    outer loop
      vertex 46.75 31.7631 54
      vertex 57.25 31.7631 54
      vertex 57.8952 32.0813 54
    endloop
  endfacet
  facet normal 0 0 1
    outer loop
      vertex 54.9187 29.1048 54
      vertex 49.0813 29.1048 54
      vertex 49.3126 28.4235 54
    endloop
  endfacet
  facet normal 0 -0 1
    outer loop
      vertex 45.4235 32.3126 54
      vertex 58.5765 32.3126 54
      vertex 44.7179 32.4529 54
    endloop
  endfacet
  facet normal 0 0 1
    outer loop
      vertex 55.2369 29.75 54
      vertex 48.7631 29.75 54
      vertex 49.0813 29.1048 54
    endloop
  endfacet
  facet normal 0 0 1
    outer loop
      vertex 55.6366 30.3482 54
      vertex 48.3634 30.3482 54
      vertex 48.7631 29.75 54
    endloop
  endfacet
  facet normal 0 0 1
    outer loop
      vertex 56.1109 30.8891 54
      vertex 47.8891 30.8891 54
      vertex 48.3634 30.3482 54
    endloop
  endfacet
  facet normal 0 0 1
    outer loop
      vertex 56.6518 31.3634 54
      vertex 47.3482 31.3634 54
      vertex 47.8891 30.8891 54
    endloop
  endfacet
  facet normal 0 0 1
    outer loop
      vertex 57.25 31.7631 54
      vertex 46.75 31.7631 54
      vertex 47.3482 31.3634 54
    endloop
  endfacet
  facet normal 0 0 1
    outer loop
      vertex 57.8952 32.0813 54
      vertex 46.1048 32.0813 54
      vertex 46.75 31.7631 54
    endloop
  endfacet
  facet normal 0 0 1
    outer loop
      vertex 57.8952 32.0813 54
      vertex 45.4235 32.3126 54
      vertex 46.1048 32.0813 54
    endloop
  endfacet
  facet normal 0 0 1
    outer loop
      vertex 58.5765 32.3126 54
      vertex 45.4235 32.3126 54
      vertex 57.8952 32.0813 54
    endloop
  endfacet
  facet normal 0 0 1
    outer loop
      vertex 92 46 54
      vertex 44 32.5 54
      vertex 44.7179 32.4529 54
    endloop
  endfacet
  facet normal -0 0 1
    outer loop
      vertex 0 46 54
      vertex 44 32.5 54
      vertex 92 46 54
    endloop
  endfacet
  facet normal 0 0 1
    outer loop
      vertex 44 32.5 54
      vertex 0 46 54
      vertex 43.2821 32.4529 54
    endloop
  endfacet
  facet normal 0 0 1
    outer loop
      vertex 38.5471 27.7179 54
      vertex 33.5 27 54
      vertex 38.5 27 54
    endloop
  endfacet
  facet normal 0 0 1
    outer loop
      vertex 33.4529 27.7179 54
      vertex 38.5471 27.7179 54
      vertex 38.6874 28.4235 54
    endloop
  endfacet
  facet normal 0 0 1
    outer loop
      vertex 33.3126 28.4235 54
      vertex 38.6874 28.4235 54
      vertex 38.9187 29.1048 54
    endloop
  endfacet
  facet normal 0 0 1
    outer loop
      vertex 33.0813 29.1048 54
      vertex 38.9187 29.1048 54
      vertex 39.2369 29.75 54
    endloop
  endfacet
  facet normal 0 0 1
    outer loop
      vertex 32.7631 29.75 54
      vertex 39.2369 29.75 54
      vertex 39.6366 30.3482 54
    endloop
  endfacet
  facet normal 0 0 1
    outer loop
      vertex 32.3634 30.3482 54
      vertex 39.6366 30.3482 54
      vertex 40.1109 30.8891 54
    endloop
  endfacet
  facet normal 0 0 1
    outer loop
      vertex 31.8891 30.8891 54
      vertex 40.1109 30.8891 54
      vertex 40.6518 31.3634 54
    endloop
  endfacet
  facet normal 0 0 1
    outer loop
      vertex 31.3482 31.3634 54
      vertex 40.6518 31.3634 54
      vertex 41.25 31.7631 54
    endloop
  endfacet
  facet normal 0 0 1
    outer loop
      vertex 38.5471 27.7179 54
      vertex 33.4529 27.7179 54
      vertex 33.5 27 54
    endloop
  endfacet
  facet normal 0 0 1
    outer loop
      vertex 38.6874 28.4235 54
      vertex 33.3126 28.4235 54
      vertex 33.4529 27.7179 54
    endloop
  endfacet
  facet normal 0 0 1
    outer loop
      vertex 30.75 31.7631 54
      vertex 41.25 31.7631 54
      vertex 41.8952 32.0813 54
    endloop
  endfacet
  facet normal 0 0 1
    outer loop
      vertex 38.9187 29.1048 54
      vertex 33.0813 29.1048 54
      vertex 33.3126 28.4235 54
    endloop
  endfacet
  facet normal 0 0 1
    outer loop
      vertex 30.1048 32.0813 54
      vertex 41.8952 32.0813 54
      vertex 42.5765 32.3126 54
    endloop
  endfacet
  facet normal 0 0 1
    outer loop
      vertex 39.2369 29.75 54
      vertex 32.7631 29.75 54
      vertex 33.0813 29.1048 54
    endloop
  endfacet
  facet normal 0 -0 1
    outer loop
      vertex 28.7179 32.4529 54
      vertex 43.2821 32.4529 54
      vertex 0 46 54
    endloop
  endfacet
  facet normal 0 0 1
    outer loop
      vertex 39.6366 30.3482 54
      vertex 32.3634 30.3482 54
      vertex 32.7631 29.75 54
    endloop
  endfacet
  facet normal 0 0 1
    outer loop
      vertex 40.1109 30.8891 54
      vertex 31.8891 30.8891 54
      vertex 32.3634 30.3482 54
    endloop
  endfacet
  facet normal 0 0 1
    outer loop
      vertex 40.6518 31.3634 54
      vertex 31.3482 31.3634 54
      vertex 31.8891 30.8891 54
    endloop
  endfacet
  facet normal 0 0 1
    outer loop
      vertex 41.25 31.7631 54
      vertex 30.75 31.7631 54
      vertex 31.3482 31.3634 54
    endloop
  endfacet
  facet normal 0 0 1
    outer loop
      vertex 41.8952 32.0813 54
      vertex 30.1048 32.0813 54
      vertex 30.75 31.7631 54
    endloop
  endfacet
  facet normal 0 0 1
    outer loop
      vertex 42.5765 32.3126 54
      vertex 29.4235 32.3126 54
      vertex 30.1048 32.0813 54
    endloop
  endfacet
  facet normal 0 0 1
    outer loop
      vertex 43.2821 32.4529 54
      vertex 28.7179 32.4529 54
      vertex 42.5765 32.3126 54
    endloop
  endfacet
  facet normal 0 0 1
    outer loop
      vertex 42.5765 32.3126 54
      vertex 28.7179 32.4529 54
      vertex 29.4235 32.3126 54
    endloop
  endfacet
  facet normal 0 0 1
    outer loop
      vertex 28.7179 32.4529 54
      vertex 0 46 54
      vertex 28 32.5 54
    endloop
  endfacet
  facet normal 0 0 1
    outer loop
      vertex 28 32.5 54
      vertex 0 46 54
      vertex 27.2821 32.4529 54
    endloop
  endfacet
  facet normal 0 0 1
    outer loop
      vertex 22.5471 27.7179 54
      vertex 17.5 27 54
      vertex 22.5 27 54
    endloop
  endfacet
  facet normal 0 0 1
    outer loop
      vertex 17.4529 27.7179 54
      vertex 22.5471 27.7179 54
      vertex 22.6874 28.4235 54
    endloop
  endfacet
  facet normal 0 0 1
    outer loop
      vertex 17.3126 28.4235 54
      vertex 22.6874 28.4235 54
      vertex 22.9187 29.1048 54
    endloop
  endfacet
  facet normal 0 0 1
    outer loop
      vertex 17.0813 29.1048 54
      vertex 22.9187 29.1048 54
      vertex 23.2369 29.75 54
    endloop
  endfacet
  facet normal 0 0 1
    outer loop
      vertex 16.7631 29.75 54
      vertex 23.2369 29.75 54
      vertex 23.6366 30.3482 54
    endloop
  endfacet
  facet normal 0 0 1
    outer loop
      vertex 16.3634 30.3482 54
      vertex 23.6366 30.3482 54
      vertex 24.1109 30.8891 54
    endloop
  endfacet
  facet normal 0 0 1
    outer loop
      vertex 15.8891 30.8891 54
      vertex 24.1109 30.8891 54
      vertex 24.6518 31.3634 54
    endloop
  endfacet
  facet normal 0 0 1
    outer loop
      vertex 15.3482 31.3634 54
      vertex 24.6518 31.3634 54
      vertex 25.25 31.7631 54
    endloop
  endfacet
  facet normal 0 0 1
    outer loop
      vertex 22.5471 27.7179 54
      vertex 17.4529 27.7179 54
      vertex 17.5 27 54
    endloop
  endfacet
  facet normal 0 0 1
    outer loop
      vertex 22.6874 28.4235 54
      vertex 17.3126 28.4235 54
      vertex 17.4529 27.7179 54
    endloop
  endfacet
  facet normal 0 0 1
    outer loop
      vertex 14.75 31.7631 54
      vertex 25.25 31.7631 54
      vertex 25.8952 32.0813 54
    endloop
  endfacet
  facet normal 0 0 1
    outer loop
      vertex 22.9187 29.1048 54
      vertex 17.0813 29.1048 54
      vertex 17.3126 28.4235 54
    endloop
  endfacet
  facet normal 0 0 1
    outer loop
      vertex 14.1048 32.0813 54
      vertex 25.8952 32.0813 54
      vertex 26.5765 32.3126 54
    endloop
  endfacet
  facet normal 0 0 1
    outer loop
      vertex 23.2369 29.75 54
      vertex 16.7631 29.75 54
      vertex 17.0813 29.1048 54
    endloop
  endfacet
  facet normal 0 0 1
    outer loop
      vertex 23.6366 30.3482 54
      vertex 16.3634 30.3482 54
      vertex 16.7631 29.75 54
    endloop
  endfacet
  facet normal 0 0 1
    outer loop
      vertex 27.2821 32.4529 54
      vertex 0 46 54
      vertex 26.5765 32.3126 54
    endloop
  endfacet
  facet normal 0 0 1
    outer loop
      vertex 24.1109 30.8891 54
      vertex 15.8891 30.8891 54
      vertex 16.3634 30.3482 54
    endloop
  endfacet
  facet normal 0 0 1
    outer loop
      vertex 24.6518 31.3634 54
      vertex 15.3482 31.3634 54
      vertex 15.8891 30.8891 54
    endloop
  endfacet
  facet normal 0 0 1
    outer loop
      vertex 25.25 31.7631 54
      vertex 14.75 31.7631 54
      vertex 15.3482 31.3634 54
    endloop
  endfacet
  facet normal 0 -0 1
    outer loop
      vertex 13.4235 32.3126 54
      vertex 26.5765 32.3126 54
      vertex 0 46 54
    endloop
  endfacet
  facet normal 0 0 1
    outer loop
      vertex 25.8952 32.0813 54
      vertex 14.1048 32.0813 54
      vertex 14.75 31.7631 54
    endloop
  endfacet
  facet normal 0 0 1
    outer loop
      vertex 26.5765 32.3126 54
      vertex 13.4235 32.3126 54
      vertex 14.1048 32.0813 54
    endloop
  endfacet
  facet normal 0 0 1
    outer loop
      vertex 13.4235 32.3126 54
      vertex 0 46 54
      vertex 12.7179 32.4529 54
    endloop
  endfacet
  facet normal 0 0 1
    outer loop
      vertex 12.7179 32.4529 54
      vertex 0 46 54
      vertex 12 32.5 54
    endloop
  endfacet
  facet normal 0 0 1
    outer loop
      vertex 6.54705 27.7179 54
      vertex 0 46 54
      vertex 6.5 27 54
    endloop
  endfacet
  facet normal 0 0 1
    outer loop
      vertex 6.68741 28.4235 54
      vertex 0 46 54
      vertex 6.54705 27.7179 54
    endloop
  endfacet
  facet normal 0 0 1
    outer loop
      vertex 6.91866 29.1048 54
      vertex 0 46 54
      vertex 6.68741 28.4235 54
    endloop
  endfacet
  facet normal 0 0 1
    outer loop
      vertex 7.23686 29.75 54
      vertex 0 46 54
      vertex 6.91866 29.1048 54
    endloop
  endfacet
  facet normal 0 0 1
    outer loop
      vertex 7.63656 30.3482 54
      vertex 0 46 54
      vertex 7.23686 29.75 54
    endloop
  endfacet
  facet normal 0 0 1
    outer loop
      vertex 8.11091 30.8891 54
      vertex 0 46 54
      vertex 7.63656 30.3482 54
    endloop
  endfacet
  facet normal 0 0 1
    outer loop
      vertex 8.65181 31.3634 54
      vertex 0 46 54
      vertex 8.11091 30.8891 54
    endloop
  endfacet
  facet normal 0 0 1
    outer loop
      vertex 9.25 31.7631 54
      vertex 0 46 54
      vertex 8.65181 31.3634 54
    endloop
  endfacet
  facet normal 0 0 1
    outer loop
      vertex 9.89524 32.0813 54
      vertex 0 46 54
      vertex 9.25 31.7631 54
    endloop
  endfacet
  facet normal 0 0 1
    outer loop
      vertex 10.5765 32.3126 54
      vertex 0 46 54
      vertex 9.89524 32.0813 54
    endloop
  endfacet
  facet normal 0 0 1
    outer loop
      vertex 11.2821 32.4529 54
      vertex 0 46 54
      vertex 10.5765 32.3126 54
    endloop
  endfacet
  facet normal 0 0 1
    outer loop
      vertex 12 32.5 54
      vertex 0 46 54
      vertex 11.2821 32.4529 54
    endloop
  endfacet
  facet normal -0 0 1
    outer loop
      vertex 81.4529 26.2821 54
      vertex 92 4 54
      vertex 81.5 27 54
    endloop
  endfacet
  facet normal -0 0 1
    outer loop
      vertex 81.3126 25.5765 54
      vertex 92 4 54
      vertex 81.4529 26.2821 54
    endloop
  endfacet
  facet normal -0 0 1
    outer loop
      vertex 81.0813 24.8952 54
      vertex 92 4 54
      vertex 81.3126 25.5765 54
    endloop
  endfacet
  facet normal -0 0 1
    outer loop
      vertex 80.7631 24.25 54
      vertex 92 4 54
      vertex 81.0813 24.8952 54
    endloop
  endfacet
  facet normal -0 0 1
    outer loop
      vertex 80.3634 23.6518 54
      vertex 92 4 54
      vertex 80.7631 24.25 54
    endloop
  endfacet
  facet normal -0 0 1
    outer loop
      vertex 79.8891 23.1109 54
      vertex 92 4 54
      vertex 80.3634 23.6518 54
    endloop
  endfacet
  facet normal -0 0 1
    outer loop
      vertex 79.3482 22.6366 54
      vertex 92 4 54
      vertex 79.8891 23.1109 54
    endloop
  endfacet
  facet normal -0 0 1
    outer loop
      vertex 78.75 22.2369 54
      vertex 92 4 54
      vertex 79.3482 22.6366 54
    endloop
  endfacet
  facet normal -0 0 1
    outer loop
      vertex 78.1048 21.9187 54
      vertex 92 4 54
      vertex 78.75 22.2369 54
    endloop
  endfacet
  facet normal -0 0 1
    outer loop
      vertex 77.4235 21.6874 54
      vertex 92 4 54
      vertex 78.1048 21.9187 54
    endloop
  endfacet
  facet normal -0 0 1
    outer loop
      vertex 76.7179 21.5471 54
      vertex 92 4 54
      vertex 77.4235 21.6874 54
    endloop
  endfacet
  facet normal -0 0 1
    outer loop
      vertex 76 21.5 54
      vertex 92 4 54
      vertex 76.7179 21.5471 54
    endloop
  endfacet
  facet normal 0 0 1
    outer loop
      vertex 75.2821 21.5471 54
      vertex 92 4 54
      vertex 76 21.5 54
    endloop
  endfacet
  facet normal 0 0 1
    outer loop
      vertex 74.5765 21.6874 54
      vertex 92 4 54
      vertex 75.2821 21.5471 54
    endloop
  endfacet
  facet normal 0 0 1
    outer loop
      vertex 61.4235 21.6874 54
      vertex 74.5765 21.6874 54
      vertex 73.8952 21.9187 54
    endloop
  endfacet
  facet normal 0 0 1
    outer loop
      vertex 62.1048 21.9187 54
      vertex 73.8952 21.9187 54
      vertex 73.25 22.2369 54
    endloop
  endfacet
  facet normal 0 0 1
    outer loop
      vertex 62.75 22.2369 54
      vertex 73.25 22.2369 54
      vertex 72.6518 22.6366 54
    endloop
  endfacet
  facet normal 0 0 1
    outer loop
      vertex 63.3482 22.6366 54
      vertex 72.6518 22.6366 54
      vertex 72.1109 23.1109 54
    endloop
  endfacet
  facet normal -0 0 1
    outer loop
      vertex 65.5 27 54
      vertex 70.5471 26.2821 54
      vertex 70.5 27 54
    endloop
  endfacet
  facet normal 0 0 1
    outer loop
      vertex 65.4529 26.2821 54
      vertex 70.5471 26.2821 54
      vertex 65.5 27 54
    endloop
  endfacet
  facet normal 0 0 1
    outer loop
      vertex 70.5471 26.2821 54
      vertex 65.4529 26.2821 54
      vertex 70.6874 25.5765 54
    endloop
  endfacet
  facet normal 0 0 1
    outer loop
      vertex 65.3126 25.5765 54
      vertex 70.6874 25.5765 54
      vertex 65.4529 26.2821 54
    endloop
  endfacet
  facet normal 0 0 1
    outer loop
      vertex 70.6874 25.5765 54
      vertex 65.3126 25.5765 54
      vertex 70.9187 24.8952 54
    endloop
  endfacet
  facet normal 0 0 1
    outer loop
      vertex 65.0813 24.8952 54
      vertex 70.9187 24.8952 54
      vertex 65.3126 25.5765 54
    endloop
  endfacet
  facet normal 0 0 1
    outer loop
      vertex 70.9187 24.8952 54
      vertex 65.0813 24.8952 54
      vertex 71.2369 24.25 54
    endloop
  endfacet
  facet normal 0 0 1
    outer loop
      vertex 64.7631 24.25 54
      vertex 71.2369 24.25 54
      vertex 65.0813 24.8952 54
    endloop
  endfacet
  facet normal 0 0 1
    outer loop
      vertex 71.2369 24.25 54
      vertex 64.7631 24.25 54
      vertex 71.6366 23.6518 54
    endloop
  endfacet
  facet normal 0 0 1
    outer loop
      vertex 64.3634 23.6518 54
      vertex 71.6366 23.6518 54
      vertex 64.7631 24.25 54
    endloop
  endfacet
  facet normal 0 0 1
    outer loop
      vertex 71.6366 23.6518 54
      vertex 64.3634 23.6518 54
      vertex 72.1109 23.1109 54
    endloop
  endfacet
  facet normal 0 0 1
    outer loop
      vertex 63.8891 23.1109 54
      vertex 72.1109 23.1109 54
      vertex 64.3634 23.6518 54
    endloop
  endfacet
  facet normal 0 0 1
    outer loop
      vertex 63.3482 22.6366 54
      vertex 72.1109 23.1109 54
      vertex 63.8891 23.1109 54
    endloop
  endfacet
  facet normal 0 0 1
    outer loop
      vertex 72.6518 22.6366 54
      vertex 63.3482 22.6366 54
      vertex 62.75 22.2369 54
    endloop
  endfacet
  facet normal 0 0 1
    outer loop
      vertex 73.25 22.2369 54
      vertex 62.75 22.2369 54
      vertex 62.1048 21.9187 54
    endloop
  endfacet
  facet normal 0 0 1
    outer loop
      vertex 73.8952 21.9187 54
      vertex 62.1048 21.9187 54
      vertex 61.4235 21.6874 54
    endloop
  endfacet
  facet normal 0 0 1
    outer loop
      vertex 74.5765 21.6874 54
      vertex 61.4235 21.6874 54
      vertex 92 4 54
    endloop
  endfacet
  facet normal -0 0 1
    outer loop
      vertex 60.7179 21.5471 54
      vertex 92 4 54
      vertex 61.4235 21.6874 54
    endloop
  endfacet
  facet normal -0 0 1
    outer loop
      vertex 60 21.5 54
      vertex 92 4 54
      vertex 60.7179 21.5471 54
    endloop
  endfacet
  facet normal 0 0 1
    outer loop
      vertex 59.2821 21.5471 54
      vertex 92 4 54
      vertex 60 21.5 54
    endloop
  endfacet
  facet normal 0 0 1
    outer loop
      vertex 44.7179 21.5471 54
      vertex 59.2821 21.5471 54
      vertex 58.5765 21.6874 54
    endloop
  endfacet
  facet normal 0 0 1
    outer loop
      vertex 45.4235 21.6874 54
      vertex 58.5765 21.6874 54
      vertex 57.8952 21.9187 54
    endloop
  endfacet
  facet normal 0 0 1
    outer loop
      vertex 46.1048 21.9187 54
      vertex 57.8952 21.9187 54
      vertex 57.25 22.2369 54
    endloop
  endfacet
  facet normal -0 0 1
    outer loop
      vertex 49.5 27 54
      vertex 54.5471 26.2821 54
      vertex 54.5 27 54
    endloop
  endfacet
  facet normal 0 0 1
    outer loop
      vertex 49.4529 26.2821 54
      vertex 54.5471 26.2821 54
      vertex 49.5 27 54
    endloop
  endfacet
  facet normal 0 0 1
    outer loop
      vertex 54.5471 26.2821 54
      vertex 49.4529 26.2821 54
      vertex 54.6874 25.5765 54
    endloop
  endfacet
  facet normal 0 0 1
    outer loop
      vertex 49.3126 25.5765 54
      vertex 54.6874 25.5765 54
      vertex 49.4529 26.2821 54
    endloop
  endfacet
  facet normal 0 0 1
    outer loop
      vertex 54.6874 25.5765 54
      vertex 49.3126 25.5765 54
      vertex 54.9187 24.8952 54
    endloop
  endfacet
  facet normal 0 0 1
    outer loop
      vertex 49.0813 24.8952 54
      vertex 54.9187 24.8952 54
      vertex 49.3126 25.5765 54
    endloop
  endfacet
  facet normal 0 0 1
    outer loop
      vertex 54.9187 24.8952 54
      vertex 49.0813 24.8952 54
      vertex 55.2369 24.25 54
    endloop
  endfacet
  facet normal 0 0 1
    outer loop
      vertex 48.7631 24.25 54
      vertex 55.2369 24.25 54
      vertex 49.0813 24.8952 54
    endloop
  endfacet
  facet normal 0 0 1
    outer loop
      vertex 55.2369 24.25 54
      vertex 48.7631 24.25 54
      vertex 55.6366 23.6518 54
    endloop
  endfacet
  facet normal 0 0 1
    outer loop
      vertex 48.3634 23.6518 54
      vertex 55.6366 23.6518 54
      vertex 48.7631 24.25 54
    endloop
  endfacet
  facet normal 0 0 1
    outer loop
      vertex 55.6366 23.6518 54
      vertex 48.3634 23.6518 54
      vertex 56.1109 23.1109 54
    endloop
  endfacet
  facet normal 0 0 1
    outer loop
      vertex 47.8891 23.1109 54
      vertex 56.1109 23.1109 54
      vertex 48.3634 23.6518 54
    endloop
  endfacet
  facet normal 0 0 1
    outer loop
      vertex 56.1109 23.1109 54
      vertex 47.8891 23.1109 54
      vertex 56.6518 22.6366 54
    endloop
  endfacet
  facet normal 0 0 1
    outer loop
      vertex 47.3482 22.6366 54
      vertex 56.6518 22.6366 54
      vertex 47.8891 23.1109 54
    endloop
  endfacet
  facet normal 0 0 1
    outer loop
      vertex 56.6518 22.6366 54
      vertex 47.3482 22.6366 54
      vertex 57.25 22.2369 54
    endloop
  endfacet
  facet normal 0 0 1
    outer loop
      vertex 46.75 22.2369 54
      vertex 57.25 22.2369 54
      vertex 47.3482 22.6366 54
    endloop
  endfacet
  facet normal 0 0 1
    outer loop
      vertex 46.1048 21.9187 54
      vertex 57.25 22.2369 54
      vertex 46.75 22.2369 54
    endloop
  endfacet
  facet normal 0 0 1
    outer loop
      vertex 57.8952 21.9187 54
      vertex 46.1048 21.9187 54
      vertex 45.4235 21.6874 54
    endloop
  endfacet
  facet normal 0 0 1
    outer loop
      vertex 58.5765 21.6874 54
      vertex 45.4235 21.6874 54
      vertex 44.7179 21.5471 54
    endloop
  endfacet
  facet normal 0 0 1
    outer loop
      vertex 59.2821 21.5471 54
      vertex 44.7179 21.5471 54
      vertex 92 4 54
    endloop
  endfacet
  facet normal -0 0 1
    outer loop
      vertex 44 21.5 54
      vertex 92 4 54
      vertex 44.7179 21.5471 54
    endloop
  endfacet
  facet normal 0 0 1
    outer loop
      vertex 0 4 54
      vertex 44 21.5 54
      vertex 43.2821 21.5471 54
    endloop
  endfacet
  facet normal 0 0 1
    outer loop
      vertex 28.7179 21.5471 54
      vertex 43.2821 21.5471 54
      vertex 42.5765 21.6874 54
    endloop
  endfacet
  facet normal 0 0 1
    outer loop
      vertex 29.4235 21.6874 54
      vertex 42.5765 21.6874 54
      vertex 41.8952 21.9187 54
    endloop
  endfacet
  facet normal -0 0 1
    outer loop
      vertex 33.5 27 54
      vertex 38.5471 26.2821 54
      vertex 38.5 27 54
    endloop
  endfacet
  facet normal 0 0 1
    outer loop
      vertex 33.4529 26.2821 54
      vertex 38.5471 26.2821 54
      vertex 33.5 27 54
    endloop
  endfacet
  facet normal 0 0 1
    outer loop
      vertex 38.5471 26.2821 54
      vertex 33.4529 26.2821 54
      vertex 38.6874 25.5765 54
    endloop
  endfacet
  facet normal 0 0 1
    outer loop
      vertex 33.3126 25.5765 54
      vertex 38.6874 25.5765 54
      vertex 33.4529 26.2821 54
    endloop
  endfacet
  facet normal 0 0 1
    outer loop
      vertex 38.6874 25.5765 54
      vertex 33.3126 25.5765 54
      vertex 38.9187 24.8952 54
    endloop
  endfacet
  facet normal 0 0 1
    outer loop
      vertex 33.0813 24.8952 54
      vertex 38.9187 24.8952 54
      vertex 33.3126 25.5765 54
    endloop
  endfacet
  facet normal 0 0 1
    outer loop
      vertex 38.9187 24.8952 54
      vertex 33.0813 24.8952 54
      vertex 39.2369 24.25 54
    endloop
  endfacet
  facet normal 0 0 1
    outer loop
      vertex 32.7631 24.25 54
      vertex 39.2369 24.25 54
      vertex 33.0813 24.8952 54
    endloop
  endfacet
  facet normal 0 0 1
    outer loop
      vertex 39.2369 24.25 54
      vertex 32.7631 24.25 54
      vertex 39.6366 23.6518 54
    endloop
  endfacet
  facet normal 0 0 1
    outer loop
      vertex 32.3634 23.6518 54
      vertex 39.6366 23.6518 54
      vertex 32.7631 24.25 54
    endloop
  endfacet
  facet normal 0 0 1
    outer loop
      vertex 39.6366 23.6518 54
      vertex 32.3634 23.6518 54
      vertex 40.1109 23.1109 54
    endloop
  endfacet
  facet normal 0 0 1
    outer loop
      vertex 31.8891 23.1109 54
      vertex 40.1109 23.1109 54
      vertex 32.3634 23.6518 54
    endloop
  endfacet
  facet normal 0 0 1
    outer loop
      vertex 40.1109 23.1109 54
      vertex 31.8891 23.1109 54
      vertex 40.6518 22.6366 54
    endloop
  endfacet
  facet normal 0 0 1
    outer loop
      vertex 31.3482 22.6366 54
      vertex 40.6518 22.6366 54
      vertex 31.8891 23.1109 54
    endloop
  endfacet
  facet normal 0 0 1
    outer loop
      vertex 40.6518 22.6366 54
      vertex 31.3482 22.6366 54
      vertex 41.25 22.2369 54
    endloop
  endfacet
  facet normal 0 0 1
    outer loop
      vertex 30.75 22.2369 54
      vertex 41.25 22.2369 54
      vertex 31.3482 22.6366 54
    endloop
  endfacet
  facet normal 0 0 1
    outer loop
      vertex 41.25 22.2369 54
      vertex 30.75 22.2369 54
      vertex 41.8952 21.9187 54
    endloop
  endfacet
  facet normal 0 0 1
    outer loop
      vertex 30.1048 21.9187 54
      vertex 41.8952 21.9187 54
      vertex 30.75 22.2369 54
    endloop
  endfacet
  facet normal 0 0 1
    outer loop
      vertex 29.4235 21.6874 54
      vertex 41.8952 21.9187 54
      vertex 30.1048 21.9187 54
    endloop
  endfacet
  facet normal 0 0 1
    outer loop
      vertex 42.5765 21.6874 54
      vertex 29.4235 21.6874 54
      vertex 28.7179 21.5471 54
    endloop
  endfacet
  facet normal 0 0 1
    outer loop
      vertex 43.2821 21.5471 54
      vertex 28.7179 21.5471 54
      vertex 0 4 54
    endloop
  endfacet
  facet normal 0 0 1
    outer loop
      vertex 0 4 54
      vertex 28.7179 21.5471 54
      vertex 28 21.5 54
    endloop
  endfacet
  facet normal 0 0 1
    outer loop
      vertex 0 4 54
      vertex 28 21.5 54
      vertex 27.2821 21.5471 54
    endloop
  endfacet
  facet normal 0 0 1
    outer loop
      vertex 0 4 54
      vertex 27.2821 21.5471 54
      vertex 26.5765 21.6874 54
    endloop
  endfacet
  facet normal -0 0 1
    outer loop
      vertex 17.5 27 54
      vertex 22.5471 26.2821 54
      vertex 22.5 27 54
    endloop
  endfacet
  facet normal 0 0 1
    outer loop
      vertex 17.4529 26.2821 54
      vertex 22.5471 26.2821 54
      vertex 17.5 27 54
    endloop
  endfacet
  facet normal 0 0 1
    outer loop
      vertex 22.5471 26.2821 54
      vertex 17.4529 26.2821 54
      vertex 22.6874 25.5765 54
    endloop
  endfacet
  facet normal 0 0 1
    outer loop
      vertex 17.3126 25.5765 54
      vertex 22.6874 25.5765 54
      vertex 17.4529 26.2821 54
    endloop
  endfacet
  facet normal 0 0 1
    outer loop
      vertex 22.6874 25.5765 54
      vertex 17.3126 25.5765 54
      vertex 22.9187 24.8952 54
    endloop
  endfacet
  facet normal 0 0 1
    outer loop
      vertex 17.0813 24.8952 54
      vertex 22.9187 24.8952 54
      vertex 17.3126 25.5765 54
    endloop
  endfacet
  facet normal 0 0 1
    outer loop
      vertex 22.9187 24.8952 54
      vertex 17.0813 24.8952 54
      vertex 23.2369 24.25 54
    endloop
  endfacet
  facet normal 0 0 1
    outer loop
      vertex 16.7631 24.25 54
      vertex 23.2369 24.25 54
      vertex 17.0813 24.8952 54
    endloop
  endfacet
  facet normal 0 0 1
    outer loop
      vertex 23.2369 24.25 54
      vertex 16.7631 24.25 54
      vertex 23.6366 23.6518 54
    endloop
  endfacet
  facet normal 0 0 1
    outer loop
      vertex 16.3634 23.6518 54
      vertex 23.6366 23.6518 54
      vertex 16.7631 24.25 54
    endloop
  endfacet
  facet normal 0 0 1
    outer loop
      vertex 23.6366 23.6518 54
      vertex 16.3634 23.6518 54
      vertex 24.1109 23.1109 54
    endloop
  endfacet
  facet normal 0 0 1
    outer loop
      vertex 15.8891 23.1109 54
      vertex 24.1109 23.1109 54
      vertex 16.3634 23.6518 54
    endloop
  endfacet
  facet normal 0 0 1
    outer loop
      vertex 24.1109 23.1109 54
      vertex 15.8891 23.1109 54
      vertex 24.6518 22.6366 54
    endloop
  endfacet
  facet normal 0 0 1
    outer loop
      vertex 15.3482 22.6366 54
      vertex 24.6518 22.6366 54
      vertex 15.8891 23.1109 54
    endloop
  endfacet
  facet normal 0 0 1
    outer loop
      vertex 24.6518 22.6366 54
      vertex 15.3482 22.6366 54
      vertex 25.25 22.2369 54
    endloop
  endfacet
  facet normal 0 0 1
    outer loop
      vertex 14.75 22.2369 54
      vertex 25.25 22.2369 54
      vertex 15.3482 22.6366 54
    endloop
  endfacet
  facet normal 0 0 1
    outer loop
      vertex 25.25 22.2369 54
      vertex 14.75 22.2369 54
      vertex 25.8952 21.9187 54
    endloop
  endfacet
  facet normal 0 0 1
    outer loop
      vertex 14.1048 21.9187 54
      vertex 25.8952 21.9187 54
      vertex 14.75 22.2369 54
    endloop
  endfacet
  facet normal 0 0 1
    outer loop
      vertex 25.8952 21.9187 54
      vertex 14.1048 21.9187 54
      vertex 26.5765 21.6874 54
    endloop
  endfacet
  facet normal 0 0 1
    outer loop
      vertex 13.4235 21.6874 54
      vertex 26.5765 21.6874 54
      vertex 14.1048 21.9187 54
    endloop
  endfacet
  facet normal 0 0 1
    outer loop
      vertex 26.5765 21.6874 54
      vertex 13.4235 21.6874 54
      vertex 0 4 54
    endloop
  endfacet
  facet normal 0 0 1
    outer loop
      vertex 0 4 54
      vertex 13.4235 21.6874 54
      vertex 12.7179 21.5471 54
    endloop
  endfacet
  facet normal 0 0 1
    outer loop
      vertex 0 4 54
      vertex 12.7179 21.5471 54
      vertex 12 21.5 54
    endloop
  endfacet
  facet normal 0 0 1
    outer loop
      vertex 0 4 54
      vertex 12 21.5 54
      vertex 11.2821 21.5471 54
    endloop
  endfacet
  facet normal 0 0 1
    outer loop
      vertex 0 4 54
      vertex 11.2821 21.5471 54
      vertex 10.5765 21.6874 54
    endloop
  endfacet
  facet normal 0 0 1
    outer loop
      vertex 0 4 54
      vertex 6.5 27 54
      vertex 0 46 54
    endloop
  endfacet
  facet normal 0 0 1
    outer loop
      vertex 6.5 27 54
      vertex 0 4 54
      vertex 6.54705 26.2821 54
    endloop
  endfacet
  facet normal 0 0 1
    outer loop
      vertex 44 21.5 54
      vertex 0 4 54
      vertex 92 4 54
    endloop
  endfacet
  facet normal 0 0 1
    outer loop
      vertex 9.89524 21.9187 54
      vertex 0 4 54
      vertex 10.5765 21.6874 54
    endloop
  endfacet
  facet normal 0 0 1
    outer loop
      vertex 9.25 22.2369 54
      vertex 0 4 54
      vertex 9.89524 21.9187 54
    endloop
  endfacet
  facet normal 0 0 1
    outer loop
      vertex 8.65181 22.6366 54
      vertex 0 4 54
      vertex 9.25 22.2369 54
    endloop
  endfacet
  facet normal 0 0 1
    outer loop
      vertex 8.11091 23.1109 54
      vertex 0 4 54
      vertex 8.65181 22.6366 54
    endloop
  endfacet
  facet normal 0 0 1
    outer loop
      vertex 7.63656 23.6518 54
      vertex 0 4 54
      vertex 8.11091 23.1109 54
    endloop
  endfacet
  facet normal 0 0 1
    outer loop
      vertex 7.23686 24.25 54
      vertex 0 4 54
      vertex 7.63656 23.6518 54
    endloop
  endfacet
  facet normal 0 0 1
    outer loop
      vertex 6.91866 24.8952 54
      vertex 0 4 54
      vertex 7.23686 24.25 54
    endloop
  endfacet
  facet normal 0 0 1
    outer loop
      vertex 6.68741 25.5765 54
      vertex 0 4 54
      vertex 6.91866 24.8952 54
    endloop
  endfacet
  facet normal 0 0 1
    outer loop
      vertex 6.54705 26.2821 54
      vertex 0 4 54
      vertex 6.68741 25.5765 54
    endloop
  endfacet
  facet normal 0 0 -1
    outer loop
      vertex 92 4 45
      vertex 81.5 27 45
      vertex 92 46 45
    endloop
  endfacet
  facet normal 0 0 -1
    outer loop
      vertex 92 4 45
      vertex 81.4529 26.2821 45
      vertex 81.5 27 45
    endloop
  endfacet
  facet normal 0 0 -1
    outer loop
      vertex 92 4 45
      vertex 81.3126 25.5765 45
      vertex 81.4529 26.2821 45
    endloop
  endfacet
  facet normal 0 0 -1
    outer loop
      vertex 92 4 45
      vertex 81.0813 24.8952 45
      vertex 81.3126 25.5765 45
    endloop
  endfacet
  facet normal 0 0 -1
    outer loop
      vertex 92 4 45
      vertex 80.7631 24.25 45
      vertex 81.0813 24.8952 45
    endloop
  endfacet
  facet normal 0 0 -1
    outer loop
      vertex 92 4 45
      vertex 80.3634 23.6518 45
      vertex 80.7631 24.25 45
    endloop
  endfacet
  facet normal 0 0 -1
    outer loop
      vertex 92 4 45
      vertex 79.8891 23.1109 45
      vertex 80.3634 23.6518 45
    endloop
  endfacet
  facet normal 0 0 -1
    outer loop
      vertex 92 4 45
      vertex 79.3482 22.6366 45
      vertex 79.8891 23.1109 45
    endloop
  endfacet
  facet normal 0 0 -1
    outer loop
      vertex 92 4 45
      vertex 78.75 22.2369 45
      vertex 79.3482 22.6366 45
    endloop
  endfacet
  facet normal 0 0 -1
    outer loop
      vertex 92 4 45
      vertex 78.1048 21.9187 45
      vertex 78.75 22.2369 45
    endloop
  endfacet
  facet normal 0 0 -1
    outer loop
      vertex 92 4 45
      vertex 77.4235 21.6874 45
      vertex 78.1048 21.9187 45
    endloop
  endfacet
  facet normal 0 0 -1
    outer loop
      vertex 92 4 45
      vertex 76.7179 21.5471 45
      vertex 77.4235 21.6874 45
    endloop
  endfacet
  facet normal 0 0 -1
    outer loop
      vertex 92 4 45
      vertex 76 21.5 45
      vertex 76.7179 21.5471 45
    endloop
  endfacet
  facet normal 0 0 -1
    outer loop
      vertex 92 4 45
      vertex 75.2821 21.5471 45
      vertex 76 21.5 45
    endloop
  endfacet
  facet normal 0 0 -1
    outer loop
      vertex 92 4 45
      vertex 74.5765 21.6874 45
      vertex 75.2821 21.5471 45
    endloop
  endfacet
  facet normal 0 0 -1
    outer loop
      vertex 61.4235 21.6874 45
      vertex 74.5765 21.6874 45
      vertex 92 4 45
    endloop
  endfacet
  facet normal 0 0 -1
    outer loop
      vertex 74.5765 21.6874 45
      vertex 61.4235 21.6874 45
      vertex 73.8952 21.9187 45
    endloop
  endfacet
  facet normal 0 -0 -1
    outer loop
      vertex 62.1048 21.9187 45
      vertex 73.8952 21.9187 45
      vertex 61.4235 21.6874 45
    endloop
  endfacet
  facet normal 0 0 -1
    outer loop
      vertex 73.8952 21.9187 45
      vertex 62.1048 21.9187 45
      vertex 73.25 22.2369 45
    endloop
  endfacet
  facet normal 0 0 -1
    outer loop
      vertex 70.5471 26.2821 45
      vertex 65.5 27 45
      vertex 70.5 27 45
    endloop
  endfacet
  facet normal 0 0 -1
    outer loop
      vertex 65.4529 26.2821 45
      vertex 70.5471 26.2821 45
      vertex 70.6874 25.5765 45
    endloop
  endfacet
  facet normal 0 0 -1
    outer loop
      vertex 65.3126 25.5765 45
      vertex 70.6874 25.5765 45
      vertex 70.9187 24.8952 45
    endloop
  endfacet
  facet normal 0 0 -1
    outer loop
      vertex 65.0813 24.8952 45
      vertex 70.9187 24.8952 45
      vertex 71.2369 24.25 45
    endloop
  endfacet
  facet normal 0 0 -1
    outer loop
      vertex 64.7631 24.25 45
      vertex 71.2369 24.25 45
      vertex 71.6366 23.6518 45
    endloop
  endfacet
  facet normal 0 0 -1
    outer loop
      vertex 64.3634 23.6518 45
      vertex 71.6366 23.6518 45
      vertex 72.1109 23.1109 45
    endloop
  endfacet
  facet normal 0 0 -1
    outer loop
      vertex 73.25 22.2369 45
      vertex 62.75 22.2369 45
      vertex 72.6518 22.6366 45
    endloop
  endfacet
  facet normal 0 0 -1
    outer loop
      vertex 70.5471 26.2821 45
      vertex 65.4529 26.2821 45
      vertex 65.5 27 45
    endloop
  endfacet
  facet normal 0 0 -1
    outer loop
      vertex 70.6874 25.5765 45
      vertex 65.3126 25.5765 45
      vertex 65.4529 26.2821 45
    endloop
  endfacet
  facet normal 0 0 -1
    outer loop
      vertex 70.9187 24.8952 45
      vertex 65.0813 24.8952 45
      vertex 65.3126 25.5765 45
    endloop
  endfacet
  facet normal 0 0 -1
    outer loop
      vertex 71.2369 24.25 45
      vertex 64.7631 24.25 45
      vertex 65.0813 24.8952 45
    endloop
  endfacet
  facet normal 0 0 -1
    outer loop
      vertex 71.6366 23.6518 45
      vertex 64.3634 23.6518 45
      vertex 64.7631 24.25 45
    endloop
  endfacet
  facet normal 0 0 -1
    outer loop
      vertex 72.1109 23.1109 45
      vertex 63.8891 23.1109 45
      vertex 64.3634 23.6518 45
    endloop
  endfacet
  facet normal -0 0 -1
    outer loop
      vertex 72.1109 23.1109 45
      vertex 63.3482 22.6366 45
      vertex 63.8891 23.1109 45
    endloop
  endfacet
  facet normal 0 0 -1
    outer loop
      vertex 72.6518 22.6366 45
      vertex 63.3482 22.6366 45
      vertex 72.1109 23.1109 45
    endloop
  endfacet
  facet normal 0 -0 -1
    outer loop
      vertex 63.3482 22.6366 45
      vertex 72.6518 22.6366 45
      vertex 62.75 22.2369 45
    endloop
  endfacet
  facet normal 0 -0 -1
    outer loop
      vertex 62.75 22.2369 45
      vertex 73.25 22.2369 45
      vertex 62.1048 21.9187 45
    endloop
  endfacet
  facet normal 0 0 -1
    outer loop
      vertex 92 4 45
      vertex 60.7179 21.5471 45
      vertex 61.4235 21.6874 45
    endloop
  endfacet
  facet normal 0 0 -1
    outer loop
      vertex 92 4 45
      vertex 60 21.5 45
      vertex 60.7179 21.5471 45
    endloop
  endfacet
  facet normal 0 0 -1
    outer loop
      vertex 92 4 45
      vertex 59.2821 21.5471 45
      vertex 60 21.5 45
    endloop
  endfacet
  facet normal 0 0 -1
    outer loop
      vertex 44.7179 21.5471 45
      vertex 59.2821 21.5471 45
      vertex 92 4 45
    endloop
  endfacet
  facet normal 0 0 -1
    outer loop
      vertex 59.2821 21.5471 45
      vertex 44.7179 21.5471 45
      vertex 58.5765 21.6874 45
    endloop
  endfacet
  facet normal 0 -0 -1
    outer loop
      vertex 45.4235 21.6874 45
      vertex 58.5765 21.6874 45
      vertex 44.7179 21.5471 45
    endloop
  endfacet
  facet normal 0 0 -1
    outer loop
      vertex 54.5471 26.2821 45
      vertex 49.5 27 45
      vertex 54.5 27 45
    endloop
  endfacet
  facet normal 0 0 -1
    outer loop
      vertex 49.4529 26.2821 45
      vertex 54.5471 26.2821 45
      vertex 54.6874 25.5765 45
    endloop
  endfacet
  facet normal 0 0 -1
    outer loop
      vertex 49.3126 25.5765 45
      vertex 54.6874 25.5765 45
      vertex 54.9187 24.8952 45
    endloop
  endfacet
  facet normal 0 0 -1
    outer loop
      vertex 49.0813 24.8952 45
      vertex 54.9187 24.8952 45
      vertex 55.2369 24.25 45
    endloop
  endfacet
  facet normal 0 0 -1
    outer loop
      vertex 48.7631 24.25 45
      vertex 55.2369 24.25 45
      vertex 55.6366 23.6518 45
    endloop
  endfacet
  facet normal 0 0 -1
    outer loop
      vertex 48.3634 23.6518 45
      vertex 55.6366 23.6518 45
      vertex 56.1109 23.1109 45
    endloop
  endfacet
  facet normal 0 0 -1
    outer loop
      vertex 47.8891 23.1109 45
      vertex 56.1109 23.1109 45
      vertex 56.6518 22.6366 45
    endloop
  endfacet
  facet normal 0 0 -1
    outer loop
      vertex 47.3482 22.6366 45
      vertex 56.6518 22.6366 45
      vertex 57.25 22.2369 45
    endloop
  endfacet
  facet normal 0 0 -1
    outer loop
      vertex 54.5471 26.2821 45
      vertex 49.4529 26.2821 45
      vertex 49.5 27 45
    endloop
  endfacet
  facet normal 0 0 -1
    outer loop
      vertex 58.5765 21.6874 45
      vertex 45.4235 21.6874 45
      vertex 57.8952 21.9187 45
    endloop
  endfacet
  facet normal 0 0 -1
    outer loop
      vertex 54.6874 25.5765 45
      vertex 49.3126 25.5765 45
      vertex 49.4529 26.2821 45
    endloop
  endfacet
  facet normal 0 0 -1
    outer loop
      vertex 54.9187 24.8952 45
      vertex 49.0813 24.8952 45
      vertex 49.3126 25.5765 45
    endloop
  endfacet
  facet normal 0 0 -1
    outer loop
      vertex 55.2369 24.25 45
      vertex 48.7631 24.25 45
      vertex 49.0813 24.8952 45
    endloop
  endfacet
  facet normal 0 0 -1
    outer loop
      vertex 55.6366 23.6518 45
      vertex 48.3634 23.6518 45
      vertex 48.7631 24.25 45
    endloop
  endfacet
  facet normal 0 0 -1
    outer loop
      vertex 56.1109 23.1109 45
      vertex 47.8891 23.1109 45
      vertex 48.3634 23.6518 45
    endloop
  endfacet
  facet normal 0 0 -1
    outer loop
      vertex 56.6518 22.6366 45
      vertex 47.3482 22.6366 45
      vertex 47.8891 23.1109 45
    endloop
  endfacet
  facet normal 0 0 -1
    outer loop
      vertex 57.25 22.2369 45
      vertex 46.75 22.2369 45
      vertex 47.3482 22.6366 45
    endloop
  endfacet
  facet normal -0 0 -1
    outer loop
      vertex 57.25 22.2369 45
      vertex 46.1048 21.9187 45
      vertex 46.75 22.2369 45
    endloop
  endfacet
  facet normal 0 0 -1
    outer loop
      vertex 57.8952 21.9187 45
      vertex 46.1048 21.9187 45
      vertex 57.25 22.2369 45
    endloop
  endfacet
  facet normal 0 -0 -1
    outer loop
      vertex 46.1048 21.9187 45
      vertex 57.8952 21.9187 45
      vertex 45.4235 21.6874 45
    endloop
  endfacet
  facet normal 0 0 -1
    outer loop
      vertex 92 4 45
      vertex 44 21.5 45
      vertex 44.7179 21.5471 45
    endloop
  endfacet
  facet normal 0 0 -1
    outer loop
      vertex 0 4 45
      vertex 44 21.5 45
      vertex 92 4 45
    endloop
  endfacet
  facet normal -0 0 -1
    outer loop
      vertex 44 21.5 45
      vertex 0 4 45
      vertex 43.2821 21.5471 45
    endloop
  endfacet
  facet normal 0 -0 -1
    outer loop
      vertex 28.7179 21.5471 45
      vertex 43.2821 21.5471 45
      vertex 0 4 45
    endloop
  endfacet
  facet normal 0 0 -1
    outer loop
      vertex 38.5471 26.2821 45
      vertex 33.5 27 45
      vertex 38.5 27 45
    endloop
  endfacet
  facet normal 0 0 -1
    outer loop
      vertex 33.4529 26.2821 45
      vertex 38.5471 26.2821 45
      vertex 38.6874 25.5765 45
    endloop
  endfacet
  facet normal 0 0 -1
    outer loop
      vertex 33.3126 25.5765 45
      vertex 38.6874 25.5765 45
      vertex 38.9187 24.8952 45
    endloop
  endfacet
  facet normal 0 0 -1
    outer loop
      vertex 33.0813 24.8952 45
      vertex 38.9187 24.8952 45
      vertex 39.2369 24.25 45
    endloop
  endfacet
  facet normal 0 0 -1
    outer loop
      vertex 32.7631 24.25 45
      vertex 39.2369 24.25 45
      vertex 39.6366 23.6518 45
    endloop
  endfacet
  facet normal 0 0 -1
    outer loop
      vertex 32.3634 23.6518 45
      vertex 39.6366 23.6518 45
      vertex 40.1109 23.1109 45
    endloop
  endfacet
  facet normal 0 0 -1
    outer loop
      vertex 31.8891 23.1109 45
      vertex 40.1109 23.1109 45
      vertex 40.6518 22.6366 45
    endloop
  endfacet
  facet normal 0 0 -1
    outer loop
      vertex 31.3482 22.6366 45
      vertex 40.6518 22.6366 45
      vertex 41.25 22.2369 45
    endloop
  endfacet
  facet normal 0 0 -1
    outer loop
      vertex 38.5471 26.2821 45
      vertex 33.4529 26.2821 45
      vertex 33.5 27 45
    endloop
  endfacet
  facet normal 0 0 -1
    outer loop
      vertex 38.6874 25.5765 45
      vertex 33.3126 25.5765 45
      vertex 33.4529 26.2821 45
    endloop
  endfacet
  facet normal 0 0 -1
    outer loop
      vertex 30.75 22.2369 45
      vertex 41.25 22.2369 45
      vertex 41.8952 21.9187 45
    endloop
  endfacet
  facet normal 0 0 -1
    outer loop
      vertex 38.9187 24.8952 45
      vertex 33.0813 24.8952 45
      vertex 33.3126 25.5765 45
    endloop
  endfacet
  facet normal 0 0 -1
    outer loop
      vertex 43.2821 21.5471 45
      vertex 28.7179 21.5471 45
      vertex 42.5765 21.6874 45
    endloop
  endfacet
  facet normal 0 0 -1
    outer loop
      vertex 39.2369 24.25 45
      vertex 32.7631 24.25 45
      vertex 33.0813 24.8952 45
    endloop
  endfacet
  facet normal 0 0 -1
    outer loop
      vertex 39.6366 23.6518 45
      vertex 32.3634 23.6518 45
      vertex 32.7631 24.25 45
    endloop
  endfacet
  facet normal 0 0 -1
    outer loop
      vertex 40.1109 23.1109 45
      vertex 31.8891 23.1109 45
      vertex 32.3634 23.6518 45
    endloop
  endfacet
  facet normal 0 0 -1
    outer loop
      vertex 40.6518 22.6366 45
      vertex 31.3482 22.6366 45
      vertex 31.8891 23.1109 45
    endloop
  endfacet
  facet normal 0 0 -1
    outer loop
      vertex 41.25 22.2369 45
      vertex 30.75 22.2369 45
      vertex 31.3482 22.6366 45
    endloop
  endfacet
  facet normal 0 0 -1
    outer loop
      vertex 41.8952 21.9187 45
      vertex 30.1048 21.9187 45
      vertex 30.75 22.2369 45
    endloop
  endfacet
  facet normal -0 0 -1
    outer loop
      vertex 41.8952 21.9187 45
      vertex 29.4235 21.6874 45
      vertex 30.1048 21.9187 45
    endloop
  endfacet
  facet normal 0 -0 -1
    outer loop
      vertex 29.4235 21.6874 45
      vertex 42.5765 21.6874 45
      vertex 28.7179 21.5471 45
    endloop
  endfacet
  facet normal 0 0 -1
    outer loop
      vertex 42.5765 21.6874 45
      vertex 29.4235 21.6874 45
      vertex 41.8952 21.9187 45
    endloop
  endfacet
  facet normal 0 0 -1
    outer loop
      vertex 28.7179 21.5471 45
      vertex 0 4 45
      vertex 28 21.5 45
    endloop
  endfacet
  facet normal -0 0 -1
    outer loop
      vertex 28 21.5 45
      vertex 0 4 45
      vertex 27.2821 21.5471 45
    endloop
  endfacet
  facet normal 0 0 -1
    outer loop
      vertex 22.5471 26.2821 45
      vertex 17.5 27 45
      vertex 22.5 27 45
    endloop
  endfacet
  facet normal 0 0 -1
    outer loop
      vertex 17.4529 26.2821 45
      vertex 22.5471 26.2821 45
      vertex 22.6874 25.5765 45
    endloop
  endfacet
  facet normal 0 0 -1
    outer loop
      vertex 17.3126 25.5765 45
      vertex 22.6874 25.5765 45
      vertex 22.9187 24.8952 45
    endloop
  endfacet
  facet normal 0 0 -1
    outer loop
      vertex 17.0813 24.8952 45
      vertex 22.9187 24.8952 45
      vertex 23.2369 24.25 45
    endloop
  endfacet
  facet normal 0 0 -1
    outer loop
      vertex 16.7631 24.25 45
      vertex 23.2369 24.25 45
      vertex 23.6366 23.6518 45
    endloop
  endfacet
  facet normal 0 0 -1
    outer loop
      vertex 16.3634 23.6518 45
      vertex 23.6366 23.6518 45
      vertex 24.1109 23.1109 45
    endloop
  endfacet
  facet normal 0 0 -1
    outer loop
      vertex 15.8891 23.1109 45
      vertex 24.1109 23.1109 45
      vertex 24.6518 22.6366 45
    endloop
  endfacet
  facet normal 0 0 -1
    outer loop
      vertex 15.3482 22.6366 45
      vertex 24.6518 22.6366 45
      vertex 25.25 22.2369 45
    endloop
  endfacet
  facet normal 0 0 -1
    outer loop
      vertex 22.5471 26.2821 45
      vertex 17.4529 26.2821 45
      vertex 17.5 27 45
    endloop
  endfacet
  facet normal 0 0 -1
    outer loop
      vertex 22.6874 25.5765 45
      vertex 17.3126 25.5765 45
      vertex 17.4529 26.2821 45
    endloop
  endfacet
  facet normal 0 0 -1
    outer loop
      vertex 14.75 22.2369 45
      vertex 25.25 22.2369 45
      vertex 25.8952 21.9187 45
    endloop
  endfacet
  facet normal 0 0 -1
    outer loop
      vertex 22.9187 24.8952 45
      vertex 17.0813 24.8952 45
      vertex 17.3126 25.5765 45
    endloop
  endfacet
  facet normal 0 0 -1
    outer loop
      vertex 14.1048 21.9187 45
      vertex 25.8952 21.9187 45
      vertex 26.5765 21.6874 45
    endloop
  endfacet
  facet normal 0 0 -1
    outer loop
      vertex 23.2369 24.25 45
      vertex 16.7631 24.25 45
      vertex 17.0813 24.8952 45
    endloop
  endfacet
  facet normal -0 0 -1
    outer loop
      vertex 27.2821 21.5471 45
      vertex 0 4 45
      vertex 26.5765 21.6874 45
    endloop
  endfacet
  facet normal 0 0 -1
    outer loop
      vertex 23.6366 23.6518 45
      vertex 16.3634 23.6518 45
      vertex 16.7631 24.25 45
    endloop
  endfacet
  facet normal 0 0 -1
    outer loop
      vertex 24.1109 23.1109 45
      vertex 15.8891 23.1109 45
      vertex 16.3634 23.6518 45
    endloop
  endfacet
  facet normal 0 0 -1
    outer loop
      vertex 24.6518 22.6366 45
      vertex 15.3482 22.6366 45
      vertex 15.8891 23.1109 45
    endloop
  endfacet
  facet normal 0 -0 -1
    outer loop
      vertex 13.4235 21.6874 45
      vertex 26.5765 21.6874 45
      vertex 0 4 45
    endloop
  endfacet
  facet normal 0 0 -1
    outer loop
      vertex 25.25 22.2369 45
      vertex 14.75 22.2369 45
      vertex 15.3482 22.6366 45
    endloop
  endfacet
  facet normal 0 0 -1
    outer loop
      vertex 25.8952 21.9187 45
      vertex 14.1048 21.9187 45
      vertex 14.75 22.2369 45
    endloop
  endfacet
  facet normal 0 0 -1
    outer loop
      vertex 26.5765 21.6874 45
      vertex 13.4235 21.6874 45
      vertex 14.1048 21.9187 45
    endloop
  endfacet
  facet normal 0 0 -1
    outer loop
      vertex 13.4235 21.6874 45
      vertex 0 4 45
      vertex 12.7179 21.5471 45
    endloop
  endfacet
  facet normal 0 0 -1
    outer loop
      vertex 12.7179 21.5471 45
      vertex 0 4 45
      vertex 12 21.5 45
    endloop
  endfacet
  facet normal -0 0 -1
    outer loop
      vertex 12 21.5 45
      vertex 0 4 45
      vertex 11.2821 21.5471 45
    endloop
  endfacet
  facet normal -0 0 -1
    outer loop
      vertex 6.54705 26.2821 45
      vertex 0 4 45
      vertex 6.5 27 45
    endloop
  endfacet
  facet normal -0 0 -1
    outer loop
      vertex 6.68741 25.5765 45
      vertex 0 4 45
      vertex 6.54705 26.2821 45
    endloop
  endfacet
  facet normal -0 0 -1
    outer loop
      vertex 6.91866 24.8952 45
      vertex 0 4 45
      vertex 6.68741 25.5765 45
    endloop
  endfacet
  facet normal -0 0 -1
    outer loop
      vertex 7.23686 24.25 45
      vertex 0 4 45
      vertex 6.91866 24.8952 45
    endloop
  endfacet
  facet normal -0 0 -1
    outer loop
      vertex 7.63656 23.6518 45
      vertex 0 4 45
      vertex 7.23686 24.25 45
    endloop
  endfacet
  facet normal -0 0 -1
    outer loop
      vertex 8.11091 23.1109 45
      vertex 0 4 45
      vertex 7.63656 23.6518 45
    endloop
  endfacet
  facet normal -0 0 -1
    outer loop
      vertex 8.65181 22.6366 45
      vertex 0 4 45
      vertex 8.11091 23.1109 45
    endloop
  endfacet
  facet normal -0 0 -1
    outer loop
      vertex 9.25 22.2369 45
      vertex 0 4 45
      vertex 8.65181 22.6366 45
    endloop
  endfacet
  facet normal -0 0 -1
    outer loop
      vertex 9.89524 21.9187 45
      vertex 0 4 45
      vertex 9.25 22.2369 45
    endloop
  endfacet
  facet normal -0 0 -1
    outer loop
      vertex 10.5765 21.6874 45
      vertex 0 4 45
      vertex 9.89524 21.9187 45
    endloop
  endfacet
  facet normal -0 0 -1
    outer loop
      vertex 11.2821 21.5471 45
      vertex 0 4 45
      vertex 10.5765 21.6874 45
    endloop
  endfacet
  facet normal 0 0 -1
    outer loop
      vertex 81.4529 27.7179 45
      vertex 92 46 45
      vertex 81.5 27 45
    endloop
  endfacet
  facet normal 0 0 -1
    outer loop
      vertex 81.3126 28.4235 45
      vertex 92 46 45
      vertex 81.4529 27.7179 45
    endloop
  endfacet
  facet normal 0 0 -1
    outer loop
      vertex 81.0813 29.1048 45
      vertex 92 46 45
      vertex 81.3126 28.4235 45
    endloop
  endfacet
  facet normal 0 0 -1
    outer loop
      vertex 80.7631 29.75 45
      vertex 92 46 45
      vertex 81.0813 29.1048 45
    endloop
  endfacet
  facet normal 0 0 -1
    outer loop
      vertex 80.3634 30.3482 45
      vertex 92 46 45
      vertex 80.7631 29.75 45
    endloop
  endfacet
  facet normal 0 0 -1
    outer loop
      vertex 79.8891 30.8891 45
      vertex 92 46 45
      vertex 80.3634 30.3482 45
    endloop
  endfacet
  facet normal 0 0 -1
    outer loop
      vertex 79.3482 31.3634 45
      vertex 92 46 45
      vertex 79.8891 30.8891 45
    endloop
  endfacet
  facet normal 0 0 -1
    outer loop
      vertex 78.75 31.7631 45
      vertex 92 46 45
      vertex 79.3482 31.3634 45
    endloop
  endfacet
  facet normal 0 0 -1
    outer loop
      vertex 78.1048 32.0813 45
      vertex 92 46 45
      vertex 78.75 31.7631 45
    endloop
  endfacet
  facet normal 0 0 -1
    outer loop
      vertex 77.4235 32.3126 45
      vertex 92 46 45
      vertex 78.1048 32.0813 45
    endloop
  endfacet
  facet normal 0 0 -1
    outer loop
      vertex 76.7179 32.4529 45
      vertex 92 46 45
      vertex 77.4235 32.3126 45
    endloop
  endfacet
  facet normal 0 0 -1
    outer loop
      vertex 76 32.5 45
      vertex 92 46 45
      vertex 76.7179 32.4529 45
    endloop
  endfacet
  facet normal 0 0 -1
    outer loop
      vertex 75.2821 32.4529 45
      vertex 92 46 45
      vertex 76 32.5 45
    endloop
  endfacet
  facet normal 0 0 -1
    outer loop
      vertex 74.5765 32.3126 45
      vertex 92 46 45
      vertex 75.2821 32.4529 45
    endloop
  endfacet
  facet normal 0 0 -1
    outer loop
      vertex 61.4235 32.3126 45
      vertex 74.5765 32.3126 45
      vertex 73.8952 32.0813 45
    endloop
  endfacet
  facet normal 0 0 -1
    outer loop
      vertex 62.1048 32.0813 45
      vertex 73.8952 32.0813 45
      vertex 73.25 31.7631 45
    endloop
  endfacet
  facet normal 0 0 -1
    outer loop
      vertex 62.75 31.7631 45
      vertex 73.25 31.7631 45
      vertex 72.6518 31.3634 45
    endloop
  endfacet
  facet normal 0 0 -1
    outer loop
      vertex 65.5 27 45
      vertex 70.5471 27.7179 45
      vertex 70.5 27 45
    endloop
  endfacet
  facet normal 0 0 -1
    outer loop
      vertex 65.4529 27.7179 45
      vertex 70.5471 27.7179 45
      vertex 65.5 27 45
    endloop
  endfacet
  facet normal 0 0 -1
    outer loop
      vertex 70.5471 27.7179 45
      vertex 65.4529 27.7179 45
      vertex 70.6874 28.4235 45
    endloop
  endfacet
  facet normal 0 0 -1
    outer loop
      vertex 65.3126 28.4235 45
      vertex 70.6874 28.4235 45
      vertex 65.4529 27.7179 45
    endloop
  endfacet
  facet normal 0 0 -1
    outer loop
      vertex 70.6874 28.4235 45
      vertex 65.3126 28.4235 45
      vertex 70.9187 29.1048 45
    endloop
  endfacet
  facet normal 0 0 -1
    outer loop
      vertex 65.0813 29.1048 45
      vertex 70.9187 29.1048 45
      vertex 65.3126 28.4235 45
    endloop
  endfacet
  facet normal 0 0 -1
    outer loop
      vertex 70.9187 29.1048 45
      vertex 65.0813 29.1048 45
      vertex 71.2369 29.75 45
    endloop
  endfacet
  facet normal 0 0 -1
    outer loop
      vertex 64.7631 29.75 45
      vertex 71.2369 29.75 45
      vertex 65.0813 29.1048 45
    endloop
  endfacet
  facet normal 0 0 -1
    outer loop
      vertex 71.2369 29.75 45
      vertex 64.7631 29.75 45
      vertex 71.6366 30.3482 45
    endloop
  endfacet
  facet normal 0 0 -1
    outer loop
      vertex 64.3634 30.3482 45
      vertex 71.6366 30.3482 45
      vertex 64.7631 29.75 45
    endloop
  endfacet
  facet normal 0 0 -1
    outer loop
      vertex 71.6366 30.3482 45
      vertex 64.3634 30.3482 45
      vertex 72.1109 30.8891 45
    endloop
  endfacet
  facet normal 0 0 -1
    outer loop
      vertex 63.8891 30.8891 45
      vertex 72.1109 30.8891 45
      vertex 64.3634 30.3482 45
    endloop
  endfacet
  facet normal 0 0 -1
    outer loop
      vertex 72.1109 30.8891 45
      vertex 63.8891 30.8891 45
      vertex 72.6518 31.3634 45
    endloop
  endfacet
  facet normal 0 0 -1
    outer loop
      vertex 63.3482 31.3634 45
      vertex 72.6518 31.3634 45
      vertex 63.8891 30.8891 45
    endloop
  endfacet
  facet normal 0 0 -1
    outer loop
      vertex 62.75 31.7631 45
      vertex 72.6518 31.3634 45
      vertex 63.3482 31.3634 45
    endloop
  endfacet
  facet normal 0 0 -1
    outer loop
      vertex 73.25 31.7631 45
      vertex 62.75 31.7631 45
      vertex 62.1048 32.0813 45
    endloop
  endfacet
  facet normal 0 0 -1
    outer loop
      vertex 73.8952 32.0813 45
      vertex 62.1048 32.0813 45
      vertex 61.4235 32.3126 45
    endloop
  endfacet
  facet normal 0 0 -1
    outer loop
      vertex 74.5765 32.3126 45
      vertex 61.4235 32.3126 45
      vertex 92 46 45
    endloop
  endfacet
  facet normal 0 0 -1
    outer loop
      vertex 60.7179 32.4529 45
      vertex 92 46 45
      vertex 61.4235 32.3126 45
    endloop
  endfacet
  facet normal 0 0 -1
    outer loop
      vertex 60 32.5 45
      vertex 92 46 45
      vertex 60.7179 32.4529 45
    endloop
  endfacet
  facet normal 0 0 -1
    outer loop
      vertex 59.2821 32.4529 45
      vertex 92 46 45
      vertex 60 32.5 45
    endloop
  endfacet
  facet normal 0 0 -1
    outer loop
      vertex 44.7179 32.4529 45
      vertex 59.2821 32.4529 45
      vertex 58.5765 32.3126 45
    endloop
  endfacet
  facet normal 0 0 -1
    outer loop
      vertex 45.4235 32.3126 45
      vertex 58.5765 32.3126 45
      vertex 57.8952 32.0813 45
    endloop
  endfacet
  facet normal 0 0 -1
    outer loop
      vertex 49.5 27 45
      vertex 54.5471 27.7179 45
      vertex 54.5 27 45
    endloop
  endfacet
  facet normal 0 0 -1
    outer loop
      vertex 49.4529 27.7179 45
      vertex 54.5471 27.7179 45
      vertex 49.5 27 45
    endloop
  endfacet
  facet normal 0 0 -1
    outer loop
      vertex 54.5471 27.7179 45
      vertex 49.4529 27.7179 45
      vertex 54.6874 28.4235 45
    endloop
  endfacet
  facet normal 0 0 -1
    outer loop
      vertex 49.3126 28.4235 45
      vertex 54.6874 28.4235 45
      vertex 49.4529 27.7179 45
    endloop
  endfacet
  facet normal 0 0 -1
    outer loop
      vertex 54.6874 28.4235 45
      vertex 49.3126 28.4235 45
      vertex 54.9187 29.1048 45
    endloop
  endfacet
  facet normal 0 0 -1
    outer loop
      vertex 49.0813 29.1048 45
      vertex 54.9187 29.1048 45
      vertex 49.3126 28.4235 45
    endloop
  endfacet
  facet normal 0 0 -1
    outer loop
      vertex 54.9187 29.1048 45
      vertex 49.0813 29.1048 45
      vertex 55.2369 29.75 45
    endloop
  endfacet
  facet normal 0 0 -1
    outer loop
      vertex 48.7631 29.75 45
      vertex 55.2369 29.75 45
      vertex 49.0813 29.1048 45
    endloop
  endfacet
  facet normal 0 0 -1
    outer loop
      vertex 55.2369 29.75 45
      vertex 48.7631 29.75 45
      vertex 55.6366 30.3482 45
    endloop
  endfacet
  facet normal 0 0 -1
    outer loop
      vertex 48.3634 30.3482 45
      vertex 55.6366 30.3482 45
      vertex 48.7631 29.75 45
    endloop
  endfacet
  facet normal 0 0 -1
    outer loop
      vertex 55.6366 30.3482 45
      vertex 48.3634 30.3482 45
      vertex 56.1109 30.8891 45
    endloop
  endfacet
  facet normal 0 0 -1
    outer loop
      vertex 47.8891 30.8891 45
      vertex 56.1109 30.8891 45
      vertex 48.3634 30.3482 45
    endloop
  endfacet
  facet normal 0 0 -1
    outer loop
      vertex 56.1109 30.8891 45
      vertex 47.8891 30.8891 45
      vertex 56.6518 31.3634 45
    endloop
  endfacet
  facet normal 0 0 -1
    outer loop
      vertex 47.3482 31.3634 45
      vertex 56.6518 31.3634 45
      vertex 47.8891 30.8891 45
    endloop
  endfacet
  facet normal 0 0 -1
    outer loop
      vertex 56.6518 31.3634 45
      vertex 47.3482 31.3634 45
      vertex 57.25 31.7631 45
    endloop
  endfacet
  facet normal 0 0 -1
    outer loop
      vertex 46.75 31.7631 45
      vertex 57.25 31.7631 45
      vertex 47.3482 31.3634 45
    endloop
  endfacet
  facet normal 0 0 -1
    outer loop
      vertex 57.25 31.7631 45
      vertex 46.75 31.7631 45
      vertex 57.8952 32.0813 45
    endloop
  endfacet
  facet normal 0 0 -1
    outer loop
      vertex 46.1048 32.0813 45
      vertex 57.8952 32.0813 45
      vertex 46.75 31.7631 45
    endloop
  endfacet
  facet normal 0 0 -1
    outer loop
      vertex 45.4235 32.3126 45
      vertex 57.8952 32.0813 45
      vertex 46.1048 32.0813 45
    endloop
  endfacet
  facet normal 0 0 -1
    outer loop
      vertex 58.5765 32.3126 45
      vertex 45.4235 32.3126 45
      vertex 44.7179 32.4529 45
    endloop
  endfacet
  facet normal 0 0 -1
    outer loop
      vertex 59.2821 32.4529 45
      vertex 44.7179 32.4529 45
      vertex 92 46 45
    endloop
  endfacet
  facet normal 0 0 -1
    outer loop
      vertex 44 32.5 45
      vertex 92 46 45
      vertex 44.7179 32.4529 45
    endloop
  endfacet
  facet normal 0 0 -1
    outer loop
      vertex 0 46 45
      vertex 44 32.5 45
      vertex 43.2821 32.4529 45
    endloop
  endfacet
  facet normal 0 0 -1
    outer loop
      vertex 28.7179 32.4529 45
      vertex 43.2821 32.4529 45
      vertex 42.5765 32.3126 45
    endloop
  endfacet
  facet normal 0 0 -1
    outer loop
      vertex 33.5 27 45
      vertex 38.5471 27.7179 45
      vertex 38.5 27 45
    endloop
  endfacet
  facet normal 0 0 -1
    outer loop
      vertex 33.4529 27.7179 45
      vertex 38.5471 27.7179 45
      vertex 33.5 27 45
    endloop
  endfacet
  facet normal 0 0 -1
    outer loop
      vertex 38.5471 27.7179 45
      vertex 33.4529 27.7179 45
      vertex 38.6874 28.4235 45
    endloop
  endfacet
  facet normal 0 0 -1
    outer loop
      vertex 33.3126 28.4235 45
      vertex 38.6874 28.4235 45
      vertex 33.4529 27.7179 45
    endloop
  endfacet
  facet normal 0 0 -1
    outer loop
      vertex 38.6874 28.4235 45
      vertex 33.3126 28.4235 45
      vertex 38.9187 29.1048 45
    endloop
  endfacet
  facet normal 0 0 -1
    outer loop
      vertex 33.0813 29.1048 45
      vertex 38.9187 29.1048 45
      vertex 33.3126 28.4235 45
    endloop
  endfacet
  facet normal 0 0 -1
    outer loop
      vertex 38.9187 29.1048 45
      vertex 33.0813 29.1048 45
      vertex 39.2369 29.75 45
    endloop
  endfacet
  facet normal 0 0 -1
    outer loop
      vertex 32.7631 29.75 45
      vertex 39.2369 29.75 45
      vertex 33.0813 29.1048 45
    endloop
  endfacet
  facet normal 0 0 -1
    outer loop
      vertex 39.2369 29.75 45
      vertex 32.7631 29.75 45
      vertex 39.6366 30.3482 45
    endloop
  endfacet
  facet normal 0 0 -1
    outer loop
      vertex 32.3634 30.3482 45
      vertex 39.6366 30.3482 45
      vertex 32.7631 29.75 45
    endloop
  endfacet
  facet normal 0 0 -1
    outer loop
      vertex 39.6366 30.3482 45
      vertex 32.3634 30.3482 45
      vertex 40.1109 30.8891 45
    endloop
  endfacet
  facet normal 0 0 -1
    outer loop
      vertex 31.8891 30.8891 45
      vertex 40.1109 30.8891 45
      vertex 32.3634 30.3482 45
    endloop
  endfacet
  facet normal 0 0 -1
    outer loop
      vertex 40.1109 30.8891 45
      vertex 31.8891 30.8891 45
      vertex 40.6518 31.3634 45
    endloop
  endfacet
  facet normal 0 0 -1
    outer loop
      vertex 31.3482 31.3634 45
      vertex 40.6518 31.3634 45
      vertex 31.8891 30.8891 45
    endloop
  endfacet
  facet normal 0 0 -1
    outer loop
      vertex 40.6518 31.3634 45
      vertex 31.3482 31.3634 45
      vertex 41.25 31.7631 45
    endloop
  endfacet
  facet normal 0 0 -1
    outer loop
      vertex 30.75 31.7631 45
      vertex 41.25 31.7631 45
      vertex 31.3482 31.3634 45
    endloop
  endfacet
  facet normal 0 0 -1
    outer loop
      vertex 41.25 31.7631 45
      vertex 30.75 31.7631 45
      vertex 41.8952 32.0813 45
    endloop
  endfacet
  facet normal 0 0 -1
    outer loop
      vertex 30.1048 32.0813 45
      vertex 41.8952 32.0813 45
      vertex 30.75 31.7631 45
    endloop
  endfacet
  facet normal 0 0 -1
    outer loop
      vertex 41.8952 32.0813 45
      vertex 30.1048 32.0813 45
      vertex 42.5765 32.3126 45
    endloop
  endfacet
  facet normal 0 0 -1
    outer loop
      vertex 29.4235 32.3126 45
      vertex 42.5765 32.3126 45
      vertex 30.1048 32.0813 45
    endloop
  endfacet
  facet normal 0 0 -1
    outer loop
      vertex 28.7179 32.4529 45
      vertex 42.5765 32.3126 45
      vertex 29.4235 32.3126 45
    endloop
  endfacet
  facet normal 0 0 -1
    outer loop
      vertex 43.2821 32.4529 45
      vertex 28.7179 32.4529 45
      vertex 0 46 45
    endloop
  endfacet
  facet normal 0 0 -1
    outer loop
      vertex 0 46 45
      vertex 28.7179 32.4529 45
      vertex 28 32.5 45
    endloop
  endfacet
  facet normal 0 0 -1
    outer loop
      vertex 0 46 45
      vertex 28 32.5 45
      vertex 27.2821 32.4529 45
    endloop
  endfacet
  facet normal 0 0 -1
    outer loop
      vertex 0 46 45
      vertex 27.2821 32.4529 45
      vertex 26.5765 32.3126 45
    endloop
  endfacet
  facet normal 0 0 -1
    outer loop
      vertex 17.5 27 45
      vertex 22.5471 27.7179 45
      vertex 22.5 27 45
    endloop
  endfacet
  facet normal 0 0 -1
    outer loop
      vertex 17.4529 27.7179 45
      vertex 22.5471 27.7179 45
      vertex 17.5 27 45
    endloop
  endfacet
  facet normal 0 0 -1
    outer loop
      vertex 22.5471 27.7179 45
      vertex 17.4529 27.7179 45
      vertex 22.6874 28.4235 45
    endloop
  endfacet
  facet normal 0 0 -1
    outer loop
      vertex 17.3126 28.4235 45
      vertex 22.6874 28.4235 45
      vertex 17.4529 27.7179 45
    endloop
  endfacet
  facet normal 0 0 -1
    outer loop
      vertex 22.6874 28.4235 45
      vertex 17.3126 28.4235 45
      vertex 22.9187 29.1048 45
    endloop
  endfacet
  facet normal 0 0 -1
    outer loop
      vertex 17.0813 29.1048 45
      vertex 22.9187 29.1048 45
      vertex 17.3126 28.4235 45
    endloop
  endfacet
  facet normal 0 0 -1
    outer loop
      vertex 22.9187 29.1048 45
      vertex 17.0813 29.1048 45
      vertex 23.2369 29.75 45
    endloop
  endfacet
  facet normal 0 0 -1
    outer loop
      vertex 16.7631 29.75 45
      vertex 23.2369 29.75 45
      vertex 17.0813 29.1048 45
    endloop
  endfacet
  facet normal 0 0 -1
    outer loop
      vertex 23.2369 29.75 45
      vertex 16.7631 29.75 45
      vertex 23.6366 30.3482 45
    endloop
  endfacet
  facet normal 0 0 -1
    outer loop
      vertex 16.3634 30.3482 45
      vertex 23.6366 30.3482 45
      vertex 16.7631 29.75 45
    endloop
  endfacet
  facet normal 0 0 -1
    outer loop
      vertex 23.6366 30.3482 45
      vertex 16.3634 30.3482 45
      vertex 24.1109 30.8891 45
    endloop
  endfacet
  facet normal 0 0 -1
    outer loop
      vertex 15.8891 30.8891 45
      vertex 24.1109 30.8891 45
      vertex 16.3634 30.3482 45
    endloop
  endfacet
  facet normal 0 0 -1
    outer loop
      vertex 24.1109 30.8891 45
      vertex 15.8891 30.8891 45
      vertex 24.6518 31.3634 45
    endloop
  endfacet
  facet normal 0 0 -1
    outer loop
      vertex 15.3482 31.3634 45
      vertex 24.6518 31.3634 45
      vertex 15.8891 30.8891 45
    endloop
  endfacet
  facet normal 0 0 -1
    outer loop
      vertex 24.6518 31.3634 45
      vertex 15.3482 31.3634 45
      vertex 25.25 31.7631 45
    endloop
  endfacet
  facet normal 0 0 -1
    outer loop
      vertex 14.75 31.7631 45
      vertex 25.25 31.7631 45
      vertex 15.3482 31.3634 45
    endloop
  endfacet
  facet normal 0 0 -1
    outer loop
      vertex 25.25 31.7631 45
      vertex 14.75 31.7631 45
      vertex 25.8952 32.0813 45
    endloop
  endfacet
  facet normal 0 0 -1
    outer loop
      vertex 14.1048 32.0813 45
      vertex 25.8952 32.0813 45
      vertex 14.75 31.7631 45
    endloop
  endfacet
  facet normal 0 0 -1
    outer loop
      vertex 25.8952 32.0813 45
      vertex 14.1048 32.0813 45
      vertex 26.5765 32.3126 45
    endloop
  endfacet
  facet normal 0 0 -1
    outer loop
      vertex 13.4235 32.3126 45
      vertex 26.5765 32.3126 45
      vertex 14.1048 32.0813 45
    endloop
  endfacet
  facet normal 0 0 -1
    outer loop
      vertex 26.5765 32.3126 45
      vertex 13.4235 32.3126 45
      vertex 0 46 45
    endloop
  endfacet
  facet normal 0 0 -1
    outer loop
      vertex 0 46 45
      vertex 13.4235 32.3126 45
      vertex 12.7179 32.4529 45
    endloop
  endfacet
  facet normal 0 0 -1
    outer loop
      vertex 0 46 45
      vertex 12.7179 32.4529 45
      vertex 12 32.5 45
    endloop
  endfacet
  facet normal 0 0 -1
    outer loop
      vertex 0 46 45
      vertex 12 32.5 45
      vertex 11.2821 32.4529 45
    endloop
  endfacet
  facet normal 0 0 -1
    outer loop
      vertex 0 46 45
      vertex 6.5 27 45
      vertex 0 4 45
    endloop
  endfacet
  facet normal 0 0 -1
    outer loop
      vertex 6.5 27 45
      vertex 0 46 45
      vertex 6.54705 27.7179 45
    endloop
  endfacet
  facet normal 0 0 -1
    outer loop
      vertex 44 32.5 45
      vertex 0 46 45
      vertex 92 46 45
    endloop
  endfacet
  facet normal 0 0 -1
    outer loop
      vertex 10.5765 32.3126 45
      vertex 0 46 45
      vertex 11.2821 32.4529 45
    endloop
  endfacet
  facet normal 0 0 -1
    outer loop
      vertex 9.89524 32.0813 45
      vertex 0 46 45
      vertex 10.5765 32.3126 45
    endloop
  endfacet
  facet normal 0 0 -1
    outer loop
      vertex 9.25 31.7631 45
      vertex 0 46 45
      vertex 9.89524 32.0813 45
    endloop
  endfacet
  facet normal 0 0 -1
    outer loop
      vertex 8.65181 31.3634 45
      vertex 0 46 45
      vertex 9.25 31.7631 45
    endloop
  endfacet
  facet normal 0 0 -1
    outer loop
      vertex 8.11091 30.8891 45
      vertex 0 46 45
      vertex 8.65181 31.3634 45
    endloop
  endfacet
  facet normal 0 0 -1
    outer loop
      vertex 7.63656 30.3482 45
      vertex 0 46 45
      vertex 8.11091 30.8891 45
    endloop
  endfacet
  facet normal 0 0 -1
    outer loop
      vertex 7.23686 29.75 45
      vertex 0 46 45
      vertex 7.63656 30.3482 45
    endloop
  endfacet
  facet normal 0 0 -1
    outer loop
      vertex 6.91866 29.1048 45
      vertex 0 46 45
      vertex 7.23686 29.75 45
    endloop
  endfacet
  facet normal 0 0 -1
    outer loop
      vertex 6.68741 28.4235 45
      vertex 0 46 45
      vertex 6.91866 29.1048 45
    endloop
  endfacet
  facet normal 0 0 -1
    outer loop
      vertex 6.54705 27.7179 45
      vertex 0 46 45
      vertex 6.68741 28.4235 45
    endloop
  endfacet
  facet normal 0 1 -0
    outer loop
      vertex 92 46 45
      vertex 0 46 54
      vertex 92 46 54
    endloop
  endfacet
  facet normal 0 1 0
    outer loop
      vertex 0 46 54
      vertex 92 46 45
      vertex 0 46 45
    endloop
  endfacet
endsolid OpenSCAD_Model
