solid OpenSCAD_Model
  facet normal 0.0555617 -0.706034 -0.705995
    outer loop
      vertex -25.0124 -18.25 0.468694
      vertex -25.1793 -18.25 0.455559
      vertex -25.0857 -17.7871 0
    endloop
  endfacet
  facet normal 0.459892 0.538547 -0.706022
    outer loop
      vertex -24.5075 17.4925 0
      vertex -24.6328 17.5995 0
      vertex -23.9418 18.0582 0.799999
    endloop
  endfacet
  facet normal 0.0555627 -0.706011 -0.706018
    outer loop
      vertex -25.25 -17.8 0
      vertex -25.1793 -18.25 0.455559
      vertex -25.25 -18.25 0.449995
    endloop
  endfacet
  facet normal 0.0554335 -0.706026 -0.706013
    outer loop
      vertex -25.1793 -18.25 0.455559
      vertex -25.25 -17.8 0
      vertex -25.0857 -17.7871 0
    endloop
  endfacet
  facet normal -0.321247 -0.642493 -0.695703
    outer loop
      vertex -59.4256 -17.868 0.260293
      vertex -59.2267 -17.6856 0
      vertex -59.4254 -17.8681 0.260293
    endloop
  endfacet
  facet normal -0.370068 -0.603885 -0.705955
    outer loop
      vertex -59.2267 -17.6856 0
      vertex -59.4256 -17.868 0.260293
      vertex -59.3672 -17.5995 0
    endloop
  endfacet
  facet normal -0.370017 -0.603905 -0.705964
    outer loop
      vertex -59.3672 -17.5995 0
      vertex -59.4256 -17.868 0.260293
      vertex -59.5099 -17.796 0.242886
    endloop
  endfacet
  facet normal -0.459937 0.5386 -0.705952
    outer loop
      vertex -59.4925 17.4925 0
      vertex -59.577 17.7387 0.242889
      vertex -59.3672 17.5995 0
    endloop
  endfacet
  facet normal -0.460113 0.538501 -0.705913
    outer loop
      vertex -59.577 17.7387 0.242889
      vertex -59.4925 17.4925 0
      vertex -59.6642 17.6642 0.242894
    endloop
  endfacet
  facet normal 0.0554335 0.706026 -0.706013
    outer loop
      vertex -25.25 17.8 0
      vertex -25.1793 18.25 0.455559
      vertex -25.0857 17.7871 0
    endloop
  endfacet
  facet normal 0.0555627 0.706011 -0.706018
    outer loop
      vertex -25.1793 18.25 0.455559
      vertex -25.25 17.8 0
      vertex -25.25 18.25 0.449995
    endloop
  endfacet
  facet normal 0.706019 0.055433 -0.70602
    outer loop
      vertex -24.2 16.75 0
      vertex -24.2129 16.9143 0
      vertex -23.4 16.75 0.799999
    endloop
  endfacet
  facet normal -0.0552321 -0.706047 -0.706008
    outer loop
      vertex -58.9143 -17.7871 0
      vertex -58.868 -18.1521 0.361398
      vertex -58.9657 -18.1117 0.328639
    endloop
  endfacet
  facet normal -0.057044 -0.706091 -0.70582
    outer loop
      vertex -58.868 -18.1521 0.361398
      vertex -58.9143 -17.7871 0
      vertex -58.8391 -18.1591 0.366065
    endloop
  endfacet
  facet normal -0.270835 -0.654391 -0.705989
    outer loop
      vertex -59.2595 -17.9698 0.276012
      vertex -59.3449 -17.9175 0.260296
      vertex -59.2267 -17.6856 0
    endloop
  endfacet
  facet normal 0 -0.707103 -0.707111
    outer loop
      vertex -58.25 -18.25 0.449995
      vertex -25.25 -17.8 0
      vertex -25.25 -18.25 0.449995
    endloop
  endfacet
  facet normal 7.00133e-05 -0.707064 -0.70715
    outer loop
      vertex -58.75 -17.8 0
      vertex -58.25 -18.25 0.449995
      vertex -58.5629 -18.2254 0.425367
    endloop
  endfacet
  facet normal -0.000310659 -0.707148 -0.707066
    outer loop
      vertex -58.75 -17.8 0
      vertex -58.5629 -18.2254 0.425367
      vertex -58.75 -18.1804 0.380444
    endloop
  endfacet
  facet normal 0 -0.707103 -0.707111
    outer loop
      vertex -58.25 -18.25 0.449995
      vertex -58.75 -17.8 0
      vertex -25.25 -17.8 0
    endloop
  endfacet
  facet normal 0.707106 0 -0.707107
    outer loop
      vertex -24.2 -16.75 0
      vertex -23.4 16.75 0.799999
      vertex -23.4 -16.75 0.799999
    endloop
  endfacet
  facet normal 0.707106 0 -0.707107
    outer loop
      vertex -23.4 16.75 0.799999
      vertex -24.2 -16.75 0
      vertex -24.2 16.75 0
    endloop
  endfacet
  facet normal 0.271048 -0.654298 -0.705994
    outer loop
      vertex -24.7082 -18.25 0.548065
      vertex -24.7733 -17.6856 0
      vertex -24.4857 -18.25 0.633488
    endloop
  endfacet
  facet normal 0 0.707103 -0.707111
    outer loop
      vertex -25.25 17.8 0
      vertex -58.25 18.25 0.449995
      vertex -25.25 18.25 0.449995
    endloop
  endfacet
  facet normal 0 0.707103 -0.707111
    outer loop
      vertex -58.75 17.8 0
      vertex -58.25 18.25 0.449995
      vertex -25.25 17.8 0
    endloop
  endfacet
  facet normal 7.00133e-05 0.707064 -0.70715
    outer loop
      vertex -58.25 18.25 0.449995
      vertex -58.75 17.8 0
      vertex -58.5629 18.2254 0.425367
    endloop
  endfacet
  facet normal -0.000310659 0.707148 -0.707066
    outer loop
      vertex -58.5629 18.2254 0.425367
      vertex -58.75 17.8 0
      vertex -58.75 18.1804 0.380444
    endloop
  endfacet
  facet normal 0.649287 -0.760544 0
    outer loop
      vertex -24.1626 -18.2467 0.799999
      vertex -23.9418 -18.0582 2.6
      vertex -24.1626 -18.2467 2.6
    endloop
  endfacet
  facet normal 0.649287 -0.760544 0
    outer loop
      vertex -23.9418 -18.0582 2.6
      vertex -24.1626 -18.2467 0.799999
      vertex -23.9418 -18.0582 0.799999
    endloop
  endfacet
  facet normal 0.65433 0.270846 -0.706042
    outer loop
      vertex -24.2514 17.0745 0
      vertex -24.3144 17.2267 0
      vertex -23.4905 17.3217 0.799999
    endloop
  endfacet
  facet normal -0.70599 -0.0554307 -0.706049
    outer loop
      vertex -60.1591 -16.8391 0.366065
      vertex -59.8 -16.75 0
      vertex -59.7871 -16.9143 0
    endloop
  endfacet
  facet normal -0.705961 -0.0556123 -0.706064
    outer loop
      vertex -59.8 -16.75 0
      vertex -60.1591 -16.8391 0.366065
      vertex -60.1805 -16.75 0.380444
    endloop
  endfacet
  facet normal -0.270823 -0.654411 -0.705976
    outer loop
      vertex -59.2595 -17.9698 0.276012
      vertex -59.0745 -17.7486 0
      vertex -59.1651 -18.0276 0.293377
    endloop
  endfacet
  facet normal -0.270868 -0.654383 -0.705984
    outer loop
      vertex -59.0745 -17.7486 0
      vertex -59.2595 -17.9698 0.276012
      vertex -59.2267 -17.6856 0
    endloop
  endfacet
  facet normal 0.53862 0.459827 -0.706008
    outer loop
      vertex -23.7533 17.8374 0.799999
      vertex -24.4005 17.3672 0
      vertex -23.9418 18.0582 0.799999
    endloop
  endfacet
  facet normal 0.369659 0.604897 -0.705303
    outer loop
      vertex -24.1626 18.2467 0.799999
      vertex -24.4857 18.25 0.633488
      vertex -24.168 18.25 0.799999
    endloop
  endfacet
  facet normal 0.370006 0.603874 -0.705997
    outer loop
      vertex -24.4857 18.25 0.633488
      vertex -24.1626 18.2467 0.799999
      vertex -24.7733 17.6856 0
    endloop
  endfacet
  facet normal 0.459827 -0.53862 -0.706008
    outer loop
      vertex -24.1626 -18.2467 0.799999
      vertex -24.6328 -17.5995 0
      vertex -23.9418 -18.0582 0.799999
    endloop
  endfacet
  facet normal 0.649287 0.760544 -0
    outer loop
      vertex -23.9418 18.0582 0.799999
      vertex -24.1626 18.2467 2.6
      vertex -23.9418 18.0582 2.6
    endloop
  endfacet
  facet normal 0.649287 0.760544 0
    outer loop
      vertex -24.1626 18.2467 2.6
      vertex -23.9418 18.0582 0.799999
      vertex -24.1626 18.2467 0.799999
    endloop
  endfacet
  facet normal -0.687949 -0.167871 -0.706077
    outer loop
      vertex -60.032 -17.158 0.295976
      vertex -59.7486 -17.0745 0
      vertex -60.0276 -17.1651 0.293377
    endloop
  endfacet
  facet normal -0.688534 -0.16569 -0.706022
    outer loop
      vertex -60.0675 -17.0724 0.310508
      vertex -59.7486 -17.0745 0
      vertex -60.032 -17.158 0.295976
    endloop
  endfacet
  facet normal -0.688558 -0.165477 -0.706049
    outer loop
      vertex -59.7486 -17.0745 0
      vertex -60.0675 -17.0724 0.310508
      vertex -59.7871 -16.9143 0
    endloop
  endfacet
  facet normal 0.706019 -0.055433 -0.70602
    outer loop
      vertex -23.4 -16.75 0.799999
      vertex -24.2129 -16.9143 0
      vertex -24.2 -16.75 0
    endloop
  endfacet
  facet normal -0.270868 0.654383 -0.705984
    outer loop
      vertex -59.2595 17.9698 0.276012
      vertex -59.0745 17.7486 0
      vertex -59.2267 17.6856 0
    endloop
  endfacet
  facet normal -0.270823 0.654411 -0.705976
    outer loop
      vertex -59.0745 17.7486 0
      vertex -59.2595 17.9698 0.276012
      vertex -59.1651 18.0276 0.293377
    endloop
  endfacet
  facet normal 1 -0 0
    outer loop
      vertex -23.4 -16.75 2.6
      vertex -23.4 16.75 0.799999
      vertex -23.4 16.75 2.6
    endloop
  endfacet
  facet normal 1 0 0
    outer loop
      vertex -23.4 16.75 0.799999
      vertex -23.4 -16.75 2.6
      vertex -23.4 -16.75 0.799999
    endloop
  endfacet
  facet normal 0.271048 0.654298 -0.705994
    outer loop
      vertex -24.4857 18.25 0.633488
      vertex -24.7733 17.6856 0
      vertex -24.7082 18.25 0.548065
    endloop
  endfacet
  facet normal 0.654282 0.271032 -0.706015
    outer loop
      vertex -23.4905 17.3217 0.799999
      vertex -24.3144 17.2267 0
      vertex -23.6016 17.5899 0.799999
    endloop
  endfacet
  facet normal -0.707055 0.000111906 -0.707159
    outer loop
      vertex -60.2254 -16.5629 0.425367
      vertex -59.8 -16.75 0
      vertex -60.1805 -16.75 0.380444
    endloop
  endfacet
  facet normal -0.707103 0 -0.707111
    outer loop
      vertex -59.8 -16.75 0
      vertex -60.25 -16.25 0.449995
      vertex -59.8 16.75 0
    endloop
  endfacet
  facet normal -0.707064 7.00133e-05 -0.70715
    outer loop
      vertex -59.8 -16.75 0
      vertex -60.2254 -16.5629 0.425367
      vertex -60.25 -16.25 0.449995
    endloop
  endfacet
  facet normal -0.707103 -0 -0.707111
    outer loop
      vertex -60.25 16.25 0.449995
      vertex -59.8 16.75 0
      vertex -60.25 -16.25 0.449995
    endloop
  endfacet
  facet normal -0.707064 -7.00133e-05 -0.70715
    outer loop
      vertex -60.2254 16.5629 0.425367
      vertex -59.8 16.75 0
      vertex -60.25 16.25 0.449995
    endloop
  endfacet
  facet normal -0.707055 -0.000111906 -0.707159
    outer loop
      vertex -59.8 16.75 0
      vertex -60.2254 16.5629 0.425367
      vertex -60.1805 16.75 0.380444
    endloop
  endfacet
  facet normal -0.603639 -0.370406 -0.705988
    outer loop
      vertex -59.8681 -17.4254 0.260293
      vertex -59.9175 -17.3449 0.260296
      vertex -59.6856 -17.2267 0
    endloop
  endfacet
  facet normal -0.538582 0.459953 -0.705955
    outer loop
      vertex -59.5995 17.3672 0
      vertex -59.796 17.5099 0.242886
      vertex -59.7387 17.577 0.242889
    endloop
  endfacet
  facet normal 0.370043 0.603844 -0.706003
    outer loop
      vertex -24.6328 17.5995 0
      vertex -24.7733 17.6856 0
      vertex -24.1626 18.2467 0.799999
    endloop
  endfacet
  facet normal -0.688632 -0.165292 -0.70602
    outer loop
      vertex -60.0675 -17.0724 0.310508
      vertex -60.1117 -16.9657 0.328639
      vertex -59.7871 -16.9143 0
    endloop
  endfacet
  facet normal -0.706047 -0.0552321 -0.706008
    outer loop
      vertex -60.1521 -16.868 0.361398
      vertex -59.7871 -16.9143 0
      vertex -60.1117 -16.9657 0.328639
    endloop
  endfacet
  facet normal -0.706091 -0.057044 -0.70582
    outer loop
      vertex -59.7871 -16.9143 0
      vertex -60.1521 -16.868 0.361398
      vertex -60.1591 -16.8391 0.366065
    endloop
  endfacet
  facet normal -0.459953 0.538582 -0.705955
    outer loop
      vertex -59.3672 17.5995 0
      vertex -59.577 17.7387 0.242889
      vertex -59.5099 17.796 0.242886
    endloop
  endfacet
  facet normal -0.0548594 -0.706083 -0.706001
    outer loop
      vertex -58.8391 -18.1591 0.366065
      vertex -58.75 -17.8 0
      vertex -58.75 -18.1804 0.380444
    endloop
  endfacet
  facet normal -0.0554307 -0.70599 -0.706049
    outer loop
      vertex -58.75 -17.8 0
      vertex -58.8391 -18.1591 0.366065
      vertex -58.9143 -17.7871 0
    endloop
  endfacet
  facet normal 0.688563 -0.165479 -0.706044
    outer loop
      vertex -23.4905 -17.3217 0.799999
      vertex -24.2514 -17.0745 0
      vertex -24.2129 -16.9143 0
    endloop
  endfacet
  facet normal 0.852591 -0.522578 0
    outer loop
      vertex -23.7533 -17.8374 2.6
      vertex -23.6016 -17.5899 0.799999
      vertex -23.6016 -17.5899 2.6
    endloop
  endfacet
  facet normal 0.852591 -0.522578 0
    outer loop
      vertex -23.6016 -17.5899 0.799999
      vertex -23.7533 -17.8374 2.6
      vertex -23.7533 -17.8374 0.799999
    endloop
  endfacet
  facet normal 0.369659 -0.604897 -0.705303
    outer loop
      vertex -24.4857 -18.25 0.633488
      vertex -24.1626 -18.2467 0.799999
      vertex -24.168 -18.25 0.799999
    endloop
  endfacet
  facet normal 0.370006 -0.603874 -0.705997
    outer loop
      vertex -24.1626 -18.2467 0.799999
      vertex -24.4857 -18.25 0.633488
      vertex -24.7733 -17.6856 0
    endloop
  endfacet
  facet normal 0.68869 0.165159 -0.705995
    outer loop
      vertex -23.4228 17.0394 0.799999
      vertex -24.2129 16.9143 0
      vertex -23.4905 17.3217 0.799999
    endloop
  endfacet
  facet normal 0.706031 0.0556237 -0.705993
    outer loop
      vertex -23.4 16.75 0.799999
      vertex -24.2129 16.9143 0
      vertex -23.4228 17.0394 0.799999
    endloop
  endfacet
  facet normal 0.996911 -0.0785403 0
    outer loop
      vertex -23.4228 -17.0394 2.6
      vertex -23.4 -16.75 0.799999
      vertex -23.4 -16.75 2.6
    endloop
  endfacet
  facet normal 0.996911 -0.0785403 0
    outer loop
      vertex -23.4 -16.75 0.799999
      vertex -23.4228 -17.0394 2.6
      vertex -23.4228 -17.0394 0.799999
    endloop
  endfacet
  facet normal -0.654391 0.270835 -0.705989
    outer loop
      vertex -59.6856 17.2267 0
      vertex -59.9698 17.2595 0.276012
      vertex -59.9175 17.3449 0.260296
    endloop
  endfacet
  facet normal 0.852591 0.522578 0
    outer loop
      vertex -23.6016 17.5899 2.6
      vertex -23.7533 17.8374 0.799999
      vertex -23.7533 17.8374 2.6
    endloop
  endfacet
  facet normal 0.852591 0.522578 0
    outer loop
      vertex -23.7533 17.8374 0.799999
      vertex -23.6016 17.5899 2.6
      vertex -23.6016 17.5899 0.799999
    endloop
  endfacet
  facet normal 0.972428 -0.233204 0
    outer loop
      vertex -23.4905 -17.3217 2.6
      vertex -23.4228 -17.0394 0.799999
      vertex -23.4228 -17.0394 2.6
    endloop
  endfacet
  facet normal 0.972428 -0.233204 0
    outer loop
      vertex -23.4228 -17.0394 0.799999
      vertex -23.4905 -17.3217 2.6
      vertex -23.4905 -17.3217 0.799999
    endloop
  endfacet
  facet normal -0.270835 0.654391 -0.705989
    outer loop
      vertex -59.2267 17.6856 0
      vertex -59.3449 17.9175 0.260296
      vertex -59.2595 17.9698 0.276012
    endloop
  endfacet
  facet normal -0.5386 0.459937 -0.705952
    outer loop
      vertex -59.7387 17.577 0.242889
      vertex -59.4925 17.4925 0
      vertex -59.5995 17.3672 0
    endloop
  endfacet
  facet normal -0.538501 0.460113 -0.705913
    outer loop
      vertex -59.4925 17.4925 0
      vertex -59.7387 17.577 0.242889
      vertex -59.6642 17.6642 0.242894
    endloop
  endfacet
  facet normal 0.459827 0.53862 -0.706008
    outer loop
      vertex -23.9418 18.0582 0.799999
      vertex -24.6328 17.5995 0
      vertex -24.1626 18.2467 0.799999
    endloop
  endfacet
  facet normal 0.603805 0.37009 -0.706012
    outer loop
      vertex -23.6016 17.5899 0.799999
      vertex -24.3144 17.2267 0
      vertex -23.7533 17.8374 0.799999
    endloop
  endfacet
  facet normal -0.603639 0.370406 -0.705988
    outer loop
      vertex -59.6856 17.2267 0
      vertex -59.9175 17.3449 0.260296
      vertex -59.8681 17.4254 0.260293
    endloop
  endfacet
  facet normal 0.972428 0.233204 0
    outer loop
      vertex -23.4228 17.0394 2.6
      vertex -23.4905 17.3217 0.799999
      vertex -23.4905 17.3217 2.6
    endloop
  endfacet
  facet normal 0.972428 0.233204 0
    outer loop
      vertex -23.4905 17.3217 0.799999
      vertex -23.4228 17.0394 2.6
      vertex -23.4228 17.0394 0.799999
    endloop
  endfacet
  facet normal 0.0555617 0.706034 -0.705995
    outer loop
      vertex -25.0857 17.7871 0
      vertex -25.1793 18.25 0.455559
      vertex -25.0124 18.25 0.468694
    endloop
  endfacet
  facet normal 0.165285 0.688659 -0.705995
    outer loop
      vertex -24.8246 18.25 0.512661
      vertex -25.0857 17.7871 0
      vertex -25.0124 18.25 0.468694
    endloop
  endfacet
  facet normal 0.165427 0.688593 -0.706026
    outer loop
      vertex -24.9255 17.7486 0
      vertex -24.8246 18.25 0.512661
      vertex -24.7626 18.25 0.527188
    endloop
  endfacet
  facet normal 0.165483 0.688581 -0.706025
    outer loop
      vertex -24.8246 18.25 0.512661
      vertex -24.9255 17.7486 0
      vertex -25.0857 17.7871 0
    endloop
  endfacet
  facet normal 0.270944 0.654324 -0.706009
    outer loop
      vertex -24.7733 17.6856 0
      vertex -24.7626 18.25 0.527188
      vertex -24.7082 18.25 0.548065
    endloop
  endfacet
  facet normal 0.270852 0.654343 -0.706028
    outer loop
      vertex -24.7626 18.25 0.527188
      vertex -24.7733 17.6856 0
      vertex -24.9255 17.7486 0
    endloop
  endfacet
  facet normal -0.459937 -0.5386 -0.705952
    outer loop
      vertex -59.577 -17.7387 0.242889
      vertex -59.4925 -17.4925 0
      vertex -59.3672 -17.5995 0
    endloop
  endfacet
  facet normal -0.460113 -0.538501 -0.705913
    outer loop
      vertex -59.4925 -17.4925 0
      vertex -59.577 -17.7387 0.242889
      vertex -59.6642 -17.6642 0.242894
    endloop
  endfacet
  facet normal -0.165477 0.688558 -0.706049
    outer loop
      vertex -59.0745 17.7486 0
      vertex -59.0724 18.0675 0.310508
      vertex -58.9143 17.7871 0
    endloop
  endfacet
  facet normal -0.16569 0.688534 -0.706022
    outer loop
      vertex -59.0745 17.7486 0
      vertex -59.158 18.032 0.295976
      vertex -59.0724 18.0675 0.310508
    endloop
  endfacet
  facet normal -0.167871 0.687949 -0.706077
    outer loop
      vertex -59.158 18.032 0.295976
      vertex -59.0745 17.7486 0
      vertex -59.1651 18.0276 0.293377
    endloop
  endfacet
  facet normal 0.706031 -0.0556237 -0.705993
    outer loop
      vertex -23.4228 -17.0394 0.799999
      vertex -24.2129 -16.9143 0
      vertex -23.4 -16.75 0.799999
    endloop
  endfacet
  facet normal 0.68869 -0.165159 -0.705995
    outer loop
      vertex -23.4905 -17.3217 0.799999
      vertex -24.2129 -16.9143 0
      vertex -23.4228 -17.0394 0.799999
    endloop
  endfacet
  facet normal 0 0 -1
    outer loop
      vertex -25.25 -17.8 0
      vertex -24.2 -16.75 0
      vertex -24.2129 -16.9143 0
    endloop
  endfacet
  facet normal -0 0 -1
    outer loop
      vertex -24.2 -16.75 0
      vertex -25.25 -17.8 0
      vertex -24.2 16.75 0
    endloop
  endfacet
  facet normal 0 0 -1
    outer loop
      vertex -25.25 -17.8 0
      vertex -24.2129 -16.9143 0
      vertex -24.2514 -17.0745 0
    endloop
  endfacet
  facet normal 0 0 -1
    outer loop
      vertex -25.25 17.8 0
      vertex -24.2 16.75 0
      vertex -25.25 -17.8 0
    endloop
  endfacet
  facet normal 0 0 -1
    outer loop
      vertex -25.25 -17.8 0
      vertex -24.2514 -17.0745 0
      vertex -24.3144 -17.2267 0
    endloop
  endfacet
  facet normal 0 0 -1
    outer loop
      vertex -24.2 16.75 0
      vertex -25.25 17.8 0
      vertex -24.2129 16.9143 0
    endloop
  endfacet
  facet normal 0 0 -1
    outer loop
      vertex -25.25 -17.8 0
      vertex -24.3144 -17.2267 0
      vertex -24.4005 -17.3672 0
    endloop
  endfacet
  facet normal 0 0 -1
    outer loop
      vertex -24.2129 16.9143 0
      vertex -25.25 17.8 0
      vertex -24.2514 17.0745 0
    endloop
  endfacet
  facet normal 0 0 -1
    outer loop
      vertex -25.25 -17.8 0
      vertex -24.4005 -17.3672 0
      vertex -24.5075 -17.4925 0
    endloop
  endfacet
  facet normal 0 0 -1
    outer loop
      vertex -24.2514 17.0745 0
      vertex -25.25 17.8 0
      vertex -24.3144 17.2267 0
    endloop
  endfacet
  facet normal 0 0 -1
    outer loop
      vertex -25.25 -17.8 0
      vertex -24.5075 -17.4925 0
      vertex -24.6328 -17.5995 0
    endloop
  endfacet
  facet normal 0 0 -1
    outer loop
      vertex -24.3144 17.2267 0
      vertex -25.25 17.8 0
      vertex -24.4005 17.3672 0
    endloop
  endfacet
  facet normal 0 0 -1
    outer loop
      vertex -25.25 -17.8 0
      vertex -24.6328 -17.5995 0
      vertex -24.7733 -17.6856 0
    endloop
  endfacet
  facet normal 0 0 -1
    outer loop
      vertex -24.4005 17.3672 0
      vertex -25.25 17.8 0
      vertex -24.5075 17.4925 0
    endloop
  endfacet
  facet normal 0 0 -1
    outer loop
      vertex -25.25 -17.8 0
      vertex -24.7733 -17.6856 0
      vertex -24.9255 -17.7486 0
    endloop
  endfacet
  facet normal 0 0 -1
    outer loop
      vertex -24.5075 17.4925 0
      vertex -25.25 17.8 0
      vertex -24.6328 17.5995 0
    endloop
  endfacet
  facet normal 0 0 -1
    outer loop
      vertex -25.25 -17.8 0
      vertex -24.9255 -17.7486 0
      vertex -25.0857 -17.7871 0
    endloop
  endfacet
  facet normal 0 0 -1
    outer loop
      vertex -24.6328 17.5995 0
      vertex -25.25 17.8 0
      vertex -24.7733 17.6856 0
    endloop
  endfacet
  facet normal 0 0 -1
    outer loop
      vertex -24.7733 17.6856 0
      vertex -25.25 17.8 0
      vertex -24.9255 17.7486 0
    endloop
  endfacet
  facet normal 0 0 -1
    outer loop
      vertex -24.9255 17.7486 0
      vertex -25.25 17.8 0
      vertex -25.0857 17.7871 0
    endloop
  endfacet
  facet normal 0 0 -1
    outer loop
      vertex -58.75 -17.8 0
      vertex -25.25 17.8 0
      vertex -25.25 -17.8 0
    endloop
  endfacet
  facet normal 0 0 -1
    outer loop
      vertex -58.75 -17.8 0
      vertex -58.75 17.8 0
      vertex -25.25 17.8 0
    endloop
  endfacet
  facet normal 0 0 -1
    outer loop
      vertex -59.8 -16.75 0
      vertex -58.75 -17.8 0
      vertex -58.9143 -17.7871 0
    endloop
  endfacet
  facet normal 0 0 -1
    outer loop
      vertex -58.75 -17.8 0
      vertex -59.8 -16.75 0
      vertex -58.75 17.8 0
    endloop
  endfacet
  facet normal 0 0 -1
    outer loop
      vertex -59.8 -16.75 0
      vertex -58.9143 -17.7871 0
      vertex -59.0745 -17.7486 0
    endloop
  endfacet
  facet normal 0 0 -1
    outer loop
      vertex -59.8 16.75 0
      vertex -58.75 17.8 0
      vertex -59.8 -16.75 0
    endloop
  endfacet
  facet normal 0 0 -1
    outer loop
      vertex -59.8 -16.75 0
      vertex -59.0745 -17.7486 0
      vertex -59.2267 -17.6856 0
    endloop
  endfacet
  facet normal 0 0 -1
    outer loop
      vertex -58.75 17.8 0
      vertex -59.8 16.75 0
      vertex -58.9143 17.7871 0
    endloop
  endfacet
  facet normal 0 0 -1
    outer loop
      vertex -59.8 -16.75 0
      vertex -59.2267 -17.6856 0
      vertex -59.3672 -17.5995 0
    endloop
  endfacet
  facet normal 0 0 -1
    outer loop
      vertex -58.9143 17.7871 0
      vertex -59.8 16.75 0
      vertex -59.0745 17.7486 0
    endloop
  endfacet
  facet normal 0 0 -1
    outer loop
      vertex -59.8 -16.75 0
      vertex -59.3672 -17.5995 0
      vertex -59.4925 -17.4925 0
    endloop
  endfacet
  facet normal 0 0 -1
    outer loop
      vertex -59.0745 17.7486 0
      vertex -59.8 16.75 0
      vertex -59.2267 17.6856 0
    endloop
  endfacet
  facet normal 0 0 -1
    outer loop
      vertex -59.8 -16.75 0
      vertex -59.4925 -17.4925 0
      vertex -59.5995 -17.3672 0
    endloop
  endfacet
  facet normal 0 0 -1
    outer loop
      vertex -59.2267 17.6856 0
      vertex -59.8 16.75 0
      vertex -59.3672 17.5995 0
    endloop
  endfacet
  facet normal 0 0 -1
    outer loop
      vertex -59.8 -16.75 0
      vertex -59.5995 -17.3672 0
      vertex -59.6856 -17.2267 0
    endloop
  endfacet
  facet normal 0 0 -1
    outer loop
      vertex -59.3672 17.5995 0
      vertex -59.8 16.75 0
      vertex -59.4925 17.4925 0
    endloop
  endfacet
  facet normal 0 0 -1
    outer loop
      vertex -59.8 -16.75 0
      vertex -59.6856 -17.2267 0
      vertex -59.7486 -17.0745 0
    endloop
  endfacet
  facet normal 0 0 -1
    outer loop
      vertex -59.4925 17.4925 0
      vertex -59.8 16.75 0
      vertex -59.5995 17.3672 0
    endloop
  endfacet
  facet normal 0 0 -1
    outer loop
      vertex -59.8 -16.75 0
      vertex -59.7486 -17.0745 0
      vertex -59.7871 -16.9143 0
    endloop
  endfacet
  facet normal 0 0 -1
    outer loop
      vertex -59.5995 17.3672 0
      vertex -59.8 16.75 0
      vertex -59.6856 17.2267 0
    endloop
  endfacet
  facet normal 0 0 -1
    outer loop
      vertex -59.6856 17.2267 0
      vertex -59.8 16.75 0
      vertex -59.7486 17.0745 0
    endloop
  endfacet
  facet normal 0 0 -1
    outer loop
      vertex -59.7486 17.0745 0
      vertex -59.8 16.75 0
      vertex -59.7871 16.9143 0
    endloop
  endfacet
  facet normal 0.52145 0.853282 -0
    outer loop
      vertex -24.1626 18.2467 0.799999
      vertex -24.168 18.25 2.6
      vertex -24.1626 18.2467 2.6
    endloop
  endfacet
  facet normal 0.52145 0.853282 0
    outer loop
      vertex -24.168 18.25 2.6
      vertex -24.1626 18.2467 0.799999
      vertex -24.168 18.25 0.799999
    endloop
  endfacet
  facet normal -0.538501 -0.460113 -0.705913
    outer loop
      vertex -59.7387 -17.577 0.242889
      vertex -59.4925 -17.4925 0
      vertex -59.6642 -17.6642 0.242894
    endloop
  endfacet
  facet normal -0.5386 -0.459937 -0.705952
    outer loop
      vertex -59.4925 -17.4925 0
      vertex -59.7387 -17.577 0.242889
      vertex -59.5995 -17.3672 0
    endloop
  endfacet
  facet normal 0.538547 -0.459892 -0.706022
    outer loop
      vertex -23.9418 -18.0582 0.799999
      vertex -24.5075 -17.4925 0
      vertex -24.4005 -17.3672 0
    endloop
  endfacet
  facet normal 0.53862 -0.459827 -0.706008
    outer loop
      vertex -23.9418 -18.0582 0.799999
      vertex -24.4005 -17.3672 0
      vertex -23.7533 -17.8374 0.799999
    endloop
  endfacet
  facet normal 0.165285 -0.688659 -0.705995
    outer loop
      vertex -25.0124 -18.25 0.468694
      vertex -25.0857 -17.7871 0
      vertex -24.8246 -18.25 0.512661
    endloop
  endfacet
  facet normal 0.996911 0.0785403 0
    outer loop
      vertex -23.4 16.75 2.6
      vertex -23.4228 17.0394 0.799999
      vertex -23.4228 17.0394 2.6
    endloop
  endfacet
  facet normal 0.996911 0.0785403 0
    outer loop
      vertex -23.4228 17.0394 0.799999
      vertex -23.4 16.75 2.6
      vertex -23.4 16.75 0.799999
    endloop
  endfacet
  facet normal 0.760544 -0.649287 0
    outer loop
      vertex -23.9418 -18.0582 2.6
      vertex -23.7533 -17.8374 0.799999
      vertex -23.7533 -17.8374 2.6
    endloop
  endfacet
  facet normal 0.760544 -0.649287 0
    outer loop
      vertex -23.7533 -17.8374 0.799999
      vertex -23.9418 -18.0582 2.6
      vertex -23.9418 -18.0582 0.799999
    endloop
  endfacet
  facet normal -0.459953 -0.538582 -0.705955
    outer loop
      vertex -59.5099 -17.796 0.242886
      vertex -59.577 -17.7387 0.242889
      vertex -59.3672 -17.5995 0
    endloop
  endfacet
  facet normal -0.057044 0.706091 -0.70582
    outer loop
      vertex -58.9143 17.7871 0
      vertex -58.868 18.1521 0.361398
      vertex -58.8391 18.1591 0.366065
    endloop
  endfacet
  facet normal -0.0552321 0.706047 -0.706008
    outer loop
      vertex -58.868 18.1521 0.361398
      vertex -58.9143 17.7871 0
      vertex -58.9657 18.1117 0.328639
    endloop
  endfacet
  facet normal 0.688563 0.165479 -0.706044
    outer loop
      vertex -24.2129 16.9143 0
      vertex -24.2514 17.0745 0
      vertex -23.4905 17.3217 0.799999
    endloop
  endfacet
  facet normal -0.603905 -0.370017 -0.705964
    outer loop
      vertex -59.868 -17.4256 0.260293
      vertex -59.5995 -17.3672 0
      vertex -59.796 -17.5099 0.242886
    endloop
  endfacet
  facet normal -0.603885 -0.370068 -0.705955
    outer loop
      vertex -59.5995 -17.3672 0
      vertex -59.868 -17.4256 0.260293
      vertex -59.6856 -17.2267 0
    endloop
  endfacet
  facet normal -0.642493 -0.321247 -0.695703
    outer loop
      vertex -59.6856 -17.2267 0
      vertex -59.868 -17.4256 0.260293
      vertex -59.8681 -17.4254 0.260293
    endloop
  endfacet
  facet normal -0.538582 -0.459953 -0.705955
    outer loop
      vertex -59.7387 -17.577 0.242889
      vertex -59.796 -17.5099 0.242886
      vertex -59.5995 -17.3672 0
    endloop
  endfacet
  facet normal 0.459892 -0.538547 -0.706022
    outer loop
      vertex -23.9418 -18.0582 0.799999
      vertex -24.6328 -17.5995 0
      vertex -24.5075 -17.4925 0
    endloop
  endfacet
  facet normal -0.603885 0.370068 -0.705955
    outer loop
      vertex -59.868 17.4256 0.260293
      vertex -59.5995 17.3672 0
      vertex -59.6856 17.2267 0
    endloop
  endfacet
  facet normal -0.603905 0.370017 -0.705964
    outer loop
      vertex -59.5995 17.3672 0
      vertex -59.868 17.4256 0.260293
      vertex -59.796 17.5099 0.242886
    endloop
  endfacet
  facet normal -0.642493 0.321247 -0.695703
    outer loop
      vertex -59.868 17.4256 0.260293
      vertex -59.6856 17.2267 0
      vertex -59.8681 17.4254 0.260293
    endloop
  endfacet
  facet normal -0.688558 0.165477 -0.706049
    outer loop
      vertex -60.0675 17.0724 0.310508
      vertex -59.7486 17.0745 0
      vertex -59.7871 16.9143 0
    endloop
  endfacet
  facet normal -0.687949 0.167871 -0.706077
    outer loop
      vertex -59.7486 17.0745 0
      vertex -60.032 17.158 0.295976
      vertex -60.0276 17.1651 0.293377
    endloop
  endfacet
  facet normal -0.688534 0.16569 -0.706022
    outer loop
      vertex -59.7486 17.0745 0
      vertex -60.0675 17.0724 0.310508
      vertex -60.032 17.158 0.295976
    endloop
  endfacet
  facet normal -0.688632 0.165292 -0.70602
    outer loop
      vertex -59.7871 16.9143 0
      vertex -60.1117 16.9657 0.328639
      vertex -60.0675 17.0724 0.310508
    endloop
  endfacet
  facet normal 0.603844 0.370043 -0.706003
    outer loop
      vertex -24.3144 17.2267 0
      vertex -24.4005 17.3672 0
      vertex -23.7533 17.8374 0.799999
    endloop
  endfacet
  facet normal 0.65433 -0.270846 -0.706042
    outer loop
      vertex -23.4905 -17.3217 0.799999
      vertex -24.3144 -17.2267 0
      vertex -24.2514 -17.0745 0
    endloop
  endfacet
  facet normal -0.165292 0.688632 -0.70602
    outer loop
      vertex -58.9143 17.7871 0
      vertex -59.0724 18.0675 0.310508
      vertex -58.9657 18.1117 0.328639
    endloop
  endfacet
  facet normal 0.603844 -0.370043 -0.706003
    outer loop
      vertex -23.7533 -17.8374 0.799999
      vertex -24.4005 -17.3672 0
      vertex -24.3144 -17.2267 0
    endloop
  endfacet
  facet normal 0.760544 0.649287 0
    outer loop
      vertex -23.7533 17.8374 2.6
      vertex -23.9418 18.0582 0.799999
      vertex -23.9418 18.0582 2.6
    endloop
  endfacet
  facet normal 0.760544 0.649287 0
    outer loop
      vertex -23.9418 18.0582 0.799999
      vertex -23.7533 17.8374 2.6
      vertex -23.7533 17.8374 0.799999
    endloop
  endfacet
  facet normal 0.52145 -0.853282 0
    outer loop
      vertex -24.168 -18.25 0.799999
      vertex -24.1626 -18.2467 2.6
      vertex -24.168 -18.25 2.6
    endloop
  endfacet
  facet normal 0.52145 -0.853282 0
    outer loop
      vertex -24.1626 -18.2467 2.6
      vertex -24.168 -18.25 0.799999
      vertex -24.1626 -18.2467 0.799999
    endloop
  endfacet
  facet normal 0.370043 -0.603844 -0.706003
    outer loop
      vertex -24.1626 -18.2467 0.799999
      vertex -24.7733 -17.6856 0
      vertex -24.6328 -17.5995 0
    endloop
  endfacet
  facet normal -0.370068 0.603885 -0.705955
    outer loop
      vertex -59.4256 17.868 0.260293
      vertex -59.2267 17.6856 0
      vertex -59.3672 17.5995 0
    endloop
  endfacet
  facet normal -0.321247 0.642493 -0.695703
    outer loop
      vertex -59.2267 17.6856 0
      vertex -59.4256 17.868 0.260293
      vertex -59.4254 17.8681 0.260293
    endloop
  endfacet
  facet normal -0.370017 0.603905 -0.705964
    outer loop
      vertex -59.4256 17.868 0.260293
      vertex -59.3672 17.5995 0
      vertex -59.5099 17.796 0.242886
    endloop
  endfacet
  facet normal 0.270944 -0.654324 -0.706009
    outer loop
      vertex -24.7626 -18.25 0.527188
      vertex -24.7733 -17.6856 0
      vertex -24.7082 -18.25 0.548065
    endloop
  endfacet
  facet normal 0.270852 -0.654343 -0.706028
    outer loop
      vertex -24.7733 -17.6856 0
      vertex -24.7626 -18.25 0.527188
      vertex -24.9255 -17.7486 0
    endloop
  endfacet
  facet normal 0.165427 -0.688593 -0.706026
    outer loop
      vertex -24.8246 -18.25 0.512661
      vertex -24.9255 -17.7486 0
      vertex -24.7626 -18.25 0.527188
    endloop
  endfacet
  facet normal 0.165483 -0.688581 -0.706025
    outer loop
      vertex -24.9255 -17.7486 0
      vertex -24.8246 -18.25 0.512661
      vertex -25.0857 -17.7871 0
    endloop
  endfacet
  facet normal -0.370406 0.603639 -0.705988
    outer loop
      vertex -59.2267 17.6856 0
      vertex -59.4254 17.8681 0.260293
      vertex -59.3449 17.9175 0.260296
    endloop
  endfacet
  facet normal 0.603805 -0.37009 -0.706012
    outer loop
      vertex -23.7533 -17.8374 0.799999
      vertex -24.3144 -17.2267 0
      vertex -23.6016 -17.5899 0.799999
    endloop
  endfacet
  facet normal 0.654282 -0.271032 -0.706015
    outer loop
      vertex -23.6016 -17.5899 0.799999
      vertex -24.3144 -17.2267 0
      vertex -23.4905 -17.3217 0.799999
    endloop
  endfacet
  facet normal -0.654383 -0.270868 -0.705984
    outer loop
      vertex -59.9698 -17.2595 0.276012
      vertex -59.7486 -17.0745 0
      vertex -59.6856 -17.2267 0
    endloop
  endfacet
  facet normal -0.654411 -0.270823 -0.705976
    outer loop
      vertex -59.7486 -17.0745 0
      vertex -59.9698 -17.2595 0.276012
      vertex -60.0276 -17.1651 0.293377
    endloop
  endfacet
  facet normal -0.0548594 0.706083 -0.706001
    outer loop
      vertex -58.75 17.8 0
      vertex -58.8391 18.1591 0.366065
      vertex -58.75 18.1804 0.380444
    endloop
  endfacet
  facet normal -0.0554307 0.70599 -0.706049
    outer loop
      vertex -58.8391 18.1591 0.366065
      vertex -58.75 17.8 0
      vertex -58.9143 17.7871 0
    endloop
  endfacet
  facet normal -0.706047 0.0552321 -0.706008
    outer loop
      vertex -59.7871 16.9143 0
      vertex -60.1521 16.868 0.361398
      vertex -60.1117 16.9657 0.328639
    endloop
  endfacet
  facet normal -0.706091 0.057044 -0.70582
    outer loop
      vertex -60.1521 16.868 0.361398
      vertex -59.7871 16.9143 0
      vertex -60.1591 16.8391 0.366065
    endloop
  endfacet
  facet normal -0.70599 0.0554307 -0.706049
    outer loop
      vertex -59.8 16.75 0
      vertex -60.1591 16.8391 0.366065
      vertex -59.7871 16.9143 0
    endloop
  endfacet
  facet normal -0.705961 0.0556123 -0.706064
    outer loop
      vertex -60.1591 16.8391 0.366065
      vertex -59.8 16.75 0
      vertex -60.1805 16.75 0.380444
    endloop
  endfacet
  facet normal -0.370406 -0.603639 -0.705988
    outer loop
      vertex -59.3449 -17.9175 0.260296
      vertex -59.4254 -17.8681 0.260293
      vertex -59.2267 -17.6856 0
    endloop
  endfacet
  facet normal -0.165292 -0.688632 -0.70602
    outer loop
      vertex -58.9657 -18.1117 0.328639
      vertex -59.0724 -18.0675 0.310508
      vertex -58.9143 -17.7871 0
    endloop
  endfacet
  facet normal -0.165477 -0.688558 -0.706049
    outer loop
      vertex -59.0724 -18.0675 0.310508
      vertex -59.0745 -17.7486 0
      vertex -58.9143 -17.7871 0
    endloop
  endfacet
  facet normal -0.16569 -0.688534 -0.706022
    outer loop
      vertex -59.158 -18.032 0.295976
      vertex -59.0745 -17.7486 0
      vertex -59.0724 -18.0675 0.310508
    endloop
  endfacet
  facet normal -0.167871 -0.687949 -0.706077
    outer loop
      vertex -59.0745 -17.7486 0
      vertex -59.158 -18.032 0.295976
      vertex -59.1651 -18.0276 0.293377
    endloop
  endfacet
  facet normal -0.654391 -0.270835 -0.705989
    outer loop
      vertex -59.9175 -17.3449 0.260296
      vertex -59.9698 -17.2595 0.276012
      vertex -59.6856 -17.2267 0
    endloop
  endfacet
  facet normal -0.654383 0.270868 -0.705984
    outer loop
      vertex -59.7486 17.0745 0
      vertex -59.9698 17.2595 0.276012
      vertex -59.6856 17.2267 0
    endloop
  endfacet
  facet normal -0.654411 0.270823 -0.705976
    outer loop
      vertex -59.9698 17.2595 0.276012
      vertex -59.7486 17.0745 0
      vertex -60.0276 17.1651 0.293377
    endloop
  endfacet
  facet normal 0.538547 0.459892 -0.706022
    outer loop
      vertex -24.4005 17.3672 0
      vertex -24.5075 17.4925 0
      vertex -23.9418 18.0582 0.799999
    endloop
  endfacet
  facet normal 0.92387 -0.382707 0
    outer loop
      vertex -23.6016 -17.5899 2.6
      vertex -23.4905 -17.3217 0.799999
      vertex -23.4905 -17.3217 2.6
    endloop
  endfacet
  facet normal 0.92387 -0.382707 0
    outer loop
      vertex -23.4905 -17.3217 0.799999
      vertex -23.6016 -17.5899 2.6
      vertex -23.6016 -17.5899 0.799999
    endloop
  endfacet
  facet normal 0.92387 0.382707 0
    outer loop
      vertex -23.4905 17.3217 2.6
      vertex -23.6016 17.5899 0.799999
      vertex -23.6016 17.5899 2.6
    endloop
  endfacet
  facet normal 0.92387 0.382707 0
    outer loop
      vertex -23.6016 17.5899 0.799999
      vertex -23.4905 17.3217 2.6
      vertex -23.4905 17.3217 0.799999
    endloop
  endfacet
  facet normal 0.689828 0.159191 -0.706255
    outer loop
      vertex -23.4228 17.0394 2.6
      vertex -21.3094 17.3755 4.74
      vertex -21.3091 17.3742 4.74
    endloop
  endfacet
  facet normal 0.688654 0.16515 -0.706032
    outer loop
      vertex -21.3094 17.3755 4.74
      vertex -23.4228 17.0394 2.6
      vertex -23.4905 17.3217 2.6
    endloop
  endfacet
  facet normal -0.760369 0.649492 0
    outer loop
      vertex -61.9861 19.1011 0
      vertex -61.5784 19.5784 6.15
      vertex -61.5784 19.5784 0
    endloop
  endfacet
  facet normal -0.760369 0.649492 0
    outer loop
      vertex -61.5784 19.5784 6.15
      vertex -61.9861 19.1011 0
      vertex -61.9861 19.1011 6.15
    endloop
  endfacet
  facet normal 0.707107 0 -0.707107
    outer loop
      vertex -21.26 -16.75 4.74
      vertex -23.4 16.75 2.6
      vertex -21.26 16.75 4.74
    endloop
  endfacet
  facet normal 0.707107 0 -0.707107
    outer loop
      vertex -23.4 16.75 2.6
      vertex -21.26 -16.75 4.74
      vertex -23.4 -16.75 2.6
    endloop
  endfacet
  facet normal 0.603809 0.370074 -0.706017
    outer loop
      vertex -22.5825 18.25 3.81758
      vertex -23.7533 17.8374 2.6
      vertex -23.1854 18.25 3.30196
    endloop
  endfacet
  facet normal -0.852647 0.522487 0
    outer loop
      vertex -62.314 18.566 0
      vertex -61.9861 19.1011 6.15
      vertex -61.9861 19.1011 0
    endloop
  endfacet
  facet normal -0.852647 0.522487 0
    outer loop
      vertex -61.9861 19.1011 6.15
      vertex -62.314 18.566 0
      vertex -62.314 18.566 6.15
    endloop
  endfacet
  facet normal 0.538507 -0.45995 -0.706014
    outer loop
      vertex -23.4377 -18.25 3.10952
      vertex -23.7533 -17.8374 2.6
      vertex -23.1854 -18.25 3.30196
    endloop
  endfacet
  facet normal -0.996923 -0.07839 0
    outer loop
      vertex -62.7008 -17.3757 0
      vertex -62.75 -16.75 6.15
      vertex -62.75 -16.75 0
    endloop
  endfacet
  facet normal -0.996923 -0.07839 0
    outer loop
      vertex -62.75 -16.75 6.15
      vertex -62.7008 -17.3757 0
      vertex -62.7008 -17.3757 6.15
    endloop
  endfacet
  facet normal 0.688624 0.165383 -0.706007
    outer loop
      vertex -21.3094 17.3755 4.74
      vertex -23.4905 17.3217 2.6
      vertex -21.4553 17.983 4.74
    endloop
  endfacet
  facet normal -0.522487 -0.852647 0
    outer loop
      vertex -61.1011 -19.9861 0
      vertex -60.566 -20.314 6.15
      vertex -61.1011 -19.9861 6.15
    endloop
  endfacet
  facet normal -0.522487 -0.852647 -0
    outer loop
      vertex -60.566 -20.314 6.15
      vertex -61.1011 -19.9861 0
      vertex -60.566 -20.314 0
    endloop
  endfacet
  facet normal 0 -1 0
    outer loop
      vertex -58.75 -20.75 0
      vertex 58.75 -20.75 6.15
      vertex -58.75 -20.75 6.15
    endloop
  endfacet
  facet normal 0 -1 -0
    outer loop
      vertex 58.75 -20.75 6.15
      vertex -58.75 -20.75 0
      vertex 58.75 -20.75 0
    endloop
  endfacet
  facet normal 0.603967 -0.369827 -0.706011
    outer loop
      vertex -22.5825 -18.25 3.81758
      vertex -23.6016 -17.5899 2.6
      vertex -22.3061 -18.25 4.05403
    endloop
  endfacet
  facet normal 0.603802 -0.370088 -0.706015
    outer loop
      vertex -23.6016 -17.5899 2.6
      vertex -22.5825 -18.25 3.81758
      vertex -23.7533 -17.8374 2.6
    endloop
  endfacet
  facet normal 0 1 -0
    outer loop
      vertex 58.75 20.75 0
      vertex -58.75 20.75 6.15
      vertex 58.75 20.75 6.15
    endloop
  endfacet
  facet normal 0 1 0
    outer loop
      vertex -58.75 20.75 6.15
      vertex 58.75 20.75 0
      vertex -58.75 20.75 0
    endloop
  endfacet
  facet normal 0.382234 0.596605 -0.705662
    outer loop
      vertex -24.1602 18.25 2.60409
      vertex -24.1626 18.2467 2.6
      vertex -24.1614 18.25 2.60344
    endloop
  endfacet
  facet normal 0.538518 -0.45994 -0.706012
    outer loop
      vertex -23.75 -18.25 2.87131
      vertex -23.7533 -17.8374 2.6
      vertex -23.4377 -18.25 3.10952
    endloop
  endfacet
  facet normal 0.538683 -0.459881 -0.705925
    outer loop
      vertex -23.7533 -17.8374 2.6
      vertex -23.75 -18.25 2.87131
      vertex -23.9418 -18.0582 2.6
    endloop
  endfacet
  facet normal -0.923881 -0.38268 0
    outer loop
      vertex -62.314 -18.566 0
      vertex -62.5542 -17.9861 6.15
      vertex -62.5542 -17.9861 0
    endloop
  endfacet
  facet normal -0.923881 -0.38268 0
    outer loop
      vertex -62.5542 -17.9861 6.15
      vertex -62.314 -18.566 0
      vertex -62.314 -18.566 6.15
    endloop
  endfacet
  facet normal -0.07839 0.996923 0
    outer loop
      vertex -58.75 20.75 0
      vertex -59.3757 20.7008 6.15
      vertex -58.75 20.75 6.15
    endloop
  endfacet
  facet normal -0.07839 0.996923 0
    outer loop
      vertex -59.3757 20.7008 6.15
      vertex -58.75 20.75 0
      vertex -59.3757 20.7008 0
    endloop
  endfacet
  facet normal 0.654181 0.271227 -0.706033
    outer loop
      vertex -23.4905 17.3217 2.6
      vertex -22.3061 18.25 4.05403
      vertex -22.1442 18.25 4.20404
    endloop
  endfacet
  facet normal 0.654294 0.271037 -0.706002
    outer loop
      vertex -22.3061 18.25 4.05403
      vertex -23.4905 17.3217 2.6
      vertex -23.6016 17.5899 2.6
    endloop
  endfacet
  facet normal 0.654304 -0.271034 -0.705993
    outer loop
      vertex -22.1442 -18.25 4.20404
      vertex -21.4553 -17.983 4.74
      vertex -21.5659 -18.25 4.74
    endloop
  endfacet
  facet normal 0.654303 -0.271005 -0.706006
    outer loop
      vertex -21.4553 -17.983 4.74
      vertex -22.1442 -18.25 4.20404
      vertex -23.4905 -17.3217 2.6
    endloop
  endfacet
  facet normal -0.23353 -0.97235 0
    outer loop
      vertex -59.9861 -20.5542 0
      vertex -59.3757 -20.7008 6.15
      vertex -59.9861 -20.5542 6.15
    endloop
  endfacet
  facet normal -0.23353 -0.97235 -0
    outer loop
      vertex -59.3757 -20.7008 6.15
      vertex -59.9861 -20.5542 0
      vertex -59.3757 -20.7008 0
    endloop
  endfacet
  facet normal 0.603967 0.369827 -0.706011
    outer loop
      vertex -23.6016 17.5899 2.6
      vertex -22.5825 18.25 3.81758
      vertex -22.3061 18.25 4.05403
    endloop
  endfacet
  facet normal 0.603802 0.370088 -0.706015
    outer loop
      vertex -22.5825 18.25 3.81758
      vertex -23.6016 17.5899 2.6
      vertex -23.7533 17.8374 2.6
    endloop
  endfacet
  facet normal 0.654304 0.271034 -0.705993
    outer loop
      vertex -21.4553 17.983 4.74
      vertex -22.1442 18.25 4.20404
      vertex -21.5659 18.25 4.74
    endloop
  endfacet
  facet normal 0.654303 0.271005 -0.706006
    outer loop
      vertex -22.1442 18.25 4.20404
      vertex -21.4553 17.983 4.74
      vertex -23.4905 17.3217 2.6
    endloop
  endfacet
  facet normal 0.459826 0.538733 -0.705922
    outer loop
      vertex -23.9418 18.0582 2.6
      vertex -24.1583 18.25 2.60535
      vertex -23.75 18.25 2.87131
    endloop
  endfacet
  facet normal 0.461191 0.540217 -0.703895
    outer loop
      vertex -24.1583 18.25 2.60535
      vertex -23.9418 18.0582 2.6
      vertex -24.1626 18.2467 2.6
    endloop
  endfacet
  facet normal -0.649492 -0.760369 0
    outer loop
      vertex -61.5784 -19.5784 0
      vertex -61.1011 -19.9861 6.15
      vertex -61.5784 -19.5784 6.15
    endloop
  endfacet
  facet normal -0.649492 -0.760369 -0
    outer loop
      vertex -61.1011 -19.9861 6.15
      vertex -61.5784 -19.5784 0
      vertex -61.1011 -19.9861 0
    endloop
  endfacet
  facet normal 0.706015 -0.0555471 -0.706015
    outer loop
      vertex -21.309 -17.3728 4.74
      vertex -23.4 -16.75 2.6
      vertex -21.26 -16.75 4.74
    endloop
  endfacet
  facet normal -0.07839 -0.996923 0
    outer loop
      vertex -59.3757 -20.7008 0
      vertex -58.75 -20.75 6.15
      vertex -59.3757 -20.7008 6.15
    endloop
  endfacet
  facet normal -0.07839 -0.996923 -0
    outer loop
      vertex -58.75 -20.75 6.15
      vertex -59.3757 -20.7008 0
      vertex -58.75 -20.75 0
    endloop
  endfacet
  facet normal -0.38268 -0.923881 0
    outer loop
      vertex -60.566 -20.314 0
      vertex -59.9861 -20.5542 6.15
      vertex -60.566 -20.314 6.15
    endloop
  endfacet
  facet normal -0.38268 -0.923881 -0
    outer loop
      vertex -59.9861 -20.5542 6.15
      vertex -60.566 -20.314 0
      vertex -59.9861 -20.5542 0
    endloop
  endfacet
  facet normal 0.706001 0.0556214 -0.706023
    outer loop
      vertex -23.4228 17.0394 2.6
      vertex -21.309 17.3728 4.74
      vertex -23.4 16.75 2.6
    endloop
  endfacet
  facet normal 0.706599 0.0504714 -0.705812
    outer loop
      vertex -21.309 17.3728 4.74
      vertex -23.4228 17.0394 2.6
      vertex -21.3091 17.3742 4.74
    endloop
  endfacet
  facet normal 0.368637 0.603224 -0.707268
    outer loop
      vertex -24.1626 18.2467 2.6
      vertex -24.168 18.25 2.6
      vertex -24.1614 18.25 2.60344
    endloop
  endfacet
  facet normal 0.706599 -0.0504714 -0.705812
    outer loop
      vertex -23.4228 -17.0394 2.6
      vertex -21.309 -17.3728 4.74
      vertex -21.3091 -17.3742 4.74
    endloop
  endfacet
  facet normal 0.706001 -0.0556214 -0.706023
    outer loop
      vertex -21.309 -17.3728 4.74
      vertex -23.4228 -17.0394 2.6
      vertex -23.4 -16.75 2.6
    endloop
  endfacet
  facet normal 0.603809 -0.370074 -0.706017
    outer loop
      vertex -23.1854 -18.25 3.30196
      vertex -23.7533 -17.8374 2.6
      vertex -22.5825 -18.25 3.81758
    endloop
  endfacet
  facet normal -0.996923 0.07839 0
    outer loop
      vertex -62.75 16.75 0
      vertex -62.7008 17.3757 6.15
      vertex -62.7008 17.3757 0
    endloop
  endfacet
  facet normal -0.996923 0.07839 0
    outer loop
      vertex -62.7008 17.3757 6.15
      vertex -62.75 16.75 0
      vertex -62.75 16.75 6.15
    endloop
  endfacet
  facet normal 0.538518 0.45994 -0.706012
    outer loop
      vertex -23.7533 17.8374 2.6
      vertex -23.75 18.25 2.87131
      vertex -23.4377 18.25 3.10952
    endloop
  endfacet
  facet normal 0.538683 0.459881 -0.705925
    outer loop
      vertex -23.75 18.25 2.87131
      vertex -23.7533 17.8374 2.6
      vertex -23.9418 18.0582 2.6
    endloop
  endfacet
  facet normal 0.368637 -0.603224 -0.707268
    outer loop
      vertex -24.1614 -18.25 2.60344
      vertex -24.168 -18.25 2.6
      vertex -24.1626 -18.2467 2.6
    endloop
  endfacet
  facet normal 0.689828 -0.159191 -0.706255
    outer loop
      vertex -21.3094 -17.3755 4.74
      vertex -23.4228 -17.0394 2.6
      vertex -21.3091 -17.3742 4.74
    endloop
  endfacet
  facet normal 0.688654 -0.16515 -0.706032
    outer loop
      vertex -23.4228 -17.0394 2.6
      vertex -21.3094 -17.3755 4.74
      vertex -23.4905 -17.3217 2.6
    endloop
  endfacet
  facet normal 0.46741 0.533621 -0.704824
    outer loop
      vertex -24.1583 18.25 2.60535
      vertex -24.1626 18.2467 2.6
      vertex -24.1602 18.25 2.60409
    endloop
  endfacet
  facet normal -0.38268 0.923881 0
    outer loop
      vertex -59.9861 20.5542 0
      vertex -60.566 20.314 6.15
      vertex -59.9861 20.5542 6.15
    endloop
  endfacet
  facet normal -0.38268 0.923881 0
    outer loop
      vertex -60.566 20.314 6.15
      vertex -59.9861 20.5542 0
      vertex -60.566 20.314 0
    endloop
  endfacet
  facet normal -1 0 0
    outer loop
      vertex -62.75 -16.75 0
      vertex -62.75 16.75 6.15
      vertex -62.75 16.75 0
    endloop
  endfacet
  facet normal -1 -0 0
    outer loop
      vertex -62.75 16.75 6.15
      vertex -62.75 -16.75 0
      vertex -62.75 -16.75 6.15
    endloop
  endfacet
  facet normal 0.538507 0.45995 -0.706014
    outer loop
      vertex -23.1854 18.25 3.30196
      vertex -23.7533 17.8374 2.6
      vertex -23.4377 18.25 3.10952
    endloop
  endfacet
  facet normal 0.654181 -0.271227 -0.706033
    outer loop
      vertex -22.3061 -18.25 4.05403
      vertex -23.4905 -17.3217 2.6
      vertex -22.1442 -18.25 4.20404
    endloop
  endfacet
  facet normal 0.654294 -0.271037 -0.706002
    outer loop
      vertex -23.4905 -17.3217 2.6
      vertex -22.3061 -18.25 4.05403
      vertex -23.6016 -17.5899 2.6
    endloop
  endfacet
  facet normal -0.522487 0.852647 0
    outer loop
      vertex -60.566 20.314 0
      vertex -61.1011 19.9861 6.15
      vertex -60.566 20.314 6.15
    endloop
  endfacet
  facet normal -0.522487 0.852647 0
    outer loop
      vertex -61.1011 19.9861 6.15
      vertex -60.566 20.314 0
      vertex -61.1011 19.9861 0
    endloop
  endfacet
  facet normal 0.706015 0.0555471 -0.706015
    outer loop
      vertex -21.26 16.75 4.74
      vertex -23.4 16.75 2.6
      vertex -21.309 17.3728 4.74
    endloop
  endfacet
  facet normal 0.459826 -0.538733 -0.705922
    outer loop
      vertex -24.1583 -18.25 2.60535
      vertex -23.9418 -18.0582 2.6
      vertex -23.75 -18.25 2.87131
    endloop
  endfacet
  facet normal 0.461191 -0.540217 -0.703895
    outer loop
      vertex -23.9418 -18.0582 2.6
      vertex -24.1583 -18.25 2.60535
      vertex -24.1626 -18.2467 2.6
    endloop
  endfacet
  facet normal 0.382234 -0.596605 -0.705662
    outer loop
      vertex -24.1614 -18.25 2.60344
      vertex -24.1626 -18.2467 2.6
      vertex -24.1602 -18.25 2.60409
    endloop
  endfacet
  facet normal 0.46741 -0.533621 -0.704824
    outer loop
      vertex -24.1602 -18.25 2.60409
      vertex -24.1626 -18.2467 2.6
      vertex -24.1583 -18.25 2.60535
    endloop
  endfacet
  facet normal 0.688624 -0.165383 -0.706007
    outer loop
      vertex -21.4553 -17.983 4.74
      vertex -23.4905 -17.3217 2.6
      vertex -21.3094 -17.3755 4.74
    endloop
  endfacet
  facet normal -0.852647 -0.522487 0
    outer loop
      vertex -61.9861 -19.1011 0
      vertex -62.314 -18.566 6.15
      vertex -62.314 -18.566 0
    endloop
  endfacet
  facet normal -0.852647 -0.522487 0
    outer loop
      vertex -62.314 -18.566 6.15
      vertex -61.9861 -19.1011 0
      vertex -61.9861 -19.1011 6.15
    endloop
  endfacet
  facet normal -0.760369 -0.649492 0
    outer loop
      vertex -61.5784 -19.5784 0
      vertex -61.9861 -19.1011 6.15
      vertex -61.9861 -19.1011 0
    endloop
  endfacet
  facet normal -0.760369 -0.649492 0
    outer loop
      vertex -61.9861 -19.1011 6.15
      vertex -61.5784 -19.5784 0
      vertex -61.5784 -19.5784 6.15
    endloop
  endfacet
  facet normal -0.649492 0.760369 0
    outer loop
      vertex -61.1011 19.9861 0
      vertex -61.5784 19.5784 6.15
      vertex -61.1011 19.9861 6.15
    endloop
  endfacet
  facet normal -0.649492 0.760369 0
    outer loop
      vertex -61.5784 19.5784 6.15
      vertex -61.1011 19.9861 0
      vertex -61.5784 19.5784 0
    endloop
  endfacet
  facet normal -0.97235 0.23353 0
    outer loop
      vertex -62.7008 17.3757 0
      vertex -62.5542 17.9861 6.15
      vertex -62.5542 17.9861 0
    endloop
  endfacet
  facet normal -0.97235 0.23353 0
    outer loop
      vertex -62.5542 17.9861 6.15
      vertex -62.7008 17.3757 0
      vertex -62.7008 17.3757 6.15
    endloop
  endfacet
  facet normal -0.923881 0.38268 0
    outer loop
      vertex -62.5542 17.9861 0
      vertex -62.314 18.566 6.15
      vertex -62.314 18.566 0
    endloop
  endfacet
  facet normal -0.923881 0.38268 0
    outer loop
      vertex -62.314 18.566 6.15
      vertex -62.5542 17.9861 0
      vertex -62.5542 17.9861 6.15
    endloop
  endfacet
  facet normal -0.23353 0.97235 0
    outer loop
      vertex -59.3757 20.7008 0
      vertex -59.9861 20.5542 6.15
      vertex -59.3757 20.7008 6.15
    endloop
  endfacet
  facet normal -0.23353 0.97235 0
    outer loop
      vertex -59.9861 20.5542 6.15
      vertex -59.3757 20.7008 0
      vertex -59.9861 20.5542 0
    endloop
  endfacet
  facet normal -0.97235 -0.23353 0
    outer loop
      vertex -62.5542 -17.9861 0
      vertex -62.7008 -17.3757 6.15
      vertex -62.7008 -17.3757 0
    endloop
  endfacet
  facet normal -0.97235 -0.23353 0
    outer loop
      vertex -62.7008 -17.3757 6.15
      vertex -62.5542 -17.9861 0
      vertex -62.5542 -17.9861 6.15
    endloop
  endfacet
  facet normal 0.0555617 -0.706034 -0.705995
    outer loop
      vertex 16.9876 -18.25 0.468694
      vertex 16.8207 -18.25 0.455559
      vertex 16.9143 -17.7871 0
    endloop
  endfacet
  facet normal 0.459892 0.538547 -0.706022
    outer loop
      vertex 17.4925 17.4925 0
      vertex 17.3672 17.5995 0
      vertex 18.0582 18.0582 0.799999
    endloop
  endfacet
  facet normal 0.0555627 -0.706011 -0.706018
    outer loop
      vertex 16.75 -17.8 0
      vertex 16.8207 -18.25 0.455559
      vertex 16.75 -18.25 0.449995
    endloop
  endfacet
  facet normal 0.0554335 -0.706026 -0.706013
    outer loop
      vertex 16.8207 -18.25 0.455559
      vertex 16.75 -17.8 0
      vertex 16.9143 -17.7871 0
    endloop
  endfacet
  facet normal -0.370043 -0.603844 -0.706003
    outer loop
      vertex -17.2267 -17.6856 0
      vertex -17.8374 -18.2467 0.799999
      vertex -17.3672 -17.5995 0
    endloop
  endfacet
  facet normal -0.459892 0.538547 -0.706022
    outer loop
      vertex -17.4925 17.4925 0
      vertex -18.0582 18.0582 0.799999
      vertex -17.3672 17.5995 0
    endloop
  endfacet
  facet normal 0.0554335 0.706026 -0.706013
    outer loop
      vertex 16.75 17.8 0
      vertex 16.8207 18.25 0.455559
      vertex 16.9143 17.7871 0
    endloop
  endfacet
  facet normal 0.0555627 0.706011 -0.706018
    outer loop
      vertex 16.8207 18.25 0.455559
      vertex 16.75 17.8 0
      vertex 16.75 18.25 0.449995
    endloop
  endfacet
  facet normal 0.706019 0.055433 -0.70602
    outer loop
      vertex 17.8 16.75 0
      vertex 17.7871 16.9143 0
      vertex 18.6 16.75 0.799999
    endloop
  endfacet
  facet normal -0.0555617 -0.706034 -0.705995
    outer loop
      vertex -16.8207 -18.25 0.455559
      vertex -16.9876 -18.25 0.468694
      vertex -16.9143 -17.7871 0
    endloop
  endfacet
  facet normal -0.271048 -0.654298 -0.705994
    outer loop
      vertex -17.2918 -18.25 0.548065
      vertex -17.5143 -18.25 0.633488
      vertex -17.2267 -17.6856 0
    endloop
  endfacet
  facet normal 0 -0.707103 -0.707111
    outer loop
      vertex -16.75 -18.25 0.449995
      vertex 16.75 -17.8 0
      vertex 16.75 -18.25 0.449995
    endloop
  endfacet
  facet normal -0 -0.707103 -0.707111
    outer loop
      vertex 16.75 -17.8 0
      vertex -16.75 -18.25 0.449995
      vertex -16.75 -17.8 0
    endloop
  endfacet
  facet normal 0.707106 0 -0.707107
    outer loop
      vertex 17.8 -16.75 0
      vertex 18.6 16.75 0.799999
      vertex 18.6 -16.75 0.799999
    endloop
  endfacet
  facet normal 0.707106 0 -0.707107
    outer loop
      vertex 18.6 16.75 0.799999
      vertex 17.8 -16.75 0
      vertex 17.8 16.75 0
    endloop
  endfacet
  facet normal 0.271048 -0.654298 -0.705994
    outer loop
      vertex 17.2918 -18.25 0.548065
      vertex 17.2267 -17.6856 0
      vertex 17.5143 -18.25 0.633488
    endloop
  endfacet
  facet normal 0 0.707103 -0.707111
    outer loop
      vertex -16.75 17.8 0
      vertex 16.75 18.25 0.449995
      vertex 16.75 17.8 0
    endloop
  endfacet
  facet normal 0 0.707103 -0.707111
    outer loop
      vertex 16.75 18.25 0.449995
      vertex -16.75 17.8 0
      vertex -16.75 18.25 0.449995
    endloop
  endfacet
  facet normal 0.649287 -0.760544 0
    outer loop
      vertex 17.8374 -18.2467 0.799999
      vertex 18.0582 -18.0582 2.6
      vertex 17.8374 -18.2467 2.6
    endloop
  endfacet
  facet normal 0.649287 -0.760544 0
    outer loop
      vertex 18.0582 -18.0582 2.6
      vertex 17.8374 -18.2467 0.799999
      vertex 18.0582 -18.0582 0.799999
    endloop
  endfacet
  facet normal 0.65433 0.270846 -0.706042
    outer loop
      vertex 17.7486 17.0745 0
      vertex 17.6856 17.2267 0
      vertex 18.5095 17.3217 0.799999
    endloop
  endfacet
  facet normal -0.706019 -0.055433 -0.70602
    outer loop
      vertex -17.7871 -16.9143 0
      vertex -18.6 -16.75 0.799999
      vertex -17.8 -16.75 0
    endloop
  endfacet
  facet normal -0.270852 -0.654343 -0.706028
    outer loop
      vertex -17.2374 -18.25 0.527188
      vertex -17.2267 -17.6856 0
      vertex -17.0745 -17.7486 0
    endloop
  endfacet
  facet normal -0.270944 -0.654324 -0.706009
    outer loop
      vertex -17.2267 -17.6856 0
      vertex -17.2374 -18.25 0.527188
      vertex -17.2918 -18.25 0.548065
    endloop
  endfacet
  facet normal -1 0 0
    outer loop
      vertex -18.6 -16.75 0.799999
      vertex -18.6 16.75 2.6
      vertex -18.6 16.75 0.799999
    endloop
  endfacet
  facet normal -1 -0 0
    outer loop
      vertex -18.6 16.75 2.6
      vertex -18.6 -16.75 0.799999
      vertex -18.6 -16.75 2.6
    endloop
  endfacet
  facet normal 0.53862 0.459827 -0.706008
    outer loop
      vertex 18.2467 17.8374 0.799999
      vertex 17.5995 17.3672 0
      vertex 18.0582 18.0582 0.799999
    endloop
  endfacet
  facet normal 0.369659 0.604897 -0.705303
    outer loop
      vertex 17.8374 18.2467 0.799999
      vertex 17.5143 18.25 0.633488
      vertex 17.832 18.25 0.799999
    endloop
  endfacet
  facet normal 0.370006 0.603874 -0.705997
    outer loop
      vertex 17.5143 18.25 0.633488
      vertex 17.8374 18.2467 0.799999
      vertex 17.2267 17.6856 0
    endloop
  endfacet
  facet normal 0.459827 -0.53862 -0.706008
    outer loop
      vertex 17.8374 -18.2467 0.799999
      vertex 17.3672 -17.5995 0
      vertex 18.0582 -18.0582 0.799999
    endloop
  endfacet
  facet normal 0.649287 0.760544 -0
    outer loop
      vertex 18.0582 18.0582 0.799999
      vertex 17.8374 18.2467 2.6
      vertex 18.0582 18.0582 2.6
    endloop
  endfacet
  facet normal 0.649287 0.760544 0
    outer loop
      vertex 17.8374 18.2467 2.6
      vertex 18.0582 18.0582 0.799999
      vertex 17.8374 18.2467 0.799999
    endloop
  endfacet
  facet normal -0.688563 -0.165479 -0.706044
    outer loop
      vertex -17.7486 -17.0745 0
      vertex -18.5095 -17.3217 0.799999
      vertex -17.7871 -16.9143 0
    endloop
  endfacet
  facet normal 0.706019 -0.055433 -0.70602
    outer loop
      vertex 18.6 -16.75 0.799999
      vertex 17.7871 -16.9143 0
      vertex 17.8 -16.75 0
    endloop
  endfacet
  facet normal -0.270852 0.654343 -0.706028
    outer loop
      vertex -17.2267 17.6856 0
      vertex -17.2374 18.25 0.527188
      vertex -17.0745 17.7486 0
    endloop
  endfacet
  facet normal -0.270944 0.654324 -0.706009
    outer loop
      vertex -17.2374 18.25 0.527188
      vertex -17.2267 17.6856 0
      vertex -17.2918 18.25 0.548065
    endloop
  endfacet
  facet normal 1 -0 0
    outer loop
      vertex 18.6 -16.75 2.6
      vertex 18.6 16.75 0.799999
      vertex 18.6 16.75 2.6
    endloop
  endfacet
  facet normal 1 0 0
    outer loop
      vertex 18.6 16.75 0.799999
      vertex 18.6 -16.75 2.6
      vertex 18.6 -16.75 0.799999
    endloop
  endfacet
  facet normal 0.271048 0.654298 -0.705994
    outer loop
      vertex 17.5143 18.25 0.633488
      vertex 17.2267 17.6856 0
      vertex 17.2918 18.25 0.548065
    endloop
  endfacet
  facet normal 0.654282 0.271032 -0.706015
    outer loop
      vertex 18.5095 17.3217 0.799999
      vertex 17.6856 17.2267 0
      vertex 18.3984 17.5899 0.799999
    endloop
  endfacet
  facet normal -0.707106 0 -0.707107
    outer loop
      vertex -18.6 -16.75 0.799999
      vertex -17.8 16.75 0
      vertex -17.8 -16.75 0
    endloop
  endfacet
  facet normal -0.707106 0 -0.707107
    outer loop
      vertex -17.8 16.75 0
      vertex -18.6 -16.75 0.799999
      vertex -18.6 16.75 0.799999
    endloop
  endfacet
  facet normal -0.603805 -0.37009 -0.706012
    outer loop
      vertex -18.2467 -17.8374 0.799999
      vertex -18.3984 -17.5899 0.799999
      vertex -17.6856 -17.2267 0
    endloop
  endfacet
  facet normal -0.53862 0.459827 -0.706008
    outer loop
      vertex -17.5995 17.3672 0
      vertex -18.2467 17.8374 0.799999
      vertex -18.0582 18.0582 0.799999
    endloop
  endfacet
  facet normal 0.370043 0.603844 -0.706003
    outer loop
      vertex 17.3672 17.5995 0
      vertex 17.2267 17.6856 0
      vertex 17.8374 18.2467 0.799999
    endloop
  endfacet
  facet normal -0.68869 -0.165159 -0.705995
    outer loop
      vertex -18.5095 -17.3217 0.799999
      vertex -18.5772 -17.0394 0.799999
      vertex -17.7871 -16.9143 0
    endloop
  endfacet
  facet normal -0.706031 -0.0556237 -0.705993
    outer loop
      vertex -18.5772 -17.0394 0.799999
      vertex -18.6 -16.75 0.799999
      vertex -17.7871 -16.9143 0
    endloop
  endfacet
  facet normal -0.459827 0.53862 -0.706008
    outer loop
      vertex -17.3672 17.5995 0
      vertex -18.0582 18.0582 0.799999
      vertex -17.8374 18.2467 0.799999
    endloop
  endfacet
  facet normal -0.0555627 -0.706011 -0.706018
    outer loop
      vertex -16.8207 -18.25 0.455559
      vertex -16.75 -17.8 0
      vertex -16.75 -18.25 0.449995
    endloop
  endfacet
  facet normal -0.0554335 -0.706026 -0.706013
    outer loop
      vertex -16.75 -17.8 0
      vertex -16.8207 -18.25 0.455559
      vertex -16.9143 -17.7871 0
    endloop
  endfacet
  facet normal 0.688563 -0.165479 -0.706044
    outer loop
      vertex 18.5095 -17.3217 0.799999
      vertex 17.7486 -17.0745 0
      vertex 17.7871 -16.9143 0
    endloop
  endfacet
  facet normal 0.852591 -0.522578 0
    outer loop
      vertex 18.2467 -17.8374 2.6
      vertex 18.3984 -17.5899 0.799999
      vertex 18.3984 -17.5899 2.6
    endloop
  endfacet
  facet normal 0.852591 -0.522578 0
    outer loop
      vertex 18.3984 -17.5899 0.799999
      vertex 18.2467 -17.8374 2.6
      vertex 18.2467 -17.8374 0.799999
    endloop
  endfacet
  facet normal 0.369659 -0.604897 -0.705303
    outer loop
      vertex 17.5143 -18.25 0.633488
      vertex 17.8374 -18.2467 0.799999
      vertex 17.832 -18.25 0.799999
    endloop
  endfacet
  facet normal 0.370006 -0.603874 -0.705997
    outer loop
      vertex 17.8374 -18.2467 0.799999
      vertex 17.5143 -18.25 0.633488
      vertex 17.2267 -17.6856 0
    endloop
  endfacet
  facet normal 0.68869 0.165159 -0.705995
    outer loop
      vertex 18.5772 17.0394 0.799999
      vertex 17.7871 16.9143 0
      vertex 18.5095 17.3217 0.799999
    endloop
  endfacet
  facet normal 0.706031 0.0556237 -0.705993
    outer loop
      vertex 18.6 16.75 0.799999
      vertex 17.7871 16.9143 0
      vertex 18.5772 17.0394 0.799999
    endloop
  endfacet
  facet normal 0.996911 -0.0785403 0
    outer loop
      vertex 18.5772 -17.0394 2.6
      vertex 18.6 -16.75 0.799999
      vertex 18.6 -16.75 2.6
    endloop
  endfacet
  facet normal 0.996911 -0.0785403 0
    outer loop
      vertex 18.6 -16.75 0.799999
      vertex 18.5772 -17.0394 2.6
      vertex 18.5772 -17.0394 0.799999
    endloop
  endfacet
  facet normal -0.654282 0.271032 -0.706015
    outer loop
      vertex -17.6856 17.2267 0
      vertex -18.5095 17.3217 0.799999
      vertex -18.3984 17.5899 0.799999
    endloop
  endfacet
  facet normal 0.852591 0.522578 0
    outer loop
      vertex 18.3984 17.5899 2.6
      vertex 18.2467 17.8374 0.799999
      vertex 18.2467 17.8374 2.6
    endloop
  endfacet
  facet normal 0.852591 0.522578 0
    outer loop
      vertex 18.2467 17.8374 0.799999
      vertex 18.3984 17.5899 2.6
      vertex 18.3984 17.5899 0.799999
    endloop
  endfacet
  facet normal 0.972428 -0.233204 0
    outer loop
      vertex 18.5095 -17.3217 2.6
      vertex 18.5772 -17.0394 0.799999
      vertex 18.5772 -17.0394 2.6
    endloop
  endfacet
  facet normal 0.972428 -0.233204 0
    outer loop
      vertex 18.5772 -17.0394 0.799999
      vertex 18.5095 -17.3217 2.6
      vertex 18.5095 -17.3217 0.799999
    endloop
  endfacet
  facet normal -0.271048 0.654298 -0.705994
    outer loop
      vertex -17.2267 17.6856 0
      vertex -17.5143 18.25 0.633488
      vertex -17.2918 18.25 0.548065
    endloop
  endfacet
  facet normal -0.538547 0.459892 -0.706022
    outer loop
      vertex -17.5995 17.3672 0
      vertex -18.0582 18.0582 0.799999
      vertex -17.4925 17.4925 0
    endloop
  endfacet
  facet normal 0.459827 0.53862 -0.706008
    outer loop
      vertex 18.0582 18.0582 0.799999
      vertex 17.3672 17.5995 0
      vertex 17.8374 18.2467 0.799999
    endloop
  endfacet
  facet normal 0.603805 0.37009 -0.706012
    outer loop
      vertex 18.3984 17.5899 0.799999
      vertex 17.6856 17.2267 0
      vertex 18.2467 17.8374 0.799999
    endloop
  endfacet
  facet normal -0.603805 0.37009 -0.706012
    outer loop
      vertex -17.6856 17.2267 0
      vertex -18.3984 17.5899 0.799999
      vertex -18.2467 17.8374 0.799999
    endloop
  endfacet
  facet normal -0.852591 0.522578 0
    outer loop
      vertex -18.3984 17.5899 0.799999
      vertex -18.2467 17.8374 2.6
      vertex -18.2467 17.8374 0.799999
    endloop
  endfacet
  facet normal -0.852591 0.522578 0
    outer loop
      vertex -18.2467 17.8374 2.6
      vertex -18.3984 17.5899 0.799999
      vertex -18.3984 17.5899 2.6
    endloop
  endfacet
  facet normal 0.972428 0.233204 0
    outer loop
      vertex 18.5772 17.0394 2.6
      vertex 18.5095 17.3217 0.799999
      vertex 18.5095 17.3217 2.6
    endloop
  endfacet
  facet normal 0.972428 0.233204 0
    outer loop
      vertex 18.5095 17.3217 0.799999
      vertex 18.5772 17.0394 2.6
      vertex 18.5772 17.0394 0.799999
    endloop
  endfacet
  facet normal 0.0555617 0.706034 -0.705995
    outer loop
      vertex 16.9143 17.7871 0
      vertex 16.8207 18.25 0.455559
      vertex 16.9876 18.25 0.468694
    endloop
  endfacet
  facet normal 0.165285 0.688659 -0.705995
    outer loop
      vertex 17.1754 18.25 0.512661
      vertex 16.9143 17.7871 0
      vertex 16.9876 18.25 0.468694
    endloop
  endfacet
  facet normal 0.165427 0.688593 -0.706026
    outer loop
      vertex 17.0745 17.7486 0
      vertex 17.1754 18.25 0.512661
      vertex 17.2374 18.25 0.527188
    endloop
  endfacet
  facet normal 0.165483 0.688581 -0.706025
    outer loop
      vertex 17.1754 18.25 0.512661
      vertex 17.0745 17.7486 0
      vertex 16.9143 17.7871 0
    endloop
  endfacet
  facet normal 0.270944 0.654324 -0.706009
    outer loop
      vertex 17.2267 17.6856 0
      vertex 17.2374 18.25 0.527188
      vertex 17.2918 18.25 0.548065
    endloop
  endfacet
  facet normal 0.270852 0.654343 -0.706028
    outer loop
      vertex 17.2374 18.25 0.527188
      vertex 17.2267 17.6856 0
      vertex 17.0745 17.7486 0
    endloop
  endfacet
  facet normal -0.459892 -0.538547 -0.706022
    outer loop
      vertex -17.3672 -17.5995 0
      vertex -18.0582 -18.0582 0.799999
      vertex -17.4925 -17.4925 0
    endloop
  endfacet
  facet normal -0.165483 0.688581 -0.706025
    outer loop
      vertex -17.0745 17.7486 0
      vertex -17.1754 18.25 0.512661
      vertex -16.9143 17.7871 0
    endloop
  endfacet
  facet normal -0.165427 0.688593 -0.706026
    outer loop
      vertex -17.1754 18.25 0.512661
      vertex -17.0745 17.7486 0
      vertex -17.2374 18.25 0.527188
    endloop
  endfacet
  facet normal 0.706031 -0.0556237 -0.705993
    outer loop
      vertex 18.5772 -17.0394 0.799999
      vertex 17.7871 -16.9143 0
      vertex 18.6 -16.75 0.799999
    endloop
  endfacet
  facet normal 0.68869 -0.165159 -0.705995
    outer loop
      vertex 18.5095 -17.3217 0.799999
      vertex 17.7871 -16.9143 0
      vertex 18.5772 -17.0394 0.799999
    endloop
  endfacet
  facet normal -0.972428 0.233204 0
    outer loop
      vertex -18.5772 17.0394 0.799999
      vertex -18.5095 17.3217 2.6
      vertex -18.5095 17.3217 0.799999
    endloop
  endfacet
  facet normal -0.972428 0.233204 0
    outer loop
      vertex -18.5095 17.3217 2.6
      vertex -18.5772 17.0394 0.799999
      vertex -18.5772 17.0394 2.6
    endloop
  endfacet
  facet normal 0 0 -1
    outer loop
      vertex 16.75 -17.8 0
      vertex 17.8 -16.75 0
      vertex 17.7871 -16.9143 0
    endloop
  endfacet
  facet normal -0 0 -1
    outer loop
      vertex 17.8 -16.75 0
      vertex 16.75 -17.8 0
      vertex 17.8 16.75 0
    endloop
  endfacet
  facet normal 0 0 -1
    outer loop
      vertex 16.75 -17.8 0
      vertex 17.7871 -16.9143 0
      vertex 17.7486 -17.0745 0
    endloop
  endfacet
  facet normal 0 0 -1
    outer loop
      vertex 16.75 17.8 0
      vertex 17.8 16.75 0
      vertex 16.75 -17.8 0
    endloop
  endfacet
  facet normal 0 0 -1
    outer loop
      vertex 16.75 -17.8 0
      vertex 17.7486 -17.0745 0
      vertex 17.6856 -17.2267 0
    endloop
  endfacet
  facet normal 0 0 -1
    outer loop
      vertex 17.8 16.75 0
      vertex 16.75 17.8 0
      vertex 17.7871 16.9143 0
    endloop
  endfacet
  facet normal 0 0 -1
    outer loop
      vertex 16.75 -17.8 0
      vertex 17.6856 -17.2267 0
      vertex 17.5995 -17.3672 0
    endloop
  endfacet
  facet normal 0 0 -1
    outer loop
      vertex 17.7871 16.9143 0
      vertex 16.75 17.8 0
      vertex 17.7486 17.0745 0
    endloop
  endfacet
  facet normal 0 0 -1
    outer loop
      vertex 16.75 -17.8 0
      vertex 17.5995 -17.3672 0
      vertex 17.4925 -17.4925 0
    endloop
  endfacet
  facet normal 0 0 -1
    outer loop
      vertex 17.7486 17.0745 0
      vertex 16.75 17.8 0
      vertex 17.6856 17.2267 0
    endloop
  endfacet
  facet normal 0 0 -1
    outer loop
      vertex 16.75 -17.8 0
      vertex 17.4925 -17.4925 0
      vertex 17.3672 -17.5995 0
    endloop
  endfacet
  facet normal 0 0 -1
    outer loop
      vertex 17.6856 17.2267 0
      vertex 16.75 17.8 0
      vertex 17.5995 17.3672 0
    endloop
  endfacet
  facet normal 0 0 -1
    outer loop
      vertex 16.75 -17.8 0
      vertex 17.3672 -17.5995 0
      vertex 17.2267 -17.6856 0
    endloop
  endfacet
  facet normal 0 0 -1
    outer loop
      vertex 17.5995 17.3672 0
      vertex 16.75 17.8 0
      vertex 17.4925 17.4925 0
    endloop
  endfacet
  facet normal 0 0 -1
    outer loop
      vertex 16.75 -17.8 0
      vertex 17.2267 -17.6856 0
      vertex 17.0745 -17.7486 0
    endloop
  endfacet
  facet normal 0 0 -1
    outer loop
      vertex 17.4925 17.4925 0
      vertex 16.75 17.8 0
      vertex 17.3672 17.5995 0
    endloop
  endfacet
  facet normal 0 0 -1
    outer loop
      vertex 16.75 -17.8 0
      vertex 17.0745 -17.7486 0
      vertex 16.9143 -17.7871 0
    endloop
  endfacet
  facet normal 0 0 -1
    outer loop
      vertex 17.3672 17.5995 0
      vertex 16.75 17.8 0
      vertex 17.2267 17.6856 0
    endloop
  endfacet
  facet normal 0 0 -1
    outer loop
      vertex 17.2267 17.6856 0
      vertex 16.75 17.8 0
      vertex 17.0745 17.7486 0
    endloop
  endfacet
  facet normal 0 0 -1
    outer loop
      vertex 17.0745 17.7486 0
      vertex 16.75 17.8 0
      vertex 16.9143 17.7871 0
    endloop
  endfacet
  facet normal 0 0 -1
    outer loop
      vertex -16.75 -17.8 0
      vertex 16.75 17.8 0
      vertex 16.75 -17.8 0
    endloop
  endfacet
  facet normal 0 0 -1
    outer loop
      vertex -16.75 -17.8 0
      vertex -16.75 17.8 0
      vertex 16.75 17.8 0
    endloop
  endfacet
  facet normal 0 0 -1
    outer loop
      vertex -17.8 -16.75 0
      vertex -16.75 -17.8 0
      vertex -16.9143 -17.7871 0
    endloop
  endfacet
  facet normal 0 0 -1
    outer loop
      vertex -16.75 -17.8 0
      vertex -17.8 -16.75 0
      vertex -16.75 17.8 0
    endloop
  endfacet
  facet normal 0 0 -1
    outer loop
      vertex -17.8 -16.75 0
      vertex -16.9143 -17.7871 0
      vertex -17.0745 -17.7486 0
    endloop
  endfacet
  facet normal 0 0 -1
    outer loop
      vertex -17.8 16.75 0
      vertex -16.75 17.8 0
      vertex -17.8 -16.75 0
    endloop
  endfacet
  facet normal 0 0 -1
    outer loop
      vertex -17.8 -16.75 0
      vertex -17.0745 -17.7486 0
      vertex -17.2267 -17.6856 0
    endloop
  endfacet
  facet normal 0 0 -1
    outer loop
      vertex -16.75 17.8 0
      vertex -17.8 16.75 0
      vertex -16.9143 17.7871 0
    endloop
  endfacet
  facet normal 0 0 -1
    outer loop
      vertex -17.8 -16.75 0
      vertex -17.2267 -17.6856 0
      vertex -17.3672 -17.5995 0
    endloop
  endfacet
  facet normal 0 0 -1
    outer loop
      vertex -16.9143 17.7871 0
      vertex -17.8 16.75 0
      vertex -17.0745 17.7486 0
    endloop
  endfacet
  facet normal 0 0 -1
    outer loop
      vertex -17.8 -16.75 0
      vertex -17.3672 -17.5995 0
      vertex -17.4925 -17.4925 0
    endloop
  endfacet
  facet normal 0 0 -1
    outer loop
      vertex -17.0745 17.7486 0
      vertex -17.8 16.75 0
      vertex -17.2267 17.6856 0
    endloop
  endfacet
  facet normal 0 0 -1
    outer loop
      vertex -17.8 -16.75 0
      vertex -17.4925 -17.4925 0
      vertex -17.5995 -17.3672 0
    endloop
  endfacet
  facet normal 0 0 -1
    outer loop
      vertex -17.2267 17.6856 0
      vertex -17.8 16.75 0
      vertex -17.3672 17.5995 0
    endloop
  endfacet
  facet normal 0 0 -1
    outer loop
      vertex -17.8 -16.75 0
      vertex -17.5995 -17.3672 0
      vertex -17.6856 -17.2267 0
    endloop
  endfacet
  facet normal 0 0 -1
    outer loop
      vertex -17.3672 17.5995 0
      vertex -17.8 16.75 0
      vertex -17.4925 17.4925 0
    endloop
  endfacet
  facet normal 0 0 -1
    outer loop
      vertex -17.8 -16.75 0
      vertex -17.6856 -17.2267 0
      vertex -17.7486 -17.0745 0
    endloop
  endfacet
  facet normal 0 0 -1
    outer loop
      vertex -17.4925 17.4925 0
      vertex -17.8 16.75 0
      vertex -17.5995 17.3672 0
    endloop
  endfacet
  facet normal 0 0 -1
    outer loop
      vertex -17.8 -16.75 0
      vertex -17.7486 -17.0745 0
      vertex -17.7871 -16.9143 0
    endloop
  endfacet
  facet normal 0 0 -1
    outer loop
      vertex -17.5995 17.3672 0
      vertex -17.8 16.75 0
      vertex -17.6856 17.2267 0
    endloop
  endfacet
  facet normal 0 0 -1
    outer loop
      vertex -17.6856 17.2267 0
      vertex -17.8 16.75 0
      vertex -17.7486 17.0745 0
    endloop
  endfacet
  facet normal 0 0 -1
    outer loop
      vertex -17.7486 17.0745 0
      vertex -17.8 16.75 0
      vertex -17.7871 16.9143 0
    endloop
  endfacet
  facet normal 0.52145 0.853282 -0
    outer loop
      vertex 17.8374 18.2467 0.799999
      vertex 17.832 18.25 2.6
      vertex 17.8374 18.2467 2.6
    endloop
  endfacet
  facet normal 0.52145 0.853282 0
    outer loop
      vertex 17.832 18.25 2.6
      vertex 17.8374 18.2467 0.799999
      vertex 17.832 18.25 0.799999
    endloop
  endfacet
  facet normal -0.538547 -0.459892 -0.706022
    outer loop
      vertex -17.4925 -17.4925 0
      vertex -18.0582 -18.0582 0.799999
      vertex -17.5995 -17.3672 0
    endloop
  endfacet
  facet normal 0.538547 -0.459892 -0.706022
    outer loop
      vertex 18.0582 -18.0582 0.799999
      vertex 17.4925 -17.4925 0
      vertex 17.5995 -17.3672 0
    endloop
  endfacet
  facet normal 0.53862 -0.459827 -0.706008
    outer loop
      vertex 18.0582 -18.0582 0.799999
      vertex 17.5995 -17.3672 0
      vertex 18.2467 -17.8374 0.799999
    endloop
  endfacet
  facet normal 0.165285 -0.688659 -0.705995
    outer loop
      vertex 16.9876 -18.25 0.468694
      vertex 16.9143 -17.7871 0
      vertex 17.1754 -18.25 0.512661
    endloop
  endfacet
  facet normal 0.996911 0.0785403 0
    outer loop
      vertex 18.6 16.75 2.6
      vertex 18.5772 17.0394 0.799999
      vertex 18.5772 17.0394 2.6
    endloop
  endfacet
  facet normal 0.996911 0.0785403 0
    outer loop
      vertex 18.5772 17.0394 0.799999
      vertex 18.6 16.75 2.6
      vertex 18.6 16.75 0.799999
    endloop
  endfacet
  facet normal 0.760544 -0.649287 0
    outer loop
      vertex 18.0582 -18.0582 2.6
      vertex 18.2467 -17.8374 0.799999
      vertex 18.2467 -17.8374 2.6
    endloop
  endfacet
  facet normal 0.760544 -0.649287 0
    outer loop
      vertex 18.2467 -17.8374 0.799999
      vertex 18.0582 -18.0582 2.6
      vertex 18.0582 -18.0582 0.799999
    endloop
  endfacet
  facet normal -0.92387 -0.382707 0
    outer loop
      vertex -18.3984 -17.5899 0.799999
      vertex -18.5095 -17.3217 2.6
      vertex -18.5095 -17.3217 0.799999
    endloop
  endfacet
  facet normal -0.92387 -0.382707 0
    outer loop
      vertex -18.5095 -17.3217 2.6
      vertex -18.3984 -17.5899 0.799999
      vertex -18.3984 -17.5899 2.6
    endloop
  endfacet
  facet normal -0.649287 -0.760544 0
    outer loop
      vertex -18.0582 -18.0582 0.799999
      vertex -17.8374 -18.2467 2.6
      vertex -18.0582 -18.0582 2.6
    endloop
  endfacet
  facet normal -0.649287 -0.760544 -0
    outer loop
      vertex -17.8374 -18.2467 2.6
      vertex -18.0582 -18.0582 0.799999
      vertex -17.8374 -18.2467 0.799999
    endloop
  endfacet
  facet normal -0.459827 -0.53862 -0.706008
    outer loop
      vertex -17.8374 -18.2467 0.799999
      vertex -18.0582 -18.0582 0.799999
      vertex -17.3672 -17.5995 0
    endloop
  endfacet
  facet normal -0.0555617 0.706034 -0.705995
    outer loop
      vertex -16.9143 17.7871 0
      vertex -16.9876 18.25 0.468694
      vertex -16.8207 18.25 0.455559
    endloop
  endfacet
  facet normal 0.688563 0.165479 -0.706044
    outer loop
      vertex 17.7871 16.9143 0
      vertex 17.7486 17.0745 0
      vertex 18.5095 17.3217 0.799999
    endloop
  endfacet
  facet normal -0.603844 -0.370043 -0.706003
    outer loop
      vertex -17.5995 -17.3672 0
      vertex -18.2467 -17.8374 0.799999
      vertex -17.6856 -17.2267 0
    endloop
  endfacet
  facet normal -0.53862 -0.459827 -0.706008
    outer loop
      vertex -18.0582 -18.0582 0.799999
      vertex -18.2467 -17.8374 0.799999
      vertex -17.5995 -17.3672 0
    endloop
  endfacet
  facet normal 0.459892 -0.538547 -0.706022
    outer loop
      vertex 18.0582 -18.0582 0.799999
      vertex 17.3672 -17.5995 0
      vertex 17.4925 -17.4925 0
    endloop
  endfacet
  facet normal -0.603844 0.370043 -0.706003
    outer loop
      vertex -17.6856 17.2267 0
      vertex -18.2467 17.8374 0.799999
      vertex -17.5995 17.3672 0
    endloop
  endfacet
  facet normal -0.972428 -0.233204 0
    outer loop
      vertex -18.5095 -17.3217 0.799999
      vertex -18.5772 -17.0394 2.6
      vertex -18.5772 -17.0394 0.799999
    endloop
  endfacet
  facet normal -0.972428 -0.233204 0
    outer loop
      vertex -18.5772 -17.0394 2.6
      vertex -18.5095 -17.3217 0.799999
      vertex -18.5095 -17.3217 2.6
    endloop
  endfacet
  facet normal -0.52145 -0.853282 0
    outer loop
      vertex -17.8374 -18.2467 0.799999
      vertex -17.832 -18.25 2.6
      vertex -17.8374 -18.2467 2.6
    endloop
  endfacet
  facet normal -0.52145 -0.853282 -0
    outer loop
      vertex -17.832 -18.25 2.6
      vertex -17.8374 -18.2467 0.799999
      vertex -17.832 -18.25 0.799999
    endloop
  endfacet
  facet normal -0.688563 0.165479 -0.706044
    outer loop
      vertex -17.7871 16.9143 0
      vertex -18.5095 17.3217 0.799999
      vertex -17.7486 17.0745 0
    endloop
  endfacet
  facet normal -0.68869 0.165159 -0.705995
    outer loop
      vertex -17.7871 16.9143 0
      vertex -18.5772 17.0394 0.799999
      vertex -18.5095 17.3217 0.799999
    endloop
  endfacet
  facet normal 0.603844 0.370043 -0.706003
    outer loop
      vertex 17.6856 17.2267 0
      vertex 17.5995 17.3672 0
      vertex 18.2467 17.8374 0.799999
    endloop
  endfacet
  facet normal 0.65433 -0.270846 -0.706042
    outer loop
      vertex 18.5095 -17.3217 0.799999
      vertex 17.6856 -17.2267 0
      vertex 17.7486 -17.0745 0
    endloop
  endfacet
  facet normal -0.165285 0.688659 -0.705995
    outer loop
      vertex -16.9143 17.7871 0
      vertex -17.1754 18.25 0.512661
      vertex -16.9876 18.25 0.468694
    endloop
  endfacet
  facet normal -0.996911 -0.0785403 0
    outer loop
      vertex -18.5772 -17.0394 0.799999
      vertex -18.6 -16.75 2.6
      vertex -18.6 -16.75 0.799999
    endloop
  endfacet
  facet normal -0.996911 -0.0785403 0
    outer loop
      vertex -18.6 -16.75 2.6
      vertex -18.5772 -17.0394 0.799999
      vertex -18.5772 -17.0394 2.6
    endloop
  endfacet
  facet normal 0.603844 -0.370043 -0.706003
    outer loop
      vertex 18.2467 -17.8374 0.799999
      vertex 17.5995 -17.3672 0
      vertex 17.6856 -17.2267 0
    endloop
  endfacet
  facet normal 0.760544 0.649287 0
    outer loop
      vertex 18.2467 17.8374 2.6
      vertex 18.0582 18.0582 0.799999
      vertex 18.0582 18.0582 2.6
    endloop
  endfacet
  facet normal 0.760544 0.649287 0
    outer loop
      vertex 18.0582 18.0582 0.799999
      vertex 18.2467 17.8374 2.6
      vertex 18.2467 17.8374 0.799999
    endloop
  endfacet
  facet normal 0.52145 -0.853282 0
    outer loop
      vertex 17.832 -18.25 0.799999
      vertex 17.8374 -18.2467 2.6
      vertex 17.832 -18.25 2.6
    endloop
  endfacet
  facet normal 0.52145 -0.853282 0
    outer loop
      vertex 17.8374 -18.2467 2.6
      vertex 17.832 -18.25 0.799999
      vertex 17.8374 -18.2467 0.799999
    endloop
  endfacet
  facet normal 0.370043 -0.603844 -0.706003
    outer loop
      vertex 17.8374 -18.2467 0.799999
      vertex 17.2267 -17.6856 0
      vertex 17.3672 -17.5995 0
    endloop
  endfacet
  facet normal -0.370043 0.603844 -0.706003
    outer loop
      vertex -17.3672 17.5995 0
      vertex -17.8374 18.2467 0.799999
      vertex -17.2267 17.6856 0
    endloop
  endfacet
  facet normal 0.270944 -0.654324 -0.706009
    outer loop
      vertex 17.2374 -18.25 0.527188
      vertex 17.2267 -17.6856 0
      vertex 17.2918 -18.25 0.548065
    endloop
  endfacet
  facet normal 0.270852 -0.654343 -0.706028
    outer loop
      vertex 17.2267 -17.6856 0
      vertex 17.2374 -18.25 0.527188
      vertex 17.0745 -17.7486 0
    endloop
  endfacet
  facet normal 0.165427 -0.688593 -0.706026
    outer loop
      vertex 17.1754 -18.25 0.512661
      vertex 17.0745 -17.7486 0
      vertex 17.2374 -18.25 0.527188
    endloop
  endfacet
  facet normal 0.165483 -0.688581 -0.706025
    outer loop
      vertex 17.0745 -17.7486 0
      vertex 17.1754 -18.25 0.512661
      vertex 16.9143 -17.7871 0
    endloop
  endfacet
  facet normal -0.760544 0.649287 0
    outer loop
      vertex -18.2467 17.8374 0.799999
      vertex -18.0582 18.0582 2.6
      vertex -18.0582 18.0582 0.799999
    endloop
  endfacet
  facet normal -0.760544 0.649287 0
    outer loop
      vertex -18.0582 18.0582 2.6
      vertex -18.2467 17.8374 0.799999
      vertex -18.2467 17.8374 2.6
    endloop
  endfacet
  facet normal -0.370006 0.603874 -0.705997
    outer loop
      vertex -17.8374 18.2467 0.799999
      vertex -17.5143 18.25 0.633488
      vertex -17.2267 17.6856 0
    endloop
  endfacet
  facet normal -0.369659 0.604897 -0.705303
    outer loop
      vertex -17.5143 18.25 0.633488
      vertex -17.8374 18.2467 0.799999
      vertex -17.832 18.25 0.799999
    endloop
  endfacet
  facet normal 0.603805 -0.37009 -0.706012
    outer loop
      vertex 18.2467 -17.8374 0.799999
      vertex 17.6856 -17.2267 0
      vertex 18.3984 -17.5899 0.799999
    endloop
  endfacet
  facet normal 0.654282 -0.271032 -0.706015
    outer loop
      vertex 18.3984 -17.5899 0.799999
      vertex 17.6856 -17.2267 0
      vertex 18.5095 -17.3217 0.799999
    endloop
  endfacet
  facet normal -0.65433 -0.270846 -0.706042
    outer loop
      vertex -17.6856 -17.2267 0
      vertex -18.5095 -17.3217 0.799999
      vertex -17.7486 -17.0745 0
    endloop
  endfacet
  facet normal -0.0555627 0.706011 -0.706018
    outer loop
      vertex -16.75 17.8 0
      vertex -16.8207 18.25 0.455559
      vertex -16.75 18.25 0.449995
    endloop
  endfacet
  facet normal -0.0554335 0.706026 -0.706013
    outer loop
      vertex -16.8207 18.25 0.455559
      vertex -16.75 17.8 0
      vertex -16.9143 17.7871 0
    endloop
  endfacet
  facet normal -0.760544 -0.649287 0
    outer loop
      vertex -18.0582 -18.0582 0.799999
      vertex -18.2467 -17.8374 2.6
      vertex -18.2467 -17.8374 0.799999
    endloop
  endfacet
  facet normal -0.760544 -0.649287 0
    outer loop
      vertex -18.2467 -17.8374 2.6
      vertex -18.0582 -18.0582 0.799999
      vertex -18.0582 -18.0582 2.6
    endloop
  endfacet
  facet normal -0.706031 0.0556237 -0.705993
    outer loop
      vertex -17.7871 16.9143 0
      vertex -18.6 16.75 0.799999
      vertex -18.5772 17.0394 0.799999
    endloop
  endfacet
  facet normal -0.706019 0.055433 -0.70602
    outer loop
      vertex -17.8 16.75 0
      vertex -18.6 16.75 0.799999
      vertex -17.7871 16.9143 0
    endloop
  endfacet
  facet normal -0.369659 -0.604897 -0.705303
    outer loop
      vertex -17.8374 -18.2467 0.799999
      vertex -17.5143 -18.25 0.633488
      vertex -17.832 -18.25 0.799999
    endloop
  endfacet
  facet normal -0.370006 -0.603874 -0.705997
    outer loop
      vertex -17.5143 -18.25 0.633488
      vertex -17.8374 -18.2467 0.799999
      vertex -17.2267 -17.6856 0
    endloop
  endfacet
  facet normal -0.165285 -0.688659 -0.705995
    outer loop
      vertex -16.9876 -18.25 0.468694
      vertex -17.1754 -18.25 0.512661
      vertex -16.9143 -17.7871 0
    endloop
  endfacet
  facet normal -0.165483 -0.688581 -0.706025
    outer loop
      vertex -17.1754 -18.25 0.512661
      vertex -17.0745 -17.7486 0
      vertex -16.9143 -17.7871 0
    endloop
  endfacet
  facet normal -0.165427 -0.688593 -0.706026
    outer loop
      vertex -17.0745 -17.7486 0
      vertex -17.1754 -18.25 0.512661
      vertex -17.2374 -18.25 0.527188
    endloop
  endfacet
  facet normal -0.996911 0.0785403 0
    outer loop
      vertex -18.6 16.75 0.799999
      vertex -18.5772 17.0394 2.6
      vertex -18.5772 17.0394 0.799999
    endloop
  endfacet
  facet normal -0.996911 0.0785403 0
    outer loop
      vertex -18.5772 17.0394 2.6
      vertex -18.6 16.75 0.799999
      vertex -18.6 16.75 2.6
    endloop
  endfacet
  facet normal -0.52145 0.853282 0
    outer loop
      vertex -17.832 18.25 0.799999
      vertex -17.8374 18.2467 2.6
      vertex -17.832 18.25 2.6
    endloop
  endfacet
  facet normal -0.52145 0.853282 0
    outer loop
      vertex -17.8374 18.2467 2.6
      vertex -17.832 18.25 0.799999
      vertex -17.8374 18.2467 0.799999
    endloop
  endfacet
  facet normal -0.654282 -0.271032 -0.706015
    outer loop
      vertex -18.3984 -17.5899 0.799999
      vertex -18.5095 -17.3217 0.799999
      vertex -17.6856 -17.2267 0
    endloop
  endfacet
  facet normal -0.649287 0.760544 0
    outer loop
      vertex -17.8374 18.2467 0.799999
      vertex -18.0582 18.0582 2.6
      vertex -17.8374 18.2467 2.6
    endloop
  endfacet
  facet normal -0.649287 0.760544 0
    outer loop
      vertex -18.0582 18.0582 2.6
      vertex -17.8374 18.2467 0.799999
      vertex -18.0582 18.0582 0.799999
    endloop
  endfacet
  facet normal -0.65433 0.270846 -0.706042
    outer loop
      vertex -17.7486 17.0745 0
      vertex -18.5095 17.3217 0.799999
      vertex -17.6856 17.2267 0
    endloop
  endfacet
  facet normal 0.538547 0.459892 -0.706022
    outer loop
      vertex 17.5995 17.3672 0
      vertex 17.4925 17.4925 0
      vertex 18.0582 18.0582 0.799999
    endloop
  endfacet
  facet normal -0.852591 -0.522578 0
    outer loop
      vertex -18.2467 -17.8374 0.799999
      vertex -18.3984 -17.5899 2.6
      vertex -18.3984 -17.5899 0.799999
    endloop
  endfacet
  facet normal -0.852591 -0.522578 0
    outer loop
      vertex -18.3984 -17.5899 2.6
      vertex -18.2467 -17.8374 0.799999
      vertex -18.2467 -17.8374 2.6
    endloop
  endfacet
  facet normal 0.92387 -0.382707 0
    outer loop
      vertex 18.3984 -17.5899 2.6
      vertex 18.5095 -17.3217 0.799999
      vertex 18.5095 -17.3217 2.6
    endloop
  endfacet
  facet normal 0.92387 -0.382707 0
    outer loop
      vertex 18.5095 -17.3217 0.799999
      vertex 18.3984 -17.5899 2.6
      vertex 18.3984 -17.5899 0.799999
    endloop
  endfacet
  facet normal 0.92387 0.382707 0
    outer loop
      vertex 18.5095 17.3217 2.6
      vertex 18.3984 17.5899 0.799999
      vertex 18.3984 17.5899 2.6
    endloop
  endfacet
  facet normal 0.92387 0.382707 0
    outer loop
      vertex 18.3984 17.5899 0.799999
      vertex 18.5095 17.3217 2.6
      vertex 18.5095 17.3217 0.799999
    endloop
  endfacet
  facet normal -0.92387 0.382707 0
    outer loop
      vertex -18.5095 17.3217 0.799999
      vertex -18.3984 17.5899 2.6
      vertex -18.3984 17.5899 0.799999
    endloop
  endfacet
  facet normal -0.92387 0.382707 0
    outer loop
      vertex -18.3984 17.5899 2.6
      vertex -18.5095 17.3217 0.799999
      vertex -18.5095 17.3217 2.6
    endloop
  endfacet
  facet normal 0.689828 0.159191 -0.706255
    outer loop
      vertex 18.5772 17.0394 2.6
      vertex 20.6906 17.3755 4.74
      vertex 20.6909 17.3742 4.74
    endloop
  endfacet
  facet normal 0.688654 0.16515 -0.706032
    outer loop
      vertex 20.6906 17.3755 4.74
      vertex 18.5772 17.0394 2.6
      vertex 18.5095 17.3217 2.6
    endloop
  endfacet
  facet normal 0.707107 0 -0.707107
    outer loop
      vertex 20.74 -16.75 4.74
      vertex 18.6 16.75 2.6
      vertex 20.74 16.75 4.74
    endloop
  endfacet
  facet normal 0.707107 0 -0.707107
    outer loop
      vertex 18.6 16.75 2.6
      vertex 20.74 -16.75 4.74
      vertex 18.6 -16.75 2.6
    endloop
  endfacet
  facet normal 0.603809 0.370074 -0.706017
    outer loop
      vertex 19.4175 18.25 3.81758
      vertex 18.2467 17.8374 2.6
      vertex 18.8146 18.25 3.30196
    endloop
  endfacet
  facet normal 0.538507 -0.45995 -0.706014
    outer loop
      vertex 18.5623 -18.25 3.10952
      vertex 18.2467 -17.8374 2.6
      vertex 18.8146 -18.25 3.30196
    endloop
  endfacet
  facet normal -0.538507 0.45995 -0.706014
    outer loop
      vertex -18.2467 17.8374 2.6
      vertex -18.8146 18.25 3.30196
      vertex -18.5623 18.25 3.10952
    endloop
  endfacet
  facet normal -0.603802 0.370088 -0.706015
    outer loop
      vertex -18.3984 17.5899 2.6
      vertex -19.4175 18.25 3.81758
      vertex -18.2467 17.8374 2.6
    endloop
  endfacet
  facet normal -0.603967 0.369827 -0.706011
    outer loop
      vertex -19.4175 18.25 3.81758
      vertex -18.3984 17.5899 2.6
      vertex -19.6939 18.25 4.05403
    endloop
  endfacet
  facet normal 0.688624 0.165383 -0.706007
    outer loop
      vertex 20.6906 17.3755 4.74
      vertex 18.5095 17.3217 2.6
      vertex 20.5447 17.983 4.74
    endloop
  endfacet
  facet normal -0.688654 -0.16515 -0.706032
    outer loop
      vertex -20.6906 -17.3755 4.74
      vertex -18.5772 -17.0394 2.6
      vertex -18.5095 -17.3217 2.6
    endloop
  endfacet
  facet normal -0.689828 -0.159191 -0.706255
    outer loop
      vertex -18.5772 -17.0394 2.6
      vertex -20.6906 -17.3755 4.74
      vertex -20.6909 -17.3742 4.74
    endloop
  endfacet
  facet normal 0.603967 -0.369827 -0.706011
    outer loop
      vertex 19.4175 -18.25 3.81758
      vertex 18.3984 -17.5899 2.6
      vertex 19.6939 -18.25 4.05403
    endloop
  endfacet
  facet normal 0.603802 -0.370088 -0.706015
    outer loop
      vertex 18.3984 -17.5899 2.6
      vertex 19.4175 -18.25 3.81758
      vertex 18.2467 -17.8374 2.6
    endloop
  endfacet
  facet normal 0.382234 0.596605 -0.705662
    outer loop
      vertex 17.8398 18.25 2.60409
      vertex 17.8374 18.2467 2.6
      vertex 17.8386 18.25 2.60344
    endloop
  endfacet
  facet normal 0.538518 -0.45994 -0.706012
    outer loop
      vertex 18.25 -18.25 2.87131
      vertex 18.2467 -17.8374 2.6
      vertex 18.5623 -18.25 3.10952
    endloop
  endfacet
  facet normal 0.538683 -0.459881 -0.705925
    outer loop
      vertex 18.2467 -17.8374 2.6
      vertex 18.25 -18.25 2.87131
      vertex 18.0582 -18.0582 2.6
    endloop
  endfacet
  facet normal -0.706599 -0.0504714 -0.705812
    outer loop
      vertex -20.691 -17.3728 4.74
      vertex -18.5772 -17.0394 2.6
      vertex -20.6909 -17.3742 4.74
    endloop
  endfacet
  facet normal -0.706001 -0.0556214 -0.706023
    outer loop
      vertex -18.5772 -17.0394 2.6
      vertex -20.691 -17.3728 4.74
      vertex -18.6 -16.75 2.6
    endloop
  endfacet
  facet normal 0.654181 0.271227 -0.706033
    outer loop
      vertex 18.5095 17.3217 2.6
      vertex 19.6939 18.25 4.05403
      vertex 19.8558 18.25 4.20404
    endloop
  endfacet
  facet normal 0.654294 0.271037 -0.706002
    outer loop
      vertex 19.6939 18.25 4.05403
      vertex 18.5095 17.3217 2.6
      vertex 18.3984 17.5899 2.6
    endloop
  endfacet
  facet normal 0.654304 -0.271034 -0.705993
    outer loop
      vertex 19.8558 -18.25 4.20404
      vertex 20.5447 -17.983 4.74
      vertex 20.4341 -18.25 4.74
    endloop
  endfacet
  facet normal 0.654303 -0.271005 -0.706006
    outer loop
      vertex 20.5447 -17.983 4.74
      vertex 19.8558 -18.25 4.20404
      vertex 18.5095 -17.3217 2.6
    endloop
  endfacet
  facet normal 0.603967 0.369827 -0.706011
    outer loop
      vertex 18.3984 17.5899 2.6
      vertex 19.4175 18.25 3.81758
      vertex 19.6939 18.25 4.05403
    endloop
  endfacet
  facet normal 0.603802 0.370088 -0.706015
    outer loop
      vertex 19.4175 18.25 3.81758
      vertex 18.3984 17.5899 2.6
      vertex 18.2467 17.8374 2.6
    endloop
  endfacet
  facet normal -0.368637 0.603224 -0.707268
    outer loop
      vertex -17.8374 18.2467 2.6
      vertex -17.8386 18.25 2.60344
      vertex -17.832 18.25 2.6
    endloop
  endfacet
  facet normal -0.654303 0.271005 -0.706006
    outer loop
      vertex -20.5447 17.983 4.74
      vertex -19.8558 18.25 4.20404
      vertex -18.5095 17.3217 2.6
    endloop
  endfacet
  facet normal -0.654304 0.271034 -0.705993
    outer loop
      vertex -19.8558 18.25 4.20404
      vertex -20.5447 17.983 4.74
      vertex -20.4341 18.25 4.74
    endloop
  endfacet
  facet normal 0.654304 0.271034 -0.705993
    outer loop
      vertex 20.5447 17.983 4.74
      vertex 19.8558 18.25 4.20404
      vertex 20.4341 18.25 4.74
    endloop
  endfacet
  facet normal 0.654303 0.271005 -0.706006
    outer loop
      vertex 19.8558 18.25 4.20404
      vertex 20.5447 17.983 4.74
      vertex 18.5095 17.3217 2.6
    endloop
  endfacet
  facet normal 0.459826 0.538733 -0.705922
    outer loop
      vertex 18.0582 18.0582 2.6
      vertex 17.8417 18.25 2.60535
      vertex 18.25 18.25 2.87131
    endloop
  endfacet
  facet normal 0.461191 0.540217 -0.703895
    outer loop
      vertex 17.8417 18.25 2.60535
      vertex 18.0582 18.0582 2.6
      vertex 17.8374 18.2467 2.6
    endloop
  endfacet
  facet normal -0.654294 0.271037 -0.706002
    outer loop
      vertex -18.5095 17.3217 2.6
      vertex -19.6939 18.25 4.05403
      vertex -18.3984 17.5899 2.6
    endloop
  endfacet
  facet normal -0.654181 0.271227 -0.706033
    outer loop
      vertex -19.6939 18.25 4.05403
      vertex -18.5095 17.3217 2.6
      vertex -19.8558 18.25 4.20404
    endloop
  endfacet
  facet normal -0.382234 -0.596605 -0.705662
    outer loop
      vertex -17.8386 -18.25 2.60344
      vertex -17.8398 -18.25 2.60409
      vertex -17.8374 -18.2467 2.6
    endloop
  endfacet
  facet normal -0.688654 0.16515 -0.706032
    outer loop
      vertex -18.5772 17.0394 2.6
      vertex -20.6906 17.3755 4.74
      vertex -18.5095 17.3217 2.6
    endloop
  endfacet
  facet normal -0.689828 0.159191 -0.706255
    outer loop
      vertex -20.6906 17.3755 4.74
      vertex -18.5772 17.0394 2.6
      vertex -20.6909 17.3742 4.74
    endloop
  endfacet
  facet normal -0.707107 0 -0.707107
    outer loop
      vertex -18.6 -16.75 2.6
      vertex -20.74 16.75 4.74
      vertex -18.6 16.75 2.6
    endloop
  endfacet
  facet normal -0.707107 -0 -0.707107
    outer loop
      vertex -20.74 16.75 4.74
      vertex -18.6 -16.75 2.6
      vertex -20.74 -16.75 4.74
    endloop
  endfacet
  facet normal 0.706015 -0.0555471 -0.706015
    outer loop
      vertex 20.691 -17.3728 4.74
      vertex 18.6 -16.75 2.6
      vertex 20.74 -16.75 4.74
    endloop
  endfacet
  facet normal -0.538683 0.459881 -0.705925
    outer loop
      vertex -18.2467 17.8374 2.6
      vertex -18.25 18.25 2.87131
      vertex -18.0582 18.0582 2.6
    endloop
  endfacet
  facet normal -0.538518 0.45994 -0.706012
    outer loop
      vertex -18.25 18.25 2.87131
      vertex -18.2467 17.8374 2.6
      vertex -18.5623 18.25 3.10952
    endloop
  endfacet
  facet normal -0.368637 -0.603224 -0.707268
    outer loop
      vertex -17.832 -18.25 2.6
      vertex -17.8386 -18.25 2.60344
      vertex -17.8374 -18.2467 2.6
    endloop
  endfacet
  facet normal -0.46741 -0.533621 -0.704824
    outer loop
      vertex -17.8398 -18.25 2.60409
      vertex -17.8417 -18.25 2.60535
      vertex -17.8374 -18.2467 2.6
    endloop
  endfacet
  facet normal -0.461191 -0.540217 -0.703895
    outer loop
      vertex -17.8417 -18.25 2.60535
      vertex -18.0582 -18.0582 2.6
      vertex -17.8374 -18.2467 2.6
    endloop
  endfacet
  facet normal -0.459826 -0.538733 -0.705922
    outer loop
      vertex -18.0582 -18.0582 2.6
      vertex -17.8417 -18.25 2.60535
      vertex -18.25 -18.25 2.87131
    endloop
  endfacet
  facet normal -0.603802 -0.370088 -0.706015
    outer loop
      vertex -19.4175 -18.25 3.81758
      vertex -18.3984 -17.5899 2.6
      vertex -18.2467 -17.8374 2.6
    endloop
  endfacet
  facet normal -0.603967 -0.369827 -0.706011
    outer loop
      vertex -18.3984 -17.5899 2.6
      vertex -19.4175 -18.25 3.81758
      vertex -19.6939 -18.25 4.05403
    endloop
  endfacet
  facet normal 0.706001 0.0556214 -0.706023
    outer loop
      vertex 18.5772 17.0394 2.6
      vertex 20.691 17.3728 4.74
      vertex 18.6 16.75 2.6
    endloop
  endfacet
  facet normal 0.706599 0.0504714 -0.705812
    outer loop
      vertex 20.691 17.3728 4.74
      vertex 18.5772 17.0394 2.6
      vertex 20.6909 17.3742 4.74
    endloop
  endfacet
  facet normal 0.368637 0.603224 -0.707268
    outer loop
      vertex 17.8374 18.2467 2.6
      vertex 17.832 18.25 2.6
      vertex 17.8386 18.25 2.60344
    endloop
  endfacet
  facet normal 0.706599 -0.0504714 -0.705812
    outer loop
      vertex 18.5772 -17.0394 2.6
      vertex 20.691 -17.3728 4.74
      vertex 20.6909 -17.3742 4.74
    endloop
  endfacet
  facet normal 0.706001 -0.0556214 -0.706023
    outer loop
      vertex 20.691 -17.3728 4.74
      vertex 18.5772 -17.0394 2.6
      vertex 18.6 -16.75 2.6
    endloop
  endfacet
  facet normal 0.603809 -0.370074 -0.706017
    outer loop
      vertex 18.8146 -18.25 3.30196
      vertex 18.2467 -17.8374 2.6
      vertex 19.4175 -18.25 3.81758
    endloop
  endfacet
  facet normal 0.538518 0.45994 -0.706012
    outer loop
      vertex 18.2467 17.8374 2.6
      vertex 18.25 18.25 2.87131
      vertex 18.5623 18.25 3.10952
    endloop
  endfacet
  facet normal 0.538683 0.459881 -0.705925
    outer loop
      vertex 18.25 18.25 2.87131
      vertex 18.2467 17.8374 2.6
      vertex 18.0582 18.0582 2.6
    endloop
  endfacet
  facet normal -0.706015 -0.0555471 -0.706015
    outer loop
      vertex -20.691 -17.3728 4.74
      vertex -20.74 -16.75 4.74
      vertex -18.6 -16.75 2.6
    endloop
  endfacet
  facet normal 0.368637 -0.603224 -0.707268
    outer loop
      vertex 17.8386 -18.25 2.60344
      vertex 17.832 -18.25 2.6
      vertex 17.8374 -18.2467 2.6
    endloop
  endfacet
  facet normal -0.461191 0.540217 -0.703895
    outer loop
      vertex -18.0582 18.0582 2.6
      vertex -17.8417 18.25 2.60535
      vertex -17.8374 18.2467 2.6
    endloop
  endfacet
  facet normal -0.459826 0.538733 -0.705922
    outer loop
      vertex -17.8417 18.25 2.60535
      vertex -18.0582 18.0582 2.6
      vertex -18.25 18.25 2.87131
    endloop
  endfacet
  facet normal 0.689828 -0.159191 -0.706255
    outer loop
      vertex 20.6906 -17.3755 4.74
      vertex 18.5772 -17.0394 2.6
      vertex 20.6909 -17.3742 4.74
    endloop
  endfacet
  facet normal 0.688654 -0.16515 -0.706032
    outer loop
      vertex 18.5772 -17.0394 2.6
      vertex 20.6906 -17.3755 4.74
      vertex 18.5095 -17.3217 2.6
    endloop
  endfacet
  facet normal 0.46741 0.533621 -0.704824
    outer loop
      vertex 17.8417 18.25 2.60535
      vertex 17.8374 18.2467 2.6
      vertex 17.8398 18.25 2.60409
    endloop
  endfacet
  facet normal 0.538507 0.45995 -0.706014
    outer loop
      vertex 18.8146 18.25 3.30196
      vertex 18.2467 17.8374 2.6
      vertex 18.5623 18.25 3.10952
    endloop
  endfacet
  facet normal -0.603809 0.370074 -0.706017
    outer loop
      vertex -18.2467 17.8374 2.6
      vertex -19.4175 18.25 3.81758
      vertex -18.8146 18.25 3.30196
    endloop
  endfacet
  facet normal -0.706001 0.0556214 -0.706023
    outer loop
      vertex -20.691 17.3728 4.74
      vertex -18.5772 17.0394 2.6
      vertex -18.6 16.75 2.6
    endloop
  endfacet
  facet normal -0.706599 0.0504714 -0.705812
    outer loop
      vertex -18.5772 17.0394 2.6
      vertex -20.691 17.3728 4.74
      vertex -20.6909 17.3742 4.74
    endloop
  endfacet
  facet normal 0.654181 -0.271227 -0.706033
    outer loop
      vertex 19.6939 -18.25 4.05403
      vertex 18.5095 -17.3217 2.6
      vertex 19.8558 -18.25 4.20404
    endloop
  endfacet
  facet normal 0.654294 -0.271037 -0.706002
    outer loop
      vertex 18.5095 -17.3217 2.6
      vertex 19.6939 -18.25 4.05403
      vertex 18.3984 -17.5899 2.6
    endloop
  endfacet
  facet normal -0.382234 0.596605 -0.705662
    outer loop
      vertex -17.8374 18.2467 2.6
      vertex -17.8398 18.25 2.60409
      vertex -17.8386 18.25 2.60344
    endloop
  endfacet
  facet normal -0.46741 0.533621 -0.704824
    outer loop
      vertex -17.8374 18.2467 2.6
      vertex -17.8417 18.25 2.60535
      vertex -17.8398 18.25 2.60409
    endloop
  endfacet
  facet normal 0.706015 0.0555471 -0.706015
    outer loop
      vertex 20.74 16.75 4.74
      vertex 18.6 16.75 2.6
      vertex 20.691 17.3728 4.74
    endloop
  endfacet
  facet normal 0.459826 -0.538733 -0.705922
    outer loop
      vertex 17.8417 -18.25 2.60535
      vertex 18.0582 -18.0582 2.6
      vertex 18.25 -18.25 2.87131
    endloop
  endfacet
  facet normal 0.461191 -0.540217 -0.703895
    outer loop
      vertex 18.0582 -18.0582 2.6
      vertex 17.8417 -18.25 2.60535
      vertex 17.8374 -18.2467 2.6
    endloop
  endfacet
  facet normal -0.688624 0.165383 -0.706007
    outer loop
      vertex -18.5095 17.3217 2.6
      vertex -20.6906 17.3755 4.74
      vertex -20.5447 17.983 4.74
    endloop
  endfacet
  facet normal 0.382234 -0.596605 -0.705662
    outer loop
      vertex 17.8386 -18.25 2.60344
      vertex 17.8374 -18.2467 2.6
      vertex 17.8398 -18.25 2.60409
    endloop
  endfacet
  facet normal 0.46741 -0.533621 -0.704824
    outer loop
      vertex 17.8398 -18.25 2.60409
      vertex 17.8374 -18.2467 2.6
      vertex 17.8417 -18.25 2.60535
    endloop
  endfacet
  facet normal 0.688624 -0.165383 -0.706007
    outer loop
      vertex 20.5447 -17.983 4.74
      vertex 18.5095 -17.3217 2.6
      vertex 20.6906 -17.3755 4.74
    endloop
  endfacet
  facet normal -0.706015 0.0555471 -0.706015
    outer loop
      vertex -18.6 16.75 2.6
      vertex -20.74 16.75 4.74
      vertex -20.691 17.3728 4.74
    endloop
  endfacet
  facet normal -0.654294 -0.271037 -0.706002
    outer loop
      vertex -19.6939 -18.25 4.05403
      vertex -18.5095 -17.3217 2.6
      vertex -18.3984 -17.5899 2.6
    endloop
  endfacet
  facet normal -0.654181 -0.271227 -0.706033
    outer loop
      vertex -18.5095 -17.3217 2.6
      vertex -19.6939 -18.25 4.05403
      vertex -19.8558 -18.25 4.20404
    endloop
  endfacet
  facet normal -0.538507 -0.45995 -0.706014
    outer loop
      vertex -18.5623 -18.25 3.10952
      vertex -18.8146 -18.25 3.30196
      vertex -18.2467 -17.8374 2.6
    endloop
  endfacet
  facet normal -0.538683 -0.459881 -0.705925
    outer loop
      vertex -18.25 -18.25 2.87131
      vertex -18.2467 -17.8374 2.6
      vertex -18.0582 -18.0582 2.6
    endloop
  endfacet
  facet normal -0.538518 -0.45994 -0.706012
    outer loop
      vertex -18.2467 -17.8374 2.6
      vertex -18.25 -18.25 2.87131
      vertex -18.5623 -18.25 3.10952
    endloop
  endfacet
  facet normal -0.603809 -0.370074 -0.706017
    outer loop
      vertex -18.8146 -18.25 3.30196
      vertex -19.4175 -18.25 3.81758
      vertex -18.2467 -17.8374 2.6
    endloop
  endfacet
  facet normal -0.654304 -0.271034 -0.705993
    outer loop
      vertex -20.5447 -17.983 4.74
      vertex -19.8558 -18.25 4.20404
      vertex -20.4341 -18.25 4.74
    endloop
  endfacet
  facet normal -0.654303 -0.271005 -0.706006
    outer loop
      vertex -19.8558 -18.25 4.20404
      vertex -20.5447 -17.983 4.74
      vertex -18.5095 -17.3217 2.6
    endloop
  endfacet
  facet normal -0.688624 -0.165383 -0.706007
    outer loop
      vertex -20.5447 -17.983 4.74
      vertex -20.6906 -17.3755 4.74
      vertex -18.5095 -17.3217 2.6
    endloop
  endfacet
  facet normal 0.057044 -0.706091 -0.70582
    outer loop
      vertex 58.9143 -17.7871 0
      vertex 58.868 -18.1521 0.361398
      vertex 58.8391 -18.1591 0.366065
    endloop
  endfacet
  facet normal 0.0552321 -0.706047 -0.706008
    outer loop
      vertex 58.868 -18.1521 0.361398
      vertex 58.9143 -17.7871 0
      vertex 58.9657 -18.1117 0.328639
    endloop
  endfacet
  facet normal 0.460113 0.538501 -0.705913
    outer loop
      vertex 59.4925 17.4925 0
      vertex 59.577 17.7387 0.242889
      vertex 59.6642 17.6642 0.242894
    endloop
  endfacet
  facet normal 0.459937 0.5386 -0.705952
    outer loop
      vertex 59.577 17.7387 0.242889
      vertex 59.4925 17.4925 0
      vertex 59.3672 17.5995 0
    endloop
  endfacet
  facet normal 0.0548594 -0.706083 -0.706001
    outer loop
      vertex 58.75 -17.8 0
      vertex 58.8391 -18.1591 0.366065
      vertex 58.75 -18.1804 0.380444
    endloop
  endfacet
  facet normal 0.0554307 -0.70599 -0.706049
    outer loop
      vertex 58.8391 -18.1591 0.366065
      vertex 58.75 -17.8 0
      vertex 58.9143 -17.7871 0
    endloop
  endfacet
  facet normal -0.370043 -0.603844 -0.706003
    outer loop
      vertex 24.7733 -17.6856 0
      vertex 24.1626 -18.2467 0.799999
      vertex 24.6328 -17.5995 0
    endloop
  endfacet
  facet normal -0.459892 0.538547 -0.706022
    outer loop
      vertex 24.5075 17.4925 0
      vertex 23.9418 18.0582 0.799999
      vertex 24.6328 17.5995 0
    endloop
  endfacet
  facet normal 0.0554307 0.70599 -0.706049
    outer loop
      vertex 58.75 17.8 0
      vertex 58.8391 18.1591 0.366065
      vertex 58.9143 17.7871 0
    endloop
  endfacet
  facet normal 0.0548594 0.706083 -0.706001
    outer loop
      vertex 58.8391 18.1591 0.366065
      vertex 58.75 17.8 0
      vertex 58.75 18.1804 0.380444
    endloop
  endfacet
  facet normal 0.705961 0.0556123 -0.706064
    outer loop
      vertex 59.8 16.75 0
      vertex 60.1591 16.8391 0.366065
      vertex 60.1805 16.75 0.380444
    endloop
  endfacet
  facet normal 0.70599 0.0554307 -0.706049
    outer loop
      vertex 60.1591 16.8391 0.366065
      vertex 59.8 16.75 0
      vertex 59.7871 16.9143 0
    endloop
  endfacet
  facet normal -0.0555617 -0.706034 -0.705995
    outer loop
      vertex 25.1793 -18.25 0.455559
      vertex 25.0124 -18.25 0.468694
      vertex 25.0857 -17.7871 0
    endloop
  endfacet
  facet normal -0.271048 -0.654298 -0.705994
    outer loop
      vertex 24.7082 -18.25 0.548065
      vertex 24.4857 -18.25 0.633488
      vertex 24.7733 -17.6856 0
    endloop
  endfacet
  facet normal 0.000310659 -0.707148 -0.707066
    outer loop
      vertex 58.5629 -18.2254 0.425367
      vertex 58.75 -17.8 0
      vertex 58.75 -18.1804 0.380444
    endloop
  endfacet
  facet normal -7.00133e-05 -0.707064 -0.70715
    outer loop
      vertex 58.25 -18.25 0.449995
      vertex 58.75 -17.8 0
      vertex 58.5629 -18.2254 0.425367
    endloop
  endfacet
  facet normal 0 -0.707103 -0.707111
    outer loop
      vertex 25.25 -17.8 0
      vertex 58.25 -18.25 0.449995
      vertex 25.25 -18.25 0.449995
    endloop
  endfacet
  facet normal 0 -0.707103 -0.707111
    outer loop
      vertex 58.25 -18.25 0.449995
      vertex 25.25 -17.8 0
      vertex 58.75 -17.8 0
    endloop
  endfacet
  facet normal 0.707064 7.00133e-05 -0.70715
    outer loop
      vertex 59.8 -16.75 0
      vertex 60.25 -16.25 0.449995
      vertex 60.2254 -16.5629 0.425367
    endloop
  endfacet
  facet normal 0.707103 0 -0.707111
    outer loop
      vertex 60.25 -16.25 0.449995
      vertex 59.8 -16.75 0
      vertex 60.25 16.25 0.449995
    endloop
  endfacet
  facet normal 0.707055 0.000111906 -0.707159
    outer loop
      vertex 59.8 -16.75 0
      vertex 60.2254 -16.5629 0.425367
      vertex 60.1805 -16.75 0.380444
    endloop
  endfacet
  facet normal 0.707103 0 -0.707111
    outer loop
      vertex 59.8 16.75 0
      vertex 60.25 16.25 0.449995
      vertex 59.8 -16.75 0
    endloop
  endfacet
  facet normal 0.707064 -7.00133e-05 -0.70715
    outer loop
      vertex 60.25 16.25 0.449995
      vertex 59.8 16.75 0
      vertex 60.2254 16.5629 0.425367
    endloop
  endfacet
  facet normal 0.707055 -0.000111906 -0.707159
    outer loop
      vertex 60.2254 16.5629 0.425367
      vertex 59.8 16.75 0
      vertex 60.1805 16.75 0.380444
    endloop
  endfacet
  facet normal 0.270835 -0.654391 -0.705989
    outer loop
      vertex 59.2595 -17.9698 0.276012
      vertex 59.2267 -17.6856 0
      vertex 59.3449 -17.9175 0.260296
    endloop
  endfacet
  facet normal 0.000310659 0.707148 -0.707066
    outer loop
      vertex 58.75 17.8 0
      vertex 58.5629 18.2254 0.425367
      vertex 58.75 18.1804 0.380444
    endloop
  endfacet
  facet normal -7.00133e-05 0.707064 -0.70715
    outer loop
      vertex 58.75 17.8 0
      vertex 58.25 18.25 0.449995
      vertex 58.5629 18.2254 0.425367
    endloop
  endfacet
  facet normal 0 0.707103 -0.707111
    outer loop
      vertex 25.25 17.8 0
      vertex 58.25 18.25 0.449995
      vertex 58.75 17.8 0
    endloop
  endfacet
  facet normal 0 0.707103 -0.707111
    outer loop
      vertex 58.25 18.25 0.449995
      vertex 25.25 17.8 0
      vertex 25.25 18.25 0.449995
    endloop
  endfacet
  facet normal 0.654411 0.270823 -0.705976
    outer loop
      vertex 59.7486 17.0745 0
      vertex 59.9698 17.2595 0.276012
      vertex 60.0276 17.1651 0.293377
    endloop
  endfacet
  facet normal 0.654383 0.270868 -0.705984
    outer loop
      vertex 59.9698 17.2595 0.276012
      vertex 59.7486 17.0745 0
      vertex 59.6856 17.2267 0
    endloop
  endfacet
  facet normal -0.706019 -0.055433 -0.70602
    outer loop
      vertex 24.2129 -16.9143 0
      vertex 23.4 -16.75 0.799999
      vertex 24.2 -16.75 0
    endloop
  endfacet
  facet normal -0.270852 -0.654343 -0.706028
    outer loop
      vertex 24.7626 -18.25 0.527188
      vertex 24.7733 -17.6856 0
      vertex 24.9255 -17.7486 0
    endloop
  endfacet
  facet normal -0.270944 -0.654324 -0.706009
    outer loop
      vertex 24.7733 -17.6856 0
      vertex 24.7626 -18.25 0.527188
      vertex 24.7082 -18.25 0.548065
    endloop
  endfacet
  facet normal -1 0 0
    outer loop
      vertex 23.4 -16.75 0.799999
      vertex 23.4 16.75 2.6
      vertex 23.4 16.75 0.799999
    endloop
  endfacet
  facet normal -1 -0 0
    outer loop
      vertex 23.4 16.75 2.6
      vertex 23.4 -16.75 0.799999
      vertex 23.4 -16.75 2.6
    endloop
  endfacet
  facet normal 0.538582 0.459953 -0.705955
    outer loop
      vertex 59.796 17.5099 0.242886
      vertex 59.5995 17.3672 0
      vertex 59.7387 17.577 0.242889
    endloop
  endfacet
  facet normal 0.370406 0.603639 -0.705988
    outer loop
      vertex 59.4254 17.8681 0.260293
      vertex 59.2267 17.6856 0
      vertex 59.3449 17.9175 0.260296
    endloop
  endfacet
  facet normal 0.459953 -0.538582 -0.705955
    outer loop
      vertex 59.5099 -17.796 0.242886
      vertex 59.3672 -17.5995 0
      vertex 59.577 -17.7387 0.242889
    endloop
  endfacet
  facet normal -0.688563 -0.165479 -0.706044
    outer loop
      vertex 24.2514 -17.0745 0
      vertex 23.4905 -17.3217 0.799999
      vertex 24.2129 -16.9143 0
    endloop
  endfacet
  facet normal 0.705961 -0.0556123 -0.706064
    outer loop
      vertex 60.1591 -16.8391 0.366065
      vertex 59.8 -16.75 0
      vertex 60.1805 -16.75 0.380444
    endloop
  endfacet
  facet normal 0.70599 -0.0554307 -0.706049
    outer loop
      vertex 59.8 -16.75 0
      vertex 60.1591 -16.8391 0.366065
      vertex 59.7871 -16.9143 0
    endloop
  endfacet
  facet normal -0.270852 0.654343 -0.706028
    outer loop
      vertex 24.7733 17.6856 0
      vertex 24.7626 18.25 0.527188
      vertex 24.9255 17.7486 0
    endloop
  endfacet
  facet normal -0.270944 0.654324 -0.706009
    outer loop
      vertex 24.7626 18.25 0.527188
      vertex 24.7733 17.6856 0
      vertex 24.7082 18.25 0.548065
    endloop
  endfacet
  facet normal 0.270835 0.654391 -0.705989
    outer loop
      vertex 59.3449 17.9175 0.260296
      vertex 59.2267 17.6856 0
      vertex 59.2595 17.9698 0.276012
    endloop
  endfacet
  facet normal 0.654391 0.270835 -0.705989
    outer loop
      vertex 59.9698 17.2595 0.276012
      vertex 59.6856 17.2267 0
      vertex 59.9175 17.3449 0.260296
    endloop
  endfacet
  facet normal -0.707106 0 -0.707107
    outer loop
      vertex 23.4 -16.75 0.799999
      vertex 24.2 16.75 0
      vertex 24.2 -16.75 0
    endloop
  endfacet
  facet normal -0.707106 0 -0.707107
    outer loop
      vertex 24.2 16.75 0
      vertex 23.4 -16.75 0.799999
      vertex 23.4 16.75 0.799999
    endloop
  endfacet
  facet normal -0.603805 -0.37009 -0.706012
    outer loop
      vertex 23.7533 -17.8374 0.799999
      vertex 23.6016 -17.5899 0.799999
      vertex 24.3144 -17.2267 0
    endloop
  endfacet
  facet normal -0.53862 0.459827 -0.706008
    outer loop
      vertex 24.4005 17.3672 0
      vertex 23.7533 17.8374 0.799999
      vertex 23.9418 18.0582 0.799999
    endloop
  endfacet
  facet normal 0.370017 0.603905 -0.705964
    outer loop
      vertex 59.3672 17.5995 0
      vertex 59.4256 17.868 0.260293
      vertex 59.5099 17.796 0.242886
    endloop
  endfacet
  facet normal 0.370068 0.603885 -0.705955
    outer loop
      vertex 59.2267 17.6856 0
      vertex 59.4256 17.868 0.260293
      vertex 59.3672 17.5995 0
    endloop
  endfacet
  facet normal 0.321247 0.642493 -0.695703
    outer loop
      vertex 59.4256 17.868 0.260293
      vertex 59.2267 17.6856 0
      vertex 59.4254 17.8681 0.260293
    endloop
  endfacet
  facet normal -0.68869 -0.165159 -0.705995
    outer loop
      vertex 23.4905 -17.3217 0.799999
      vertex 23.4228 -17.0394 0.799999
      vertex 24.2129 -16.9143 0
    endloop
  endfacet
  facet normal -0.706031 -0.0556237 -0.705993
    outer loop
      vertex 23.4228 -17.0394 0.799999
      vertex 23.4 -16.75 0.799999
      vertex 24.2129 -16.9143 0
    endloop
  endfacet
  facet normal -0.459827 0.53862 -0.706008
    outer loop
      vertex 24.6328 17.5995 0
      vertex 23.9418 18.0582 0.799999
      vertex 24.1626 18.2467 0.799999
    endloop
  endfacet
  facet normal -0.0555627 -0.706011 -0.706018
    outer loop
      vertex 25.1793 -18.25 0.455559
      vertex 25.25 -17.8 0
      vertex 25.25 -18.25 0.449995
    endloop
  endfacet
  facet normal -0.0554335 -0.706026 -0.706013
    outer loop
      vertex 25.25 -17.8 0
      vertex 25.1793 -18.25 0.455559
      vertex 25.0857 -17.7871 0
    endloop
  endfacet
  facet normal 0.687949 -0.167871 -0.706077
    outer loop
      vertex 59.7486 -17.0745 0
      vertex 60.032 -17.158 0.295976
      vertex 60.0276 -17.1651 0.293377
    endloop
  endfacet
  facet normal 0.688534 -0.16569 -0.706022
    outer loop
      vertex 60.032 -17.158 0.295976
      vertex 59.7486 -17.0745 0
      vertex 60.0675 -17.0724 0.310508
    endloop
  endfacet
  facet normal 0.688558 -0.165477 -0.706049
    outer loop
      vertex 60.0675 -17.0724 0.310508
      vertex 59.7486 -17.0745 0
      vertex 59.7871 -16.9143 0
    endloop
  endfacet
  facet normal 0.370406 -0.603639 -0.705988
    outer loop
      vertex 59.3449 -17.9175 0.260296
      vertex 59.2267 -17.6856 0
      vertex 59.4254 -17.8681 0.260293
    endloop
  endfacet
  facet normal 0.688632 0.165292 -0.70602
    outer loop
      vertex 60.1117 16.9657 0.328639
      vertex 59.7871 16.9143 0
      vertex 60.0675 17.0724 0.310508
    endloop
  endfacet
  facet normal 0.706091 0.057044 -0.70582
    outer loop
      vertex 59.7871 16.9143 0
      vertex 60.1521 16.868 0.361398
      vertex 60.1591 16.8391 0.366065
    endloop
  endfacet
  facet normal 0.706047 0.0552321 -0.706008
    outer loop
      vertex 60.1521 16.868 0.361398
      vertex 59.7871 16.9143 0
      vertex 60.1117 16.9657 0.328639
    endloop
  endfacet
  facet normal -0.654282 0.271032 -0.706015
    outer loop
      vertex 24.3144 17.2267 0
      vertex 23.4905 17.3217 0.799999
      vertex 23.6016 17.5899 0.799999
    endloop
  endfacet
  facet normal -0.271048 0.654298 -0.705994
    outer loop
      vertex 24.7733 17.6856 0
      vertex 24.4857 18.25 0.633488
      vertex 24.7082 18.25 0.548065
    endloop
  endfacet
  facet normal -0.538547 0.459892 -0.706022
    outer loop
      vertex 24.4005 17.3672 0
      vertex 23.9418 18.0582 0.799999
      vertex 24.5075 17.4925 0
    endloop
  endfacet
  facet normal 0.459953 0.538582 -0.705955
    outer loop
      vertex 59.577 17.7387 0.242889
      vertex 59.3672 17.5995 0
      vertex 59.5099 17.796 0.242886
    endloop
  endfacet
  facet normal 0.603639 0.370406 -0.705988
    outer loop
      vertex 59.9175 17.3449 0.260296
      vertex 59.6856 17.2267 0
      vertex 59.8681 17.4254 0.260293
    endloop
  endfacet
  facet normal -0.603805 0.37009 -0.706012
    outer loop
      vertex 24.3144 17.2267 0
      vertex 23.6016 17.5899 0.799999
      vertex 23.7533 17.8374 0.799999
    endloop
  endfacet
  facet normal -0.852591 0.522578 0
    outer loop
      vertex 23.6016 17.5899 0.799999
      vertex 23.7533 17.8374 2.6
      vertex 23.7533 17.8374 0.799999
    endloop
  endfacet
  facet normal -0.852591 0.522578 0
    outer loop
      vertex 23.7533 17.8374 2.6
      vertex 23.6016 17.5899 0.799999
      vertex 23.6016 17.5899 2.6
    endloop
  endfacet
  facet normal 0.0552321 0.706047 -0.706008
    outer loop
      vertex 58.9143 17.7871 0
      vertex 58.868 18.1521 0.361398
      vertex 58.9657 18.1117 0.328639
    endloop
  endfacet
  facet normal 0.057044 0.706091 -0.70582
    outer loop
      vertex 58.868 18.1521 0.361398
      vertex 58.9143 17.7871 0
      vertex 58.8391 18.1591 0.366065
    endloop
  endfacet
  facet normal 0.165292 0.688632 -0.70602
    outer loop
      vertex 59.0724 18.0675 0.310508
      vertex 58.9143 17.7871 0
      vertex 58.9657 18.1117 0.328639
    endloop
  endfacet
  facet normal 0.167871 0.687949 -0.706077
    outer loop
      vertex 59.0745 17.7486 0
      vertex 59.158 18.032 0.295976
      vertex 59.1651 18.0276 0.293377
    endloop
  endfacet
  facet normal 0.16569 0.688534 -0.706022
    outer loop
      vertex 59.0745 17.7486 0
      vertex 59.0724 18.0675 0.310508
      vertex 59.158 18.032 0.295976
    endloop
  endfacet
  facet normal 0.165477 0.688558 -0.706049
    outer loop
      vertex 59.0724 18.0675 0.310508
      vertex 59.0745 17.7486 0
      vertex 58.9143 17.7871 0
    endloop
  endfacet
  facet normal 0.270868 0.654383 -0.705984
    outer loop
      vertex 59.0745 17.7486 0
      vertex 59.2595 17.9698 0.276012
      vertex 59.2267 17.6856 0
    endloop
  endfacet
  facet normal 0.270823 0.654411 -0.705976
    outer loop
      vertex 59.2595 17.9698 0.276012
      vertex 59.0745 17.7486 0
      vertex 59.1651 18.0276 0.293377
    endloop
  endfacet
  facet normal -0.459892 -0.538547 -0.706022
    outer loop
      vertex 24.6328 -17.5995 0
      vertex 23.9418 -18.0582 0.799999
      vertex 24.5075 -17.4925 0
    endloop
  endfacet
  facet normal -0.165483 0.688581 -0.706025
    outer loop
      vertex 24.9255 17.7486 0
      vertex 24.8246 18.25 0.512661
      vertex 25.0857 17.7871 0
    endloop
  endfacet
  facet normal -0.165427 0.688593 -0.706026
    outer loop
      vertex 24.8246 18.25 0.512661
      vertex 24.9255 17.7486 0
      vertex 24.7626 18.25 0.527188
    endloop
  endfacet
  facet normal 0.706047 -0.0552321 -0.706008
    outer loop
      vertex 59.7871 -16.9143 0
      vertex 60.1521 -16.868 0.361398
      vertex 60.1117 -16.9657 0.328639
    endloop
  endfacet
  facet normal 0.706091 -0.057044 -0.70582
    outer loop
      vertex 60.1521 -16.868 0.361398
      vertex 59.7871 -16.9143 0
      vertex 60.1591 -16.8391 0.366065
    endloop
  endfacet
  facet normal 0.688632 -0.165292 -0.70602
    outer loop
      vertex 60.0675 -17.0724 0.310508
      vertex 59.7871 -16.9143 0
      vertex 60.1117 -16.9657 0.328639
    endloop
  endfacet
  facet normal -0.972428 0.233204 0
    outer loop
      vertex 23.4228 17.0394 0.799999
      vertex 23.4905 17.3217 2.6
      vertex 23.4905 17.3217 0.799999
    endloop
  endfacet
  facet normal -0.972428 0.233204 0
    outer loop
      vertex 23.4905 17.3217 2.6
      vertex 23.4228 17.0394 0.799999
      vertex 23.4228 17.0394 2.6
    endloop
  endfacet
  facet normal 0 0 -1
    outer loop
      vertex 58.75 -17.8 0
      vertex 59.8 -16.75 0
      vertex 59.7871 -16.9143 0
    endloop
  endfacet
  facet normal -0 0 -1
    outer loop
      vertex 59.8 -16.75 0
      vertex 58.75 -17.8 0
      vertex 59.8 16.75 0
    endloop
  endfacet
  facet normal 0 0 -1
    outer loop
      vertex 58.75 -17.8 0
      vertex 59.7871 -16.9143 0
      vertex 59.7486 -17.0745 0
    endloop
  endfacet
  facet normal 0 0 -1
    outer loop
      vertex 58.75 17.8 0
      vertex 59.8 16.75 0
      vertex 58.75 -17.8 0
    endloop
  endfacet
  facet normal 0 0 -1
    outer loop
      vertex 58.75 -17.8 0
      vertex 59.7486 -17.0745 0
      vertex 59.6856 -17.2267 0
    endloop
  endfacet
  facet normal 0 0 -1
    outer loop
      vertex 59.8 16.75 0
      vertex 58.75 17.8 0
      vertex 59.7871 16.9143 0
    endloop
  endfacet
  facet normal 0 0 -1
    outer loop
      vertex 58.75 -17.8 0
      vertex 59.6856 -17.2267 0
      vertex 59.5995 -17.3672 0
    endloop
  endfacet
  facet normal 0 0 -1
    outer loop
      vertex 59.7871 16.9143 0
      vertex 58.75 17.8 0
      vertex 59.7486 17.0745 0
    endloop
  endfacet
  facet normal 0 0 -1
    outer loop
      vertex 58.75 -17.8 0
      vertex 59.5995 -17.3672 0
      vertex 59.4925 -17.4925 0
    endloop
  endfacet
  facet normal 0 0 -1
    outer loop
      vertex 59.7486 17.0745 0
      vertex 58.75 17.8 0
      vertex 59.6856 17.2267 0
    endloop
  endfacet
  facet normal 0 0 -1
    outer loop
      vertex 58.75 -17.8 0
      vertex 59.4925 -17.4925 0
      vertex 59.3672 -17.5995 0
    endloop
  endfacet
  facet normal 0 0 -1
    outer loop
      vertex 59.6856 17.2267 0
      vertex 58.75 17.8 0
      vertex 59.5995 17.3672 0
    endloop
  endfacet
  facet normal 0 0 -1
    outer loop
      vertex 58.75 -17.8 0
      vertex 59.3672 -17.5995 0
      vertex 59.2267 -17.6856 0
    endloop
  endfacet
  facet normal 0 0 -1
    outer loop
      vertex 59.5995 17.3672 0
      vertex 58.75 17.8 0
      vertex 59.4925 17.4925 0
    endloop
  endfacet
  facet normal 0 0 -1
    outer loop
      vertex 58.75 -17.8 0
      vertex 59.2267 -17.6856 0
      vertex 59.0745 -17.7486 0
    endloop
  endfacet
  facet normal 0 0 -1
    outer loop
      vertex 59.4925 17.4925 0
      vertex 58.75 17.8 0
      vertex 59.3672 17.5995 0
    endloop
  endfacet
  facet normal 0 0 -1
    outer loop
      vertex 58.75 -17.8 0
      vertex 59.0745 -17.7486 0
      vertex 58.9143 -17.7871 0
    endloop
  endfacet
  facet normal 0 0 -1
    outer loop
      vertex 59.3672 17.5995 0
      vertex 58.75 17.8 0
      vertex 59.2267 17.6856 0
    endloop
  endfacet
  facet normal 0 0 -1
    outer loop
      vertex 59.2267 17.6856 0
      vertex 58.75 17.8 0
      vertex 59.0745 17.7486 0
    endloop
  endfacet
  facet normal 0 0 -1
    outer loop
      vertex 59.0745 17.7486 0
      vertex 58.75 17.8 0
      vertex 58.9143 17.7871 0
    endloop
  endfacet
  facet normal 0 0 -1
    outer loop
      vertex 25.25 -17.8 0
      vertex 58.75 17.8 0
      vertex 58.75 -17.8 0
    endloop
  endfacet
  facet normal 0 0 -1
    outer loop
      vertex 25.25 -17.8 0
      vertex 25.25 17.8 0
      vertex 58.75 17.8 0
    endloop
  endfacet
  facet normal 0 0 -1
    outer loop
      vertex 24.2 -16.75 0
      vertex 25.25 -17.8 0
      vertex 25.0857 -17.7871 0
    endloop
  endfacet
  facet normal 0 0 -1
    outer loop
      vertex 25.25 -17.8 0
      vertex 24.2 -16.75 0
      vertex 25.25 17.8 0
    endloop
  endfacet
  facet normal 0 0 -1
    outer loop
      vertex 24.2 -16.75 0
      vertex 25.0857 -17.7871 0
      vertex 24.9255 -17.7486 0
    endloop
  endfacet
  facet normal 0 0 -1
    outer loop
      vertex 24.2 16.75 0
      vertex 25.25 17.8 0
      vertex 24.2 -16.75 0
    endloop
  endfacet
  facet normal 0 0 -1
    outer loop
      vertex 24.2 -16.75 0
      vertex 24.9255 -17.7486 0
      vertex 24.7733 -17.6856 0
    endloop
  endfacet
  facet normal 0 0 -1
    outer loop
      vertex 25.25 17.8 0
      vertex 24.2 16.75 0
      vertex 25.0857 17.7871 0
    endloop
  endfacet
  facet normal 0 0 -1
    outer loop
      vertex 24.2 -16.75 0
      vertex 24.7733 -17.6856 0
      vertex 24.6328 -17.5995 0
    endloop
  endfacet
  facet normal 0 0 -1
    outer loop
      vertex 25.0857 17.7871 0
      vertex 24.2 16.75 0
      vertex 24.9255 17.7486 0
    endloop
  endfacet
  facet normal 0 0 -1
    outer loop
      vertex 24.2 -16.75 0
      vertex 24.6328 -17.5995 0
      vertex 24.5075 -17.4925 0
    endloop
  endfacet
  facet normal 0 0 -1
    outer loop
      vertex 24.9255 17.7486 0
      vertex 24.2 16.75 0
      vertex 24.7733 17.6856 0
    endloop
  endfacet
  facet normal 0 0 -1
    outer loop
      vertex 24.2 -16.75 0
      vertex 24.5075 -17.4925 0
      vertex 24.4005 -17.3672 0
    endloop
  endfacet
  facet normal 0 0 -1
    outer loop
      vertex 24.7733 17.6856 0
      vertex 24.2 16.75 0
      vertex 24.6328 17.5995 0
    endloop
  endfacet
  facet normal 0 0 -1
    outer loop
      vertex 24.2 -16.75 0
      vertex 24.4005 -17.3672 0
      vertex 24.3144 -17.2267 0
    endloop
  endfacet
  facet normal 0 0 -1
    outer loop
      vertex 24.6328 17.5995 0
      vertex 24.2 16.75 0
      vertex 24.5075 17.4925 0
    endloop
  endfacet
  facet normal 0 0 -1
    outer loop
      vertex 24.2 -16.75 0
      vertex 24.3144 -17.2267 0
      vertex 24.2514 -17.0745 0
    endloop
  endfacet
  facet normal 0 0 -1
    outer loop
      vertex 24.5075 17.4925 0
      vertex 24.2 16.75 0
      vertex 24.4005 17.3672 0
    endloop
  endfacet
  facet normal 0 0 -1
    outer loop
      vertex 24.2 -16.75 0
      vertex 24.2514 -17.0745 0
      vertex 24.2129 -16.9143 0
    endloop
  endfacet
  facet normal 0 0 -1
    outer loop
      vertex 24.4005 17.3672 0
      vertex 24.2 16.75 0
      vertex 24.3144 17.2267 0
    endloop
  endfacet
  facet normal 0 0 -1
    outer loop
      vertex 24.3144 17.2267 0
      vertex 24.2 16.75 0
      vertex 24.2514 17.0745 0
    endloop
  endfacet
  facet normal 0 0 -1
    outer loop
      vertex 24.2514 17.0745 0
      vertex 24.2 16.75 0
      vertex 24.2129 16.9143 0
    endloop
  endfacet
  facet normal -0.538547 -0.459892 -0.706022
    outer loop
      vertex 24.5075 -17.4925 0
      vertex 23.9418 -18.0582 0.799999
      vertex 24.4005 -17.3672 0
    endloop
  endfacet
  facet normal 0.538501 -0.460113 -0.705913
    outer loop
      vertex 59.4925 -17.4925 0
      vertex 59.7387 -17.577 0.242889
      vertex 59.6642 -17.6642 0.242894
    endloop
  endfacet
  facet normal 0.5386 -0.459937 -0.705952
    outer loop
      vertex 59.7387 -17.577 0.242889
      vertex 59.4925 -17.4925 0
      vertex 59.5995 -17.3672 0
    endloop
  endfacet
  facet normal 0.538582 -0.459953 -0.705955
    outer loop
      vertex 59.7387 -17.577 0.242889
      vertex 59.5995 -17.3672 0
      vertex 59.796 -17.5099 0.242886
    endloop
  endfacet
  facet normal 0.165292 -0.688632 -0.70602
    outer loop
      vertex 58.9657 -18.1117 0.328639
      vertex 58.9143 -17.7871 0
      vertex 59.0724 -18.0675 0.310508
    endloop
  endfacet
  facet normal -0.92387 -0.382707 0
    outer loop
      vertex 23.6016 -17.5899 0.799999
      vertex 23.4905 -17.3217 2.6
      vertex 23.4905 -17.3217 0.799999
    endloop
  endfacet
  facet normal -0.92387 -0.382707 0
    outer loop
      vertex 23.4905 -17.3217 2.6
      vertex 23.6016 -17.5899 0.799999
      vertex 23.6016 -17.5899 2.6
    endloop
  endfacet
  facet normal -0.649287 -0.760544 0
    outer loop
      vertex 23.9418 -18.0582 0.799999
      vertex 24.1626 -18.2467 2.6
      vertex 23.9418 -18.0582 2.6
    endloop
  endfacet
  facet normal -0.649287 -0.760544 -0
    outer loop
      vertex 24.1626 -18.2467 2.6
      vertex 23.9418 -18.0582 0.799999
      vertex 24.1626 -18.2467 0.799999
    endloop
  endfacet
  facet normal -0.459827 -0.53862 -0.706008
    outer loop
      vertex 24.1626 -18.2467 0.799999
      vertex 23.9418 -18.0582 0.799999
      vertex 24.6328 -17.5995 0
    endloop
  endfacet
  facet normal -0.0555617 0.706034 -0.705995
    outer loop
      vertex 25.0857 17.7871 0
      vertex 25.0124 18.25 0.468694
      vertex 25.1793 18.25 0.455559
    endloop
  endfacet
  facet normal 0.688534 0.16569 -0.706022
    outer loop
      vertex 59.7486 17.0745 0
      vertex 60.032 17.158 0.295976
      vertex 60.0675 17.0724 0.310508
    endloop
  endfacet
  facet normal 0.688558 0.165477 -0.706049
    outer loop
      vertex 59.7486 17.0745 0
      vertex 60.0675 17.0724 0.310508
      vertex 59.7871 16.9143 0
    endloop
  endfacet
  facet normal 0.687949 0.167871 -0.706077
    outer loop
      vertex 60.032 17.158 0.295976
      vertex 59.7486 17.0745 0
      vertex 60.0276 17.1651 0.293377
    endloop
  endfacet
  facet normal -0.603844 -0.370043 -0.706003
    outer loop
      vertex 24.4005 -17.3672 0
      vertex 23.7533 -17.8374 0.799999
      vertex 24.3144 -17.2267 0
    endloop
  endfacet
  facet normal -0.53862 -0.459827 -0.706008
    outer loop
      vertex 23.9418 -18.0582 0.799999
      vertex 23.7533 -17.8374 0.799999
      vertex 24.4005 -17.3672 0
    endloop
  endfacet
  facet normal 0.460113 -0.538501 -0.705913
    outer loop
      vertex 59.577 -17.7387 0.242889
      vertex 59.4925 -17.4925 0
      vertex 59.6642 -17.6642 0.242894
    endloop
  endfacet
  facet normal 0.459937 -0.5386 -0.705952
    outer loop
      vertex 59.4925 -17.4925 0
      vertex 59.577 -17.7387 0.242889
      vertex 59.3672 -17.5995 0
    endloop
  endfacet
  facet normal -0.603844 0.370043 -0.706003
    outer loop
      vertex 24.3144 17.2267 0
      vertex 23.7533 17.8374 0.799999
      vertex 24.4005 17.3672 0
    endloop
  endfacet
  facet normal -0.972428 -0.233204 0
    outer loop
      vertex 23.4905 -17.3217 0.799999
      vertex 23.4228 -17.0394 2.6
      vertex 23.4228 -17.0394 0.799999
    endloop
  endfacet
  facet normal -0.972428 -0.233204 0
    outer loop
      vertex 23.4228 -17.0394 2.6
      vertex 23.4905 -17.3217 0.799999
      vertex 23.4905 -17.3217 2.6
    endloop
  endfacet
  facet normal -0.52145 -0.853282 0
    outer loop
      vertex 24.1626 -18.2467 0.799999
      vertex 24.168 -18.25 2.6
      vertex 24.1626 -18.2467 2.6
    endloop
  endfacet
  facet normal -0.52145 -0.853282 -0
    outer loop
      vertex 24.168 -18.25 2.6
      vertex 24.1626 -18.2467 0.799999
      vertex 24.168 -18.25 0.799999
    endloop
  endfacet
  facet normal -0.688563 0.165479 -0.706044
    outer loop
      vertex 24.2129 16.9143 0
      vertex 23.4905 17.3217 0.799999
      vertex 24.2514 17.0745 0
    endloop
  endfacet
  facet normal -0.68869 0.165159 -0.705995
    outer loop
      vertex 24.2129 16.9143 0
      vertex 23.4228 17.0394 0.799999
      vertex 23.4905 17.3217 0.799999
    endloop
  endfacet
  facet normal 0.642493 0.321247 -0.695703
    outer loop
      vertex 59.6856 17.2267 0
      vertex 59.868 17.4256 0.260293
      vertex 59.8681 17.4254 0.260293
    endloop
  endfacet
  facet normal 0.603885 0.370068 -0.705955
    outer loop
      vertex 59.868 17.4256 0.260293
      vertex 59.6856 17.2267 0
      vertex 59.5995 17.3672 0
    endloop
  endfacet
  facet normal 0.603905 0.370017 -0.705964
    outer loop
      vertex 59.868 17.4256 0.260293
      vertex 59.5995 17.3672 0
      vertex 59.796 17.5099 0.242886
    endloop
  endfacet
  facet normal 0.654411 -0.270823 -0.705976
    outer loop
      vertex 59.9698 -17.2595 0.276012
      vertex 59.7486 -17.0745 0
      vertex 60.0276 -17.1651 0.293377
    endloop
  endfacet
  facet normal 0.654383 -0.270868 -0.705984
    outer loop
      vertex 59.7486 -17.0745 0
      vertex 59.9698 -17.2595 0.276012
      vertex 59.6856 -17.2267 0
    endloop
  endfacet
  facet normal -0.165285 0.688659 -0.705995
    outer loop
      vertex 25.0857 17.7871 0
      vertex 24.8246 18.25 0.512661
      vertex 25.0124 18.25 0.468694
    endloop
  endfacet
  facet normal -0.996911 -0.0785403 0
    outer loop
      vertex 23.4228 -17.0394 0.799999
      vertex 23.4 -16.75 2.6
      vertex 23.4 -16.75 0.799999
    endloop
  endfacet
  facet normal -0.996911 -0.0785403 0
    outer loop
      vertex 23.4 -16.75 2.6
      vertex 23.4228 -17.0394 0.799999
      vertex 23.4228 -17.0394 2.6
    endloop
  endfacet
  facet normal 0.603905 -0.370017 -0.705964
    outer loop
      vertex 59.5995 -17.3672 0
      vertex 59.868 -17.4256 0.260293
      vertex 59.796 -17.5099 0.242886
    endloop
  endfacet
  facet normal 0.603885 -0.370068 -0.705955
    outer loop
      vertex 59.6856 -17.2267 0
      vertex 59.868 -17.4256 0.260293
      vertex 59.5995 -17.3672 0
    endloop
  endfacet
  facet normal 0.642493 -0.321247 -0.695703
    outer loop
      vertex 59.868 -17.4256 0.260293
      vertex 59.6856 -17.2267 0
      vertex 59.8681 -17.4254 0.260293
    endloop
  endfacet
  facet normal 0.321247 -0.642493 -0.695703
    outer loop
      vertex 59.2267 -17.6856 0
      vertex 59.4256 -17.868 0.260293
      vertex 59.4254 -17.8681 0.260293
    endloop
  endfacet
  facet normal 0.370017 -0.603905 -0.705964
    outer loop
      vertex 59.4256 -17.868 0.260293
      vertex 59.3672 -17.5995 0
      vertex 59.5099 -17.796 0.242886
    endloop
  endfacet
  facet normal 0.370068 -0.603885 -0.705955
    outer loop
      vertex 59.4256 -17.868 0.260293
      vertex 59.2267 -17.6856 0
      vertex 59.3672 -17.5995 0
    endloop
  endfacet
  facet normal -0.370043 0.603844 -0.706003
    outer loop
      vertex 24.6328 17.5995 0
      vertex 24.1626 18.2467 0.799999
      vertex 24.7733 17.6856 0
    endloop
  endfacet
  facet normal 0.270823 -0.654411 -0.705976
    outer loop
      vertex 59.0745 -17.7486 0
      vertex 59.2595 -17.9698 0.276012
      vertex 59.1651 -18.0276 0.293377
    endloop
  endfacet
  facet normal 0.270868 -0.654383 -0.705984
    outer loop
      vertex 59.2595 -17.9698 0.276012
      vertex 59.0745 -17.7486 0
      vertex 59.2267 -17.6856 0
    endloop
  endfacet
  facet normal 0.167871 -0.687949 -0.706077
    outer loop
      vertex 59.158 -18.032 0.295976
      vertex 59.0745 -17.7486 0
      vertex 59.1651 -18.0276 0.293377
    endloop
  endfacet
  facet normal 0.16569 -0.688534 -0.706022
    outer loop
      vertex 59.0724 -18.0675 0.310508
      vertex 59.0745 -17.7486 0
      vertex 59.158 -18.032 0.295976
    endloop
  endfacet
  facet normal 0.165477 -0.688558 -0.706049
    outer loop
      vertex 59.0745 -17.7486 0
      vertex 59.0724 -18.0675 0.310508
      vertex 58.9143 -17.7871 0
    endloop
  endfacet
  facet normal -0.760544 0.649287 0
    outer loop
      vertex 23.7533 17.8374 0.799999
      vertex 23.9418 18.0582 2.6
      vertex 23.9418 18.0582 0.799999
    endloop
  endfacet
  facet normal -0.760544 0.649287 0
    outer loop
      vertex 23.9418 18.0582 2.6
      vertex 23.7533 17.8374 0.799999
      vertex 23.7533 17.8374 2.6
    endloop
  endfacet
  facet normal -0.370006 0.603874 -0.705997
    outer loop
      vertex 24.1626 18.2467 0.799999
      vertex 24.4857 18.25 0.633488
      vertex 24.7733 17.6856 0
    endloop
  endfacet
  facet normal -0.369659 0.604897 -0.705303
    outer loop
      vertex 24.4857 18.25 0.633488
      vertex 24.1626 18.2467 0.799999
      vertex 24.168 18.25 0.799999
    endloop
  endfacet
  facet normal 0.603639 -0.370406 -0.705988
    outer loop
      vertex 59.8681 -17.4254 0.260293
      vertex 59.6856 -17.2267 0
      vertex 59.9175 -17.3449 0.260296
    endloop
  endfacet
  facet normal 0.654391 -0.270835 -0.705989
    outer loop
      vertex 59.9175 -17.3449 0.260296
      vertex 59.6856 -17.2267 0
      vertex 59.9698 -17.2595 0.276012
    endloop
  endfacet
  facet normal -0.65433 -0.270846 -0.706042
    outer loop
      vertex 24.3144 -17.2267 0
      vertex 23.4905 -17.3217 0.799999
      vertex 24.2514 -17.0745 0
    endloop
  endfacet
  facet normal -0.0555627 0.706011 -0.706018
    outer loop
      vertex 25.25 17.8 0
      vertex 25.1793 18.25 0.455559
      vertex 25.25 18.25 0.449995
    endloop
  endfacet
  facet normal -0.0554335 0.706026 -0.706013
    outer loop
      vertex 25.1793 18.25 0.455559
      vertex 25.25 17.8 0
      vertex 25.0857 17.7871 0
    endloop
  endfacet
  facet normal -0.760544 -0.649287 0
    outer loop
      vertex 23.9418 -18.0582 0.799999
      vertex 23.7533 -17.8374 2.6
      vertex 23.7533 -17.8374 0.799999
    endloop
  endfacet
  facet normal -0.760544 -0.649287 0
    outer loop
      vertex 23.7533 -17.8374 2.6
      vertex 23.9418 -18.0582 0.799999
      vertex 23.9418 -18.0582 2.6
    endloop
  endfacet
  facet normal -0.706031 0.0556237 -0.705993
    outer loop
      vertex 24.2129 16.9143 0
      vertex 23.4 16.75 0.799999
      vertex 23.4228 17.0394 0.799999
    endloop
  endfacet
  facet normal -0.706019 0.055433 -0.70602
    outer loop
      vertex 24.2 16.75 0
      vertex 23.4 16.75 0.799999
      vertex 24.2129 16.9143 0
    endloop
  endfacet
  facet normal -0.369659 -0.604897 -0.705303
    outer loop
      vertex 24.1626 -18.2467 0.799999
      vertex 24.4857 -18.25 0.633488
      vertex 24.168 -18.25 0.799999
    endloop
  endfacet
  facet normal -0.370006 -0.603874 -0.705997
    outer loop
      vertex 24.4857 -18.25 0.633488
      vertex 24.1626 -18.2467 0.799999
      vertex 24.7733 -17.6856 0
    endloop
  endfacet
  facet normal -0.165285 -0.688659 -0.705995
    outer loop
      vertex 25.0124 -18.25 0.468694
      vertex 24.8246 -18.25 0.512661
      vertex 25.0857 -17.7871 0
    endloop
  endfacet
  facet normal -0.165483 -0.688581 -0.706025
    outer loop
      vertex 24.8246 -18.25 0.512661
      vertex 24.9255 -17.7486 0
      vertex 25.0857 -17.7871 0
    endloop
  endfacet
  facet normal -0.165427 -0.688593 -0.706026
    outer loop
      vertex 24.9255 -17.7486 0
      vertex 24.8246 -18.25 0.512661
      vertex 24.7626 -18.25 0.527188
    endloop
  endfacet
  facet normal -0.996911 0.0785403 0
    outer loop
      vertex 23.4 16.75 0.799999
      vertex 23.4228 17.0394 2.6
      vertex 23.4228 17.0394 0.799999
    endloop
  endfacet
  facet normal -0.996911 0.0785403 0
    outer loop
      vertex 23.4228 17.0394 2.6
      vertex 23.4 16.75 0.799999
      vertex 23.4 16.75 2.6
    endloop
  endfacet
  facet normal -0.52145 0.853282 0
    outer loop
      vertex 24.168 18.25 0.799999
      vertex 24.1626 18.2467 2.6
      vertex 24.168 18.25 2.6
    endloop
  endfacet
  facet normal -0.52145 0.853282 0
    outer loop
      vertex 24.1626 18.2467 2.6
      vertex 24.168 18.25 0.799999
      vertex 24.1626 18.2467 0.799999
    endloop
  endfacet
  facet normal -0.654282 -0.271032 -0.706015
    outer loop
      vertex 23.6016 -17.5899 0.799999
      vertex 23.4905 -17.3217 0.799999
      vertex 24.3144 -17.2267 0
    endloop
  endfacet
  facet normal -0.649287 0.760544 0
    outer loop
      vertex 24.1626 18.2467 0.799999
      vertex 23.9418 18.0582 2.6
      vertex 24.1626 18.2467 2.6
    endloop
  endfacet
  facet normal -0.649287 0.760544 0
    outer loop
      vertex 23.9418 18.0582 2.6
      vertex 24.1626 18.2467 0.799999
      vertex 23.9418 18.0582 0.799999
    endloop
  endfacet
  facet normal -0.65433 0.270846 -0.706042
    outer loop
      vertex 24.2514 17.0745 0
      vertex 23.4905 17.3217 0.799999
      vertex 24.3144 17.2267 0
    endloop
  endfacet
  facet normal 0.5386 0.459937 -0.705952
    outer loop
      vertex 59.4925 17.4925 0
      vertex 59.7387 17.577 0.242889
      vertex 59.5995 17.3672 0
    endloop
  endfacet
  facet normal 0.538501 0.460113 -0.705913
    outer loop
      vertex 59.7387 17.577 0.242889
      vertex 59.4925 17.4925 0
      vertex 59.6642 17.6642 0.242894
    endloop
  endfacet
  facet normal -0.852591 -0.522578 0
    outer loop
      vertex 23.7533 -17.8374 0.799999
      vertex 23.6016 -17.5899 2.6
      vertex 23.6016 -17.5899 0.799999
    endloop
  endfacet
  facet normal -0.852591 -0.522578 0
    outer loop
      vertex 23.6016 -17.5899 2.6
      vertex 23.7533 -17.8374 0.799999
      vertex 23.7533 -17.8374 2.6
    endloop
  endfacet
  facet normal -0.92387 0.382707 0
    outer loop
      vertex 23.4905 17.3217 0.799999
      vertex 23.6016 17.5899 2.6
      vertex 23.6016 17.5899 0.799999
    endloop
  endfacet
  facet normal -0.92387 0.382707 0
    outer loop
      vertex 23.6016 17.5899 2.6
      vertex 23.4905 17.3217 0.799999
      vertex 23.4905 17.3217 2.6
    endloop
  endfacet
  facet normal 1 -0 0
    outer loop
      vertex 62.75 -16.75 6.15
      vertex 62.75 16.75 0
      vertex 62.75 16.75 6.15
    endloop
  endfacet
  facet normal 1 0 0
    outer loop
      vertex 62.75 16.75 0
      vertex 62.75 -16.75 6.15
      vertex 62.75 -16.75 0
    endloop
  endfacet
  facet normal -0.538507 0.45995 -0.706014
    outer loop
      vertex 23.7533 17.8374 2.6
      vertex 23.1854 18.25 3.30196
      vertex 23.4377 18.25 3.10952
    endloop
  endfacet
  facet normal -0.603802 0.370088 -0.706015
    outer loop
      vertex 23.6016 17.5899 2.6
      vertex 22.5825 18.25 3.81758
      vertex 23.7533 17.8374 2.6
    endloop
  endfacet
  facet normal -0.603967 0.369827 -0.706011
    outer loop
      vertex 22.5825 18.25 3.81758
      vertex 23.6016 17.5899 2.6
      vertex 22.3061 18.25 4.05403
    endloop
  endfacet
  facet normal 0.923881 0.38268 0
    outer loop
      vertex 62.5542 17.9861 6.15
      vertex 62.314 18.566 0
      vertex 62.314 18.566 6.15
    endloop
  endfacet
  facet normal 0.923881 0.38268 0
    outer loop
      vertex 62.314 18.566 0
      vertex 62.5542 17.9861 6.15
      vertex 62.5542 17.9861 0
    endloop
  endfacet
  facet normal 0.996923 -0.07839 0
    outer loop
      vertex 62.7008 -17.3757 6.15
      vertex 62.75 -16.75 0
      vertex 62.75 -16.75 6.15
    endloop
  endfacet
  facet normal 0.996923 -0.07839 0
    outer loop
      vertex 62.75 -16.75 0
      vertex 62.7008 -17.3757 6.15
      vertex 62.7008 -17.3757 0
    endloop
  endfacet
  facet normal 0.38268 0.923881 -0
    outer loop
      vertex 60.566 20.314 0
      vertex 59.9861 20.5542 6.15
      vertex 60.566 20.314 6.15
    endloop
  endfacet
  facet normal 0.38268 0.923881 0
    outer loop
      vertex 59.9861 20.5542 6.15
      vertex 60.566 20.314 0
      vertex 59.9861 20.5542 0
    endloop
  endfacet
  facet normal -0.688654 -0.16515 -0.706032
    outer loop
      vertex 21.3094 -17.3755 4.74
      vertex 23.4228 -17.0394 2.6
      vertex 23.4905 -17.3217 2.6
    endloop
  endfacet
  facet normal -0.689828 -0.159191 -0.706255
    outer loop
      vertex 23.4228 -17.0394 2.6
      vertex 21.3094 -17.3755 4.74
      vertex 21.3091 -17.3742 4.74
    endloop
  endfacet
  facet normal -0.706599 -0.0504714 -0.705812
    outer loop
      vertex 21.309 -17.3728 4.74
      vertex 23.4228 -17.0394 2.6
      vertex 21.3091 -17.3742 4.74
    endloop
  endfacet
  facet normal -0.706001 -0.0556214 -0.706023
    outer loop
      vertex 23.4228 -17.0394 2.6
      vertex 21.309 -17.3728 4.74
      vertex 23.4 -16.75 2.6
    endloop
  endfacet
  facet normal 0.07839 0.996923 -0
    outer loop
      vertex 59.3757 20.7008 0
      vertex 58.75 20.75 6.15
      vertex 59.3757 20.7008 6.15
    endloop
  endfacet
  facet normal 0.07839 0.996923 0
    outer loop
      vertex 58.75 20.75 6.15
      vertex 59.3757 20.7008 0
      vertex 58.75 20.75 0
    endloop
  endfacet
  facet normal 0.97235 0.23353 0
    outer loop
      vertex 62.7008 17.3757 6.15
      vertex 62.5542 17.9861 0
      vertex 62.5542 17.9861 6.15
    endloop
  endfacet
  facet normal 0.97235 0.23353 0
    outer loop
      vertex 62.5542 17.9861 0
      vertex 62.7008 17.3757 6.15
      vertex 62.7008 17.3757 0
    endloop
  endfacet
  facet normal 0.923881 -0.38268 0
    outer loop
      vertex 62.314 -18.566 6.15
      vertex 62.5542 -17.9861 0
      vertex 62.5542 -17.9861 6.15
    endloop
  endfacet
  facet normal 0.923881 -0.38268 0
    outer loop
      vertex 62.5542 -17.9861 0
      vertex 62.314 -18.566 6.15
      vertex 62.314 -18.566 0
    endloop
  endfacet
  facet normal 0.852647 -0.522487 0
    outer loop
      vertex 61.9861 -19.1011 6.15
      vertex 62.314 -18.566 0
      vertex 62.314 -18.566 6.15
    endloop
  endfacet
  facet normal 0.852647 -0.522487 0
    outer loop
      vertex 62.314 -18.566 0
      vertex 61.9861 -19.1011 6.15
      vertex 61.9861 -19.1011 0
    endloop
  endfacet
  facet normal -0.368637 0.603224 -0.707268
    outer loop
      vertex 24.1626 18.2467 2.6
      vertex 24.1614 18.25 2.60344
      vertex 24.168 18.25 2.6
    endloop
  endfacet
  facet normal -0.654303 0.271005 -0.706006
    outer loop
      vertex 21.4553 17.983 4.74
      vertex 22.1442 18.25 4.20404
      vertex 23.4905 17.3217 2.6
    endloop
  endfacet
  facet normal -0.654304 0.271034 -0.705993
    outer loop
      vertex 22.1442 18.25 4.20404
      vertex 21.4553 17.983 4.74
      vertex 21.5659 18.25 4.74
    endloop
  endfacet
  facet normal -0.654294 0.271037 -0.706002
    outer loop
      vertex 23.4905 17.3217 2.6
      vertex 22.3061 18.25 4.05403
      vertex 23.6016 17.5899 2.6
    endloop
  endfacet
  facet normal -0.654181 0.271227 -0.706033
    outer loop
      vertex 22.3061 18.25 4.05403
      vertex 23.4905 17.3217 2.6
      vertex 22.1442 18.25 4.20404
    endloop
  endfacet
  facet normal 0.23353 -0.97235 0
    outer loop
      vertex 59.3757 -20.7008 0
      vertex 59.9861 -20.5542 6.15
      vertex 59.3757 -20.7008 6.15
    endloop
  endfacet
  facet normal 0.23353 -0.97235 0
    outer loop
      vertex 59.9861 -20.5542 6.15
      vertex 59.3757 -20.7008 0
      vertex 59.9861 -20.5542 0
    endloop
  endfacet
  facet normal -0.382234 -0.596605 -0.705662
    outer loop
      vertex 24.1614 -18.25 2.60344
      vertex 24.1602 -18.25 2.60409
      vertex 24.1626 -18.2467 2.6
    endloop
  endfacet
  facet normal -0.688654 0.16515 -0.706032
    outer loop
      vertex 23.4228 17.0394 2.6
      vertex 21.3094 17.3755 4.74
      vertex 23.4905 17.3217 2.6
    endloop
  endfacet
  facet normal -0.689828 0.159191 -0.706255
    outer loop
      vertex 21.3094 17.3755 4.74
      vertex 23.4228 17.0394 2.6
      vertex 21.3091 17.3742 4.74
    endloop
  endfacet
  facet normal -0.707107 0 -0.707107
    outer loop
      vertex 23.4 -16.75 2.6
      vertex 21.26 16.75 4.74
      vertex 23.4 16.75 2.6
    endloop
  endfacet
  facet normal -0.707107 -0 -0.707107
    outer loop
      vertex 21.26 16.75 4.74
      vertex 23.4 -16.75 2.6
      vertex 21.26 -16.75 4.74
    endloop
  endfacet
  facet normal 0.23353 0.97235 -0
    outer loop
      vertex 59.9861 20.5542 0
      vertex 59.3757 20.7008 6.15
      vertex 59.9861 20.5542 6.15
    endloop
  endfacet
  facet normal 0.23353 0.97235 0
    outer loop
      vertex 59.3757 20.7008 6.15
      vertex 59.9861 20.5542 0
      vertex 59.3757 20.7008 0
    endloop
  endfacet
  facet normal 0.649492 -0.760369 0
    outer loop
      vertex 61.1011 -19.9861 0
      vertex 61.5784 -19.5784 6.15
      vertex 61.1011 -19.9861 6.15
    endloop
  endfacet
  facet normal 0.649492 -0.760369 0
    outer loop
      vertex 61.5784 -19.5784 6.15
      vertex 61.1011 -19.9861 0
      vertex 61.5784 -19.5784 0
    endloop
  endfacet
  facet normal -0.538683 0.459881 -0.705925
    outer loop
      vertex 23.7533 17.8374 2.6
      vertex 23.75 18.25 2.87131
      vertex 23.9418 18.0582 2.6
    endloop
  endfacet
  facet normal -0.538518 0.45994 -0.706012
    outer loop
      vertex 23.75 18.25 2.87131
      vertex 23.7533 17.8374 2.6
      vertex 23.4377 18.25 3.10952
    endloop
  endfacet
  facet normal -0.368637 -0.603224 -0.707268
    outer loop
      vertex 24.168 -18.25 2.6
      vertex 24.1614 -18.25 2.60344
      vertex 24.1626 -18.2467 2.6
    endloop
  endfacet
  facet normal -0.46741 -0.533621 -0.704824
    outer loop
      vertex 24.1602 -18.25 2.60409
      vertex 24.1583 -18.25 2.60535
      vertex 24.1626 -18.2467 2.6
    endloop
  endfacet
  facet normal -0.461191 -0.540217 -0.703895
    outer loop
      vertex 24.1583 -18.25 2.60535
      vertex 23.9418 -18.0582 2.6
      vertex 24.1626 -18.2467 2.6
    endloop
  endfacet
  facet normal -0.459826 -0.538733 -0.705922
    outer loop
      vertex 23.9418 -18.0582 2.6
      vertex 24.1583 -18.25 2.60535
      vertex 23.75 -18.25 2.87131
    endloop
  endfacet
  facet normal 0.07839 -0.996923 0
    outer loop
      vertex 58.75 -20.75 0
      vertex 59.3757 -20.7008 6.15
      vertex 58.75 -20.75 6.15
    endloop
  endfacet
  facet normal 0.07839 -0.996923 0
    outer loop
      vertex 59.3757 -20.7008 6.15
      vertex 58.75 -20.75 0
      vertex 59.3757 -20.7008 0
    endloop
  endfacet
  facet normal 0.852647 0.522487 0
    outer loop
      vertex 62.314 18.566 6.15
      vertex 61.9861 19.1011 0
      vertex 61.9861 19.1011 6.15
    endloop
  endfacet
  facet normal 0.852647 0.522487 0
    outer loop
      vertex 61.9861 19.1011 0
      vertex 62.314 18.566 6.15
      vertex 62.314 18.566 0
    endloop
  endfacet
  facet normal -0.603802 -0.370088 -0.706015
    outer loop
      vertex 22.5825 -18.25 3.81758
      vertex 23.6016 -17.5899 2.6
      vertex 23.7533 -17.8374 2.6
    endloop
  endfacet
  facet normal -0.603967 -0.369827 -0.706011
    outer loop
      vertex 23.6016 -17.5899 2.6
      vertex 22.5825 -18.25 3.81758
      vertex 22.3061 -18.25 4.05403
    endloop
  endfacet
  facet normal 0.38268 -0.923881 0
    outer loop
      vertex 59.9861 -20.5542 0
      vertex 60.566 -20.314 6.15
      vertex 59.9861 -20.5542 6.15
    endloop
  endfacet
  facet normal 0.38268 -0.923881 0
    outer loop
      vertex 60.566 -20.314 6.15
      vertex 59.9861 -20.5542 0
      vertex 60.566 -20.314 0
    endloop
  endfacet
  facet normal -0.706015 -0.0555471 -0.706015
    outer loop
      vertex 21.309 -17.3728 4.74
      vertex 21.26 -16.75 4.74
      vertex 23.4 -16.75 2.6
    endloop
  endfacet
  facet normal 0.760369 0.649492 0
    outer loop
      vertex 61.9861 19.1011 6.15
      vertex 61.5784 19.5784 0
      vertex 61.5784 19.5784 6.15
    endloop
  endfacet
  facet normal 0.760369 0.649492 0
    outer loop
      vertex 61.5784 19.5784 0
      vertex 61.9861 19.1011 6.15
      vertex 61.9861 19.1011 0
    endloop
  endfacet
  facet normal 0.649492 0.760369 -0
    outer loop
      vertex 61.5784 19.5784 0
      vertex 61.1011 19.9861 6.15
      vertex 61.5784 19.5784 6.15
    endloop
  endfacet
  facet normal 0.649492 0.760369 0
    outer loop
      vertex 61.1011 19.9861 6.15
      vertex 61.5784 19.5784 0
      vertex 61.1011 19.9861 0
    endloop
  endfacet
  facet normal -0.461191 0.540217 -0.703895
    outer loop
      vertex 23.9418 18.0582 2.6
      vertex 24.1583 18.25 2.60535
      vertex 24.1626 18.2467 2.6
    endloop
  endfacet
  facet normal -0.459826 0.538733 -0.705922
    outer loop
      vertex 24.1583 18.25 2.60535
      vertex 23.9418 18.0582 2.6
      vertex 23.75 18.25 2.87131
    endloop
  endfacet
  facet normal 0.522487 -0.852647 0
    outer loop
      vertex 60.566 -20.314 0
      vertex 61.1011 -19.9861 6.15
      vertex 60.566 -20.314 6.15
    endloop
  endfacet
  facet normal 0.522487 -0.852647 0
    outer loop
      vertex 61.1011 -19.9861 6.15
      vertex 60.566 -20.314 0
      vertex 61.1011 -19.9861 0
    endloop
  endfacet
  facet normal 0.522487 0.852647 -0
    outer loop
      vertex 61.1011 19.9861 0
      vertex 60.566 20.314 6.15
      vertex 61.1011 19.9861 6.15
    endloop
  endfacet
  facet normal 0.522487 0.852647 0
    outer loop
      vertex 60.566 20.314 6.15
      vertex 61.1011 19.9861 0
      vertex 60.566 20.314 0
    endloop
  endfacet
  facet normal -0.603809 0.370074 -0.706017
    outer loop
      vertex 23.7533 17.8374 2.6
      vertex 22.5825 18.25 3.81758
      vertex 23.1854 18.25 3.30196
    endloop
  endfacet
  facet normal -0.706001 0.0556214 -0.706023
    outer loop
      vertex 21.309 17.3728 4.74
      vertex 23.4228 17.0394 2.6
      vertex 23.4 16.75 2.6
    endloop
  endfacet
  facet normal -0.706599 0.0504714 -0.705812
    outer loop
      vertex 23.4228 17.0394 2.6
      vertex 21.309 17.3728 4.74
      vertex 21.3091 17.3742 4.74
    endloop
  endfacet
  facet normal -0.382234 0.596605 -0.705662
    outer loop
      vertex 24.1626 18.2467 2.6
      vertex 24.1602 18.25 2.60409
      vertex 24.1614 18.25 2.60344
    endloop
  endfacet
  facet normal -0.46741 0.533621 -0.704824
    outer loop
      vertex 24.1626 18.2467 2.6
      vertex 24.1583 18.25 2.60535
      vertex 24.1602 18.25 2.60409
    endloop
  endfacet
  facet normal 0.996923 0.07839 0
    outer loop
      vertex 62.75 16.75 6.15
      vertex 62.7008 17.3757 0
      vertex 62.7008 17.3757 6.15
    endloop
  endfacet
  facet normal 0.996923 0.07839 0
    outer loop
      vertex 62.7008 17.3757 0
      vertex 62.75 16.75 6.15
      vertex 62.75 16.75 0
    endloop
  endfacet
  facet normal -0.688624 0.165383 -0.706007
    outer loop
      vertex 23.4905 17.3217 2.6
      vertex 21.3094 17.3755 4.74
      vertex 21.4553 17.983 4.74
    endloop
  endfacet
  facet normal 0.760369 -0.649492 0
    outer loop
      vertex 61.5784 -19.5784 6.15
      vertex 61.9861 -19.1011 0
      vertex 61.9861 -19.1011 6.15
    endloop
  endfacet
  facet normal 0.760369 -0.649492 0
    outer loop
      vertex 61.9861 -19.1011 0
      vertex 61.5784 -19.5784 6.15
      vertex 61.5784 -19.5784 0
    endloop
  endfacet
  facet normal 0.97235 -0.23353 0
    outer loop
      vertex 62.5542 -17.9861 6.15
      vertex 62.7008 -17.3757 0
      vertex 62.7008 -17.3757 6.15
    endloop
  endfacet
  facet normal 0.97235 -0.23353 0
    outer loop
      vertex 62.7008 -17.3757 0
      vertex 62.5542 -17.9861 6.15
      vertex 62.5542 -17.9861 0
    endloop
  endfacet
  facet normal -0.706015 0.0555471 -0.706015
    outer loop
      vertex 23.4 16.75 2.6
      vertex 21.26 16.75 4.74
      vertex 21.309 17.3728 4.74
    endloop
  endfacet
  facet normal -0.654294 -0.271037 -0.706002
    outer loop
      vertex 22.3061 -18.25 4.05403
      vertex 23.4905 -17.3217 2.6
      vertex 23.6016 -17.5899 2.6
    endloop
  endfacet
  facet normal -0.654181 -0.271227 -0.706033
    outer loop
      vertex 23.4905 -17.3217 2.6
      vertex 22.3061 -18.25 4.05403
      vertex 22.1442 -18.25 4.20404
    endloop
  endfacet
  facet normal -0.538507 -0.45995 -0.706014
    outer loop
      vertex 23.4377 -18.25 3.10952
      vertex 23.1854 -18.25 3.30196
      vertex 23.7533 -17.8374 2.6
    endloop
  endfacet
  facet normal -0.538683 -0.459881 -0.705925
    outer loop
      vertex 23.75 -18.25 2.87131
      vertex 23.7533 -17.8374 2.6
      vertex 23.9418 -18.0582 2.6
    endloop
  endfacet
  facet normal -0.538518 -0.45994 -0.706012
    outer loop
      vertex 23.7533 -17.8374 2.6
      vertex 23.75 -18.25 2.87131
      vertex 23.4377 -18.25 3.10952
    endloop
  endfacet
  facet normal -0.603809 -0.370074 -0.706017
    outer loop
      vertex 23.1854 -18.25 3.30196
      vertex 22.5825 -18.25 3.81758
      vertex 23.7533 -17.8374 2.6
    endloop
  endfacet
  facet normal -0.654304 -0.271034 -0.705993
    outer loop
      vertex 21.4553 -17.983 4.74
      vertex 22.1442 -18.25 4.20404
      vertex 21.5659 -18.25 4.74
    endloop
  endfacet
  facet normal -0.654303 -0.271005 -0.706006
    outer loop
      vertex 22.1442 -18.25 4.20404
      vertex 21.4553 -17.983 4.74
      vertex 23.4905 -17.3217 2.6
    endloop
  endfacet
  facet normal -0.688624 -0.165383 -0.706007
    outer loop
      vertex 21.4553 -17.983 4.74
      vertex 21.3094 -17.3755 4.74
      vertex 23.4905 -17.3217 2.6
    endloop
  endfacet
  facet normal -0 0 1
    outer loop
      vertex -22.5889 -12.6898 6.15
      vertex -20.8719 -12.7264 6.15
      vertex -20.8784 -12.5653 6.15
    endloop
  endfacet
  facet normal -0 0 1
    outer loop
      vertex -22.5797 -12.4922 6.15
      vertex -20.8784 -12.5653 6.15
      vertex -20.8979 -12.4157 6.15
    endloop
  endfacet
  facet normal 0 -0 1
    outer loop
      vertex -22.583 -12.8575 6.15
      vertex -20.8719 -12.7264 6.15
      vertex -22.5889 -12.6898 6.15
    endloop
  endfacet
  facet normal 0 0 1
    outer loop
      vertex -22.5797 -12.4922 6.15
      vertex -20.8979 -12.4157 6.15
      vertex -20.9304 -12.2776 6.15
    endloop
  endfacet
  facet normal 0 0 1
    outer loop
      vertex -20.8719 -12.7264 6.15
      vertex -22.583 -12.8575 6.15
      vertex -20.8829 -12.9237 6.15
    endloop
  endfacet
  facet normal 0 0 1
    outer loop
      vertex -22.5519 -12.3148 6.15
      vertex -20.9304 -12.2776 6.15
      vertex -20.9759 -12.1511 6.15
    endloop
  endfacet
  facet normal 0 0 1
    outer loop
      vertex -22.5519 -12.3148 6.15
      vertex -20.9759 -12.1511 6.15
      vertex -21.0344 -12.0361 6.15
    endloop
  endfacet
  facet normal 0 -0 1
    outer loop
      vertex -22.5652 -13.0107 6.15
      vertex -20.8829 -12.9237 6.15
      vertex -22.583 -12.8575 6.15
    endloop
  endfacet
  facet normal 0 0 1
    outer loop
      vertex -21.6158 -11.6477 6.15
      vertex -21.0344 -12.0361 6.15
      vertex -21.1059 -11.9326 6.15
    endloop
  endfacet
  facet normal 0 0 1
    outer loop
      vertex -20.8829 -12.9237 6.15
      vertex -22.5652 -13.0107 6.15
      vertex -20.9158 -13.1005 6.15
    endloop
  endfacet
  facet normal 0 0 1
    outer loop
      vertex -21.6158 -11.6477 6.15
      vertex -21.1059 -11.9326 6.15
      vertex -21.1886 -11.8431 6.15
    endloop
  endfacet
  facet normal 0 0 1
    outer loop
      vertex -20.9158 -13.1005 6.15
      vertex -22.5652 -13.0107 6.15
      vertex -20.9706 -13.2566 6.15
    endloop
  endfacet
  facet normal 0 0 1
    outer loop
      vertex -21.4946 -11.6721 6.15
      vertex -21.1886 -11.8431 6.15
      vertex -21.281 -11.7698 6.15
    endloop
  endfacet
  facet normal 0 -0 1
    outer loop
      vertex -21.2666 -13.6016 6.15
      vertex -20.9706 -13.2566 6.15
      vertex -22.5652 -13.0107 6.15
    endloop
  endfacet
  facet normal 0 0 1
    outer loop
      vertex -21.4946 -11.6721 6.15
      vertex -21.281 -11.7698 6.15
      vertex -21.383 -11.7128 6.15
    endloop
  endfacet
  facet normal 0 0 1
    outer loop
      vertex -20.9706 -13.2566 6.15
      vertex -21.2666 -13.6016 6.15
      vertex -21.0473 -13.3922 6.15
    endloop
  endfacet
  facet normal 0 0 1
    outer loop
      vertex -21.0473 -13.3922 6.15
      vertex -21.2666 -13.6016 6.15
      vertex -21.146 -13.5072 6.15
    endloop
  endfacet
  facet normal 0 0 1
    outer loop
      vertex -21.1886 -11.8431 6.15
      vertex -21.4946 -11.6721 6.15
      vertex -21.6158 -11.6477 6.15
    endloop
  endfacet
  facet normal 0 0 1
    outer loop
      vertex -21.2666 -13.6016 6.15
      vertex -22.5652 -13.0107 6.15
      vertex -21.3379 -13.6439 6.15
    endloop
  endfacet
  facet normal 0 0 1
    outer loop
      vertex -21.7467 -11.6395 6.15
      vertex -21.0344 -12.0361 6.15
      vertex -21.6158 -11.6477 6.15
    endloop
  endfacet
  facet normal 0 0 1
    outer loop
      vertex -21.3379 -13.6439 6.15
      vertex -22.5652 -13.0107 6.15
      vertex -21.4108 -13.6785 6.15
    endloop
  endfacet
  facet normal 0 0 1
    outer loop
      vertex -21.4108 -13.6785 6.15
      vertex -22.5652 -13.0107 6.15
      vertex -21.4853 -13.7054 6.15
    endloop
  endfacet
  facet normal 0 0 1
    outer loop
      vertex -21.0344 -12.0361 6.15
      vertex -21.7467 -11.6395 6.15
      vertex -22.5519 -12.3148 6.15
    endloop
  endfacet
  facet normal 0 0 1
    outer loop
      vertex -22.5055 -12.1575 6.15
      vertex -21.7467 -11.6395 6.15
      vertex -21.8433 -11.6442 6.15
    endloop
  endfacet
  facet normal 0 0 1
    outer loop
      vertex -21.4853 -13.7054 6.15
      vertex -22.5652 -13.0107 6.15
      vertex -21.5614 -13.7246 6.15
    endloop
  endfacet
  facet normal 0 0 1
    outer loop
      vertex -22.5055 -12.1575 6.15
      vertex -21.8433 -11.6442 6.15
      vertex -21.9352 -11.6581 6.15
    endloop
  endfacet
  facet normal 0 0 1
    outer loop
      vertex -21.5614 -13.7246 6.15
      vertex -22.5652 -13.0107 6.15
      vertex -21.639 -13.7362 6.15
    endloop
  endfacet
  facet normal 0 0 1
    outer loop
      vertex -22.4406 -12.0204 6.15
      vertex -21.9352 -11.6581 6.15
      vertex -22.0223 -11.6813 6.15
    endloop
  endfacet
  facet normal 0 0 1
    outer loop
      vertex -21.639 -13.7362 6.15
      vertex -22.5652 -13.0107 6.15
      vertex -21.7182 -13.74 6.15
    endloop
  endfacet
  facet normal 0 0 1
    outer loop
      vertex -22.4406 -12.0204 6.15
      vertex -22.0223 -11.6813 6.15
      vertex -22.1047 -11.7137 6.15
    endloop
  endfacet
  facet normal 0 0 1
    outer loop
      vertex -22.4406 -12.0204 6.15
      vertex -22.1047 -11.7137 6.15
      vertex -22.1824 -11.7554 6.15
    endloop
  endfacet
  facet normal -0 -0 1
    outer loop
      vertex -22.5355 -13.1492 6.15
      vertex -21.7182 -13.74 6.15
      vertex -22.5652 -13.0107 6.15
    endloop
  endfacet
  facet normal 0 0 1
    outer loop
      vertex -22.4406 -12.0204 6.15
      vertex -22.1824 -11.7554 6.15
      vertex -22.2553 -11.8065 6.15
    endloop
  endfacet
  facet normal 0 0 1
    outer loop
      vertex -21.7182 -13.74 6.15
      vertex -22.5355 -13.1492 6.15
      vertex -21.8596 -13.7327 6.15
    endloop
  endfacet
  facet normal 0 0 1
    outer loop
      vertex -22.4406 -12.0204 6.15
      vertex -22.2553 -11.8065 6.15
      vertex -22.3572 -11.9033 6.15
    endloop
  endfacet
  facet normal 0 0 1
    outer loop
      vertex -21.8596 -13.7327 6.15
      vertex -22.5355 -13.1492 6.15
      vertex -21.9883 -13.7108 6.15
    endloop
  endfacet
  facet normal -0 -0 1
    outer loop
      vertex -22.494 -13.2732 6.15
      vertex -21.9883 -13.7108 6.15
      vertex -22.5355 -13.1492 6.15
    endloop
  endfacet
  facet normal 0 0 1
    outer loop
      vertex -21.9352 -11.6581 6.15
      vertex -22.4406 -12.0204 6.15
      vertex -22.5055 -12.1575 6.15
    endloop
  endfacet
  facet normal 0 0 1
    outer loop
      vertex -21.9883 -13.7108 6.15
      vertex -22.494 -13.2732 6.15
      vertex -22.1042 -13.6744 6.15
    endloop
  endfacet
  facet normal 0 0 1
    outer loop
      vertex -21.7467 -11.6395 6.15
      vertex -22.5055 -12.1575 6.15
      vertex -22.5519 -12.3148 6.15
    endloop
  endfacet
  facet normal 0 0 1
    outer loop
      vertex -22.1042 -13.6744 6.15
      vertex -22.4406 -13.3826 6.15
      vertex -22.2074 -13.6233 6.15
    endloop
  endfacet
  facet normal 0 0 1
    outer loop
      vertex -20.9304 -12.2776 6.15
      vertex -22.5519 -12.3148 6.15
      vertex -22.5797 -12.4922 6.15
    endloop
  endfacet
  facet normal 0 0 1
    outer loop
      vertex -22.2074 -13.6233 6.15
      vertex -22.4406 -13.3826 6.15
      vertex -22.2977 -13.5577 6.15
    endloop
  endfacet
  facet normal 0 0 1
    outer loop
      vertex -20.8784 -12.5653 6.15
      vertex -22.5797 -12.4922 6.15
      vertex -22.5889 -12.6898 6.15
    endloop
  endfacet
  facet normal 0 0 1
    outer loop
      vertex -22.2977 -13.5577 6.15
      vertex -22.4406 -13.3826 6.15
      vertex -22.3753 -13.4774 6.15
    endloop
  endfacet
  facet normal -0 -0 1
    outer loop
      vertex -22.4406 -13.3826 6.15
      vertex -22.1042 -13.6744 6.15
      vertex -22.494 -13.2732 6.15
    endloop
  endfacet
  facet normal 0 0 1
    outer loop
      vertex -44.5889 -14.9055 6.15
      vertex -42.8882 -14.9055 6.15
      vertex -42.8946 -14.761 6.15
    endloop
  endfacet
  facet normal 0 0 1
    outer loop
      vertex -42.8882 -14.9055 6.15
      vertex -44.5889 -14.9055 6.15
      vertex -42.8945 -15.0453 6.15
    endloop
  endfacet
  facet normal 0 0 1
    outer loop
      vertex -43.7386 -13.9857 6.15
      vertex -42.8946 -14.761 6.15
      vertex -42.9137 -14.6286 6.15
    endloop
  endfacet
  facet normal 0 -0 1
    outer loop
      vertex -44.5827 -15.0453 6.15
      vertex -42.8945 -15.0453 6.15
      vertex -44.5889 -14.9055 6.15
    endloop
  endfacet
  facet normal 0 0 1
    outer loop
      vertex -43.6128 -13.9923 6.15
      vertex -42.9137 -14.6286 6.15
      vertex -42.9457 -14.5083 6.15
    endloop
  endfacet
  facet normal 0 -0 1
    outer loop
      vertex -43.7386 -15.8213 6.15
      vertex -42.8945 -15.0453 6.15
      vertex -44.5827 -15.0453 6.15
    endloop
  endfacet
  facet normal 0 0 1
    outer loop
      vertex -43.496 -14.0118 6.15
      vertex -42.9457 -14.5083 6.15
      vertex -42.9904 -14.4 6.15
    endloop
  endfacet
  facet normal 0 0 1
    outer loop
      vertex -42.8945 -15.0453 6.15
      vertex -43.7386 -15.8213 6.15
      vertex -42.9133 -15.1742 6.15
    endloop
  endfacet
  facet normal 0 0 1
    outer loop
      vertex -43.496 -14.0118 6.15
      vertex -42.9904 -14.4 6.15
      vertex -43.0479 -14.3039 6.15
    endloop
  endfacet
  facet normal 0 -0 1
    outer loop
      vertex -43.6105 -15.8146 6.15
      vertex -42.9133 -15.1742 6.15
      vertex -43.7386 -15.8213 6.15
    endloop
  endfacet
  facet normal 0 0 1
    outer loop
      vertex -43.496 -14.0118 6.15
      vertex -43.0479 -14.3039 6.15
      vertex -43.1181 -14.2198 6.15
    endloop
  endfacet
  facet normal 0 0 1
    outer loop
      vertex -42.9133 -15.1742 6.15
      vertex -43.6105 -15.8146 6.15
      vertex -42.9446 -15.2922 6.15
    endloop
  endfacet
  facet normal 0 0 1
    outer loop
      vertex -43.496 -14.0118 6.15
      vertex -43.1181 -14.2198 6.15
      vertex -43.1992 -14.1483 6.15
    endloop
  endfacet
  facet normal 0 0 1
    outer loop
      vertex -42.9446 -15.2922 6.15
      vertex -43.4919 -15.7946 6.15
      vertex -42.9886 -15.3994 6.15
    endloop
  endfacet
  facet normal 0 0 1
    outer loop
      vertex -43.496 -14.0118 6.15
      vertex -43.1992 -14.1483 6.15
      vertex -43.2892 -14.0898 6.15
    endloop
  endfacet
  facet normal 0 0 1
    outer loop
      vertex -43.045 -15.4957 6.15
      vertex -43.4919 -15.7946 6.15
      vertex -43.114 -15.5812 6.15
    endloop
  endfacet
  facet normal 0 0 1
    outer loop
      vertex -43.496 -14.0118 6.15
      vertex -43.2892 -14.0898 6.15
      vertex -43.3882 -14.0443 6.15
    endloop
  endfacet
  facet normal 0 0 1
    outer loop
      vertex -43.1941 -15.6545 6.15
      vertex -43.4919 -15.7946 6.15
      vertex -43.2838 -15.7146 6.15
    endloop
  endfacet
  facet normal 0 0 1
    outer loop
      vertex -42.9457 -14.5083 6.15
      vertex -43.496 -14.0118 6.15
      vertex -43.6128 -13.9923 6.15
    endloop
  endfacet
  facet normal 0 0 1
    outer loop
      vertex -43.2838 -15.7146 6.15
      vertex -43.4919 -15.7946 6.15
      vertex -43.3831 -15.7612 6.15
    endloop
  endfacet
  facet normal 0 0 1
    outer loop
      vertex -42.9137 -14.6286 6.15
      vertex -43.6128 -13.9923 6.15
      vertex -43.7386 -13.9857 6.15
    endloop
  endfacet
  facet normal 0 0 1
    outer loop
      vertex -42.8946 -14.761 6.15
      vertex -43.7386 -13.9857 6.15
      vertex -44.5826 -14.761 6.15
    endloop
  endfacet
  facet normal 0 0 1
    outer loop
      vertex -43.114 -15.5812 6.15
      vertex -43.4919 -15.7946 6.15
      vertex -43.1941 -15.6545 6.15
    endloop
  endfacet
  facet normal 0 0 1
    outer loop
      vertex -44.5826 -14.761 6.15
      vertex -43.7386 -13.9857 6.15
      vertex -43.8643 -13.9923 6.15
    endloop
  endfacet
  facet normal 0 0 1
    outer loop
      vertex -42.9886 -15.3994 6.15
      vertex -43.4919 -15.7946 6.15
      vertex -43.045 -15.4957 6.15
    endloop
  endfacet
  facet normal 0 0 1
    outer loop
      vertex -44.5634 -14.6286 6.15
      vertex -43.8643 -13.9923 6.15
      vertex -43.9811 -14.0118 6.15
    endloop
  endfacet
  facet normal 0 -0 1
    outer loop
      vertex -43.4919 -15.7946 6.15
      vertex -42.9446 -15.2922 6.15
      vertex -43.6105 -15.8146 6.15
    endloop
  endfacet
  facet normal 0 0 1
    outer loop
      vertex -44.5315 -14.5083 6.15
      vertex -43.9811 -14.0118 6.15
      vertex -44.089 -14.0443 6.15
    endloop
  endfacet
  facet normal 0 0 1
    outer loop
      vertex -43.7386 -15.8213 6.15
      vertex -44.5827 -15.0453 6.15
      vertex -43.8667 -15.8146 6.15
    endloop
  endfacet
  facet normal 0 0 1
    outer loop
      vertex -44.5315 -14.5083 6.15
      vertex -44.089 -14.0443 6.15
      vertex -44.1879 -14.0898 6.15
    endloop
  endfacet
  facet normal -0 -0 1
    outer loop
      vertex -44.5638 -15.1742 6.15
      vertex -43.8667 -15.8146 6.15
      vertex -44.5827 -15.0453 6.15
    endloop
  endfacet
  facet normal 0 0 1
    outer loop
      vertex -44.5315 -14.5083 6.15
      vertex -44.1879 -14.0898 6.15
      vertex -44.278 -14.1483 6.15
    endloop
  endfacet
  facet normal 0 0 1
    outer loop
      vertex -43.8667 -15.8146 6.15
      vertex -44.5638 -15.1742 6.15
      vertex -43.9852 -15.7946 6.15
    endloop
  endfacet
  facet normal 0 0 1
    outer loop
      vertex -44.5315 -14.5083 6.15
      vertex -44.278 -14.1483 6.15
      vertex -44.3591 -14.2198 6.15
    endloop
  endfacet
  facet normal -0 -0 1
    outer loop
      vertex -44.5325 -15.2922 6.15
      vertex -43.9852 -15.7946 6.15
      vertex -44.5638 -15.1742 6.15
    endloop
  endfacet
  facet normal 0 0 1
    outer loop
      vertex -44.4868 -14.4 6.15
      vertex -44.3591 -14.2198 6.15
      vertex -44.4293 -14.3039 6.15
    endloop
  endfacet
  facet normal 0 0 1
    outer loop
      vertex -43.9852 -15.7946 6.15
      vertex -44.5325 -15.2922 6.15
      vertex -44.0941 -15.7612 6.15
    endloop
  endfacet
  facet normal 0 0 1
    outer loop
      vertex -44.3591 -14.2198 6.15
      vertex -44.4868 -14.4 6.15
      vertex -44.5315 -14.5083 6.15
    endloop
  endfacet
  facet normal 0 0 1
    outer loop
      vertex -44.0941 -15.7612 6.15
      vertex -44.5325 -15.2922 6.15
      vertex -44.1934 -15.7146 6.15
    endloop
  endfacet
  facet normal 0 0 1
    outer loop
      vertex -43.9811 -14.0118 6.15
      vertex -44.5315 -14.5083 6.15
      vertex -44.5634 -14.6286 6.15
    endloop
  endfacet
  facet normal 0 0 1
    outer loop
      vertex -42.8946 -14.761 6.15
      vertex -44.5826 -14.761 6.15
      vertex -44.5889 -14.9055 6.15
    endloop
  endfacet
  facet normal 0 0 1
    outer loop
      vertex -43.8643 -13.9923 6.15
      vertex -44.5634 -14.6286 6.15
      vertex -44.5826 -14.761 6.15
    endloop
  endfacet
  facet normal 0 0 1
    outer loop
      vertex -44.1934 -15.7146 6.15
      vertex -44.5325 -15.2922 6.15
      vertex -44.2831 -15.6545 6.15
    endloop
  endfacet
  facet normal 0 0 1
    outer loop
      vertex -44.2831 -15.6545 6.15
      vertex -44.5325 -15.2922 6.15
      vertex -44.3631 -15.5812 6.15
    endloop
  endfacet
  facet normal 0 0 1
    outer loop
      vertex -44.3631 -15.5812 6.15
      vertex -44.5325 -15.2922 6.15
      vertex -44.4321 -15.4957 6.15
    endloop
  endfacet
  facet normal 0 0 1
    outer loop
      vertex -44.4321 -15.4957 6.15
      vertex -44.5325 -15.2922 6.15
      vertex -44.4886 -15.3994 6.15
    endloop
  endfacet
  facet normal 0 0 1
    outer loop
      vertex -43.7386 -11.628 6.15
      vertex -42.998 -12.3715 6.15
      vertex -43.0034 -12.2592 6.15
    endloop
  endfacet
  facet normal 0 0 1
    outer loop
      vertex -43.625 -11.6335 6.15
      vertex -43.0034 -12.2592 6.15
      vertex -43.0195 -12.1555 6.15
    endloop
  endfacet
  facet normal 0 0 1
    outer loop
      vertex -43.7386 -13.0987 6.15
      vertex -42.998 -12.3715 6.15
      vertex -43.7386 -11.628 6.15
    endloop
  endfacet
  facet normal 0 0 1
    outer loop
      vertex -43.5204 -11.6499 6.15
      vertex -43.0195 -12.1555 6.15
      vertex -43.0464 -12.0602 6.15
    endloop
  endfacet
  facet normal 0 0 1
    outer loop
      vertex -43.0034 -12.2592 6.15
      vertex -43.625 -11.6335 6.15
      vertex -43.7386 -11.628 6.15
    endloop
  endfacet
  facet normal 0 0 1
    outer loop
      vertex -43.4247 -11.6773 6.15
      vertex -43.0464 -12.0602 6.15
      vertex -43.0839 -11.9733 6.15
    endloop
  endfacet
  facet normal 0 0 1
    outer loop
      vertex -42.998 -12.3715 6.15
      vertex -43.7386 -13.0987 6.15
      vertex -43.0034 -12.4752 6.15
    endloop
  endfacet
  facet normal 0 0 1
    outer loop
      vertex -43.4247 -11.6773 6.15
      vertex -43.0839 -11.9733 6.15
      vertex -43.1322 -11.895 6.15
    endloop
  endfacet
  facet normal 0 -0 1
    outer loop
      vertex -43.5204 -13.0762 6.15
      vertex -43.0195 -12.5724 6.15
      vertex -43.625 -13.0931 6.15
    endloop
  endfacet
  facet normal 0 0 1
    outer loop
      vertex -43.4247 -11.6773 6.15
      vertex -43.1322 -11.895 6.15
      vertex -43.1913 -11.8251 6.15
    endloop
  endfacet
  facet normal 0 0 1
    outer loop
      vertex -43.0195 -12.1555 6.15
      vertex -43.5204 -11.6499 6.15
      vertex -43.625 -11.6335 6.15
    endloop
  endfacet
  facet normal 0 0 1
    outer loop
      vertex -43.4247 -11.6773 6.15
      vertex -43.1913 -11.8251 6.15
      vertex -43.2602 -11.7648 6.15
    endloop
  endfacet
  facet normal 0 0 1
    outer loop
      vertex -43.0195 -12.5724 6.15
      vertex -43.5204 -13.0762 6.15
      vertex -43.0464 -12.663 6.15
    endloop
  endfacet
  facet normal 0 0 1
    outer loop
      vertex -43.4247 -11.6773 6.15
      vertex -43.2602 -11.7648 6.15
      vertex -43.338 -11.7156 6.15
    endloop
  endfacet
  facet normal 0 0 1
    outer loop
      vertex -43.0464 -12.0602 6.15
      vertex -43.4247 -11.6773 6.15
      vertex -43.5204 -11.6499 6.15
    endloop
  endfacet
  facet normal 0 0 1
    outer loop
      vertex -43.0464 -12.663 6.15
      vertex -43.5204 -13.0762 6.15
      vertex -43.0839 -12.7471 6.15
    endloop
  endfacet
  facet normal 0 0 1
    outer loop
      vertex -43.1322 -12.8246 6.15
      vertex -43.4247 -13.048 6.15
      vertex -43.1913 -12.8956 6.15
    endloop
  endfacet
  facet normal 0 0 1
    outer loop
      vertex -43.2602 -12.9577 6.15
      vertex -43.4247 -13.048 6.15
      vertex -43.338 -13.0085 6.15
    endloop
  endfacet
  facet normal 0 0 1
    outer loop
      vertex -43.1913 -12.8956 6.15
      vertex -43.4247 -13.048 6.15
      vertex -43.2602 -12.9577 6.15
    endloop
  endfacet
  facet normal 0 0 1
    outer loop
      vertex -43.0839 -12.7471 6.15
      vertex -43.5204 -13.0762 6.15
      vertex -43.1322 -12.8246 6.15
    endloop
  endfacet
  facet normal 0 -0 1
    outer loop
      vertex -43.4247 -13.048 6.15
      vertex -43.1322 -12.8246 6.15
      vertex -43.5204 -13.0762 6.15
    endloop
  endfacet
  facet normal 0 0 1
    outer loop
      vertex -43.0034 -12.4752 6.15
      vertex -43.625 -13.0931 6.15
      vertex -43.0195 -12.5724 6.15
    endloop
  endfacet
  facet normal 0 0 1
    outer loop
      vertex -43.0034 -12.4752 6.15
      vertex -43.7386 -13.0987 6.15
      vertex -43.625 -13.0931 6.15
    endloop
  endfacet
  facet normal -0 0 1
    outer loop
      vertex -44.4831 -12.3715 6.15
      vertex -43.7386 -13.0987 6.15
      vertex -43.7386 -11.628 6.15
    endloop
  endfacet
  facet normal 0 0 1
    outer loop
      vertex -44.4831 -12.3715 6.15
      vertex -43.7386 -11.628 6.15
      vertex -43.851 -11.6335 6.15
    endloop
  endfacet
  facet normal 0 0 1
    outer loop
      vertex -43.7386 -13.0987 6.15
      vertex -44.4831 -12.3715 6.15
      vertex -43.8509 -13.0931 6.15
    endloop
  endfacet
  facet normal 0 0 1
    outer loop
      vertex -44.4776 -12.2592 6.15
      vertex -43.851 -11.6335 6.15
      vertex -43.9549 -11.6499 6.15
    endloop
  endfacet
  facet normal -0 -0 1
    outer loop
      vertex -44.4776 -12.4752 6.15
      vertex -43.8509 -13.0931 6.15
      vertex -44.4831 -12.3715 6.15
    endloop
  endfacet
  facet normal 0 0 1
    outer loop
      vertex -44.4612 -12.1555 6.15
      vertex -43.9549 -11.6499 6.15
      vertex -44.0503 -11.6773 6.15
    endloop
  endfacet
  facet normal 0 0 1
    outer loop
      vertex -43.8509 -13.0931 6.15
      vertex -44.4776 -12.4752 6.15
      vertex -43.9547 -13.0762 6.15
    endloop
  endfacet
  facet normal 0 0 1
    outer loop
      vertex -44.4612 -12.1555 6.15
      vertex -44.0503 -11.6773 6.15
      vertex -44.1373 -11.7156 6.15
    endloop
  endfacet
  facet normal 0 0 1
    outer loop
      vertex -43.9547 -13.0762 6.15
      vertex -44.4776 -12.4752 6.15
      vertex -44.0498 -13.0479 6.15
    endloop
  endfacet
  facet normal 0 0 1
    outer loop
      vertex -44.4612 -12.1555 6.15
      vertex -44.1373 -11.7156 6.15
      vertex -44.2158 -11.7648 6.15
    endloop
  endfacet
  facet normal -0 -0 1
    outer loop
      vertex -44.2838 -12.8956 6.15
      vertex -44.0498 -13.0479 6.15
      vertex -44.4776 -12.4752 6.15
    endloop
  endfacet
  facet normal 0 0 1
    outer loop
      vertex -44.4612 -12.1555 6.15
      vertex -44.2158 -11.7648 6.15
      vertex -44.2858 -11.8251 6.15
    endloop
  endfacet
  facet normal 0 0 1
    outer loop
      vertex -44.0498 -13.0479 6.15
      vertex -44.2838 -12.8956 6.15
      vertex -44.1364 -13.0084 6.15
    endloop
  endfacet
  facet normal 0 0 1
    outer loop
      vertex -44.4612 -12.1555 6.15
      vertex -44.2858 -11.8251 6.15
      vertex -44.3461 -11.895 6.15
    endloop
  endfacet
  facet normal 0 0 1
    outer loop
      vertex -43.851 -11.6335 6.15
      vertex -44.4776 -12.2592 6.15
      vertex -44.4831 -12.3715 6.15
    endloop
  endfacet
  facet normal 0 0 1
    outer loop
      vertex -44.4612 -12.1555 6.15
      vertex -44.3461 -11.895 6.15
      vertex -44.3954 -11.9733 6.15
    endloop
  endfacet
  facet normal 0 0 1
    outer loop
      vertex -44.1364 -13.0084 6.15
      vertex -44.2838 -12.8956 6.15
      vertex -44.2144 -12.9576 6.15
    endloop
  endfacet
  facet normal 0 0 1
    outer loop
      vertex -44.4612 -12.1555 6.15
      vertex -44.3954 -11.9733 6.15
      vertex -44.4338 -12.0602 6.15
    endloop
  endfacet
  facet normal 0 0 1
    outer loop
      vertex -44.2838 -12.8956 6.15
      vertex -44.4776 -12.4752 6.15
      vertex -44.3447 -12.8246 6.15
    endloop
  endfacet
  facet normal 0 0 1
    outer loop
      vertex -43.9549 -11.6499 6.15
      vertex -44.4612 -12.1555 6.15
      vertex -44.4776 -12.2592 6.15
    endloop
  endfacet
  facet normal 0 0 1
    outer loop
      vertex -44.3447 -12.8246 6.15
      vertex -44.4776 -12.4752 6.15
      vertex -44.3945 -12.7471 6.15
    endloop
  endfacet
  facet normal 0 0 1
    outer loop
      vertex -44.3945 -12.7471 6.15
      vertex -44.4776 -12.4752 6.15
      vertex -44.4333 -12.663 6.15
    endloop
  endfacet
  facet normal 0 0 1
    outer loop
      vertex -44.4333 -12.663 6.15
      vertex -44.4776 -12.4752 6.15
      vertex -44.4609 -12.5724 6.15
    endloop
  endfacet
  facet normal 0 0 1
    outer loop
      vertex 1.69437 -13.7358 6.15
      vertex 3.38295 -13.7358 6.15
      vertex 3.37849 -13.3959 6.15
    endloop
  endfacet
  facet normal 0 0 1
    outer loop
      vertex 3.38295 -13.7358 6.15
      vertex 1.69437 -13.7358 6.15
      vertex 3.37854 -14.0615 6.15
    endloop
  endfacet
  facet normal 0 0 1
    outer loop
      vertex 1.69901 -13.3959 6.15
      vertex 3.37849 -13.3959 6.15
      vertex 3.3651 -13.0868 6.15
    endloop
  endfacet
  facet normal 0 -0 1
    outer loop
      vertex 1.69901 -14.0615 6.15
      vertex 3.37854 -14.0615 6.15
      vertex 1.69437 -13.7358 6.15
    endloop
  endfacet
  facet normal 0 0 1
    outer loop
      vertex 1.71291 -13.0868 6.15
      vertex 3.3651 -13.0868 6.15
      vertex 3.34277 -12.8084 6.15
    endloop
  endfacet
  facet normal 0 0 1
    outer loop
      vertex 3.37854 -14.0615 6.15
      vertex 1.69901 -14.0615 6.15
      vertex 3.36533 -14.3604 6.15
    endloop
  endfacet
  facet normal 0 0 1
    outer loop
      vertex 1.73607 -12.8084 6.15
      vertex 3.34277 -12.8084 6.15
      vertex 3.31151 -12.5607 6.15
    endloop
  endfacet
  facet normal 0 -0 1
    outer loop
      vertex 1.71291 -14.3607 6.15
      vertex 3.36533 -14.3604 6.15
      vertex 1.69901 -14.0615 6.15
    endloop
  endfacet
  facet normal 0 0 1
    outer loop
      vertex 1.76851 -12.5607 6.15
      vertex 3.31151 -12.5607 6.15
      vertex 3.27133 -12.3438 6.15
    endloop
  endfacet
  facet normal 0 0 1
    outer loop
      vertex 3.36533 -14.3604 6.15
      vertex 1.71291 -14.3607 6.15
      vertex 3.34328 -14.6327 6.15
    endloop
  endfacet
  facet normal 0 0 1
    outer loop
      vertex 1.81021 -12.3438 6.15
      vertex 3.27133 -12.3438 6.15
      vertex 3.22221 -12.1576 6.15
    endloop
  endfacet
  facet normal 0 -0 1
    outer loop
      vertex 1.73607 -14.6333 6.15
      vertex 3.34328 -14.6327 6.15
      vertex 1.71291 -14.3607 6.15
    endloop
  endfacet
  facet normal 0 0 1
    outer loop
      vertex 2.54475 -11.6451 6.15
      vertex 3.22221 -12.1576 6.15
      vertex 3.15877 -12.001 6.15
    endloop
  endfacet
  facet normal 0 0 1
    outer loop
      vertex 3.34328 -14.6327 6.15
      vertex 1.73607 -14.6333 6.15
      vertex 3.31242 -14.8784 6.15
    endloop
  endfacet
  facet normal 0 0 1
    outer loop
      vertex 2.70712 -11.6593 6.15
      vertex 3.15877 -12.001 6.15
      vertex 3.07553 -11.8728 6.15
    endloop
  endfacet
  facet normal 0 -0 1
    outer loop
      vertex 1.76851 -14.8793 6.15
      vertex 3.31242 -14.8784 6.15
      vertex 1.73607 -14.6333 6.15
    endloop
  endfacet
  facet normal 0 0 1
    outer loop
      vertex 2.70712 -11.6593 6.15
      vertex 3.07553 -11.8728 6.15
      vertex 2.9725 -11.7732 6.15
    endloop
  endfacet
  facet normal 0 0 1
    outer loop
      vertex 3.31242 -14.8784 6.15
      vertex 1.76851 -14.8793 6.15
      vertex 3.27275 -15.0973 6.15
    endloop
  endfacet
  facet normal 0 0 1
    outer loop
      vertex 2.70712 -11.6593 6.15
      vertex 2.9725 -11.7732 6.15
      vertex 2.8497 -11.702 6.15
    endloop
  endfacet
  facet normal 0 -0 1
    outer loop
      vertex 1.81021 -15.0988 6.15
      vertex 3.27275 -15.0973 6.15
      vertex 1.76851 -14.8793 6.15
    endloop
  endfacet
  facet normal 0 0 1
    outer loop
      vertex 3.15877 -12.001 6.15
      vertex 2.70712 -11.6593 6.15
      vertex 2.54475 -11.6451 6.15
    endloop
  endfacet
  facet normal 0 0 1
    outer loop
      vertex 3.22221 -12.1576 6.15
      vertex 2.54475 -11.6451 6.15
      vertex 1.86118 -12.1576 6.15
    endloop
  endfacet
  facet normal 0 0 1
    outer loop
      vertex 3.27275 -15.0973 6.15
      vertex 1.81021 -15.0988 6.15
      vertex 3.22426 -15.2896 6.15
    endloop
  endfacet
  facet normal 0 0 1
    outer loop
      vertex 1.92651 -12.001 6.15
      vertex 2.54475 -11.6451 6.15
      vertex 2.38223 -11.6593 6.15
    endloop
  endfacet
  facet normal 0 -0 1
    outer loop
      vertex 1.86118 -15.2917 6.15
      vertex 3.22426 -15.2896 6.15
      vertex 1.81021 -15.0988 6.15
    endloop
  endfacet
  facet normal 0 0 1
    outer loop
      vertex 2.01129 -11.8728 6.15
      vertex 2.38223 -11.6593 6.15
      vertex 2.23915 -11.702 6.15
    endloop
  endfacet
  facet normal 0 0 1
    outer loop
      vertex 3.22426 -15.2896 6.15
      vertex 1.86118 -15.2917 6.15
      vertex 3.16017 -15.4549 6.15
    endloop
  endfacet
  facet normal 0 0 1
    outer loop
      vertex 2.01129 -11.8728 6.15
      vertex 2.23915 -11.702 6.15
      vertex 2.11549 -11.7732 6.15
    endloop
  endfacet
  facet normal 0 -0 1
    outer loop
      vertex 1.92651 -15.4564 6.15
      vertex 3.16017 -15.4549 6.15
      vertex 1.86118 -15.2917 6.15
    endloop
  endfacet
  facet normal 0 0 1
    outer loop
      vertex 2.38223 -11.6593 6.15
      vertex 2.01129 -11.8728 6.15
      vertex 1.92651 -12.001 6.15
    endloop
  endfacet
  facet normal 0 -0 1
    outer loop
      vertex 2.54475 -15.8307 6.15
      vertex 3.16017 -15.4549 6.15
      vertex 1.92651 -15.4564 6.15
    endloop
  endfacet
  facet normal 0 0 1
    outer loop
      vertex 2.54475 -11.6451 6.15
      vertex 1.92651 -12.001 6.15
      vertex 1.86118 -12.1576 6.15
    endloop
  endfacet
  facet normal 0 0 1
    outer loop
      vertex 3.16017 -15.4549 6.15
      vertex 2.70718 -15.8156 6.15
      vertex 3.07643 -15.5902 6.15
    endloop
  endfacet
  facet normal 0 0 1
    outer loop
      vertex 3.22221 -12.1576 6.15
      vertex 1.86118 -12.1576 6.15
      vertex 1.81021 -12.3438 6.15
    endloop
  endfacet
  facet normal 0 0 1
    outer loop
      vertex 3.37849 -13.3959 6.15
      vertex 1.69901 -13.3959 6.15
      vertex 1.69437 -13.7358 6.15
    endloop
  endfacet
  facet normal 0 0 1
    outer loop
      vertex 3.27133 -12.3438 6.15
      vertex 1.81021 -12.3438 6.15
      vertex 1.76851 -12.5607 6.15
    endloop
  endfacet
  facet normal 0 0 1
    outer loop
      vertex 2.97302 -15.6954 6.15
      vertex 2.70718 -15.8156 6.15
      vertex 2.84993 -15.7705 6.15
    endloop
  endfacet
  facet normal 0 0 1
    outer loop
      vertex 3.31151 -12.5607 6.15
      vertex 1.76851 -12.5607 6.15
      vertex 1.73607 -12.8084 6.15
    endloop
  endfacet
  facet normal 0 0 1
    outer loop
      vertex 3.07643 -15.5902 6.15
      vertex 2.70718 -15.8156 6.15
      vertex 2.97302 -15.6954 6.15
    endloop
  endfacet
  facet normal 0 0 1
    outer loop
      vertex 3.34277 -12.8084 6.15
      vertex 1.73607 -12.8084 6.15
      vertex 1.71291 -13.0868 6.15
    endloop
  endfacet
  facet normal 0 0 1
    outer loop
      vertex 3.3651 -13.0868 6.15
      vertex 1.71291 -13.0868 6.15
      vertex 1.69901 -13.3959 6.15
    endloop
  endfacet
  facet normal 0 -0 1
    outer loop
      vertex 2.70718 -15.8156 6.15
      vertex 3.16017 -15.4549 6.15
      vertex 2.54475 -15.8307 6.15
    endloop
  endfacet
  facet normal 0 0 1
    outer loop
      vertex 2.54475 -15.8307 6.15
      vertex 1.92651 -15.4564 6.15
      vertex 2.38223 -15.8157 6.15
    endloop
  endfacet
  facet normal 0 0 1
    outer loop
      vertex 2.23915 -15.7708 6.15
      vertex 2.01129 -15.5911 6.15
      vertex 2.11549 -15.6959 6.15
    endloop
  endfacet
  facet normal 0 0 1
    outer loop
      vertex 2.38223 -15.8157 6.15
      vertex 2.01129 -15.5911 6.15
      vertex 2.23915 -15.7708 6.15
    endloop
  endfacet
  facet normal -0 -0 1
    outer loop
      vertex 2.01129 -15.5911 6.15
      vertex 2.38223 -15.8157 6.15
      vertex 1.92651 -15.4564 6.15
    endloop
  endfacet
  facet normal 0 0 1
    outer loop
      vertex -56.373 -4.50044 6.15
      vertex -55.6069 -5.34375 6.15
      vertex -55.6133 -5.23227 6.15
    endloop
  endfacet
  facet normal 0 0 1
    outer loop
      vertex -56.373 -4.50044 6.15
      vertex -55.6133 -5.23227 6.15
      vertex -55.6328 -5.12564 6.15
    endloop
  endfacet
  facet normal 0 0 1
    outer loop
      vertex -55.6069 -5.34375 6.15
      vertex -56.2965 -6.19823 6.15
      vertex -55.6187 -5.51997 6.15
    endloop
  endfacet
  facet normal 0 0 1
    outer loop
      vertex -56.373 -4.50044 6.15
      vertex -55.6328 -5.12564 6.15
      vertex -55.6653 -5.02386 6.15
    endloop
  endfacet
  facet normal 0 0 1
    outer loop
      vertex -56.373 -4.50044 6.15
      vertex -55.6653 -5.02386 6.15
      vertex -55.7108 -4.92696 6.15
    endloop
  endfacet
  facet normal 0 -0 1
    outer loop
      vertex -56.1148 -6.1476 6.15
      vertex -55.6187 -5.51997 6.15
      vertex -56.2023 -6.17607 6.15
    endloop
  endfacet
  facet normal 0 0 1
    outer loop
      vertex -56.2437 -4.52164 6.15
      vertex -55.7108 -4.92696 6.15
      vertex -55.7692 -4.8349 6.15
    endloop
  endfacet
  facet normal 0 -0 1
    outer loop
      vertex -56.0341 -6.11278 6.15
      vertex -55.6543 -5.67696 6.15
      vertex -56.1148 -6.1476 6.15
    endloop
  endfacet
  facet normal 0 0 1
    outer loop
      vertex -56.2437 -4.52164 6.15
      vertex -55.7692 -4.8349 6.15
      vertex -55.8407 -4.74771 6.15
    endloop
  endfacet
  facet normal 0 -0 1
    outer loop
      vertex -55.9036 -6.03265 6.15
      vertex -55.7137 -5.81474 6.15
      vertex -56.0341 -6.11278 6.15
    endloop
  endfacet
  facet normal 0 0 1
    outer loop
      vertex -56.1258 -4.55696 6.15
      vertex -55.8407 -4.74771 6.15
      vertex -55.9243 -4.67 6.15
    endloop
  endfacet
  facet normal 0 0 1
    outer loop
      vertex -56.1258 -4.55696 6.15
      vertex -55.9243 -4.67 6.15
      vertex -56.0194 -4.60641 6.15
    endloop
  endfacet
  facet normal 0 0 1
    outer loop
      vertex -55.7137 -5.81474 6.15
      vertex -55.9036 -6.03265 6.15
      vertex -55.7968 -5.9333 6.15
    endloop
  endfacet
  facet normal 0 0 1
    outer loop
      vertex -55.6543 -5.67696 6.15
      vertex -56.0341 -6.11278 6.15
      vertex -55.7137 -5.81474 6.15
    endloop
  endfacet
  facet normal 0 0 1
    outer loop
      vertex -55.8407 -4.74771 6.15
      vertex -56.1258 -4.55696 6.15
      vertex -56.2437 -4.52164 6.15
    endloop
  endfacet
  facet normal 0 0 1
    outer loop
      vertex -55.6187 -5.51997 6.15
      vertex -56.1148 -6.1476 6.15
      vertex -55.6543 -5.67696 6.15
    endloop
  endfacet
  facet normal 0 0 1
    outer loop
      vertex -56.373 -4.50044 6.15
      vertex -55.7108 -4.92696 6.15
      vertex -56.2437 -4.52164 6.15
    endloop
  endfacet
  facet normal 0 0 1
    outer loop
      vertex -55.6187 -5.51997 6.15
      vertex -56.2965 -6.19823 6.15
      vertex -56.2023 -6.17607 6.15
    endloop
  endfacet
  facet normal 0 0 1
    outer loop
      vertex -55.6069 -5.34375 6.15
      vertex -56.373 -4.50044 6.15
      vertex -56.2965 -6.19823 6.15
    endloop
  endfacet
  facet normal 0 0 1
    outer loop
      vertex -56.373 -4.50044 6.15
      vertex -56.3976 -6.21405 6.15
      vertex -56.2965 -6.19823 6.15
    endloop
  endfacet
  facet normal 0 0 1
    outer loop
      vertex -56.5136 -4.49338 6.15
      vertex -56.3976 -6.21405 6.15
      vertex -56.373 -4.50044 6.15
    endloop
  endfacet
  facet normal -0 0 1
    outer loop
      vertex -57.3513 -5.17876 6.15
      vertex -56.3976 -6.21405 6.15
      vertex -56.5136 -4.49338 6.15
    endloop
  endfacet
  facet normal 0 0 1
    outer loop
      vertex -56.3976 -6.21405 6.15
      vertex -57.3513 -5.17876 6.15
      vertex -56.5054 -6.22356 6.15
    endloop
  endfacet
  facet normal -0 0 1
    outer loop
      vertex -57.3727 -5.31122 6.15
      vertex -56.5054 -6.22356 6.15
      vertex -57.3513 -5.17876 6.15
    endloop
  endfacet
  facet normal 0 0 1
    outer loop
      vertex -57.3513 -5.17876 6.15
      vertex -56.5136 -4.49338 6.15
      vertex -56.6967 -4.50648 6.15
    endloop
  endfacet
  facet normal -0 0 1
    outer loop
      vertex -54.7129 0.821106 6.15
      vertex -48.285 -3.035 6.15
      vertex -54.6691 1.11066 6.15
    endloop
  endfacet
  facet normal 0 0 1
    outer loop
      vertex -48.285 -3.035 6.15
      vertex -54.678 -5.01447 6.15
      vertex -54.6622 -5.33968 6.15
    endloop
  endfacet
  facet normal -0 0 1
    outer loop
      vertex -54.7858 0.558228 6.15
      vertex -48.285 -3.035 6.15
      vertex -54.7129 0.821106 6.15
    endloop
  endfacet
  facet normal 0 0 1
    outer loop
      vertex -54.8081 -3.5154 6.15
      vertex -48.285 -3.035 6.15
      vertex -54.8081 -2.55923 6.15
    endloop
  endfacet
  facet normal 0 0 1
    outer loop
      vertex -48.285 -3.035 6.15
      vertex -54.7858 0.558228 6.15
      vertex -54.8081 -2.55923 6.15
    endloop
  endfacet
  facet normal 0 -0 1
    outer loop
      vertex -54.7253 -4.71693 6.15
      vertex -48.285 -3.035 6.15
      vertex -54.8081 -3.5154 6.15
    endloop
  endfacet
  facet normal 0 0 1
    outer loop
      vertex -48.285 -3.035 6.15
      vertex -54.7253 -4.71693 6.15
      vertex -54.678 -5.01447 6.15
    endloop
  endfacet
  facet normal -0 0 1
    outer loop
      vertex -54.8879 0.322021 6.15
      vertex -54.8081 -2.55923 6.15
      vertex -54.7858 0.558228 6.15
    endloop
  endfacet
  facet normal -0 0 1
    outer loop
      vertex -55.0191 0.112503 6.15
      vertex -54.8081 -2.55923 6.15
      vertex -54.8879 0.322021 6.15
    endloop
  endfacet
  facet normal -0 0 1
    outer loop
      vertex -55.1795 -0.070343 6.15
      vertex -54.8081 -2.55923 6.15
      vertex -55.0191 0.112503 6.15
    endloop
  endfacet
  facet normal -0 0 1
    outer loop
      vertex -55.3594 -0.225754 6.15
      vertex -54.8081 -2.55923 6.15
      vertex -55.1795 -0.070343 6.15
    endloop
  endfacet
  facet normal -0 0 1
    outer loop
      vertex -55.5517 -0.352905 6.15
      vertex -54.8081 -2.55923 6.15
      vertex -55.3594 -0.225754 6.15
    endloop
  endfacet
  facet normal -0 0 1
    outer loop
      vertex -55.7564 -0.451813 6.15
      vertex -54.8081 -2.55923 6.15
      vertex -55.5517 -0.352905 6.15
    endloop
  endfacet
  facet normal -0 0 1
    outer loop
      vertex -55.9736 -0.522446 6.15
      vertex -54.8081 -2.55923 6.15
      vertex -55.7564 -0.451813 6.15
    endloop
  endfacet
  facet normal -0 0 1
    outer loop
      vertex -56.2032 -0.564835 6.15
      vertex -54.8081 -2.55923 6.15
      vertex -55.9736 -0.522446 6.15
    endloop
  endfacet
  facet normal -0 0 1
    outer loop
      vertex -56.4452 -0.578964 6.15
      vertex -54.8081 -2.55923 6.15
      vertex -56.2032 -0.564835 6.15
    endloop
  endfacet
  facet normal 0 0 1
    outer loop
      vertex -56.6081 -0.572693 6.15
      vertex -54.8081 -2.55923 6.15
      vertex -56.4452 -0.578964 6.15
    endloop
  endfacet
  facet normal 0 0 1
    outer loop
      vertex -56.7658 -0.553879 6.15
      vertex -54.8081 -2.55923 6.15
      vertex -56.6081 -0.572693 6.15
    endloop
  endfacet
  facet normal 0 0 1
    outer loop
      vertex -56.9183 -0.522522 6.15
      vertex -54.8081 -2.55923 6.15
      vertex -56.7658 -0.553879 6.15
    endloop
  endfacet
  facet normal 0 0 1
    outer loop
      vertex -57.0656 -0.478622 6.15
      vertex -54.8081 -2.55923 6.15
      vertex -56.9183 -0.522522 6.15
    endloop
  endfacet
  facet normal 0 0 1
    outer loop
      vertex -58.888 -0.34346 6.15
      vertex -57.0656 -0.478622 6.15
      vertex -57.2077 -0.422165 6.15
    endloop
  endfacet
  facet normal 0 0 1
    outer loop
      vertex -58.6765 -0.286499 6.15
      vertex -57.2077 -0.422165 6.15
      vertex -57.3446 -0.35318 6.15
    endloop
  endfacet
  facet normal 0 0 1
    outer loop
      vertex -58.5672 -0.247345 6.15
      vertex -57.3446 -0.35318 6.15
      vertex -57.4734 -0.272079 6.15
    endloop
  endfacet
  facet normal -0 0 1
    outer loop
      vertex -58.458 -0.19632 6.15
      vertex -57.4734 -0.272079 6.15
      vertex -57.5911 -0.179337 6.15
    endloop
  endfacet
  facet normal -0 0 1
    outer loop
      vertex -58.0472 0.173904 6.15
      vertex -57.8776 0.168701 6.15
      vertex -57.951 0.307999 6.15
    endloop
  endfacet
  facet normal 0 0 1
    outer loop
      vertex -58.0472 0.173904 6.15
      vertex -57.7932 0.0410461 6.15
      vertex -57.8776 0.168701 6.15
    endloop
  endfacet
  facet normal -0 0 1
    outer loop
      vertex -58.146 0.056427 6.15
      vertex -57.7932 0.0410461 6.15
      vertex -58.0472 0.173904 6.15
    endloop
  endfacet
  facet normal 0 0 1
    outer loop
      vertex -57.7932 0.0410461 6.15
      vertex -58.146 0.056427 6.15
      vertex -57.6977 -0.0749664 6.15
    endloop
  endfacet
  facet normal -0 0 1
    outer loop
      vertex -58.2474 -0.0444183 6.15
      vertex -57.6977 -0.0749664 6.15
      vertex -58.146 0.056427 6.15
    endloop
  endfacet
  facet normal 0 0 1
    outer loop
      vertex -58.3514 -0.128677 6.15
      vertex -57.6977 -0.0749664 6.15
      vertex -58.2474 -0.0444183 6.15
    endloop
  endfacet
  facet normal 0 0 1
    outer loop
      vertex -57.6977 -0.0749664 6.15
      vertex -58.3514 -0.128677 6.15
      vertex -57.5911 -0.179337 6.15
    endloop
  endfacet
  facet normal 0 0 1
    outer loop
      vertex -58.458 -0.19632 6.15
      vertex -57.5911 -0.179337 6.15
      vertex -58.3514 -0.128677 6.15
    endloop
  endfacet
  facet normal 0 0 1
    outer loop
      vertex -57.4734 -0.272079 6.15
      vertex -58.458 -0.19632 6.15
      vertex -58.5672 -0.247345 6.15
    endloop
  endfacet
  facet normal 0 0 1
    outer loop
      vertex -57.3446 -0.35318 6.15
      vertex -58.5672 -0.247345 6.15
      vertex -58.6765 -0.286499 6.15
    endloop
  endfacet
  facet normal 0 0 1
    outer loop
      vertex -57.2077 -0.422165 6.15
      vertex -58.6765 -0.286499 6.15
      vertex -58.7834 -0.318542 6.15
    endloop
  endfacet
  facet normal 0 0 1
    outer loop
      vertex -57.2077 -0.422165 6.15
      vertex -58.7834 -0.318542 6.15
      vertex -58.888 -0.34346 6.15
    endloop
  endfacet
  facet normal 0 0 1
    outer loop
      vertex -57.0656 -0.478622 6.15
      vertex -58.888 -0.34346 6.15
      vertex -54.8081 -2.55923 6.15
    endloop
  endfacet
  facet normal -0 0 1
    outer loop
      vertex -58.9902 -0.361267 6.15
      vertex -54.8081 -2.55923 6.15
      vertex -58.888 -0.34346 6.15
    endloop
  endfacet
  facet normal -0 0 1
    outer loop
      vertex -59.09 -0.371948 6.15
      vertex -54.8081 -2.55923 6.15
      vertex -58.9902 -0.361267 6.15
    endloop
  endfacet
  facet normal -0 0 1
    outer loop
      vertex -59.1875 -0.375504 6.15
      vertex -54.8081 -2.55923 6.15
      vertex -59.09 -0.371948 6.15
    endloop
  endfacet
  facet normal 0 0 1
    outer loop
      vertex -59.3964 -0.362061 6.15
      vertex -54.8081 -2.55923 6.15
      vertex -59.1875 -0.375504 6.15
    endloop
  endfacet
  facet normal 0 0 1
    outer loop
      vertex -60.9867 -0.227814 6.15
      vertex -59.3964 -0.362061 6.15
      vertex -59.5948 -0.321716 6.15
    endloop
  endfacet
  facet normal 0 0 1
    outer loop
      vertex -60.9867 -0.227814 6.15
      vertex -59.5948 -0.321716 6.15
      vertex -59.7828 -0.254471 6.15
    endloop
  endfacet
  facet normal 0 0 1
    outer loop
      vertex -59.3964 -0.362061 6.15
      vertex -60.9867 -0.227814 6.15
      vertex -54.8081 -2.55923 6.15
    endloop
  endfacet
  facet normal 0 0 1
    outer loop
      vertex -59.9602 -0.160324 6.15
      vertex -60.9867 -0.227814 6.15
      vertex -59.7828 -0.254471 6.15
    endloop
  endfacet
  facet normal 0 0 1
    outer loop
      vertex -60.1271 -0.0392914 6.15
      vertex -60.9867 -0.227814 6.15
      vertex -59.9602 -0.160324 6.15
    endloop
  endfacet
  facet normal 0 0 1
    outer loop
      vertex -60.2835 0.108627 6.15
      vertex -60.9867 -0.227814 6.15
      vertex -60.1271 -0.0392914 6.15
    endloop
  endfacet
  facet normal 0 0 1
    outer loop
      vertex -60.4221 0.281097 6.15
      vertex -60.9867 -0.227814 6.15
      vertex -60.2835 0.108627 6.15
    endloop
  endfacet
  facet normal 0 0 1
    outer loop
      vertex -60.5355 0.475723 6.15
      vertex -60.9867 -0.227814 6.15
      vertex -60.4221 0.281097 6.15
    endloop
  endfacet
  facet normal 0 0 1
    outer loop
      vertex -60.6237 0.69249 6.15
      vertex -60.9867 -0.227814 6.15
      vertex -60.5355 0.475723 6.15
    endloop
  endfacet
  facet normal 0 0 1
    outer loop
      vertex -60.6867 0.931427 6.15
      vertex -60.9867 -0.227814 6.15
      vertex -60.6237 0.69249 6.15
    endloop
  endfacet
  facet normal 0 0 1
    outer loop
      vertex -60.7245 1.19249 6.15
      vertex -60.9867 -0.227814 6.15
      vertex -60.6867 0.931427 6.15
    endloop
  endfacet
  facet normal 0 0 1
    outer loop
      vertex -60.7371 1.47572 6.15
      vertex -60.9867 -0.227814 6.15
      vertex -60.7245 1.19249 6.15
    endloop
  endfacet
  facet normal 0 0 1
    outer loop
      vertex -60.7245 1.75896 6.15
      vertex -60.9867 -0.227814 6.15
      vertex -60.7371 1.47572 6.15
    endloop
  endfacet
  facet normal 0 0 1
    outer loop
      vertex -54.7253 -4.71693 6.15
      vertex -54.8081 -3.5154 6.15
      vertex -54.8041 -4.4471 6.15
    endloop
  endfacet
  facet normal 0 0 1
    outer loop
      vertex -54.8081 -3.5154 6.15
      vertex -54.9144 -4.20496 6.15
      vertex -54.8041 -4.4471 6.15
    endloop
  endfacet
  facet normal 0 0 1
    outer loop
      vertex -54.8081 -3.5154 6.15
      vertex -55.0563 -3.99051 6.15
      vertex -54.9144 -4.20496 6.15
    endloop
  endfacet
  facet normal 0 0 1
    outer loop
      vertex -54.8081 -3.5154 6.15
      vertex -55.2297 -3.80374 6.15
      vertex -55.0563 -3.99051 6.15
    endloop
  endfacet
  facet normal 0 0 1
    outer loop
      vertex -54.8081 -3.5154 6.15
      vertex -55.4239 -3.64523 6.15
      vertex -55.2297 -3.80374 6.15
    endloop
  endfacet
  facet normal 0 0 1
    outer loop
      vertex -54.8081 -3.5154 6.15
      vertex -55.6281 -3.51553 6.15
      vertex -55.4239 -3.64523 6.15
    endloop
  endfacet
  facet normal 0 0 1
    outer loop
      vertex -54.8081 -3.5154 6.15
      vertex -55.8424 -3.41467 6.15
      vertex -55.6281 -3.51553 6.15
    endloop
  endfacet
  facet normal 0 0 1
    outer loop
      vertex -54.8081 -3.5154 6.15
      vertex -56.0668 -3.34262 6.15
      vertex -55.8424 -3.41467 6.15
    endloop
  endfacet
  facet normal 0 0 1
    outer loop
      vertex -60.9867 -1.19214 6.15
      vertex -56.0668 -3.34262 6.15
      vertex -54.8081 -3.5154 6.15
    endloop
  endfacet
  facet normal 0 0 1
    outer loop
      vertex -57.9333 -4.12746 6.15
      vertex -57.972 -4.11412 6.15
      vertex -57.9409 -4.18419 6.15
    endloop
  endfacet
  facet normal 0 0 1
    outer loop
      vertex -57.9106 -4.06303 6.15
      vertex -57.972 -4.11412 6.15
      vertex -57.9333 -4.12746 6.15
    endloop
  endfacet
  facet normal -0 0 1
    outer loop
      vertex -58.011 -4.04497 6.15
      vertex -57.9106 -4.06303 6.15
      vertex -57.8728 -3.99092 6.15
    endloop
  endfacet
  facet normal -0 0 1
    outer loop
      vertex -58.0579 -3.9767 6.15
      vertex -57.8728 -3.99092 6.15
      vertex -57.8198 -3.91113 6.15
    endloop
  endfacet
  facet normal 0 0 1
    outer loop
      vertex -57.9106 -4.06303 6.15
      vertex -58.011 -4.04497 6.15
      vertex -57.972 -4.11412 6.15
    endloop
  endfacet
  facet normal -0 0 1
    outer loop
      vertex -58.1128 -3.90935 6.15
      vertex -57.8198 -3.91113 6.15
      vertex -57.7516 -3.82365 6.15
    endloop
  endfacet
  facet normal -0 0 1
    outer loop
      vertex -58.2462 -3.77734 6.15
      vertex -57.7516 -3.82365 6.15
      vertex -57.6684 -3.7285 6.15
    endloop
  endfacet
  facet normal -0 0 1
    outer loop
      vertex -58.3701 -3.68285 6.15
      vertex -57.6684 -3.7285 6.15
      vertex -57.5231 -3.59297 6.15
    endloop
  endfacet
  facet normal 0 0 1
    outer loop
      vertex -57.8728 -3.99092 6.15
      vertex -58.0579 -3.9767 6.15
      vertex -58.011 -4.04497 6.15
    endloop
  endfacet
  facet normal 0 0 1
    outer loop
      vertex -57.8198 -3.91113 6.15
      vertex -58.1128 -3.90935 6.15
      vertex -58.0579 -3.9767 6.15
    endloop
  endfacet
  facet normal 0 0 1
    outer loop
      vertex -58.503 -3.60553 6.15
      vertex -57.5231 -3.59297 6.15
      vertex -57.361 -3.4821 6.15
    endloop
  endfacet
  facet normal 0 0 1
    outer loop
      vertex -57.7516 -3.82365 6.15
      vertex -58.1755 -3.8429 6.15
      vertex -58.1128 -3.90935 6.15
    endloop
  endfacet
  facet normal 0 0 1
    outer loop
      vertex -58.645 -3.54541 6.15
      vertex -57.361 -3.4821 6.15
      vertex -57.1823 -3.39586 6.15
    endloop
  endfacet
  facet normal 0 0 1
    outer loop
      vertex -57.7516 -3.82365 6.15
      vertex -58.2462 -3.77734 6.15
      vertex -58.1755 -3.8429 6.15
    endloop
  endfacet
  facet normal 0 0 1
    outer loop
      vertex -57.6684 -3.7285 6.15
      vertex -58.3701 -3.68285 6.15
      vertex -58.2462 -3.77734 6.15
    endloop
  endfacet
  facet normal 0 0 1
    outer loop
      vertex -60.9867 -1.19214 6.15
      vertex -57.1823 -3.39586 6.15
      vertex -56.9868 -3.33426 6.15
    endloop
  endfacet
  facet normal 0 0 1
    outer loop
      vertex -57.5231 -3.59297 6.15
      vertex -58.503 -3.60553 6.15
      vertex -58.3701 -3.68285 6.15
    endloop
  endfacet
  facet normal 0 0 1
    outer loop
      vertex -57.361 -3.4821 6.15
      vertex -58.645 -3.54541 6.15
      vertex -58.503 -3.60553 6.15
    endloop
  endfacet
  facet normal 0 0 1
    outer loop
      vertex -60.9867 -1.19214 6.15
      vertex -56.9868 -3.33426 6.15
      vertex -56.7746 -3.2973 6.15
    endloop
  endfacet
  facet normal 0 0 1
    outer loop
      vertex -57.1823 -3.39586 6.15
      vertex -58.7961 -3.50246 6.15
      vertex -58.645 -3.54541 6.15
    endloop
  endfacet
  facet normal 0 0 1
    outer loop
      vertex -57.1823 -3.39586 6.15
      vertex -60.9867 -1.19214 6.15
      vertex -58.7961 -3.50246 6.15
    endloop
  endfacet
  facet normal 0 0 1
    outer loop
      vertex -58.7961 -3.50246 6.15
      vertex -60.9867 -1.19214 6.15
      vertex -58.9562 -3.47668 6.15
    endloop
  endfacet
  facet normal 0 0 1
    outer loop
      vertex -58.9562 -3.47668 6.15
      vertex -60.9867 -1.19214 6.15
      vertex -59.1253 -3.46809 6.15
    endloop
  endfacet
  facet normal 0 0 1
    outer loop
      vertex -60.7249 -5.07892 6.15
      vertex -60.9867 -1.19214 6.15
      vertex -60.7371 -5.35191 6.15
    endloop
  endfacet
  facet normal 0 0 1
    outer loop
      vertex -60.6885 -4.82411 6.15
      vertex -60.9867 -1.19214 6.15
      vertex -60.7249 -5.07892 6.15
    endloop
  endfacet
  facet normal 0 0 1
    outer loop
      vertex -60.6277 -4.58749 6.15
      vertex -60.9867 -1.19214 6.15
      vertex -60.6885 -4.82411 6.15
    endloop
  endfacet
  facet normal 0 0 1
    outer loop
      vertex -60.5426 -4.36909 6.15
      vertex -60.9867 -1.19214 6.15
      vertex -60.6277 -4.58749 6.15
    endloop
  endfacet
  facet normal 0 0 1
    outer loop
      vertex -60.4332 -4.16887 6.15
      vertex -60.9867 -1.19214 6.15
      vertex -60.5426 -4.36909 6.15
    endloop
  endfacet
  facet normal 0 0 1
    outer loop
      vertex -60.2995 -3.98686 6.15
      vertex -60.9867 -1.19214 6.15
      vertex -60.4332 -4.16887 6.15
    endloop
  endfacet
  facet normal 0 0 1
    outer loop
      vertex -60.1453 -3.82835 6.15
      vertex -60.9867 -1.19214 6.15
      vertex -60.2995 -3.98686 6.15
    endloop
  endfacet
  facet normal 0 0 1
    outer loop
      vertex -59.9746 -3.69865 6.15
      vertex -60.9867 -1.19214 6.15
      vertex -60.1453 -3.82835 6.15
    endloop
  endfacet
  facet normal 0 0 1
    outer loop
      vertex -59.7872 -3.59779 6.15
      vertex -60.9867 -1.19214 6.15
      vertex -59.9746 -3.69865 6.15
    endloop
  endfacet
  facet normal 0 0 1
    outer loop
      vertex -59.5832 -3.52574 6.15
      vertex -60.9867 -1.19214 6.15
      vertex -59.7872 -3.59779 6.15
    endloop
  endfacet
  facet normal 0 0 1
    outer loop
      vertex -59.3625 -3.48251 6.15
      vertex -60.9867 -1.19214 6.15
      vertex -59.5832 -3.52574 6.15
    endloop
  endfacet
  facet normal 0 0 1
    outer loop
      vertex -59.1253 -3.46809 6.15
      vertex -60.9867 -1.19214 6.15
      vertex -59.3625 -3.48251 6.15
    endloop
  endfacet
  facet normal 0 0 1
    outer loop
      vertex -56.5456 -3.28497 6.15
      vertex -60.9867 -1.19214 6.15
      vertex -56.7746 -3.2973 6.15
    endloop
  endfacet
  facet normal 0 0 1
    outer loop
      vertex -56.3012 -3.29939 6.15
      vertex -60.9867 -1.19214 6.15
      vertex -56.5456 -3.28497 6.15
    endloop
  endfacet
  facet normal 0 0 1
    outer loop
      vertex -56.0668 -3.34262 6.15
      vertex -60.9867 -1.19214 6.15
      vertex -56.3012 -3.29939 6.15
    endloop
  endfacet
  facet normal -0 0 1
    outer loop
      vertex -60.8062 5.94882 6.15
      vertex -58.3283 5.32224 6.15
      vertex -58.3283 6.13596 6.15
    endloop
  endfacet
  facet normal 0 0 1
    outer loop
      vertex -58.3283 5.32224 6.15
      vertex -60.8062 5.94882 6.15
      vertex -60.8062 5.51753 6.15
    endloop
  endfacet
  facet normal 0 0 1
    outer loop
      vertex -57.2077 3.36566 6.15
      vertex -58.3283 4.58981 6.15
      vertex -57.3446 3.29852 6.15
    endloop
  endfacet
  facet normal 0 0 1
    outer loop
      vertex -57.3446 3.29852 6.15
      vertex -58.3283 4.58981 6.15
      vertex -57.4745 3.21928 6.15
    endloop
  endfacet
  facet normal 0 0 1
    outer loop
      vertex -58.4591 3.14783 6.15
      vertex -57.4745 3.21928 6.15
      vertex -58.3283 4.58981 6.15
    endloop
  endfacet
  facet normal 0 0 1
    outer loop
      vertex -57.4745 3.21928 6.15
      vertex -58.3559 3.08018 6.15
      vertex -58.2576 2.99593 6.15
    endloop
  endfacet
  facet normal 0 0 1
    outer loop
      vertex -57.4745 3.21928 6.15
      vertex -58.4591 3.14783 6.15
      vertex -58.3559 3.08018 6.15
    endloop
  endfacet
  facet normal 0 0 1
    outer loop
      vertex -58.3283 4.58981 6.15
      vertex -58.5672 3.19887 6.15
      vertex -58.4591 3.14783 6.15
    endloop
  endfacet
  facet normal 0 0 1
    outer loop
      vertex -58.3283 4.58981 6.15
      vertex -58.6765 3.23802 6.15
      vertex -58.5672 3.19887 6.15
    endloop
  endfacet
  facet normal 0 0 1
    outer loop
      vertex -58.3283 4.58981 6.15
      vertex -58.7834 3.27007 6.15
      vertex -58.6765 3.23802 6.15
    endloop
  endfacet
  facet normal 0 0 1
    outer loop
      vertex -58.3283 4.58981 6.15
      vertex -58.888 3.29498 6.15
      vertex -58.7834 3.27007 6.15
    endloop
  endfacet
  facet normal 0 0 1
    outer loop
      vertex -58.3283 4.58981 6.15
      vertex -58.9902 3.31277 6.15
      vertex -58.888 3.29498 6.15
    endloop
  endfacet
  facet normal 0 0 1
    outer loop
      vertex -58.3283 4.58981 6.15
      vertex -59.09 3.32346 6.15
      vertex -58.9902 3.31277 6.15
    endloop
  endfacet
  facet normal 0 0 1
    outer loop
      vertex -58.3283 4.58981 6.15
      vertex -59.1875 3.32703 6.15
      vertex -59.09 3.32346 6.15
    endloop
  endfacet
  facet normal 0 0 1
    outer loop
      vertex -58.3283 4.58981 6.15
      vertex -59.3964 3.31357 6.15
      vertex -59.1875 3.32703 6.15
    endloop
  endfacet
  facet normal -0 0 1
    outer loop
      vertex -60.8062 4.40675 6.15
      vertex -59.3964 3.31357 6.15
      vertex -58.3283 4.58981 6.15
    endloop
  endfacet
  facet normal 0 0 1
    outer loop
      vertex -59.3964 3.31357 6.15
      vertex -60.8062 4.40675 6.15
      vertex -59.5948 3.27322 6.15
    endloop
  endfacet
  facet normal 0 0 1
    outer loop
      vertex -59.5948 3.27322 6.15
      vertex -60.8062 4.40675 6.15
      vertex -59.7828 3.20598 6.15
    endloop
  endfacet
  facet normal 0 0 1
    outer loop
      vertex -59.7828 3.20598 6.15
      vertex -60.8062 4.40675 6.15
      vertex -59.9602 3.11182 6.15
    endloop
  endfacet
  facet normal 0 0 1
    outer loop
      vertex -60.9867 -0.227814 6.15
      vertex -60.7245 1.75896 6.15
      vertex -60.8062 4.40675 6.15
    endloop
  endfacet
  facet normal 0 0 1
    outer loop
      vertex -60.6867 2.02005 6.15
      vertex -60.8062 4.40675 6.15
      vertex -60.7245 1.75896 6.15
    endloop
  endfacet
  facet normal 0 0 1
    outer loop
      vertex -60.6237 2.25897 6.15
      vertex -60.8062 4.40675 6.15
      vertex -60.6867 2.02005 6.15
    endloop
  endfacet
  facet normal 0 0 1
    outer loop
      vertex -60.5355 2.47575 6.15
      vertex -60.8062 4.40675 6.15
      vertex -60.6237 2.25897 6.15
    endloop
  endfacet
  facet normal 0 0 1
    outer loop
      vertex -60.4221 2.67036 6.15
      vertex -60.8062 4.40675 6.15
      vertex -60.5355 2.47575 6.15
    endloop
  endfacet
  facet normal 0 0 1
    outer loop
      vertex -60.2835 2.84282 6.15
      vertex -60.8062 4.40675 6.15
      vertex -60.4221 2.67036 6.15
    endloop
  endfacet
  facet normal 0 0 1
    outer loop
      vertex -60.1271 2.99077 6.15
      vertex -60.8062 4.40675 6.15
      vertex -60.2835 2.84282 6.15
    endloop
  endfacet
  facet normal 0 0 1
    outer loop
      vertex -59.9602 3.11182 6.15
      vertex -60.8062 4.40675 6.15
      vertex -60.1271 2.99077 6.15
    endloop
  endfacet
  facet normal 0 0 1
    outer loop
      vertex -62.75 -16.75 6.15
      vertex -56.62 -7.36594 6.15
      vertex -58.8363 -7.26016 6.15
    endloop
  endfacet
  facet normal 0 0 1
    outer loop
      vertex -62.75 -16.75 6.15
      vertex -58.8363 -7.26016 6.15
      vertex -58.9815 -7.25146 6.15
    endloop
  endfacet
  facet normal 0 0 1
    outer loop
      vertex -62.75 -16.75 6.15
      vertex -58.9815 -7.25146 6.15
      vertex -59.1243 -7.23621 6.15
    endloop
  endfacet
  facet normal 0 0 1
    outer loop
      vertex -62.75 -16.75 6.15
      vertex -59.1243 -7.23621 6.15
      vertex -59.2645 -7.21439 6.15
    endloop
  endfacet
  facet normal 0 0 1
    outer loop
      vertex -56.62 -7.36594 6.15
      vertex -62.75 -16.75 6.15
      vertex -58.75 -20.75 6.15
    endloop
  endfacet
  facet normal 0 0 1
    outer loop
      vertex -62.75 -16.75 6.15
      vertex -59.2645 -7.21439 6.15
      vertex -59.4023 -7.18602 6.15
    endloop
  endfacet
  facet normal 0 0 1
    outer loop
      vertex -62.75 -16.75 6.15
      vertex -59.4023 -7.18602 6.15
      vertex -59.5376 -7.15109 6.15
    endloop
  endfacet
  facet normal 0 0 1
    outer loop
      vertex -62.75 -16.75 6.15
      vertex -59.5376 -7.15109 6.15
      vertex -59.6704 -7.10962 6.15
    endloop
  endfacet
  facet normal 0 0 1
    outer loop
      vertex -62.75 -16.75 6.15
      vertex -59.6704 -7.10962 6.15
      vertex -59.7843 -7.05762 6.15
    endloop
  endfacet
  facet normal 0 0 1
    outer loop
      vertex -62.75 -16.75 6.15
      vertex -59.7843 -7.05762 6.15
      vertex -59.8952 -6.99658 6.15
    endloop
  endfacet
  facet normal 0 0 1
    outer loop
      vertex -58.75 -20.75 6.15
      vertex -62.75 -16.75 6.15
      vertex -59.3757 -20.7008 6.15
    endloop
  endfacet
  facet normal 0 0 1
    outer loop
      vertex -62.75 -16.75 6.15
      vertex -59.8952 -6.99658 6.15
      vertex -60.0032 -6.92651 6.15
    endloop
  endfacet
  facet normal 0 0 1
    outer loop
      vertex -62.75 -16.75 6.15
      vertex -60.0032 -6.92651 6.15
      vertex -60.1082 -6.8474 6.15
    endloop
  endfacet
  facet normal 0 0 1
    outer loop
      vertex -62.75 -16.75 6.15
      vertex -60.1082 -6.8474 6.15
      vertex -60.2103 -6.75926 6.15
    endloop
  endfacet
  facet normal 0 0 1
    outer loop
      vertex -62.75 -16.75 6.15
      vertex -60.2103 -6.75926 6.15
      vertex -60.3095 -6.66208 6.15
    endloop
  endfacet
  facet normal 0 0 1
    outer loop
      vertex -62.75 -16.75 6.15
      vertex -60.3095 -6.66208 6.15
      vertex -60.376 -6.58374 6.15
    endloop
  endfacet
  facet normal 0 0 1
    outer loop
      vertex -62.75 -16.75 6.15
      vertex -60.376 -6.58374 6.15
      vertex -60.4371 -6.50067 6.15
    endloop
  endfacet
  facet normal 0 0 1
    outer loop
      vertex -62.75 -16.75 6.15
      vertex -60.4371 -6.50067 6.15
      vertex -60.4927 -6.41286 6.15
    endloop
  endfacet
  facet normal 0 0 1
    outer loop
      vertex -62.75 -16.75 6.15
      vertex -60.4927 -6.41286 6.15
      vertex -60.543 -6.3203 6.15
    endloop
  endfacet
  facet normal 0 0 1
    outer loop
      vertex -59.3757 -20.7008 6.15
      vertex -62.75 -16.75 6.15
      vertex -59.9861 -20.5542 6.15
    endloop
  endfacet
  facet normal 0 0 1
    outer loop
      vertex -62.75 -16.75 6.15
      vertex -60.543 -6.3203 6.15
      vertex -60.5877 -6.22299 6.15
    endloop
  endfacet
  facet normal 0 0 1
    outer loop
      vertex -62.75 -16.75 6.15
      vertex -60.5877 -6.22299 6.15
      vertex -60.6271 -6.12094 6.15
    endloop
  endfacet
  facet normal 0 0 1
    outer loop
      vertex -62.75 -16.75 6.15
      vertex -60.6271 -6.12094 6.15
      vertex -60.6607 -6.01254 6.15
    endloop
  endfacet
  facet normal 0 0 1
    outer loop
      vertex -62.75 -16.75 6.15
      vertex -60.6607 -6.01254 6.15
      vertex -60.6882 -5.89624 6.15
    endloop
  endfacet
  facet normal 0 0 1
    outer loop
      vertex -62.75 -16.75 6.15
      vertex -60.6882 -5.89624 6.15
      vertex -60.7096 -5.77202 6.15
    endloop
  endfacet
  facet normal 0 0 1
    outer loop
      vertex -62.75 -16.75 6.15
      vertex -60.7096 -5.77202 6.15
      vertex -60.7249 -5.63989 6.15
    endloop
  endfacet
  facet normal 0 0 1
    outer loop
      vertex -62.75 -16.75 6.15
      vertex -60.7249 -5.63989 6.15
      vertex -60.734 -5.49986 6.15
    endloop
  endfacet
  facet normal 0 0 1
    outer loop
      vertex -62.75 -16.75 6.15
      vertex -60.734 -5.49986 6.15
      vertex -60.7371 -5.35191 6.15
    endloop
  endfacet
  facet normal 0 0 1
    outer loop
      vertex -62.75 -16.75 6.15
      vertex -60.7371 -5.35191 6.15
      vertex -60.9867 -1.19214 6.15
    endloop
  endfacet
  facet normal 0 0 1
    outer loop
      vertex -59.9861 -20.5542 6.15
      vertex -62.75 -16.75 6.15
      vertex -60.566 -20.314 6.15
    endloop
  endfacet
  facet normal 0 0 1
    outer loop
      vertex -60.9867 -0.227814 6.15
      vertex -62.75 16.75 6.15
      vertex -60.9867 -1.19214 6.15
    endloop
  endfacet
  facet normal 0 0 1
    outer loop
      vertex -62.75 16.75 6.15
      vertex -61.1011 19.9861 6.15
      vertex -61.5784 19.5784 6.15
    endloop
  endfacet
  facet normal 0 0 1
    outer loop
      vertex -62.75 -16.75 6.15
      vertex -60.9867 -1.19214 6.15
      vertex -62.75 16.75 6.15
    endloop
  endfacet
  facet normal 0 0 1
    outer loop
      vertex -62.75 16.75 6.15
      vertex -61.5784 19.5784 6.15
      vertex -61.9861 19.1011 6.15
    endloop
  endfacet
  facet normal 0 0 1
    outer loop
      vertex -60.566 -20.314 6.15
      vertex -62.75 -16.75 6.15
      vertex -61.1011 -19.9861 6.15
    endloop
  endfacet
  facet normal 0 0 1
    outer loop
      vertex -62.75 16.75 6.15
      vertex -61.9861 19.1011 6.15
      vertex -62.314 18.566 6.15
    endloop
  endfacet
  facet normal 0 0 1
    outer loop
      vertex -61.1011 -19.9861 6.15
      vertex -62.75 -16.75 6.15
      vertex -61.5784 -19.5784 6.15
    endloop
  endfacet
  facet normal 0 0 1
    outer loop
      vertex -62.75 16.75 6.15
      vertex -62.314 18.566 6.15
      vertex -62.5542 17.9861 6.15
    endloop
  endfacet
  facet normal 0 0 1
    outer loop
      vertex -61.5784 -19.5784 6.15
      vertex -62.75 -16.75 6.15
      vertex -61.9861 -19.1011 6.15
    endloop
  endfacet
  facet normal 0 0 1
    outer loop
      vertex -62.75 16.75 6.15
      vertex -62.5542 17.9861 6.15
      vertex -62.7008 17.3757 6.15
    endloop
  endfacet
  facet normal 0 0 1
    outer loop
      vertex -61.9861 -19.1011 6.15
      vertex -62.75 -16.75 6.15
      vertex -62.314 -18.566 6.15
    endloop
  endfacet
  facet normal 0 0 1
    outer loop
      vertex -62.314 -18.566 6.15
      vertex -62.75 -16.75 6.15
      vertex -62.5542 -17.9861 6.15
    endloop
  endfacet
  facet normal 0 0 1
    outer loop
      vertex -62.5542 -17.9861 6.15
      vertex -62.75 -16.75 6.15
      vertex -62.7008 -17.3757 6.15
    endloop
  endfacet
  facet normal 0 0 1
    outer loop
      vertex -23.7496 -13.0896 6.15
      vertex -41.7021 -14.82 6.15
      vertex -41.696 -14.983 6.15
    endloop
  endfacet
  facet normal 0 0 1
    outer loop
      vertex -23.7039 -12.2041 6.15
      vertex -41.7205 -14.6623 6.15
      vertex -41.7021 -14.82 6.15
    endloop
  endfacet
  facet normal 0 0 1
    outer loop
      vertex -41.8908 -12.3381 6.15
      vertex -23.7039 -12.2041 6.15
      vertex -41.8873 -12.2407 6.15
    endloop
  endfacet
  facet normal 0 0 1
    outer loop
      vertex -23.7039 -12.2041 6.15
      vertex -41.8908 -12.3381 6.15
      vertex -41.7205 -14.6623 6.15
    endloop
  endfacet
  facet normal 0 0 1
    outer loop
      vertex -41.7205 -14.6623 6.15
      vertex -41.8908 -12.3381 6.15
      vertex -41.751 -14.5099 6.15
    endloop
  endfacet
  facet normal -0 0 1
    outer loop
      vertex -41.9015 -12.4379 6.15
      vertex -41.751 -14.5099 6.15
      vertex -41.8908 -12.3381 6.15
    endloop
  endfacet
  facet normal 0 0 1
    outer loop
      vertex -23.7039 -12.2041 6.15
      vertex -41.9007 -12.0317 6.15
      vertex -41.8873 -12.2407 6.15
    endloop
  endfacet
  facet normal 0 0 1
    outer loop
      vertex -23.7039 -12.2041 6.15
      vertex -41.9411 -11.8333 6.15
      vertex -41.9007 -12.0317 6.15
    endloop
  endfacet
  facet normal 0 0 1
    outer loop
      vertex -39.215 -3.035 6.15
      vertex -42.0083 -11.6454 6.15
      vertex -41.9411 -11.8333 6.15
    endloop
  endfacet
  facet normal 0 0 1
    outer loop
      vertex -39.215 -3.035 6.15
      vertex -42.1025 -11.4679 6.15
      vertex -42.0083 -11.6454 6.15
    endloop
  endfacet
  facet normal 0 0 1
    outer loop
      vertex -39.215 -3.035 6.15
      vertex -42.2235 -11.301 6.15
      vertex -42.1025 -11.4679 6.15
    endloop
  endfacet
  facet normal 0 0 1
    outer loop
      vertex -39.215 -3.035 6.15
      vertex -42.3715 -11.1446 6.15
      vertex -42.2235 -11.301 6.15
    endloop
  endfacet
  facet normal 0 0 1
    outer loop
      vertex -39.215 -3.035 6.15
      vertex -42.5439 -11.006 6.15
      vertex -42.3715 -11.1446 6.15
    endloop
  endfacet
  facet normal 0 0 1
    outer loop
      vertex -39.215 -3.035 6.15
      vertex -42.7385 -10.8926 6.15
      vertex -42.5439 -11.006 6.15
    endloop
  endfacet
  facet normal 0 0 1
    outer loop
      vertex -39.215 -3.035 6.15
      vertex -42.9553 -10.8044 6.15
      vertex -42.7385 -10.8926 6.15
    endloop
  endfacet
  facet normal 0 0 1
    outer loop
      vertex -39.215 -3.035 6.15
      vertex -43.1942 -10.7414 6.15
      vertex -42.9553 -10.8044 6.15
    endloop
  endfacet
  facet normal 0 0 1
    outer loop
      vertex -39.215 -3.035 6.15
      vertex -43.4553 -10.7036 6.15
      vertex -43.1942 -10.7414 6.15
    endloop
  endfacet
  facet normal 0 0 1
    outer loop
      vertex -39.215 -3.035 6.15
      vertex -43.7386 -10.6911 6.15
      vertex -43.4553 -10.7036 6.15
    endloop
  endfacet
  facet normal -0 0 1
    outer loop
      vertex -48.285 -3.035 6.15
      vertex -43.7386 -10.6911 6.15
      vertex -39.215 -3.035 6.15
    endloop
  endfacet
  facet normal 0 0 1
    outer loop
      vertex -43.7386 -10.6911 6.15
      vertex -48.285 -3.035 6.15
      vertex -44.0218 -10.7036 6.15
    endloop
  endfacet
  facet normal 0 0 1
    outer loop
      vertex -44.0218 -10.7036 6.15
      vertex -48.285 -3.035 6.15
      vertex -44.2829 -10.7414 6.15
    endloop
  endfacet
  facet normal 0 0 1
    outer loop
      vertex -44.2829 -10.7414 6.15
      vertex -48.285 -3.035 6.15
      vertex -44.5218 -10.8044 6.15
    endloop
  endfacet
  facet normal 0 0 1
    outer loop
      vertex -44.5218 -10.8044 6.15
      vertex -48.285 -3.035 6.15
      vertex -44.7386 -10.8926 6.15
    endloop
  endfacet
  facet normal 0 0 1
    outer loop
      vertex -44.7386 -10.8926 6.15
      vertex -48.285 -3.035 6.15
      vertex -44.9332 -11.006 6.15
    endloop
  endfacet
  facet normal 0 0 1
    outer loop
      vertex -44.9332 -11.006 6.15
      vertex -48.285 -3.035 6.15
      vertex -45.1057 -11.1446 6.15
    endloop
  endfacet
  facet normal 0 0 1
    outer loop
      vertex -45.5578 -12.5401 6.15
      vertex -45.6929 -14.3625 6.15
      vertex -45.6365 -14.2204 6.15
    endloop
  endfacet
  facet normal 0 0 1
    outer loop
      vertex -45.5862 -12.3381 6.15
      vertex -45.7368 -14.5098 6.15
      vertex -45.6929 -14.3625 6.15
    endloop
  endfacet
  facet normal 0 0 1
    outer loop
      vertex -55.2305 -6.89713 6.15
      vertex -45.5898 -12.2407 6.15
      vertex -45.5763 -12.0317 6.15
    endloop
  endfacet
  facet normal 0 0 1
    outer loop
      vertex -45.5862 -12.3381 6.15
      vertex -55.4806 -7.08112 6.15
      vertex -45.7368 -14.5098 6.15
    endloop
  endfacet
  facet normal 0 0 1
    outer loop
      vertex -45.7368 -14.5098 6.15
      vertex -55.4806 -7.08112 6.15
      vertex -45.7682 -14.6623 6.15
    endloop
  endfacet
  facet normal -0 0 1
    outer loop
      vertex -55.2305 -6.89713 6.15
      vertex -45.536 -11.8333 6.15
      vertex -55.0259 -6.67064 6.15
    endloop
  endfacet
  facet normal 0 0 1
    outer loop
      vertex -45.4688 -11.6454 6.15
      vertex -55.0259 -6.67064 6.15
      vertex -45.536 -11.8333 6.15
    endloop
  endfacet
  facet normal -0 0 1
    outer loop
      vertex -55.0259 -6.67064 6.15
      vertex -45.4688 -11.6454 6.15
      vertex -54.8668 -6.40164 6.15
    endloop
  endfacet
  facet normal 0 0 1
    outer loop
      vertex -45.3746 -11.4679 6.15
      vertex -54.8668 -6.40164 6.15
      vertex -45.4688 -11.6454 6.15
    endloop
  endfacet
  facet normal -0 0 1
    outer loop
      vertex -54.8668 -6.40164 6.15
      vertex -45.3746 -11.4679 6.15
      vertex -48.285 -3.035 6.15
    endloop
  endfacet
  facet normal 0 0 1
    outer loop
      vertex -45.2536 -11.301 6.15
      vertex -48.285 -3.035 6.15
      vertex -45.3746 -11.4679 6.15
    endloop
  endfacet
  facet normal 0 0 1
    outer loop
      vertex -45.1057 -11.1446 6.15
      vertex -48.285 -3.035 6.15
      vertex -45.2536 -11.301 6.15
    endloop
  endfacet
  facet normal 0 0 1
    outer loop
      vertex -41.751 -14.5099 6.15
      vertex -41.9015 -12.4379 6.15
      vertex -41.7937 -14.3625 6.15
    endloop
  endfacet
  facet normal -0 0 1
    outer loop
      vertex -41.9193 -12.5401 6.15
      vertex -41.7937 -14.3625 6.15
      vertex -41.9015 -12.4379 6.15
    endloop
  endfacet
  facet normal 0 0 1
    outer loop
      vertex -41.7937 -14.3625 6.15
      vertex -41.9193 -12.5401 6.15
      vertex -41.8486 -14.2205 6.15
    endloop
  endfacet
  facet normal -0 0 1
    outer loop
      vertex -41.9442 -12.6447 6.15
      vertex -41.8486 -14.2205 6.15
      vertex -41.9193 -12.5401 6.15
    endloop
  endfacet
  facet normal -0 0 1
    outer loop
      vertex -41.9763 -12.7516 6.15
      vertex -41.8486 -14.2205 6.15
      vertex -41.9442 -12.6447 6.15
    endloop
  endfacet
  facet normal 0 0 1
    outer loop
      vertex -41.8486 -14.2205 6.15
      vertex -41.9763 -12.7516 6.15
      vertex -41.9158 -14.0836 6.15
    endloop
  endfacet
  facet normal -0 0 1
    outer loop
      vertex -42.0154 -12.8609 6.15
      vertex -41.9158 -14.0836 6.15
      vertex -41.9763 -12.7516 6.15
    endloop
  endfacet
  facet normal 0 0 1
    outer loop
      vertex -41.9158 -14.0836 6.15
      vertex -42.0154 -12.8609 6.15
      vertex -41.995 -13.9537 6.15
    endloop
  endfacet
  facet normal -0 0 1
    outer loop
      vertex -42.0665 -12.969 6.15
      vertex -41.995 -13.9537 6.15
      vertex -42.0154 -12.8609 6.15
    endloop
  endfacet
  facet normal 0 0 1
    outer loop
      vertex -42.0665 -12.969 6.15
      vertex -42.0862 -13.8326 6.15
      vertex -41.995 -13.9537 6.15
    endloop
  endfacet
  facet normal -0 0 1
    outer loop
      vertex -42.1341 -13.0722 6.15
      vertex -42.0862 -13.8326 6.15
      vertex -42.0665 -12.969 6.15
    endloop
  endfacet
  facet normal 0 0 1
    outer loop
      vertex -42.1341 -13.0722 6.15
      vertex -42.1894 -13.7203 6.15
      vertex -42.0862 -13.8326 6.15
    endloop
  endfacet
  facet normal -0 0 1
    outer loop
      vertex -42.2184 -13.1706 6.15
      vertex -42.1894 -13.7203 6.15
      vertex -42.1341 -13.0722 6.15
    endloop
  endfacet
  facet normal 0 0 1
    outer loop
      vertex -42.2184 -13.1706 6.15
      vertex -42.3046 -13.6169 6.15
      vertex -42.1894 -13.7203 6.15
    endloop
  endfacet
  facet normal -0 0 1
    outer loop
      vertex -42.3192 -13.2641 6.15
      vertex -42.3046 -13.6169 6.15
      vertex -42.2184 -13.1706 6.15
    endloop
  endfacet
  facet normal 0 0 1
    outer loop
      vertex -42.3192 -13.2641 6.15
      vertex -42.4317 -13.5223 6.15
      vertex -42.3046 -13.6169 6.15
    endloop
  endfacet
  facet normal -0 0 1
    outer loop
      vertex -42.4367 -13.3527 6.15
      vertex -42.4317 -13.5223 6.15
      vertex -42.3192 -13.2641 6.15
    endloop
  endfacet
  facet normal 0 0 1
    outer loop
      vertex -42.4317 -13.5223 6.15
      vertex -42.4367 -13.3527 6.15
      vertex -42.5708 -13.4365 6.15
    endloop
  endfacet
  facet normal 0 0 1
    outer loop
      vertex -45.0404 -13.3809 6.15
      vertex -45.0456 -13.5505 6.15
      vertex -44.9063 -13.4772 6.15
    endloop
  endfacet
  facet normal 0 0 1
    outer loop
      vertex -45.1732 -13.6349 6.15
      vertex -45.0404 -13.3809 6.15
      vertex -45.1578 -13.2821 6.15
    endloop
  endfacet
  facet normal 0 0 1
    outer loop
      vertex -45.0404 -13.3809 6.15
      vertex -45.1732 -13.6349 6.15
      vertex -45.0456 -13.5505 6.15
    endloop
  endfacet
  facet normal 0 0 1
    outer loop
      vertex -45.2587 -13.1808 6.15
      vertex -45.1732 -13.6349 6.15
      vertex -45.1578 -13.2821 6.15
    endloop
  endfacet
  facet normal 0 0 1
    outer loop
      vertex -45.2587 -13.1808 6.15
      vertex -45.2892 -13.7305 6.15
      vertex -45.1732 -13.6349 6.15
    endloop
  endfacet
  facet normal 0 0 1
    outer loop
      vertex -45.343 -13.0767 6.15
      vertex -45.2892 -13.7305 6.15
      vertex -45.2587 -13.1808 6.15
    endloop
  endfacet
  facet normal 0 0 1
    outer loop
      vertex -45.343 -13.0767 6.15
      vertex -45.3936 -13.837 6.15
      vertex -45.2892 -13.7305 6.15
    endloop
  endfacet
  facet normal 0 0 1
    outer loop
      vertex -45.4106 -12.9701 6.15
      vertex -45.3936 -13.837 6.15
      vertex -45.343 -13.0767 6.15
    endloop
  endfacet
  facet normal 0 0 1
    outer loop
      vertex -45.4864 -13.9547 6.15
      vertex -45.4106 -12.9701 6.15
      vertex -45.4616 -12.8609 6.15
    endloop
  endfacet
  facet normal 0 0 1
    outer loop
      vertex -45.4106 -12.9701 6.15
      vertex -45.4864 -13.9547 6.15
      vertex -45.3936 -13.837 6.15
    endloop
  endfacet
  facet normal 0 0 1
    outer loop
      vertex -45.5675 -14.0835 6.15
      vertex -45.4616 -12.8609 6.15
      vertex -45.5008 -12.7516 6.15
    endloop
  endfacet
  facet normal 0 0 1
    outer loop
      vertex -45.6365 -14.2204 6.15
      vertex -45.5008 -12.7516 6.15
      vertex -45.5328 -12.6447 6.15
    endloop
  endfacet
  facet normal 0 0 1
    outer loop
      vertex -45.6365 -14.2204 6.15
      vertex -45.5328 -12.6447 6.15
      vertex -45.5578 -12.5401 6.15
    endloop
  endfacet
  facet normal 0 0 1
    outer loop
      vertex -45.4616 -12.8609 6.15
      vertex -45.5675 -14.0835 6.15
      vertex -45.4864 -13.9547 6.15
    endloop
  endfacet
  facet normal 0 0 1
    outer loop
      vertex -45.6929 -14.3625 6.15
      vertex -45.5578 -12.5401 6.15
      vertex -45.5755 -12.4379 6.15
    endloop
  endfacet
  facet normal 0 0 1
    outer loop
      vertex -45.6929 -14.3625 6.15
      vertex -45.5755 -12.4379 6.15
      vertex -45.5862 -12.3381 6.15
    endloop
  endfacet
  facet normal 0 0 1
    outer loop
      vertex -55.4806 -7.08112 6.15
      vertex -45.5862 -12.3381 6.15
      vertex -45.5898 -12.2407 6.15
    endloop
  endfacet
  facet normal 0 0 1
    outer loop
      vertex -45.5008 -12.7516 6.15
      vertex -45.6365 -14.2204 6.15
      vertex -45.5675 -14.0835 6.15
    endloop
  endfacet
  facet normal -0 0 1
    outer loop
      vertex -20.8847 -14.2477 6.15
      vertex -20.8447 -14.3988 6.15
      vertex -20.8313 -14.1838 6.15
    endloop
  endfacet
  facet normal -0 0 1
    outer loop
      vertex -20.9393 -14.3064 6.15
      vertex -20.8447 -14.3988 6.15
      vertex -20.8847 -14.2477 6.15
    endloop
  endfacet
  facet normal -0 0 1
    outer loop
      vertex -20.995 -14.3599 6.15
      vertex -20.8447 -14.3988 6.15
      vertex -20.9393 -14.3064 6.15
    endloop
  endfacet
  facet normal 0 0 1
    outer loop
      vertex -21.0518 -14.4082 6.15
      vertex -20.8447 -14.3988 6.15
      vertex -20.995 -14.3599 6.15
    endloop
  endfacet
  facet normal 0 0 1
    outer loop
      vertex -20.8447 -14.3988 6.15
      vertex -21.0518 -14.4082 6.15
      vertex -20.8633 -14.5958 6.15
    endloop
  endfacet
  facet normal -0 0 1
    outer loop
      vertex -21.1098 -14.4513 6.15
      vertex -20.8633 -14.5958 6.15
      vertex -21.0518 -14.4082 6.15
    endloop
  endfacet
  facet normal -0 0 1
    outer loop
      vertex -21.1689 -14.4892 6.15
      vertex -20.8633 -14.5958 6.15
      vertex -21.1098 -14.4513 6.15
    endloop
  endfacet
  facet normal 0 0 1
    outer loop
      vertex -20.8633 -14.5958 6.15
      vertex -21.1689 -14.4892 6.15
      vertex -20.8872 -14.7751 6.15
    endloop
  endfacet
  facet normal -0 0 1
    outer loop
      vertex -21.2816 -14.5489 6.15
      vertex -20.8872 -14.7751 6.15
      vertex -21.1689 -14.4892 6.15
    endloop
  endfacet
  facet normal 0 0 1
    outer loop
      vertex -20.8872 -14.7751 6.15
      vertex -21.2816 -14.5489 6.15
      vertex -20.9162 -14.9364 6.15
    endloop
  endfacet
  facet normal -0 0 1
    outer loop
      vertex -21.4026 -14.5978 6.15
      vertex -20.9162 -14.9364 6.15
      vertex -21.2816 -14.5489 6.15
    endloop
  endfacet
  facet normal 0 0 1
    outer loop
      vertex -20.9162 -14.9364 6.15
      vertex -21.4026 -14.5978 6.15
      vertex -20.9504 -15.0799 6.15
    endloop
  endfacet
  facet normal -0 0 1
    outer loop
      vertex -21.5321 -14.6358 6.15
      vertex -20.9504 -15.0799 6.15
      vertex -21.4026 -14.5978 6.15
    endloop
  endfacet
  facet normal 0 0 1
    outer loop
      vertex -20.9504 -15.0799 6.15
      vertex -21.5321 -14.6358 6.15
      vertex -20.9899 -15.2055 6.15
    endloop
  endfacet
  facet normal 0 0 1
    outer loop
      vertex -20.9899 -15.2055 6.15
      vertex -21.5321 -14.6358 6.15
      vertex -21.0767 -15.3995 6.15
    endloop
  endfacet
  facet normal -0 0 1
    outer loop
      vertex -21.6698 -14.6629 6.15
      vertex -21.0767 -15.3995 6.15
      vertex -21.5321 -14.6358 6.15
    endloop
  endfacet
  facet normal 0 0 1
    outer loop
      vertex -21.0767 -15.3995 6.15
      vertex -21.6698 -14.6629 6.15
      vertex -21.1825 -15.5583 6.15
    endloop
  endfacet
  facet normal 0 0 1
    outer loop
      vertex -21.1825 -15.5583 6.15
      vertex -21.6698 -14.6629 6.15
      vertex -21.3073 -15.6817 6.15
    endloop
  endfacet
  facet normal 0 0 1
    outer loop
      vertex -21.3073 -15.6817 6.15
      vertex -21.6698 -14.6629 6.15
      vertex -21.451 -15.7699 6.15
    endloop
  endfacet
  facet normal -0 0 1
    outer loop
      vertex -21.8159 -14.6792 6.15
      vertex -21.451 -15.7699 6.15
      vertex -21.6698 -14.6629 6.15
    endloop
  endfacet
  facet normal 0 0 1
    outer loop
      vertex -21.451 -15.7699 6.15
      vertex -21.8159 -14.6792 6.15
      vertex -21.6138 -15.8228 6.15
    endloop
  endfacet
  facet normal 0 0 1
    outer loop
      vertex -21.6138 -15.8228 6.15
      vertex -21.8159 -14.6792 6.15
      vertex -21.7955 -15.8405 6.15
    endloop
  endfacet
  facet normal 0 0 1
    outer loop
      vertex -21.8159 -14.6792 6.15
      vertex -21.8912 -15.8359 6.15
      vertex -21.7955 -15.8405 6.15
    endloop
  endfacet
  facet normal 0 0 1
    outer loop
      vertex -21.9804 -15.8224 6.15
      vertex -21.8159 -14.6792 6.15
      vertex -21.9704 -14.6846 6.15
    endloop
  endfacet
  facet normal 0 0 1
    outer loop
      vertex -21.8159 -14.6792 6.15
      vertex -21.9804 -15.8224 6.15
      vertex -21.8912 -15.8359 6.15
    endloop
  endfacet
  facet normal 0 0 1
    outer loop
      vertex -21.9704 -14.6846 6.15
      vertex -22.063 -15.7998 6.15
      vertex -21.9804 -15.8224 6.15
    endloop
  endfacet
  facet normal 0 0 1
    outer loop
      vertex -21.9704 -14.6846 6.15
      vertex -22.1391 -15.7682 6.15
      vertex -22.063 -15.7998 6.15
    endloop
  endfacet
  facet normal 0 0 1
    outer loop
      vertex -22.4913 -15.2546 6.15
      vertex -21.9704 -14.6846 6.15
      vertex -22.2007 -14.6711 6.15
    endloop
  endfacet
  facet normal 0 0 1
    outer loop
      vertex -21.9704 -14.6846 6.15
      vertex -22.2715 -15.6777 6.15
      vertex -22.1391 -15.7682 6.15
    endloop
  endfacet
  facet normal 0 0 1
    outer loop
      vertex -22.1391 -15.7682 6.15
      vertex -22.2715 -15.6777 6.15
      vertex -22.2086 -15.7275 6.15
    endloop
  endfacet
  facet normal 0 0 1
    outer loop
      vertex -21.9704 -14.6846 6.15
      vertex -22.3274 -15.6208 6.15
      vertex -22.2715 -15.6777 6.15
    endloop
  endfacet
  facet normal 0 0 1
    outer loop
      vertex -21.9704 -14.6846 6.15
      vertex -22.3755 -15.5584 6.15
      vertex -22.3274 -15.6208 6.15
    endloop
  endfacet
  facet normal 0 0 1
    outer loop
      vertex -21.9704 -14.6846 6.15
      vertex -22.416 -15.4906 6.15
      vertex -22.3755 -15.5584 6.15
    endloop
  endfacet
  facet normal 0 0 1
    outer loop
      vertex -22.4913 -15.2546 6.15
      vertex -22.2007 -14.6711 6.15
      vertex -22.4221 -14.6306 6.15
    endloop
  endfacet
  facet normal 0 0 1
    outer loop
      vertex -21.9704 -14.6846 6.15
      vertex -22.4913 -15.2546 6.15
      vertex -22.4738 -15.3387 6.15
    endloop
  endfacet
  facet normal 0 0 1
    outer loop
      vertex -21.9704 -14.6846 6.15
      vertex -22.4488 -15.4173 6.15
      vertex -22.416 -15.4906 6.15
    endloop
  endfacet
  facet normal 0 0 1
    outer loop
      vertex -21.9704 -14.6846 6.15
      vertex -22.4738 -15.3387 6.15
      vertex -22.4488 -15.4173 6.15
    endloop
  endfacet
  facet normal 0 0 1
    outer loop
      vertex -22.6347 -14.5631 6.15
      vertex -22.4913 -15.2546 6.15
      vertex -22.4221 -14.6306 6.15
    endloop
  endfacet
  facet normal 0 0 1
    outer loop
      vertex -22.8385 -14.4685 6.15
      vertex -22.4913 -15.2546 6.15
      vertex -22.6347 -14.5631 6.15
    endloop
  endfacet
  facet normal 0 0 1
    outer loop
      vertex -23.6468 -15.2546 6.15
      vertex -22.8385 -14.4685 6.15
      vertex -23.0334 -14.3469 6.15
    endloop
  endfacet
  facet normal 0 0 1
    outer loop
      vertex -23.6468 -15.2546 6.15
      vertex -23.0334 -14.3469 6.15
      vertex -23.2196 -14.1983 6.15
    endloop
  endfacet
  facet normal 0 0 1
    outer loop
      vertex -23.6468 -15.2546 6.15
      vertex -23.2196 -14.1983 6.15
      vertex -23.3862 -14.0243 6.15
    endloop
  endfacet
  facet normal 0 0 1
    outer loop
      vertex -22.8385 -14.4685 6.15
      vertex -23.6468 -15.2546 6.15
      vertex -22.4913 -15.2546 6.15
    endloop
  endfacet
  facet normal 0 0 1
    outer loop
      vertex -23.5225 -13.8264 6.15
      vertex -23.6468 -15.2546 6.15
      vertex -23.3862 -14.0243 6.15
    endloop
  endfacet
  facet normal 0 0 1
    outer loop
      vertex -23.6285 -13.6046 6.15
      vertex -23.6468 -15.2546 6.15
      vertex -23.5225 -13.8264 6.15
    endloop
  endfacet
  facet normal 0 -0 1
    outer loop
      vertex -23.6468 -15.2546 6.15
      vertex -23.6285 -13.6046 6.15
      vertex -23.7042 -13.359 6.15
    endloop
  endfacet
  facet normal 0 0 1
    outer loop
      vertex -3.69821 -12.5628 6.15
      vertex -19.6714 -13.287 6.15
      vertex -19.6635 -13.6428 6.15
    endloop
  endfacet
  facet normal 0 0 1
    outer loop
      vertex -3.69821 -11.7718 6.15
      vertex -19.6951 -12.955 6.15
      vertex -19.6714 -13.287 6.15
    endloop
  endfacet
  facet normal 0 0 1
    outer loop
      vertex -3.69821 -11.7718 6.15
      vertex -19.7347 -12.6467 6.15
      vertex -19.6951 -12.955 6.15
    endloop
  endfacet
  facet normal 0 0 1
    outer loop
      vertex -3.69821 -11.7718 6.15
      vertex -19.7901 -12.3622 6.15
      vertex -19.7347 -12.6467 6.15
    endloop
  endfacet
  facet normal 0 0 1
    outer loop
      vertex -3.69821 -11.7718 6.15
      vertex -19.8613 -12.1014 6.15
      vertex -19.7901 -12.3622 6.15
    endloop
  endfacet
  facet normal 0 0 1
    outer loop
      vertex -17.215 -3.035 6.15
      vertex -19.9483 -11.8643 6.15
      vertex -19.8613 -12.1014 6.15
    endloop
  endfacet
  facet normal 0 0 1
    outer loop
      vertex -17.215 -3.035 6.15
      vertex -20.1386 -11.4999 6.15
      vertex -19.9483 -11.8643 6.15
    endloop
  endfacet
  facet normal 0 0 1
    outer loop
      vertex -17.215 -3.035 6.15
      vertex -20.376 -11.2018 6.15
      vertex -20.1386 -11.4999 6.15
    endloop
  endfacet
  facet normal 0 0 1
    outer loop
      vertex -17.215 -3.035 6.15
      vertex -20.6603 -10.97 6.15
      vertex -20.376 -11.2018 6.15
    endloop
  endfacet
  facet normal 0 0 1
    outer loop
      vertex -17.215 -3.035 6.15
      vertex -20.9917 -10.8043 6.15
      vertex -20.6603 -10.97 6.15
    endloop
  endfacet
  facet normal 0 0 1
    outer loop
      vertex -17.215 -3.035 6.15
      vertex -21.3701 -10.705 6.15
      vertex -20.9917 -10.8043 6.15
    endloop
  endfacet
  facet normal 0 0 1
    outer loop
      vertex -17.215 -3.035 6.15
      vertex -21.7955 -10.6718 6.15
      vertex -21.3701 -10.705 6.15
    endloop
  endfacet
  facet normal -0 0 1
    outer loop
      vertex -26.285 -3.035 6.15
      vertex -21.7955 -10.6718 6.15
      vertex -17.215 -3.035 6.15
    endloop
  endfacet
  facet normal 0 0 1
    outer loop
      vertex -21.7955 -10.6718 6.15
      vertex -26.285 -3.035 6.15
      vertex -22.078 -10.6882 6.15
    endloop
  endfacet
  facet normal 0 0 1
    outer loop
      vertex -22.078 -10.6882 6.15
      vertex -26.285 -3.035 6.15
      vertex -22.3423 -10.7372 6.15
    endloop
  endfacet
  facet normal 0 0 1
    outer loop
      vertex -22.3423 -10.7372 6.15
      vertex -26.285 -3.035 6.15
      vertex -22.5884 -10.8189 6.15
    endloop
  endfacet
  facet normal 0 0 1
    outer loop
      vertex -22.5884 -10.8189 6.15
      vertex -26.285 -3.035 6.15
      vertex -22.8163 -10.9332 6.15
    endloop
  endfacet
  facet normal 0 0 1
    outer loop
      vertex -22.8163 -10.9332 6.15
      vertex -26.285 -3.035 6.15
      vertex -23.026 -11.0803 6.15
    endloop
  endfacet
  facet normal 0 0 1
    outer loop
      vertex -23.026 -11.0803 6.15
      vertex -26.285 -3.035 6.15
      vertex -23.2175 -11.26 6.15
    endloop
  endfacet
  facet normal -0 0 1
    outer loop
      vertex -41.9411 -11.8333 6.15
      vertex -23.7039 -12.2041 6.15
      vertex -39.215 -3.035 6.15
    endloop
  endfacet
  facet normal -0 0 1
    outer loop
      vertex -39.215 -3.035 6.15
      vertex -23.7039 -12.2041 6.15
      vertex -26.285 -3.035 6.15
    endloop
  endfacet
  facet normal 0 0 1
    outer loop
      vertex -23.6279 -11.9381 6.15
      vertex -26.285 -3.035 6.15
      vertex -23.7039 -12.2041 6.15
    endloop
  endfacet
  facet normal 0 0 1
    outer loop
      vertex -23.5215 -11.692 6.15
      vertex -26.285 -3.035 6.15
      vertex -23.6279 -11.9381 6.15
    endloop
  endfacet
  facet normal 0 0 1
    outer loop
      vertex -23.3848 -11.466 6.15
      vertex -26.285 -3.035 6.15
      vertex -23.5215 -11.692 6.15
    endloop
  endfacet
  facet normal 0 0 1
    outer loop
      vertex -23.2175 -11.26 6.15
      vertex -26.285 -3.035 6.15
      vertex -23.3848 -11.466 6.15
    endloop
  endfacet
  facet normal 0 0 1
    outer loop
      vertex -2.31078 -12.5628 6.15
      vertex -3.69821 -12.5628 6.15
      vertex -2.31078 -16.6294 6.15
    endloop
  endfacet
  facet normal 0 0 1
    outer loop
      vertex 18.5243 -12.6153 6.15
      vertex 4.56662 -13.2678 6.15
      vertex 4.57918 -13.7362 6.15
    endloop
  endfacet
  facet normal 0 0 1
    outer loop
      vertex 18.5243 -11.8243 6.15
      vertex 4.52899 -12.8366 6.15
      vertex 4.56662 -13.2678 6.15
    endloop
  endfacet
  facet normal 0 0 1
    outer loop
      vertex 18.5243 -11.8243 6.15
      vertex 4.46626 -12.4424 6.15
      vertex 4.52899 -12.8366 6.15
    endloop
  endfacet
  facet normal 0 0 1
    outer loop
      vertex 18.5243 -11.8243 6.15
      vertex 4.37845 -12.0853 6.15
      vertex 4.46626 -12.4424 6.15
    endloop
  endfacet
  facet normal 0 0 1
    outer loop
      vertex 18.5243 -11.8243 6.15
      vertex 4.26555 -11.7652 6.15
      vertex 4.37845 -12.0853 6.15
    endloop
  endfacet
  facet normal 0 0 1
    outer loop
      vertex 18.5243 -11.8243 6.15
      vertex 4.12755 -11.4822 6.15
      vertex 4.26555 -11.7652 6.15
    endloop
  endfacet
  facet normal 0 0 1
    outer loop
      vertex 4.785 -3.035 6.15
      vertex 3.957 -11.2398 6.15
      vertex 4.12755 -11.4822 6.15
    endloop
  endfacet
  facet normal 0 0 1
    outer loop
      vertex 4.785 -3.035 6.15
      vertex 3.74916 -11.0415 6.15
      vertex 3.957 -11.2398 6.15
    endloop
  endfacet
  facet normal 0 0 1
    outer loop
      vertex 4.785 -3.035 6.15
      vertex 3.50401 -10.8872 6.15
      vertex 3.74916 -11.0415 6.15
    endloop
  endfacet
  facet normal 0 0 1
    outer loop
      vertex 4.785 -3.035 6.15
      vertex 3.22157 -10.7771 6.15
      vertex 3.50401 -10.8872 6.15
    endloop
  endfacet
  facet normal 0 0 1
    outer loop
      vertex 4.785 -3.035 6.15
      vertex 2.90184 -10.7109 6.15
      vertex 3.22157 -10.7771 6.15
    endloop
  endfacet
  facet normal 0 0 1
    outer loop
      vertex 4.785 -3.035 6.15
      vertex 2.54482 -10.6889 6.15
      vertex 2.90184 -10.7109 6.15
    endloop
  endfacet
  facet normal 0 0 1
    outer loop
      vertex 4.785 -3.035 6.15
      vertex 2.18782 -10.7109 6.15
      vertex 2.54482 -10.6889 6.15
    endloop
  endfacet
  facet normal 0 0 1
    outer loop
      vertex 4.785 -3.035 6.15
      vertex 1.86824 -10.7771 6.15
      vertex 2.18782 -10.7109 6.15
    endloop
  endfacet
  facet normal -0 0 1
    outer loop
      vertex -1.12265 -10.7302 6.15
      vertex 1.86824 -10.7771 6.15
      vertex 4.785 -3.035 6.15
    endloop
  endfacet
  facet normal 0 0 1
    outer loop
      vertex 1.86824 -10.7771 6.15
      vertex -1.12265 -10.7302 6.15
      vertex 1.58607 -10.8872 6.15
    endloop
  endfacet
  facet normal 0 0 1
    outer loop
      vertex 1.58607 -10.8872 6.15
      vertex -1.12265 -10.7302 6.15
      vertex 1.34132 -11.0415 6.15
    endloop
  endfacet
  facet normal 0 0 1
    outer loop
      vertex 1.34132 -11.0415 6.15
      vertex -1.12265 -10.7302 6.15
      vertex 1.13397 -11.2399 6.15
    endloop
  endfacet
  facet normal 0 0 1
    outer loop
      vertex 1.13397 -11.2399 6.15
      vertex -1.12265 -10.7302 6.15
      vertex 0.96405 -11.4823 6.15
    endloop
  endfacet
  facet normal 0 0 1
    outer loop
      vertex 0.522995 -13.2679 6.15
      vertex -1.12265 -10.7302 6.15
      vertex 0.510391 -13.7362 6.15
    endloop
  endfacet
  facet normal 0 0 1
    outer loop
      vertex 0.560806 -12.8366 6.15
      vertex -1.12265 -10.7302 6.15
      vertex 0.522995 -13.2679 6.15
    endloop
  endfacet
  facet normal 0 0 1
    outer loop
      vertex 0.62381 -12.4424 6.15
      vertex -1.12265 -10.7302 6.15
      vertex 0.560806 -12.8366 6.15
    endloop
  endfacet
  facet normal 0 0 1
    outer loop
      vertex 0.712021 -12.0853 6.15
      vertex -1.12265 -10.7302 6.15
      vertex 0.62381 -12.4424 6.15
    endloop
  endfacet
  facet normal 0 0 1
    outer loop
      vertex 0.825439 -11.7653 6.15
      vertex -1.12265 -10.7302 6.15
      vertex 0.712021 -12.0853 6.15
    endloop
  endfacet
  facet normal 0 0 1
    outer loop
      vertex 0.96405 -11.4823 6.15
      vertex -1.12265 -10.7302 6.15
      vertex 0.825439 -11.7653 6.15
    endloop
  endfacet
  facet normal -0 0 1
    outer loop
      vertex -4.285 -3.035 6.15
      vertex -1.12265 -10.7302 6.15
      vertex 4.785 -3.035 6.15
    endloop
  endfacet
  facet normal 0 0 1
    outer loop
      vertex -2.08698 -10.7302 6.15
      vertex -2.09195 -10.7908 6.15
      vertex -2.08821 -10.7582 6.15
    endloop
  endfacet
  facet normal 0 0 1
    outer loop
      vertex -2.08698 -10.7302 6.15
      vertex -2.09816 -10.8278 6.15
      vertex -2.09195 -10.7908 6.15
    endloop
  endfacet
  facet normal 0 0 1
    outer loop
      vertex -2.08698 -10.7302 6.15
      vertex -2.10686 -10.8694 6.15
      vertex -2.09816 -10.8278 6.15
    endloop
  endfacet
  facet normal 0 0 1
    outer loop
      vertex -2.08698 -10.7302 6.15
      vertex -2.11806 -10.9155 6.15
      vertex -2.10686 -10.8694 6.15
    endloop
  endfacet
  facet normal 0 0 1
    outer loop
      vertex -2.92918 -11.6985 6.15
      vertex -2.11806 -10.9155 6.15
      vertex -2.08698 -10.7302 6.15
    endloop
  endfacet
  facet normal 0 0 1
    outer loop
      vertex -2.11806 -10.9155 6.15
      vertex -2.81616 -11.6685 6.15
      vertex -2.13173 -10.9662 6.15
    endloop
  endfacet
  facet normal 0 0 1
    outer loop
      vertex -2.13173 -10.9662 6.15
      vertex -2.81616 -11.6685 6.15
      vertex -2.15955 -11.0514 6.15
    endloop
  endfacet
  facet normal 0 -0 1
    outer loop
      vertex -2.71037 -11.6298 6.15
      vertex -2.15955 -11.0514 6.15
      vertex -2.81616 -11.6685 6.15
    endloop
  endfacet
  facet normal 0 -0 1
    outer loop
      vertex -2.61182 -11.5826 6.15
      vertex -2.19142 -11.1307 6.15
      vertex -2.71037 -11.6298 6.15
    endloop
  endfacet
  facet normal 0 -0 1
    outer loop
      vertex -2.4364 -11.4623 6.15
      vertex -2.22736 -11.2042 6.15
      vertex -2.52049 -11.5267 6.15
    endloop
  endfacet
  facet normal 0 0 1
    outer loop
      vertex -2.26735 -11.2718 6.15
      vertex -2.4364 -11.4623 6.15
      vertex -2.31142 -11.3335 6.15
    endloop
  endfacet
  facet normal 0 0 1
    outer loop
      vertex -2.31142 -11.3335 6.15
      vertex -2.4364 -11.4623 6.15
      vertex -2.35954 -11.3893 6.15
    endloop
  endfacet
  facet normal 0 0 1
    outer loop
      vertex -2.22736 -11.2042 6.15
      vertex -2.4364 -11.4623 6.15
      vertex -2.26735 -11.2718 6.15
    endloop
  endfacet
  facet normal 0 0 1
    outer loop
      vertex -2.19142 -11.1307 6.15
      vertex -2.52049 -11.5267 6.15
      vertex -2.22736 -11.2042 6.15
    endloop
  endfacet
  facet normal 0 -0 1
    outer loop
      vertex -2.52049 -11.5267 6.15
      vertex -2.19142 -11.1307 6.15
      vertex -2.61182 -11.5826 6.15
    endloop
  endfacet
  facet normal 0 0 1
    outer loop
      vertex -2.15955 -11.0514 6.15
      vertex -2.71037 -11.6298 6.15
      vertex -2.19142 -11.1307 6.15
    endloop
  endfacet
  facet normal 0 0 1
    outer loop
      vertex -2.11806 -10.9155 6.15
      vertex -2.92918 -11.6985 6.15
      vertex -2.81616 -11.6685 6.15
    endloop
  endfacet
  facet normal 0 0 1
    outer loop
      vertex -2.08698 -10.7302 6.15
      vertex -3.01158 -11.7141 6.15
      vertex -2.92918 -11.6985 6.15
    endloop
  endfacet
  facet normal 0 0 1
    outer loop
      vertex -1.12265 -10.7302 6.15
      vertex -4.285 -3.035 6.15
      vertex -2.08698 -10.7302 6.15
    endloop
  endfacet
  facet normal 0 -0 1
    outer loop
      vertex -3.69821 -11.7718 6.15
      vertex -2.08698 -10.7302 6.15
      vertex -4.285 -3.035 6.15
    endloop
  endfacet
  facet normal 0 0 1
    outer loop
      vertex -2.08698 -10.7302 6.15
      vertex -3.11229 -11.7284 6.15
      vertex -3.01158 -11.7141 6.15
    endloop
  endfacet
  facet normal 0 0 1
    outer loop
      vertex -2.08698 -10.7302 6.15
      vertex -3.23131 -11.7413 6.15
      vertex -3.11229 -11.7284 6.15
    endloop
  endfacet
  facet normal 0 0 1
    outer loop
      vertex -2.08698 -10.7302 6.15
      vertex -3.36862 -11.7528 6.15
      vertex -3.23131 -11.7413 6.15
    endloop
  endfacet
  facet normal 0 0 1
    outer loop
      vertex -2.08698 -10.7302 6.15
      vertex -3.52426 -11.763 6.15
      vertex -3.36862 -11.7528 6.15
    endloop
  endfacet
  facet normal -0 0 1
    outer loop
      vertex -17.215 -3.035 6.15
      vertex -3.69821 -11.7718 6.15
      vertex -4.285 -3.035 6.15
    endloop
  endfacet
  facet normal 0 0 1
    outer loop
      vertex -2.08698 -10.7302 6.15
      vertex -3.69821 -11.7718 6.15
      vertex -3.52426 -11.763 6.15
    endloop
  endfacet
  facet normal 0 0 1
    outer loop
      vertex 19.9117 -12.6153 6.15
      vertex 18.5243 -12.6153 6.15
      vertex 19.9117 -16.6819 6.15
    endloop
  endfacet
  facet normal 0 0 1
    outer loop
      vertex 23.9927 -12.6153 6.15
      vertex 22.6052 -12.6153 6.15
      vertex 23.9927 -16.6819 6.15
    endloop
  endfacet
  facet normal 0 0 1
    outer loop
      vertex 26.785 -3.035 6.15
      vertex 24.2165 -10.7827 6.15
      vertex 25.1808 -10.7827 6.15
    endloop
  endfacet
  facet normal 0 0 1
    outer loop
      vertex 24.2165 -10.7827 6.15
      vertex 24.2115 -10.8432 6.15
      vertex 24.2152 -10.8107 6.15
    endloop
  endfacet
  facet normal 0 0 1
    outer loop
      vertex 24.2165 -10.7827 6.15
      vertex 24.2053 -10.8803 6.15
      vertex 24.2115 -10.8432 6.15
    endloop
  endfacet
  facet normal 0 0 1
    outer loop
      vertex 24.2165 -10.7827 6.15
      vertex 24.1966 -10.9219 6.15
      vertex 24.2053 -10.8803 6.15
    endloop
  endfacet
  facet normal 0 0 1
    outer loop
      vertex 24.2165 -10.7827 6.15
      vertex 24.1854 -10.968 6.15
      vertex 24.1966 -10.9219 6.15
    endloop
  endfacet
  facet normal 0 0 1
    outer loop
      vertex 23.3742 -11.751 6.15
      vertex 24.1854 -10.968 6.15
      vertex 24.2165 -10.7827 6.15
    endloop
  endfacet
  facet normal 0 0 1
    outer loop
      vertex 24.1854 -10.968 6.15
      vertex 23.4873 -11.721 6.15
      vertex 24.1717 -11.0187 6.15
    endloop
  endfacet
  facet normal 0 0 1
    outer loop
      vertex 24.1717 -11.0187 6.15
      vertex 23.4873 -11.721 6.15
      vertex 24.1439 -11.1039 6.15
    endloop
  endfacet
  facet normal 0 -0 1
    outer loop
      vertex 23.5931 -11.6823 6.15
      vertex 24.1439 -11.1039 6.15
      vertex 23.4873 -11.721 6.15
    endloop
  endfacet
  facet normal 0 0 1
    outer loop
      vertex 24.1439 -11.1039 6.15
      vertex 23.5931 -11.6823 6.15
      vertex 24.112 -11.1832 6.15
    endloop
  endfacet
  facet normal 0 0 1
    outer loop
      vertex 21.0999 -10.7827 6.15
      vertex 24.2165 -10.7827 6.15
      vertex 26.785 -3.035 6.15
    endloop
  endfacet
  facet normal 0 -0 1
    outer loop
      vertex 22.7792 -11.8155 6.15
      vertex 24.2165 -10.7827 6.15
      vertex 21.0999 -10.7827 6.15
    endloop
  endfacet
  facet normal 0 -0 1
    outer loop
      vertex 23.0721 -11.7938 6.15
      vertex 24.2165 -10.7827 6.15
      vertex 22.9348 -11.8053 6.15
    endloop
  endfacet
  facet normal 0 -0 1
    outer loop
      vertex 23.1911 -11.7809 6.15
      vertex 24.2165 -10.7827 6.15
      vertex 23.0721 -11.7938 6.15
    endloop
  endfacet
  facet normal 0 -0 1
    outer loop
      vertex 23.2919 -11.7666 6.15
      vertex 24.2165 -10.7827 6.15
      vertex 23.1911 -11.7809 6.15
    endloop
  endfacet
  facet normal 0 0 1
    outer loop
      vertex 24.1854 -10.968 6.15
      vertex 23.3742 -11.751 6.15
      vertex 23.4873 -11.721 6.15
    endloop
  endfacet
  facet normal 0 -0 1
    outer loop
      vertex 23.7829 -11.5792 6.15
      vertex 24.112 -11.1832 6.15
      vertex 23.5931 -11.6823 6.15
    endloop
  endfacet
  facet normal 0 0 1
    outer loop
      vertex 24.112 -11.1832 6.15
      vertex 23.7829 -11.5792 6.15
      vertex 24.0761 -11.2567 6.15
    endloop
  endfacet
  facet normal 0 0 1
    outer loop
      vertex 24.0761 -11.2567 6.15
      vertex 23.867 -11.5148 6.15
      vertex 24.0361 -11.3243 6.15
    endloop
  endfacet
  facet normal 0 0 1
    outer loop
      vertex 23.7829 -11.5792 6.15
      vertex 23.5931 -11.6823 6.15
      vertex 23.6916 -11.6351 6.15
    endloop
  endfacet
  facet normal 0 0 1
    outer loop
      vertex 23.992 -11.386 6.15
      vertex 23.867 -11.5148 6.15
      vertex 23.9439 -11.4418 6.15
    endloop
  endfacet
  facet normal 0 -0 1
    outer loop
      vertex 23.867 -11.5148 6.15
      vertex 24.0761 -11.2567 6.15
      vertex 23.7829 -11.5792 6.15
    endloop
  endfacet
  facet normal 0 0 1
    outer loop
      vertex 24.0361 -11.3243 6.15
      vertex 23.867 -11.5148 6.15
      vertex 23.992 -11.386 6.15
    endloop
  endfacet
  facet normal 0 -0 1
    outer loop
      vertex 23.3742 -11.751 6.15
      vertex 24.2165 -10.7827 6.15
      vertex 23.2919 -11.7666 6.15
    endloop
  endfacet
  facet normal 0 0 1
    outer loop
      vertex 24.2165 -10.7827 6.15
      vertex 22.7792 -11.8155 6.15
      vertex 22.9348 -11.8053 6.15
    endloop
  endfacet
  facet normal 0 0 1
    outer loop
      vertex 22.6052 -11.8243 6.15
      vertex 21.0999 -10.7827 6.15
      vertex 22.6052 -12.6153 6.15
    endloop
  endfacet
  facet normal 0 0 1
    outer loop
      vertex 22.7792 -11.8155 6.15
      vertex 21.0999 -10.7827 6.15
      vertex 22.6052 -11.8243 6.15
    endloop
  endfacet
  facet normal -0 0 1
    outer loop
      vertex 17.715 -3.035 6.15
      vertex 21.0999 -10.7827 6.15
      vertex 26.785 -3.035 6.15
    endloop
  endfacet
  facet normal 0 0 1
    outer loop
      vertex 20.1355 -10.7827 6.15
      vertex 20.1306 -10.8432 6.15
      vertex 20.1343 -10.8107 6.15
    endloop
  endfacet
  facet normal 0 0 1
    outer loop
      vertex 20.1355 -10.7827 6.15
      vertex 20.1243 -10.8803 6.15
      vertex 20.1306 -10.8432 6.15
    endloop
  endfacet
  facet normal 0 0 1
    outer loop
      vertex 20.1355 -10.7827 6.15
      vertex 20.1156 -10.9219 6.15
      vertex 20.1243 -10.8803 6.15
    endloop
  endfacet
  facet normal 0 0 1
    outer loop
      vertex 20.1355 -10.7827 6.15
      vertex 20.1045 -10.968 6.15
      vertex 20.1156 -10.9219 6.15
    endloop
  endfacet
  facet normal 0 0 1
    outer loop
      vertex 19.2933 -11.751 6.15
      vertex 20.1045 -10.968 6.15
      vertex 20.1355 -10.7827 6.15
    endloop
  endfacet
  facet normal 0 0 1
    outer loop
      vertex 20.1045 -10.968 6.15
      vertex 19.4063 -11.721 6.15
      vertex 20.0908 -11.0187 6.15
    endloop
  endfacet
  facet normal 0 0 1
    outer loop
      vertex 20.0908 -11.0187 6.15
      vertex 19.4063 -11.721 6.15
      vertex 20.063 -11.1039 6.15
    endloop
  endfacet
  facet normal 0 -0 1
    outer loop
      vertex 19.5121 -11.6823 6.15
      vertex 20.063 -11.1039 6.15
      vertex 19.4063 -11.721 6.15
    endloop
  endfacet
  facet normal 0 -0 1
    outer loop
      vertex 19.6107 -11.6351 6.15
      vertex 20.0311 -11.1832 6.15
      vertex 19.5121 -11.6823 6.15
    endloop
  endfacet
  facet normal 0 -0 1
    outer loop
      vertex 19.7861 -11.5148 6.15
      vertex 19.9952 -11.2567 6.15
      vertex 19.702 -11.5792 6.15
    endloop
  endfacet
  facet normal 0 0 1
    outer loop
      vertex 19.9552 -11.3243 6.15
      vertex 19.7861 -11.5148 6.15
      vertex 19.9111 -11.386 6.15
    endloop
  endfacet
  facet normal 0 0 1
    outer loop
      vertex 19.9111 -11.386 6.15
      vertex 19.7861 -11.5148 6.15
      vertex 19.863 -11.4418 6.15
    endloop
  endfacet
  facet normal 0 0 1
    outer loop
      vertex 19.9952 -11.2567 6.15
      vertex 19.7861 -11.5148 6.15
      vertex 19.9552 -11.3243 6.15
    endloop
  endfacet
  facet normal 0 0 1
    outer loop
      vertex 20.0311 -11.1832 6.15
      vertex 19.702 -11.5792 6.15
      vertex 19.9952 -11.2567 6.15
    endloop
  endfacet
  facet normal 0 -0 1
    outer loop
      vertex 19.702 -11.5792 6.15
      vertex 20.0311 -11.1832 6.15
      vertex 19.6107 -11.6351 6.15
    endloop
  endfacet
  facet normal 0 0 1
    outer loop
      vertex 20.063 -11.1039 6.15
      vertex 19.5121 -11.6823 6.15
      vertex 20.0311 -11.1832 6.15
    endloop
  endfacet
  facet normal 0 0 1
    outer loop
      vertex 20.1045 -10.968 6.15
      vertex 19.2933 -11.751 6.15
      vertex 19.4063 -11.721 6.15
    endloop
  endfacet
  facet normal 0 0 1
    outer loop
      vertex 21.0999 -10.7827 6.15
      vertex 17.715 -3.035 6.15
      vertex 20.1355 -10.7827 6.15
    endloop
  endfacet
  facet normal 0 -0 1
    outer loop
      vertex 18.5243 -11.8243 6.15
      vertex 20.1355 -10.7827 6.15
      vertex 17.715 -3.035 6.15
    endloop
  endfacet
  facet normal 0 -0 1
    outer loop
      vertex 19.1102 -11.7809 6.15
      vertex 20.1355 -10.7827 6.15
      vertex 18.9912 -11.7938 6.15
    endloop
  endfacet
  facet normal 0 0 1
    outer loop
      vertex 20.1355 -10.7827 6.15
      vertex 19.2109 -11.7666 6.15
      vertex 19.2933 -11.751 6.15
    endloop
  endfacet
  facet normal 0 -0 1
    outer loop
      vertex 19.2109 -11.7666 6.15
      vertex 20.1355 -10.7827 6.15
      vertex 19.1102 -11.7809 6.15
    endloop
  endfacet
  facet normal 0 0 1
    outer loop
      vertex 20.1355 -10.7827 6.15
      vertex 18.8539 -11.8053 6.15
      vertex 18.9912 -11.7938 6.15
    endloop
  endfacet
  facet normal 0 0 1
    outer loop
      vertex 20.1355 -10.7827 6.15
      vertex 18.6982 -11.8155 6.15
      vertex 18.8539 -11.8053 6.15
    endloop
  endfacet
  facet normal 0 0 1
    outer loop
      vertex 4.12755 -11.4822 6.15
      vertex 17.715 -3.035 6.15
      vertex 4.785 -3.035 6.15
    endloop
  endfacet
  facet normal 0 0 1
    outer loop
      vertex 20.1355 -10.7827 6.15
      vertex 18.5243 -11.8243 6.15
      vertex 18.6982 -11.8155 6.15
    endloop
  endfacet
  facet normal 0 0 1
    outer loop
      vertex 41.6892 -12.6284 6.15
      vertex 40.3018 -12.6284 6.15
      vertex 41.6892 -16.695 6.15
    endloop
  endfacet
  facet normal 0 0 1
    outer loop
      vertex 62.75 -16.75 6.15
      vertex 48.5276 -12.8726 6.15
      vertex 58.75 -20.75 6.15
    endloop
  endfacet
  facet normal 0 0 1
    outer loop
      vertex 62.75 -16.75 6.15
      vertex 48.5231 -12.3827 6.15
      vertex 48.5384 -12.6583 6.15
    endloop
  endfacet
  facet normal 0 0 1
    outer loop
      vertex 62.75 -16.75 6.15
      vertex 48.4769 -12.1259 6.15
      vertex 48.5231 -12.3827 6.15
    endloop
  endfacet
  facet normal 0 0 1
    outer loop
      vertex 62.75 -16.75 6.15
      vertex 48.4001 -11.8876 6.15
      vertex 48.4769 -12.1259 6.15
    endloop
  endfacet
  facet normal 0 0 1
    outer loop
      vertex 48.785 -3.035 6.15
      vertex 48.2925 -11.6681 6.15
      vertex 48.4001 -11.8876 6.15
    endloop
  endfacet
  facet normal 0 0 1
    outer loop
      vertex 48.785 -3.035 6.15
      vertex 48.1541 -11.4671 6.15
      vertex 48.2925 -11.6681 6.15
    endloop
  endfacet
  facet normal 0 0 1
    outer loop
      vertex 48.785 -3.035 6.15
      vertex 47.985 -11.2849 6.15
      vertex 48.1541 -11.4671 6.15
    endloop
  endfacet
  facet normal 0 0 1
    outer loop
      vertex 48.785 -3.035 6.15
      vertex 47.79 -11.1263 6.15
      vertex 47.985 -11.2849 6.15
    endloop
  endfacet
  facet normal 0 0 1
    outer loop
      vertex 48.785 -3.035 6.15
      vertex 47.5737 -10.9966 6.15
      vertex 47.79 -11.1263 6.15
    endloop
  endfacet
  facet normal 0 0 1
    outer loop
      vertex 48.785 -3.035 6.15
      vertex 47.3361 -10.8957 6.15
      vertex 47.5737 -10.9966 6.15
    endloop
  endfacet
  facet normal 0 0 1
    outer loop
      vertex 48.785 -3.035 6.15
      vertex 47.0773 -10.8237 6.15
      vertex 47.3361 -10.8957 6.15
    endloop
  endfacet
  facet normal 0 0 1
    outer loop
      vertex 48.785 -3.035 6.15
      vertex 46.7973 -10.7805 6.15
      vertex 47.0773 -10.8237 6.15
    endloop
  endfacet
  facet normal 0 0 1
    outer loop
      vertex 48.785 -3.035 6.15
      vertex 46.496 -10.766 6.15
      vertex 46.7973 -10.7805 6.15
    endloop
  endfacet
  facet normal 0 0 1
    outer loop
      vertex 48.785 -3.035 6.15
      vertex 46.1213 -10.7905 6.15
      vertex 46.496 -10.766 6.15
    endloop
  endfacet
  facet normal 0 0 1
    outer loop
      vertex 48.785 -3.035 6.15
      vertex 45.7866 -10.864 6.15
      vertex 46.1213 -10.7905 6.15
    endloop
  endfacet
  facet normal -0 0 1
    outer loop
      vertex 42.8773 -10.7958 6.15
      vertex 45.7866 -10.864 6.15
      vertex 48.785 -3.035 6.15
    endloop
  endfacet
  facet normal 0 0 1
    outer loop
      vertex 45.7866 -10.864 6.15
      vertex 42.8773 -10.7958 6.15
      vertex 45.492 -10.9865 6.15
    endloop
  endfacet
  facet normal 0 0 1
    outer loop
      vertex 45.492 -10.9865 6.15
      vertex 42.8773 -10.7958 6.15
      vertex 45.2373 -11.1579 6.15
    endloop
  endfacet
  facet normal 0 0 1
    outer loop
      vertex 45.2373 -11.1579 6.15
      vertex 42.8773 -10.7958 6.15
      vertex 45.0227 -11.3783 6.15
    endloop
  endfacet
  facet normal 0 0 1
    outer loop
      vertex 45.0227 -11.3783 6.15
      vertex 42.8773 -10.7958 6.15
      vertex 44.8481 -11.6477 6.15
    endloop
  endfacet
  facet normal 0 0 1
    outer loop
      vertex 44.5867 -16.0875 6.15
      vertex 42.8773 -16.695 6.15
      vertex 44.5479 -16.2839 6.15
    endloop
  endfacet
  facet normal 0 0 1
    outer loop
      vertex 44.5479 -16.2839 6.15
      vertex 42.8773 -16.695 6.15
      vertex 44.5225 -16.4864 6.15
    endloop
  endfacet
  facet normal 0 0 1
    outer loop
      vertex 42.8773 -16.695 6.15
      vertex 44.5755 -12.8641 6.15
      vertex 42.8773 -10.7958 6.15
    endloop
  endfacet
  facet normal 0 0 1
    outer loop
      vertex 44.591 -12.6213 6.15
      vertex 42.8773 -10.7958 6.15
      vertex 44.5755 -12.8641 6.15
    endloop
  endfacet
  facet normal 0 0 1
    outer loop
      vertex 44.6184 -12.3944 6.15
      vertex 42.8773 -10.7958 6.15
      vertex 44.591 -12.6213 6.15
    endloop
  endfacet
  facet normal 0 0 1
    outer loop
      vertex 44.6579 -12.1837 6.15
      vertex 42.8773 -10.7958 6.15
      vertex 44.6184 -12.3944 6.15
    endloop
  endfacet
  facet normal 0 0 1
    outer loop
      vertex 44.7093 -11.989 6.15
      vertex 42.8773 -10.7958 6.15
      vertex 44.6579 -12.1837 6.15
    endloop
  endfacet
  facet normal 0 0 1
    outer loop
      vertex 44.7727 -11.8103 6.15
      vertex 42.8773 -10.7958 6.15
      vertex 44.7093 -11.989 6.15
    endloop
  endfacet
  facet normal 0 0 1
    outer loop
      vertex 44.8481 -11.6477 6.15
      vertex 42.8773 -10.7958 6.15
      vertex 44.7727 -11.8103 6.15
    endloop
  endfacet
  facet normal -0 0 1
    outer loop
      vertex 39.715 -3.035 6.15
      vertex 42.8773 -10.7958 6.15
      vertex 48.785 -3.035 6.15
    endloop
  endfacet
  facet normal 0 0 1
    outer loop
      vertex 41.913 -10.7958 6.15
      vertex 41.9081 -10.8564 6.15
      vertex 41.9118 -10.8238 6.15
    endloop
  endfacet
  facet normal 0 0 1
    outer loop
      vertex 41.913 -10.7958 6.15
      vertex 41.9018 -10.8934 6.15
      vertex 41.9081 -10.8564 6.15
    endloop
  endfacet
  facet normal 0 0 1
    outer loop
      vertex 41.913 -10.7958 6.15
      vertex 41.8931 -10.935 6.15
      vertex 41.9018 -10.8934 6.15
    endloop
  endfacet
  facet normal 0 0 1
    outer loop
      vertex 41.913 -10.7958 6.15
      vertex 41.8819 -10.9812 6.15
      vertex 41.8931 -10.935 6.15
    endloop
  endfacet
  facet normal 0 0 1
    outer loop
      vertex 41.0708 -11.7641 6.15
      vertex 41.8819 -10.9812 6.15
      vertex 41.913 -10.7958 6.15
    endloop
  endfacet
  facet normal 0 0 1
    outer loop
      vertex 41.8819 -10.9812 6.15
      vertex 41.0708 -11.7641 6.15
      vertex 41.8683 -11.0318 6.15
    endloop
  endfacet
  facet normal 0 0 1
    outer loop
      vertex 41.8683 -11.0318 6.15
      vertex 41.1838 -11.7341 6.15
      vertex 41.8405 -11.117 6.15
    endloop
  endfacet
  facet normal 0 -0 1
    outer loop
      vertex 41.2896 -11.6954 6.15
      vertex 41.8405 -11.117 6.15
      vertex 41.1838 -11.7341 6.15
    endloop
  endfacet
  facet normal 0 -0 1
    outer loop
      vertex 41.3882 -11.6482 6.15
      vertex 41.8086 -11.1963 6.15
      vertex 41.2896 -11.6954 6.15
    endloop
  endfacet
  facet normal 0 -0 1
    outer loop
      vertex 41.5636 -11.5279 6.15
      vertex 41.7726 -11.2698 6.15
      vertex 41.4795 -11.5924 6.15
    endloop
  endfacet
  facet normal 0 0 1
    outer loop
      vertex 41.7327 -11.3374 6.15
      vertex 41.5636 -11.5279 6.15
      vertex 41.6886 -11.3991 6.15
    endloop
  endfacet
  facet normal 0 0 1
    outer loop
      vertex 41.6886 -11.3991 6.15
      vertex 41.5636 -11.5279 6.15
      vertex 41.6405 -11.4549 6.15
    endloop
  endfacet
  facet normal 0 0 1
    outer loop
      vertex 41.7726 -11.2698 6.15
      vertex 41.5636 -11.5279 6.15
      vertex 41.7327 -11.3374 6.15
    endloop
  endfacet
  facet normal 0 0 1
    outer loop
      vertex 41.7726 -11.2698 6.15
      vertex 41.3882 -11.6482 6.15
      vertex 41.4795 -11.5924 6.15
    endloop
  endfacet
  facet normal 0 0 1
    outer loop
      vertex 41.8086 -11.1963 6.15
      vertex 41.3882 -11.6482 6.15
      vertex 41.7726 -11.2698 6.15
    endloop
  endfacet
  facet normal 0 0 1
    outer loop
      vertex 41.8405 -11.117 6.15
      vertex 41.2896 -11.6954 6.15
      vertex 41.8086 -11.1963 6.15
    endloop
  endfacet
  facet normal 0 0 1
    outer loop
      vertex 41.8683 -11.0318 6.15
      vertex 41.0708 -11.7641 6.15
      vertex 41.1838 -11.7341 6.15
    endloop
  endfacet
  facet normal 0 0 1
    outer loop
      vertex 41.913 -10.7958 6.15
      vertex 40.9884 -11.7798 6.15
      vertex 41.0708 -11.7641 6.15
    endloop
  endfacet
  facet normal 0 0 1
    outer loop
      vertex 42.8773 -10.7958 6.15
      vertex 39.715 -3.035 6.15
      vertex 41.913 -10.7958 6.15
    endloop
  endfacet
  facet normal 0 -0 1
    outer loop
      vertex 40.3018 -11.8374 6.15
      vertex 41.913 -10.7958 6.15
      vertex 39.715 -3.035 6.15
    endloop
  endfacet
  facet normal 0 0 1
    outer loop
      vertex 41.913 -10.7958 6.15
      vertex 40.8877 -11.794 6.15
      vertex 40.9884 -11.7798 6.15
    endloop
  endfacet
  facet normal 0 0 1
    outer loop
      vertex 41.913 -10.7958 6.15
      vertex 40.7687 -11.8069 6.15
      vertex 40.8877 -11.794 6.15
    endloop
  endfacet
  facet normal 0 0 1
    outer loop
      vertex 41.913 -10.7958 6.15
      vertex 40.6314 -11.8184 6.15
      vertex 40.7687 -11.8069 6.15
    endloop
  endfacet
  facet normal 0 0 1
    outer loop
      vertex 41.913 -10.7958 6.15
      vertex 40.4757 -11.8286 6.15
      vertex 40.6314 -11.8184 6.15
    endloop
  endfacet
  facet normal -0 0 1
    outer loop
      vertex 26.785 -3.035 6.15
      vertex 40.3018 -11.8374 6.15
      vertex 39.715 -3.035 6.15
    endloop
  endfacet
  facet normal 0 0 1
    outer loop
      vertex 41.913 -10.7958 6.15
      vertex 40.3018 -11.8374 6.15
      vertex 40.4757 -11.8286 6.15
    endloop
  endfacet
  facet normal 0 0 1
    outer loop
      vertex 58.75 20.75 6.15
      vertex 62.75 16.75 6.15
      vertex 62.7008 17.3757 6.15
    endloop
  endfacet
  facet normal 0 0 1
    outer loop
      vertex 62.75 16.75 6.15
      vertex 48.785 -3.035 6.15
      vertex 62.75 -16.75 6.15
    endloop
  endfacet
  facet normal 0 0 1
    outer loop
      vertex 58.75 20.75 6.15
      vertex 62.7008 17.3757 6.15
      vertex 62.5542 17.9861 6.15
    endloop
  endfacet
  facet normal -0 0 1
    outer loop
      vertex 48.4001 -11.8876 6.15
      vertex 62.75 -16.75 6.15
      vertex 48.785 -3.035 6.15
    endloop
  endfacet
  facet normal 0 0 1
    outer loop
      vertex 58.75 20.75 6.15
      vertex 62.5542 17.9861 6.15
      vertex 62.314 18.566 6.15
    endloop
  endfacet
  facet normal -0 0 1
    outer loop
      vertex 48.5276 -12.8726 6.15
      vertex 62.75 -16.75 6.15
      vertex 48.5384 -12.6583 6.15
    endloop
  endfacet
  facet normal 0 0 1
    outer loop
      vertex 58.75 20.75 6.15
      vertex 62.314 18.566 6.15
      vertex 61.9861 19.1011 6.15
    endloop
  endfacet
  facet normal 0 0 1
    outer loop
      vertex 62.75 -16.75 6.15
      vertex 58.75 -20.75 6.15
      vertex 62.7008 -17.3757 6.15
    endloop
  endfacet
  facet normal 0 0 1
    outer loop
      vertex 58.75 20.75 6.15
      vertex 61.9861 19.1011 6.15
      vertex 61.5784 19.5784 6.15
    endloop
  endfacet
  facet normal 0 0 1
    outer loop
      vertex 62.7008 -17.3757 6.15
      vertex 58.75 -20.75 6.15
      vertex 62.5542 -17.9861 6.15
    endloop
  endfacet
  facet normal 0 0 1
    outer loop
      vertex 58.75 20.75 6.15
      vertex 61.5784 19.5784 6.15
      vertex 61.1011 19.9861 6.15
    endloop
  endfacet
  facet normal 0 0 1
    outer loop
      vertex 62.5542 -17.9861 6.15
      vertex 58.75 -20.75 6.15
      vertex 62.314 -18.566 6.15
    endloop
  endfacet
  facet normal 0 0 1
    outer loop
      vertex 58.75 20.75 6.15
      vertex 61.1011 19.9861 6.15
      vertex 60.566 20.314 6.15
    endloop
  endfacet
  facet normal 0 0 1
    outer loop
      vertex 62.314 -18.566 6.15
      vertex 58.75 -20.75 6.15
      vertex 61.9861 -19.1011 6.15
    endloop
  endfacet
  facet normal 0 0 1
    outer loop
      vertex 58.75 20.75 6.15
      vertex 60.566 20.314 6.15
      vertex 59.9861 20.5542 6.15
    endloop
  endfacet
  facet normal 0 0 1
    outer loop
      vertex 61.9861 -19.1011 6.15
      vertex 58.75 -20.75 6.15
      vertex 61.5784 -19.5784 6.15
    endloop
  endfacet
  facet normal 0 0 1
    outer loop
      vertex 58.75 20.75 6.15
      vertex 59.9861 20.5542 6.15
      vertex 59.3757 20.7008 6.15
    endloop
  endfacet
  facet normal 0 0 1
    outer loop
      vertex 61.5784 -19.5784 6.15
      vertex 58.75 -20.75 6.15
      vertex 61.1011 -19.9861 6.15
    endloop
  endfacet
  facet normal 0 0 1
    outer loop
      vertex 62.75 16.75 6.15
      vertex 58.75 20.75 6.15
      vertex 48.785 6.035 6.15
    endloop
  endfacet
  facet normal 0 0 1
    outer loop
      vertex 61.1011 -19.9861 6.15
      vertex 58.75 -20.75 6.15
      vertex 60.566 -20.314 6.15
    endloop
  endfacet
  facet normal 0 0 1
    outer loop
      vertex 62.75 16.75 6.15
      vertex 48.785 6.035 6.15
      vertex 48.785 -3.035 6.15
    endloop
  endfacet
  facet normal 0 0 1
    outer loop
      vertex 58.75 20.75 6.15
      vertex 39.715 6.035 6.15
      vertex 48.785 6.035 6.15
    endloop
  endfacet
  facet normal 0 0 1
    outer loop
      vertex 39.715 6.035 6.15
      vertex 26.785 6.035 6.15
      vertex 39.715 -3.035 6.15
    endloop
  endfacet
  facet normal 0 0 1
    outer loop
      vertex 58.75 20.75 6.15
      vertex 26.785 6.035 6.15
      vertex 39.715 6.035 6.15
    endloop
  endfacet
  facet normal 0 0 1
    outer loop
      vertex 58.75 20.75 6.15
      vertex 17.715 6.035 6.15
      vertex 26.785 6.035 6.15
    endloop
  endfacet
  facet normal 0 0 1
    outer loop
      vertex 17.715 6.035 6.15
      vertex 4.785 6.035 6.15
      vertex 17.715 -3.035 6.15
    endloop
  endfacet
  facet normal 0 0 1
    outer loop
      vertex 58.75 20.75 6.15
      vertex 4.785 6.035 6.15
      vertex 17.715 6.035 6.15
    endloop
  endfacet
  facet normal 0 0 1
    outer loop
      vertex 58.75 20.75 6.15
      vertex -4.285 6.035 6.15
      vertex 4.785 6.035 6.15
    endloop
  endfacet
  facet normal 0 0 1
    outer loop
      vertex -4.285 6.035 6.15
      vertex -17.215 6.035 6.15
      vertex -4.285 -3.035 6.15
    endloop
  endfacet
  facet normal -0 0 1
    outer loop
      vertex -58.75 20.75 6.15
      vertex -4.285 6.035 6.15
      vertex 58.75 20.75 6.15
    endloop
  endfacet
  facet normal 0 0 1
    outer loop
      vertex -4.285 6.035 6.15
      vertex -58.75 20.75 6.15
      vertex -17.215 6.035 6.15
    endloop
  endfacet
  facet normal 0 0 1
    outer loop
      vertex -26.285 6.035 6.15
      vertex -39.215 6.035 6.15
      vertex -26.285 -3.035 6.15
    endloop
  endfacet
  facet normal 0 0 1
    outer loop
      vertex -17.215 6.035 6.15
      vertex -58.75 20.75 6.15
      vertex -26.285 6.035 6.15
    endloop
  endfacet
  facet normal 0 0 1
    outer loop
      vertex -26.285 6.035 6.15
      vertex -58.75 20.75 6.15
      vertex -39.215 6.035 6.15
    endloop
  endfacet
  facet normal 0 0 1
    outer loop
      vertex -48.285 6.035 6.15
      vertex -54.6545 1.42688 6.15
      vertex -48.285 -3.035 6.15
    endloop
  endfacet
  facet normal 0 0 1
    outer loop
      vertex -48.285 6.035 6.15
      vertex -54.6691 1.74431 6.15
      vertex -54.6545 1.42688 6.15
    endloop
  endfacet
  facet normal 0 0 1
    outer loop
      vertex -48.285 6.035 6.15
      vertex -54.7126 2.03743 6.15
      vertex -54.6691 1.74431 6.15
    endloop
  endfacet
  facet normal 0 0 1
    outer loop
      vertex -48.285 6.035 6.15
      vertex -54.7853 2.30626 6.15
      vertex -54.7126 2.03743 6.15
    endloop
  endfacet
  facet normal 0 0 1
    outer loop
      vertex -48.285 6.035 6.15
      vertex -54.887 2.55078 6.15
      vertex -54.7853 2.30626 6.15
    endloop
  endfacet
  facet normal 0 0 1
    outer loop
      vertex -48.285 6.035 6.15
      vertex -55.0177 2.771 6.15
      vertex -54.887 2.55078 6.15
    endloop
  endfacet
  facet normal 0 0 1
    outer loop
      vertex -48.285 6.035 6.15
      vertex -55.1775 2.9669 6.15
      vertex -55.0177 2.771 6.15
    endloop
  endfacet
  facet normal 0 0 1
    outer loop
      vertex -48.285 6.035 6.15
      vertex -55.358 3.13536 6.15
      vertex -55.1775 2.9669 6.15
    endloop
  endfacet
  facet normal 0 0 1
    outer loop
      vertex -48.285 6.035 6.15
      vertex -55.5508 3.27319 6.15
      vertex -55.358 3.13536 6.15
    endloop
  endfacet
  facet normal 0 0 1
    outer loop
      vertex -48.285 6.035 6.15
      vertex -55.7559 3.3804 6.15
      vertex -55.5508 3.27319 6.15
    endloop
  endfacet
  facet normal 0 0 1
    outer loop
      vertex -58.3283 6.86832 6.15
      vertex -55.7559 3.3804 6.15
      vertex -48.285 6.035 6.15
    endloop
  endfacet
  facet normal 0 0 1
    outer loop
      vertex -55.7559 3.3804 6.15
      vertex -58.3283 6.86832 6.15
      vertex -55.9733 3.45699 6.15
    endloop
  endfacet
  facet normal -0 0 1
    outer loop
      vertex -58.3283 6.13596 6.15
      vertex -55.9733 3.45699 6.15
      vertex -58.3283 6.86832 6.15
    endloop
  endfacet
  facet normal 0 0 1
    outer loop
      vertex -55.9733 3.45699 6.15
      vertex -58.3283 6.13596 6.15
      vertex -56.2031 3.50293 6.15
    endloop
  endfacet
  facet normal -0 0 1
    outer loop
      vertex -58.3283 5.32224 6.15
      vertex -56.2031 3.50293 6.15
      vertex -58.3283 6.13596 6.15
    endloop
  endfacet
  facet normal 0 0 1
    outer loop
      vertex -56.2031 3.50293 6.15
      vertex -58.3283 5.32224 6.15
      vertex -56.4452 3.51823 6.15
    endloop
  endfacet
  facet normal 0 0 1
    outer loop
      vertex -56.4452 3.51823 6.15
      vertex -58.3283 5.32224 6.15
      vertex -56.6081 3.51213 6.15
    endloop
  endfacet
  facet normal 0 0 1
    outer loop
      vertex -57.9059 2.78258 6.15
      vertex -58.0754 2.77756 6.15
      vertex -57.9917 2.64345 6.15
    endloop
  endfacet
  facet normal -0 0 1
    outer loop
      vertex -58.1641 2.89505 6.15
      vertex -57.9059 2.78258 6.15
      vertex -57.8112 2.90971 6.15
    endloop
  endfacet
  facet normal -0 0 1
    outer loop
      vertex -58.2576 2.99593 6.15
      vertex -57.8112 2.90971 6.15
      vertex -57.7078 3.02489 6.15
    endloop
  endfacet
  facet normal 0 0 1
    outer loop
      vertex -58.2576 2.99593 6.15
      vertex -57.7078 3.02489 6.15
      vertex -57.5955 3.12808 6.15
    endloop
  endfacet
  facet normal 0 0 1
    outer loop
      vertex -58.2576 2.99593 6.15
      vertex -57.5955 3.12808 6.15
      vertex -57.4745 3.21928 6.15
    endloop
  endfacet
  facet normal 0 0 1
    outer loop
      vertex -57.9059 2.78258 6.15
      vertex -58.1641 2.89505 6.15
      vertex -58.0754 2.77756 6.15
    endloop
  endfacet
  facet normal 0 0 1
    outer loop
      vertex -57.0656 3.42059 6.15
      vertex -58.3283 4.58981 6.15
      vertex -57.2077 3.36566 6.15
    endloop
  endfacet
  facet normal 0 0 1
    outer loop
      vertex -57.8112 2.90971 6.15
      vertex -58.2576 2.99593 6.15
      vertex -58.1641 2.89505 6.15
    endloop
  endfacet
  facet normal 0 0 1
    outer loop
      vertex -56.7658 3.49382 6.15
      vertex -58.3283 4.58981 6.15
      vertex -56.9183 3.46332 6.15
    endloop
  endfacet
  facet normal -0 0 1
    outer loop
      vertex -58.3283 4.58981 6.15
      vertex -56.7658 3.49382 6.15
      vertex -58.3283 5.32224 6.15
    endloop
  endfacet
  facet normal 0 0 1
    outer loop
      vertex -56.9183 3.46332 6.15
      vertex -58.3283 4.58981 6.15
      vertex -57.0656 3.42059 6.15
    endloop
  endfacet
  facet normal 0 0 1
    outer loop
      vertex -56.6081 3.51213 6.15
      vertex -58.3283 5.32224 6.15
      vertex -56.7658 3.49382 6.15
    endloop
  endfacet
  facet normal 0 0 1
    outer loop
      vertex -39.215 6.035 6.15
      vertex -58.75 20.75 6.15
      vertex -48.285 6.035 6.15
    endloop
  endfacet
  facet normal 0 0 1
    outer loop
      vertex -48.285 6.035 6.15
      vertex -58.75 20.75 6.15
      vertex -58.3283 6.86832 6.15
    endloop
  endfacet
  facet normal 0 0 1
    outer loop
      vertex -61.1011 19.9861 6.15
      vertex -58.75 20.75 6.15
      vertex -59.3757 20.7008 6.15
    endloop
  endfacet
  facet normal 0 0 1
    outer loop
      vertex -61.1011 19.9861 6.15
      vertex -59.3757 20.7008 6.15
      vertex -59.9861 20.5542 6.15
    endloop
  endfacet
  facet normal 0 0 1
    outer loop
      vertex -61.1011 19.9861 6.15
      vertex -59.9861 20.5542 6.15
      vertex -60.566 20.314 6.15
    endloop
  endfacet
  facet normal 0 0 1
    outer loop
      vertex -62.75 16.75 6.15
      vertex -58.75 20.75 6.15
      vertex -61.1011 19.9861 6.15
    endloop
  endfacet
  facet normal 0 0 1
    outer loop
      vertex -62.75 16.75 6.15
      vertex -60.8062 5.94882 6.15
      vertex -60.8062 7.05954 6.15
    endloop
  endfacet
  facet normal 0 0 1
    outer loop
      vertex -60.8062 5.94882 6.15
      vertex -62.75 16.75 6.15
      vertex -60.8062 5.51753 6.15
    endloop
  endfacet
  facet normal 0 0 1
    outer loop
      vertex -62.75 16.75 6.15
      vertex -60.8062 4.40675 6.15
      vertex -60.8062 5.51753 6.15
    endloop
  endfacet
  facet normal 0 0 1
    outer loop
      vertex -58.75 20.75 6.15
      vertex -62.75 16.75 6.15
      vertex -58.3283 6.86832 6.15
    endloop
  endfacet
  facet normal 0 0 1
    outer loop
      vertex -60.8062 4.40675 6.15
      vertex -62.75 16.75 6.15
      vertex -60.9867 -0.227814 6.15
    endloop
  endfacet
  facet normal 0 0 1
    outer loop
      vertex -58.3283 6.86832 6.15
      vertex -62.75 16.75 6.15
      vertex -60.8062 7.05954 6.15
    endloop
  endfacet
  facet normal 0 0 1
    outer loop
      vertex 59.9861 -20.5542 6.15
      vertex 58.75 -20.75 6.15
      vertex 59.3757 -20.7008 6.15
    endloop
  endfacet
  facet normal 0 0 1
    outer loop
      vertex 60.566 -20.314 6.15
      vertex 58.75 -20.75 6.15
      vertex 59.9861 -20.5542 6.15
    endloop
  endfacet
  facet normal -0 0 1
    outer loop
      vertex 48.5507 -16.695 6.15
      vertex 58.75 -20.75 6.15
      vertex 48.5507 -15.6735 6.15
    endloop
  endfacet
  facet normal -0 0 1
    outer loop
      vertex 44.5104 -16.695 6.15
      vertex 58.75 -20.75 6.15
      vertex 48.5507 -16.695 6.15
    endloop
  endfacet
  facet normal 0 0 1
    outer loop
      vertex 44.5225 -16.4864 6.15
      vertex 42.8773 -16.695 6.15
      vertex 44.5104 -16.695 6.15
    endloop
  endfacet
  facet normal -0 0 1
    outer loop
      vertex 42.8773 -16.695 6.15
      vertex 58.75 -20.75 6.15
      vertex 44.5104 -16.695 6.15
    endloop
  endfacet
  facet normal -0 0 1
    outer loop
      vertex 41.6892 -16.695 6.15
      vertex 58.75 -20.75 6.15
      vertex 42.8773 -16.695 6.15
    endloop
  endfacet
  facet normal 0 0 1
    outer loop
      vertex 26.785 -3.035 6.15
      vertex 39.715 -3.035 6.15
      vertex 26.785 6.035 6.15
    endloop
  endfacet
  facet normal -0 0 1
    outer loop
      vertex 25.1808 -10.7827 6.15
      vertex 40.3018 -11.8374 6.15
      vertex 26.785 -3.035 6.15
    endloop
  endfacet
  facet normal 0 0 1
    outer loop
      vertex 40.3018 -11.8374 6.15
      vertex 25.1808 -10.7827 6.15
      vertex 40.3018 -12.6284 6.15
    endloop
  endfacet
  facet normal 0 0 1
    outer loop
      vertex 25.1808 -16.6819 6.15
      vertex 40.3018 -12.6284 6.15
      vertex 25.1808 -10.7827 6.15
    endloop
  endfacet
  facet normal 0 0 1
    outer loop
      vertex 40.3018 -12.6284 6.15
      vertex 25.1808 -16.6819 6.15
      vertex 41.6892 -16.695 6.15
    endloop
  endfacet
  facet normal 0 0 1
    outer loop
      vertex 25.1808 -16.6819 6.15
      vertex 58.75 -20.75 6.15
      vertex 41.6892 -16.695 6.15
    endloop
  endfacet
  facet normal -0 0 1
    outer loop
      vertex 23.9927 -16.6819 6.15
      vertex 58.75 -20.75 6.15
      vertex 25.1808 -16.6819 6.15
    endloop
  endfacet
  facet normal 0 0 1
    outer loop
      vertex 21.0999 -16.6819 6.15
      vertex 22.6052 -12.6153 6.15
      vertex 21.0999 -10.7827 6.15
    endloop
  endfacet
  facet normal 0 0 1
    outer loop
      vertex 22.6052 -12.6153 6.15
      vertex 21.0999 -16.6819 6.15
      vertex 23.9927 -16.6819 6.15
    endloop
  endfacet
  facet normal -0 0 1
    outer loop
      vertex 21.0999 -16.6819 6.15
      vertex 58.75 -20.75 6.15
      vertex 23.9927 -16.6819 6.15
    endloop
  endfacet
  facet normal -0 0 1
    outer loop
      vertex 19.9117 -16.6819 6.15
      vertex 58.75 -20.75 6.15
      vertex 21.0999 -16.6819 6.15
    endloop
  endfacet
  facet normal 0 0 1
    outer loop
      vertex 4.785 -3.035 6.15
      vertex 17.715 -3.035 6.15
      vertex 4.785 6.035 6.15
    endloop
  endfacet
  facet normal 0 0 1
    outer loop
      vertex 17.715 -3.035 6.15
      vertex 4.12755 -11.4822 6.15
      vertex 18.5243 -11.8243 6.15
    endloop
  endfacet
  facet normal 0 0 1
    outer loop
      vertex 4.56662 -13.2678 6.15
      vertex 18.5243 -12.6153 6.15
      vertex 18.5243 -11.8243 6.15
    endloop
  endfacet
  facet normal 0 0 1
    outer loop
      vertex 4.56657 -14.2044 6.15
      vertex 18.5243 -12.6153 6.15
      vertex 4.57918 -13.7362 6.15
    endloop
  endfacet
  facet normal 0 0 1
    outer loop
      vertex 4.52876 -14.6353 6.15
      vertex 18.5243 -12.6153 6.15
      vertex 4.56657 -14.2044 6.15
    endloop
  endfacet
  facet normal 0 0 1
    outer loop
      vertex 4.46576 -15.0289 6.15
      vertex 18.5243 -12.6153 6.15
      vertex 4.52876 -14.6353 6.15
    endloop
  endfacet
  facet normal 0 0 1
    outer loop
      vertex 18.5243 -12.6153 6.15
      vertex 4.46576 -15.0289 6.15
      vertex 19.9117 -16.6819 6.15
    endloop
  endfacet
  facet normal -0 0 1
    outer loop
      vertex 4.37755 -15.3853 6.15
      vertex 19.9117 -16.6819 6.15
      vertex 4.46576 -15.0289 6.15
    endloop
  endfacet
  facet normal -0 0 1
    outer loop
      vertex 4.26413 -15.7043 6.15
      vertex 19.9117 -16.6819 6.15
      vertex 4.37755 -15.3853 6.15
    endloop
  endfacet
  facet normal -0 0 1
    outer loop
      vertex 4.12552 -15.986 6.15
      vertex 19.9117 -16.6819 6.15
      vertex 4.26413 -15.7043 6.15
    endloop
  endfacet
  facet normal -0 0 1
    outer loop
      vertex 3.95558 -16.2272 6.15
      vertex 19.9117 -16.6819 6.15
      vertex 4.12552 -15.986 6.15
    endloop
  endfacet
  facet normal -0 0 1
    outer loop
      vertex 3.74825 -16.4245 6.15
      vertex 19.9117 -16.6819 6.15
      vertex 3.95558 -16.2272 6.15
    endloop
  endfacet
  facet normal -0 0 1
    outer loop
      vertex 3.50351 -16.578 6.15
      vertex 19.9117 -16.6819 6.15
      vertex 3.74825 -16.4245 6.15
    endloop
  endfacet
  facet normal 0 0 1
    outer loop
      vertex 3.22136 -16.6876 6.15
      vertex 19.9117 -16.6819 6.15
      vertex 3.50351 -16.578 6.15
    endloop
  endfacet
  facet normal 0 0 1
    outer loop
      vertex 2.90179 -16.7534 6.15
      vertex 19.9117 -16.6819 6.15
      vertex 3.22136 -16.6876 6.15
    endloop
  endfacet
  facet normal 0 0 1
    outer loop
      vertex 2.54482 -16.7753 6.15
      vertex 19.9117 -16.6819 6.15
      vertex 2.90179 -16.7534 6.15
    endloop
  endfacet
  facet normal 0 0 1
    outer loop
      vertex 19.9117 -16.6819 6.15
      vertex 2.54482 -16.7753 6.15
      vertex 58.75 -20.75 6.15
    endloop
  endfacet
  facet normal 0 0 1
    outer loop
      vertex -2.31078 -16.6294 6.15
      vertex 2.54482 -16.7753 6.15
      vertex 2.18782 -16.7534 6.15
    endloop
  endfacet
  facet normal 0 0 1
    outer loop
      vertex -1.12265 -16.6294 6.15
      vertex 0.510391 -13.7362 6.15
      vertex -1.12265 -10.7302 6.15
    endloop
  endfacet
  facet normal 0 0 1
    outer loop
      vertex 0.510391 -13.7362 6.15
      vertex -1.12265 -16.6294 6.15
      vertex 0.522995 -14.2044 6.15
    endloop
  endfacet
  facet normal 0 0 1
    outer loop
      vertex 0.522995 -14.2044 6.15
      vertex -1.12265 -16.6294 6.15
      vertex 0.560806 -14.6353 6.15
    endloop
  endfacet
  facet normal 0 0 1
    outer loop
      vertex 0.560806 -14.6353 6.15
      vertex -1.12265 -16.6294 6.15
      vertex 0.62381 -15.0289 6.15
    endloop
  endfacet
  facet normal 0 0 1
    outer loop
      vertex 0.62381 -15.0289 6.15
      vertex -1.12265 -16.6294 6.15
      vertex 0.712021 -15.3853 6.15
    endloop
  endfacet
  facet normal 0 0 1
    outer loop
      vertex 0.712021 -15.3853 6.15
      vertex -1.12265 -16.6294 6.15
      vertex 0.825439 -15.7043 6.15
    endloop
  endfacet
  facet normal 0 0 1
    outer loop
      vertex -1.12265 -16.6294 6.15
      vertex 0.96405 -15.986 6.15
      vertex 0.825439 -15.7043 6.15
    endloop
  endfacet
  facet normal 0 0 1
    outer loop
      vertex -1.12265 -16.6294 6.15
      vertex 1.13397 -16.2272 6.15
      vertex 0.96405 -15.986 6.15
    endloop
  endfacet
  facet normal 0 0 1
    outer loop
      vertex -1.12265 -16.6294 6.15
      vertex 1.34132 -16.4245 6.15
      vertex 1.13397 -16.2272 6.15
    endloop
  endfacet
  facet normal 0 0 1
    outer loop
      vertex -1.12265 -16.6294 6.15
      vertex 1.58607 -16.578 6.15
      vertex 1.34132 -16.4245 6.15
    endloop
  endfacet
  facet normal -0 0 1
    outer loop
      vertex -1.12265 -16.6294 6.15
      vertex 1.86824 -16.6876 6.15
      vertex 1.58607 -16.578 6.15
    endloop
  endfacet
  facet normal 0 0 1
    outer loop
      vertex -1.12265 -16.6294 6.15
      vertex 2.18782 -16.7534 6.15
      vertex 1.86824 -16.6876 6.15
    endloop
  endfacet
  facet normal -0 0 1
    outer loop
      vertex -2.31078 -16.6294 6.15
      vertex 2.18782 -16.7534 6.15
      vertex -1.12265 -16.6294 6.15
    endloop
  endfacet
  facet normal 0 0 1
    outer loop
      vertex 2.54482 -16.7753 6.15
      vertex -2.31078 -16.6294 6.15
      vertex -58.75 -20.75 6.15
    endloop
  endfacet
  facet normal 0 0 1
    outer loop
      vertex -17.215 -3.035 6.15
      vertex -4.285 -3.035 6.15
      vertex -17.215 6.035 6.15
    endloop
  endfacet
  facet normal 0 0 1
    outer loop
      vertex -19.8613 -12.1014 6.15
      vertex -3.69821 -11.7718 6.15
      vertex -17.215 -3.035 6.15
    endloop
  endfacet
  facet normal 0 0 1
    outer loop
      vertex -19.6714 -13.287 6.15
      vertex -3.69821 -12.5628 6.15
      vertex -3.69821 -11.7718 6.15
    endloop
  endfacet
  facet normal 0 0 1
    outer loop
      vertex -19.671 -13.9897 6.15
      vertex -3.69821 -12.5628 6.15
      vertex -19.6635 -13.6428 6.15
    endloop
  endfacet
  facet normal 0 0 1
    outer loop
      vertex -19.6938 -14.317 6.15
      vertex -3.69821 -12.5628 6.15
      vertex -19.671 -13.9897 6.15
    endloop
  endfacet
  facet normal 0 0 1
    outer loop
      vertex -19.7316 -14.6246 6.15
      vertex -3.69821 -12.5628 6.15
      vertex -19.6938 -14.317 6.15
    endloop
  endfacet
  facet normal 0 0 1
    outer loop
      vertex -19.7846 -14.9125 6.15
      vertex -3.69821 -12.5628 6.15
      vertex -19.7316 -14.6246 6.15
    endloop
  endfacet
  facet normal 0 0 1
    outer loop
      vertex -19.8528 -15.1808 6.15
      vertex -3.69821 -12.5628 6.15
      vertex -19.7846 -14.9125 6.15
    endloop
  endfacet
  facet normal 0 0 1
    outer loop
      vertex -3.69821 -12.5628 6.15
      vertex -19.8528 -15.1808 6.15
      vertex -2.31078 -16.6294 6.15
    endloop
  endfacet
  facet normal -0 0 1
    outer loop
      vertex -19.9361 -15.4294 6.15
      vertex -2.31078 -16.6294 6.15
      vertex -19.8528 -15.1808 6.15
    endloop
  endfacet
  facet normal -0 0 1
    outer loop
      vertex -20.1339 -15.846 6.15
      vertex -2.31078 -16.6294 6.15
      vertex -19.9361 -15.4294 6.15
    endloop
  endfacet
  facet normal -0 0 1
    outer loop
      vertex -20.3801 -16.1868 6.15
      vertex -2.31078 -16.6294 6.15
      vertex -20.1339 -15.846 6.15
    endloop
  endfacet
  facet normal -0 0 1
    outer loop
      vertex -20.6746 -16.4519 6.15
      vertex -2.31078 -16.6294 6.15
      vertex -20.3801 -16.1868 6.15
    endloop
  endfacet
  facet normal 0 0 1
    outer loop
      vertex -21.0175 -16.6413 6.15
      vertex -2.31078 -16.6294 6.15
      vertex -20.6746 -16.4519 6.15
    endloop
  endfacet
  facet normal 0 0 1
    outer loop
      vertex -21.4088 -16.7549 6.15
      vertex -2.31078 -16.6294 6.15
      vertex -21.0175 -16.6413 6.15
    endloop
  endfacet
  facet normal 0 0 1
    outer loop
      vertex -21.8484 -16.7928 6.15
      vertex -2.31078 -16.6294 6.15
      vertex -21.4088 -16.7549 6.15
    endloop
  endfacet
  facet normal 0 0 1
    outer loop
      vertex -58.75 -20.75 6.15
      vertex -2.31078 -16.6294 6.15
      vertex -21.8484 -16.7928 6.15
    endloop
  endfacet
  facet normal 0 0 1
    outer loop
      vertex -23.7496 -13.0896 6.15
      vertex -23.6468 -15.2546 6.15
      vertex -23.7042 -13.359 6.15
    endloop
  endfacet
  facet normal 0 0 1
    outer loop
      vertex -41.7021 -14.82 6.15
      vertex -23.7496 -13.0896 6.15
      vertex -23.7648 -12.7963 6.15
    endloop
  endfacet
  facet normal 0 0 1
    outer loop
      vertex -41.7021 -14.82 6.15
      vertex -23.7496 -12.4902 6.15
      vertex -23.7039 -12.2041 6.15
    endloop
  endfacet
  facet normal 0 0 1
    outer loop
      vertex -23.7496 -13.0896 6.15
      vertex -41.696 -14.983 6.15
      vertex -23.6468 -15.2546 6.15
    endloop
  endfacet
  facet normal 0 0 1
    outer loop
      vertex -39.215 -3.035 6.15
      vertex -26.285 -3.035 6.15
      vertex -39.215 6.035 6.15
    endloop
  endfacet
  facet normal 0 0 1
    outer loop
      vertex -41.7021 -14.82 6.15
      vertex -23.7648 -12.7963 6.15
      vertex -23.7496 -12.4902 6.15
    endloop
  endfacet
  facet normal -0 0 1
    outer loop
      vertex -41.7114 -15.225 6.15
      vertex -23.6468 -15.2546 6.15
      vertex -41.696 -14.983 6.15
    endloop
  endfacet
  facet normal 0 0 1
    outer loop
      vertex -23.6468 -15.2546 6.15
      vertex -41.7114 -15.225 6.15
      vertex -23.6085 -15.4955 6.15
    endloop
  endfacet
  facet normal -0 0 1
    outer loop
      vertex -41.7573 -15.4548 6.15
      vertex -23.6085 -15.4955 6.15
      vertex -41.7114 -15.225 6.15
    endloop
  endfacet
  facet normal 0 0 1
    outer loop
      vertex -23.6085 -15.4955 6.15
      vertex -41.7573 -15.4548 6.15
      vertex -23.5451 -15.7164 6.15
    endloop
  endfacet
  facet normal -0 0 1
    outer loop
      vertex -41.8339 -15.6722 6.15
      vertex -23.5451 -15.7164 6.15
      vertex -41.7573 -15.4548 6.15
    endloop
  endfacet
  facet normal 0 0 1
    outer loop
      vertex -23.5451 -15.7164 6.15
      vertex -41.8339 -15.6722 6.15
      vertex -23.4566 -15.9173 6.15
    endloop
  endfacet
  facet normal -0 0 1
    outer loop
      vertex -41.9411 -15.8773 6.15
      vertex -23.4566 -15.9173 6.15
      vertex -41.8339 -15.6722 6.15
    endloop
  endfacet
  facet normal 0 0 1
    outer loop
      vertex -23.4566 -15.9173 6.15
      vertex -41.9411 -15.8773 6.15
      vertex -23.343 -16.0982 6.15
    endloop
  endfacet
  facet normal -0 0 1
    outer loop
      vertex -42.0789 -16.0702 6.15
      vertex -23.343 -16.0982 6.15
      vertex -41.9411 -15.8773 6.15
    endloop
  endfacet
  facet normal 0 0 1
    outer loop
      vertex -23.343 -16.0982 6.15
      vertex -42.0789 -16.0702 6.15
      vertex -23.2043 -16.2592 6.15
    endloop
  endfacet
  facet normal -0 0 1
    outer loop
      vertex -42.2474 -16.2506 6.15
      vertex -23.2043 -16.2592 6.15
      vertex -42.0789 -16.0702 6.15
    endloop
  endfacet
  facet normal 0 0 1
    outer loop
      vertex -23.2043 -16.2592 6.15
      vertex -42.2474 -16.2506 6.15
      vertex -23.0406 -16.4001 6.15
    endloop
  endfacet
  facet normal 0 0 1
    outer loop
      vertex -42.4433 -16.4104 6.15
      vertex -23.0406 -16.4001 6.15
      vertex -42.2474 -16.2506 6.15
    endloop
  endfacet
  facet normal 0 0 1
    outer loop
      vertex -23.0406 -16.4001 6.15
      vertex -42.4433 -16.4104 6.15
      vertex -22.8605 -16.5201 6.15
    endloop
  endfacet
  facet normal 0 0 1
    outer loop
      vertex -42.6635 -16.5412 6.15
      vertex -22.8605 -16.5201 6.15
      vertex -42.4433 -16.4104 6.15
    endloop
  endfacet
  facet normal 0 0 1
    outer loop
      vertex -22.8605 -16.5201 6.15
      vertex -42.6635 -16.5412 6.15
      vertex -22.673 -16.6183 6.15
    endloop
  endfacet
  facet normal 0 0 1
    outer loop
      vertex -42.908 -16.6428 6.15
      vertex -22.673 -16.6183 6.15
      vertex -42.6635 -16.5412 6.15
    endloop
  endfacet
  facet normal 0 0 1
    outer loop
      vertex -22.673 -16.6183 6.15
      vertex -42.908 -16.6428 6.15
      vertex -22.478 -16.6946 6.15
    endloop
  endfacet
  facet normal 0 0 1
    outer loop
      vertex -22.478 -16.6946 6.15
      vertex -42.908 -16.6428 6.15
      vertex -22.2756 -16.7492 6.15
    endloop
  endfacet
  facet normal -0 0 1
    outer loop
      vertex -43.1768 -16.7155 6.15
      vertex -22.2756 -16.7492 6.15
      vertex -42.908 -16.6428 6.15
    endloop
  endfacet
  facet normal 0 0 1
    outer loop
      vertex -22.2756 -16.7492 6.15
      vertex -43.1768 -16.7155 6.15
      vertex -22.0658 -16.7819 6.15
    endloop
  endfacet
  facet normal 0 0 1
    outer loop
      vertex -58.75 -20.75 6.15
      vertex -22.0658 -16.7819 6.15
      vertex -43.1768 -16.7155 6.15
    endloop
  endfacet
  facet normal 0 0 1
    outer loop
      vertex -22.0658 -16.7819 6.15
      vertex -58.75 -20.75 6.15
      vertex -21.8484 -16.7928 6.15
    endloop
  endfacet
  facet normal 0 0 1
    outer loop
      vertex -58.75 -20.75 6.15
      vertex -43.1768 -16.7155 6.15
      vertex -43.47 -16.7591 6.15
    endloop
  endfacet
  facet normal 0 0 1
    outer loop
      vertex -58.75 -20.75 6.15
      vertex -43.47 -16.7591 6.15
      vertex -43.7874 -16.7736 6.15
    endloop
  endfacet
  facet normal 0 0 1
    outer loop
      vertex -45.536 -11.8333 6.15
      vertex -55.2305 -6.89713 6.15
      vertex -45.5763 -12.0317 6.15
    endloop
  endfacet
  facet normal 0 0 1
    outer loop
      vertex -45.5898 -12.2407 6.15
      vertex -55.2305 -6.89713 6.15
      vertex -55.4806 -7.08112 6.15
    endloop
  endfacet
  facet normal -0 0 1
    outer loop
      vertex -54.6691 1.11066 6.15
      vertex -48.285 -3.035 6.15
      vertex -54.6545 1.42688 6.15
    endloop
  endfacet
  facet normal 0 0 1
    outer loop
      vertex -54.685 -5.73616 6.15
      vertex -48.285 -3.035 6.15
      vertex -54.6622 -5.33968 6.15
    endloop
  endfacet
  facet normal 0 0 1
    outer loop
      vertex -54.7531 -6.09015 6.15
      vertex -48.285 -3.035 6.15
      vertex -54.685 -5.73616 6.15
    endloop
  endfacet
  facet normal 0 0 1
    outer loop
      vertex -54.8668 -6.40164 6.15
      vertex -48.285 -3.035 6.15
      vertex -54.7531 -6.09015 6.15
    endloop
  endfacet
  facet normal -0 0 1
    outer loop
      vertex -55.6332 -7.16023 6.15
      vertex -45.7682 -14.6623 6.15
      vertex -55.4806 -7.08112 6.15
    endloop
  endfacet
  facet normal 0 0 1
    outer loop
      vertex -45.7682 -14.6623 6.15
      vertex -55.6332 -7.16023 6.15
      vertex -45.787 -14.82 6.15
    endloop
  endfacet
  facet normal -0 0 1
    outer loop
      vertex -55.8008 -7.22668 6.15
      vertex -45.787 -14.82 6.15
      vertex -55.6332 -7.16023 6.15
    endloop
  endfacet
  facet normal 0 0 1
    outer loop
      vertex -45.787 -14.82 6.15
      vertex -55.8008 -7.22668 6.15
      vertex -45.7932 -14.983 6.15
    endloop
  endfacet
  facet normal 0 0 1
    outer loop
      vertex -58.75 -20.75 6.15
      vertex -45.7932 -14.983 6.15
      vertex -55.8008 -7.22668 6.15
    endloop
  endfacet
  facet normal 0 0 1
    outer loop
      vertex -45.7932 -14.983 6.15
      vertex -58.75 -20.75 6.15
      vertex -45.7791 -15.225 6.15
    endloop
  endfacet
  facet normal 0 0 1
    outer loop
      vertex -45.7791 -15.225 6.15
      vertex -58.75 -20.75 6.15
      vertex -45.7367 -15.4546 6.15
    endloop
  endfacet
  facet normal 0 0 1
    outer loop
      vertex -45.7367 -15.4546 6.15
      vertex -58.75 -20.75 6.15
      vertex -45.6661 -15.6717 6.15
    endloop
  endfacet
  facet normal 0 0 1
    outer loop
      vertex -45.6661 -15.6717 6.15
      vertex -58.75 -20.75 6.15
      vertex -45.5672 -15.8764 6.15
    endloop
  endfacet
  facet normal 0 0 1
    outer loop
      vertex -45.5672 -15.8764 6.15
      vertex -58.75 -20.75 6.15
      vertex -45.44 -16.0687 6.15
    endloop
  endfacet
  facet normal 0 0 1
    outer loop
      vertex -45.44 -16.0687 6.15
      vertex -58.75 -20.75 6.15
      vertex -45.2846 -16.2486 6.15
    endloop
  endfacet
  facet normal 0 0 1
    outer loop
      vertex -58.75 -20.75 6.15
      vertex -55.8008 -7.22668 6.15
      vertex -55.9832 -7.28049 6.15
    endloop
  endfacet
  facet normal 0 0 1
    outer loop
      vertex -58.75 -20.75 6.15
      vertex -55.9832 -7.28049 6.15
      vertex -56.1806 -7.32162 6.15
    endloop
  endfacet
  facet normal 0 0 1
    outer loop
      vertex -58.75 -20.75 6.15
      vertex -56.1806 -7.32162 6.15
      vertex -56.3928 -7.35011 6.15
    endloop
  endfacet
  facet normal 0 0 1
    outer loop
      vertex -58.75 -20.75 6.15
      vertex -56.3928 -7.35011 6.15
      vertex -56.62 -7.36594 6.15
    endloop
  endfacet
  facet normal 0 0 1
    outer loop
      vertex -57.2903 -4.96539 6.15
      vertex -56.6967 -4.50648 6.15
      vertex -56.8584 -4.54582 6.15
    endloop
  endfacet
  facet normal 0 0 1
    outer loop
      vertex -57.2145 -4.82117 6.15
      vertex -56.8584 -4.54582 6.15
      vertex -56.9986 -4.61137 6.15
    endloop
  endfacet
  facet normal 0 0 1
    outer loop
      vertex -57.2145 -4.82117 6.15
      vertex -56.9986 -4.61137 6.15
      vertex -57.1173 -4.70316 6.15
    endloop
  endfacet
  facet normal 0 0 1
    outer loop
      vertex -56.8584 -4.54582 6.15
      vertex -57.2145 -4.82117 6.15
      vertex -57.2903 -4.96539 6.15
    endloop
  endfacet
  facet normal 0 0 1
    outer loop
      vertex -56.6967 -4.50648 6.15
      vertex -57.2903 -4.96539 6.15
      vertex -57.3239 -5.06349 6.15
    endloop
  endfacet
  facet normal 0 0 1
    outer loop
      vertex -56.6967 -4.50648 6.15
      vertex -57.3239 -5.06349 6.15
      vertex -57.3513 -5.17876 6.15
    endloop
  endfacet
  facet normal 0 0 1
    outer loop
      vertex -56.5054 -6.22356 6.15
      vertex -57.3727 -5.31122 6.15
      vertex -56.62 -6.22672 6.15
    endloop
  endfacet
  facet normal 0 0 1
    outer loop
      vertex -56.62 -6.22672 6.15
      vertex -57.3727 -5.31122 6.15
      vertex -57.3879 -5.46086 6.15
    endloop
  endfacet
  facet normal 0 0 1
    outer loop
      vertex -56.62 -6.22672 6.15
      vertex -57.3879 -5.46086 6.15
      vertex -57.3971 -5.62769 6.15
    endloop
  endfacet
  facet normal 0 0 1
    outer loop
      vertex -56.62 -6.22672 6.15
      vertex -57.3971 -5.62769 6.15
      vertex -57.4001 -5.81169 6.15
    endloop
  endfacet
  facet normal 0 0 1
    outer loop
      vertex -56.62 -6.22672 6.15
      vertex -57.4001 -5.81169 6.15
      vertex -56.62 -7.36594 6.15
    endloop
  endfacet
  facet normal 0 0 1
    outer loop
      vertex -58.8363 -7.26016 6.15
      vertex -57.4001 -5.81169 6.15
      vertex -58.2296 -5.81169 6.15
    endloop
  endfacet
  facet normal 0 0 1
    outer loop
      vertex -58.8363 -6.17787 6.15
      vertex -58.2349 -5.63268 6.15
      vertex -58.2454 -5.47263 6.15
    endloop
  endfacet
  facet normal 0 0 1
    outer loop
      vertex -58.9765 -6.17493 6.15
      vertex -58.2454 -5.47263 6.15
      vertex -58.2611 -5.33157 6.15
    endloop
  endfacet
  facet normal 0 0 1
    outer loop
      vertex -59.2279 -6.13513 6.15
      vertex -58.2611 -5.33157 6.15
      vertex -58.282 -5.2095 6.15
    endloop
  endfacet
  facet normal 0 0 1
    outer loop
      vertex -58.8674 -4.64656 6.15
      vertex -58.282 -5.2095 6.15
      vertex -58.3081 -5.10643 6.15
    endloop
  endfacet
  facet normal 0 0 1
    outer loop
      vertex -58.7229 -4.67876 6.15
      vertex -58.3081 -5.10643 6.15
      vertex -58.3394 -5.02234 6.15
    endloop
  endfacet
  facet normal 0 0 1
    outer loop
      vertex -58.7229 -4.67876 6.15
      vertex -58.3394 -5.02234 6.15
      vertex -58.4061 -4.90424 6.15
    endloop
  endfacet
  facet normal 0 0 1
    outer loop
      vertex -58.5979 -4.73245 6.15
      vertex -58.4061 -4.90424 6.15
      vertex -58.4923 -4.8076 6.15
    endloop
  endfacet
  facet normal 0 0 1
    outer loop
      vertex -58.4061 -4.90424 6.15
      vertex -58.5979 -4.73245 6.15
      vertex -58.7229 -4.67876 6.15
    endloop
  endfacet
  facet normal 0 0 1
    outer loop
      vertex -58.3081 -5.10643 6.15
      vertex -58.7229 -4.67876 6.15
      vertex -58.8674 -4.64656 6.15
    endloop
  endfacet
  facet normal 0 0 1
    outer loop
      vertex 2.54482 -16.7753 6.15
      vertex -58.75 -20.75 6.15
      vertex 58.75 -20.75 6.15
    endloop
  endfacet
  facet normal 0 0 1
    outer loop
      vertex -44.1036 -16.759 6.15
      vertex -58.75 -20.75 6.15
      vertex -43.7874 -16.7736 6.15
    endloop
  endfacet
  facet normal 0 0 1
    outer loop
      vertex -44.3932 -16.7153 6.15
      vertex -58.75 -20.75 6.15
      vertex -44.1036 -16.759 6.15
    endloop
  endfacet
  facet normal 0 0 1
    outer loop
      vertex -44.656 -16.6423 6.15
      vertex -58.75 -20.75 6.15
      vertex -44.3932 -16.7153 6.15
    endloop
  endfacet
  facet normal 0 0 1
    outer loop
      vertex -44.8922 -16.5403 6.15
      vertex -58.75 -20.75 6.15
      vertex -44.656 -16.6423 6.15
    endloop
  endfacet
  facet normal 0 0 1
    outer loop
      vertex -45.1018 -16.409 6.15
      vertex -58.75 -20.75 6.15
      vertex -44.8922 -16.5403 6.15
    endloop
  endfacet
  facet normal 0 0 1
    outer loop
      vertex -45.2846 -16.2486 6.15
      vertex -58.75 -20.75 6.15
      vertex -45.1018 -16.409 6.15
    endloop
  endfacet
  facet normal 0 0 1
    outer loop
      vertex -58.8363 -7.26016 6.15
      vertex -58.2296 -5.81169 6.15
      vertex -58.8363 -6.17787 6.15
    endloop
  endfacet
  facet normal 0 0 1
    outer loop
      vertex -58.2349 -5.63268 6.15
      vertex -58.8363 -6.17787 6.15
      vertex -58.2296 -5.81169 6.15
    endloop
  endfacet
  facet normal 0 0 1
    outer loop
      vertex -57.4001 -5.81169 6.15
      vertex -58.8363 -7.26016 6.15
      vertex -56.62 -7.36594 6.15
    endloop
  endfacet
  facet normal 0 0 1
    outer loop
      vertex -58.282 -5.2095 6.15
      vertex -58.8674 -4.64656 6.15
      vertex -59.0313 -4.63582 6.15
    endloop
  endfacet
  facet normal 0 0 1
    outer loop
      vertex -58.2454 -5.47263 6.15
      vertex -58.9765 -6.17493 6.15
      vertex -58.8363 -6.17787 6.15
    endloop
  endfacet
  facet normal 0 0 1
    outer loop
      vertex -59.2279 -6.13513 6.15
      vertex -58.282 -5.2095 6.15
      vertex -59.0313 -4.63582 6.15
    endloop
  endfacet
  facet normal 0 0 1
    outer loop
      vertex -58.2611 -5.33157 6.15
      vertex -59.1071 -6.16068 6.15
      vertex -58.9765 -6.17493 6.15
    endloop
  endfacet
  facet normal 0 0 1
    outer loop
      vertex -59.7924 -5.38852 6.15
      vertex -59.0313 -4.63582 6.15
      vertex -59.1404 -4.6413 6.15
    endloop
  endfacet
  facet normal 0 0 1
    outer loop
      vertex -58.2611 -5.33157 6.15
      vertex -59.2279 -6.13513 6.15
      vertex -59.1071 -6.16068 6.15
    endloop
  endfacet
  facet normal 0 0 1
    outer loop
      vertex -59.7866 -5.27364 6.15
      vertex -59.1404 -4.6413 6.15
      vertex -59.2425 -4.65775 6.15
    endloop
  endfacet
  facet normal 0 0 1
    outer loop
      vertex -59.7866 -5.27364 6.15
      vertex -59.2425 -4.65775 6.15
      vertex -59.3376 -4.68515 6.15
    endloop
  endfacet
  facet normal 0 0 1
    outer loop
      vertex -59.0313 -4.63582 6.15
      vertex -59.7924 -5.38852 6.15
      vertex -59.2279 -6.13513 6.15
    endloop
  endfacet
  facet normal 0 0 1
    outer loop
      vertex -59.7689 -5.16769 6.15
      vertex -59.3376 -4.68515 6.15
      vertex -59.4257 -4.72353 6.15
    endloop
  endfacet
  facet normal 0 0 1
    outer loop
      vertex -59.2279 -6.13513 6.15
      vertex -59.7924 -5.38852 6.15
      vertex -59.339 -6.09828 6.15
    endloop
  endfacet
  facet normal 0 0 1
    outer loop
      vertex -59.7689 -5.16769 6.15
      vertex -59.4257 -4.72353 6.15
      vertex -59.5067 -4.77286 6.15
    endloop
  endfacet
  facet normal -0 -0 1
    outer loop
      vertex -59.7852 -5.51939 6.15
      vertex -59.339 -6.09828 6.15
      vertex -59.7924 -5.38852 6.15
    endloop
  endfacet
  facet normal 0 0 1
    outer loop
      vertex -59.7689 -5.16769 6.15
      vertex -59.5067 -4.77286 6.15
      vertex -59.5808 -4.83316 6.15
    endloop
  endfacet
  facet normal 0 0 1
    outer loop
      vertex -59.339 -6.09828 6.15
      vertex -59.7852 -5.51939 6.15
      vertex -59.4404 -6.05013 6.15
    endloop
  endfacet
  facet normal 0 0 1
    outer loop
      vertex -59.7689 -5.16769 6.15
      vertex -59.5808 -4.83316 6.15
      vertex -59.6454 -4.9034 6.15
    endloop
  endfacet
  facet normal -0 -0 1
    outer loop
      vertex -59.7635 -5.63806 6.15
      vertex -59.4404 -6.05013 6.15
      vertex -59.7852 -5.51939 6.15
    endloop
  endfacet
  facet normal 0 0 1
    outer loop
      vertex -59.7689 -5.16769 6.15
      vertex -59.6454 -4.9034 6.15
      vertex -59.6984 -4.98257 6.15
    endloop
  endfacet
  facet normal 0 0 1
    outer loop
      vertex -59.4404 -6.05013 6.15
      vertex -59.7635 -5.63806 6.15
      vertex -59.532 -5.99068 6.15
    endloop
  endfacet
  facet normal 0 0 1
    outer loop
      vertex -59.7689 -5.16769 6.15
      vertex -59.6984 -4.98257 6.15
      vertex -59.7395 -5.07066 6.15
    endloop
  endfacet
  facet normal -0 -0 1
    outer loop
      vertex -59.7273 -5.74452 6.15
      vertex -59.532 -5.99068 6.15
      vertex -59.7635 -5.63806 6.15
    endloop
  endfacet
  facet normal 0 0 1
    outer loop
      vertex -59.3376 -4.68515 6.15
      vertex -59.7689 -5.16769 6.15
      vertex -59.7866 -5.27364 6.15
    endloop
  endfacet
  facet normal 0 0 1
    outer loop
      vertex -59.6116 -5.92084 6.15
      vertex -59.7273 -5.74452 6.15
      vertex -59.6767 -5.83878 6.15
    endloop
  endfacet
  facet normal 0 0 1
    outer loop
      vertex -59.1404 -4.6413 6.15
      vertex -59.7866 -5.27364 6.15
      vertex -59.7924 -5.38852 6.15
    endloop
  endfacet
  facet normal 0 0 1
    outer loop
      vertex -59.532 -5.99068 6.15
      vertex -59.7273 -5.74452 6.15
      vertex -59.6116 -5.92084 6.15
    endloop
  endfacet
  facet normal -0 0 1
    outer loop
      vertex 48.495 -13.0787 6.15
      vertex 58.75 -20.75 6.15
      vertex 48.5276 -12.8726 6.15
    endloop
  endfacet
  facet normal 0 0 1
    outer loop
      vertex 58.75 -20.75 6.15
      vertex 48.495 -13.0787 6.15
      vertex 48.5507 -15.6735 6.15
    endloop
  endfacet
  facet normal -0 0 1
    outer loop
      vertex 48.4408 -13.2768 6.15
      vertex 48.5507 -15.6735 6.15
      vertex 48.495 -13.0787 6.15
    endloop
  endfacet
  facet normal -0 0 1
    outer loop
      vertex 48.3648 -13.4667 6.15
      vertex 48.5507 -15.6735 6.15
      vertex 48.4408 -13.2768 6.15
    endloop
  endfacet
  facet normal -0 0 1
    outer loop
      vertex 48.2672 -13.6484 6.15
      vertex 48.5507 -15.6735 6.15
      vertex 48.3648 -13.4667 6.15
    endloop
  endfacet
  facet normal -0 0 1
    outer loop
      vertex 48.1478 -13.822 6.15
      vertex 48.5507 -15.6735 6.15
      vertex 48.2672 -13.6484 6.15
    endloop
  endfacet
  facet normal -0 0 1
    outer loop
      vertex 48.0532 -13.9368 6.15
      vertex 48.5507 -15.6735 6.15
      vertex 48.1478 -13.822 6.15
    endloop
  endfacet
  facet normal -0 0 1
    outer loop
      vertex 47.9403 -14.0558 6.15
      vertex 48.5507 -15.6735 6.15
      vertex 48.0532 -13.9368 6.15
    endloop
  endfacet
  facet normal -0 0 1
    outer loop
      vertex 47.8091 -14.1791 6.15
      vertex 48.5507 -15.6735 6.15
      vertex 47.9403 -14.0558 6.15
    endloop
  endfacet
  facet normal -0 0 1
    outer loop
      vertex 47.6596 -14.3067 6.15
      vertex 48.5507 -15.6735 6.15
      vertex 47.8091 -14.1791 6.15
    endloop
  endfacet
  facet normal -0 0 1
    outer loop
      vertex 47.4918 -14.4386 6.15
      vertex 48.5507 -15.6735 6.15
      vertex 47.6596 -14.3067 6.15
    endloop
  endfacet
  facet normal -0 0 1
    outer loop
      vertex 47.3056 -14.5748 6.15
      vertex 48.5507 -15.6735 6.15
      vertex 47.4918 -14.4386 6.15
    endloop
  endfacet
  facet normal -0 0 1
    outer loop
      vertex 46.8418 -14.9045 6.15
      vertex 48.5507 -15.6735 6.15
      vertex 47.3056 -14.5748 6.15
    endloop
  endfacet
  facet normal -0 0 1
    outer loop
      vertex 46.7043 -15.0028 6.15
      vertex 48.5507 -15.6735 6.15
      vertex 46.8418 -14.9045 6.15
    endloop
  endfacet
  facet normal -0 0 1
    outer loop
      vertex 46.5821 -15.0916 6.15
      vertex 48.5507 -15.6735 6.15
      vertex 46.7043 -15.0028 6.15
    endloop
  endfacet
  facet normal -0 0 1
    outer loop
      vertex 46.4751 -15.171 6.15
      vertex 48.5507 -15.6735 6.15
      vertex 46.5821 -15.0916 6.15
    endloop
  endfacet
  facet normal -0 0 1
    outer loop
      vertex 46.3834 -15.2408 6.15
      vertex 48.5507 -15.6735 6.15
      vertex 46.4751 -15.171 6.15
    endloop
  endfacet
  facet normal -0 0 1
    outer loop
      vertex 46.3069 -15.3012 6.15
      vertex 48.5507 -15.6735 6.15
      vertex 46.3834 -15.2408 6.15
    endloop
  endfacet
  facet normal -0 0 1
    outer loop
      vertex 46.2457 -15.3521 6.15
      vertex 48.5507 -15.6735 6.15
      vertex 46.3069 -15.3012 6.15
    endloop
  endfacet
  facet normal -0 0 1
    outer loop
      vertex 46.1935 -15.3994 6.15
      vertex 48.5507 -15.6735 6.15
      vertex 46.2457 -15.3521 6.15
    endloop
  endfacet
  facet normal -0 0 1
    outer loop
      vertex 46.1442 -15.4493 6.15
      vertex 48.5507 -15.6735 6.15
      vertex 46.1935 -15.3994 6.15
    endloop
  endfacet
  facet normal -0 0 1
    outer loop
      vertex 46.0977 -15.5016 6.15
      vertex 48.5507 -15.6735 6.15
      vertex 46.1442 -15.4493 6.15
    endloop
  endfacet
  facet normal -0 0 1
    outer loop
      vertex 46.054 -15.5564 6.15
      vertex 48.5507 -15.6735 6.15
      vertex 46.0977 -15.5016 6.15
    endloop
  endfacet
  facet normal -0 0 1
    outer loop
      vertex 46.0132 -15.6138 6.15
      vertex 48.5507 -15.6735 6.15
      vertex 46.054 -15.5564 6.15
    endloop
  endfacet
  facet normal 0 0 1
    outer loop
      vertex 48.5507 -15.6735 6.15
      vertex 46.0132 -15.6138 6.15
      vertex 45.9752 -15.6735 6.15
    endloop
  endfacet
  facet normal 0 0 1
    outer loop
      vertex 45.7453 -12.4349 6.15
      vertex 47.3544 -12.6163 6.15
      vertex 47.3487 -12.495 6.15
    endloop
  endfacet
  facet normal -0 0 1
    outer loop
      vertex 45.7453 -12.4349 6.15
      vertex 47.3487 -12.495 6.15
      vertex 47.3314 -12.3807 6.15
    endloop
  endfacet
  facet normal -0 0 1
    outer loop
      vertex 45.726 -12.563 6.15
      vertex 47.3544 -12.6163 6.15
      vertex 45.7453 -12.4349 6.15
    endloop
  endfacet
  facet normal 0 0 1
    outer loop
      vertex 46.5529 -11.7453 6.15
      vertex 47.3314 -12.3807 6.15
      vertex 47.3026 -12.2734 6.15
    endloop
  endfacet
  facet normal 0 0 1
    outer loop
      vertex 47.3544 -12.6163 6.15
      vertex 45.726 -12.563 6.15
      vertex 47.3444 -12.7676 6.15
    endloop
  endfacet
  facet normal 0 0 1
    outer loop
      vertex 46.5529 -11.7453 6.15
      vertex 47.3026 -12.2734 6.15
      vertex 47.2622 -12.1731 6.15
    endloop
  endfacet
  facet normal 0 0 1
    outer loop
      vertex 46.6768 -11.7521 6.15
      vertex 47.2622 -12.1731 6.15
      vertex 47.2104 -12.0798 6.15
    endloop
  endfacet
  facet normal 0 0 1
    outer loop
      vertex 47.3444 -12.7676 6.15
      vertex 45.726 -12.563 6.15
      vertex 47.3142 -12.9148 6.15
    endloop
  endfacet
  facet normal 0 0 1
    outer loop
      vertex 46.7907 -11.7728 6.15
      vertex 47.2104 -12.0798 6.15
      vertex 47.147 -11.9935 6.15
    endloop
  endfacet
  facet normal -0 0 1
    outer loop
      vertex 45.7118 -12.7061 6.15
      vertex 47.2639 -13.058 6.15
      vertex 45.726 -12.563 6.15
    endloop
  endfacet
  facet normal 0 0 1
    outer loop
      vertex 46.7907 -11.7728 6.15
      vertex 47.147 -11.9935 6.15
      vertex 47.0728 -11.9177 6.15
    endloop
  endfacet
  facet normal 0 0 1
    outer loop
      vertex 47.2639 -13.058 6.15
      vertex 45.7118 -12.7061 6.15
      vertex 47.1935 -13.197 6.15
    endloop
  endfacet
  facet normal 0 0 1
    outer loop
      vertex 46.7907 -11.7728 6.15
      vertex 47.0728 -11.9177 6.15
      vertex 46.9887 -11.8556 6.15
    endloop
  endfacet
  facet normal 0 0 1
    outer loop
      vertex 47.1935 -13.197 6.15
      vertex 45.7118 -12.7061 6.15
      vertex 47.103 -13.3321 6.15
    endloop
  endfacet
  facet normal 0 0 1
    outer loop
      vertex 46.7907 -11.7728 6.15
      vertex 46.9887 -11.8556 6.15
      vertex 46.8947 -11.8073 6.15
    endloop
  endfacet
  facet normal 0 0 1
    outer loop
      vertex 47.2104 -12.0798 6.15
      vertex 46.7907 -11.7728 6.15
      vertex 46.6768 -11.7521 6.15
    endloop
  endfacet
  facet normal -0 0 1
    outer loop
      vertex 45.7025 -12.8641 6.15
      vertex 47.103 -13.3321 6.15
      vertex 45.7118 -12.7061 6.15
    endloop
  endfacet
  facet normal 0 0 1
    outer loop
      vertex 47.2622 -12.1731 6.15
      vertex 46.6768 -11.7521 6.15
      vertex 46.5529 -11.7453 6.15
    endloop
  endfacet
  facet normal 0 0 1
    outer loop
      vertex 47.103 -13.3321 6.15
      vertex 45.7025 -12.8641 6.15
      vertex 46.9924 -13.463 6.15
    endloop
  endfacet
  facet normal 0 0 1
    outer loop
      vertex 47.3314 -12.3807 6.15
      vertex 46.5529 -11.7453 6.15
      vertex 45.7453 -12.4349 6.15
    endloop
  endfacet
  facet normal 0 0 1
    outer loop
      vertex 46.898 -13.5548 6.15
      vertex 45.7025 -12.8641 6.15
      vertex 46.7722 -13.6647 6.15
    endloop
  endfacet
  facet normal 0 0 1
    outer loop
      vertex 45.7694 -12.3217 6.15
      vertex 46.5529 -11.7453 6.15
      vertex 46.386 -11.7562 6.15
    endloop
  endfacet
  facet normal 0 0 1
    outer loop
      vertex 45.7986 -12.2233 6.15
      vertex 46.386 -11.7562 6.15
      vertex 46.2378 -11.7891 6.15
    endloop
  endfacet
  facet normal 0 0 1
    outer loop
      vertex 46.7722 -13.6647 6.15
      vertex 45.7025 -12.8641 6.15
      vertex 46.615 -13.7927 6.15
    endloop
  endfacet
  facet normal 0 0 1
    outer loop
      vertex 45.8327 -12.1399 6.15
      vertex 46.2378 -11.7891 6.15
      vertex 46.1084 -11.8439 6.15
    endloop
  endfacet
  facet normal 0 0 1
    outer loop
      vertex 45.8327 -12.1399 6.15
      vertex 46.1084 -11.8439 6.15
      vertex 45.9977 -11.9207 6.15
    endloop
  endfacet
  facet normal 0 0 1
    outer loop
      vertex 46.4263 -13.9388 6.15
      vertex 45.7025 -12.8641 6.15
      vertex 46.2063 -14.103 6.15
    endloop
  endfacet
  facet normal 0 0 1
    outer loop
      vertex 45.8327 -12.1399 6.15
      vertex 45.9977 -11.9207 6.15
      vertex 45.9059 -12.0193 6.15
    endloop
  endfacet
  facet normal 0 0 1
    outer loop
      vertex 46.2378 -11.7891 6.15
      vertex 45.8327 -12.1399 6.15
      vertex 45.7986 -12.2233 6.15
    endloop
  endfacet
  facet normal 0 0 1
    outer loop
      vertex 46.386 -11.7562 6.15
      vertex 45.7986 -12.2233 6.15
      vertex 45.7694 -12.3217 6.15
    endloop
  endfacet
  facet normal 0 0 1
    outer loop
      vertex 46.5529 -11.7453 6.15
      vertex 45.7694 -12.3217 6.15
      vertex 45.7453 -12.4349 6.15
    endloop
  endfacet
  facet normal 0 0 1
    outer loop
      vertex 47.3142 -12.9148 6.15
      vertex 45.726 -12.563 6.15
      vertex 47.2639 -13.058 6.15
    endloop
  endfacet
  facet normal 0 0 1
    outer loop
      vertex 46.9924 -13.463 6.15
      vertex 45.7025 -12.8641 6.15
      vertex 46.898 -13.5548 6.15
    endloop
  endfacet
  facet normal 0 0 1
    outer loop
      vertex 46.615 -13.7927 6.15
      vertex 45.7025 -12.8641 6.15
      vertex 46.4263 -13.9388 6.15
    endloop
  endfacet
  facet normal 0 0 1
    outer loop
      vertex 46.2063 -14.103 6.15
      vertex 45.7025 -12.8641 6.15
      vertex 45.9548 -14.2852 6.15
    endloop
  endfacet
  facet normal 0 0 1
    outer loop
      vertex 45.7025 -12.8641 6.15
      vertex 45.6657 -14.5031 6.15
      vertex 45.9548 -14.2852 6.15
    endloop
  endfacet
  facet normal -0 0 1
    outer loop
      vertex 44.5755 -12.8641 6.15
      vertex 45.6657 -14.5031 6.15
      vertex 45.7025 -12.8641 6.15
    endloop
  endfacet
  facet normal 0 0 1
    outer loop
      vertex 45.6657 -14.5031 6.15
      vertex 44.5755 -12.8641 6.15
      vertex 45.4141 -14.7172 6.15
    endloop
  endfacet
  facet normal 0 0 1
    outer loop
      vertex 45.4141 -14.7172 6.15
      vertex 44.5755 -12.8641 6.15
      vertex 45.2 -14.9274 6.15
    endloop
  endfacet
  facet normal 0 0 1
    outer loop
      vertex 45.2 -14.9274 6.15
      vertex 44.5755 -12.8641 6.15
      vertex 45.0235 -15.1337 6.15
    endloop
  endfacet
  facet normal 0 0 1
    outer loop
      vertex 45.0235 -15.1337 6.15
      vertex 44.5755 -12.8641 6.15
      vertex 44.8845 -15.3362 6.15
    endloop
  endfacet
  facet normal 0 0 1
    outer loop
      vertex 42.8773 -16.695 6.15
      vertex 44.8845 -15.3362 6.15
      vertex 44.5755 -12.8641 6.15
    endloop
  endfacet
  facet normal 0 0 1
    outer loop
      vertex 44.8845 -15.3362 6.15
      vertex 42.8773 -16.695 6.15
      vertex 44.783 -15.5349 6.15
    endloop
  endfacet
  facet normal 0 0 1
    outer loop
      vertex 44.783 -15.5349 6.15
      vertex 42.8773 -16.695 6.15
      vertex 44.7042 -15.713 6.15
    endloop
  endfacet
  facet normal 0 0 1
    outer loop
      vertex 44.7042 -15.713 6.15
      vertex 42.8773 -16.695 6.15
      vertex 44.6388 -15.8972 6.15
    endloop
  endfacet
  facet normal 0 0 1
    outer loop
      vertex 44.6388 -15.8972 6.15
      vertex 42.8773 -16.695 6.15
      vertex 44.5867 -16.0875 6.15
    endloop
  endfacet
  facet normal 0 0 1
    outer loop
      vertex -56.3828 2.31982 6.15
      vertex -55.6069 1.47572 6.15
      vertex -55.6135 1.60384 6.15
    endloop
  endfacet
  facet normal 0 0 1
    outer loop
      vertex -56.254 2.30101 6.15
      vertex -55.6135 1.60384 6.15
      vertex -55.6335 1.72234 6.15
    endloop
  endfacet
  facet normal 0 0 1
    outer loop
      vertex -56.3828 2.31982 6.15
      vertex -55.6135 1.60384 6.15
      vertex -56.254 2.30101 6.15
    endloop
  endfacet
  facet normal 0 0 1
    outer loop
      vertex -56.1359 2.26964 6.15
      vertex -55.6335 1.72234 6.15
      vertex -55.6669 1.83124 6.15
    endloop
  endfacet
  facet normal 0 0 1
    outer loop
      vertex -56.3828 0.631607 6.15
      vertex -55.6069 1.47572 6.15
      vertex -56.3828 2.31982 6.15
    endloop
  endfacet
  facet normal 0 0 1
    outer loop
      vertex -56.0288 2.22572 6.15
      vertex -55.6669 1.83124 6.15
      vertex -55.7136 1.93053 6.15
    endloop
  endfacet
  facet normal 0 0 1
    outer loop
      vertex -55.6135 1.34761 6.15
      vertex -56.254 0.650421 6.15
      vertex -55.6335 1.2291 6.15
    endloop
  endfacet
  facet normal 0 0 1
    outer loop
      vertex -56.0288 2.22572 6.15
      vertex -55.7136 1.93053 6.15
      vertex -55.7736 2.0202 6.15
    endloop
  endfacet
  facet normal 0 0 1
    outer loop
      vertex -55.6335 1.72234 6.15
      vertex -56.1359 2.26964 6.15
      vertex -56.254 2.30101 6.15
    endloop
  endfacet
  facet normal 0 0 1
    outer loop
      vertex -56.0288 2.22572 6.15
      vertex -55.7736 2.0202 6.15
      vertex -55.847 2.10027 6.15
    endloop
  endfacet
  facet normal 0 -0 1
    outer loop
      vertex -56.1359 0.681793 6.15
      vertex -55.6335 1.2291 6.15
      vertex -56.254 0.650421 6.15
    endloop
  endfacet
  facet normal 0 0 1
    outer loop
      vertex -56.0288 2.22572 6.15
      vertex -55.847 2.10027 6.15
      vertex -55.9324 2.16927 6.15
    endloop
  endfacet
  facet normal 0 0 1
    outer loop
      vertex -55.6669 1.83124 6.15
      vertex -56.0288 2.22572 6.15
      vertex -56.1359 2.26964 6.15
    endloop
  endfacet
  facet normal 0 0 1
    outer loop
      vertex -55.6669 1.12019 6.15
      vertex -56.0288 0.725693 6.15
      vertex -55.7136 1.02089 6.15
    endloop
  endfacet
  facet normal 0 0 1
    outer loop
      vertex -55.847 0.85112 6.15
      vertex -56.0288 0.725693 6.15
      vertex -55.9324 0.782135 6.15
    endloop
  endfacet
  facet normal 0 0 1
    outer loop
      vertex -55.7136 1.02089 6.15
      vertex -56.0288 0.725693 6.15
      vertex -55.7736 0.931198 6.15
    endloop
  endfacet
  facet normal 0 0 1
    outer loop
      vertex -55.7736 0.931198 6.15
      vertex -56.0288 0.725693 6.15
      vertex -55.847 0.85112 6.15
    endloop
  endfacet
  facet normal 0 0 1
    outer loop
      vertex -55.6335 1.2291 6.15
      vertex -56.1359 0.681793 6.15
      vertex -55.6669 1.12019 6.15
    endloop
  endfacet
  facet normal 0 -0 1
    outer loop
      vertex -56.0288 0.725693 6.15
      vertex -55.6669 1.12019 6.15
      vertex -56.1359 0.681793 6.15
    endloop
  endfacet
  facet normal 0 0 1
    outer loop
      vertex -55.6069 1.47572 6.15
      vertex -56.3828 0.631607 6.15
      vertex -55.6135 1.34761 6.15
    endloop
  endfacet
  facet normal 0 0 1
    outer loop
      vertex -55.6135 1.34761 6.15
      vertex -56.3828 0.631607 6.15
      vertex -56.254 0.650421 6.15
    endloop
  endfacet
  facet normal 0 0 1
    outer loop
      vertex -56.5226 2.3261 6.15
      vertex -56.3828 0.631607 6.15
      vertex -56.3828 2.31982 6.15
    endloop
  endfacet
  facet normal 0 0 1
    outer loop
      vertex -56.5226 2.3261 6.15
      vertex -56.5226 0.625336 6.15
      vertex -56.3828 0.631607 6.15
    endloop
  endfacet
  facet normal -0 0 1
    outer loop
      vertex -56.6671 2.31972 6.15
      vertex -56.5226 0.625336 6.15
      vertex -56.5226 2.3261 6.15
    endloop
  endfacet
  facet normal 0 0 1
    outer loop
      vertex -56.6671 2.31972 6.15
      vertex -56.6671 0.631729 6.15
      vertex -56.5226 0.625336 6.15
    endloop
  endfacet
  facet normal 0 0 1
    outer loop
      vertex -57.4424 1.47572 6.15
      vertex -56.6671 2.31972 6.15
      vertex -56.7995 2.30055 6.15
    endloop
  endfacet
  facet normal 0 0 1
    outer loop
      vertex -56.6671 2.31972 6.15
      vertex -57.4424 1.47572 6.15
      vertex -56.6671 0.631729 6.15
    endloop
  endfacet
  facet normal 0 0 1
    outer loop
      vertex -57.4359 1.60146 6.15
      vertex -56.7995 2.30055 6.15
      vertex -56.9199 2.26862 6.15
    endloop
  endfacet
  facet normal 0 0 1
    outer loop
      vertex -56.6671 0.631729 6.15
      vertex -57.4424 1.47572 6.15
      vertex -56.7995 0.650879 6.15
    endloop
  endfacet
  facet normal 0 0 1
    outer loop
      vertex -57.4164 1.71826 6.15
      vertex -56.9199 2.26862 6.15
      vertex -57.0281 2.22391 6.15
    endloop
  endfacet
  facet normal -0 -0 1
    outer loop
      vertex -57.4359 1.34999 6.15
      vertex -56.7995 0.650879 6.15
      vertex -57.4424 1.47572 6.15
    endloop
  endfacet
  facet normal 0 0 1
    outer loop
      vertex -57.4164 1.71826 6.15
      vertex -57.0281 2.22391 6.15
      vertex -57.1243 2.16643 6.15
    endloop
  endfacet
  facet normal 0 0 1
    outer loop
      vertex -56.7995 0.650879 6.15
      vertex -57.4359 1.34999 6.15
      vertex -56.9199 0.6828 6.15
    endloop
  endfacet
  facet normal 0 0 1
    outer loop
      vertex -57.4164 1.71826 6.15
      vertex -57.1243 2.16643 6.15
      vertex -57.2083 2.09618 6.15
    endloop
  endfacet
  facet normal -0 -0 1
    outer loop
      vertex -57.4164 1.23317 6.15
      vertex -56.9199 0.6828 6.15
      vertex -57.4359 1.34999 6.15
    endloop
  endfacet
  facet normal 0 0 1
    outer loop
      vertex -57.4164 1.71826 6.15
      vertex -57.2083 2.09618 6.15
      vertex -57.2798 2.01509 6.15
    endloop
  endfacet
  facet normal 0 0 1
    outer loop
      vertex -56.9199 0.6828 6.15
      vertex -57.4164 1.23317 6.15
      vertex -57.0281 0.727509 6.15
    endloop
  endfacet
  facet normal 0 0 1
    outer loop
      vertex -57.4164 1.71826 6.15
      vertex -57.2798 2.01509 6.15
      vertex -57.3383 1.92508 6.15
    endloop
  endfacet
  facet normal 0 0 1
    outer loop
      vertex -57.0281 0.727509 6.15
      vertex -57.4164 1.23317 6.15
      vertex -57.1243 0.784973 6.15
    endloop
  endfacet
  facet normal 0 0 1
    outer loop
      vertex -57.4164 1.71826 6.15
      vertex -57.3383 1.92508 6.15
      vertex -57.3839 1.82614 6.15
    endloop
  endfacet
  facet normal 0 0 1
    outer loop
      vertex -57.1243 0.784973 6.15
      vertex -57.4164 1.23317 6.15
      vertex -57.2083 0.855194 6.15
    endloop
  endfacet
  facet normal 0 0 1
    outer loop
      vertex -56.9199 2.26862 6.15
      vertex -57.4164 1.71826 6.15
      vertex -57.4359 1.60146 6.15
    endloop
  endfacet
  facet normal 0 0 1
    outer loop
      vertex -56.7995 2.30055 6.15
      vertex -57.4359 1.60146 6.15
      vertex -57.4424 1.47572 6.15
    endloop
  endfacet
  facet normal 0 0 1
    outer loop
      vertex -57.2083 0.855194 6.15
      vertex -57.4164 1.23317 6.15
      vertex -57.2798 0.93631 6.15
    endloop
  endfacet
  facet normal 0 0 1
    outer loop
      vertex -57.3383 1.02634 6.15
      vertex -57.4164 1.23317 6.15
      vertex -57.3839 1.12529 6.15
    endloop
  endfacet
  facet normal 0 0 1
    outer loop
      vertex -57.2798 0.93631 6.15
      vertex -57.4164 1.23317 6.15
      vertex -57.3383 1.02634 6.15
    endloop
  endfacet
  facet normal 0 0 1
    outer loop
      vertex -59.0567 2.21625 6.15
      vertex -58.3294 1.47572 6.15
      vertex -58.335 1.58925 6.15
    endloop
  endfacet
  facet normal 0 0 1
    outer loop
      vertex -58.9529 2.21088 6.15
      vertex -58.335 1.58925 6.15
      vertex -58.352 1.69386 6.15
    endloop
  endfacet
  facet normal 0 0 1
    outer loop
      vertex -59.8001 1.47572 6.15
      vertex -58.3294 1.47572 6.15
      vertex -59.0567 2.21625 6.15
    endloop
  endfacet
  facet normal 0 0 1
    outer loop
      vertex -58.7651 2.16792 6.15
      vertex -58.352 1.69386 6.15
      vertex -58.3802 1.78954 6.15
    endloop
  endfacet
  facet normal 0 -0 1
    outer loop
      vertex -59.0567 0.731186 6.15
      vertex -58.3294 1.47572 6.15
      vertex -59.8001 1.47572 6.15
    endloop
  endfacet
  facet normal 0 0 1
    outer loop
      vertex -58.6035 2.08203 6.15
      vertex -58.3802 1.78954 6.15
      vertex -58.4197 1.87628 6.15
    endloop
  endfacet
  facet normal 0 0 1
    outer loop
      vertex -58.335 1.58925 6.15
      vertex -58.9529 2.21088 6.15
      vertex -59.0567 2.21625 6.15
    endloop
  endfacet
  facet normal 0 0 1
    outer loop
      vertex -58.5325 2.02298 6.15
      vertex -58.4197 1.87628 6.15
      vertex -58.4704 1.9541 6.15
    endloop
  endfacet
  facet normal 0 -0 1
    outer loop
      vertex -58.9529 0.736725 6.15
      vertex -58.335 1.36337 6.15
      vertex -59.0567 0.731186 6.15
    endloop
  endfacet
  facet normal 0 0 1
    outer loop
      vertex -58.6035 2.08203 6.15
      vertex -58.4197 1.87628 6.15
      vertex -58.5325 2.02298 6.15
    endloop
  endfacet
  facet normal 0 0 1
    outer loop
      vertex -58.352 1.69386 6.15
      vertex -58.8557 2.19476 6.15
      vertex -58.9529 2.21088 6.15
    endloop
  endfacet
  facet normal 0 0 1
    outer loop
      vertex -58.3802 1.78954 6.15
      vertex -58.6035 2.08203 6.15
      vertex -58.7651 2.16792 6.15
    endloop
  endfacet
  facet normal 0 0 1
    outer loop
      vertex -58.352 1.25963 6.15
      vertex -58.8558 0.753326 6.15
      vertex -58.3802 1.16446 6.15
    endloop
  endfacet
  facet normal 0 0 1
    outer loop
      vertex -58.7651 2.16792 6.15
      vertex -58.6035 2.08203 6.15
      vertex -58.681 2.13034 6.15
    endloop
  endfacet
  facet normal 0 0 1
    outer loop
      vertex -58.352 1.69386 6.15
      vertex -58.7651 2.16792 6.15
      vertex -58.8557 2.19476 6.15
    endloop
  endfacet
  facet normal 0 -0 1
    outer loop
      vertex -58.5326 0.930496 6.15
      vertex -58.3802 1.16446 6.15
      vertex -58.8558 0.753326 6.15
    endloop
  endfacet
  facet normal 0 0 1
    outer loop
      vertex -58.4197 1.07788 6.15
      vertex -58.5326 0.930496 6.15
      vertex -58.4705 0.999893 6.15
    endloop
  endfacet
  facet normal 0 0 1
    outer loop
      vertex -58.6035 0.869598 6.15
      vertex -58.7651 0.781006 6.15
      vertex -58.6811 0.819763 6.15
    endloop
  endfacet
  facet normal 0 0 1
    outer loop
      vertex -58.6035 0.869598 6.15
      vertex -58.8558 0.753326 6.15
      vertex -58.7651 0.781006 6.15
    endloop
  endfacet
  facet normal 0 0 1
    outer loop
      vertex -58.5326 0.930496 6.15
      vertex -58.8558 0.753326 6.15
      vertex -58.6035 0.869598 6.15
    endloop
  endfacet
  facet normal 0 0 1
    outer loop
      vertex -58.3802 1.16446 6.15
      vertex -58.5326 0.930496 6.15
      vertex -58.4197 1.07788 6.15
    endloop
  endfacet
  facet normal 0 0 1
    outer loop
      vertex -58.335 1.36337 6.15
      vertex -58.9529 0.736725 6.15
      vertex -58.352 1.25963 6.15
    endloop
  endfacet
  facet normal 0 -0 1
    outer loop
      vertex -58.8558 0.753326 6.15
      vertex -58.352 1.25963 6.15
      vertex -58.9529 0.736725 6.15
    endloop
  endfacet
  facet normal 0 0 1
    outer loop
      vertex -59.8001 1.47572 6.15
      vertex -59.0567 2.21625 6.15
      vertex -59.1689 2.21088 6.15
    endloop
  endfacet
  facet normal 0 0 1
    outer loop
      vertex -58.3294 1.47572 6.15
      vertex -59.0567 0.731186 6.15
      vertex -58.335 1.36337 6.15
    endloop
  endfacet
  facet normal 0 0 1
    outer loop
      vertex -59.7946 1.58925 6.15
      vertex -59.1689 2.21088 6.15
      vertex -59.2726 2.19476 6.15
    endloop
  endfacet
  facet normal 0 0 1
    outer loop
      vertex -59.0567 0.731186 6.15
      vertex -59.8001 1.47572 6.15
      vertex -59.1689 0.736664 6.15
    endloop
  endfacet
  facet normal 0 0 1
    outer loop
      vertex -59.7782 1.69386 6.15
      vertex -59.2726 2.19476 6.15
      vertex -59.368 2.16792 6.15
    endloop
  endfacet
  facet normal -0 -0 1
    outer loop
      vertex -59.7946 1.36331 6.15
      vertex -59.1689 0.736664 6.15
      vertex -59.8001 1.47572 6.15
    endloop
  endfacet
  facet normal 0 0 1
    outer loop
      vertex -59.7509 1.78954 6.15
      vertex -59.368 2.16792 6.15
      vertex -59.4548 2.13034 6.15
    endloop
  endfacet
  facet normal 0 0 1
    outer loop
      vertex -59.1689 0.736664 6.15
      vertex -59.7946 1.36331 6.15
      vertex -59.2726 0.753098 6.15
    endloop
  endfacet
  facet normal 0 0 1
    outer loop
      vertex -59.7509 1.78954 6.15
      vertex -59.4548 2.13034 6.15
      vertex -59.5332 2.08203 6.15
    endloop
  endfacet
  facet normal -0 -0 1
    outer loop
      vertex -59.7782 1.2594 6.15
      vertex -59.2726 0.753098 6.15
      vertex -59.7946 1.36331 6.15
    endloop
  endfacet
  facet normal 0 0 1
    outer loop
      vertex -59.7509 1.78954 6.15
      vertex -59.5332 2.08203 6.15
      vertex -59.6031 2.02298 6.15
    endloop
  endfacet
  facet normal 0 0 1
    outer loop
      vertex -59.2726 0.753098 6.15
      vertex -59.7782 1.2594 6.15
      vertex -59.368 0.780502 6.15
    endloop
  endfacet
  facet normal 0 0 1
    outer loop
      vertex -59.7509 1.78954 6.15
      vertex -59.6031 2.02298 6.15
      vertex -59.6633 1.9541 6.15
    endloop
  endfacet
  facet normal 0 0 1
    outer loop
      vertex -59.368 0.780502 6.15
      vertex -59.7782 1.2594 6.15
      vertex -59.4548 0.818863 6.15
    endloop
  endfacet
  facet normal 0 0 1
    outer loop
      vertex -59.7509 1.78954 6.15
      vertex -59.6633 1.9541 6.15
      vertex -59.7125 1.87628 6.15
    endloop
  endfacet
  facet normal 0 0 1
    outer loop
      vertex -59.4548 0.818863 6.15
      vertex -59.7782 1.2594 6.15
      vertex -59.5332 0.868179 6.15
    endloop
  endfacet
  facet normal 0 0 1
    outer loop
      vertex -59.368 2.16792 6.15
      vertex -59.7509 1.78954 6.15
      vertex -59.7782 1.69386 6.15
    endloop
  endfacet
  facet normal 0 0 1
    outer loop
      vertex -59.5332 0.868179 6.15
      vertex -59.7782 1.2594 6.15
      vertex -59.6031 0.928467 6.15
    endloop
  endfacet
  facet normal 0 0 1
    outer loop
      vertex -59.2726 2.19476 6.15
      vertex -59.7782 1.69386 6.15
      vertex -59.7946 1.58925 6.15
    endloop
  endfacet
  facet normal 0 0 1
    outer loop
      vertex -59.1689 2.21088 6.15
      vertex -59.7946 1.58925 6.15
      vertex -59.8001 1.47572 6.15
    endloop
  endfacet
  facet normal 0 0 1
    outer loop
      vertex -59.6031 0.928467 6.15
      vertex -59.7782 1.2594 6.15
      vertex -59.6633 0.998474 6.15
    endloop
  endfacet
  facet normal 0 0 1
    outer loop
      vertex -59.6633 0.998474 6.15
      vertex -59.7782 1.2594 6.15
      vertex -59.7125 1.07698 6.15
    endloop
  endfacet
  facet normal 0 0 1
    outer loop
      vertex -59.7125 1.07698 6.15
      vertex -59.7782 1.2594 6.15
      vertex -59.7509 1.16394 6.15
    endloop
  endfacet
  facet normal 0 0 -1
    outer loop
      vertex -21.3094 -17.3755 4.74
      vertex -20.6906 -17.3755 4.74
      vertex -20.5447 -17.983 4.74
    endloop
  endfacet
  facet normal 0 0 -1
    outer loop
      vertex -21.309 -17.3728 4.74
      vertex -20.691 -17.3728 4.74
      vertex -20.6909 -17.3742 4.74
    endloop
  endfacet
  facet normal 0 0 -1
    outer loop
      vertex -20.74 -16.75 4.74
      vertex -21.26 -16.75 4.74
      vertex -20.74 16.75 4.74
    endloop
  endfacet
  facet normal 0 0 -1
    outer loop
      vertex -20.691 -17.3728 4.74
      vertex -21.26 -16.75 4.74
      vertex -20.74 -16.75 4.74
    endloop
  endfacet
  facet normal 0 0 -1
    outer loop
      vertex -20.6906 -17.3755 4.74
      vertex -21.3094 -17.3755 4.74
      vertex -20.6909 -17.3742 4.74
    endloop
  endfacet
  facet normal 0 0 -1
    outer loop
      vertex -21.4553 -17.983 4.74
      vertex -20.5447 -17.983 4.74
      vertex -20.4341 -18.25 4.74
    endloop
  endfacet
  facet normal 0 0 -1
    outer loop
      vertex -20.691 -17.3728 4.74
      vertex -21.309 -17.3728 4.74
      vertex -21.26 -16.75 4.74
    endloop
  endfacet
  facet normal 0 0 -1
    outer loop
      vertex -20.6909 -17.3742 4.74
      vertex -21.3091 -17.3742 4.74
      vertex -21.309 -17.3728 4.74
    endloop
  endfacet
  facet normal -0 0 -1
    outer loop
      vertex -20.6909 -17.3742 4.74
      vertex -21.3094 -17.3755 4.74
      vertex -21.3091 -17.3742 4.74
    endloop
  endfacet
  facet normal 0 0 -1
    outer loop
      vertex -20.5447 -17.983 4.74
      vertex -21.4553 -17.983 4.74
      vertex -21.3094 -17.3755 4.74
    endloop
  endfacet
  facet normal 0 -0 -1
    outer loop
      vertex -21.4553 -17.983 4.74
      vertex -20.4341 -18.25 4.74
      vertex -21.5659 -18.25 4.74
    endloop
  endfacet
  facet normal 0 0 -1
    outer loop
      vertex -21.3094 17.3755 4.74
      vertex -20.6906 17.3755 4.74
      vertex -20.6909 17.3742 4.74
    endloop
  endfacet
  facet normal 0 0 -1
    outer loop
      vertex -21.26 16.75 4.74
      vertex -20.691 17.3728 4.74
      vertex -20.74 16.75 4.74
    endloop
  endfacet
  facet normal 0 0 -1
    outer loop
      vertex -21.26 16.75 4.74
      vertex -20.74 16.75 4.74
      vertex -21.26 -16.75 4.74
    endloop
  endfacet
  facet normal 0 0 -1
    outer loop
      vertex -21.309 17.3728 4.74
      vertex -20.691 17.3728 4.74
      vertex -21.26 16.75 4.74
    endloop
  endfacet
  facet normal 0 0 -1
    outer loop
      vertex -20.691 17.3728 4.74
      vertex -21.309 17.3728 4.74
      vertex -20.6909 17.3742 4.74
    endloop
  endfacet
  facet normal 0 0 -1
    outer loop
      vertex -21.3091 17.3742 4.74
      vertex -20.6909 17.3742 4.74
      vertex -21.309 17.3728 4.74
    endloop
  endfacet
  facet normal 0 0 -1
    outer loop
      vertex -21.3094 17.3755 4.74
      vertex -20.6909 17.3742 4.74
      vertex -21.3091 17.3742 4.74
    endloop
  endfacet
  facet normal 0 0 -1
    outer loop
      vertex -20.6906 17.3755 4.74
      vertex -21.3094 17.3755 4.74
      vertex -20.5447 17.983 4.74
    endloop
  endfacet
  facet normal 0 0 -1
    outer loop
      vertex -21.4553 17.983 4.74
      vertex -20.5447 17.983 4.74
      vertex -21.3094 17.3755 4.74
    endloop
  endfacet
  facet normal 0 0 -1
    outer loop
      vertex -20.5447 17.983 4.74
      vertex -21.4553 17.983 4.74
      vertex -20.4341 18.25 4.74
    endloop
  endfacet
  facet normal -0 0 -1
    outer loop
      vertex -20.4341 18.25 4.74
      vertex -21.4553 17.983 4.74
      vertex -21.5659 18.25 4.74
    endloop
  endfacet
  facet normal 0 0 -1
    outer loop
      vertex 20.6906 -17.3755 4.74
      vertex 21.3094 -17.3755 4.74
      vertex 21.4553 -17.983 4.74
    endloop
  endfacet
  facet normal 0 0 -1
    outer loop
      vertex 20.691 -17.3728 4.74
      vertex 21.309 -17.3728 4.74
      vertex 21.3091 -17.3742 4.74
    endloop
  endfacet
  facet normal 0 0 -1
    outer loop
      vertex 21.26 -16.75 4.74
      vertex 20.74 -16.75 4.74
      vertex 21.26 16.75 4.74
    endloop
  endfacet
  facet normal 0 0 -1
    outer loop
      vertex 21.309 -17.3728 4.74
      vertex 20.74 -16.75 4.74
      vertex 21.26 -16.75 4.74
    endloop
  endfacet
  facet normal 0 0 -1
    outer loop
      vertex 21.3094 -17.3755 4.74
      vertex 20.6906 -17.3755 4.74
      vertex 21.3091 -17.3742 4.74
    endloop
  endfacet
  facet normal 0 0 -1
    outer loop
      vertex 20.5447 -17.983 4.74
      vertex 21.4553 -17.983 4.74
      vertex 21.5659 -18.25 4.74
    endloop
  endfacet
  facet normal 0 0 -1
    outer loop
      vertex 21.309 -17.3728 4.74
      vertex 20.691 -17.3728 4.74
      vertex 20.74 -16.75 4.74
    endloop
  endfacet
  facet normal 0 0 -1
    outer loop
      vertex 21.3091 -17.3742 4.74
      vertex 20.6909 -17.3742 4.74
      vertex 20.691 -17.3728 4.74
    endloop
  endfacet
  facet normal -0 0 -1
    outer loop
      vertex 21.3091 -17.3742 4.74
      vertex 20.6906 -17.3755 4.74
      vertex 20.6909 -17.3742 4.74
    endloop
  endfacet
  facet normal 0 0 -1
    outer loop
      vertex 21.4553 -17.983 4.74
      vertex 20.5447 -17.983 4.74
      vertex 20.6906 -17.3755 4.74
    endloop
  endfacet
  facet normal 0 -0 -1
    outer loop
      vertex 20.5447 -17.983 4.74
      vertex 21.5659 -18.25 4.74
      vertex 20.4341 -18.25 4.74
    endloop
  endfacet
  facet normal 0 0 -1
    outer loop
      vertex 20.6906 17.3755 4.74
      vertex 21.3094 17.3755 4.74
      vertex 21.3091 17.3742 4.74
    endloop
  endfacet
  facet normal 0 0 -1
    outer loop
      vertex 20.74 16.75 4.74
      vertex 21.309 17.3728 4.74
      vertex 21.26 16.75 4.74
    endloop
  endfacet
  facet normal 0 0 -1
    outer loop
      vertex 20.74 16.75 4.74
      vertex 21.26 16.75 4.74
      vertex 20.74 -16.75 4.74
    endloop
  endfacet
  facet normal 0 0 -1
    outer loop
      vertex 20.691 17.3728 4.74
      vertex 21.309 17.3728 4.74
      vertex 20.74 16.75 4.74
    endloop
  endfacet
  facet normal 0 0 -1
    outer loop
      vertex 21.309 17.3728 4.74
      vertex 20.691 17.3728 4.74
      vertex 21.3091 17.3742 4.74
    endloop
  endfacet
  facet normal 0 0 -1
    outer loop
      vertex 20.6909 17.3742 4.74
      vertex 21.3091 17.3742 4.74
      vertex 20.691 17.3728 4.74
    endloop
  endfacet
  facet normal 0 0 -1
    outer loop
      vertex 20.6906 17.3755 4.74
      vertex 21.3091 17.3742 4.74
      vertex 20.6909 17.3742 4.74
    endloop
  endfacet
  facet normal 0 0 -1
    outer loop
      vertex 21.3094 17.3755 4.74
      vertex 20.6906 17.3755 4.74
      vertex 21.4553 17.983 4.74
    endloop
  endfacet
  facet normal 0 0 -1
    outer loop
      vertex 20.5447 17.983 4.74
      vertex 21.4553 17.983 4.74
      vertex 20.6906 17.3755 4.74
    endloop
  endfacet
  facet normal 0 0 -1
    outer loop
      vertex 21.4553 17.983 4.74
      vertex 20.5447 17.983 4.74
      vertex 21.5659 18.25 4.74
    endloop
  endfacet
  facet normal -0 0 -1
    outer loop
      vertex 21.5659 18.25 4.74
      vertex 20.5447 17.983 4.74
      vertex 20.4341 18.25 4.74
    endloop
  endfacet
  facet normal 1 -0 0
    outer loop
      vertex -39.215 -3.035 6.2
      vertex -39.215 6.035 6.15
      vertex -39.215 6.035 6.2
    endloop
  endfacet
  facet normal 1 0 0
    outer loop
      vertex -39.215 6.035 6.15
      vertex -39.215 -3.035 6.2
      vertex -39.215 -3.035 6.15
    endloop
  endfacet
  facet normal -1 0 0
    outer loop
      vertex -48.285 -3.035 6.15
      vertex -48.285 6.035 6.2
      vertex -48.285 6.035 6.15
    endloop
  endfacet
  facet normal -1 -0 0
    outer loop
      vertex -48.285 6.035 6.2
      vertex -48.285 -3.035 6.15
      vertex -48.285 -3.035 6.2
    endloop
  endfacet
  facet normal -0.999861 0 0.0166644
    outer loop
      vertex -48.285 6.035 6.2
      vertex -47.985 -2.735 24.2
      vertex -47.985 5.735 24.2
    endloop
  endfacet
  facet normal -0.999861 0 0.0166644
    outer loop
      vertex -47.985 -2.735 24.2
      vertex -48.285 6.035 6.2
      vertex -48.285 -3.035 6.2
    endloop
  endfacet
  facet normal 0 1 -0
    outer loop
      vertex -39.215 6.035 6.15
      vertex -48.285 6.035 6.2
      vertex -39.215 6.035 6.2
    endloop
  endfacet
  facet normal 0 1 0
    outer loop
      vertex -48.285 6.035 6.2
      vertex -39.215 6.035 6.15
      vertex -48.285 6.035 6.15
    endloop
  endfacet
  facet normal -0 0 1
    outer loop
      vertex -47.985 5.735 24.2
      vertex -39.515 -2.735 24.2
      vertex -39.515 5.735 24.2
    endloop
  endfacet
  facet normal 0 0 1
    outer loop
      vertex -39.515 -2.735 24.2
      vertex -47.985 5.735 24.2
      vertex -47.985 -2.735 24.2
    endloop
  endfacet
  facet normal 0 -0.999861 0.0166644
    outer loop
      vertex -48.285 -3.035 6.2
      vertex -39.515 -2.735 24.2
      vertex -47.985 -2.735 24.2
    endloop
  endfacet
  facet normal 0 -0.999861 0.0166644
    outer loop
      vertex -39.515 -2.735 24.2
      vertex -48.285 -3.035 6.2
      vertex -39.215 -3.035 6.2
    endloop
  endfacet
  facet normal 0 -1 0
    outer loop
      vertex -48.285 -3.035 6.15
      vertex -39.215 -3.035 6.2
      vertex -48.285 -3.035 6.2
    endloop
  endfacet
  facet normal 0 -1 -0
    outer loop
      vertex -39.215 -3.035 6.2
      vertex -48.285 -3.035 6.15
      vertex -39.215 -3.035 6.15
    endloop
  endfacet
  facet normal 0 0.999861 0.0166644
    outer loop
      vertex -39.215 6.035 6.2
      vertex -47.985 5.735 24.2
      vertex -39.515 5.735 24.2
    endloop
  endfacet
  facet normal 0 0.999861 0.0166644
    outer loop
      vertex -47.985 5.735 24.2
      vertex -39.215 6.035 6.2
      vertex -48.285 6.035 6.2
    endloop
  endfacet
  facet normal 0.999861 -0 0.0166644
    outer loop
      vertex -39.515 -2.735 24.2
      vertex -39.215 6.035 6.2
      vertex -39.515 5.735 24.2
    endloop
  endfacet
  facet normal 0.999861 0 0.0166644
    outer loop
      vertex -39.215 6.035 6.2
      vertex -39.515 -2.735 24.2
      vertex -39.215 -3.035 6.2
    endloop
  endfacet
  facet normal 0 0 1
    outer loop
      vertex -42.5708 -13.4365 7.15
      vertex -42.8946 -14.761 7.15
      vertex -42.8882 -14.9055 7.15
    endloop
  endfacet
  facet normal 0 0 1
    outer loop
      vertex -42.5708 -13.4365 7.15
      vertex -42.9137 -14.6286 7.15
      vertex -42.8946 -14.761 7.15
    endloop
  endfacet
  facet normal -0 0 1
    outer loop
      vertex -43.0839 -12.7471 7.15
      vertex -42.3192 -13.2641 7.15
      vertex -43.0464 -12.663 7.15
    endloop
  endfacet
  facet normal 0 0 1
    outer loop
      vertex -43.338 -11.7156 7.15
      vertex -42.7385 -10.8926 7.15
      vertex -42.9553 -10.8044 7.15
    endloop
  endfacet
  facet normal 0 0 1
    outer loop
      vertex -42.2184 -13.1706 7.15
      vertex -43.0464 -12.663 7.15
      vertex -42.3192 -13.2641 7.15
    endloop
  endfacet
  facet normal 0 0 1
    outer loop
      vertex -42.3192 -13.2641 7.15
      vertex -43.0839 -12.7471 7.15
      vertex -42.4367 -13.3527 7.15
    endloop
  endfacet
  facet normal 0 0 1
    outer loop
      vertex -42.1341 -13.0722 7.15
      vertex -43.0464 -12.663 7.15
      vertex -42.2184 -13.1706 7.15
    endloop
  endfacet
  facet normal 0 0 1
    outer loop
      vertex -42.7385 -10.8926 7.15
      vertex -43.0195 -12.1555 7.15
      vertex -43.0034 -12.2592 7.15
    endloop
  endfacet
  facet normal 0 0 1
    outer loop
      vertex -42.7385 -10.8926 7.15
      vertex -43.0464 -12.0602 7.15
      vertex -43.0195 -12.1555 7.15
    endloop
  endfacet
  facet normal 0 0 1
    outer loop
      vertex -42.7385 -10.8926 7.15
      vertex -43.0839 -11.9733 7.15
      vertex -43.0464 -12.0602 7.15
    endloop
  endfacet
  facet normal 0 0 1
    outer loop
      vertex -42.7385 -10.8926 7.15
      vertex -43.1322 -11.895 7.15
      vertex -43.0839 -11.9733 7.15
    endloop
  endfacet
  facet normal 0 0 1
    outer loop
      vertex -42.7385 -10.8926 7.15
      vertex -43.1913 -11.8251 7.15
      vertex -43.1322 -11.895 7.15
    endloop
  endfacet
  facet normal 0 0 1
    outer loop
      vertex -43.4247 -11.6773 7.15
      vertex -42.9553 -10.8044 7.15
      vertex -43.1942 -10.7414 7.15
    endloop
  endfacet
  facet normal 0 0 1
    outer loop
      vertex -42.7385 -10.8926 7.15
      vertex -43.2602 -11.7648 7.15
      vertex -43.1913 -11.8251 7.15
    endloop
  endfacet
  facet normal 0 0 1
    outer loop
      vertex -42.7385 -10.8926 7.15
      vertex -43.338 -11.7156 7.15
      vertex -43.2602 -11.7648 7.15
    endloop
  endfacet
  facet normal 0 0 1
    outer loop
      vertex -42.9553 -10.8044 7.15
      vertex -43.4247 -11.6773 7.15
      vertex -43.338 -11.7156 7.15
    endloop
  endfacet
  facet normal 0 0 1
    outer loop
      vertex -43.5204 -11.6499 7.15
      vertex -43.1942 -10.7414 7.15
      vertex -43.4553 -10.7036 7.15
    endloop
  endfacet
  facet normal 0 0 1
    outer loop
      vertex -43.1942 -10.7414 7.15
      vertex -43.5204 -11.6499 7.15
      vertex -43.4247 -11.6773 7.15
    endloop
  endfacet
  facet normal 0 0 1
    outer loop
      vertex -43.4553 -10.7036 7.15
      vertex -43.625 -11.6335 7.15
      vertex -43.5204 -11.6499 7.15
    endloop
  endfacet
  facet normal 0 0 1
    outer loop
      vertex -43.7386 -10.6911 7.15
      vertex -43.625 -11.6335 7.15
      vertex -43.4553 -10.7036 7.15
    endloop
  endfacet
  facet normal 0 0 1
    outer loop
      vertex -43.7386 -10.6911 7.15
      vertex -43.7386 -11.628 7.15
      vertex -43.625 -11.6335 7.15
    endloop
  endfacet
  facet normal 0 0 1
    outer loop
      vertex -43.7386 -10.6911 7.15
      vertex -43.851 -11.6335 7.15
      vertex -43.7386 -11.628 7.15
    endloop
  endfacet
  facet normal -0 0 1
    outer loop
      vertex -44.0218 -10.7036 7.15
      vertex -43.851 -11.6335 7.15
      vertex -43.7386 -10.6911 7.15
    endloop
  endfacet
  facet normal 0 0 1
    outer loop
      vertex -43.851 -11.6335 7.15
      vertex -44.0218 -10.7036 7.15
      vertex -43.9549 -11.6499 7.15
    endloop
  endfacet
  facet normal -0 0 1
    outer loop
      vertex -44.2829 -10.7414 7.15
      vertex -43.9549 -11.6499 7.15
      vertex -44.0218 -10.7036 7.15
    endloop
  endfacet
  facet normal 0 0 1
    outer loop
      vertex -43.9549 -11.6499 7.15
      vertex -44.2829 -10.7414 7.15
      vertex -44.0503 -11.6773 7.15
    endloop
  endfacet
  facet normal -0 0 1
    outer loop
      vertex -44.5218 -10.8044 7.15
      vertex -44.0503 -11.6773 7.15
      vertex -44.2829 -10.7414 7.15
    endloop
  endfacet
  facet normal 0 0 1
    outer loop
      vertex -44.0503 -11.6773 7.15
      vertex -44.5218 -10.8044 7.15
      vertex -44.1373 -11.7156 7.15
    endloop
  endfacet
  facet normal 0 0 1
    outer loop
      vertex -44.1373 -11.7156 7.15
      vertex -44.5218 -10.8044 7.15
      vertex -44.2158 -11.7648 7.15
    endloop
  endfacet
  facet normal -0 0 1
    outer loop
      vertex -44.7386 -10.8926 7.15
      vertex -44.2158 -11.7648 7.15
      vertex -44.5218 -10.8044 7.15
    endloop
  endfacet
  facet normal -0 0 1
    outer loop
      vertex -44.9332 -11.006 7.15
      vertex -44.2158 -11.7648 7.15
      vertex -44.7386 -10.8926 7.15
    endloop
  endfacet
  facet normal 0 0 1
    outer loop
      vertex -44.2158 -11.7648 7.15
      vertex -44.9332 -11.006 7.15
      vertex -44.2858 -11.8251 7.15
    endloop
  endfacet
  facet normal -0 0 1
    outer loop
      vertex -45.1057 -11.1446 7.15
      vertex -44.2858 -11.8251 7.15
      vertex -44.9332 -11.006 7.15
    endloop
  endfacet
  facet normal 0 0 1
    outer loop
      vertex -44.2858 -11.8251 7.15
      vertex -45.1057 -11.1446 7.15
      vertex -44.3461 -11.895 7.15
    endloop
  endfacet
  facet normal -0 0 1
    outer loop
      vertex -45.2536 -11.301 7.15
      vertex -44.3461 -11.895 7.15
      vertex -45.1057 -11.1446 7.15
    endloop
  endfacet
  facet normal 0 0 1
    outer loop
      vertex -44.3461 -11.895 7.15
      vertex -45.2536 -11.301 7.15
      vertex -44.3954 -11.9733 7.15
    endloop
  endfacet
  facet normal -0 0 1
    outer loop
      vertex -45.3746 -11.4679 7.15
      vertex -44.3954 -11.9733 7.15
      vertex -45.2536 -11.301 7.15
    endloop
  endfacet
  facet normal 0 0 1
    outer loop
      vertex -44.4831 -12.3715 7.15
      vertex -44.9063 -13.4772 7.15
      vertex -44.4868 -14.4 7.15
    endloop
  endfacet
  facet normal -0 0 1
    outer loop
      vertex -45.0456 -13.5505 7.15
      vertex -44.4868 -14.4 7.15
      vertex -44.9063 -13.4772 7.15
    endloop
  endfacet
  facet normal -0 0 1
    outer loop
      vertex -45.1732 -13.6349 7.15
      vertex -44.4868 -14.4 7.15
      vertex -45.0456 -13.5505 7.15
    endloop
  endfacet
  facet normal -0 0 1
    outer loop
      vertex -45.2892 -13.7305 7.15
      vertex -44.4868 -14.4 7.15
      vertex -45.1732 -13.6349 7.15
    endloop
  endfacet
  facet normal -0 0 1
    outer loop
      vertex -45.3936 -13.837 7.15
      vertex -44.4868 -14.4 7.15
      vertex -45.2892 -13.7305 7.15
    endloop
  endfacet
  facet normal 0 0 1
    outer loop
      vertex -44.3954 -11.9733 7.15
      vertex -45.3746 -11.4679 7.15
      vertex -44.4338 -12.0602 7.15
    endloop
  endfacet
  facet normal -0 0 1
    outer loop
      vertex -45.4864 -13.9547 7.15
      vertex -44.4868 -14.4 7.15
      vertex -45.3936 -13.837 7.15
    endloop
  endfacet
  facet normal 0 -0 1
    outer loop
      vertex -45.2846 -16.2486 7.15
      vertex -44.5889 -14.9055 7.15
      vertex -45.44 -16.0687 7.15
    endloop
  endfacet
  facet normal -0 0 1
    outer loop
      vertex -45.4688 -11.6454 7.15
      vertex -44.4338 -12.0602 7.15
      vertex -45.3746 -11.4679 7.15
    endloop
  endfacet
  facet normal -0 0 1
    outer loop
      vertex -45.536 -11.8333 7.15
      vertex -44.4338 -12.0602 7.15
      vertex -45.4688 -11.6454 7.15
    endloop
  endfacet
  facet normal 0 0 1
    outer loop
      vertex -44.4831 -12.3715 7.15
      vertex -45.0404 -13.3809 7.15
      vertex -44.9063 -13.4772 7.15
    endloop
  endfacet
  facet normal 0 0 1
    outer loop
      vertex -44.4338 -12.0602 7.15
      vertex -45.536 -11.8333 7.15
      vertex -44.4612 -12.1555 7.15
    endloop
  endfacet
  facet normal 0 -0 1
    outer loop
      vertex -45.5328 -12.6447 7.15
      vertex -44.4831 -12.3715 7.15
      vertex -45.5578 -12.5401 7.15
    endloop
  endfacet
  facet normal 0 0 1
    outer loop
      vertex -44.4831 -12.3715 7.15
      vertex -45.1578 -13.2821 7.15
      vertex -45.0404 -13.3809 7.15
    endloop
  endfacet
  facet normal 0 -0 1
    outer loop
      vertex -45.4616 -12.8609 7.15
      vertex -44.4831 -12.3715 7.15
      vertex -45.5008 -12.7516 7.15
    endloop
  endfacet
  facet normal -0 0 1
    outer loop
      vertex -45.5763 -12.0317 7.15
      vertex -44.4612 -12.1555 7.15
      vertex -45.536 -11.8333 7.15
    endloop
  endfacet
  facet normal 0 0 1
    outer loop
      vertex -44.4831 -12.3715 7.15
      vertex -45.343 -13.0767 7.15
      vertex -45.2587 -13.1808 7.15
    endloop
  endfacet
  facet normal 0 -0 1
    outer loop
      vertex -45.4106 -12.9701 7.15
      vertex -44.4831 -12.3715 7.15
      vertex -45.4616 -12.8609 7.15
    endloop
  endfacet
  facet normal 0 0 1
    outer loop
      vertex -44.4612 -12.1555 7.15
      vertex -45.5763 -12.0317 7.15
      vertex -44.4776 -12.2592 7.15
    endloop
  endfacet
  facet normal 0 0 1
    outer loop
      vertex -44.4831 -12.3715 7.15
      vertex -45.4106 -12.9701 7.15
      vertex -45.343 -13.0767 7.15
    endloop
  endfacet
  facet normal 0 0 1
    outer loop
      vertex -44.4831 -12.3715 7.15
      vertex -45.2587 -13.1808 7.15
      vertex -45.1578 -13.2821 7.15
    endloop
  endfacet
  facet normal -0 0 1
    outer loop
      vertex -45.5898 -12.2407 7.15
      vertex -44.4776 -12.2592 7.15
      vertex -45.5763 -12.0317 7.15
    endloop
  endfacet
  facet normal 0 -0 1
    outer loop
      vertex -45.5008 -12.7516 7.15
      vertex -44.4831 -12.3715 7.15
      vertex -45.5328 -12.6447 7.15
    endloop
  endfacet
  facet normal 0 0 1
    outer loop
      vertex -44.4831 -12.3715 7.15
      vertex -45.5755 -12.4379 7.15
      vertex -45.5578 -12.5401 7.15
    endloop
  endfacet
  facet normal 0 -0 1
    outer loop
      vertex -45.5862 -12.3381 7.15
      vertex -44.4776 -12.2592 7.15
      vertex -45.5898 -12.2407 7.15
    endloop
  endfacet
  facet normal 0 0 1
    outer loop
      vertex -44.4831 -12.3715 7.15
      vertex -45.5862 -12.3381 7.15
      vertex -45.5755 -12.4379 7.15
    endloop
  endfacet
  facet normal 0 0 1
    outer loop
      vertex -44.4776 -12.2592 7.15
      vertex -45.5862 -12.3381 7.15
      vertex -44.4831 -12.3715 7.15
    endloop
  endfacet
  facet normal 0 0 1
    outer loop
      vertex -43.0034 -12.2592 7.15
      vertex -41.8873 -12.2407 7.15
      vertex -41.9007 -12.0317 7.15
    endloop
  endfacet
  facet normal 0 0 1
    outer loop
      vertex -41.8873 -12.2407 7.15
      vertex -43.0034 -12.2592 7.15
      vertex -41.8908 -12.3381 7.15
    endloop
  endfacet
  facet normal 0 -0 1
    outer loop
      vertex -42.998 -12.3715 7.15
      vertex -41.8908 -12.3381 7.15
      vertex -43.0034 -12.2592 7.15
    endloop
  endfacet
  facet normal 0 0 1
    outer loop
      vertex -43.0034 -12.2592 7.15
      vertex -41.9007 -12.0317 7.15
      vertex -41.9411 -11.8333 7.15
    endloop
  endfacet
  facet normal 0 0 1
    outer loop
      vertex -41.8908 -12.3381 7.15
      vertex -42.998 -12.3715 7.15
      vertex -41.9015 -12.4379 7.15
    endloop
  endfacet
  facet normal 0 0 1
    outer loop
      vertex -41.9015 -12.4379 7.15
      vertex -42.998 -12.3715 7.15
      vertex -41.9193 -12.5401 7.15
    endloop
  endfacet
  facet normal 0 0 1
    outer loop
      vertex -43.0034 -12.2592 7.15
      vertex -41.9411 -11.8333 7.15
      vertex -42.0083 -11.6454 7.15
    endloop
  endfacet
  facet normal 0 0 1
    outer loop
      vertex -42.0665 -12.969 7.15
      vertex -43.0195 -12.5724 7.15
      vertex -42.1341 -13.0722 7.15
    endloop
  endfacet
  facet normal 0 0 1
    outer loop
      vertex -42.0154 -12.8609 7.15
      vertex -43.0195 -12.5724 7.15
      vertex -42.0665 -12.969 7.15
    endloop
  endfacet
  facet normal 0 0 1
    outer loop
      vertex -43.0034 -12.2592 7.15
      vertex -42.0083 -11.6454 7.15
      vertex -42.1025 -11.4679 7.15
    endloop
  endfacet
  facet normal 0 0 1
    outer loop
      vertex -41.9193 -12.5401 7.15
      vertex -43.0034 -12.4752 7.15
      vertex -41.9442 -12.6447 7.15
    endloop
  endfacet
  facet normal -0 0 1
    outer loop
      vertex -43.0195 -12.5724 7.15
      vertex -41.9763 -12.7516 7.15
      vertex -43.0034 -12.4752 7.15
    endloop
  endfacet
  facet normal 0 0 1
    outer loop
      vertex -43.0034 -12.2592 7.15
      vertex -42.1025 -11.4679 7.15
      vertex -42.2235 -11.301 7.15
    endloop
  endfacet
  facet normal 0 0 1
    outer loop
      vertex -41.9442 -12.6447 7.15
      vertex -43.0034 -12.4752 7.15
      vertex -41.9763 -12.7516 7.15
    endloop
  endfacet
  facet normal 0 0 1
    outer loop
      vertex -43.0034 -12.2592 7.15
      vertex -42.2235 -11.301 7.15
      vertex -42.3715 -11.1446 7.15
    endloop
  endfacet
  facet normal 0 0 1
    outer loop
      vertex -41.9763 -12.7516 7.15
      vertex -43.0195 -12.5724 7.15
      vertex -42.0154 -12.8609 7.15
    endloop
  endfacet
  facet normal 0 0 1
    outer loop
      vertex -43.0034 -12.2592 7.15
      vertex -42.3715 -11.1446 7.15
      vertex -42.5439 -11.006 7.15
    endloop
  endfacet
  facet normal -0 0 1
    outer loop
      vertex -43.0034 -12.4752 7.15
      vertex -41.9193 -12.5401 7.15
      vertex -42.998 -12.3715 7.15
    endloop
  endfacet
  facet normal 0 0 1
    outer loop
      vertex -43.0034 -12.2592 7.15
      vertex -42.5439 -11.006 7.15
      vertex -42.7385 -10.8926 7.15
    endloop
  endfacet
  facet normal -0 0 1
    outer loop
      vertex -43.0464 -12.663 7.15
      vertex -42.1341 -13.0722 7.15
      vertex -43.0195 -12.5724 7.15
    endloop
  endfacet
  facet normal 0 0 1
    outer loop
      vertex -42.5708 -13.4365 7.15
      vertex -42.8882 -14.9055 7.15
      vertex -42.6635 -16.5412 7.15
    endloop
  endfacet
  facet normal -0 0 1
    outer loop
      vertex -42.8945 -15.0453 7.15
      vertex -42.6635 -16.5412 7.15
      vertex -42.8882 -14.9055 7.15
    endloop
  endfacet
  facet normal -0 0 1
    outer loop
      vertex -42.9133 -15.1742 7.15
      vertex -42.6635 -16.5412 7.15
      vertex -42.8945 -15.0453 7.15
    endloop
  endfacet
  facet normal -0 0 1
    outer loop
      vertex -42.9446 -15.2922 7.15
      vertex -42.6635 -16.5412 7.15
      vertex -42.9133 -15.1742 7.15
    endloop
  endfacet
  facet normal -0 0 1
    outer loop
      vertex -42.9886 -15.3994 7.15
      vertex -42.6635 -16.5412 7.15
      vertex -42.9446 -15.2922 7.15
    endloop
  endfacet
  facet normal -0 0 1
    outer loop
      vertex -43.045 -15.4957 7.15
      vertex -42.6635 -16.5412 7.15
      vertex -42.9886 -15.3994 7.15
    endloop
  endfacet
  facet normal -0 0 1
    outer loop
      vertex -43.114 -15.5812 7.15
      vertex -42.6635 -16.5412 7.15
      vertex -43.045 -15.4957 7.15
    endloop
  endfacet
  facet normal -0 0 1
    outer loop
      vertex -43.1941 -15.6545 7.15
      vertex -42.6635 -16.5412 7.15
      vertex -43.114 -15.5812 7.15
    endloop
  endfacet
  facet normal -0 0 1
    outer loop
      vertex -43.2838 -15.7146 7.15
      vertex -42.6635 -16.5412 7.15
      vertex -43.1941 -15.6545 7.15
    endloop
  endfacet
  facet normal 0 0 1
    outer loop
      vertex -42.6635 -16.5412 7.15
      vertex -43.2838 -15.7146 7.15
      vertex -42.908 -16.6428 7.15
    endloop
  endfacet
  facet normal -0 0 1
    outer loop
      vertex -43.3831 -15.7612 7.15
      vertex -42.908 -16.6428 7.15
      vertex -43.2838 -15.7146 7.15
    endloop
  endfacet
  facet normal 0 0 1
    outer loop
      vertex -42.908 -16.6428 7.15
      vertex -43.3831 -15.7612 7.15
      vertex -43.1768 -16.7155 7.15
    endloop
  endfacet
  facet normal -0 0 1
    outer loop
      vertex -43.4919 -15.7946 7.15
      vertex -43.1768 -16.7155 7.15
      vertex -43.3831 -15.7612 7.15
    endloop
  endfacet
  facet normal 0 0 1
    outer loop
      vertex -43.1768 -16.7155 7.15
      vertex -43.4919 -15.7946 7.15
      vertex -43.47 -16.7591 7.15
    endloop
  endfacet
  facet normal -0 0 1
    outer loop
      vertex -43.6105 -15.8146 7.15
      vertex -43.47 -16.7591 7.15
      vertex -43.4919 -15.7946 7.15
    endloop
  endfacet
  facet normal -0 0 1
    outer loop
      vertex -43.7386 -15.8213 7.15
      vertex -43.47 -16.7591 7.15
      vertex -43.6105 -15.8146 7.15
    endloop
  endfacet
  facet normal 0 0 1
    outer loop
      vertex -43.7386 -15.8213 7.15
      vertex -43.7874 -16.7736 7.15
      vertex -43.47 -16.7591 7.15
    endloop
  endfacet
  facet normal 0 0 1
    outer loop
      vertex -43.8667 -15.8146 7.15
      vertex -43.7874 -16.7736 7.15
      vertex -43.7386 -15.8213 7.15
    endloop
  endfacet
  facet normal 0 0 1
    outer loop
      vertex -44.1036 -16.759 7.15
      vertex -43.8667 -15.8146 7.15
      vertex -43.9852 -15.7946 7.15
    endloop
  endfacet
  facet normal 0 0 1
    outer loop
      vertex -44.3932 -16.7153 7.15
      vertex -43.9852 -15.7946 7.15
      vertex -44.0941 -15.7612 7.15
    endloop
  endfacet
  facet normal 0 0 1
    outer loop
      vertex -43.8667 -15.8146 7.15
      vertex -44.1036 -16.759 7.15
      vertex -43.7874 -16.7736 7.15
    endloop
  endfacet
  facet normal 0 0 1
    outer loop
      vertex -44.3932 -16.7153 7.15
      vertex -44.0941 -15.7612 7.15
      vertex -44.1934 -15.7146 7.15
    endloop
  endfacet
  facet normal 0 0 1
    outer loop
      vertex -44.656 -16.6423 7.15
      vertex -44.1934 -15.7146 7.15
      vertex -44.2831 -15.6545 7.15
    endloop
  endfacet
  facet normal 0 0 1
    outer loop
      vertex -44.656 -16.6423 7.15
      vertex -44.2831 -15.6545 7.15
      vertex -44.3631 -15.5812 7.15
    endloop
  endfacet
  facet normal 0 0 1
    outer loop
      vertex -43.9852 -15.7946 7.15
      vertex -44.3932 -16.7153 7.15
      vertex -44.1036 -16.759 7.15
    endloop
  endfacet
  facet normal 0 0 1
    outer loop
      vertex -44.656 -16.6423 7.15
      vertex -44.3631 -15.5812 7.15
      vertex -44.4321 -15.4957 7.15
    endloop
  endfacet
  facet normal 0 0 1
    outer loop
      vertex -44.656 -16.6423 7.15
      vertex -44.4321 -15.4957 7.15
      vertex -44.4886 -15.3994 7.15
    endloop
  endfacet
  facet normal 0 0 1
    outer loop
      vertex -44.656 -16.6423 7.15
      vertex -44.4886 -15.3994 7.15
      vertex -44.5325 -15.2922 7.15
    endloop
  endfacet
  facet normal 0 0 1
    outer loop
      vertex -44.656 -16.6423 7.15
      vertex -44.5325 -15.2922 7.15
      vertex -44.5638 -15.1742 7.15
    endloop
  endfacet
  facet normal 0 0 1
    outer loop
      vertex -44.656 -16.6423 7.15
      vertex -44.5638 -15.1742 7.15
      vertex -44.5827 -15.0453 7.15
    endloop
  endfacet
  facet normal 0 0 1
    outer loop
      vertex -44.1934 -15.7146 7.15
      vertex -44.656 -16.6423 7.15
      vertex -44.3932 -16.7153 7.15
    endloop
  endfacet
  facet normal 0 0 1
    outer loop
      vertex -44.656 -16.6423 7.15
      vertex -44.5827 -15.0453 7.15
      vertex -44.5889 -14.9055 7.15
    endloop
  endfacet
  facet normal 0 0 1
    outer loop
      vertex -42.2474 -16.2506 7.15
      vertex -41.696 -14.983 7.15
      vertex -41.7021 -14.82 7.15
    endloop
  endfacet
  facet normal 0 0 1
    outer loop
      vertex -42.5708 -13.4365 7.15
      vertex -41.7021 -14.82 7.15
      vertex -41.7205 -14.6623 7.15
    endloop
  endfacet
  facet normal 0 0 1
    outer loop
      vertex -42.5708 -13.4365 7.15
      vertex -41.7205 -14.6623 7.15
      vertex -41.751 -14.5099 7.15
    endloop
  endfacet
  facet normal 0 0 1
    outer loop
      vertex -41.696 -14.983 7.15
      vertex -42.0789 -16.0702 7.15
      vertex -41.7114 -15.225 7.15
    endloop
  endfacet
  facet normal 0 0 1
    outer loop
      vertex -42.5708 -13.4365 7.15
      vertex -41.751 -14.5099 7.15
      vertex -41.7937 -14.3625 7.15
    endloop
  endfacet
  facet normal 0 0 1
    outer loop
      vertex -41.7114 -15.225 7.15
      vertex -42.0789 -16.0702 7.15
      vertex -41.7573 -15.4548 7.15
    endloop
  endfacet
  facet normal 0 0 1
    outer loop
      vertex -42.5708 -13.4365 7.15
      vertex -41.7937 -14.3625 7.15
      vertex -41.8486 -14.2205 7.15
    endloop
  endfacet
  facet normal 0 0 1
    outer loop
      vertex -42.4317 -13.5223 7.15
      vertex -41.8486 -14.2205 7.15
      vertex -41.9158 -14.0836 7.15
    endloop
  endfacet
  facet normal 0 0 1
    outer loop
      vertex -41.7573 -15.4548 7.15
      vertex -41.9411 -15.8773 7.15
      vertex -41.8339 -15.6722 7.15
    endloop
  endfacet
  facet normal 0 0 1
    outer loop
      vertex -42.4317 -13.5223 7.15
      vertex -41.9158 -14.0836 7.15
      vertex -41.995 -13.9537 7.15
    endloop
  endfacet
  facet normal 0 0 1
    outer loop
      vertex -41.7573 -15.4548 7.15
      vertex -42.0789 -16.0702 7.15
      vertex -41.9411 -15.8773 7.15
    endloop
  endfacet
  facet normal 0 0 1
    outer loop
      vertex -42.1894 -13.7203 7.15
      vertex -41.995 -13.9537 7.15
      vertex -42.0862 -13.8326 7.15
    endloop
  endfacet
  facet normal 0 0 1
    outer loop
      vertex -42.3046 -13.6169 7.15
      vertex -41.995 -13.9537 7.15
      vertex -42.1894 -13.7203 7.15
    endloop
  endfacet
  facet normal 0 0 1
    outer loop
      vertex -42.4317 -13.5223 7.15
      vertex -41.995 -13.9537 7.15
      vertex -42.3046 -13.6169 7.15
    endloop
  endfacet
  facet normal 0 0 1
    outer loop
      vertex -42.5708 -13.4365 7.15
      vertex -41.8486 -14.2205 7.15
      vertex -42.4317 -13.5223 7.15
    endloop
  endfacet
  facet normal 0 -0 1
    outer loop
      vertex -42.2474 -16.2506 7.15
      vertex -41.7021 -14.82 7.15
      vertex -42.5708 -13.4365 7.15
    endloop
  endfacet
  facet normal 0 0 1
    outer loop
      vertex -41.696 -14.983 7.15
      vertex -42.2474 -16.2506 7.15
      vertex -42.0789 -16.0702 7.15
    endloop
  endfacet
  facet normal 0 0 1
    outer loop
      vertex -42.2474 -16.2506 7.15
      vertex -42.5708 -13.4365 7.15
      vertex -42.4433 -16.4104 7.15
    endloop
  endfacet
  facet normal 0 0 1
    outer loop
      vertex -42.4433 -16.4104 7.15
      vertex -42.5708 -13.4365 7.15
      vertex -42.6635 -16.5412 7.15
    endloop
  endfacet
  facet normal 0 0 1
    outer loop
      vertex -42.5708 -13.4365 7.15
      vertex -42.9457 -14.5083 7.15
      vertex -42.9137 -14.6286 7.15
    endloop
  endfacet
  facet normal -0 0 1
    outer loop
      vertex -43.1322 -12.8246 7.15
      vertex -42.4367 -13.3527 7.15
      vertex -43.0839 -12.7471 7.15
    endloop
  endfacet
  facet normal 0 0 1
    outer loop
      vertex -42.5708 -13.4365 7.15
      vertex -42.9904 -14.4 7.15
      vertex -42.9457 -14.5083 7.15
    endloop
  endfacet
  facet normal 0 0 1
    outer loop
      vertex -42.4367 -13.3527 7.15
      vertex -43.1322 -12.8246 7.15
      vertex -42.5708 -13.4365 7.15
    endloop
  endfacet
  facet normal 0 0 1
    outer loop
      vertex -42.5708 -13.4365 7.15
      vertex -43.0479 -14.3039 7.15
      vertex -42.9904 -14.4 7.15
    endloop
  endfacet
  facet normal -0 0 1
    outer loop
      vertex -43.1913 -12.8956 7.15
      vertex -42.5708 -13.4365 7.15
      vertex -43.1322 -12.8246 7.15
    endloop
  endfacet
  facet normal 0 0 1
    outer loop
      vertex -42.5708 -13.4365 7.15
      vertex -43.1181 -14.2198 7.15
      vertex -43.0479 -14.3039 7.15
    endloop
  endfacet
  facet normal -0 0 1
    outer loop
      vertex -43.2602 -12.9577 7.15
      vertex -42.5708 -13.4365 7.15
      vertex -43.1913 -12.8956 7.15
    endloop
  endfacet
  facet normal 0 0 1
    outer loop
      vertex -42.5708 -13.4365 7.15
      vertex -43.1992 -14.1483 7.15
      vertex -43.1181 -14.2198 7.15
    endloop
  endfacet
  facet normal -0 0 1
    outer loop
      vertex -43.338 -13.0085 7.15
      vertex -42.5708 -13.4365 7.15
      vertex -43.2602 -12.9577 7.15
    endloop
  endfacet
  facet normal 0 0 1
    outer loop
      vertex -42.5708 -13.4365 7.15
      vertex -43.2892 -14.0898 7.15
      vertex -43.1992 -14.1483 7.15
    endloop
  endfacet
  facet normal 0 0 1
    outer loop
      vertex -43.3882 -14.0443 7.15
      vertex -42.5708 -13.4365 7.15
      vertex -43.338 -13.0085 7.15
    endloop
  endfacet
  facet normal 0 0 1
    outer loop
      vertex -42.5708 -13.4365 7.15
      vertex -43.3882 -14.0443 7.15
      vertex -43.2892 -14.0898 7.15
    endloop
  endfacet
  facet normal -0 0 1
    outer loop
      vertex -43.4247 -13.048 7.15
      vertex -43.3882 -14.0443 7.15
      vertex -43.338 -13.0085 7.15
    endloop
  endfacet
  facet normal 0 0 1
    outer loop
      vertex -43.4247 -13.048 7.15
      vertex -43.496 -14.0118 7.15
      vertex -43.3882 -14.0443 7.15
    endloop
  endfacet
  facet normal -0 0 1
    outer loop
      vertex -43.5204 -13.0762 7.15
      vertex -43.496 -14.0118 7.15
      vertex -43.4247 -13.048 7.15
    endloop
  endfacet
  facet normal 0 0 1
    outer loop
      vertex -43.5204 -13.0762 7.15
      vertex -43.6128 -13.9923 7.15
      vertex -43.496 -14.0118 7.15
    endloop
  endfacet
  facet normal -0 0 1
    outer loop
      vertex -43.625 -13.0931 7.15
      vertex -43.6128 -13.9923 7.15
      vertex -43.5204 -13.0762 7.15
    endloop
  endfacet
  facet normal 0 0 1
    outer loop
      vertex -43.7386 -13.9857 7.15
      vertex -43.625 -13.0931 7.15
      vertex -43.7386 -13.0987 7.15
    endloop
  endfacet
  facet normal 0 0 1
    outer loop
      vertex -43.625 -13.0931 7.15
      vertex -43.7386 -13.9857 7.15
      vertex -43.6128 -13.9923 7.15
    endloop
  endfacet
  facet normal 0 0 1
    outer loop
      vertex -43.8509 -13.0931 7.15
      vertex -43.7386 -13.9857 7.15
      vertex -43.7386 -13.0987 7.15
    endloop
  endfacet
  facet normal 0 0 1
    outer loop
      vertex -43.8509 -13.0931 7.15
      vertex -43.8643 -13.9923 7.15
      vertex -43.7386 -13.9857 7.15
    endloop
  endfacet
  facet normal 0 0 1
    outer loop
      vertex -43.9547 -13.0762 7.15
      vertex -43.8643 -13.9923 7.15
      vertex -43.8509 -13.0931 7.15
    endloop
  endfacet
  facet normal 0 0 1
    outer loop
      vertex -43.9547 -13.0762 7.15
      vertex -43.9811 -14.0118 7.15
      vertex -43.8643 -13.9923 7.15
    endloop
  endfacet
  facet normal 0 0 1
    outer loop
      vertex -44.0498 -13.0479 7.15
      vertex -43.9811 -14.0118 7.15
      vertex -43.9547 -13.0762 7.15
    endloop
  endfacet
  facet normal 0 0 1
    outer loop
      vertex -44.0498 -13.0479 7.15
      vertex -44.089 -14.0443 7.15
      vertex -43.9811 -14.0118 7.15
    endloop
  endfacet
  facet normal 0 0 1
    outer loop
      vertex -44.1364 -13.0084 7.15
      vertex -44.089 -14.0443 7.15
      vertex -44.0498 -13.0479 7.15
    endloop
  endfacet
  facet normal 0 0 1
    outer loop
      vertex -44.1364 -13.0084 7.15
      vertex -44.1879 -14.0898 7.15
      vertex -44.089 -14.0443 7.15
    endloop
  endfacet
  facet normal 0 0 1
    outer loop
      vertex -44.2144 -12.9576 7.15
      vertex -44.1879 -14.0898 7.15
      vertex -44.1364 -13.0084 7.15
    endloop
  endfacet
  facet normal 0 0 1
    outer loop
      vertex -44.2144 -12.9576 7.15
      vertex -44.278 -14.1483 7.15
      vertex -44.1879 -14.0898 7.15
    endloop
  endfacet
  facet normal 0 0 1
    outer loop
      vertex -44.2838 -12.8956 7.15
      vertex -44.278 -14.1483 7.15
      vertex -44.2144 -12.9576 7.15
    endloop
  endfacet
  facet normal 0 0 1
    outer loop
      vertex -44.3591 -14.2198 7.15
      vertex -44.2838 -12.8956 7.15
      vertex -44.3447 -12.8246 7.15
    endloop
  endfacet
  facet normal 0 0 1
    outer loop
      vertex -44.2838 -12.8956 7.15
      vertex -44.3591 -14.2198 7.15
      vertex -44.278 -14.1483 7.15
    endloop
  endfacet
  facet normal 0 0 1
    outer loop
      vertex -44.4293 -14.3039 7.15
      vertex -44.3447 -12.8246 7.15
      vertex -44.3945 -12.7471 7.15
    endloop
  endfacet
  facet normal 0 0 1
    outer loop
      vertex -44.3447 -12.8246 7.15
      vertex -44.4293 -14.3039 7.15
      vertex -44.3591 -14.2198 7.15
    endloop
  endfacet
  facet normal 0 0 1
    outer loop
      vertex -44.4868 -14.4 7.15
      vertex -44.3945 -12.7471 7.15
      vertex -44.4333 -12.663 7.15
    endloop
  endfacet
  facet normal 0 0 1
    outer loop
      vertex -44.4868 -14.4 7.15
      vertex -44.4333 -12.663 7.15
      vertex -44.4609 -12.5724 7.15
    endloop
  endfacet
  facet normal 0 0 1
    outer loop
      vertex -44.4868 -14.4 7.15
      vertex -44.4609 -12.5724 7.15
      vertex -44.4776 -12.4752 7.15
    endloop
  endfacet
  facet normal 0 0 1
    outer loop
      vertex -44.4868 -14.4 7.15
      vertex -44.4776 -12.4752 7.15
      vertex -44.4831 -12.3715 7.15
    endloop
  endfacet
  facet normal 0 0 1
    outer loop
      vertex -44.3945 -12.7471 7.15
      vertex -44.4868 -14.4 7.15
      vertex -44.4293 -14.3039 7.15
    endloop
  endfacet
  facet normal 0 0 1
    outer loop
      vertex -44.4868 -14.4 7.15
      vertex -45.4864 -13.9547 7.15
      vertex -44.5315 -14.5083 7.15
    endloop
  endfacet
  facet normal 0 0 1
    outer loop
      vertex -44.5889 -14.9055 7.15
      vertex -44.8922 -16.5403 7.15
      vertex -44.656 -16.6423 7.15
    endloop
  endfacet
  facet normal -0 0 1
    outer loop
      vertex -45.5675 -14.0835 7.15
      vertex -44.5315 -14.5083 7.15
      vertex -45.4864 -13.9547 7.15
    endloop
  endfacet
  facet normal 0 0 1
    outer loop
      vertex -44.5889 -14.9055 7.15
      vertex -45.1018 -16.409 7.15
      vertex -44.8922 -16.5403 7.15
    endloop
  endfacet
  facet normal -0 0 1
    outer loop
      vertex -45.6365 -14.2204 7.15
      vertex -44.5315 -14.5083 7.15
      vertex -45.5675 -14.0835 7.15
    endloop
  endfacet
  facet normal 0 0 1
    outer loop
      vertex -44.5315 -14.5083 7.15
      vertex -45.6365 -14.2204 7.15
      vertex -44.5634 -14.6286 7.15
    endloop
  endfacet
  facet normal 0 -0 1
    outer loop
      vertex -45.1018 -16.409 7.15
      vertex -44.5889 -14.9055 7.15
      vertex -45.2846 -16.2486 7.15
    endloop
  endfacet
  facet normal -0 0 1
    outer loop
      vertex -45.6929 -14.3625 7.15
      vertex -44.5634 -14.6286 7.15
      vertex -45.6365 -14.2204 7.15
    endloop
  endfacet
  facet normal 0 0 1
    outer loop
      vertex -44.5889 -14.9055 7.15
      vertex -45.5672 -15.8764 7.15
      vertex -45.44 -16.0687 7.15
    endloop
  endfacet
  facet normal -0 0 1
    outer loop
      vertex -45.7368 -14.5098 7.15
      vertex -44.5634 -14.6286 7.15
      vertex -45.6929 -14.3625 7.15
    endloop
  endfacet
  facet normal 0 0 1
    outer loop
      vertex -44.5634 -14.6286 7.15
      vertex -45.7368 -14.5098 7.15
      vertex -44.5826 -14.761 7.15
    endloop
  endfacet
  facet normal 0 0 1
    outer loop
      vertex -44.5889 -14.9055 7.15
      vertex -45.6661 -15.6717 7.15
      vertex -45.5672 -15.8764 7.15
    endloop
  endfacet
  facet normal -0 0 1
    outer loop
      vertex -45.7682 -14.6623 7.15
      vertex -44.5826 -14.761 7.15
      vertex -45.7368 -14.5098 7.15
    endloop
  endfacet
  facet normal 0 0 1
    outer loop
      vertex -44.5889 -14.9055 7.15
      vertex -45.7367 -15.4546 7.15
      vertex -45.6661 -15.6717 7.15
    endloop
  endfacet
  facet normal 0 0 1
    outer loop
      vertex -44.5826 -14.761 7.15
      vertex -45.7682 -14.6623 7.15
      vertex -44.5889 -14.9055 7.15
    endloop
  endfacet
  facet normal 0 0 1
    outer loop
      vertex -44.5889 -14.9055 7.15
      vertex -45.7682 -14.6623 7.15
      vertex -45.787 -14.82 7.15
    endloop
  endfacet
  facet normal 0 0 1
    outer loop
      vertex -44.5889 -14.9055 7.15
      vertex -45.7791 -15.225 7.15
      vertex -45.7367 -15.4546 7.15
    endloop
  endfacet
  facet normal 0 0 1
    outer loop
      vertex -44.5889 -14.9055 7.15
      vertex -45.787 -14.82 7.15
      vertex -45.7932 -14.983 7.15
    endloop
  endfacet
  facet normal 0 0 1
    outer loop
      vertex -44.5889 -14.9055 7.15
      vertex -45.7932 -14.983 7.15
      vertex -45.7791 -15.225 7.15
    endloop
  endfacet
  facet normal 0.147087 -0.989124 0
    outer loop
      vertex -43.47 -16.7591 6.15
      vertex -43.1768 -16.7155 7.15
      vertex -43.47 -16.7591 7.15
    endloop
  endfacet
  facet normal 0.147087 -0.989124 0
    outer loop
      vertex -43.1768 -16.7155 7.15
      vertex -43.47 -16.7591 6.15
      vertex -43.1768 -16.7155 6.15
    endloop
  endfacet
  facet normal 0.261081 -0.965317 0
    outer loop
      vertex -43.1768 -16.7155 6.15
      vertex -42.908 -16.6428 7.15
      vertex -43.1768 -16.7155 7.15
    endloop
  endfacet
  facet normal 0.261081 -0.965317 0
    outer loop
      vertex -42.908 -16.6428 7.15
      vertex -43.1768 -16.7155 6.15
      vertex -42.908 -16.6428 6.15
    endloop
  endfacet
  facet normal 0.38373 -0.923445 0
    outer loop
      vertex -42.908 -16.6428 6.15
      vertex -42.6635 -16.5412 7.15
      vertex -42.908 -16.6428 7.15
    endloop
  endfacet
  facet normal 0.38373 -0.923445 0
    outer loop
      vertex -42.6635 -16.5412 7.15
      vertex -42.908 -16.6428 6.15
      vertex -42.6635 -16.5412 6.15
    endloop
  endfacet
  facet normal 0.510701 -0.859758 0
    outer loop
      vertex -42.6635 -16.5412 6.15
      vertex -42.4433 -16.4104 7.15
      vertex -42.6635 -16.5412 7.15
    endloop
  endfacet
  facet normal 0.510701 -0.859758 0
    outer loop
      vertex -42.4433 -16.4104 7.15
      vertex -42.6635 -16.5412 6.15
      vertex -42.4433 -16.4104 6.15
    endloop
  endfacet
  facet normal 0.632095 -0.774891 0
    outer loop
      vertex -42.4433 -16.4104 6.15
      vertex -42.2474 -16.2506 7.15
      vertex -42.4433 -16.4104 7.15
    endloop
  endfacet
  facet normal 0.632095 -0.774891 0
    outer loop
      vertex -42.2474 -16.2506 7.15
      vertex -42.4433 -16.4104 6.15
      vertex -42.2474 -16.2506 6.15
    endloop
  endfacet
  facet normal 0.730799 -0.682592 0
    outer loop
      vertex -42.2474 -16.2506 7.15
      vertex -42.0789 -16.0702 6.15
      vertex -42.0789 -16.0702 7.15
    endloop
  endfacet
  facet normal 0.730799 -0.682592 0
    outer loop
      vertex -42.0789 -16.0702 6.15
      vertex -42.2474 -16.2506 7.15
      vertex -42.2474 -16.2506 6.15
    endloop
  endfacet
  facet normal 0.813705 -0.581278 0
    outer loop
      vertex -42.0789 -16.0702 7.15
      vertex -41.9411 -15.8773 6.15
      vertex -41.9411 -15.8773 7.15
    endloop
  endfacet
  facet normal 0.813705 -0.581278 0
    outer loop
      vertex -41.9411 -15.8773 6.15
      vertex -42.0789 -16.0702 7.15
      vertex -42.0789 -16.0702 6.15
    endloop
  endfacet
  facet normal 0.886246 -0.463216 0
    outer loop
      vertex -41.9411 -15.8773 7.15
      vertex -41.8339 -15.6722 6.15
      vertex -41.8339 -15.6722 7.15
    endloop
  endfacet
  facet normal 0.886246 -0.463216 0
    outer loop
      vertex -41.8339 -15.6722 6.15
      vertex -41.9411 -15.8773 7.15
      vertex -41.9411 -15.8773 6.15
    endloop
  endfacet
  facet normal 0.943166 -0.332321 0
    outer loop
      vertex -41.8339 -15.6722 7.15
      vertex -41.7573 -15.4548 6.15
      vertex -41.7573 -15.4548 7.15
    endloop
  endfacet
  facet normal 0.943166 -0.332321 0
    outer loop
      vertex -41.7573 -15.4548 6.15
      vertex -41.8339 -15.6722 7.15
      vertex -41.8339 -15.6722 6.15
    endloop
  endfacet
  facet normal 0.98063 -0.19587 0
    outer loop
      vertex -41.7573 -15.4548 7.15
      vertex -41.7114 -15.225 6.15
      vertex -41.7114 -15.225 7.15
    endloop
  endfacet
  facet normal 0.98063 -0.19587 0
    outer loop
      vertex -41.7114 -15.225 6.15
      vertex -41.7573 -15.4548 7.15
      vertex -41.7573 -15.4548 6.15
    endloop
  endfacet
  facet normal 0.997981 -0.0635079 0
    outer loop
      vertex -41.7114 -15.225 7.15
      vertex -41.696 -14.983 6.15
      vertex -41.696 -14.983 7.15
    endloop
  endfacet
  facet normal 0.997981 -0.0635079 0
    outer loop
      vertex -41.696 -14.983 6.15
      vertex -41.7114 -15.225 7.15
      vertex -41.7114 -15.225 6.15
    endloop
  endfacet
  facet normal 0.9993 0.0373971 0
    outer loop
      vertex -41.696 -14.983 7.15
      vertex -41.7021 -14.82 6.15
      vertex -41.7021 -14.82 7.15
    endloop
  endfacet
  facet normal 0.9993 0.0373971 0
    outer loop
      vertex -41.7021 -14.82 6.15
      vertex -41.696 -14.983 7.15
      vertex -41.696 -14.983 6.15
    endloop
  endfacet
  facet normal 0.993262 0.115891 0
    outer loop
      vertex -41.7021 -14.82 7.15
      vertex -41.7205 -14.6623 6.15
      vertex -41.7205 -14.6623 7.15
    endloop
  endfacet
  facet normal 0.993262 0.115891 0
    outer loop
      vertex -41.7205 -14.6623 6.15
      vertex -41.7021 -14.82 7.15
      vertex -41.7021 -14.82 6.15
    endloop
  endfacet
  facet normal 0.980556 0.19624 0
    outer loop
      vertex -41.7205 -14.6623 7.15
      vertex -41.751 -14.5099 6.15
      vertex -41.751 -14.5099 7.15
    endloop
  endfacet
  facet normal 0.980556 0.19624 0
    outer loop
      vertex -41.751 -14.5099 6.15
      vertex -41.7205 -14.6623 7.15
      vertex -41.7205 -14.6623 6.15
    endloop
  endfacet
  facet normal 0.960509 0.278248 0
    outer loop
      vertex -41.751 -14.5099 7.15
      vertex -41.7937 -14.3625 6.15
      vertex -41.7937 -14.3625 7.15
    endloop
  endfacet
  facet normal 0.960509 0.278248 0
    outer loop
      vertex -41.7937 -14.3625 6.15
      vertex -41.751 -14.5099 7.15
      vertex -41.751 -14.5099 6.15
    endloop
  endfacet
  facet normal 0.932718 0.360607 0
    outer loop
      vertex -41.7937 -14.3625 7.15
      vertex -41.8486 -14.2205 6.15
      vertex -41.8486 -14.2205 7.15
    endloop
  endfacet
  facet normal 0.932718 0.360607 0
    outer loop
      vertex -41.8486 -14.2205 6.15
      vertex -41.7937 -14.3625 7.15
      vertex -41.7937 -14.3625 6.15
    endloop
  endfacet
  facet normal 0.897682 0.440644 0
    outer loop
      vertex -41.8486 -14.2205 7.15
      vertex -41.9158 -14.0836 6.15
      vertex -41.9158 -14.0836 7.15
    endloop
  endfacet
  facet normal 0.897682 0.440644 0
    outer loop
      vertex -41.9158 -14.0836 6.15
      vertex -41.8486 -14.2205 7.15
      vertex -41.8486 -14.2205 6.15
    endloop
  endfacet
  facet normal 0.853818 0.520572 0
    outer loop
      vertex -41.9158 -14.0836 7.15
      vertex -41.995 -13.9537 6.15
      vertex -41.995 -13.9537 7.15
    endloop
  endfacet
  facet normal 0.853818 0.520572 0
    outer loop
      vertex -41.995 -13.9537 6.15
      vertex -41.9158 -14.0836 7.15
      vertex -41.9158 -14.0836 6.15
    endloop
  endfacet
  facet normal 0.798811 0.601582 0
    outer loop
      vertex -41.995 -13.9537 7.15
      vertex -42.0862 -13.8326 6.15
      vertex -42.0862 -13.8326 7.15
    endloop
  endfacet
  facet normal 0.798811 0.601582 0
    outer loop
      vertex -42.0862 -13.8326 6.15
      vertex -41.995 -13.9537 7.15
      vertex -41.995 -13.9537 6.15
    endloop
  endfacet
  facet normal 0.73631 0.676645 0
    outer loop
      vertex -42.0862 -13.8326 7.15
      vertex -42.1894 -13.7203 6.15
      vertex -42.1894 -13.7203 7.15
    endloop
  endfacet
  facet normal 0.73631 0.676645 0
    outer loop
      vertex -42.1894 -13.7203 6.15
      vertex -42.0862 -13.8326 7.15
      vertex -42.0862 -13.8326 6.15
    endloop
  endfacet
  facet normal 0.667965 0.744193 -0
    outer loop
      vertex -42.1894 -13.7203 6.15
      vertex -42.3046 -13.6169 7.15
      vertex -42.1894 -13.7203 7.15
    endloop
  endfacet
  facet normal 0.667965 0.744193 0
    outer loop
      vertex -42.3046 -13.6169 7.15
      vertex -42.1894 -13.7203 6.15
      vertex -42.3046 -13.6169 6.15
    endloop
  endfacet
  facet normal 0.597067 0.802191 -0
    outer loop
      vertex -42.3046 -13.6169 6.15
      vertex -42.4317 -13.5223 7.15
      vertex -42.3046 -13.6169 7.15
    endloop
  endfacet
  facet normal 0.597067 0.802191 0
    outer loop
      vertex -42.4317 -13.5223 7.15
      vertex -42.3046 -13.6169 6.15
      vertex -42.4317 -13.5223 6.15
    endloop
  endfacet
  facet normal 0.524985 0.851112 -0
    outer loop
      vertex -42.4317 -13.5223 6.15
      vertex -42.5708 -13.4365 7.15
      vertex -42.4317 -13.5223 7.15
    endloop
  endfacet
  facet normal 0.524985 0.851112 0
    outer loop
      vertex -42.5708 -13.4365 7.15
      vertex -42.4317 -13.5223 6.15
      vertex -42.5708 -13.4365 6.15
    endloop
  endfacet
  facet normal 0.529942 -0.848034 0
    outer loop
      vertex -42.5708 -13.4365 6.15
      vertex -42.4367 -13.3527 7.15
      vertex -42.5708 -13.4365 7.15
    endloop
  endfacet
  facet normal 0.529942 -0.848034 0
    outer loop
      vertex -42.4367 -13.3527 7.15
      vertex -42.5708 -13.4365 6.15
      vertex -42.4367 -13.3527 6.15
    endloop
  endfacet
  facet normal 0.602064 -0.798448 0
    outer loop
      vertex -42.4367 -13.3527 6.15
      vertex -42.3192 -13.2641 7.15
      vertex -42.4367 -13.3527 7.15
    endloop
  endfacet
  facet normal 0.602064 -0.798448 0
    outer loop
      vertex -42.3192 -13.2641 7.15
      vertex -42.4367 -13.3527 6.15
      vertex -42.3192 -13.2641 6.15
    endloop
  endfacet
  facet normal 0.68006 -0.733156 0
    outer loop
      vertex -42.3192 -13.2641 6.15
      vertex -42.2184 -13.1706 7.15
      vertex -42.3192 -13.2641 7.15
    endloop
  endfacet
  facet normal 0.68006 -0.733156 0
    outer loop
      vertex -42.2184 -13.1706 7.15
      vertex -42.3192 -13.2641 6.15
      vertex -42.2184 -13.1706 6.15
    endloop
  endfacet
  facet normal 0.75942 -0.650601 0
    outer loop
      vertex -42.2184 -13.1706 7.15
      vertex -42.1341 -13.0722 6.15
      vertex -42.1341 -13.0722 7.15
    endloop
  endfacet
  facet normal 0.75942 -0.650601 0
    outer loop
      vertex -42.1341 -13.0722 6.15
      vertex -42.2184 -13.1706 7.15
      vertex -42.2184 -13.1706 6.15
    endloop
  endfacet
  facet normal 0.836512 -0.547948 0
    outer loop
      vertex -42.1341 -13.0722 7.15
      vertex -42.0665 -12.969 6.15
      vertex -42.0665 -12.969 7.15
    endloop
  endfacet
  facet normal 0.836512 -0.547948 0
    outer loop
      vertex -42.0665 -12.969 6.15
      vertex -42.1341 -13.0722 7.15
      vertex -42.1341 -13.0722 6.15
    endloop
  endfacet
  facet normal 0.904078 -0.427367 0
    outer loop
      vertex -42.0665 -12.969 7.15
      vertex -42.0154 -12.8609 6.15
      vertex -42.0154 -12.8609 7.15
    endloop
  endfacet
  facet normal 0.904078 -0.427367 0
    outer loop
      vertex -42.0154 -12.8609 6.15
      vertex -42.0665 -12.969 7.15
      vertex -42.0665 -12.969 6.15
    endloop
  endfacet
  facet normal 0.941566 -0.336827 0
    outer loop
      vertex -42.0154 -12.8609 7.15
      vertex -41.9763 -12.7516 6.15
      vertex -41.9763 -12.7516 7.15
    endloop
  endfacet
  facet normal 0.941566 -0.336827 0
    outer loop
      vertex -41.9763 -12.7516 6.15
      vertex -42.0154 -12.8609 7.15
      vertex -42.0154 -12.8609 6.15
    endloop
  endfacet
  facet normal 0.957752 -0.287594 0
    outer loop
      vertex -41.9763 -12.7516 7.15
      vertex -41.9442 -12.6447 6.15
      vertex -41.9442 -12.6447 7.15
    endloop
  endfacet
  facet normal 0.957752 -0.287594 0
    outer loop
      vertex -41.9442 -12.6447 6.15
      vertex -41.9763 -12.7516 7.15
      vertex -41.9763 -12.7516 6.15
    endloop
  endfacet
  facet normal 0.972816 -0.231579 0
    outer loop
      vertex -41.9442 -12.6447 7.15
      vertex -41.9193 -12.5401 6.15
      vertex -41.9193 -12.5401 7.15
    endloop
  endfacet
  facet normal 0.972816 -0.231579 0
    outer loop
      vertex -41.9193 -12.5401 6.15
      vertex -41.9442 -12.6447 7.15
      vertex -41.9442 -12.6447 6.15
    endloop
  endfacet
  facet normal 0.985169 -0.171585 0
    outer loop
      vertex -41.9193 -12.5401 7.15
      vertex -41.9015 -12.4379 6.15
      vertex -41.9015 -12.4379 7.15
    endloop
  endfacet
  facet normal 0.985169 -0.171585 0
    outer loop
      vertex -41.9015 -12.4379 6.15
      vertex -41.9193 -12.5401 7.15
      vertex -41.9193 -12.5401 6.15
    endloop
  endfacet
  facet normal 0.994302 -0.106603 0
    outer loop
      vertex -41.9015 -12.4379 7.15
      vertex -41.8908 -12.3381 6.15
      vertex -41.8908 -12.3381 7.15
    endloop
  endfacet
  facet normal 0.994302 -0.106603 0
    outer loop
      vertex -41.8908 -12.3381 6.15
      vertex -41.9015 -12.4379 7.15
      vertex -41.9015 -12.4379 6.15
    endloop
  endfacet
  facet normal 0.999355 -0.0359111 0
    outer loop
      vertex -41.8908 -12.3381 7.15
      vertex -41.8873 -12.2407 6.15
      vertex -41.8873 -12.2407 7.15
    endloop
  endfacet
  facet normal 0.999355 -0.0359111 0
    outer loop
      vertex -41.8873 -12.2407 6.15
      vertex -41.8908 -12.3381 7.15
      vertex -41.8908 -12.3381 6.15
    endloop
  endfacet
  facet normal 0.997951 0.0639835 0
    outer loop
      vertex -41.8873 -12.2407 7.15
      vertex -41.9007 -12.0317 6.15
      vertex -41.9007 -12.0317 7.15
    endloop
  endfacet
  facet normal 0.997951 0.0639835 0
    outer loop
      vertex -41.9007 -12.0317 6.15
      vertex -41.8873 -12.2407 7.15
      vertex -41.8873 -12.2407 6.15
    endloop
  endfacet
  facet normal 0.979891 0.199534 0
    outer loop
      vertex -41.9007 -12.0317 7.15
      vertex -41.9411 -11.8333 6.15
      vertex -41.9411 -11.8333 7.15
    endloop
  endfacet
  facet normal 0.979891 0.199534 0
    outer loop
      vertex -41.9411 -11.8333 6.15
      vertex -41.9007 -12.0317 7.15
      vertex -41.9007 -12.0317 6.15
    endloop
  endfacet
  facet normal 0.941594 0.336749 0
    outer loop
      vertex -41.9411 -11.8333 7.15
      vertex -42.0083 -11.6454 6.15
      vertex -42.0083 -11.6454 7.15
    endloop
  endfacet
  facet normal 0.941594 0.336749 0
    outer loop
      vertex -42.0083 -11.6454 6.15
      vertex -41.9411 -11.8333 7.15
      vertex -41.9411 -11.8333 6.15
    endloop
  endfacet
  facet normal 0.883315 0.468779 0
    outer loop
      vertex -42.0083 -11.6454 7.15
      vertex -42.1025 -11.4679 6.15
      vertex -42.1025 -11.4679 7.15
    endloop
  endfacet
  facet normal 0.883315 0.468779 0
    outer loop
      vertex -42.1025 -11.4679 6.15
      vertex -42.0083 -11.6454 7.15
      vertex -42.0083 -11.6454 6.15
    endloop
  endfacet
  facet normal 0.809616 0.58696 0
    outer loop
      vertex -42.1025 -11.4679 7.15
      vertex -42.2235 -11.301 6.15
      vertex -42.2235 -11.301 7.15
    endloop
  endfacet
  facet normal 0.809616 0.58696 0
    outer loop
      vertex -42.2235 -11.301 6.15
      vertex -42.1025 -11.4679 7.15
      vertex -42.1025 -11.4679 6.15
    endloop
  endfacet
  facet normal 0.726343 0.687332 0
    outer loop
      vertex -42.2235 -11.301 7.15
      vertex -42.3715 -11.1446 6.15
      vertex -42.3715 -11.1446 7.15
    endloop
  endfacet
  facet normal 0.726343 0.687332 0
    outer loop
      vertex -42.3715 -11.1446 6.15
      vertex -42.2235 -11.301 7.15
      vertex -42.2235 -11.301 6.15
    endloop
  endfacet
  facet normal 0.626568 0.779367 -0
    outer loop
      vertex -42.3715 -11.1446 6.15
      vertex -42.5439 -11.006 7.15
      vertex -42.3715 -11.1446 7.15
    endloop
  endfacet
  facet normal 0.626568 0.779367 0
    outer loop
      vertex -42.5439 -11.006 7.15
      vertex -42.3715 -11.1446 6.15
      vertex -42.5439 -11.006 6.15
    endloop
  endfacet
  facet normal 0.503484 0.864004 -0
    outer loop
      vertex -42.5439 -11.006 6.15
      vertex -42.7385 -10.8926 7.15
      vertex -42.5439 -11.006 7.15
    endloop
  endfacet
  facet normal 0.503484 0.864004 0
    outer loop
      vertex -42.7385 -10.8926 7.15
      vertex -42.5439 -11.006 6.15
      vertex -42.7385 -10.8926 6.15
    endloop
  endfacet
  facet normal 0.376835 0.92628 -0
    outer loop
      vertex -42.7385 -10.8926 6.15
      vertex -42.9553 -10.8044 7.15
      vertex -42.7385 -10.8926 7.15
    endloop
  endfacet
  facet normal 0.376835 0.92628 0
    outer loop
      vertex -42.9553 -10.8044 7.15
      vertex -42.7385 -10.8926 6.15
      vertex -42.9553 -10.8044 6.15
    endloop
  endfacet
  facet normal 0.254991 0.966943 -0
    outer loop
      vertex -42.9553 -10.8044 6.15
      vertex -43.1942 -10.7414 7.15
      vertex -42.9553 -10.8044 7.15
    endloop
  endfacet
  facet normal 0.254991 0.966943 0
    outer loop
      vertex -43.1942 -10.7414 7.15
      vertex -42.9553 -10.8044 6.15
      vertex -43.1942 -10.7414 6.15
    endloop
  endfacet
  facet normal 0.143278 0.989682 -0
    outer loop
      vertex -43.1942 -10.7414 6.15
      vertex -43.4553 -10.7036 7.15
      vertex -43.1942 -10.7414 7.15
    endloop
  endfacet
  facet normal 0.143278 0.989682 0
    outer loop
      vertex -43.4553 -10.7036 7.15
      vertex -43.1942 -10.7414 6.15
      vertex -43.4553 -10.7036 6.15
    endloop
  endfacet
  facet normal 0.04408 0.999028 -0
    outer loop
      vertex -43.4553 -10.7036 6.15
      vertex -43.7386 -10.6911 7.15
      vertex -43.4553 -10.7036 7.15
    endloop
  endfacet
  facet normal 0.04408 0.999028 0
    outer loop
      vertex -43.7386 -10.6911 7.15
      vertex -43.4553 -10.7036 6.15
      vertex -43.7386 -10.6911 6.15
    endloop
  endfacet
  facet normal -0.0440955 0.999027 0
    outer loop
      vertex -43.7386 -10.6911 6.15
      vertex -44.0218 -10.7036 7.15
      vertex -43.7386 -10.6911 7.15
    endloop
  endfacet
  facet normal -0.0440955 0.999027 0
    outer loop
      vertex -44.0218 -10.7036 7.15
      vertex -43.7386 -10.6911 6.15
      vertex -44.0218 -10.7036 6.15
    endloop
  endfacet
  facet normal -0.143278 0.989682 0
    outer loop
      vertex -44.0218 -10.7036 6.15
      vertex -44.2829 -10.7414 7.15
      vertex -44.0218 -10.7036 7.15
    endloop
  endfacet
  facet normal -0.143278 0.989682 0
    outer loop
      vertex -44.2829 -10.7414 7.15
      vertex -44.0218 -10.7036 6.15
      vertex -44.2829 -10.7414 6.15
    endloop
  endfacet
  facet normal -0.254991 0.966943 0
    outer loop
      vertex -44.2829 -10.7414 6.15
      vertex -44.5218 -10.8044 7.15
      vertex -44.2829 -10.7414 7.15
    endloop
  endfacet
  facet normal -0.254991 0.966943 0
    outer loop
      vertex -44.5218 -10.8044 7.15
      vertex -44.2829 -10.7414 6.15
      vertex -44.5218 -10.8044 6.15
    endloop
  endfacet
  facet normal -0.376835 0.92628 0
    outer loop
      vertex -44.5218 -10.8044 6.15
      vertex -44.7386 -10.8926 7.15
      vertex -44.5218 -10.8044 7.15
    endloop
  endfacet
  facet normal -0.376835 0.92628 0
    outer loop
      vertex -44.7386 -10.8926 7.15
      vertex -44.5218 -10.8044 6.15
      vertex -44.7386 -10.8926 6.15
    endloop
  endfacet
  facet normal -0.503484 0.864004 0
    outer loop
      vertex -44.7386 -10.8926 6.15
      vertex -44.9332 -11.006 7.15
      vertex -44.7386 -10.8926 7.15
    endloop
  endfacet
  facet normal -0.503484 0.864004 0
    outer loop
      vertex -44.9332 -11.006 7.15
      vertex -44.7386 -10.8926 6.15
      vertex -44.9332 -11.006 6.15
    endloop
  endfacet
  facet normal -0.626347 0.779544 0
    outer loop
      vertex -44.9332 -11.006 6.15
      vertex -45.1057 -11.1446 7.15
      vertex -44.9332 -11.006 7.15
    endloop
  endfacet
  facet normal -0.626347 0.779544 0
    outer loop
      vertex -45.1057 -11.1446 7.15
      vertex -44.9332 -11.006 6.15
      vertex -45.1057 -11.1446 6.15
    endloop
  endfacet
  facet normal -0.726575 0.687087 0
    outer loop
      vertex -45.2536 -11.301 6.15
      vertex -45.1057 -11.1446 7.15
      vertex -45.1057 -11.1446 6.15
    endloop
  endfacet
  facet normal -0.726575 0.687087 0
    outer loop
      vertex -45.1057 -11.1446 7.15
      vertex -45.2536 -11.301 6.15
      vertex -45.2536 -11.301 7.15
    endloop
  endfacet
  facet normal -0.809616 0.58696 0
    outer loop
      vertex -45.3746 -11.4679 6.15
      vertex -45.2536 -11.301 7.15
      vertex -45.2536 -11.301 6.15
    endloop
  endfacet
  facet normal -0.809616 0.58696 0
    outer loop
      vertex -45.2536 -11.301 7.15
      vertex -45.3746 -11.4679 6.15
      vertex -45.3746 -11.4679 7.15
    endloop
  endfacet
  facet normal -0.883315 0.468779 0
    outer loop
      vertex -45.4688 -11.6454 6.15
      vertex -45.3746 -11.4679 7.15
      vertex -45.3746 -11.4679 6.15
    endloop
  endfacet
  facet normal -0.883315 0.468779 0
    outer loop
      vertex -45.3746 -11.4679 7.15
      vertex -45.4688 -11.6454 6.15
      vertex -45.4688 -11.6454 7.15
    endloop
  endfacet
  facet normal -0.941594 0.336749 0
    outer loop
      vertex -45.536 -11.8333 6.15
      vertex -45.4688 -11.6454 7.15
      vertex -45.4688 -11.6454 6.15
    endloop
  endfacet
  facet normal -0.941594 0.336749 0
    outer loop
      vertex -45.4688 -11.6454 7.15
      vertex -45.536 -11.8333 6.15
      vertex -45.536 -11.8333 7.15
    endloop
  endfacet
  facet normal -0.979987 0.19906 0
    outer loop
      vertex -45.5763 -12.0317 6.15
      vertex -45.536 -11.8333 7.15
      vertex -45.536 -11.8333 6.15
    endloop
  endfacet
  facet normal -0.979987 0.19906 0
    outer loop
      vertex -45.536 -11.8333 7.15
      vertex -45.5763 -12.0317 6.15
      vertex -45.5763 -12.0317 7.15
    endloop
  endfacet
  facet normal -0.99792 0.064459 0
    outer loop
      vertex -45.5898 -12.2407 6.15
      vertex -45.5763 -12.0317 7.15
      vertex -45.5763 -12.0317 6.15
    endloop
  endfacet
  facet normal -0.99792 0.064459 0
    outer loop
      vertex -45.5763 -12.0317 7.15
      vertex -45.5898 -12.2407 6.15
      vertex -45.5898 -12.2407 7.15
    endloop
  endfacet
  facet normal -0.999318 -0.0369358 0
    outer loop
      vertex -45.5862 -12.3381 6.15
      vertex -45.5898 -12.2407 7.15
      vertex -45.5898 -12.2407 6.15
    endloop
  endfacet
  facet normal -0.999318 -0.0369358 0
    outer loop
      vertex -45.5898 -12.2407 7.15
      vertex -45.5862 -12.3381 6.15
      vertex -45.5862 -12.3381 7.15
    endloop
  endfacet
  facet normal -0.994302 -0.106603 0
    outer loop
      vertex -45.5755 -12.4379 6.15
      vertex -45.5862 -12.3381 7.15
      vertex -45.5862 -12.3381 6.15
    endloop
  endfacet
  facet normal -0.994302 -0.106603 0
    outer loop
      vertex -45.5862 -12.3381 7.15
      vertex -45.5755 -12.4379 6.15
      vertex -45.5755 -12.4379 7.15
    endloop
  endfacet
  facet normal -0.985332 -0.170649 0
    outer loop
      vertex -45.5578 -12.5401 6.15
      vertex -45.5755 -12.4379 7.15
      vertex -45.5755 -12.4379 6.15
    endloop
  endfacet
  facet normal -0.985332 -0.170649 0
    outer loop
      vertex -45.5755 -12.4379 7.15
      vertex -45.5578 -12.5401 6.15
      vertex -45.5578 -12.5401 7.15
    endloop
  endfacet
  facet normal -0.972606 -0.232458 0
    outer loop
      vertex -45.5328 -12.6447 6.15
      vertex -45.5578 -12.5401 7.15
      vertex -45.5578 -12.5401 6.15
    endloop
  endfacet
  facet normal -0.972606 -0.232458 0
    outer loop
      vertex -45.5578 -12.5401 7.15
      vertex -45.5328 -12.6447 6.15
      vertex -45.5328 -12.6447 7.15
    endloop
  endfacet
  facet normal -0.957999 -0.286772 0
    outer loop
      vertex -45.5008 -12.7516 6.15
      vertex -45.5328 -12.6447 7.15
      vertex -45.5328 -12.6447 6.15
    endloop
  endfacet
  facet normal -0.957999 -0.286772 0
    outer loop
      vertex -45.5328 -12.6447 7.15
      vertex -45.5008 -12.7516 6.15
      vertex -45.5008 -12.7516 7.15
    endloop
  endfacet
  facet normal -0.941293 -0.337591 0
    outer loop
      vertex -45.4616 -12.8609 6.15
      vertex -45.5008 -12.7516 7.15
      vertex -45.5008 -12.7516 6.15
    endloop
  endfacet
  facet normal -0.941293 -0.337591 0
    outer loop
      vertex -45.5008 -12.7516 7.15
      vertex -45.4616 -12.8609 6.15
      vertex -45.4616 -12.8609 7.15
    endloop
  endfacet
  facet normal -0.906056 -0.423158 0
    outer loop
      vertex -45.4106 -12.9701 6.15
      vertex -45.4616 -12.8609 7.15
      vertex -45.4616 -12.8609 6.15
    endloop
  endfacet
  facet normal -0.906056 -0.423158 0
    outer loop
      vertex -45.4616 -12.8609 7.15
      vertex -45.4106 -12.9701 6.15
      vertex -45.4106 -12.9701 7.15
    endloop
  endfacet
  facet normal -0.844509 -0.535542 0
    outer loop
      vertex -45.343 -13.0767 6.15
      vertex -45.4106 -12.9701 7.15
      vertex -45.4106 -12.9701 6.15
    endloop
  endfacet
  facet normal -0.844509 -0.535542 0
    outer loop
      vertex -45.4106 -12.9701 7.15
      vertex -45.343 -13.0767 6.15
      vertex -45.343 -13.0767 7.15
    endloop
  endfacet
  facet normal -0.777141 -0.629327 0
    outer loop
      vertex -45.2587 -13.1808 6.15
      vertex -45.343 -13.0767 7.15
      vertex -45.343 -13.0767 6.15
    endloop
  endfacet
  facet normal -0.777141 -0.629327 0
    outer loop
      vertex -45.343 -13.0767 7.15
      vertex -45.2587 -13.1808 6.15
      vertex -45.2587 -13.1808 7.15
    endloop
  endfacet
  facet normal -0.708504 -0.705707 0
    outer loop
      vertex -45.1578 -13.2821 6.15
      vertex -45.2587 -13.1808 7.15
      vertex -45.2587 -13.1808 6.15
    endloop
  endfacet
  facet normal -0.708504 -0.705707 0
    outer loop
      vertex -45.2587 -13.1808 7.15
      vertex -45.1578 -13.2821 6.15
      vertex -45.1578 -13.2821 7.15
    endloop
  endfacet
  facet normal -0.643895 -0.765114 0
    outer loop
      vertex -45.1578 -13.2821 6.15
      vertex -45.0404 -13.3809 7.15
      vertex -45.1578 -13.2821 7.15
    endloop
  endfacet
  facet normal -0.643895 -0.765114 -0
    outer loop
      vertex -45.0404 -13.3809 7.15
      vertex -45.1578 -13.2821 6.15
      vertex -45.0404 -13.3809 6.15
    endloop
  endfacet
  facet normal -0.583299 -0.812258 0
    outer loop
      vertex -45.0404 -13.3809 6.15
      vertex -44.9063 -13.4772 7.15
      vertex -45.0404 -13.3809 7.15
    endloop
  endfacet
  facet normal -0.583299 -0.812258 -0
    outer loop
      vertex -44.9063 -13.4772 7.15
      vertex -45.0404 -13.3809 6.15
      vertex -44.9063 -13.4772 6.15
    endloop
  endfacet
  facet normal -0.465668 0.88496 0
    outer loop
      vertex -44.9063 -13.4772 6.15
      vertex -45.0456 -13.5505 7.15
      vertex -44.9063 -13.4772 7.15
    endloop
  endfacet
  facet normal -0.465668 0.88496 0
    outer loop
      vertex -45.0456 -13.5505 7.15
      vertex -44.9063 -13.4772 6.15
      vertex -45.0456 -13.5505 6.15
    endloop
  endfacet
  facet normal -0.55168 0.834056 0
    outer loop
      vertex -45.0456 -13.5505 6.15
      vertex -45.1732 -13.6349 7.15
      vertex -45.0456 -13.5505 7.15
    endloop
  endfacet
  facet normal -0.55168 0.834056 0
    outer loop
      vertex -45.1732 -13.6349 7.15
      vertex -45.0456 -13.5505 6.15
      vertex -45.1732 -13.6349 6.15
    endloop
  endfacet
  facet normal -0.635987 0.7717 0
    outer loop
      vertex -45.1732 -13.6349 6.15
      vertex -45.2892 -13.7305 7.15
      vertex -45.1732 -13.6349 7.15
    endloop
  endfacet
  facet normal -0.635987 0.7717 0
    outer loop
      vertex -45.2892 -13.7305 7.15
      vertex -45.1732 -13.6349 6.15
      vertex -45.2892 -13.7305 6.15
    endloop
  endfacet
  facet normal -0.714112 0.700031 0
    outer loop
      vertex -45.3936 -13.837 6.15
      vertex -45.2892 -13.7305 7.15
      vertex -45.2892 -13.7305 6.15
    endloop
  endfacet
  facet normal -0.714112 0.700031 0
    outer loop
      vertex -45.2892 -13.7305 7.15
      vertex -45.3936 -13.837 6.15
      vertex -45.3936 -13.837 7.15
    endloop
  endfacet
  facet normal -0.785275 0.619147 0
    outer loop
      vertex -45.4864 -13.9547 6.15
      vertex -45.3936 -13.837 7.15
      vertex -45.3936 -13.837 6.15
    endloop
  endfacet
  facet normal -0.785275 0.619147 0
    outer loop
      vertex -45.3936 -13.837 7.15
      vertex -45.4864 -13.9547 6.15
      vertex -45.4864 -13.9547 7.15
    endloop
  endfacet
  facet normal -0.846222 0.532831 0
    outer loop
      vertex -45.5675 -14.0835 6.15
      vertex -45.4864 -13.9547 7.15
      vertex -45.4864 -13.9547 6.15
    endloop
  endfacet
  facet normal -0.846222 0.532831 0
    outer loop
      vertex -45.4864 -13.9547 7.15
      vertex -45.5675 -14.0835 6.15
      vertex -45.5675 -14.0835 7.15
    endloop
  endfacet
  facet normal -0.892988 0.450081 0
    outer loop
      vertex -45.6365 -14.2204 6.15
      vertex -45.5675 -14.0835 7.15
      vertex -45.5675 -14.0835 6.15
    endloop
  endfacet
  facet normal -0.892988 0.450081 0
    outer loop
      vertex -45.5675 -14.0835 7.15
      vertex -45.6365 -14.2204 6.15
      vertex -45.6365 -14.2204 7.15
    endloop
  endfacet
  facet normal -0.929466 0.368908 0
    outer loop
      vertex -45.6929 -14.3625 6.15
      vertex -45.6365 -14.2204 7.15
      vertex -45.6365 -14.2204 6.15
    endloop
  endfacet
  facet normal -0.929466 0.368908 0
    outer loop
      vertex -45.6365 -14.2204 7.15
      vertex -45.6929 -14.3625 6.15
      vertex -45.6929 -14.3625 7.15
    endloop
  endfacet
  facet normal -0.958344 0.285616 0
    outer loop
      vertex -45.7368 -14.5098 6.15
      vertex -45.6929 -14.3625 7.15
      vertex -45.6929 -14.3625 6.15
    endloop
  endfacet
  facet normal -0.958344 0.285616 0
    outer loop
      vertex -45.6929 -14.3625 7.15
      vertex -45.7368 -14.5098 6.15
      vertex -45.7368 -14.5098 7.15
    endloop
  endfacet
  facet normal -0.979453 0.201671 0
    outer loop
      vertex -45.7682 -14.6623 6.15
      vertex -45.7368 -14.5098 7.15
      vertex -45.7368 -14.5098 6.15
    endloop
  endfacet
  facet normal -0.979453 0.201671 0
    outer loop
      vertex -45.7368 -14.5098 7.15
      vertex -45.7682 -14.6623 6.15
      vertex -45.7682 -14.6623 7.15
    endloop
  endfacet
  facet normal -0.992969 0.118375 0
    outer loop
      vertex -45.787 -14.82 6.15
      vertex -45.7682 -14.6623 7.15
      vertex -45.7682 -14.6623 6.15
    endloop
  endfacet
  facet normal -0.992969 0.118375 0
    outer loop
      vertex -45.7682 -14.6623 7.15
      vertex -45.787 -14.82 6.15
      vertex -45.787 -14.82 7.15
    endloop
  endfacet
  facet normal -0.999277 0.0380093 0
    outer loop
      vertex -45.7932 -14.983 6.15
      vertex -45.787 -14.82 7.15
      vertex -45.787 -14.82 6.15
    endloop
  endfacet
  facet normal -0.999277 0.0380093 0
    outer loop
      vertex -45.787 -14.82 7.15
      vertex -45.7932 -14.983 6.15
      vertex -45.7932 -14.983 7.15
    endloop
  endfacet
  facet normal -0.998307 -0.0581658 0
    outer loop
      vertex -45.7791 -15.225 6.15
      vertex -45.7932 -14.983 7.15
      vertex -45.7932 -14.983 6.15
    endloop
  endfacet
  facet normal -0.998307 -0.0581658 0
    outer loop
      vertex -45.7932 -14.983 7.15
      vertex -45.7791 -15.225 6.15
      vertex -45.7791 -15.225 7.15
    endloop
  endfacet
  facet normal -0.983373 -0.181598 0
    outer loop
      vertex -45.7367 -15.4546 6.15
      vertex -45.7791 -15.225 7.15
      vertex -45.7791 -15.225 6.15
    endloop
  endfacet
  facet normal -0.983373 -0.181598 0
    outer loop
      vertex -45.7791 -15.225 7.15
      vertex -45.7367 -15.4546 6.15
      vertex -45.7367 -15.4546 7.15
    endloop
  endfacet
  facet normal -0.950979 -0.309254 0
    outer loop
      vertex -45.6661 -15.6717 6.15
      vertex -45.7367 -15.4546 7.15
      vertex -45.7367 -15.4546 6.15
    endloop
  endfacet
  facet normal -0.950979 -0.309254 0
    outer loop
      vertex -45.7367 -15.4546 7.15
      vertex -45.6661 -15.6717 6.15
      vertex -45.6661 -15.6717 7.15
    endloop
  endfacet
  facet normal -0.900415 -0.435032 0
    outer loop
      vertex -45.5672 -15.8764 6.15
      vertex -45.6661 -15.6717 7.15
      vertex -45.6661 -15.6717 6.15
    endloop
  endfacet
  facet normal -0.900415 -0.435032 0
    outer loop
      vertex -45.6661 -15.6717 7.15
      vertex -45.5672 -15.8764 6.15
      vertex -45.5672 -15.8764 7.15
    endloop
  endfacet
  facet normal -0.834047 -0.551694 0
    outer loop
      vertex -45.44 -16.0687 6.15
      vertex -45.5672 -15.8764 7.15
      vertex -45.5672 -15.8764 6.15
    endloop
  endfacet
  facet normal -0.834047 -0.551694 0
    outer loop
      vertex -45.5672 -15.8764 7.15
      vertex -45.44 -16.0687 6.15
      vertex -45.44 -16.0687 7.15
    endloop
  endfacet
  facet normal -0.756757 -0.653697 0
    outer loop
      vertex -45.2846 -16.2486 6.15
      vertex -45.44 -16.0687 7.15
      vertex -45.44 -16.0687 6.15
    endloop
  endfacet
  facet normal -0.756757 -0.653697 0
    outer loop
      vertex -45.44 -16.0687 7.15
      vertex -45.2846 -16.2486 6.15
      vertex -45.2846 -16.2486 7.15
    endloop
  endfacet
  facet normal -0.659552 -0.751659 0
    outer loop
      vertex -45.2846 -16.2486 6.15
      vertex -45.1018 -16.409 7.15
      vertex -45.2846 -16.2486 7.15
    endloop
  endfacet
  facet normal -0.659552 -0.751659 -0
    outer loop
      vertex -45.1018 -16.409 7.15
      vertex -45.2846 -16.2486 6.15
      vertex -45.1018 -16.409 6.15
    endloop
  endfacet
  facet normal -0.530871 -0.847453 0
    outer loop
      vertex -45.1018 -16.409 6.15
      vertex -44.8922 -16.5403 7.15
      vertex -45.1018 -16.409 7.15
    endloop
  endfacet
  facet normal -0.530871 -0.847453 -0
    outer loop
      vertex -44.8922 -16.5403 7.15
      vertex -45.1018 -16.409 6.15
      vertex -44.8922 -16.5403 6.15
    endloop
  endfacet
  facet normal -0.396451 -0.918056 0
    outer loop
      vertex -44.8922 -16.5403 6.15
      vertex -44.656 -16.6423 7.15
      vertex -44.8922 -16.5403 7.15
    endloop
  endfacet
  facet normal -0.396451 -0.918056 -0
    outer loop
      vertex -44.656 -16.6423 7.15
      vertex -44.8922 -16.5403 6.15
      vertex -44.656 -16.6423 6.15
    endloop
  endfacet
  facet normal -0.267644 -0.963518 0
    outer loop
      vertex -44.656 -16.6423 6.15
      vertex -44.3932 -16.7153 7.15
      vertex -44.656 -16.6423 7.15
    endloop
  endfacet
  facet normal -0.267644 -0.963518 -0
    outer loop
      vertex -44.3932 -16.7153 7.15
      vertex -44.656 -16.6423 6.15
      vertex -44.3932 -16.7153 6.15
    endloop
  endfacet
  facet normal -0.149209 -0.988806 0
    outer loop
      vertex -44.3932 -16.7153 6.15
      vertex -44.1036 -16.759 7.15
      vertex -44.3932 -16.7153 7.15
    endloop
  endfacet
  facet normal -0.149209 -0.988806 -0
    outer loop
      vertex -44.1036 -16.759 7.15
      vertex -44.3932 -16.7153 6.15
      vertex -44.1036 -16.759 6.15
    endloop
  endfacet
  facet normal -0.0461242 -0.998936 0
    outer loop
      vertex -44.1036 -16.759 6.15
      vertex -43.7874 -16.7736 7.15
      vertex -44.1036 -16.759 7.15
    endloop
  endfacet
  facet normal -0.0461242 -0.998936 -0
    outer loop
      vertex -43.7874 -16.7736 7.15
      vertex -44.1036 -16.759 6.15
      vertex -43.7874 -16.7736 6.15
    endloop
  endfacet
  facet normal 0.0456361 -0.998958 0
    outer loop
      vertex -43.7874 -16.7736 6.15
      vertex -43.47 -16.7591 7.15
      vertex -43.7874 -16.7736 7.15
    endloop
  endfacet
  facet normal 0.0456361 -0.998958 0
    outer loop
      vertex -43.47 -16.7591 7.15
      vertex -43.7874 -16.7736 6.15
      vertex -43.47 -16.7591 6.15
    endloop
  endfacet
  facet normal 0.160697 0.987004 -0
    outer loop
      vertex -43.8509 -13.0931 6.15
      vertex -43.9547 -13.0762 7.15
      vertex -43.8509 -13.0931 7.15
    endloop
  endfacet
  facet normal 0.160697 0.987004 0
    outer loop
      vertex -43.9547 -13.0762 7.15
      vertex -43.8509 -13.0931 6.15
      vertex -43.9547 -13.0762 6.15
    endloop
  endfacet
  facet normal 0.285221 0.958462 -0
    outer loop
      vertex -43.9547 -13.0762 6.15
      vertex -44.0498 -13.0479 7.15
      vertex -43.9547 -13.0762 7.15
    endloop
  endfacet
  facet normal 0.285221 0.958462 0
    outer loop
      vertex -44.0498 -13.0479 7.15
      vertex -43.9547 -13.0762 6.15
      vertex -44.0498 -13.0479 6.15
    endloop
  endfacet
  facet normal 0.41499 0.909826 -0
    outer loop
      vertex -44.0498 -13.0479 6.15
      vertex -44.1364 -13.0084 7.15
      vertex -44.0498 -13.0479 7.15
    endloop
  endfacet
  facet normal 0.41499 0.909826 0
    outer loop
      vertex -44.1364 -13.0084 7.15
      vertex -44.0498 -13.0479 6.15
      vertex -44.1364 -13.0084 6.15
    endloop
  endfacet
  facet normal 0.545743 0.837952 -0
    outer loop
      vertex -44.1364 -13.0084 6.15
      vertex -44.2144 -12.9576 7.15
      vertex -44.1364 -13.0084 7.15
    endloop
  endfacet
  facet normal 0.545743 0.837952 0
    outer loop
      vertex -44.2144 -12.9576 7.15
      vertex -44.1364 -13.0084 6.15
      vertex -44.2144 -12.9576 6.15
    endloop
  endfacet
  facet normal 0.666229 0.745747 -0
    outer loop
      vertex -44.2144 -12.9576 6.15
      vertex -44.2838 -12.8956 7.15
      vertex -44.2144 -12.9576 7.15
    endloop
  endfacet
  facet normal 0.666229 0.745747 0
    outer loop
      vertex -44.2838 -12.8956 7.15
      vertex -44.2144 -12.9576 6.15
      vertex -44.2838 -12.8956 6.15
    endloop
  endfacet
  facet normal 0.75903 0.651055 0
    outer loop
      vertex -44.2838 -12.8956 7.15
      vertex -44.3447 -12.8246 6.15
      vertex -44.3447 -12.8246 7.15
    endloop
  endfacet
  facet normal 0.75903 0.651055 0
    outer loop
      vertex -44.3447 -12.8246 6.15
      vertex -44.2838 -12.8956 7.15
      vertex -44.2838 -12.8956 6.15
    endloop
  endfacet
  facet normal 0.841284 0.540593 0
    outer loop
      vertex -44.3447 -12.8246 7.15
      vertex -44.3945 -12.7471 6.15
      vertex -44.3945 -12.7471 7.15
    endloop
  endfacet
  facet normal 0.841284 0.540593 0
    outer loop
      vertex -44.3945 -12.7471 6.15
      vertex -44.3447 -12.8246 7.15
      vertex -44.3447 -12.8246 6.15
    endloop
  endfacet
  facet normal 0.908023 0.418921 0
    outer loop
      vertex -44.3945 -12.7471 7.15
      vertex -44.4333 -12.663 6.15
      vertex -44.4333 -12.663 7.15
    endloop
  endfacet
  facet normal 0.908023 0.418921 0
    outer loop
      vertex -44.4333 -12.663 6.15
      vertex -44.3945 -12.7471 7.15
      vertex -44.3945 -12.7471 6.15
    endloop
  endfacet
  facet normal 0.956597 0.291414 0
    outer loop
      vertex -44.4333 -12.663 7.15
      vertex -44.4609 -12.5724 6.15
      vertex -44.4609 -12.5724 7.15
    endloop
  endfacet
  facet normal 0.956597 0.291414 0
    outer loop
      vertex -44.4609 -12.5724 6.15
      vertex -44.4333 -12.663 7.15
      vertex -44.4333 -12.663 6.15
    endloop
  endfacet
  facet normal 0.985559 0.16933 0
    outer loop
      vertex -44.4609 -12.5724 7.15
      vertex -44.4776 -12.4752 6.15
      vertex -44.4776 -12.4752 7.15
    endloop
  endfacet
  facet normal 0.985559 0.16933 0
    outer loop
      vertex -44.4776 -12.4752 6.15
      vertex -44.4609 -12.5724 7.15
      vertex -44.4609 -12.5724 6.15
    endloop
  endfacet
  facet normal 0.998596 0.0529632 0
    outer loop
      vertex -44.4776 -12.4752 7.15
      vertex -44.4831 -12.3715 6.15
      vertex -44.4831 -12.3715 7.15
    endloop
  endfacet
  facet normal 0.998596 0.0529632 0
    outer loop
      vertex -44.4831 -12.3715 6.15
      vertex -44.4776 -12.4752 7.15
      vertex -44.4776 -12.4752 6.15
    endloop
  endfacet
  facet normal 0.998803 -0.0489173 0
    outer loop
      vertex -44.4831 -12.3715 7.15
      vertex -44.4776 -12.2592 6.15
      vertex -44.4776 -12.2592 7.15
    endloop
  endfacet
  facet normal 0.998803 -0.0489173 0
    outer loop
      vertex -44.4776 -12.2592 6.15
      vertex -44.4831 -12.3715 7.15
      vertex -44.4831 -12.3715 6.15
    endloop
  endfacet
  facet normal 0.987724 -0.156207 0
    outer loop
      vertex -44.4776 -12.2592 7.15
      vertex -44.4612 -12.1555 6.15
      vertex -44.4612 -12.1555 7.15
    endloop
  endfacet
  facet normal 0.987724 -0.156207 0
    outer loop
      vertex -44.4612 -12.1555 6.15
      vertex -44.4776 -12.2592 7.15
      vertex -44.4776 -12.2592 6.15
    endloop
  endfacet
  facet normal 0.961066 -0.276319 0
    outer loop
      vertex -44.4612 -12.1555 7.15
      vertex -44.4338 -12.0602 6.15
      vertex -44.4338 -12.0602 7.15
    endloop
  endfacet
  facet normal 0.961066 -0.276319 0
    outer loop
      vertex -44.4338 -12.0602 6.15
      vertex -44.4612 -12.1555 7.15
      vertex -44.4612 -12.1555 6.15
    endloop
  endfacet
  facet normal 0.914678 -0.404184 0
    outer loop
      vertex -44.4338 -12.0602 7.15
      vertex -44.3954 -11.9733 6.15
      vertex -44.3954 -11.9733 7.15
    endloop
  endfacet
  facet normal 0.914678 -0.404184 0
    outer loop
      vertex -44.3954 -11.9733 6.15
      vertex -44.4338 -12.0602 7.15
      vertex -44.4338 -12.0602 6.15
    endloop
  endfacet
  facet normal 0.846233 -0.532813 0
    outer loop
      vertex -44.3954 -11.9733 7.15
      vertex -44.3461 -11.895 6.15
      vertex -44.3461 -11.895 7.15
    endloop
  endfacet
  facet normal 0.846233 -0.532813 0
    outer loop
      vertex -44.3461 -11.895 6.15
      vertex -44.3954 -11.9733 7.15
      vertex -44.3954 -11.9733 6.15
    endloop
  endfacet
  facet normal 0.757188 -0.653197 0
    outer loop
      vertex -44.3461 -11.895 7.15
      vertex -44.2858 -11.8251 6.15
      vertex -44.2858 -11.8251 7.15
    endloop
  endfacet
  facet normal 0.757188 -0.653197 0
    outer loop
      vertex -44.2858 -11.8251 6.15
      vertex -44.3461 -11.895 7.15
      vertex -44.3461 -11.895 6.15
    endloop
  endfacet
  facet normal 0.652661 -0.75765 0
    outer loop
      vertex -44.2858 -11.8251 6.15
      vertex -44.2158 -11.7648 7.15
      vertex -44.2858 -11.8251 7.15
    endloop
  endfacet
  facet normal 0.652661 -0.75765 0
    outer loop
      vertex -44.2158 -11.7648 7.15
      vertex -44.2858 -11.8251 6.15
      vertex -44.2158 -11.7648 6.15
    endloop
  endfacet
  facet normal 0.531066 -0.847331 0
    outer loop
      vertex -44.2158 -11.7648 6.15
      vertex -44.1373 -11.7156 7.15
      vertex -44.2158 -11.7648 7.15
    endloop
  endfacet
  facet normal 0.531066 -0.847331 0
    outer loop
      vertex -44.1373 -11.7156 7.15
      vertex -44.2158 -11.7648 6.15
      vertex -44.1373 -11.7156 6.15
    endloop
  endfacet
  facet normal 0.402915 -0.915237 0
    outer loop
      vertex -44.1373 -11.7156 6.15
      vertex -44.0503 -11.6773 7.15
      vertex -44.1373 -11.7156 7.15
    endloop
  endfacet
  facet normal 0.402915 -0.915237 0
    outer loop
      vertex -44.0503 -11.6773 7.15
      vertex -44.1373 -11.7156 6.15
      vertex -44.0503 -11.6773 6.15
    endloop
  endfacet
  facet normal 0.276052 -0.961143 0
    outer loop
      vertex -44.0503 -11.6773 6.15
      vertex -43.9549 -11.6499 7.15
      vertex -44.0503 -11.6773 7.15
    endloop
  endfacet
  facet normal 0.276052 -0.961143 0
    outer loop
      vertex -43.9549 -11.6499 7.15
      vertex -44.0503 -11.6773 6.15
      vertex -43.9549 -11.6499 6.15
    endloop
  endfacet
  facet normal 0.155914 -0.987771 0
    outer loop
      vertex -43.9549 -11.6499 6.15
      vertex -43.851 -11.6335 7.15
      vertex -43.9549 -11.6499 7.15
    endloop
  endfacet
  facet normal 0.155914 -0.987771 0
    outer loop
      vertex -43.851 -11.6335 7.15
      vertex -43.9549 -11.6499 6.15
      vertex -43.851 -11.6335 6.15
    endloop
  endfacet
  facet normal 0.0488739 -0.998805 0
    outer loop
      vertex -43.851 -11.6335 6.15
      vertex -43.7386 -11.628 7.15
      vertex -43.851 -11.6335 7.15
    endloop
  endfacet
  facet normal 0.0488739 -0.998805 0
    outer loop
      vertex -43.7386 -11.628 7.15
      vertex -43.851 -11.6335 6.15
      vertex -43.7386 -11.628 6.15
    endloop
  endfacet
  facet normal -0.0483588 -0.99883 0
    outer loop
      vertex -43.7386 -11.628 6.15
      vertex -43.625 -11.6335 7.15
      vertex -43.7386 -11.628 7.15
    endloop
  endfacet
  facet normal -0.0483588 -0.99883 -0
    outer loop
      vertex -43.625 -11.6335 7.15
      vertex -43.7386 -11.628 6.15
      vertex -43.625 -11.6335 6.15
    endloop
  endfacet
  facet normal -0.154895 -0.987931 0
    outer loop
      vertex -43.625 -11.6335 6.15
      vertex -43.5204 -11.6499 7.15
      vertex -43.625 -11.6335 7.15
    endloop
  endfacet
  facet normal -0.154895 -0.987931 -0
    outer loop
      vertex -43.5204 -11.6499 7.15
      vertex -43.625 -11.6335 6.15
      vertex -43.5204 -11.6499 6.15
    endloop
  endfacet
  facet normal -0.275252 -0.961372 0
    outer loop
      vertex -43.5204 -11.6499 6.15
      vertex -43.4247 -11.6773 7.15
      vertex -43.5204 -11.6499 7.15
    endloop
  endfacet
  facet normal -0.275252 -0.961372 -0
    outer loop
      vertex -43.4247 -11.6773 7.15
      vertex -43.5204 -11.6499 6.15
      vertex -43.4247 -11.6773 6.15
    endloop
  endfacet
  facet normal -0.404082 -0.914723 0
    outer loop
      vertex -43.4247 -11.6773 6.15
      vertex -43.338 -11.7156 7.15
      vertex -43.4247 -11.6773 7.15
    endloop
  endfacet
  facet normal -0.404082 -0.914723 -0
    outer loop
      vertex -43.338 -11.7156 7.15
      vertex -43.4247 -11.6773 6.15
      vertex -43.338 -11.7156 6.15
    endloop
  endfacet
  facet normal -0.534483 -0.845179 0
    outer loop
      vertex -43.338 -11.7156 6.15
      vertex -43.2602 -11.7648 7.15
      vertex -43.338 -11.7156 7.15
    endloop
  endfacet
  facet normal -0.534483 -0.845179 -0
    outer loop
      vertex -43.2602 -11.7648 7.15
      vertex -43.338 -11.7156 6.15
      vertex -43.2602 -11.7648 6.15
    endloop
  endfacet
  facet normal -0.658582 -0.752509 0
    outer loop
      vertex -43.2602 -11.7648 6.15
      vertex -43.1913 -11.8251 7.15
      vertex -43.2602 -11.7648 7.15
    endloop
  endfacet
  facet normal -0.658582 -0.752509 -0
    outer loop
      vertex -43.1913 -11.8251 7.15
      vertex -43.2602 -11.7648 6.15
      vertex -43.1913 -11.8251 6.15
    endloop
  endfacet
  facet normal -0.763635 -0.645648 0
    outer loop
      vertex -43.1322 -11.895 6.15
      vertex -43.1913 -11.8251 7.15
      vertex -43.1913 -11.8251 6.15
    endloop
  endfacet
  facet normal -0.763635 -0.645648 0
    outer loop
      vertex -43.1913 -11.8251 7.15
      vertex -43.1322 -11.895 6.15
      vertex -43.1322 -11.895 7.15
    endloop
  endfacet
  facet normal -0.851098 -0.525007 0
    outer loop
      vertex -43.0839 -11.9733 6.15
      vertex -43.1322 -11.895 7.15
      vertex -43.1322 -11.895 6.15
    endloop
  endfacet
  facet normal -0.851098 -0.525007 0
    outer loop
      vertex -43.1322 -11.895 7.15
      vertex -43.0839 -11.9733 6.15
      vertex -43.0839 -11.9733 7.15
    endloop
  endfacet
  facet normal -0.918158 -0.396213 0
    outer loop
      vertex -43.0464 -12.0602 6.15
      vertex -43.0839 -11.9733 7.15
      vertex -43.0839 -11.9733 6.15
    endloop
  endfacet
  facet normal -0.918158 -0.396213 0
    outer loop
      vertex -43.0839 -11.9733 7.15
      vertex -43.0464 -12.0602 6.15
      vertex -43.0464 -12.0602 7.15
    endloop
  endfacet
  facet normal -0.962396 -0.271652 0
    outer loop
      vertex -43.0195 -12.1555 6.15
      vertex -43.0464 -12.0602 7.15
      vertex -43.0464 -12.0602 6.15
    endloop
  endfacet
  facet normal -0.962396 -0.271652 0
    outer loop
      vertex -43.0464 -12.0602 7.15
      vertex -43.0195 -12.1555 6.15
      vertex -43.0195 -12.1555 7.15
    endloop
  endfacet
  facet normal -0.988161 -0.153418 0
    outer loop
      vertex -43.0034 -12.2592 6.15
      vertex -43.0195 -12.1555 7.15
      vertex -43.0195 -12.1555 6.15
    endloop
  endfacet
  facet normal -0.988161 -0.153418 0
    outer loop
      vertex -43.0195 -12.1555 7.15
      vertex -43.0034 -12.2592 6.15
      vertex -43.0034 -12.2592 7.15
    endloop
  endfacet
  facet normal -0.998846 -0.04803 0
    outer loop
      vertex -42.998 -12.3715 6.15
      vertex -43.0034 -12.2592 7.15
      vertex -43.0034 -12.2592 6.15
    endloop
  endfacet
  facet normal -0.998846 -0.04803 0
    outer loop
      vertex -43.0034 -12.2592 7.15
      vertex -42.998 -12.3715 6.15
      vertex -42.998 -12.3715 7.15
    endloop
  endfacet
  facet normal -0.998647 0.0520028 0
    outer loop
      vertex -43.0034 -12.4752 6.15
      vertex -42.998 -12.3715 7.15
      vertex -42.998 -12.3715 6.15
    endloop
  endfacet
  facet normal -0.998647 0.0520028 0
    outer loop
      vertex -42.998 -12.3715 7.15
      vertex -43.0034 -12.4752 6.15
      vertex -43.0034 -12.4752 7.15
    endloop
  endfacet
  facet normal -0.986558 0.163411 0
    outer loop
      vertex -43.0195 -12.5724 6.15
      vertex -43.0034 -12.4752 7.15
      vertex -43.0034 -12.4752 6.15
    endloop
  endfacet
  facet normal -0.986558 0.163411 0
    outer loop
      vertex -43.0034 -12.4752 7.15
      vertex -43.0195 -12.5724 6.15
      vertex -43.0195 -12.5724 7.15
    endloop
  endfacet
  facet normal -0.958638 0.284629 0
    outer loop
      vertex -43.0464 -12.663 6.15
      vertex -43.0195 -12.5724 7.15
      vertex -43.0195 -12.5724 6.15
    endloop
  endfacet
  facet normal -0.958638 0.284629 0
    outer loop
      vertex -43.0195 -12.5724 7.15
      vertex -43.0464 -12.663 6.15
      vertex -43.0464 -12.663 7.15
    endloop
  endfacet
  facet normal -0.913318 0.407247 0
    outer loop
      vertex -43.0839 -12.7471 6.15
      vertex -43.0464 -12.663 7.15
      vertex -43.0464 -12.663 6.15
    endloop
  endfacet
  facet normal -0.913318 0.407247 0
    outer loop
      vertex -43.0464 -12.663 7.15
      vertex -43.0839 -12.7471 6.15
      vertex -43.0839 -12.7471 7.15
    endloop
  endfacet
  facet normal -0.848674 0.528916 0
    outer loop
      vertex -43.1322 -12.8246 6.15
      vertex -43.0839 -12.7471 7.15
      vertex -43.0839 -12.7471 6.15
    endloop
  endfacet
  facet normal -0.848674 0.528916 0
    outer loop
      vertex -43.0839 -12.7471 7.15
      vertex -43.1322 -12.8246 6.15
      vertex -43.1322 -12.8246 7.15
    endloop
  endfacet
  facet normal -0.768576 0.639758 0
    outer loop
      vertex -43.1913 -12.8956 6.15
      vertex -43.1322 -12.8246 7.15
      vertex -43.1322 -12.8246 6.15
    endloop
  endfacet
  facet normal -0.768576 0.639758 0
    outer loop
      vertex -43.1322 -12.8246 7.15
      vertex -43.1913 -12.8956 6.15
      vertex -43.1913 -12.8956 7.15
    endloop
  endfacet
  facet normal -0.669501 0.742811 0
    outer loop
      vertex -43.1913 -12.8956 6.15
      vertex -43.2602 -12.9577 7.15
      vertex -43.1913 -12.8956 7.15
    endloop
  endfacet
  facet normal -0.669501 0.742811 0
    outer loop
      vertex -43.2602 -12.9577 7.15
      vertex -43.1913 -12.8956 6.15
      vertex -43.2602 -12.9577 6.15
    endloop
  endfacet
  facet normal -0.546727 0.837311 0
    outer loop
      vertex -43.2602 -12.9577 6.15
      vertex -43.338 -13.0085 7.15
      vertex -43.2602 -12.9577 7.15
    endloop
  endfacet
  facet normal -0.546727 0.837311 0
    outer loop
      vertex -43.338 -13.0085 7.15
      vertex -43.2602 -12.9577 6.15
      vertex -43.338 -13.0085 6.15
    endloop
  endfacet
  facet normal -0.414594 0.910007 0
    outer loop
      vertex -43.338 -13.0085 6.15
      vertex -43.4247 -13.048 7.15
      vertex -43.338 -13.0085 7.15
    endloop
  endfacet
  facet normal -0.414594 0.910007 0
    outer loop
      vertex -43.4247 -13.048 7.15
      vertex -43.338 -13.0085 6.15
      vertex -43.4247 -13.048 6.15
    endloop
  endfacet
  facet normal -0.282655 0.959222 0
    outer loop
      vertex -43.4247 -13.048 6.15
      vertex -43.5204 -13.0762 7.15
      vertex -43.4247 -13.048 7.15
    endloop
  endfacet
  facet normal -0.282655 0.959222 0
    outer loop
      vertex -43.5204 -13.0762 7.15
      vertex -43.4247 -13.048 6.15
      vertex -43.5204 -13.0762 6.15
    endloop
  endfacet
  facet normal -0.159499 0.987198 0
    outer loop
      vertex -43.5204 -13.0762 6.15
      vertex -43.625 -13.0931 7.15
      vertex -43.5204 -13.0762 7.15
    endloop
  endfacet
  facet normal -0.159499 0.987198 0
    outer loop
      vertex -43.625 -13.0931 7.15
      vertex -43.5204 -13.0762 6.15
      vertex -43.625 -13.0931 6.15
    endloop
  endfacet
  facet normal -0.049236 0.998787 0
    outer loop
      vertex -43.625 -13.0931 6.15
      vertex -43.7386 -13.0987 7.15
      vertex -43.625 -13.0931 7.15
    endloop
  endfacet
  facet normal -0.049236 0.998787 0
    outer loop
      vertex -43.7386 -13.0987 7.15
      vertex -43.625 -13.0931 6.15
      vertex -43.7386 -13.0987 6.15
    endloop
  endfacet
  facet normal 0.0498045 0.998759 -0
    outer loop
      vertex -43.7386 -13.0987 6.15
      vertex -43.8509 -13.0931 7.15
      vertex -43.7386 -13.0987 7.15
    endloop
  endfacet
  facet normal 0.0498045 0.998759 0
    outer loop
      vertex -43.8509 -13.0931 7.15
      vertex -43.7386 -13.0987 6.15
      vertex -43.8509 -13.0931 6.15
    endloop
  endfacet
  facet normal 0.166423 0.986055 -0
    outer loop
      vertex -43.8667 -15.8146 6.15
      vertex -43.9852 -15.7946 7.15
      vertex -43.8667 -15.8146 7.15
    endloop
  endfacet
  facet normal 0.166423 0.986055 0
    outer loop
      vertex -43.9852 -15.7946 7.15
      vertex -43.8667 -15.8146 6.15
      vertex -43.9852 -15.7946 6.15
    endloop
  endfacet
  facet normal 0.293222 0.956044 -0
    outer loop
      vertex -43.9852 -15.7946 6.15
      vertex -44.0941 -15.7612 7.15
      vertex -43.9852 -15.7946 7.15
    endloop
  endfacet
  facet normal 0.293222 0.956044 0
    outer loop
      vertex -44.0941 -15.7612 7.15
      vertex -43.9852 -15.7946 6.15
      vertex -44.0941 -15.7612 6.15
    endloop
  endfacet
  facet normal 0.424831 0.905273 -0
    outer loop
      vertex -44.0941 -15.7612 6.15
      vertex -44.1934 -15.7146 7.15
      vertex -44.0941 -15.7612 7.15
    endloop
  endfacet
  facet normal 0.424831 0.905273 0
    outer loop
      vertex -44.1934 -15.7146 7.15
      vertex -44.0941 -15.7612 6.15
      vertex -44.1934 -15.7146 6.15
    endloop
  endfacet
  facet normal 0.556622 0.830766 -0
    outer loop
      vertex -44.1934 -15.7146 6.15
      vertex -44.2831 -15.6545 7.15
      vertex -44.1934 -15.7146 7.15
    endloop
  endfacet
  facet normal 0.556622 0.830766 0
    outer loop
      vertex -44.2831 -15.6545 7.15
      vertex -44.1934 -15.7146 6.15
      vertex -44.2831 -15.6545 6.15
    endloop
  endfacet
  facet normal 0.675558 0.737307 -0
    outer loop
      vertex -44.2831 -15.6545 6.15
      vertex -44.3631 -15.5812 7.15
      vertex -44.2831 -15.6545 7.15
    endloop
  endfacet
  facet normal 0.675558 0.737307 0
    outer loop
      vertex -44.3631 -15.5812 7.15
      vertex -44.2831 -15.6545 6.15
      vertex -44.3631 -15.5812 6.15
    endloop
  endfacet
  facet normal 0.778198 0.628019 0
    outer loop
      vertex -44.3631 -15.5812 7.15
      vertex -44.4321 -15.4957 6.15
      vertex -44.4321 -15.4957 7.15
    endloop
  endfacet
  facet normal 0.778198 0.628019 0
    outer loop
      vertex -44.4321 -15.4957 6.15
      vertex -44.3631 -15.5812 7.15
      vertex -44.3631 -15.5812 6.15
    endloop
  endfacet
  facet normal 0.862509 0.506041 0
    outer loop
      vertex -44.4321 -15.4957 7.15
      vertex -44.4886 -15.3994 6.15
      vertex -44.4886 -15.3994 7.15
    endloop
  endfacet
  facet normal 0.862509 0.506041 0
    outer loop
      vertex -44.4886 -15.3994 6.15
      vertex -44.4321 -15.4957 7.15
      vertex -44.4321 -15.4957 6.15
    endloop
  endfacet
  facet normal 0.925409 0.378969 0
    outer loop
      vertex -44.4886 -15.3994 7.15
      vertex -44.5325 -15.2922 6.15
      vertex -44.5325 -15.2922 7.15
    endloop
  endfacet
  facet normal 0.925409 0.378969 0
    outer loop
      vertex -44.5325 -15.2922 6.15
      vertex -44.4886 -15.3994 7.15
      vertex -44.4886 -15.3994 6.15
    endloop
  endfacet
  facet normal 0.966574 0.256388 0
    outer loop
      vertex -44.5325 -15.2922 7.15
      vertex -44.5638 -15.1742 6.15
      vertex -44.5638 -15.1742 7.15
    endloop
  endfacet
  facet normal 0.966574 0.256388 0
    outer loop
      vertex -44.5638 -15.1742 6.15
      vertex -44.5325 -15.2922 7.15
      vertex -44.5325 -15.2922 6.15
    endloop
  endfacet
  facet normal 0.989421 0.145074 0
    outer loop
      vertex -44.5638 -15.1742 7.15
      vertex -44.5827 -15.0453 6.15
      vertex -44.5827 -15.0453 7.15
    endloop
  endfacet
  facet normal 0.989421 0.145074 0
    outer loop
      vertex -44.5827 -15.0453 6.15
      vertex -44.5638 -15.1742 7.15
      vertex -44.5638 -15.1742 6.15
    endloop
  endfacet
  facet normal 0.999018 0.0443055 0
    outer loop
      vertex -44.5827 -15.0453 7.15
      vertex -44.5889 -14.9055 6.15
      vertex -44.5889 -14.9055 7.15
    endloop
  endfacet
  facet normal 0.999018 0.0443055 0
    outer loop
      vertex -44.5889 -14.9055 6.15
      vertex -44.5827 -15.0453 7.15
      vertex -44.5827 -15.0453 6.15
    endloop
  endfacet
  facet normal 0.999051 -0.0435572 0
    outer loop
      vertex -44.5889 -14.9055 7.15
      vertex -44.5826 -14.761 6.15
      vertex -44.5826 -14.761 7.15
    endloop
  endfacet
  facet normal 0.999051 -0.0435572 0
    outer loop
      vertex -44.5826 -14.761 6.15
      vertex -44.5889 -14.9055 7.15
      vertex -44.5889 -14.9055 6.15
    endloop
  endfacet
  facet normal 0.989648 -0.143514 0
    outer loop
      vertex -44.5826 -14.761 7.15
      vertex -44.5634 -14.6286 6.15
      vertex -44.5634 -14.6286 7.15
    endloop
  endfacet
  facet normal 0.989648 -0.143514 0
    outer loop
      vertex -44.5634 -14.6286 6.15
      vertex -44.5826 -14.761 7.15
      vertex -44.5826 -14.761 6.15
    endloop
  endfacet
  facet normal 0.966594 -0.256312 0
    outer loop
      vertex -44.5634 -14.6286 7.15
      vertex -44.5315 -14.5083 6.15
      vertex -44.5315 -14.5083 7.15
    endloop
  endfacet
  facet normal 0.966594 -0.256312 0
    outer loop
      vertex -44.5315 -14.5083 6.15
      vertex -44.5634 -14.6286 7.15
      vertex -44.5634 -14.6286 6.15
    endloop
  endfacet
  facet normal 0.92436 -0.381522 0
    outer loop
      vertex -44.5315 -14.5083 7.15
      vertex -44.4868 -14.4 6.15
      vertex -44.4868 -14.4 7.15
    endloop
  endfacet
  facet normal 0.92436 -0.381522 0
    outer loop
      vertex -44.4868 -14.4 6.15
      vertex -44.5315 -14.5083 7.15
      vertex -44.5315 -14.5083 6.15
    endloop
  endfacet
  facet normal 0.858123 -0.513445 0
    outer loop
      vertex -44.4868 -14.4 7.15
      vertex -44.4293 -14.3039 6.15
      vertex -44.4293 -14.3039 7.15
    endloop
  endfacet
  facet normal 0.858123 -0.513445 0
    outer loop
      vertex -44.4293 -14.3039 6.15
      vertex -44.4868 -14.4 7.15
      vertex -44.4868 -14.4 6.15
    endloop
  endfacet
  facet normal 0.767697 -0.640813 0
    outer loop
      vertex -44.4293 -14.3039 7.15
      vertex -44.3591 -14.2198 6.15
      vertex -44.3591 -14.2198 7.15
    endloop
  endfacet
  facet normal 0.767697 -0.640813 0
    outer loop
      vertex -44.3591 -14.2198 6.15
      vertex -44.4293 -14.3039 7.15
      vertex -44.4293 -14.3039 6.15
    endloop
  endfacet
  facet normal 0.661316 -0.750108 0
    outer loop
      vertex -44.3591 -14.2198 6.15
      vertex -44.278 -14.1483 7.15
      vertex -44.3591 -14.2198 7.15
    endloop
  endfacet
  facet normal 0.661316 -0.750108 0
    outer loop
      vertex -44.278 -14.1483 7.15
      vertex -44.3591 -14.2198 6.15
      vertex -44.278 -14.1483 6.15
    endloop
  endfacet
  facet normal 0.544563 -0.83872 0
    outer loop
      vertex -44.278 -14.1483 6.15
      vertex -44.1879 -14.0898 7.15
      vertex -44.278 -14.1483 7.15
    endloop
  endfacet
  facet normal 0.544563 -0.83872 0
    outer loop
      vertex -44.1879 -14.0898 7.15
      vertex -44.278 -14.1483 6.15
      vertex -44.1879 -14.0898 6.15
    endloop
  endfacet
  facet normal 0.417951 -0.90847 0
    outer loop
      vertex -44.1879 -14.0898 6.15
      vertex -44.089 -14.0443 7.15
      vertex -44.1879 -14.0898 7.15
    endloop
  endfacet
  facet normal 0.417951 -0.90847 0
    outer loop
      vertex -44.089 -14.0443 7.15
      vertex -44.1879 -14.0898 6.15
      vertex -44.089 -14.0443 6.15
    endloop
  endfacet
  facet normal 0.288406 -0.957508 0
    outer loop
      vertex -44.089 -14.0443 6.15
      vertex -43.9811 -14.0118 7.15
      vertex -44.089 -14.0443 7.15
    endloop
  endfacet
  facet normal 0.288406 -0.957508 0
    outer loop
      vertex -43.9811 -14.0118 7.15
      vertex -44.089 -14.0443 6.15
      vertex -43.9811 -14.0118 6.15
    endloop
  endfacet
  facet normal 0.164673 -0.986348 0
    outer loop
      vertex -43.9811 -14.0118 6.15
      vertex -43.8643 -13.9923 7.15
      vertex -43.9811 -14.0118 7.15
    endloop
  endfacet
  facet normal 0.164673 -0.986348 0
    outer loop
      vertex -43.8643 -13.9923 7.15
      vertex -43.9811 -14.0118 6.15
      vertex -43.8643 -13.9923 6.15
    endloop
  endfacet
  facet normal 0.0524337 -0.998624 0
    outer loop
      vertex -43.8643 -13.9923 6.15
      vertex -43.7386 -13.9857 7.15
      vertex -43.8643 -13.9923 7.15
    endloop
  endfacet
  facet normal 0.0524337 -0.998624 0
    outer loop
      vertex -43.7386 -13.9857 7.15
      vertex -43.8643 -13.9923 6.15
      vertex -43.7386 -13.9857 6.15
    endloop
  endfacet
  facet normal -0.0523922 -0.998627 0
    outer loop
      vertex -43.7386 -13.9857 6.15
      vertex -43.6128 -13.9923 7.15
      vertex -43.7386 -13.9857 7.15
    endloop
  endfacet
  facet normal -0.0523922 -0.998627 -0
    outer loop
      vertex -43.6128 -13.9923 7.15
      vertex -43.7386 -13.9857 6.15
      vertex -43.6128 -13.9923 6.15
    endloop
  endfacet
  facet normal -0.164673 -0.986348 0
    outer loop
      vertex -43.6128 -13.9923 6.15
      vertex -43.496 -14.0118 7.15
      vertex -43.6128 -13.9923 7.15
    endloop
  endfacet
  facet normal -0.164673 -0.986348 -0
    outer loop
      vertex -43.496 -14.0118 7.15
      vertex -43.6128 -13.9923 6.15
      vertex -43.496 -14.0118 6.15
    endloop
  endfacet
  facet normal -0.288651 -0.957434 0
    outer loop
      vertex -43.496 -14.0118 6.15
      vertex -43.3882 -14.0443 7.15
      vertex -43.496 -14.0118 7.15
    endloop
  endfacet
  facet normal -0.288651 -0.957434 -0
    outer loop
      vertex -43.3882 -14.0443 7.15
      vertex -43.496 -14.0118 6.15
      vertex -43.3882 -14.0443 6.15
    endloop
  endfacet
  facet normal -0.417603 -0.90863 0
    outer loop
      vertex -43.3882 -14.0443 6.15
      vertex -43.2892 -14.0898 7.15
      vertex -43.3882 -14.0443 7.15
    endloop
  endfacet
  facet normal -0.417603 -0.90863 -0
    outer loop
      vertex -43.2892 -14.0898 7.15
      vertex -43.3882 -14.0443 6.15
      vertex -43.2892 -14.0898 6.15
    endloop
  endfacet
  facet normal -0.544988 -0.838444 0
    outer loop
      vertex -43.2892 -14.0898 6.15
      vertex -43.1992 -14.1483 7.15
      vertex -43.2892 -14.0898 7.15
    endloop
  endfacet
  facet normal -0.544988 -0.838444 -0
    outer loop
      vertex -43.1992 -14.1483 7.15
      vertex -43.2892 -14.0898 6.15
      vertex -43.1992 -14.1483 6.15
    endloop
  endfacet
  facet normal -0.661316 -0.750108 0
    outer loop
      vertex -43.1992 -14.1483 6.15
      vertex -43.1181 -14.2198 7.15
      vertex -43.1992 -14.1483 7.15
    endloop
  endfacet
  facet normal -0.661316 -0.750108 -0
    outer loop
      vertex -43.1181 -14.2198 7.15
      vertex -43.1992 -14.1483 6.15
      vertex -43.1181 -14.2198 6.15
    endloop
  endfacet
  facet normal -0.767697 -0.640813 0
    outer loop
      vertex -43.0479 -14.3039 6.15
      vertex -43.1181 -14.2198 7.15
      vertex -43.1181 -14.2198 6.15
    endloop
  endfacet
  facet normal -0.767697 -0.640813 0
    outer loop
      vertex -43.1181 -14.2198 7.15
      vertex -43.0479 -14.3039 6.15
      vertex -43.0479 -14.3039 7.15
    endloop
  endfacet
  facet normal -0.858123 -0.513445 0
    outer loop
      vertex -42.9904 -14.4 6.15
      vertex -43.0479 -14.3039 7.15
      vertex -43.0479 -14.3039 6.15
    endloop
  endfacet
  facet normal -0.858123 -0.513445 0
    outer loop
      vertex -43.0479 -14.3039 7.15
      vertex -42.9904 -14.4 6.15
      vertex -42.9904 -14.4 7.15
    endloop
  endfacet
  facet normal -0.92436 -0.381522 0
    outer loop
      vertex -42.9457 -14.5083 6.15
      vertex -42.9904 -14.4 7.15
      vertex -42.9904 -14.4 6.15
    endloop
  endfacet
  facet normal -0.92436 -0.381522 0
    outer loop
      vertex -42.9904 -14.4 7.15
      vertex -42.9457 -14.5083 6.15
      vertex -42.9457 -14.5083 7.15
    endloop
  endfacet
  facet normal -0.966395 -0.257063 0
    outer loop
      vertex -42.9137 -14.6286 6.15
      vertex -42.9457 -14.5083 7.15
      vertex -42.9457 -14.5083 6.15
    endloop
  endfacet
  facet normal -0.966395 -0.257063 0
    outer loop
      vertex -42.9457 -14.5083 7.15
      vertex -42.9137 -14.6286 6.15
      vertex -42.9137 -14.6286 7.15
    endloop
  endfacet
  facet normal -0.989754 -0.142782 0
    outer loop
      vertex -42.8946 -14.761 6.15
      vertex -42.9137 -14.6286 7.15
      vertex -42.9137 -14.6286 6.15
    endloop
  endfacet
  facet normal -0.989754 -0.142782 0
    outer loop
      vertex -42.9137 -14.6286 7.15
      vertex -42.8946 -14.761 6.15
      vertex -42.8946 -14.761 7.15
    endloop
  endfacet
  facet normal -0.999021 -0.0442473 0
    outer loop
      vertex -42.8882 -14.9055 6.15
      vertex -42.8946 -14.761 7.15
      vertex -42.8946 -14.761 6.15
    endloop
  endfacet
  facet normal -0.999021 -0.0442473 0
    outer loop
      vertex -42.8946 -14.761 7.15
      vertex -42.8882 -14.9055 6.15
      vertex -42.8882 -14.9055 7.15
    endloop
  endfacet
  facet normal -0.998986 0.0450187 0
    outer loop
      vertex -42.8945 -15.0453 6.15
      vertex -42.8882 -14.9055 7.15
      vertex -42.8882 -14.9055 6.15
    endloop
  endfacet
  facet normal -0.998986 0.0450187 0
    outer loop
      vertex -42.8882 -14.9055 7.15
      vertex -42.8945 -15.0453 6.15
      vertex -42.8945 -15.0453 7.15
    endloop
  endfacet
  facet normal -0.989531 0.144323 0
    outer loop
      vertex -42.9133 -15.1742 6.15
      vertex -42.8945 -15.0453 7.15
      vertex -42.8945 -15.0453 6.15
    endloop
  endfacet
  facet normal -0.989531 0.144323 0
    outer loop
      vertex -42.8945 -15.0453 7.15
      vertex -42.9133 -15.1742 6.15
      vertex -42.9133 -15.1742 7.15
    endloop
  endfacet
  facet normal -0.966574 0.256388 0
    outer loop
      vertex -42.9446 -15.2922 6.15
      vertex -42.9133 -15.1742 7.15
      vertex -42.9133 -15.1742 6.15
    endloop
  endfacet
  facet normal -0.966574 0.256388 0
    outer loop
      vertex -42.9133 -15.1742 7.15
      vertex -42.9446 -15.2922 6.15
      vertex -42.9446 -15.2922 7.15
    endloop
  endfacet
  facet normal -0.925106 0.379708 0
    outer loop
      vertex -42.9886 -15.3994 6.15
      vertex -42.9446 -15.2922 7.15
      vertex -42.9446 -15.2922 6.15
    endloop
  endfacet
  facet normal -0.925106 0.379708 0
    outer loop
      vertex -42.9446 -15.2922 7.15
      vertex -42.9886 -15.3994 6.15
      vertex -42.9886 -15.3994 7.15
    endloop
  endfacet
  facet normal -0.8629 0.505375 0
    outer loop
      vertex -43.045 -15.4957 6.15
      vertex -42.9886 -15.3994 7.15
      vertex -42.9886 -15.3994 6.15
    endloop
  endfacet
  facet normal -0.8629 0.505375 0
    outer loop
      vertex -42.9886 -15.3994 7.15
      vertex -43.045 -15.4957 6.15
      vertex -43.045 -15.4957 7.15
    endloop
  endfacet
  facet normal -0.778198 0.628019 0
    outer loop
      vertex -43.114 -15.5812 6.15
      vertex -43.045 -15.4957 7.15
      vertex -43.045 -15.4957 6.15
    endloop
  endfacet
  facet normal -0.778198 0.628019 0
    outer loop
      vertex -43.045 -15.4957 7.15
      vertex -43.114 -15.5812 6.15
      vertex -43.114 -15.5812 7.15
    endloop
  endfacet
  facet normal -0.675099 0.737727 0
    outer loop
      vertex -43.114 -15.5812 6.15
      vertex -43.1941 -15.6545 7.15
      vertex -43.114 -15.5812 7.15
    endloop
  endfacet
  facet normal -0.675099 0.737727 0
    outer loop
      vertex -43.1941 -15.6545 7.15
      vertex -43.114 -15.5812 6.15
      vertex -43.1941 -15.6545 6.15
    endloop
  endfacet
  facet normal -0.556622 0.830766 0
    outer loop
      vertex -43.1941 -15.6545 6.15
      vertex -43.2838 -15.7146 7.15
      vertex -43.1941 -15.6545 7.15
    endloop
  endfacet
  facet normal -0.556622 0.830766 0
    outer loop
      vertex -43.2838 -15.7146 7.15
      vertex -43.1941 -15.6545 6.15
      vertex -43.2838 -15.7146 6.15
    endloop
  endfacet
  facet normal -0.424831 0.905273 0
    outer loop
      vertex -43.2838 -15.7146 6.15
      vertex -43.3831 -15.7612 7.15
      vertex -43.2838 -15.7146 7.15
    endloop
  endfacet
  facet normal -0.424831 0.905273 0
    outer loop
      vertex -43.3831 -15.7612 7.15
      vertex -43.2838 -15.7146 6.15
      vertex -43.3831 -15.7612 6.15
    endloop
  endfacet
  facet normal -0.293468 0.955969 0
    outer loop
      vertex -43.3831 -15.7612 6.15
      vertex -43.4919 -15.7946 7.15
      vertex -43.3831 -15.7612 7.15
    endloop
  endfacet
  facet normal -0.293468 0.955969 0
    outer loop
      vertex -43.4919 -15.7946 7.15
      vertex -43.3831 -15.7612 6.15
      vertex -43.4919 -15.7946 6.15
    endloop
  endfacet
  facet normal -0.166286 0.986078 0
    outer loop
      vertex -43.4919 -15.7946 6.15
      vertex -43.6105 -15.8146 7.15
      vertex -43.4919 -15.7946 7.15
    endloop
  endfacet
  facet normal -0.166286 0.986078 0
    outer loop
      vertex -43.6105 -15.8146 7.15
      vertex -43.4919 -15.7946 6.15
      vertex -43.6105 -15.8146 6.15
    endloop
  endfacet
  facet normal -0.0522315 0.998635 0
    outer loop
      vertex -43.6105 -15.8146 6.15
      vertex -43.7386 -15.8213 7.15
      vertex -43.6105 -15.8146 7.15
    endloop
  endfacet
  facet normal -0.0522315 0.998635 0
    outer loop
      vertex -43.7386 -15.8213 7.15
      vertex -43.6105 -15.8146 6.15
      vertex -43.7386 -15.8213 6.15
    endloop
  endfacet
  facet normal 0.0522315 0.998635 -0
    outer loop
      vertex -43.7386 -15.8213 6.15
      vertex -43.8667 -15.8146 7.15
      vertex -43.7386 -15.8213 7.15
    endloop
  endfacet
  facet normal 0.0522315 0.998635 0
    outer loop
      vertex -43.8667 -15.8146 7.15
      vertex -43.7386 -15.8213 6.15
      vertex -43.8667 -15.8146 6.15
    endloop
  endfacet
  facet normal 1 -0 0
    outer loop
      vertex -17.215 -3.035 6.2
      vertex -17.215 6.035 6.15
      vertex -17.215 6.035 6.2
    endloop
  endfacet
  facet normal 1 0 0
    outer loop
      vertex -17.215 6.035 6.15
      vertex -17.215 -3.035 6.2
      vertex -17.215 -3.035 6.15
    endloop
  endfacet
  facet normal -1 0 0
    outer loop
      vertex -26.285 -3.035 6.15
      vertex -26.285 6.035 6.2
      vertex -26.285 6.035 6.15
    endloop
  endfacet
  facet normal -1 -0 0
    outer loop
      vertex -26.285 6.035 6.2
      vertex -26.285 -3.035 6.15
      vertex -26.285 -3.035 6.2
    endloop
  endfacet
  facet normal -0.999861 0 0.0166644
    outer loop
      vertex -26.285 6.035 6.2
      vertex -25.985 -2.735 24.2
      vertex -25.985 5.735 24.2
    endloop
  endfacet
  facet normal -0.999861 0 0.0166644
    outer loop
      vertex -25.985 -2.735 24.2
      vertex -26.285 6.035 6.2
      vertex -26.285 -3.035 6.2
    endloop
  endfacet
  facet normal 0 1 -0
    outer loop
      vertex -17.215 6.035 6.15
      vertex -26.285 6.035 6.2
      vertex -17.215 6.035 6.2
    endloop
  endfacet
  facet normal 0 1 0
    outer loop
      vertex -26.285 6.035 6.2
      vertex -17.215 6.035 6.15
      vertex -26.285 6.035 6.15
    endloop
  endfacet
  facet normal -0 0 1
    outer loop
      vertex -25.985 5.735 24.2
      vertex -17.515 -2.735 24.2
      vertex -17.515 5.735 24.2
    endloop
  endfacet
  facet normal 0 0 1
    outer loop
      vertex -17.515 -2.735 24.2
      vertex -25.985 5.735 24.2
      vertex -25.985 -2.735 24.2
    endloop
  endfacet
  facet normal 0 -0.999861 0.0166644
    outer loop
      vertex -26.285 -3.035 6.2
      vertex -17.515 -2.735 24.2
      vertex -25.985 -2.735 24.2
    endloop
  endfacet
  facet normal 0 -0.999861 0.0166644
    outer loop
      vertex -17.515 -2.735 24.2
      vertex -26.285 -3.035 6.2
      vertex -17.215 -3.035 6.2
    endloop
  endfacet
  facet normal 0 -1 0
    outer loop
      vertex -26.285 -3.035 6.15
      vertex -17.215 -3.035 6.2
      vertex -26.285 -3.035 6.2
    endloop
  endfacet
  facet normal 0 -1 -0
    outer loop
      vertex -17.215 -3.035 6.2
      vertex -26.285 -3.035 6.15
      vertex -17.215 -3.035 6.15
    endloop
  endfacet
  facet normal 0 0.999861 0.0166644
    outer loop
      vertex -17.215 6.035 6.2
      vertex -25.985 5.735 24.2
      vertex -17.515 5.735 24.2
    endloop
  endfacet
  facet normal 0 0.999861 0.0166644
    outer loop
      vertex -25.985 5.735 24.2
      vertex -17.215 6.035 6.2
      vertex -26.285 6.035 6.2
    endloop
  endfacet
  facet normal 0.999861 -0 0.0166644
    outer loop
      vertex -17.515 -2.735 24.2
      vertex -17.215 6.035 6.2
      vertex -17.515 5.735 24.2
    endloop
  endfacet
  facet normal 0.999861 0 0.0166644
    outer loop
      vertex -17.215 6.035 6.2
      vertex -17.515 -2.735 24.2
      vertex -17.215 -3.035 6.2
    endloop
  endfacet
  facet normal 0 0 1
    outer loop
      vertex -20.9706 -13.2566 7.15
      vertex -19.6635 -13.6428 7.15
      vertex -19.6714 -13.287 7.15
    endloop
  endfacet
  facet normal 0 0 1
    outer loop
      vertex -19.6635 -13.6428 7.15
      vertex -20.8313 -14.1838 7.15
      vertex -19.671 -13.9897 7.15
    endloop
  endfacet
  facet normal -0 0 1
    outer loop
      vertex -20.9158 -13.1005 7.15
      vertex -19.6714 -13.287 7.15
      vertex -19.6951 -12.955 7.15
    endloop
  endfacet
  facet normal 0 0 1
    outer loop
      vertex -19.671 -13.9897 7.15
      vertex -20.8313 -14.1838 7.15
      vertex -19.6938 -14.317 7.15
    endloop
  endfacet
  facet normal -0 0 1
    outer loop
      vertex -20.8829 -12.9237 7.15
      vertex -19.6951 -12.955 7.15
      vertex -19.7347 -12.6467 7.15
    endloop
  endfacet
  facet normal 0 0 1
    outer loop
      vertex -20.8447 -14.3988 7.15
      vertex -19.6938 -14.317 7.15
      vertex -20.8313 -14.1838 7.15
    endloop
  endfacet
  facet normal -0 0 1
    outer loop
      vertex -20.8784 -12.5653 7.15
      vertex -19.7347 -12.6467 7.15
      vertex -19.7901 -12.3622 7.15
    endloop
  endfacet
  facet normal 0 0 1
    outer loop
      vertex -19.6938 -14.317 7.15
      vertex -20.8447 -14.3988 7.15
      vertex -19.7316 -14.6246 7.15
    endloop
  endfacet
  facet normal 0 0 1
    outer loop
      vertex -20.8979 -12.4157 7.15
      vertex -19.7901 -12.3622 7.15
      vertex -19.8613 -12.1014 7.15
    endloop
  endfacet
  facet normal -0 0 1
    outer loop
      vertex -20.8633 -14.5958 7.15
      vertex -19.7316 -14.6246 7.15
      vertex -20.8447 -14.3988 7.15
    endloop
  endfacet
  facet normal 0 0 1
    outer loop
      vertex -20.9304 -12.2776 7.15
      vertex -19.8613 -12.1014 7.15
      vertex -19.9483 -11.8643 7.15
    endloop
  endfacet
  facet normal 0 0 1
    outer loop
      vertex -19.7316 -14.6246 7.15
      vertex -20.8633 -14.5958 7.15
      vertex -19.7846 -14.9125 7.15
    endloop
  endfacet
  facet normal 0 0 1
    outer loop
      vertex -20.9759 -12.1511 7.15
      vertex -19.9483 -11.8643 7.15
      vertex -20.1386 -11.4999 7.15
    endloop
  endfacet
  facet normal 0 0 1
    outer loop
      vertex -21.1059 -11.9326 7.15
      vertex -20.1386 -11.4999 7.15
      vertex -20.376 -11.2018 7.15
    endloop
  endfacet
  facet normal 0 0 1
    outer loop
      vertex -19.6951 -12.955 7.15
      vertex -20.8829 -12.9237 7.15
      vertex -20.9158 -13.1005 7.15
    endloop
  endfacet
  facet normal 0 0 1
    outer loop
      vertex -21.1886 -11.8431 7.15
      vertex -20.376 -11.2018 7.15
      vertex -20.6603 -10.97 7.15
    endloop
  endfacet
  facet normal 0 0 1
    outer loop
      vertex -19.7347 -12.6467 7.15
      vertex -20.8719 -12.7264 7.15
      vertex -20.8829 -12.9237 7.15
    endloop
  endfacet
  facet normal -0 0 1
    outer loop
      vertex -20.9162 -14.9364 7.15
      vertex -19.8528 -15.1808 7.15
      vertex -20.8872 -14.7751 7.15
    endloop
  endfacet
  facet normal 0 0 1
    outer loop
      vertex -19.7846 -14.9125 7.15
      vertex -20.8872 -14.7751 7.15
      vertex -19.8528 -15.1808 7.15
    endloop
  endfacet
  facet normal 0 0 1
    outer loop
      vertex -19.7347 -12.6467 7.15
      vertex -20.8784 -12.5653 7.15
      vertex -20.8719 -12.7264 7.15
    endloop
  endfacet
  facet normal 0 0 1
    outer loop
      vertex -19.7901 -12.3622 7.15
      vertex -20.8979 -12.4157 7.15
      vertex -20.8784 -12.5653 7.15
    endloop
  endfacet
  facet normal 0 0 1
    outer loop
      vertex -19.8613 -12.1014 7.15
      vertex -20.9304 -12.2776 7.15
      vertex -20.8979 -12.4157 7.15
    endloop
  endfacet
  facet normal 0 0 1
    outer loop
      vertex -19.9483 -11.8643 7.15
      vertex -20.9759 -12.1511 7.15
      vertex -20.9304 -12.2776 7.15
    endloop
  endfacet
  facet normal 0 0 1
    outer loop
      vertex -21.281 -11.7698 7.15
      vertex -20.6603 -10.97 7.15
      vertex -20.9917 -10.8043 7.15
    endloop
  endfacet
  facet normal 0 0 1
    outer loop
      vertex -20.1386 -11.4999 7.15
      vertex -21.0344 -12.0361 7.15
      vertex -20.9759 -12.1511 7.15
    endloop
  endfacet
  facet normal 0 0 1
    outer loop
      vertex -20.1386 -11.4999 7.15
      vertex -21.1059 -11.9326 7.15
      vertex -21.0344 -12.0361 7.15
    endloop
  endfacet
  facet normal 0 0 1
    outer loop
      vertex -20.376 -11.2018 7.15
      vertex -21.1886 -11.8431 7.15
      vertex -21.1059 -11.9326 7.15
    endloop
  endfacet
  facet normal 0 0 1
    outer loop
      vertex -20.6603 -10.97 7.15
      vertex -21.281 -11.7698 7.15
      vertex -21.1886 -11.8431 7.15
    endloop
  endfacet
  facet normal 0 0 1
    outer loop
      vertex -21.4946 -11.6721 7.15
      vertex -20.9917 -10.8043 7.15
      vertex -21.3701 -10.705 7.15
    endloop
  endfacet
  facet normal 0 0 1
    outer loop
      vertex -20.9917 -10.8043 7.15
      vertex -21.383 -11.7128 7.15
      vertex -21.281 -11.7698 7.15
    endloop
  endfacet
  facet normal 0 0 1
    outer loop
      vertex -20.9917 -10.8043 7.15
      vertex -21.4946 -11.6721 7.15
      vertex -21.383 -11.7128 7.15
    endloop
  endfacet
  facet normal 0 0 1
    outer loop
      vertex -21.3701 -10.705 7.15
      vertex -21.6158 -11.6477 7.15
      vertex -21.4946 -11.6721 7.15
    endloop
  endfacet
  facet normal 0 0 1
    outer loop
      vertex -21.7955 -10.6718 7.15
      vertex -21.6158 -11.6477 7.15
      vertex -21.3701 -10.705 7.15
    endloop
  endfacet
  facet normal 0 0 1
    outer loop
      vertex -21.6158 -11.6477 7.15
      vertex -21.7955 -10.6718 7.15
      vertex -21.7467 -11.6395 7.15
    endloop
  endfacet
  facet normal 0 0 1
    outer loop
      vertex -21.7955 -10.6718 7.15
      vertex -21.8433 -11.6442 7.15
      vertex -21.7467 -11.6395 7.15
    endloop
  endfacet
  facet normal -0 0 1
    outer loop
      vertex -22.078 -10.6882 7.15
      vertex -21.8433 -11.6442 7.15
      vertex -21.7955 -10.6718 7.15
    endloop
  endfacet
  facet normal 0 0 1
    outer loop
      vertex -21.8433 -11.6442 7.15
      vertex -22.078 -10.6882 7.15
      vertex -21.9352 -11.6581 7.15
    endloop
  endfacet
  facet normal 0 0 1
    outer loop
      vertex -21.9352 -11.6581 7.15
      vertex -22.078 -10.6882 7.15
      vertex -22.0223 -11.6813 7.15
    endloop
  endfacet
  facet normal -0 0 1
    outer loop
      vertex -22.3423 -10.7372 7.15
      vertex -22.0223 -11.6813 7.15
      vertex -22.078 -10.6882 7.15
    endloop
  endfacet
  facet normal 0 0 1
    outer loop
      vertex -22.0223 -11.6813 7.15
      vertex -22.3423 -10.7372 7.15
      vertex -22.1047 -11.7137 7.15
    endloop
  endfacet
  facet normal -0 0 1
    outer loop
      vertex -22.5884 -10.8189 7.15
      vertex -22.1047 -11.7137 7.15
      vertex -22.3423 -10.7372 7.15
    endloop
  endfacet
  facet normal 0 0 1
    outer loop
      vertex -22.1047 -11.7137 7.15
      vertex -22.5884 -10.8189 7.15
      vertex -22.1824 -11.7554 7.15
    endloop
  endfacet
  facet normal -0 0 1
    outer loop
      vertex -22.8163 -10.9332 7.15
      vertex -22.1824 -11.7554 7.15
      vertex -22.5884 -10.8189 7.15
    endloop
  endfacet
  facet normal 0 0 1
    outer loop
      vertex -22.1824 -11.7554 7.15
      vertex -22.8163 -10.9332 7.15
      vertex -22.2553 -11.8065 7.15
    endloop
  endfacet
  facet normal -0 0 1
    outer loop
      vertex -23.026 -11.0803 7.15
      vertex -22.2553 -11.8065 7.15
      vertex -22.8163 -10.9332 7.15
    endloop
  endfacet
  facet normal 0 0 1
    outer loop
      vertex -22.2553 -11.8065 7.15
      vertex -23.026 -11.0803 7.15
      vertex -22.3572 -11.9033 7.15
    endloop
  endfacet
  facet normal -0 0 1
    outer loop
      vertex -23.2175 -11.26 7.15
      vertex -22.3572 -11.9033 7.15
      vertex -23.026 -11.0803 7.15
    endloop
  endfacet
  facet normal 0 0 1
    outer loop
      vertex -22.3572 -11.9033 7.15
      vertex -23.2175 -11.26 7.15
      vertex -22.4406 -12.0204 7.15
    endloop
  endfacet
  facet normal -0 0 1
    outer loop
      vertex -23.3848 -11.466 7.15
      vertex -22.4406 -12.0204 7.15
      vertex -23.2175 -11.26 7.15
    endloop
  endfacet
  facet normal 0 0 1
    outer loop
      vertex -22.4406 -12.0204 7.15
      vertex -23.3848 -11.466 7.15
      vertex -22.5055 -12.1575 7.15
    endloop
  endfacet
  facet normal -0 0 1
    outer loop
      vertex -23.5215 -11.692 7.15
      vertex -22.5055 -12.1575 7.15
      vertex -23.3848 -11.466 7.15
    endloop
  endfacet
  facet normal 0 0 1
    outer loop
      vertex -23.7648 -12.7963 7.15
      vertex -22.5889 -12.6898 7.15
      vertex -23.7496 -12.4902 7.15
    endloop
  endfacet
  facet normal -0 0 1
    outer loop
      vertex -23.6279 -11.9381 7.15
      vertex -22.5055 -12.1575 7.15
      vertex -23.5215 -11.692 7.15
    endloop
  endfacet
  facet normal 0 -0 1
    outer loop
      vertex -23.7496 -13.0896 7.15
      vertex -22.5889 -12.6898 7.15
      vertex -23.7648 -12.7963 7.15
    endloop
  endfacet
  facet normal 0 0 1
    outer loop
      vertex -22.5055 -12.1575 7.15
      vertex -23.6279 -11.9381 7.15
      vertex -22.5519 -12.3148 7.15
    endloop
  endfacet
  facet normal 0 -0 1
    outer loop
      vertex -23.7042 -13.359 7.15
      vertex -22.5889 -12.6898 7.15
      vertex -23.7496 -13.0896 7.15
    endloop
  endfacet
  facet normal -0 0 1
    outer loop
      vertex -23.7039 -12.2041 7.15
      vertex -22.5519 -12.3148 7.15
      vertex -23.6279 -11.9381 7.15
    endloop
  endfacet
  facet normal 0 0 1
    outer loop
      vertex -22.5889 -12.6898 7.15
      vertex -22.8385 -14.4685 7.15
      vertex -22.6347 -14.5631 7.15
    endloop
  endfacet
  facet normal 0 0 1
    outer loop
      vertex -22.5519 -12.3148 7.15
      vertex -23.7039 -12.2041 7.15
      vertex -22.5797 -12.4922 7.15
    endloop
  endfacet
  facet normal 0 0 1
    outer loop
      vertex -22.5889 -12.6898 7.15
      vertex -23.0334 -14.3469 7.15
      vertex -22.8385 -14.4685 7.15
    endloop
  endfacet
  facet normal -0 0 1
    outer loop
      vertex -23.7496 -12.4902 7.15
      vertex -22.5797 -12.4922 7.15
      vertex -23.7039 -12.2041 7.15
    endloop
  endfacet
  facet normal 0 -0 1
    outer loop
      vertex -23.6285 -13.6046 7.15
      vertex -22.5889 -12.6898 7.15
      vertex -23.7042 -13.359 7.15
    endloop
  endfacet
  facet normal 0 0 1
    outer loop
      vertex -22.5797 -12.4922 7.15
      vertex -23.7496 -12.4902 7.15
      vertex -22.5889 -12.6898 7.15
    endloop
  endfacet
  facet normal 0 0 1
    outer loop
      vertex -22.5889 -12.6898 7.15
      vertex -23.2196 -14.1983 7.15
      vertex -23.0334 -14.3469 7.15
    endloop
  endfacet
  facet normal 0 -0 1
    outer loop
      vertex -23.5225 -13.8264 7.15
      vertex -22.5889 -12.6898 7.15
      vertex -23.6285 -13.6046 7.15
    endloop
  endfacet
  facet normal 0 0 1
    outer loop
      vertex -22.5889 -12.6898 7.15
      vertex -23.3862 -14.0243 7.15
      vertex -23.2196 -14.1983 7.15
    endloop
  endfacet
  facet normal 0 0 1
    outer loop
      vertex -22.5889 -12.6898 7.15
      vertex -23.5225 -13.8264 7.15
      vertex -23.3862 -14.0243 7.15
    endloop
  endfacet
  facet normal 0 0 1
    outer loop
      vertex -19.8528 -15.1808 7.15
      vertex -20.9162 -14.9364 7.15
      vertex -19.9361 -15.4294 7.15
    endloop
  endfacet
  facet normal -0 0 1
    outer loop
      vertex -20.9504 -15.0799 7.15
      vertex -19.9361 -15.4294 7.15
      vertex -20.9162 -14.9364 7.15
    endloop
  endfacet
  facet normal -0 0 1
    outer loop
      vertex -20.9899 -15.2055 7.15
      vertex -19.9361 -15.4294 7.15
      vertex -20.9504 -15.0799 7.15
    endloop
  endfacet
  facet normal 0 0 1
    outer loop
      vertex -19.9361 -15.4294 7.15
      vertex -20.9899 -15.2055 7.15
      vertex -20.1339 -15.846 7.15
    endloop
  endfacet
  facet normal -0 0 1
    outer loop
      vertex -21.0767 -15.3995 7.15
      vertex -20.1339 -15.846 7.15
      vertex -20.9899 -15.2055 7.15
    endloop
  endfacet
  facet normal 0 0 1
    outer loop
      vertex -20.1339 -15.846 7.15
      vertex -21.0767 -15.3995 7.15
      vertex -20.3801 -16.1868 7.15
    endloop
  endfacet
  facet normal -0 0 1
    outer loop
      vertex -21.1825 -15.5583 7.15
      vertex -20.3801 -16.1868 7.15
      vertex -21.0767 -15.3995 7.15
    endloop
  endfacet
  facet normal 0 0 1
    outer loop
      vertex -20.3801 -16.1868 7.15
      vertex -21.1825 -15.5583 7.15
      vertex -20.6746 -16.4519 7.15
    endloop
  endfacet
  facet normal -0 0 1
    outer loop
      vertex -21.3073 -15.6817 7.15
      vertex -20.6746 -16.4519 7.15
      vertex -21.1825 -15.5583 7.15
    endloop
  endfacet
  facet normal 0 0 1
    outer loop
      vertex -20.6746 -16.4519 7.15
      vertex -21.3073 -15.6817 7.15
      vertex -21.0175 -16.6413 7.15
    endloop
  endfacet
  facet normal -0 0 1
    outer loop
      vertex -21.451 -15.7699 7.15
      vertex -21.0175 -16.6413 7.15
      vertex -21.3073 -15.6817 7.15
    endloop
  endfacet
  facet normal 0 0 1
    outer loop
      vertex -21.0175 -16.6413 7.15
      vertex -21.451 -15.7699 7.15
      vertex -21.4088 -16.7549 7.15
    endloop
  endfacet
  facet normal -0 0 1
    outer loop
      vertex -21.6138 -15.8228 7.15
      vertex -21.4088 -16.7549 7.15
      vertex -21.451 -15.7699 7.15
    endloop
  endfacet
  facet normal -0 0 1
    outer loop
      vertex -21.7955 -15.8405 7.15
      vertex -21.4088 -16.7549 7.15
      vertex -21.6138 -15.8228 7.15
    endloop
  endfacet
  facet normal 0 0 1
    outer loop
      vertex -21.7955 -15.8405 7.15
      vertex -21.8484 -16.7928 7.15
      vertex -21.4088 -16.7549 7.15
    endloop
  endfacet
  facet normal 0 0 1
    outer loop
      vertex -21.8912 -15.8359 7.15
      vertex -21.8484 -16.7928 7.15
      vertex -21.7955 -15.8405 7.15
    endloop
  endfacet
  facet normal 0 0 1
    outer loop
      vertex -22.0658 -16.7819 7.15
      vertex -21.8912 -15.8359 7.15
      vertex -21.9804 -15.8224 7.15
    endloop
  endfacet
  facet normal 0 0 1
    outer loop
      vertex -22.2756 -16.7492 7.15
      vertex -21.9804 -15.8224 7.15
      vertex -22.063 -15.7998 7.15
    endloop
  endfacet
  facet normal 0 0 1
    outer loop
      vertex -21.8912 -15.8359 7.15
      vertex -22.0658 -16.7819 7.15
      vertex -21.8484 -16.7928 7.15
    endloop
  endfacet
  facet normal 0 0 1
    outer loop
      vertex -22.478 -16.6946 7.15
      vertex -22.063 -15.7998 7.15
      vertex -22.1391 -15.7682 7.15
    endloop
  endfacet
  facet normal 0 0 1
    outer loop
      vertex -22.673 -16.6183 7.15
      vertex -22.1391 -15.7682 7.15
      vertex -22.2086 -15.7275 7.15
    endloop
  endfacet
  facet normal 0 0 1
    outer loop
      vertex -22.8605 -16.5201 7.15
      vertex -22.2086 -15.7275 7.15
      vertex -22.2715 -15.6777 7.15
    endloop
  endfacet
  facet normal 0 0 1
    outer loop
      vertex -21.9804 -15.8224 7.15
      vertex -22.2756 -16.7492 7.15
      vertex -22.0658 -16.7819 7.15
    endloop
  endfacet
  facet normal 0 0 1
    outer loop
      vertex -23.0406 -16.4001 7.15
      vertex -22.2715 -15.6777 7.15
      vertex -22.3274 -15.6208 7.15
    endloop
  endfacet
  facet normal 0 0 1
    outer loop
      vertex -23.2043 -16.2592 7.15
      vertex -22.3274 -15.6208 7.15
      vertex -22.3755 -15.5584 7.15
    endloop
  endfacet
  facet normal 0 0 1
    outer loop
      vertex -23.343 -16.0982 7.15
      vertex -22.3755 -15.5584 7.15
      vertex -22.416 -15.4906 7.15
    endloop
  endfacet
  facet normal 0 0 1
    outer loop
      vertex -23.4566 -15.9173 7.15
      vertex -22.416 -15.4906 7.15
      vertex -22.4488 -15.4173 7.15
    endloop
  endfacet
  facet normal 0 0 1
    outer loop
      vertex -23.5451 -15.7164 7.15
      vertex -22.4488 -15.4173 7.15
      vertex -22.4738 -15.3387 7.15
    endloop
  endfacet
  facet normal 0 0 1
    outer loop
      vertex -22.063 -15.7998 7.15
      vertex -22.478 -16.6946 7.15
      vertex -22.2756 -16.7492 7.15
    endloop
  endfacet
  facet normal 0 0 1
    outer loop
      vertex -23.6085 -15.4955 7.15
      vertex -22.4738 -15.3387 7.15
      vertex -22.4913 -15.2546 7.15
    endloop
  endfacet
  facet normal 0 0 1
    outer loop
      vertex -22.1391 -15.7682 7.15
      vertex -22.673 -16.6183 7.15
      vertex -22.478 -16.6946 7.15
    endloop
  endfacet
  facet normal 0 0 1
    outer loop
      vertex -22.2086 -15.7275 7.15
      vertex -22.8605 -16.5201 7.15
      vertex -22.673 -16.6183 7.15
    endloop
  endfacet
  facet normal 0 0 1
    outer loop
      vertex -22.2715 -15.6777 7.15
      vertex -23.0406 -16.4001 7.15
      vertex -22.8605 -16.5201 7.15
    endloop
  endfacet
  facet normal 0 0 1
    outer loop
      vertex -22.3274 -15.6208 7.15
      vertex -23.2043 -16.2592 7.15
      vertex -23.0406 -16.4001 7.15
    endloop
  endfacet
  facet normal 0 0 1
    outer loop
      vertex -22.3755 -15.5584 7.15
      vertex -23.343 -16.0982 7.15
      vertex -23.2043 -16.2592 7.15
    endloop
  endfacet
  facet normal 0 0 1
    outer loop
      vertex -22.416 -15.4906 7.15
      vertex -23.4566 -15.9173 7.15
      vertex -23.343 -16.0982 7.15
    endloop
  endfacet
  facet normal 0 0 1
    outer loop
      vertex -22.4488 -15.4173 7.15
      vertex -23.5451 -15.7164 7.15
      vertex -23.4566 -15.9173 7.15
    endloop
  endfacet
  facet normal 0 0 1
    outer loop
      vertex -22.4738 -15.3387 7.15
      vertex -23.6085 -15.4955 7.15
      vertex -23.5451 -15.7164 7.15
    endloop
  endfacet
  facet normal 0 -0 1
    outer loop
      vertex -23.6085 -15.4955 7.15
      vertex -22.4913 -15.2546 7.15
      vertex -23.6468 -15.2546 7.15
    endloop
  endfacet
  facet normal -0 0 1
    outer loop
      vertex -20.8872 -14.7751 7.15
      vertex -19.7846 -14.9125 7.15
      vertex -20.8633 -14.5958 7.15
    endloop
  endfacet
  facet normal 0 0 1
    outer loop
      vertex -19.6714 -13.287 7.15
      vertex -20.9158 -13.1005 7.15
      vertex -20.9706 -13.2566 7.15
    endloop
  endfacet
  facet normal 0 0 1
    outer loop
      vertex -19.6635 -13.6428 7.15
      vertex -20.9706 -13.2566 7.15
      vertex -20.8313 -14.1838 7.15
    endloop
  endfacet
  facet normal -0 0 1
    outer loop
      vertex -21.0473 -13.3922 7.15
      vertex -20.8313 -14.1838 7.15
      vertex -20.9706 -13.2566 7.15
    endloop
  endfacet
  facet normal -0 0 1
    outer loop
      vertex -21.146 -13.5072 7.15
      vertex -20.8313 -14.1838 7.15
      vertex -21.0473 -13.3922 7.15
    endloop
  endfacet
  facet normal -0 0 1
    outer loop
      vertex -21.2666 -13.6016 7.15
      vertex -20.8313 -14.1838 7.15
      vertex -21.146 -13.5072 7.15
    endloop
  endfacet
  facet normal -0 0 1
    outer loop
      vertex -21.3379 -13.6439 7.15
      vertex -20.8313 -14.1838 7.15
      vertex -21.2666 -13.6016 7.15
    endloop
  endfacet
  facet normal 0 0 1
    outer loop
      vertex -20.8313 -14.1838 7.15
      vertex -21.3379 -13.6439 7.15
      vertex -20.8847 -14.2477 7.15
    endloop
  endfacet
  facet normal 0 0 1
    outer loop
      vertex -20.8847 -14.2477 7.15
      vertex -21.3379 -13.6439 7.15
      vertex -20.9393 -14.3064 7.15
    endloop
  endfacet
  facet normal -0 0 1
    outer loop
      vertex -21.4108 -13.6785 7.15
      vertex -20.9393 -14.3064 7.15
      vertex -21.3379 -13.6439 7.15
    endloop
  endfacet
  facet normal 0 0 1
    outer loop
      vertex -20.9393 -14.3064 7.15
      vertex -21.4108 -13.6785 7.15
      vertex -20.995 -14.3599 7.15
    endloop
  endfacet
  facet normal 0 0 1
    outer loop
      vertex -20.995 -14.3599 7.15
      vertex -21.4108 -13.6785 7.15
      vertex -21.0518 -14.4082 7.15
    endloop
  endfacet
  facet normal -0 0 1
    outer loop
      vertex -21.4853 -13.7054 7.15
      vertex -21.0518 -14.4082 7.15
      vertex -21.4108 -13.6785 7.15
    endloop
  endfacet
  facet normal 0 0 1
    outer loop
      vertex -21.0518 -14.4082 7.15
      vertex -21.4853 -13.7054 7.15
      vertex -21.1098 -14.4513 7.15
    endloop
  endfacet
  facet normal 0 0 1
    outer loop
      vertex -21.1098 -14.4513 7.15
      vertex -21.4853 -13.7054 7.15
      vertex -21.1689 -14.4892 7.15
    endloop
  endfacet
  facet normal -0 0 1
    outer loop
      vertex -21.5614 -13.7246 7.15
      vertex -21.1689 -14.4892 7.15
      vertex -21.4853 -13.7054 7.15
    endloop
  endfacet
  facet normal 0 0 1
    outer loop
      vertex -21.1689 -14.4892 7.15
      vertex -21.5614 -13.7246 7.15
      vertex -21.2816 -14.5489 7.15
    endloop
  endfacet
  facet normal 0 0 1
    outer loop
      vertex -21.2816 -14.5489 7.15
      vertex -21.5614 -13.7246 7.15
      vertex -21.4026 -14.5978 7.15
    endloop
  endfacet
  facet normal -0 0 1
    outer loop
      vertex -21.639 -13.7362 7.15
      vertex -21.4026 -14.5978 7.15
      vertex -21.5614 -13.7246 7.15
    endloop
  endfacet
  facet normal 0 0 1
    outer loop
      vertex -21.4026 -14.5978 7.15
      vertex -21.639 -13.7362 7.15
      vertex -21.5321 -14.6358 7.15
    endloop
  endfacet
  facet normal -0 0 1
    outer loop
      vertex -21.7182 -13.74 7.15
      vertex -21.5321 -14.6358 7.15
      vertex -21.639 -13.7362 7.15
    endloop
  endfacet
  facet normal 0 0 1
    outer loop
      vertex -21.5321 -14.6358 7.15
      vertex -21.7182 -13.74 7.15
      vertex -21.6698 -14.6629 7.15
    endloop
  endfacet
  facet normal 0 0 1
    outer loop
      vertex -21.7182 -13.74 7.15
      vertex -21.8159 -14.6792 7.15
      vertex -21.6698 -14.6629 7.15
    endloop
  endfacet
  facet normal 0 0 1
    outer loop
      vertex -21.8596 -13.7327 7.15
      vertex -21.8159 -14.6792 7.15
      vertex -21.7182 -13.74 7.15
    endloop
  endfacet
  facet normal 0 0 1
    outer loop
      vertex -21.8596 -13.7327 7.15
      vertex -21.9704 -14.6846 7.15
      vertex -21.8159 -14.6792 7.15
    endloop
  endfacet
  facet normal 0 0 1
    outer loop
      vertex -21.9883 -13.7108 7.15
      vertex -21.9704 -14.6846 7.15
      vertex -21.8596 -13.7327 7.15
    endloop
  endfacet
  facet normal 0 0 1
    outer loop
      vertex -22.2007 -14.6711 7.15
      vertex -21.9883 -13.7108 7.15
      vertex -22.1042 -13.6744 7.15
    endloop
  endfacet
  facet normal 0 0 1
    outer loop
      vertex -21.9883 -13.7108 7.15
      vertex -22.2007 -14.6711 7.15
      vertex -21.9704 -14.6846 7.15
    endloop
  endfacet
  facet normal 0 0 1
    outer loop
      vertex -22.6347 -14.5631 7.15
      vertex -22.1042 -13.6744 7.15
      vertex -22.2074 -13.6233 7.15
    endloop
  endfacet
  facet normal 0 0 1
    outer loop
      vertex -22.6347 -14.5631 7.15
      vertex -22.2074 -13.6233 7.15
      vertex -22.2977 -13.5577 7.15
    endloop
  endfacet
  facet normal 0 0 1
    outer loop
      vertex -22.6347 -14.5631 7.15
      vertex -22.2977 -13.5577 7.15
      vertex -22.3753 -13.4774 7.15
    endloop
  endfacet
  facet normal 0 0 1
    outer loop
      vertex -22.1042 -13.6744 7.15
      vertex -22.4221 -14.6306 7.15
      vertex -22.2007 -14.6711 7.15
    endloop
  endfacet
  facet normal 0 0 1
    outer loop
      vertex -22.6347 -14.5631 7.15
      vertex -22.3753 -13.4774 7.15
      vertex -22.4406 -13.3826 7.15
    endloop
  endfacet
  facet normal 0 0 1
    outer loop
      vertex -22.6347 -14.5631 7.15
      vertex -22.4406 -13.3826 7.15
      vertex -22.494 -13.2732 7.15
    endloop
  endfacet
  facet normal 0 0 1
    outer loop
      vertex -22.6347 -14.5631 7.15
      vertex -22.494 -13.2732 7.15
      vertex -22.5355 -13.1492 7.15
    endloop
  endfacet
  facet normal 0 0 1
    outer loop
      vertex -22.6347 -14.5631 7.15
      vertex -22.5355 -13.1492 7.15
      vertex -22.5652 -13.0107 7.15
    endloop
  endfacet
  facet normal 0 0 1
    outer loop
      vertex -22.6347 -14.5631 7.15
      vertex -22.5652 -13.0107 7.15
      vertex -22.583 -12.8575 7.15
    endloop
  endfacet
  facet normal 0 0 1
    outer loop
      vertex -22.1042 -13.6744 7.15
      vertex -22.6347 -14.5631 7.15
      vertex -22.4221 -14.6306 7.15
    endloop
  endfacet
  facet normal 0 0 1
    outer loop
      vertex -22.6347 -14.5631 7.15
      vertex -22.583 -12.8575 7.15
      vertex -22.5889 -12.6898 7.15
    endloop
  endfacet
  facet normal 0.278803 -0.960348 0
    outer loop
      vertex -21.4088 -16.7549 6.15
      vertex -21.0175 -16.6413 7.15
      vertex -21.4088 -16.7549 7.15
    endloop
  endfacet
  facet normal 0.278803 -0.960348 0
    outer loop
      vertex -21.0175 -16.6413 7.15
      vertex -21.4088 -16.7549 6.15
      vertex -21.0175 -16.6413 6.15
    endloop
  endfacet
  facet normal 0.483496 -0.875347 0
    outer loop
      vertex -21.0175 -16.6413 6.15
      vertex -20.6746 -16.4519 7.15
      vertex -21.0175 -16.6413 7.15
    endloop
  endfacet
  facet normal 0.483496 -0.875347 0
    outer loop
      vertex -20.6746 -16.4519 7.15
      vertex -21.0175 -16.6413 6.15
      vertex -20.6746 -16.4519 6.15
    endloop
  endfacet
  facet normal 0.669034 -0.743231 0
    outer loop
      vertex -20.6746 -16.4519 6.15
      vertex -20.3801 -16.1868 7.15
      vertex -20.6746 -16.4519 7.15
    endloop
  endfacet
  facet normal 0.669034 -0.743231 0
    outer loop
      vertex -20.3801 -16.1868 7.15
      vertex -20.6746 -16.4519 6.15
      vertex -20.3801 -16.1868 6.15
    endloop
  endfacet
  facet normal 0.810604 -0.585595 0
    outer loop
      vertex -20.3801 -16.1868 7.15
      vertex -20.1339 -15.846 6.15
      vertex -20.1339 -15.846 7.15
    endloop
  endfacet
  facet normal 0.810604 -0.585595 0
    outer loop
      vertex -20.1339 -15.846 6.15
      vertex -20.3801 -16.1868 7.15
      vertex -20.3801 -16.1868 6.15
    endloop
  endfacet
  facet normal 0.903349 -0.428906 0
    outer loop
      vertex -20.1339 -15.846 7.15
      vertex -19.9361 -15.4294 6.15
      vertex -19.9361 -15.4294 7.15
    endloop
  endfacet
  facet normal 0.903349 -0.428906 0
    outer loop
      vertex -19.9361 -15.4294 6.15
      vertex -20.1339 -15.846 7.15
      vertex -20.1339 -15.846 6.15
    endloop
  endfacet
  facet normal 0.948186 -0.317715 0
    outer loop
      vertex -19.9361 -15.4294 7.15
      vertex -19.8528 -15.1808 6.15
      vertex -19.8528 -15.1808 7.15
    endloop
  endfacet
  facet normal 0.948186 -0.317715 0
    outer loop
      vertex -19.8528 -15.1808 6.15
      vertex -19.9361 -15.4294 7.15
      vertex -19.9361 -15.4294 6.15
    endloop
  endfacet
  facet normal 0.969179 -0.246359 0
    outer loop
      vertex -19.8528 -15.1808 7.15
      vertex -19.7846 -14.9125 6.15
      vertex -19.7846 -14.9125 7.15
    endloop
  endfacet
  facet normal 0.969179 -0.246359 0
    outer loop
      vertex -19.7846 -14.9125 6.15
      vertex -19.8528 -15.1808 7.15
      vertex -19.8528 -15.1808 6.15
    endloop
  endfacet
  facet normal 0.983474 -0.181049 0
    outer loop
      vertex -19.7846 -14.9125 7.15
      vertex -19.7316 -14.6246 6.15
      vertex -19.7316 -14.6246 7.15
    endloop
  endfacet
  facet normal 0.983474 -0.181049 0
    outer loop
      vertex -19.7316 -14.6246 6.15
      vertex -19.7846 -14.9125 7.15
      vertex -19.7846 -14.9125 6.15
    endloop
  endfacet
  facet normal 0.992534 -0.121969 0
    outer loop
      vertex -19.7316 -14.6246 7.15
      vertex -19.6938 -14.317 6.15
      vertex -19.6938 -14.317 7.15
    endloop
  endfacet
  facet normal 0.992534 -0.121969 0
    outer loop
      vertex -19.6938 -14.317 6.15
      vertex -19.7316 -14.6246 7.15
      vertex -19.7316 -14.6246 6.15
    endloop
  endfacet
  facet normal 0.997582 -0.0694925 0
    outer loop
      vertex -19.6938 -14.317 7.15
      vertex -19.671 -13.9897 6.15
      vertex -19.671 -13.9897 7.15
    endloop
  endfacet
  facet normal 0.997582 -0.0694925 0
    outer loop
      vertex -19.671 -13.9897 6.15
      vertex -19.6938 -14.317 7.15
      vertex -19.6938 -14.317 6.15
    endloop
  endfacet
  facet normal 0.999766 -0.021615 0
    outer loop
      vertex -19.671 -13.9897 7.15
      vertex -19.6635 -13.6428 6.15
      vertex -19.6635 -13.6428 7.15
    endloop
  endfacet
  facet normal 0.999766 -0.021615 0
    outer loop
      vertex -19.6635 -13.6428 6.15
      vertex -19.671 -13.9897 7.15
      vertex -19.671 -13.9897 6.15
    endloop
  endfacet
  facet normal 0.999754 0.022198 0
    outer loop
      vertex -19.6635 -13.6428 7.15
      vertex -19.6714 -13.287 6.15
      vertex -19.6714 -13.287 7.15
    endloop
  endfacet
  facet normal 0.999754 0.022198 0
    outer loop
      vertex -19.6714 -13.287 6.15
      vertex -19.6635 -13.6428 7.15
      vertex -19.6635 -13.6428 6.15
    endloop
  endfacet
  facet normal 0.997462 0.0712043 0
    outer loop
      vertex -19.6714 -13.287 7.15
      vertex -19.6951 -12.955 6.15
      vertex -19.6951 -12.955 7.15
    endloop
  endfacet
  facet normal 0.997462 0.0712043 0
    outer loop
      vertex -19.6951 -12.955 6.15
      vertex -19.6714 -13.287 7.15
      vertex -19.6714 -13.287 6.15
    endloop
  endfacet
  facet normal 0.991851 0.1274 0
    outer loop
      vertex -19.6951 -12.955 7.15
      vertex -19.7347 -12.6467 6.15
      vertex -19.7347 -12.6467 7.15
    endloop
  endfacet
  facet normal 0.991851 0.1274 0
    outer loop
      vertex -19.7347 -12.6467 6.15
      vertex -19.6951 -12.955 7.15
      vertex -19.6951 -12.955 6.15
    endloop
  endfacet
  facet normal 0.981563 0.191137 0
    outer loop
      vertex -19.7347 -12.6467 7.15
      vertex -19.7901 -12.3622 6.15
      vertex -19.7901 -12.3622 7.15
    endloop
  endfacet
  facet normal 0.981563 0.191137 0
    outer loop
      vertex -19.7901 -12.3622 6.15
      vertex -19.7347 -12.6467 7.15
      vertex -19.7347 -12.6467 6.15
    endloop
  endfacet
  facet normal 0.964695 0.263368 0
    outer loop
      vertex -19.7901 -12.3622 7.15
      vertex -19.8613 -12.1014 6.15
      vertex -19.8613 -12.1014 7.15
    endloop
  endfacet
  facet normal 0.964695 0.263368 0
    outer loop
      vertex -19.8613 -12.1014 6.15
      vertex -19.7901 -12.3622 7.15
      vertex -19.7901 -12.3622 6.15
    endloop
  endfacet
  facet normal 0.938795 0.344476 0
    outer loop
      vertex -19.8613 -12.1014 7.15
      vertex -19.9483 -11.8643 6.15
      vertex -19.9483 -11.8643 7.15
    endloop
  endfacet
  facet normal 0.938795 0.344476 0
    outer loop
      vertex -19.9483 -11.8643 6.15
      vertex -19.8613 -12.1014 7.15
      vertex -19.8613 -12.1014 6.15
    endloop
  endfacet
  facet normal 0.886407 0.462907 0
    outer loop
      vertex -19.9483 -11.8643 7.15
      vertex -20.1386 -11.4999 6.15
      vertex -20.1386 -11.4999 7.15
    endloop
  endfacet
  facet normal 0.886407 0.462907 0
    outer loop
      vertex -20.1386 -11.4999 6.15
      vertex -19.9483 -11.8643 7.15
      vertex -19.9483 -11.8643 6.15
    endloop
  endfacet
  facet normal 0.782249 0.622965 0
    outer loop
      vertex -20.1386 -11.4999 7.15
      vertex -20.376 -11.2018 6.15
      vertex -20.376 -11.2018 7.15
    endloop
  endfacet
  facet normal 0.782249 0.622965 0
    outer loop
      vertex -20.376 -11.2018 6.15
      vertex -20.1386 -11.4999 7.15
      vertex -20.1386 -11.4999 6.15
    endloop
  endfacet
  facet normal 0.631916 0.775037 -0
    outer loop
      vertex -20.376 -11.2018 6.15
      vertex -20.6603 -10.97 7.15
      vertex -20.376 -11.2018 7.15
    endloop
  endfacet
  facet normal 0.631916 0.775037 0
    outer loop
      vertex -20.6603 -10.97 7.15
      vertex -20.376 -11.2018 6.15
      vertex -20.6603 -10.97 6.15
    endloop
  endfacet
  facet normal 0.447214 0.894427 -0
    outer loop
      vertex -20.6603 -10.97 6.15
      vertex -20.9917 -10.8043 7.15
      vertex -20.6603 -10.97 7.15
    endloop
  endfacet
  facet normal 0.447214 0.894427 0
    outer loop
      vertex -20.9917 -10.8043 7.15
      vertex -20.6603 -10.97 6.15
      vertex -20.9917 -10.8043 6.15
    endloop
  endfacet
  facet normal 0.253826 0.96725 -0
    outer loop
      vertex -20.9917 -10.8043 6.15
      vertex -21.3701 -10.705 7.15
      vertex -20.9917 -10.8043 7.15
    endloop
  endfacet
  facet normal 0.253826 0.96725 0
    outer loop
      vertex -21.3701 -10.705 7.15
      vertex -20.9917 -10.8043 6.15
      vertex -21.3701 -10.705 6.15
    endloop
  endfacet
  facet normal 0.0778076 0.996968 -0
    outer loop
      vertex -21.3701 -10.705 6.15
      vertex -21.7955 -10.6718 7.15
      vertex -21.3701 -10.705 7.15
    endloop
  endfacet
  facet normal 0.0778076 0.996968 0
    outer loop
      vertex -21.7955 -10.6718 7.15
      vertex -21.3701 -10.705 6.15
      vertex -21.7955 -10.6718 6.15
    endloop
  endfacet
  facet normal -0.0579555 0.998319 0
    outer loop
      vertex -21.7955 -10.6718 6.15
      vertex -22.078 -10.6882 7.15
      vertex -21.7955 -10.6718 7.15
    endloop
  endfacet
  facet normal -0.0579555 0.998319 0
    outer loop
      vertex -22.078 -10.6882 7.15
      vertex -21.7955 -10.6718 6.15
      vertex -22.078 -10.6882 6.15
    endloop
  endfacet
  facet normal -0.182289 0.983245 0
    outer loop
      vertex -22.078 -10.6882 6.15
      vertex -22.3423 -10.7372 7.15
      vertex -22.078 -10.6882 7.15
    endloop
  endfacet
  facet normal -0.182289 0.983245 0
    outer loop
      vertex -22.3423 -10.7372 7.15
      vertex -22.078 -10.6882 6.15
      vertex -22.3423 -10.7372 6.15
    endloop
  endfacet
  facet normal -0.315071 0.949068 0
    outer loop
      vertex -22.3423 -10.7372 6.15
      vertex -22.5884 -10.8189 7.15
      vertex -22.3423 -10.7372 7.15
    endloop
  endfacet
  facet normal -0.315071 0.949068 0
    outer loop
      vertex -22.5884 -10.8189 7.15
      vertex -22.3423 -10.7372 6.15
      vertex -22.5884 -10.8189 6.15
    endloop
  endfacet
  facet normal -0.448311 0.893877 0
    outer loop
      vertex -22.5884 -10.8189 6.15
      vertex -22.8163 -10.9332 7.15
      vertex -22.5884 -10.8189 7.15
    endloop
  endfacet
  facet normal -0.448311 0.893877 0
    outer loop
      vertex -22.8163 -10.9332 7.15
      vertex -22.5884 -10.8189 6.15
      vertex -22.8163 -10.9332 6.15
    endloop
  endfacet
  facet normal -0.574274 0.818663 0
    outer loop
      vertex -22.8163 -10.9332 6.15
      vertex -23.026 -11.0803 7.15
      vertex -22.8163 -10.9332 7.15
    endloop
  endfacet
  facet normal -0.574274 0.818663 0
    outer loop
      vertex -23.026 -11.0803 7.15
      vertex -22.8163 -10.9332 6.15
      vertex -23.026 -11.0803 6.15
    endloop
  endfacet
  facet normal -0.684283 0.729216 0
    outer loop
      vertex -23.026 -11.0803 6.15
      vertex -23.2175 -11.26 7.15
      vertex -23.026 -11.0803 7.15
    endloop
  endfacet
  facet normal -0.684283 0.729216 0
    outer loop
      vertex -23.2175 -11.26 7.15
      vertex -23.026 -11.0803 6.15
      vertex -23.2175 -11.26 6.15
    endloop
  endfacet
  facet normal -0.776252 0.630422 0
    outer loop
      vertex -23.3848 -11.466 6.15
      vertex -23.2175 -11.26 7.15
      vertex -23.2175 -11.26 6.15
    endloop
  endfacet
  facet normal -0.776252 0.630422 0
    outer loop
      vertex -23.2175 -11.26 7.15
      vertex -23.3848 -11.466 6.15
      vertex -23.3848 -11.466 7.15
    endloop
  endfacet
  facet normal -0.85565 0.517555 0
    outer loop
      vertex -23.5215 -11.692 6.15
      vertex -23.3848 -11.466 7.15
      vertex -23.3848 -11.466 6.15
    endloop
  endfacet
  facet normal -0.85565 0.517555 0
    outer loop
      vertex -23.3848 -11.466 7.15
      vertex -23.5215 -11.692 6.15
      vertex -23.5215 -11.692 7.15
    endloop
  endfacet
  facet normal -0.917886 0.396843 0
    outer loop
      vertex -23.6279 -11.9381 6.15
      vertex -23.5215 -11.692 7.15
      vertex -23.5215 -11.692 6.15
    endloop
  endfacet
  facet normal -0.917886 0.396843 0
    outer loop
      vertex -23.5215 -11.692 7.15
      vertex -23.6279 -11.9381 6.15
      vertex -23.6279 -11.9381 7.15
    endloop
  endfacet
  facet normal -0.961524 0.274721 0
    outer loop
      vertex -23.7039 -12.2041 6.15
      vertex -23.6279 -11.9381 7.15
      vertex -23.6279 -11.9381 6.15
    endloop
  endfacet
  facet normal -0.961524 0.274721 0
    outer loop
      vertex -23.6279 -11.9381 7.15
      vertex -23.7039 -12.2041 6.15
      vertex -23.7039 -12.2041 7.15
    endloop
  endfacet
  facet normal -0.987482 0.157735 0
    outer loop
      vertex -23.7496 -12.4902 6.15
      vertex -23.7039 -12.2041 7.15
      vertex -23.7039 -12.2041 6.15
    endloop
  endfacet
  facet normal -0.987482 0.157735 0
    outer loop
      vertex -23.7039 -12.2041 7.15
      vertex -23.7496 -12.4902 6.15
      vertex -23.7496 -12.4902 7.15
    endloop
  endfacet
  facet normal -0.998769 0.0495959 0
    outer loop
      vertex -23.7648 -12.7963 6.15
      vertex -23.7496 -12.4902 7.15
      vertex -23.7496 -12.4902 6.15
    endloop
  endfacet
  facet normal -0.998769 0.0495959 0
    outer loop
      vertex -23.7496 -12.4902 7.15
      vertex -23.7648 -12.7963 6.15
      vertex -23.7648 -12.7963 7.15
    endloop
  endfacet
  facet normal -0.99866 -0.0517546 0
    outer loop
      vertex -23.7496 -13.0896 6.15
      vertex -23.7648 -12.7963 7.15
      vertex -23.7648 -12.7963 6.15
    endloop
  endfacet
  facet normal -0.99866 -0.0517546 0
    outer loop
      vertex -23.7648 -12.7963 7.15
      vertex -23.7496 -13.0896 6.15
      vertex -23.7496 -13.0896 7.15
    endloop
  endfacet
  facet normal -0.986096 -0.166179 0
    outer loop
      vertex -23.7042 -13.359 6.15
      vertex -23.7496 -13.0896 7.15
      vertex -23.7496 -13.0896 6.15
    endloop
  endfacet
  facet normal -0.986096 -0.166179 0
    outer loop
      vertex -23.7496 -13.0896 7.15
      vertex -23.7042 -13.359 6.15
      vertex -23.7042 -13.359 7.15
    endloop
  endfacet
  facet normal -0.955636 -0.294551 0
    outer loop
      vertex -23.6285 -13.6046 6.15
      vertex -23.7042 -13.359 7.15
      vertex -23.7042 -13.359 6.15
    endloop
  endfacet
  facet normal -0.955636 -0.294551 0
    outer loop
      vertex -23.7042 -13.359 7.15
      vertex -23.6285 -13.6046 6.15
      vertex -23.6285 -13.6046 7.15
    endloop
  endfacet
  facet normal -0.902258 -0.431196 0
    outer loop
      vertex -23.5225 -13.8264 6.15
      vertex -23.6285 -13.6046 7.15
      vertex -23.6285 -13.6046 6.15
    endloop
  endfacet
  facet normal -0.902258 -0.431196 0
    outer loop
      vertex -23.6285 -13.6046 7.15
      vertex -23.5225 -13.8264 6.15
      vertex -23.5225 -13.8264 7.15
    endloop
  endfacet
  facet normal -0.823568 -0.567217 0
    outer loop
      vertex -23.3862 -14.0243 6.15
      vertex -23.5225 -13.8264 7.15
      vertex -23.5225 -13.8264 6.15
    endloop
  endfacet
  facet normal -0.823568 -0.567217 0
    outer loop
      vertex -23.5225 -13.8264 7.15
      vertex -23.3862 -14.0243 6.15
      vertex -23.3862 -14.0243 7.15
    endloop
  endfacet
  facet normal -0.722299 -0.691581 0
    outer loop
      vertex -23.2196 -14.1983 6.15
      vertex -23.3862 -14.0243 7.15
      vertex -23.3862 -14.0243 6.15
    endloop
  endfacet
  facet normal -0.722299 -0.691581 0
    outer loop
      vertex -23.3862 -14.0243 7.15
      vertex -23.2196 -14.1983 6.15
      vertex -23.2196 -14.1983 7.15
    endloop
  endfacet
  facet normal -0.623773 -0.781605 0
    outer loop
      vertex -23.2196 -14.1983 6.15
      vertex -23.0334 -14.3469 7.15
      vertex -23.2196 -14.1983 7.15
    endloop
  endfacet
  facet normal -0.623773 -0.781605 -0
    outer loop
      vertex -23.0334 -14.3469 7.15
      vertex -23.2196 -14.1983 6.15
      vertex -23.0334 -14.3469 6.15
    endloop
  endfacet
  facet normal -0.529334 -0.848414 0
    outer loop
      vertex -23.0334 -14.3469 6.15
      vertex -22.8385 -14.4685 7.15
      vertex -23.0334 -14.3469 7.15
    endloop
  endfacet
  facet normal -0.529334 -0.848414 -0
    outer loop
      vertex -22.8385 -14.4685 7.15
      vertex -23.0334 -14.3469 6.15
      vertex -22.8385 -14.4685 6.15
    endloop
  endfacet
  facet normal -0.421033 -0.907045 0
    outer loop
      vertex -22.8385 -14.4685 6.15
      vertex -22.6347 -14.5631 7.15
      vertex -22.8385 -14.4685 7.15
    endloop
  endfacet
  facet normal -0.421033 -0.907045 -0
    outer loop
      vertex -22.6347 -14.5631 7.15
      vertex -22.8385 -14.4685 6.15
      vertex -22.6347 -14.5631 6.15
    endloop
  endfacet
  facet normal -0.302611 -0.953114 0
    outer loop
      vertex -22.6347 -14.5631 6.15
      vertex -22.4221 -14.6306 7.15
      vertex -22.6347 -14.5631 7.15
    endloop
  endfacet
  facet normal -0.302611 -0.953114 -0
    outer loop
      vertex -22.4221 -14.6306 7.15
      vertex -22.6347 -14.5631 6.15
      vertex -22.4221 -14.6306 6.15
    endloop
  endfacet
  facet normal -0.179941 -0.983677 0
    outer loop
      vertex -22.4221 -14.6306 6.15
      vertex -22.2007 -14.6711 7.15
      vertex -22.4221 -14.6306 7.15
    endloop
  endfacet
  facet normal -0.179941 -0.983677 -0
    outer loop
      vertex -22.2007 -14.6711 7.15
      vertex -22.4221 -14.6306 6.15
      vertex -22.2007 -14.6711 6.15
    endloop
  endfacet
  facet normal -0.0585187 -0.998286 0
    outer loop
      vertex -22.2007 -14.6711 6.15
      vertex -21.9704 -14.6846 7.15
      vertex -22.2007 -14.6711 7.15
    endloop
  endfacet
  facet normal -0.0585187 -0.998286 -0
    outer loop
      vertex -21.9704 -14.6846 7.15
      vertex -22.2007 -14.6711 6.15
      vertex -21.9704 -14.6846 6.15
    endloop
  endfacet
  facet normal 0.0349301 -0.99939 0
    outer loop
      vertex -21.9704 -14.6846 6.15
      vertex -21.8159 -14.6792 7.15
      vertex -21.9704 -14.6846 7.15
    endloop
  endfacet
  facet normal 0.0349301 -0.99939 0
    outer loop
      vertex -21.8159 -14.6792 7.15
      vertex -21.9704 -14.6846 6.15
      vertex -21.8159 -14.6792 6.15
    endloop
  endfacet
  facet normal 0.110879 -0.993834 0
    outer loop
      vertex -21.8159 -14.6792 6.15
      vertex -21.6698 -14.6629 7.15
      vertex -21.8159 -14.6792 7.15
    endloop
  endfacet
  facet normal 0.110879 -0.993834 0
    outer loop
      vertex -21.6698 -14.6629 7.15
      vertex -21.8159 -14.6792 6.15
      vertex -21.6698 -14.6629 6.15
    endloop
  endfacet
  facet normal 0.193101 -0.981179 0
    outer loop
      vertex -21.6698 -14.6629 6.15
      vertex -21.5321 -14.6358 7.15
      vertex -21.6698 -14.6629 7.15
    endloop
  endfacet
  facet normal 0.193101 -0.981179 0
    outer loop
      vertex -21.5321 -14.6358 7.15
      vertex -21.6698 -14.6629 6.15
      vertex -21.5321 -14.6358 6.15
    endloop
  endfacet
  facet normal 0.281565 -0.959542 0
    outer loop
      vertex -21.5321 -14.6358 6.15
      vertex -21.4026 -14.5978 7.15
      vertex -21.5321 -14.6358 7.15
    endloop
  endfacet
  facet normal 0.281565 -0.959542 0
    outer loop
      vertex -21.4026 -14.5978 7.15
      vertex -21.5321 -14.6358 6.15
      vertex -21.4026 -14.5978 6.15
    endloop
  endfacet
  facet normal 0.374691 -0.92715 0
    outer loop
      vertex -21.4026 -14.5978 6.15
      vertex -21.2816 -14.5489 7.15
      vertex -21.4026 -14.5978 7.15
    endloop
  endfacet
  facet normal 0.374691 -0.92715 0
    outer loop
      vertex -21.2816 -14.5489 7.15
      vertex -21.4026 -14.5978 6.15
      vertex -21.2816 -14.5489 6.15
    endloop
  endfacet
  facet normal 0.468104 -0.883673 0
    outer loop
      vertex -21.2816 -14.5489 6.15
      vertex -21.1689 -14.4892 7.15
      vertex -21.2816 -14.5489 7.15
    endloop
  endfacet
  facet normal 0.468104 -0.883673 0
    outer loop
      vertex -21.1689 -14.4892 7.15
      vertex -21.2816 -14.5489 6.15
      vertex -21.1689 -14.4892 6.15
    endloop
  endfacet
  facet normal 0.539821 -0.84178 0
    outer loop
      vertex -21.1689 -14.4892 6.15
      vertex -21.1098 -14.4513 7.15
      vertex -21.1689 -14.4892 7.15
    endloop
  endfacet
  facet normal 0.539821 -0.84178 0
    outer loop
      vertex -21.1098 -14.4513 7.15
      vertex -21.1689 -14.4892 6.15
      vertex -21.1098 -14.4513 6.15
    endloop
  endfacet
  facet normal 0.596451 -0.802649 0
    outer loop
      vertex -21.1098 -14.4513 6.15
      vertex -21.0518 -14.4082 7.15
      vertex -21.1098 -14.4513 7.15
    endloop
  endfacet
  facet normal 0.596451 -0.802649 0
    outer loop
      vertex -21.0518 -14.4082 7.15
      vertex -21.1098 -14.4513 6.15
      vertex -21.0518 -14.4082 6.15
    endloop
  endfacet
  facet normal 0.647804 -0.761807 0
    outer loop
      vertex -21.0518 -14.4082 6.15
      vertex -20.995 -14.3599 7.15
      vertex -21.0518 -14.4082 7.15
    endloop
  endfacet
  facet normal 0.647804 -0.761807 0
    outer loop
      vertex -20.995 -14.3599 7.15
      vertex -21.0518 -14.4082 6.15
      vertex -20.995 -14.3599 6.15
    endloop
  endfacet
  facet normal 0.69272 -0.721206 0
    outer loop
      vertex -20.995 -14.3599 6.15
      vertex -20.9393 -14.3064 7.15
      vertex -20.995 -14.3599 7.15
    endloop
  endfacet
  facet normal 0.69272 -0.721206 0
    outer loop
      vertex -20.9393 -14.3064 7.15
      vertex -20.995 -14.3599 6.15
      vertex -20.9393 -14.3064 6.15
    endloop
  endfacet
  facet normal 0.732216 -0.681073 0
    outer loop
      vertex -20.9393 -14.3064 7.15
      vertex -20.8847 -14.2477 6.15
      vertex -20.8847 -14.2477 7.15
    endloop
  endfacet
  facet normal 0.732216 -0.681073 0
    outer loop
      vertex -20.8847 -14.2477 6.15
      vertex -20.9393 -14.3064 7.15
      vertex -20.9393 -14.3064 6.15
    endloop
  endfacet
  facet normal 0.767335 -0.641247 0
    outer loop
      vertex -20.8847 -14.2477 7.15
      vertex -20.8313 -14.1838 6.15
      vertex -20.8313 -14.1838 7.15
    endloop
  endfacet
  facet normal 0.767335 -0.641247 0
    outer loop
      vertex -20.8313 -14.1838 6.15
      vertex -20.8847 -14.2477 7.15
      vertex -20.8847 -14.2477 6.15
    endloop
  endfacet
  facet normal -0.998063 0.0622049 0
    outer loop
      vertex -20.8447 -14.3988 6.15
      vertex -20.8313 -14.1838 7.15
      vertex -20.8313 -14.1838 6.15
    endloop
  endfacet
  facet normal -0.998063 0.0622049 0
    outer loop
      vertex -20.8313 -14.1838 7.15
      vertex -20.8447 -14.3988 6.15
      vertex -20.8447 -14.3988 7.15
    endloop
  endfacet
  facet normal -0.995572 0.0939982 0
    outer loop
      vertex -20.8633 -14.5958 6.15
      vertex -20.8447 -14.3988 7.15
      vertex -20.8447 -14.3988 6.15
    endloop
  endfacet
  facet normal -0.995572 0.0939982 0
    outer loop
      vertex -20.8447 -14.3988 7.15
      vertex -20.8633 -14.5958 6.15
      vertex -20.8633 -14.5958 7.15
    endloop
  endfacet
  facet normal -0.991233 0.132128 0
    outer loop
      vertex -20.8872 -14.7751 6.15
      vertex -20.8633 -14.5958 7.15
      vertex -20.8633 -14.5958 6.15
    endloop
  endfacet
  facet normal -0.991233 0.132128 0
    outer loop
      vertex -20.8633 -14.5958 7.15
      vertex -20.8872 -14.7751 6.15
      vertex -20.8872 -14.7751 7.15
    endloop
  endfacet
  facet normal -0.984219 0.176952 0
    outer loop
      vertex -20.9162 -14.9364 6.15
      vertex -20.8872 -14.7751 7.15
      vertex -20.8872 -14.7751 6.15
    endloop
  endfacet
  facet normal -0.984219 0.176952 0
    outer loop
      vertex -20.8872 -14.7751 7.15
      vertex -20.9162 -14.9364 6.15
      vertex -20.9162 -14.9364 7.15
    endloop
  endfacet
  facet normal -0.972755 0.231834 0
    outer loop
      vertex -20.9504 -15.0799 6.15
      vertex -20.9162 -14.9364 7.15
      vertex -20.9162 -14.9364 6.15
    endloop
  endfacet
  facet normal -0.972755 0.231834 0
    outer loop
      vertex -20.9162 -14.9364 7.15
      vertex -20.9504 -15.0799 6.15
      vertex -20.9504 -15.0799 7.15
    endloop
  endfacet
  facet normal -0.953938 0.300004 0
    outer loop
      vertex -20.9899 -15.2055 6.15
      vertex -20.9504 -15.0799 7.15
      vertex -20.9504 -15.0799 6.15
    endloop
  endfacet
  facet normal -0.953938 0.300004 0
    outer loop
      vertex -20.9504 -15.0799 7.15
      vertex -20.9899 -15.2055 6.15
      vertex -20.9899 -15.2055 7.15
    endloop
  endfacet
  facet normal -0.9128 0.408407 0
    outer loop
      vertex -21.0767 -15.3995 6.15
      vertex -20.9899 -15.2055 7.15
      vertex -20.9899 -15.2055 6.15
    endloop
  endfacet
  facet normal -0.9128 0.408407 0
    outer loop
      vertex -20.9899 -15.2055 7.15
      vertex -21.0767 -15.3995 6.15
      vertex -21.0767 -15.3995 7.15
    endloop
  endfacet
  facet normal -0.832212 0.554458 0
    outer loop
      vertex -21.1825 -15.5583 6.15
      vertex -21.0767 -15.3995 7.15
      vertex -21.0767 -15.3995 6.15
    endloop
  endfacet
  facet normal -0.832212 0.554458 0
    outer loop
      vertex -21.0767 -15.3995 7.15
      vertex -21.1825 -15.5583 6.15
      vertex -21.1825 -15.5583 7.15
    endloop
  endfacet
  facet normal -0.703107 0.711084 0
    outer loop
      vertex -21.1825 -15.5583 6.15
      vertex -21.3073 -15.6817 7.15
      vertex -21.1825 -15.5583 7.15
    endloop
  endfacet
  facet normal -0.703107 0.711084 0
    outer loop
      vertex -21.3073 -15.6817 7.15
      vertex -21.1825 -15.5583 6.15
      vertex -21.3073 -15.6817 6.15
    endloop
  endfacet
  facet normal -0.523104 0.852269 0
    outer loop
      vertex -21.3073 -15.6817 6.15
      vertex -21.451 -15.7699 7.15
      vertex -21.3073 -15.6817 7.15
    endloop
  endfacet
  facet normal -0.523104 0.852269 0
    outer loop
      vertex -21.451 -15.7699 7.15
      vertex -21.3073 -15.6817 6.15
      vertex -21.451 -15.7699 6.15
    endloop
  endfacet
  facet normal -0.309033 0.951051 0
    outer loop
      vertex -21.451 -15.7699 6.15
      vertex -21.6138 -15.8228 7.15
      vertex -21.451 -15.7699 7.15
    endloop
  endfacet
  facet normal -0.309033 0.951051 0
    outer loop
      vertex -21.6138 -15.8228 7.15
      vertex -21.451 -15.7699 6.15
      vertex -21.6138 -15.8228 6.15
    endloop
  endfacet
  facet normal -0.0969544 0.995289 0
    outer loop
      vertex -21.6138 -15.8228 6.15
      vertex -21.7955 -15.8405 7.15
      vertex -21.6138 -15.8228 7.15
    endloop
  endfacet
  facet normal -0.0969544 0.995289 0
    outer loop
      vertex -21.7955 -15.8405 7.15
      vertex -21.6138 -15.8228 6.15
      vertex -21.7955 -15.8405 6.15
    endloop
  endfacet
  facet normal 0.0480114 0.998847 -0
    outer loop
      vertex -21.7955 -15.8405 6.15
      vertex -21.8912 -15.8359 7.15
      vertex -21.7955 -15.8405 7.15
    endloop
  endfacet
  facet normal 0.0480114 0.998847 0
    outer loop
      vertex -21.8912 -15.8359 7.15
      vertex -21.7955 -15.8405 6.15
      vertex -21.8912 -15.8359 6.15
    endloop
  endfacet
  facet normal 0.149641 0.98874 -0
    outer loop
      vertex -21.8912 -15.8359 6.15
      vertex -21.9804 -15.8224 7.15
      vertex -21.8912 -15.8359 7.15
    endloop
  endfacet
  facet normal 0.149641 0.98874 0
    outer loop
      vertex -21.9804 -15.8224 7.15
      vertex -21.8912 -15.8359 6.15
      vertex -21.9804 -15.8224 6.15
    endloop
  endfacet
  facet normal 0.263908 0.964548 -0
    outer loop
      vertex -21.9804 -15.8224 6.15
      vertex -22.063 -15.7998 7.15
      vertex -21.9804 -15.8224 7.15
    endloop
  endfacet
  facet normal 0.263908 0.964548 0
    outer loop
      vertex -22.063 -15.7998 7.15
      vertex -21.9804 -15.8224 6.15
      vertex -22.063 -15.7998 6.15
    endloop
  endfacet
  facet normal 0.383495 0.923543 -0
    outer loop
      vertex -22.063 -15.7998 6.15
      vertex -22.1391 -15.7682 7.15
      vertex -22.063 -15.7998 7.15
    endloop
  endfacet
  facet normal 0.383495 0.923543 0
    outer loop
      vertex -22.1391 -15.7682 7.15
      vertex -22.063 -15.7998 6.15
      vertex -22.1391 -15.7682 6.15
    endloop
  endfacet
  facet normal 0.505337 0.862922 -0
    outer loop
      vertex -22.1391 -15.7682 6.15
      vertex -22.2086 -15.7275 7.15
      vertex -22.1391 -15.7682 7.15
    endloop
  endfacet
  facet normal 0.505337 0.862922 0
    outer loop
      vertex -22.2086 -15.7275 7.15
      vertex -22.1391 -15.7682 6.15
      vertex -22.2086 -15.7275 6.15
    endloop
  endfacet
  facet normal 0.620735 0.784021 -0
    outer loop
      vertex -22.2086 -15.7275 6.15
      vertex -22.2715 -15.6777 7.15
      vertex -22.2086 -15.7275 7.15
    endloop
  endfacet
  facet normal 0.620735 0.784021 0
    outer loop
      vertex -22.2715 -15.6777 7.15
      vertex -22.2086 -15.7275 6.15
      vertex -22.2715 -15.6777 6.15
    endloop
  endfacet
  facet normal 0.713347 0.700811 0
    outer loop
      vertex -22.2715 -15.6777 7.15
      vertex -22.3274 -15.6208 6.15
      vertex -22.3274 -15.6208 7.15
    endloop
  endfacet
  facet normal 0.713347 0.700811 0
    outer loop
      vertex -22.3274 -15.6208 6.15
      vertex -22.2715 -15.6777 7.15
      vertex -22.2715 -15.6777 6.15
    endloop
  endfacet
  facet normal 0.79201 0.610508 0
    outer loop
      vertex -22.3274 -15.6208 7.15
      vertex -22.3755 -15.5584 6.15
      vertex -22.3755 -15.5584 7.15
    endloop
  endfacet
  facet normal 0.79201 0.610508 0
    outer loop
      vertex -22.3755 -15.5584 6.15
      vertex -22.3274 -15.6208 7.15
      vertex -22.3274 -15.6208 6.15
    endloop
  endfacet
  facet normal 0.858497 0.512819 0
    outer loop
      vertex -22.3755 -15.5584 7.15
      vertex -22.416 -15.4906 6.15
      vertex -22.416 -15.4906 7.15
    endloop
  endfacet
  facet normal 0.858497 0.512819 0
    outer loop
      vertex -22.416 -15.4906 6.15
      vertex -22.3755 -15.5584 7.15
      vertex -22.3755 -15.5584 6.15
    endloop
  endfacet
  facet normal 0.912782 0.408448 0
    outer loop
      vertex -22.416 -15.4906 7.15
      vertex -22.4488 -15.4173 6.15
      vertex -22.4488 -15.4173 7.15
    endloop
  endfacet
  facet normal 0.912782 0.408448 0
    outer loop
      vertex -22.4488 -15.4173 6.15
      vertex -22.416 -15.4906 7.15
      vertex -22.416 -15.4906 6.15
    endloop
  endfacet
  facet normal 0.952958 0.303104 0
    outer loop
      vertex -22.4488 -15.4173 7.15
      vertex -22.4738 -15.3387 6.15
      vertex -22.4738 -15.3387 7.15
    endloop
  endfacet
  facet normal 0.952958 0.303104 0
    outer loop
      vertex -22.4738 -15.3387 6.15
      vertex -22.4488 -15.4173 7.15
      vertex -22.4488 -15.4173 6.15
    endloop
  endfacet
  facet normal 0.979029 0.203722 0
    outer loop
      vertex -22.4738 -15.3387 7.15
      vertex -22.4913 -15.2546 6.15
      vertex -22.4913 -15.2546 7.15
    endloop
  endfacet
  facet normal 0.979029 0.203722 0
    outer loop
      vertex -22.4913 -15.2546 6.15
      vertex -22.4738 -15.3387 7.15
      vertex -22.4738 -15.3387 6.15
    endloop
  endfacet
  facet normal 0 1 -0
    outer loop
      vertex -22.4913 -15.2546 6.15
      vertex -23.6468 -15.2546 7.15
      vertex -22.4913 -15.2546 7.15
    endloop
  endfacet
  facet normal 0 1 0
    outer loop
      vertex -23.6468 -15.2546 7.15
      vertex -22.4913 -15.2546 6.15
      vertex -23.6468 -15.2546 6.15
    endloop
  endfacet
  facet normal -0.987596 -0.157015 0
    outer loop
      vertex -23.6085 -15.4955 6.15
      vertex -23.6468 -15.2546 7.15
      vertex -23.6468 -15.2546 6.15
    endloop
  endfacet
  facet normal -0.987596 -0.157015 0
    outer loop
      vertex -23.6468 -15.2546 7.15
      vertex -23.6085 -15.4955 6.15
      vertex -23.6085 -15.4955 7.15
    endloop
  endfacet
  facet normal -0.961195 -0.27587 0
    outer loop
      vertex -23.5451 -15.7164 6.15
      vertex -23.6085 -15.4955 7.15
      vertex -23.6085 -15.4955 6.15
    endloop
  endfacet
  facet normal -0.961195 -0.27587 0
    outer loop
      vertex -23.6085 -15.4955 7.15
      vertex -23.5451 -15.7164 6.15
      vertex -23.5451 -15.7164 7.15
    endloop
  endfacet
  facet normal -0.91514 -0.403135 0
    outer loop
      vertex -23.4566 -15.9173 6.15
      vertex -23.5451 -15.7164 7.15
      vertex -23.5451 -15.7164 6.15
    endloop
  endfacet
  facet normal -0.91514 -0.403135 0
    outer loop
      vertex -23.5451 -15.7164 7.15
      vertex -23.4566 -15.9173 6.15
      vertex -23.4566 -15.9173 7.15
    endloop
  endfacet
  facet normal -0.846865 -0.531807 0
    outer loop
      vertex -23.343 -16.0982 6.15
      vertex -23.4566 -15.9173 7.15
      vertex -23.4566 -15.9173 6.15
    endloop
  endfacet
  facet normal -0.846865 -0.531807 0
    outer loop
      vertex -23.4566 -15.9173 7.15
      vertex -23.343 -16.0982 6.15
      vertex -23.343 -16.0982 7.15
    endloop
  endfacet
  facet normal -0.757627 -0.652688 0
    outer loop
      vertex -23.2043 -16.2592 6.15
      vertex -23.343 -16.0982 7.15
      vertex -23.343 -16.0982 6.15
    endloop
  endfacet
  facet normal -0.757627 -0.652688 0
    outer loop
      vertex -23.343 -16.0982 7.15
      vertex -23.2043 -16.2592 6.15
      vertex -23.2043 -16.2592 7.15
    endloop
  endfacet
  facet normal -0.652353 -0.757915 0
    outer loop
      vertex -23.2043 -16.2592 6.15
      vertex -23.0406 -16.4001 7.15
      vertex -23.2043 -16.2592 7.15
    endloop
  endfacet
  facet normal -0.652353 -0.757915 -0
    outer loop
      vertex -23.0406 -16.4001 7.15
      vertex -23.2043 -16.2592 6.15
      vertex -23.0406 -16.4001 6.15
    endloop
  endfacet
  facet normal -0.554487 -0.832192 0
    outer loop
      vertex -23.0406 -16.4001 6.15
      vertex -22.8605 -16.5201 7.15
      vertex -23.0406 -16.4001 7.15
    endloop
  endfacet
  facet normal -0.554487 -0.832192 -0
    outer loop
      vertex -22.8605 -16.5201 7.15
      vertex -23.0406 -16.4001 6.15
      vertex -22.8605 -16.5201 6.15
    endloop
  endfacet
  facet normal -0.463954 -0.885859 0
    outer loop
      vertex -22.8605 -16.5201 6.15
      vertex -22.673 -16.6183 7.15
      vertex -22.8605 -16.5201 7.15
    endloop
  endfacet
  facet normal -0.463954 -0.885859 -0
    outer loop
      vertex -22.673 -16.6183 7.15
      vertex -22.8605 -16.5201 6.15
      vertex -22.673 -16.6183 6.15
    endloop
  endfacet
  facet normal -0.364381 -0.93125 0
    outer loop
      vertex -22.673 -16.6183 6.15
      vertex -22.478 -16.6946 7.15
      vertex -22.673 -16.6183 7.15
    endloop
  endfacet
  facet normal -0.364381 -0.93125 -0
    outer loop
      vertex -22.478 -16.6946 7.15
      vertex -22.673 -16.6183 6.15
      vertex -22.478 -16.6946 6.15
    endloop
  endfacet
  facet normal -0.260452 -0.965487 0
    outer loop
      vertex -22.478 -16.6946 6.15
      vertex -22.2756 -16.7492 7.15
      vertex -22.478 -16.6946 7.15
    endloop
  endfacet
  facet normal -0.260452 -0.965487 -0
    outer loop
      vertex -22.2756 -16.7492 7.15
      vertex -22.478 -16.6946 6.15
      vertex -22.2756 -16.7492 6.15
    endloop
  endfacet
  facet normal -0.154003 -0.98807 0
    outer loop
      vertex -22.2756 -16.7492 6.15
      vertex -22.0658 -16.7819 7.15
      vertex -22.2756 -16.7492 7.15
    endloop
  endfacet
  facet normal -0.154003 -0.98807 -0
    outer loop
      vertex -22.0658 -16.7819 7.15
      vertex -22.2756 -16.7492 6.15
      vertex -22.0658 -16.7819 6.15
    endloop
  endfacet
  facet normal -0.0500751 -0.998745 0
    outer loop
      vertex -22.0658 -16.7819 6.15
      vertex -21.8484 -16.7928 7.15
      vertex -22.0658 -16.7819 7.15
    endloop
  endfacet
  facet normal -0.0500751 -0.998745 -0
    outer loop
      vertex -21.8484 -16.7928 7.15
      vertex -22.0658 -16.7819 6.15
      vertex -21.8484 -16.7928 6.15
    endloop
  endfacet
  facet normal 0.0858961 -0.996304 0
    outer loop
      vertex -21.8484 -16.7928 6.15
      vertex -21.4088 -16.7549 7.15
      vertex -21.8484 -16.7928 7.15
    endloop
  endfacet
  facet normal 0.0858961 -0.996304 0
    outer loop
      vertex -21.4088 -16.7549 7.15
      vertex -21.8484 -16.7928 6.15
      vertex -21.4088 -16.7549 6.15
    endloop
  endfacet
  facet normal 0.167752 0.985829 -0
    outer loop
      vertex -21.8596 -13.7327 6.15
      vertex -21.9883 -13.7108 7.15
      vertex -21.8596 -13.7327 7.15
    endloop
  endfacet
  facet normal 0.167752 0.985829 0
    outer loop
      vertex -21.9883 -13.7108 7.15
      vertex -21.8596 -13.7327 6.15
      vertex -21.9883 -13.7108 6.15
    endloop
  endfacet
  facet normal 0.299634 0.954054 -0
    outer loop
      vertex -21.9883 -13.7108 6.15
      vertex -22.1042 -13.6744 7.15
      vertex -21.9883 -13.7108 7.15
    endloop
  endfacet
  facet normal 0.299634 0.954054 0
    outer loop
      vertex -22.1042 -13.6744 7.15
      vertex -21.9883 -13.7108 6.15
      vertex -22.1042 -13.6744 6.15
    endloop
  endfacet
  facet normal 0.443737 0.896157 -0
    outer loop
      vertex -22.1042 -13.6744 6.15
      vertex -22.2074 -13.6233 7.15
      vertex -22.1042 -13.6744 7.15
    endloop
  endfacet
  facet normal 0.443737 0.896157 0
    outer loop
      vertex -22.2074 -13.6233 7.15
      vertex -22.1042 -13.6744 6.15
      vertex -22.2074 -13.6233 6.15
    endloop
  endfacet
  facet normal 0.587745 0.809046 -0
    outer loop
      vertex -22.2074 -13.6233 6.15
      vertex -22.2977 -13.5577 7.15
      vertex -22.2074 -13.6233 7.15
    endloop
  endfacet
  facet normal 0.587745 0.809046 0
    outer loop
      vertex -22.2977 -13.5577 7.15
      vertex -22.2074 -13.6233 6.15
      vertex -22.2977 -13.5577 6.15
    endloop
  endfacet
  facet normal 0.719093 0.694914 0
    outer loop
      vertex -22.2977 -13.5577 7.15
      vertex -22.3753 -13.4774 6.15
      vertex -22.3753 -13.4774 7.15
    endloop
  endfacet
  facet normal 0.719093 0.694914 0
    outer loop
      vertex -22.3753 -13.4774 6.15
      vertex -22.2977 -13.5577 7.15
      vertex -22.2977 -13.5577 6.15
    endloop
  endfacet
  facet normal 0.823535 0.567266 0
    outer loop
      vertex -22.3753 -13.4774 7.15
      vertex -22.4406 -13.3826 6.15
      vertex -22.4406 -13.3826 7.15
    endloop
  endfacet
  facet normal 0.823535 0.567266 0
    outer loop
      vertex -22.4406 -13.3826 6.15
      vertex -22.3753 -13.4774 7.15
      vertex -22.3753 -13.4774 6.15
    endloop
  endfacet
  facet normal 0.898658 0.43865 0
    outer loop
      vertex -22.4406 -13.3826 7.15
      vertex -22.494 -13.2732 6.15
      vertex -22.494 -13.2732 7.15
    endloop
  endfacet
  facet normal 0.898658 0.43865 0
    outer loop
      vertex -22.494 -13.2732 6.15
      vertex -22.4406 -13.3826 7.15
      vertex -22.4406 -13.3826 6.15
    endloop
  endfacet
  facet normal 0.9483 0.317375 0
    outer loop
      vertex -22.494 -13.2732 7.15
      vertex -22.5355 -13.1492 6.15
      vertex -22.5355 -13.1492 7.15
    endloop
  endfacet
  facet normal 0.9483 0.317375 0
    outer loop
      vertex -22.5355 -13.1492 6.15
      vertex -22.494 -13.2732 7.15
      vertex -22.494 -13.2732 6.15
    endloop
  endfacet
  facet normal 0.977771 0.209674 0
    outer loop
      vertex -22.5355 -13.1492 7.15
      vertex -22.5652 -13.0107 6.15
      vertex -22.5652 -13.0107 7.15
    endloop
  endfacet
  facet normal 0.977771 0.209674 0
    outer loop
      vertex -22.5652 -13.0107 6.15
      vertex -22.5355 -13.1492 7.15
      vertex -22.5355 -13.1492 6.15
    endloop
  endfacet
  facet normal 0.993318 0.115412 0
    outer loop
      vertex -22.5652 -13.0107 7.15
      vertex -22.583 -12.8575 6.15
      vertex -22.583 -12.8575 7.15
    endloop
  endfacet
  facet normal 0.993318 0.115412 0
    outer loop
      vertex -22.583 -12.8575 6.15
      vertex -22.5652 -13.0107 7.15
      vertex -22.5652 -13.0107 6.15
    endloop
  endfacet
  facet normal 0.999382 0.0351601 0
    outer loop
      vertex -22.583 -12.8575 7.15
      vertex -22.5889 -12.6898 6.15
      vertex -22.5889 -12.6898 7.15
    endloop
  endfacet
  facet normal 0.999382 0.0351601 0
    outer loop
      vertex -22.5889 -12.6898 6.15
      vertex -22.583 -12.8575 7.15
      vertex -22.583 -12.8575 6.15
    endloop
  endfacet
  facet normal 0.998918 -0.0465083 0
    outer loop
      vertex -22.5889 -12.6898 7.15
      vertex -22.5797 -12.4922 6.15
      vertex -22.5797 -12.4922 7.15
    endloop
  endfacet
  facet normal 0.998918 -0.0465083 0
    outer loop
      vertex -22.5797 -12.4922 6.15
      vertex -22.5889 -12.6898 7.15
      vertex -22.5889 -12.6898 6.15
    endloop
  endfacet
  facet normal 0.987943 -0.154819 0
    outer loop
      vertex -22.5797 -12.4922 7.15
      vertex -22.5519 -12.3148 6.15
      vertex -22.5519 -12.3148 7.15
    endloop
  endfacet
  facet normal 0.987943 -0.154819 0
    outer loop
      vertex -22.5519 -12.3148 6.15
      vertex -22.5797 -12.4922 7.15
      vertex -22.5797 -12.4922 6.15
    endloop
  endfacet
  facet normal 0.959142 -0.282926 0
    outer loop
      vertex -22.5519 -12.3148 7.15
      vertex -22.5055 -12.1575 6.15
      vertex -22.5055 -12.1575 7.15
    endloop
  endfacet
  facet normal 0.959142 -0.282926 0
    outer loop
      vertex -22.5055 -12.1575 6.15
      vertex -22.5519 -12.3148 7.15
      vertex -22.5519 -12.3148 6.15
    endloop
  endfacet
  facet normal 0.903845 -0.42786 0
    outer loop
      vertex -22.5055 -12.1575 7.15
      vertex -22.4406 -12.0204 6.15
      vertex -22.4406 -12.0204 7.15
    endloop
  endfacet
  facet normal 0.903845 -0.42786 0
    outer loop
      vertex -22.4406 -12.0204 6.15
      vertex -22.5055 -12.1575 7.15
      vertex -22.5055 -12.1575 6.15
    endloop
  endfacet
  facet normal 0.814532 -0.580119 0
    outer loop
      vertex -22.4406 -12.0204 7.15
      vertex -22.3572 -11.9033 6.15
      vertex -22.3572 -11.9033 7.15
    endloop
  endfacet
  facet normal 0.814532 -0.580119 0
    outer loop
      vertex -22.3572 -11.9033 6.15
      vertex -22.4406 -12.0204 7.15
      vertex -22.4406 -12.0204 6.15
    endloop
  endfacet
  facet normal 0.688731 -0.725017 0
    outer loop
      vertex -22.3572 -11.9033 6.15
      vertex -22.2553 -11.8065 7.15
      vertex -22.3572 -11.9033 7.15
    endloop
  endfacet
  facet normal 0.688731 -0.725017 0
    outer loop
      vertex -22.2553 -11.8065 7.15
      vertex -22.3572 -11.9033 6.15
      vertex -22.2553 -11.8065 6.15
    endloop
  endfacet
  facet normal 0.57399 -0.818862 0
    outer loop
      vertex -22.2553 -11.8065 6.15
      vertex -22.1824 -11.7554 7.15
      vertex -22.2553 -11.8065 7.15
    endloop
  endfacet
  facet normal 0.57399 -0.818862 0
    outer loop
      vertex -22.1824 -11.7554 7.15
      vertex -22.2553 -11.8065 6.15
      vertex -22.1824 -11.7554 6.15
    endloop
  endfacet
  facet normal 0.472882 -0.881126 0
    outer loop
      vertex -22.1824 -11.7554 6.15
      vertex -22.1047 -11.7137 7.15
      vertex -22.1824 -11.7554 7.15
    endloop
  endfacet
  facet normal 0.472882 -0.881126 0
    outer loop
      vertex -22.1047 -11.7137 7.15
      vertex -22.1824 -11.7554 6.15
      vertex -22.1047 -11.7137 6.15
    endloop
  endfacet
  facet normal 0.365932 -0.930642 0
    outer loop
      vertex -22.1047 -11.7137 6.15
      vertex -22.0223 -11.6813 7.15
      vertex -22.1047 -11.7137 7.15
    endloop
  endfacet
  facet normal 0.365932 -0.930642 0
    outer loop
      vertex -22.0223 -11.6813 7.15
      vertex -22.1047 -11.7137 6.15
      vertex -22.0223 -11.6813 6.15
    endloop
  endfacet
  facet normal 0.257386 -0.966309 0
    outer loop
      vertex -22.0223 -11.6813 6.15
      vertex -21.9352 -11.6581 7.15
      vertex -22.0223 -11.6813 7.15
    endloop
  endfacet
  facet normal 0.257386 -0.966309 0
    outer loop
      vertex -21.9352 -11.6581 7.15
      vertex -22.0223 -11.6813 6.15
      vertex -21.9352 -11.6581 6.15
    endloop
  endfacet
  facet normal 0.14955 -0.988754 0
    outer loop
      vertex -21.9352 -11.6581 6.15
      vertex -21.8433 -11.6442 7.15
      vertex -21.9352 -11.6581 7.15
    endloop
  endfacet
  facet normal 0.14955 -0.988754 0
    outer loop
      vertex -21.8433 -11.6442 7.15
      vertex -21.9352 -11.6581 6.15
      vertex -21.8433 -11.6442 6.15
    endloop
  endfacet
  facet normal 0.0485968 -0.998818 0
    outer loop
      vertex -21.8433 -11.6442 6.15
      vertex -21.7467 -11.6395 7.15
      vertex -21.8433 -11.6442 7.15
    endloop
  endfacet
  facet normal 0.0485968 -0.998818 0
    outer loop
      vertex -21.7467 -11.6395 7.15
      vertex -21.8433 -11.6442 6.15
      vertex -21.7467 -11.6395 6.15
    endloop
  endfacet
  facet normal -0.0625207 -0.998044 0
    outer loop
      vertex -21.7467 -11.6395 6.15
      vertex -21.6158 -11.6477 7.15
      vertex -21.7467 -11.6395 7.15
    endloop
  endfacet
  facet normal -0.0625207 -0.998044 -0
    outer loop
      vertex -21.6158 -11.6477 7.15
      vertex -21.7467 -11.6395 6.15
      vertex -21.6158 -11.6477 6.15
    endloop
  endfacet
  facet normal -0.19736 -0.980331 0
    outer loop
      vertex -21.6158 -11.6477 6.15
      vertex -21.4946 -11.6721 7.15
      vertex -21.6158 -11.6477 7.15
    endloop
  endfacet
  facet normal -0.19736 -0.980331 -0
    outer loop
      vertex -21.4946 -11.6721 7.15
      vertex -21.6158 -11.6477 6.15
      vertex -21.4946 -11.6721 6.15
    endloop
  endfacet
  facet normal -0.342622 -0.939473 0
    outer loop
      vertex -21.4946 -11.6721 6.15
      vertex -21.383 -11.7128 7.15
      vertex -21.4946 -11.6721 7.15
    endloop
  endfacet
  facet normal -0.342622 -0.939473 -0
    outer loop
      vertex -21.383 -11.7128 7.15
      vertex -21.4946 -11.6721 6.15
      vertex -21.383 -11.7128 6.15
    endloop
  endfacet
  facet normal -0.487821 -0.872943 0
    outer loop
      vertex -21.383 -11.7128 6.15
      vertex -21.281 -11.7698 7.15
      vertex -21.383 -11.7128 7.15
    endloop
  endfacet
  facet normal -0.487821 -0.872943 -0
    outer loop
      vertex -21.281 -11.7698 7.15
      vertex -21.383 -11.7128 6.15
      vertex -21.281 -11.7698 6.15
    endloop
  endfacet
  facet normal -0.621484 -0.783427 0
    outer loop
      vertex -21.281 -11.7698 6.15
      vertex -21.1886 -11.8431 7.15
      vertex -21.281 -11.7698 7.15
    endloop
  endfacet
  facet normal -0.621484 -0.783427 -0
    outer loop
      vertex -21.1886 -11.8431 7.15
      vertex -21.281 -11.7698 6.15
      vertex -21.1886 -11.8431 6.15
    endloop
  endfacet
  facet normal -0.734457 -0.678655 0
    outer loop
      vertex -21.1059 -11.9326 6.15
      vertex -21.1886 -11.8431 7.15
      vertex -21.1886 -11.8431 6.15
    endloop
  endfacet
  facet normal -0.734457 -0.678655 0
    outer loop
      vertex -21.1886 -11.8431 7.15
      vertex -21.1059 -11.9326 6.15
      vertex -21.1059 -11.9326 7.15
    endloop
  endfacet
  facet normal -0.822764 -0.568383 0
    outer loop
      vertex -21.0344 -12.0361 6.15
      vertex -21.1059 -11.9326 7.15
      vertex -21.1059 -11.9326 6.15
    endloop
  endfacet
  facet normal -0.822764 -0.568383 0
    outer loop
      vertex -21.1059 -11.9326 7.15
      vertex -21.0344 -12.0361 6.15
      vertex -21.0344 -12.0361 7.15
    endloop
  endfacet
  facet normal -0.891306 -0.453403 0
    outer loop
      vertex -20.9759 -12.1511 6.15
      vertex -21.0344 -12.0361 7.15
      vertex -21.0344 -12.0361 6.15
    endloop
  endfacet
  facet normal -0.891306 -0.453403 0
    outer loop
      vertex -21.0344 -12.0361 7.15
      vertex -20.9759 -12.1511 6.15
      vertex -20.9759 -12.1511 7.15
    endloop
  endfacet
  facet normal -0.940982 -0.338456 0
    outer loop
      vertex -20.9304 -12.2776 6.15
      vertex -20.9759 -12.1511 7.15
      vertex -20.9759 -12.1511 6.15
    endloop
  endfacet
  facet normal -0.940982 -0.338456 0
    outer loop
      vertex -20.9759 -12.1511 7.15
      vertex -20.9304 -12.2776 6.15
      vertex -20.9304 -12.2776 7.15
    endloop
  endfacet
  facet normal -0.973408 -0.229079 0
    outer loop
      vertex -20.8979 -12.4157 6.15
      vertex -20.9304 -12.2776 7.15
      vertex -20.9304 -12.2776 6.15
    endloop
  endfacet
  facet normal -0.973408 -0.229079 0
    outer loop
      vertex -20.9304 -12.2776 7.15
      vertex -20.8979 -12.4157 6.15
      vertex -20.8979 -12.4157 7.15
    endloop
  endfacet
  facet normal -0.991611 -0.129254 0
    outer loop
      vertex -20.8784 -12.5653 6.15
      vertex -20.8979 -12.4157 7.15
      vertex -20.8979 -12.4157 6.15
    endloop
  endfacet
  facet normal -0.991611 -0.129254 0
    outer loop
      vertex -20.8979 -12.4157 7.15
      vertex -20.8784 -12.5653 6.15
      vertex -20.8784 -12.5653 7.15
    endloop
  endfacet
  facet normal -0.999187 -0.0403148 0
    outer loop
      vertex -20.8719 -12.7264 6.15
      vertex -20.8784 -12.5653 7.15
      vertex -20.8784 -12.5653 6.15
    endloop
  endfacet
  facet normal -0.999187 -0.0403148 0
    outer loop
      vertex -20.8784 -12.5653 7.15
      vertex -20.8719 -12.7264 6.15
      vertex -20.8719 -12.7264 7.15
    endloop
  endfacet
  facet normal -0.998449 0.0556662 0
    outer loop
      vertex -20.8829 -12.9237 6.15
      vertex -20.8719 -12.7264 7.15
      vertex -20.8719 -12.7264 6.15
    endloop
  endfacet
  facet normal -0.998449 0.0556662 0
    outer loop
      vertex -20.8719 -12.7264 7.15
      vertex -20.8829 -12.9237 6.15
      vertex -20.8829 -12.9237 7.15
    endloop
  endfacet
  facet normal -0.983123 0.182945 0
    outer loop
      vertex -20.9158 -13.1005 6.15
      vertex -20.8829 -12.9237 7.15
      vertex -20.8829 -12.9237 6.15
    endloop
  endfacet
  facet normal -0.983123 0.182945 0
    outer loop
      vertex -20.8829 -12.9237 7.15
      vertex -20.9158 -13.1005 6.15
      vertex -20.9158 -13.1005 7.15
    endloop
  endfacet
  facet normal -0.943547 0.331239 0
    outer loop
      vertex -20.9706 -13.2566 6.15
      vertex -20.9158 -13.1005 7.15
      vertex -20.9158 -13.1005 6.15
    endloop
  endfacet
  facet normal -0.943547 0.331239 0
    outer loop
      vertex -20.9158 -13.1005 7.15
      vertex -20.9706 -13.2566 6.15
      vertex -20.9706 -13.2566 7.15
    endloop
  endfacet
  facet normal -0.870407 0.492332 0
    outer loop
      vertex -21.0473 -13.3922 6.15
      vertex -20.9706 -13.2566 7.15
      vertex -20.9706 -13.2566 6.15
    endloop
  endfacet
  facet normal -0.870407 0.492332 0
    outer loop
      vertex -20.9706 -13.2566 7.15
      vertex -21.0473 -13.3922 6.15
      vertex -21.0473 -13.3922 7.15
    endloop
  endfacet
  facet normal -0.758837 0.65128 0
    outer loop
      vertex -21.146 -13.5072 6.15
      vertex -21.0473 -13.3922 7.15
      vertex -21.0473 -13.3922 6.15
    endloop
  endfacet
  facet normal -0.758837 0.65128 0
    outer loop
      vertex -21.0473 -13.3922 7.15
      vertex -21.146 -13.5072 6.15
      vertex -21.146 -13.5072 7.15
    endloop
  endfacet
  facet normal -0.616379 0.78745 0
    outer loop
      vertex -21.146 -13.5072 6.15
      vertex -21.2666 -13.6016 7.15
      vertex -21.146 -13.5072 7.15
    endloop
  endfacet
  facet normal -0.616379 0.78745 0
    outer loop
      vertex -21.2666 -13.6016 7.15
      vertex -21.146 -13.5072 6.15
      vertex -21.2666 -13.6016 6.15
    endloop
  endfacet
  facet normal -0.510232 0.860037 0
    outer loop
      vertex -21.2666 -13.6016 6.15
      vertex -21.3379 -13.6439 7.15
      vertex -21.2666 -13.6016 7.15
    endloop
  endfacet
  facet normal -0.510232 0.860037 0
    outer loop
      vertex -21.3379 -13.6439 7.15
      vertex -21.2666 -13.6016 6.15
      vertex -21.3379 -13.6439 6.15
    endloop
  endfacet
  facet normal -0.428779 0.90341 0
    outer loop
      vertex -21.3379 -13.6439 6.15
      vertex -21.4108 -13.6785 7.15
      vertex -21.3379 -13.6439 7.15
    endloop
  endfacet
  facet normal -0.428779 0.90341 0
    outer loop
      vertex -21.4108 -13.6785 7.15
      vertex -21.3379 -13.6439 6.15
      vertex -21.4108 -13.6785 6.15
    endloop
  endfacet
  facet normal -0.339613 0.940565 0
    outer loop
      vertex -21.4108 -13.6785 6.15
      vertex -21.4853 -13.7054 7.15
      vertex -21.4108 -13.6785 7.15
    endloop
  endfacet
  facet normal -0.339613 0.940565 0
    outer loop
      vertex -21.4853 -13.7054 7.15
      vertex -21.4108 -13.6785 6.15
      vertex -21.4853 -13.7054 6.15
    endloop
  endfacet
  facet normal -0.244634 0.969616 0
    outer loop
      vertex -21.4853 -13.7054 6.15
      vertex -21.5614 -13.7246 7.15
      vertex -21.4853 -13.7054 7.15
    endloop
  endfacet
  facet normal -0.244634 0.969616 0
    outer loop
      vertex -21.5614 -13.7246 7.15
      vertex -21.4853 -13.7054 6.15
      vertex -21.5614 -13.7246 6.15
    endloop
  endfacet
  facet normal -0.147842 0.989011 0
    outer loop
      vertex -21.5614 -13.7246 6.15
      vertex -21.639 -13.7362 7.15
      vertex -21.5614 -13.7246 7.15
    endloop
  endfacet
  facet normal -0.147842 0.989011 0
    outer loop
      vertex -21.639 -13.7362 7.15
      vertex -21.5614 -13.7246 6.15
      vertex -21.639 -13.7362 6.15
    endloop
  endfacet
  facet normal -0.0479247 0.998851 0
    outer loop
      vertex -21.639 -13.7362 6.15
      vertex -21.7182 -13.74 7.15
      vertex -21.639 -13.7362 7.15
    endloop
  endfacet
  facet normal -0.0479247 0.998851 0
    outer loop
      vertex -21.7182 -13.74 7.15
      vertex -21.639 -13.7362 6.15
      vertex -21.7182 -13.74 6.15
    endloop
  endfacet
  facet normal 0.0515579 0.99867 -0
    outer loop
      vertex -21.7182 -13.74 6.15
      vertex -21.8596 -13.7327 7.15
      vertex -21.7182 -13.74 7.15
    endloop
  endfacet
  facet normal 0.0515579 0.99867 0
    outer loop
      vertex -21.8596 -13.7327 7.15
      vertex -21.7182 -13.74 6.15
      vertex -21.8596 -13.7327 6.15
    endloop
  endfacet
  facet normal 1 -0 0
    outer loop
      vertex 4.785 -3.035 6.2
      vertex 4.785 6.035 6.15
      vertex 4.785 6.035 6.2
    endloop
  endfacet
  facet normal 1 0 0
    outer loop
      vertex 4.785 6.035 6.15
      vertex 4.785 -3.035 6.2
      vertex 4.785 -3.035 6.15
    endloop
  endfacet
  facet normal -1 0 0
    outer loop
      vertex -4.285 -3.035 6.15
      vertex -4.285 6.035 6.2
      vertex -4.285 6.035 6.15
    endloop
  endfacet
  facet normal -1 -0 0
    outer loop
      vertex -4.285 6.035 6.2
      vertex -4.285 -3.035 6.15
      vertex -4.285 -3.035 6.2
    endloop
  endfacet
  facet normal -0.999861 0 0.0166644
    outer loop
      vertex -4.285 6.035 6.2
      vertex -3.985 -2.735 24.2
      vertex -3.985 5.735 24.2
    endloop
  endfacet
  facet normal -0.999861 0 0.0166644
    outer loop
      vertex -3.985 -2.735 24.2
      vertex -4.285 6.035 6.2
      vertex -4.285 -3.035 6.2
    endloop
  endfacet
  facet normal 0 1 -0
    outer loop
      vertex 4.785 6.035 6.15
      vertex -4.285 6.035 6.2
      vertex 4.785 6.035 6.2
    endloop
  endfacet
  facet normal 0 1 0
    outer loop
      vertex -4.285 6.035 6.2
      vertex 4.785 6.035 6.15
      vertex -4.285 6.035 6.15
    endloop
  endfacet
  facet normal -0 0 1
    outer loop
      vertex -3.985 5.735 24.2
      vertex 4.485 -2.735 24.2
      vertex 4.485 5.735 24.2
    endloop
  endfacet
  facet normal 0 0 1
    outer loop
      vertex 4.485 -2.735 24.2
      vertex -3.985 5.735 24.2
      vertex -3.985 -2.735 24.2
    endloop
  endfacet
  facet normal 0 -0.999861 0.0166644
    outer loop
      vertex -4.285 -3.035 6.2
      vertex 4.485 -2.735 24.2
      vertex -3.985 -2.735 24.2
    endloop
  endfacet
  facet normal 0 -0.999861 0.0166644
    outer loop
      vertex 4.485 -2.735 24.2
      vertex -4.285 -3.035 6.2
      vertex 4.785 -3.035 6.2
    endloop
  endfacet
  facet normal 0 -1 0
    outer loop
      vertex -4.285 -3.035 6.15
      vertex 4.785 -3.035 6.2
      vertex -4.285 -3.035 6.2
    endloop
  endfacet
  facet normal 0 -1 -0
    outer loop
      vertex 4.785 -3.035 6.2
      vertex -4.285 -3.035 6.15
      vertex 4.785 -3.035 6.15
    endloop
  endfacet
  facet normal 0 0.999861 0.0166644
    outer loop
      vertex 4.785 6.035 6.2
      vertex -3.985 5.735 24.2
      vertex 4.485 5.735 24.2
    endloop
  endfacet
  facet normal 0 0.999861 0.0166644
    outer loop
      vertex -3.985 5.735 24.2
      vertex 4.785 6.035 6.2
      vertex -4.285 6.035 6.2
    endloop
  endfacet
  facet normal 0.999861 -0 0.0166644
    outer loop
      vertex 4.485 -2.735 24.2
      vertex 4.785 6.035 6.2
      vertex 4.485 5.735 24.2
    endloop
  endfacet
  facet normal 0.999861 0 0.0166644
    outer loop
      vertex 4.785 6.035 6.2
      vertex 4.485 -2.735 24.2
      vertex 4.785 -3.035 6.2
    endloop
  endfacet
  facet normal -0 0 1
    outer loop
      vertex 3.37849 -13.3959 7.15
      vertex 4.57918 -13.7362 7.15
      vertex 4.56662 -13.2678 7.15
    endloop
  endfacet
  facet normal -0 0 1
    outer loop
      vertex 3.3651 -13.0868 7.15
      vertex 4.56662 -13.2678 7.15
      vertex 4.52899 -12.8366 7.15
    endloop
  endfacet
  facet normal 0 0 1
    outer loop
      vertex 4.57918 -13.7362 7.15
      vertex 3.37849 -13.3959 7.15
      vertex 3.38295 -13.7358 7.15
    endloop
  endfacet
  facet normal -0 0 1
    outer loop
      vertex 3.34277 -12.8084 7.15
      vertex 4.52899 -12.8366 7.15
      vertex 4.46626 -12.4424 7.15
    endloop
  endfacet
  facet normal 0 0 1
    outer loop
      vertex 3.37854 -14.0615 7.15
      vertex 4.57918 -13.7362 7.15
      vertex 3.38295 -13.7358 7.15
    endloop
  endfacet
  facet normal 0 0 1
    outer loop
      vertex 3.31151 -12.5607 7.15
      vertex 4.46626 -12.4424 7.15
      vertex 4.37845 -12.0853 7.15
    endloop
  endfacet
  facet normal 0 0 1
    outer loop
      vertex 3.36533 -14.3604 7.15
      vertex 4.56657 -14.2044 7.15
      vertex 3.37854 -14.0615 7.15
    endloop
  endfacet
  facet normal 0 0 1
    outer loop
      vertex 3.27133 -12.3438 7.15
      vertex 4.37845 -12.0853 7.15
      vertex 4.26555 -11.7652 7.15
    endloop
  endfacet
  facet normal 0 0 1
    outer loop
      vertex 4.56657 -14.2044 7.15
      vertex 3.36533 -14.3604 7.15
      vertex 4.52876 -14.6353 7.15
    endloop
  endfacet
  facet normal 0 0 1
    outer loop
      vertex 3.15877 -12.001 7.15
      vertex 4.26555 -11.7652 7.15
      vertex 4.12755 -11.4822 7.15
    endloop
  endfacet
  facet normal -0 0 1
    outer loop
      vertex 3.34328 -14.6327 7.15
      vertex 4.52876 -14.6353 7.15
      vertex 3.36533 -14.3604 7.15
    endloop
  endfacet
  facet normal 0 0 1
    outer loop
      vertex 3.15877 -12.001 7.15
      vertex 4.12755 -11.4822 7.15
      vertex 3.957 -11.2398 7.15
    endloop
  endfacet
  facet normal 0 0 1
    outer loop
      vertex 4.52876 -14.6353 7.15
      vertex 3.34328 -14.6327 7.15
      vertex 4.46576 -15.0289 7.15
    endloop
  endfacet
  facet normal 0 0 1
    outer loop
      vertex 3.07553 -11.8728 7.15
      vertex 3.957 -11.2398 7.15
      vertex 3.74916 -11.0415 7.15
    endloop
  endfacet
  facet normal 0 0 1
    outer loop
      vertex 4.57918 -13.7362 7.15
      vertex 3.37854 -14.0615 7.15
      vertex 4.56657 -14.2044 7.15
    endloop
  endfacet
  facet normal 0 0 1
    outer loop
      vertex 2.9725 -11.7732 7.15
      vertex 3.74916 -11.0415 7.15
      vertex 3.50401 -10.8872 7.15
    endloop
  endfacet
  facet normal -0 0 1
    outer loop
      vertex 3.31242 -14.8784 7.15
      vertex 4.46576 -15.0289 7.15
      vertex 3.34328 -14.6327 7.15
    endloop
  endfacet
  facet normal -0 0 1
    outer loop
      vertex 3.27275 -15.0973 7.15
      vertex 4.37755 -15.3853 7.15
      vertex 3.31242 -14.8784 7.15
    endloop
  endfacet
  facet normal 0 0 1
    outer loop
      vertex 4.46576 -15.0289 7.15
      vertex 3.31242 -14.8784 7.15
      vertex 4.37755 -15.3853 7.15
    endloop
  endfacet
  facet normal 0 0 1
    outer loop
      vertex 4.56662 -13.2678 7.15
      vertex 3.3651 -13.0868 7.15
      vertex 3.37849 -13.3959 7.15
    endloop
  endfacet
  facet normal 0 0 1
    outer loop
      vertex 4.52899 -12.8366 7.15
      vertex 3.34277 -12.8084 7.15
      vertex 3.3651 -13.0868 7.15
    endloop
  endfacet
  facet normal 0 0 1
    outer loop
      vertex 4.46626 -12.4424 7.15
      vertex 3.31151 -12.5607 7.15
      vertex 3.34277 -12.8084 7.15
    endloop
  endfacet
  facet normal 0 0 1
    outer loop
      vertex 4.37845 -12.0853 7.15
      vertex 3.27133 -12.3438 7.15
      vertex 3.31151 -12.5607 7.15
    endloop
  endfacet
  facet normal 0 0 1
    outer loop
      vertex 4.26555 -11.7652 7.15
      vertex 3.22221 -12.1576 7.15
      vertex 3.27133 -12.3438 7.15
    endloop
  endfacet
  facet normal 0 0 1
    outer loop
      vertex 2.9725 -11.7732 7.15
      vertex 3.50401 -10.8872 7.15
      vertex 3.22157 -10.7771 7.15
    endloop
  endfacet
  facet normal 0 0 1
    outer loop
      vertex 4.26555 -11.7652 7.15
      vertex 3.15877 -12.001 7.15
      vertex 3.22221 -12.1576 7.15
    endloop
  endfacet
  facet normal 0 0 1
    outer loop
      vertex 3.957 -11.2398 7.15
      vertex 3.07553 -11.8728 7.15
      vertex 3.15877 -12.001 7.15
    endloop
  endfacet
  facet normal 0 0 1
    outer loop
      vertex 3.74916 -11.0415 7.15
      vertex 2.9725 -11.7732 7.15
      vertex 3.07553 -11.8728 7.15
    endloop
  endfacet
  facet normal 0 0 1
    outer loop
      vertex 2.8497 -11.702 7.15
      vertex 3.22157 -10.7771 7.15
      vertex 2.90184 -10.7109 7.15
    endloop
  endfacet
  facet normal 0 0 1
    outer loop
      vertex 3.22157 -10.7771 7.15
      vertex 2.8497 -11.702 7.15
      vertex 2.9725 -11.7732 7.15
    endloop
  endfacet
  facet normal 0 0 1
    outer loop
      vertex 2.90184 -10.7109 7.15
      vertex 2.70712 -11.6593 7.15
      vertex 2.8497 -11.702 7.15
    endloop
  endfacet
  facet normal 0 0 1
    outer loop
      vertex 2.54482 -10.6889 7.15
      vertex 2.70712 -11.6593 7.15
      vertex 2.90184 -10.7109 7.15
    endloop
  endfacet
  facet normal 0 0 1
    outer loop
      vertex 2.54482 -10.6889 7.15
      vertex 2.54475 -11.6451 7.15
      vertex 2.70712 -11.6593 7.15
    endloop
  endfacet
  facet normal 0 0 1
    outer loop
      vertex 2.54482 -10.6889 7.15
      vertex 2.38223 -11.6593 7.15
      vertex 2.54475 -11.6451 7.15
    endloop
  endfacet
  facet normal -0 0 1
    outer loop
      vertex 2.18782 -10.7109 7.15
      vertex 2.38223 -11.6593 7.15
      vertex 2.54482 -10.6889 7.15
    endloop
  endfacet
  facet normal 0 0 1
    outer loop
      vertex 2.38223 -11.6593 7.15
      vertex 2.18782 -10.7109 7.15
      vertex 2.23915 -11.702 7.15
    endloop
  endfacet
  facet normal -0 0 1
    outer loop
      vertex 1.86824 -10.7771 7.15
      vertex 2.23915 -11.702 7.15
      vertex 2.18782 -10.7109 7.15
    endloop
  endfacet
  facet normal 0 0 1
    outer loop
      vertex 2.23915 -11.702 7.15
      vertex 1.86824 -10.7771 7.15
      vertex 2.11549 -11.7732 7.15
    endloop
  endfacet
  facet normal -0 0 1
    outer loop
      vertex 1.58607 -10.8872 7.15
      vertex 2.11549 -11.7732 7.15
      vertex 1.86824 -10.7771 7.15
    endloop
  endfacet
  facet normal -0 0 1
    outer loop
      vertex 1.34132 -11.0415 7.15
      vertex 2.11549 -11.7732 7.15
      vertex 1.58607 -10.8872 7.15
    endloop
  endfacet
  facet normal 0 0 1
    outer loop
      vertex 2.11549 -11.7732 7.15
      vertex 1.34132 -11.0415 7.15
      vertex 2.01129 -11.8728 7.15
    endloop
  endfacet
  facet normal -0 0 1
    outer loop
      vertex 1.13397 -11.2399 7.15
      vertex 2.01129 -11.8728 7.15
      vertex 1.34132 -11.0415 7.15
    endloop
  endfacet
  facet normal 0 0 1
    outer loop
      vertex 2.01129 -11.8728 7.15
      vertex 1.13397 -11.2399 7.15
      vertex 1.92651 -12.001 7.15
    endloop
  endfacet
  facet normal -0 0 1
    outer loop
      vertex 0.96405 -11.4823 7.15
      vertex 1.92651 -12.001 7.15
      vertex 1.13397 -11.2399 7.15
    endloop
  endfacet
  facet normal 0 0 1
    outer loop
      vertex 1.92651 -12.001 7.15
      vertex 0.96405 -11.4823 7.15
      vertex 1.86118 -12.1576 7.15
    endloop
  endfacet
  facet normal -0 0 1
    outer loop
      vertex 0.712021 -12.0853 7.15
      vertex 1.81021 -12.3438 7.15
      vertex 0.825439 -11.7653 7.15
    endloop
  endfacet
  facet normal 0 0 1
    outer loop
      vertex 1.86118 -12.1576 7.15
      vertex 0.825439 -11.7653 7.15
      vertex 1.81021 -12.3438 7.15
    endloop
  endfacet
  facet normal -0 0 1
    outer loop
      vertex 0.825439 -11.7653 7.15
      vertex 1.86118 -12.1576 7.15
      vertex 0.96405 -11.4823 7.15
    endloop
  endfacet
  facet normal -0 0 1
    outer loop
      vertex 3.22426 -15.2896 7.15
      vertex 4.37755 -15.3853 7.15
      vertex 3.27275 -15.0973 7.15
    endloop
  endfacet
  facet normal 0 0 1
    outer loop
      vertex 4.37755 -15.3853 7.15
      vertex 3.22426 -15.2896 7.15
      vertex 4.26413 -15.7043 7.15
    endloop
  endfacet
  facet normal -0 0 1
    outer loop
      vertex 3.16017 -15.4549 7.15
      vertex 4.26413 -15.7043 7.15
      vertex 3.22426 -15.2896 7.15
    endloop
  endfacet
  facet normal 0 0 1
    outer loop
      vertex 4.26413 -15.7043 7.15
      vertex 3.16017 -15.4549 7.15
      vertex 4.12552 -15.986 7.15
    endloop
  endfacet
  facet normal 0 0 1
    outer loop
      vertex 4.12552 -15.986 7.15
      vertex 3.16017 -15.4549 7.15
      vertex 3.95558 -16.2272 7.15
    endloop
  endfacet
  facet normal -0 0 1
    outer loop
      vertex 3.07643 -15.5902 7.15
      vertex 3.95558 -16.2272 7.15
      vertex 3.16017 -15.4549 7.15
    endloop
  endfacet
  facet normal 0 0 1
    outer loop
      vertex 3.95558 -16.2272 7.15
      vertex 3.07643 -15.5902 7.15
      vertex 3.74825 -16.4245 7.15
    endloop
  endfacet
  facet normal -0 0 1
    outer loop
      vertex 2.97302 -15.6954 7.15
      vertex 3.74825 -16.4245 7.15
      vertex 3.07643 -15.5902 7.15
    endloop
  endfacet
  facet normal 0 0 1
    outer loop
      vertex 3.74825 -16.4245 7.15
      vertex 2.97302 -15.6954 7.15
      vertex 3.50351 -16.578 7.15
    endloop
  endfacet
  facet normal 0 0 1
    outer loop
      vertex 3.50351 -16.578 7.15
      vertex 2.97302 -15.6954 7.15
      vertex 3.22136 -16.6876 7.15
    endloop
  endfacet
  facet normal -0 0 1
    outer loop
      vertex 2.84993 -15.7705 7.15
      vertex 3.22136 -16.6876 7.15
      vertex 2.97302 -15.6954 7.15
    endloop
  endfacet
  facet normal 0 0 1
    outer loop
      vertex 3.22136 -16.6876 7.15
      vertex 2.84993 -15.7705 7.15
      vertex 2.90179 -16.7534 7.15
    endloop
  endfacet
  facet normal -0 0 1
    outer loop
      vertex 2.70718 -15.8156 7.15
      vertex 2.90179 -16.7534 7.15
      vertex 2.84993 -15.7705 7.15
    endloop
  endfacet
  facet normal 0 0 1
    outer loop
      vertex 2.70718 -15.8156 7.15
      vertex 2.54482 -16.7753 7.15
      vertex 2.90179 -16.7534 7.15
    endloop
  endfacet
  facet normal -0 0 1
    outer loop
      vertex 2.54475 -15.8307 7.15
      vertex 2.54482 -16.7753 7.15
      vertex 2.70718 -15.8156 7.15
    endloop
  endfacet
  facet normal 0 0 1
    outer loop
      vertex 2.38223 -15.8157 7.15
      vertex 2.54482 -16.7753 7.15
      vertex 2.54475 -15.8307 7.15
    endloop
  endfacet
  facet normal 0 0 1
    outer loop
      vertex 2.18782 -16.7534 7.15
      vertex 2.38223 -15.8157 7.15
      vertex 2.23915 -15.7708 7.15
    endloop
  endfacet
  facet normal 0 0 1
    outer loop
      vertex 2.38223 -15.8157 7.15
      vertex 2.18782 -16.7534 7.15
      vertex 2.54482 -16.7753 7.15
    endloop
  endfacet
  facet normal 0 0 1
    outer loop
      vertex 1.86824 -16.6876 7.15
      vertex 2.23915 -15.7708 7.15
      vertex 2.11549 -15.6959 7.15
    endloop
  endfacet
  facet normal 0 0 1
    outer loop
      vertex 1.34132 -16.4245 7.15
      vertex 2.11549 -15.6959 7.15
      vertex 2.01129 -15.5911 7.15
    endloop
  endfacet
  facet normal 0 0 1
    outer loop
      vertex 1.13397 -16.2272 7.15
      vertex 2.01129 -15.5911 7.15
      vertex 1.92651 -15.4564 7.15
    endloop
  endfacet
  facet normal 0 0 1
    outer loop
      vertex 2.23915 -15.7708 7.15
      vertex 1.86824 -16.6876 7.15
      vertex 2.18782 -16.7534 7.15
    endloop
  endfacet
  facet normal 0 0 1
    outer loop
      vertex 0.825439 -15.7043 7.15
      vertex 1.92651 -15.4564 7.15
      vertex 1.86118 -15.2917 7.15
    endloop
  endfacet
  facet normal 0 0 1
    outer loop
      vertex 0.712021 -15.3853 7.15
      vertex 1.86118 -15.2917 7.15
      vertex 1.81021 -15.0988 7.15
    endloop
  endfacet
  facet normal 0 0 1
    outer loop
      vertex 0.712021 -15.3853 7.15
      vertex 1.81021 -15.0988 7.15
      vertex 1.76851 -14.8793 7.15
    endloop
  endfacet
  facet normal 0 0 1
    outer loop
      vertex 0.62381 -15.0289 7.15
      vertex 1.76851 -14.8793 7.15
      vertex 1.73607 -14.6333 7.15
    endloop
  endfacet
  facet normal 0 0 1
    outer loop
      vertex 0.560806 -14.6353 7.15
      vertex 1.73607 -14.6333 7.15
      vertex 1.71291 -14.3607 7.15
    endloop
  endfacet
  facet normal 0 0 1
    outer loop
      vertex 1.76851 -12.5607 7.15
      vertex 0.62381 -12.4424 7.15
      vertex 1.73607 -12.8084 7.15
    endloop
  endfacet
  facet normal 0 0 1
    outer loop
      vertex 2.11549 -15.6959 7.15
      vertex 1.58607 -16.578 7.15
      vertex 1.86824 -16.6876 7.15
    endloop
  endfacet
  facet normal -0 0 1
    outer loop
      vertex 0.522995 -14.2044 7.15
      vertex 1.71291 -14.3607 7.15
      vertex 1.69901 -14.0615 7.15
    endloop
  endfacet
  facet normal 0 0 1
    outer loop
      vertex 1.73607 -12.8084 7.15
      vertex 0.560806 -12.8366 7.15
      vertex 1.71291 -13.0868 7.15
    endloop
  endfacet
  facet normal 0 0 1
    outer loop
      vertex 1.81021 -12.3438 7.15
      vertex 0.712021 -12.0853 7.15
      vertex 1.76851 -12.5607 7.15
    endloop
  endfacet
  facet normal 0 -0 1
    outer loop
      vertex 0.522995 -14.2044 7.15
      vertex 1.69901 -14.0615 7.15
      vertex 0.510391 -13.7362 7.15
    endloop
  endfacet
  facet normal -0 0 1
    outer loop
      vertex 0.62381 -12.4424 7.15
      vertex 1.76851 -12.5607 7.15
      vertex 0.712021 -12.0853 7.15
    endloop
  endfacet
  facet normal 0 0 1
    outer loop
      vertex 1.71291 -14.3607 7.15
      vertex 0.522995 -14.2044 7.15
      vertex 0.560806 -14.6353 7.15
    endloop
  endfacet
  facet normal 0 0 1
    outer loop
      vertex 0.560806 -12.8366 7.15
      vertex 1.73607 -12.8084 7.15
      vertex 0.62381 -12.4424 7.15
    endloop
  endfacet
  facet normal 0 0 1
    outer loop
      vertex 1.73607 -14.6333 7.15
      vertex 0.560806 -14.6353 7.15
      vertex 0.62381 -15.0289 7.15
    endloop
  endfacet
  facet normal 0 0 1
    outer loop
      vertex 0.522995 -13.2679 7.15
      vertex 1.71291 -13.0868 7.15
      vertex 0.560806 -12.8366 7.15
    endloop
  endfacet
  facet normal 0 0 1
    outer loop
      vertex 1.76851 -14.8793 7.15
      vertex 0.62381 -15.0289 7.15
      vertex 0.712021 -15.3853 7.15
    endloop
  endfacet
  facet normal 0 0 1
    outer loop
      vertex 1.71291 -13.0868 7.15
      vertex 0.522995 -13.2679 7.15
      vertex 1.69901 -13.3959 7.15
    endloop
  endfacet
  facet normal 0 0 1
    outer loop
      vertex 1.69437 -13.7358 7.15
      vertex 0.510391 -13.7362 7.15
      vertex 1.69901 -14.0615 7.15
    endloop
  endfacet
  facet normal 0 0 1
    outer loop
      vertex 0.510391 -13.7362 7.15
      vertex 1.69901 -13.3959 7.15
      vertex 0.522995 -13.2679 7.15
    endloop
  endfacet
  facet normal 0 0 1
    outer loop
      vertex 1.86118 -15.2917 7.15
      vertex 0.712021 -15.3853 7.15
      vertex 0.825439 -15.7043 7.15
    endloop
  endfacet
  facet normal 0 0 1
    outer loop
      vertex 1.69901 -13.3959 7.15
      vertex 0.510391 -13.7362 7.15
      vertex 1.69437 -13.7358 7.15
    endloop
  endfacet
  facet normal 0 0 1
    outer loop
      vertex 1.92651 -15.4564 7.15
      vertex 0.825439 -15.7043 7.15
      vertex 0.96405 -15.986 7.15
    endloop
  endfacet
  facet normal 0 0 1
    outer loop
      vertex 1.92651 -15.4564 7.15
      vertex 0.96405 -15.986 7.15
      vertex 1.13397 -16.2272 7.15
    endloop
  endfacet
  facet normal 0 0 1
    outer loop
      vertex 2.01129 -15.5911 7.15
      vertex 1.13397 -16.2272 7.15
      vertex 1.34132 -16.4245 7.15
    endloop
  endfacet
  facet normal 0 0 1
    outer loop
      vertex 2.11549 -15.6959 7.15
      vertex 1.34132 -16.4245 7.15
      vertex 1.58607 -16.578 7.15
    endloop
  endfacet
  facet normal -0 0 1
    outer loop
      vertex -2.31142 -11.3335 7.15
      vertex -2.31078 -12.5628 7.15
      vertex -2.26735 -11.2718 7.15
    endloop
  endfacet
  facet normal -0 0 1
    outer loop
      vertex -2.35954 -11.3893 7.15
      vertex -2.31078 -12.5628 7.15
      vertex -2.31142 -11.3335 7.15
    endloop
  endfacet
  facet normal -0 0 1
    outer loop
      vertex -2.4364 -11.4623 7.15
      vertex -2.31078 -12.5628 7.15
      vertex -2.35954 -11.3893 7.15
    endloop
  endfacet
  facet normal -0 0 1
    outer loop
      vertex -2.52049 -11.5267 7.15
      vertex -2.31078 -12.5628 7.15
      vertex -2.4364 -11.4623 7.15
    endloop
  endfacet
  facet normal -0 0 1
    outer loop
      vertex -2.61182 -11.5826 7.15
      vertex -2.31078 -12.5628 7.15
      vertex -2.52049 -11.5267 7.15
    endloop
  endfacet
  facet normal -0 0 1
    outer loop
      vertex -2.71037 -11.6298 7.15
      vertex -2.31078 -12.5628 7.15
      vertex -2.61182 -11.5826 7.15
    endloop
  endfacet
  facet normal -0 0 1
    outer loop
      vertex -2.81616 -11.6685 7.15
      vertex -2.31078 -12.5628 7.15
      vertex -2.71037 -11.6298 7.15
    endloop
  endfacet
  facet normal -0 0 1
    outer loop
      vertex -2.92918 -11.6985 7.15
      vertex -2.31078 -12.5628 7.15
      vertex -2.81616 -11.6685 7.15
    endloop
  endfacet
  facet normal -0 0 1
    outer loop
      vertex -3.01158 -11.7141 7.15
      vertex -2.31078 -12.5628 7.15
      vertex -2.92918 -11.6985 7.15
    endloop
  endfacet
  facet normal -0 0 1
    outer loop
      vertex -3.11229 -11.7284 7.15
      vertex -2.31078 -12.5628 7.15
      vertex -3.01158 -11.7141 7.15
    endloop
  endfacet
  facet normal 0 0 1
    outer loop
      vertex -3.69821 -12.5628 7.15
      vertex -3.11229 -11.7284 7.15
      vertex -3.23131 -11.7413 7.15
    endloop
  endfacet
  facet normal 0 0 1
    outer loop
      vertex -3.69821 -12.5628 7.15
      vertex -3.23131 -11.7413 7.15
      vertex -3.36862 -11.7528 7.15
    endloop
  endfacet
  facet normal 0 0 1
    outer loop
      vertex -3.69821 -12.5628 7.15
      vertex -3.36862 -11.7528 7.15
      vertex -3.52426 -11.763 7.15
    endloop
  endfacet
  facet normal 0 0 1
    outer loop
      vertex -3.69821 -12.5628 7.15
      vertex -3.52426 -11.763 7.15
      vertex -3.69821 -11.7718 7.15
    endloop
  endfacet
  facet normal 0 0 1
    outer loop
      vertex -3.11229 -11.7284 7.15
      vertex -3.69821 -12.5628 7.15
      vertex -2.31078 -12.5628 7.15
    endloop
  endfacet
  facet normal 0 0 1
    outer loop
      vertex -2.08821 -10.7582 7.15
      vertex -1.12265 -10.7302 7.15
      vertex -2.08698 -10.7302 7.15
    endloop
  endfacet
  facet normal 0 0 1
    outer loop
      vertex -2.09195 -10.7908 7.15
      vertex -1.12265 -10.7302 7.15
      vertex -2.08821 -10.7582 7.15
    endloop
  endfacet
  facet normal 0 0 1
    outer loop
      vertex -2.09816 -10.8278 7.15
      vertex -1.12265 -10.7302 7.15
      vertex -2.09195 -10.7908 7.15
    endloop
  endfacet
  facet normal 0 0 1
    outer loop
      vertex -2.10686 -10.8694 7.15
      vertex -1.12265 -10.7302 7.15
      vertex -2.09816 -10.8278 7.15
    endloop
  endfacet
  facet normal 0 0 1
    outer loop
      vertex -2.11806 -10.9155 7.15
      vertex -1.12265 -10.7302 7.15
      vertex -2.10686 -10.8694 7.15
    endloop
  endfacet
  facet normal 0 0 1
    outer loop
      vertex -2.13173 -10.9662 7.15
      vertex -1.12265 -10.7302 7.15
      vertex -2.11806 -10.9155 7.15
    endloop
  endfacet
  facet normal 0 0 1
    outer loop
      vertex -2.15955 -11.0514 7.15
      vertex -1.12265 -10.7302 7.15
      vertex -2.13173 -10.9662 7.15
    endloop
  endfacet
  facet normal 0 0 1
    outer loop
      vertex -2.19142 -11.1307 7.15
      vertex -1.12265 -10.7302 7.15
      vertex -2.15955 -11.0514 7.15
    endloop
  endfacet
  facet normal 0 0 1
    outer loop
      vertex -2.22736 -11.2042 7.15
      vertex -1.12265 -10.7302 7.15
      vertex -2.19142 -11.1307 7.15
    endloop
  endfacet
  facet normal 0 0 1
    outer loop
      vertex -2.26735 -11.2718 7.15
      vertex -1.12265 -10.7302 7.15
      vertex -2.22736 -11.2042 7.15
    endloop
  endfacet
  facet normal 0 0 1
    outer loop
      vertex -1.12265 -10.7302 7.15
      vertex -2.26735 -11.2718 7.15
      vertex -2.31078 -12.5628 7.15
    endloop
  endfacet
  facet normal 0 0 1
    outer loop
      vertex -1.12265 -10.7302 7.15
      vertex -2.31078 -12.5628 7.15
      vertex -1.12265 -16.6294 7.15
    endloop
  endfacet
  facet normal 0 0 1
    outer loop
      vertex -1.12265 -16.6294 7.15
      vertex -2.31078 -12.5628 7.15
      vertex -2.31078 -16.6294 7.15
    endloop
  endfacet
  facet normal 0.201671 -0.979453 0
    outer loop
      vertex 2.90179 -16.7534 6.15
      vertex 3.22136 -16.6876 7.15
      vertex 2.90179 -16.7534 7.15
    endloop
  endfacet
  facet normal 0.201671 -0.979453 0
    outer loop
      vertex 3.22136 -16.6876 7.15
      vertex 2.90179 -16.7534 6.15
      vertex 3.22136 -16.6876 6.15
    endloop
  endfacet
  facet normal 0.362088 -0.932144 0
    outer loop
      vertex 3.22136 -16.6876 6.15
      vertex 3.50351 -16.578 7.15
      vertex 3.22136 -16.6876 7.15
    endloop
  endfacet
  facet normal 0.362088 -0.932144 0
    outer loop
      vertex 3.50351 -16.578 7.15
      vertex 3.22136 -16.6876 6.15
      vertex 3.50351 -16.578 6.15
    endloop
  endfacet
  facet normal 0.531336 -0.847161 0
    outer loop
      vertex 3.50351 -16.578 6.15
      vertex 3.74825 -16.4245 7.15
      vertex 3.50351 -16.578 7.15
    endloop
  endfacet
  facet normal 0.531336 -0.847161 0
    outer loop
      vertex 3.74825 -16.4245 7.15
      vertex 3.50351 -16.578 6.15
      vertex 3.74825 -16.4245 6.15
    endloop
  endfacet
  facet normal 0.689367 -0.724412 0
    outer loop
      vertex 3.74825 -16.4245 6.15
      vertex 3.95558 -16.2272 7.15
      vertex 3.74825 -16.4245 7.15
    endloop
  endfacet
  facet normal 0.689367 -0.724412 0
    outer loop
      vertex 3.95558 -16.2272 7.15
      vertex 3.74825 -16.4245 6.15
      vertex 3.95558 -16.2272 6.15
    endloop
  endfacet
  facet normal 0.817477 -0.575962 0
    outer loop
      vertex 3.95558 -16.2272 7.15
      vertex 4.12552 -15.986 6.15
      vertex 4.12552 -15.986 7.15
    endloop
  endfacet
  facet normal 0.817477 -0.575962 0
    outer loop
      vertex 4.12552 -15.986 6.15
      vertex 3.95558 -16.2272 7.15
      vertex 3.95558 -16.2272 6.15
    endloop
  endfacet
  facet normal 0.897263 -0.441497 0
    outer loop
      vertex 4.12552 -15.986 7.15
      vertex 4.26413 -15.7043 6.15
      vertex 4.26413 -15.7043 7.15
    endloop
  endfacet
  facet normal 0.897263 -0.441497 0
    outer loop
      vertex 4.26413 -15.7043 6.15
      vertex 4.12552 -15.986 7.15
      vertex 4.12552 -15.986 6.15
    endloop
  endfacet
  facet normal 0.942217 -0.335004 0
    outer loop
      vertex 4.26413 -15.7043 7.15
      vertex 4.37755 -15.3853 6.15
      vertex 4.37755 -15.3853 7.15
    endloop
  endfacet
  facet normal 0.942217 -0.335004 0
    outer loop
      vertex 4.37755 -15.3853 6.15
      vertex 4.26413 -15.7043 7.15
      vertex 4.26413 -15.7043 6.15
    endloop
  endfacet
  facet normal 0.97071 -0.240253 0
    outer loop
      vertex 4.37755 -15.3853 7.15
      vertex 4.46576 -15.0289 6.15
      vertex 4.46576 -15.0289 7.15
    endloop
  endfacet
  facet normal 0.97071 -0.240253 0
    outer loop
      vertex 4.46576 -15.0289 6.15
      vertex 4.37755 -15.3853 7.15
      vertex 4.37755 -15.3853 6.15
    endloop
  endfacet
  facet normal 0.987431 -0.158049 0
    outer loop
      vertex 4.46576 -15.0289 7.15
      vertex 4.52876 -14.6353 6.15
      vertex 4.52876 -14.6353 7.15
    endloop
  endfacet
  facet normal 0.987431 -0.158049 0
    outer loop
      vertex 4.52876 -14.6353 6.15
      vertex 4.46576 -15.0289 7.15
      vertex 4.46576 -15.0289 6.15
    endloop
  endfacet
  facet normal 0.996172 -0.0874107 0
    outer loop
      vertex 4.52876 -14.6353 7.15
      vertex 4.56657 -14.2044 6.15
      vertex 4.56657 -14.2044 7.15
    endloop
  endfacet
  facet normal 0.996172 -0.0874107 0
    outer loop
      vertex 4.56657 -14.2044 6.15
      vertex 4.52876 -14.6353 7.15
      vertex 4.52876 -14.6353 6.15
    endloop
  endfacet
  facet normal 0.999638 -0.0269232 0
    outer loop
      vertex 4.56657 -14.2044 7.15
      vertex 4.57918 -13.7362 6.15
      vertex 4.57918 -13.7362 7.15
    endloop
  endfacet
  facet normal 0.999638 -0.0269232 0
    outer loop
      vertex 4.57918 -13.7362 6.15
      vertex 4.56657 -14.2044 7.15
      vertex 4.56657 -14.2044 6.15
    endloop
  endfacet
  facet normal 0.999641 0.0268051 0
    outer loop
      vertex 4.57918 -13.7362 7.15
      vertex 4.56662 -13.2678 6.15
      vertex 4.56662 -13.2678 7.15
    endloop
  endfacet
  facet normal 0.999641 0.0268051 0
    outer loop
      vertex 4.56662 -13.2678 6.15
      vertex 4.57918 -13.7362 7.15
      vertex 4.57918 -13.7362 6.15
    endloop
  endfacet
  facet normal 0.996214 0.0869377 0
    outer loop
      vertex 4.56662 -13.2678 7.15
      vertex 4.52899 -12.8366 6.15
      vertex 4.52899 -12.8366 7.15
    endloop
  endfacet
  facet normal 0.996214 0.0869377 0
    outer loop
      vertex 4.52899 -12.8366 6.15
      vertex 4.56662 -13.2678 7.15
      vertex 4.56662 -13.2678 6.15
    endloop
  endfacet
  facet normal 0.987574 0.157155 0
    outer loop
      vertex 4.52899 -12.8366 7.15
      vertex 4.46626 -12.4424 6.15
      vertex 4.46626 -12.4424 7.15
    endloop
  endfacet
  facet normal 0.987574 0.157155 0
    outer loop
      vertex 4.46626 -12.4424 6.15
      vertex 4.52899 -12.8366 7.15
      vertex 4.52899 -12.8366 6.15
    endloop
  endfacet
  facet normal 0.971073 0.238784 0
    outer loop
      vertex 4.46626 -12.4424 7.15
      vertex 4.37845 -12.0853 6.15
      vertex 4.37845 -12.0853 7.15
    endloop
  endfacet
  facet normal 0.971073 0.238784 0
    outer loop
      vertex 4.37845 -12.0853 6.15
      vertex 4.46626 -12.4424 7.15
      vertex 4.46626 -12.4424 6.15
    endloop
  endfacet
  facet normal 0.943061 0.33262 0
    outer loop
      vertex 4.37845 -12.0853 7.15
      vertex 4.26555 -11.7652 6.15
      vertex 4.26555 -11.7652 7.15
    endloop
  endfacet
  facet normal 0.943061 0.33262 0
    outer loop
      vertex 4.26555 -11.7652 6.15
      vertex 4.37845 -12.0853 7.15
      vertex 4.37845 -12.0853 6.15
    endloop
  endfacet
  facet normal 0.898829 0.438298 0
    outer loop
      vertex 4.26555 -11.7652 7.15
      vertex 4.12755 -11.4822 6.15
      vertex 4.12755 -11.4822 7.15
    endloop
  endfacet
  facet normal 0.898829 0.438298 0
    outer loop
      vertex 4.12755 -11.4822 6.15
      vertex 4.26555 -11.7652 7.15
      vertex 4.26555 -11.7652 6.15
    endloop
  endfacet
  facet normal 0.817851 0.575431 0
    outer loop
      vertex 4.12755 -11.4822 7.15
      vertex 3.957 -11.2398 6.15
      vertex 3.957 -11.2398 7.15
    endloop
  endfacet
  facet normal 0.817851 0.575431 0
    outer loop
      vertex 3.957 -11.2398 6.15
      vertex 4.12755 -11.4822 7.15
      vertex 4.12755 -11.4822 6.15
    endloop
  endfacet
  facet normal 0.690307 0.723517 -0
    outer loop
      vertex 3.957 -11.2398 6.15
      vertex 3.74916 -11.0415 7.15
      vertex 3.957 -11.2398 7.15
    endloop
  endfacet
  facet normal 0.690307 0.723517 0
    outer loop
      vertex 3.74916 -11.0415 7.15
      vertex 3.957 -11.2398 6.15
      vertex 3.74916 -11.0415 6.15
    endloop
  endfacet
  facet normal 0.53268 0.846316 -0
    outer loop
      vertex 3.74916 -11.0415 6.15
      vertex 3.50401 -10.8872 7.15
      vertex 3.74916 -11.0415 7.15
    endloop
  endfacet
  facet normal 0.53268 0.846316 0
    outer loop
      vertex 3.50401 -10.8872 7.15
      vertex 3.74916 -11.0415 6.15
      vertex 3.50401 -10.8872 6.15
    endloop
  endfacet
  facet normal 0.363198 0.931712 -0
    outer loop
      vertex 3.50401 -10.8872 6.15
      vertex 3.22157 -10.7771 7.15
      vertex 3.50401 -10.8872 7.15
    endloop
  endfacet
  facet normal 0.363198 0.931712 0
    outer loop
      vertex 3.22157 -10.7771 7.15
      vertex 3.50401 -10.8872 6.15
      vertex 3.22157 -10.7771 6.15
    endloop
  endfacet
  facet normal 0.202749 0.979231 -0
    outer loop
      vertex 3.22157 -10.7771 6.15
      vertex 2.90184 -10.7109 7.15
      vertex 3.22157 -10.7771 7.15
    endloop
  endfacet
  facet normal 0.202749 0.979231 0
    outer loop
      vertex 2.90184 -10.7109 7.15
      vertex 3.22157 -10.7771 6.15
      vertex 2.90184 -10.7109 6.15
    endloop
  endfacet
  facet normal 0.0615045 0.998107 -0
    outer loop
      vertex 2.90184 -10.7109 6.15
      vertex 2.54482 -10.6889 7.15
      vertex 2.90184 -10.7109 7.15
    endloop
  endfacet
  facet normal 0.0615045 0.998107 0
    outer loop
      vertex 2.54482 -10.6889 7.15
      vertex 2.90184 -10.7109 6.15
      vertex 2.54482 -10.6889 6.15
    endloop
  endfacet
  facet normal -0.061508 0.998107 0
    outer loop
      vertex 2.54482 -10.6889 6.15
      vertex 2.18782 -10.7109 7.15
      vertex 2.54482 -10.6889 7.15
    endloop
  endfacet
  facet normal -0.061508 0.998107 0
    outer loop
      vertex 2.18782 -10.7109 7.15
      vertex 2.54482 -10.6889 6.15
      vertex 2.18782 -10.7109 6.15
    endloop
  endfacet
  facet normal -0.202841 0.979212 0
    outer loop
      vertex 2.18782 -10.7109 6.15
      vertex 1.86824 -10.7771 7.15
      vertex 2.18782 -10.7109 7.15
    endloop
  endfacet
  facet normal -0.202841 0.979212 0
    outer loop
      vertex 1.86824 -10.7771 7.15
      vertex 2.18782 -10.7109 6.15
      vertex 1.86824 -10.7771 6.15
    endloop
  endfacet
  facet normal -0.363499 0.931595 0
    outer loop
      vertex 1.86824 -10.7771 6.15
      vertex 1.58607 -10.8872 7.15
      vertex 1.86824 -10.7771 7.15
    endloop
  endfacet
  facet normal -0.363499 0.931595 0
    outer loop
      vertex 1.58607 -10.8872 7.15
      vertex 1.86824 -10.7771 6.15
      vertex 1.58607 -10.8872 6.15
    endloop
  endfacet
  facet normal -0.533304 0.845924 0
    outer loop
      vertex 1.58607 -10.8872 6.15
      vertex 1.34132 -11.0415 7.15
      vertex 1.58607 -10.8872 7.15
    endloop
  endfacet
  facet normal -0.533304 0.845924 0
    outer loop
      vertex 1.34132 -11.0415 7.15
      vertex 1.58607 -10.8872 6.15
      vertex 1.34132 -11.0415 6.15
    endloop
  endfacet
  facet normal -0.691341 0.722528 0
    outer loop
      vertex 1.34132 -11.0415 6.15
      vertex 1.13397 -11.2399 7.15
      vertex 1.34132 -11.0415 7.15
    endloop
  endfacet
  facet normal -0.691341 0.722528 0
    outer loop
      vertex 1.13397 -11.2399 7.15
      vertex 1.34132 -11.0415 6.15
      vertex 1.13397 -11.2399 6.15
    endloop
  endfacet
  facet normal -0.818851 0.574006 0
    outer loop
      vertex 0.96405 -11.4823 6.15
      vertex 1.13397 -11.2399 7.15
      vertex 1.13397 -11.2399 6.15
    endloop
  endfacet
  facet normal -0.818851 0.574006 0
    outer loop
      vertex 1.13397 -11.2399 7.15
      vertex 0.96405 -11.4823 6.15
      vertex 0.96405 -11.4823 7.15
    endloop
  endfacet
  facet normal -0.898064 0.439864 0
    outer loop
      vertex 0.825439 -11.7653 6.15
      vertex 0.96405 -11.4823 7.15
      vertex 0.96405 -11.4823 6.15
    endloop
  endfacet
  facet normal -0.898064 0.439864 0
    outer loop
      vertex 0.96405 -11.4823 7.15
      vertex 0.825439 -11.7653 6.15
      vertex 0.825439 -11.7653 7.15
    endloop
  endfacet
  facet normal -0.942549 0.334069 0
    outer loop
      vertex 0.712021 -12.0853 6.15
      vertex 0.825439 -11.7653 7.15
      vertex 0.825439 -11.7653 6.15
    endloop
  endfacet
  facet normal -0.942549 0.334069 0
    outer loop
      vertex 0.825439 -11.7653 7.15
      vertex 0.712021 -12.0853 6.15
      vertex 0.712021 -12.0853 7.15
    endloop
  endfacet
  facet normal -0.970819 0.239812 0
    outer loop
      vertex 0.62381 -12.4424 6.15
      vertex 0.712021 -12.0853 7.15
      vertex 0.712021 -12.0853 6.15
    endloop
  endfacet
  facet normal -0.970819 0.239812 0
    outer loop
      vertex 0.712021 -12.0853 7.15
      vertex 0.62381 -12.4424 6.15
      vertex 0.62381 -12.4424 7.15
    endloop
  endfacet
  facet normal -0.987467 0.157824 0
    outer loop
      vertex 0.560806 -12.8366 6.15
      vertex 0.62381 -12.4424 7.15
      vertex 0.62381 -12.4424 6.15
    endloop
  endfacet
  facet normal -0.987467 0.157824 0
    outer loop
      vertex 0.62381 -12.4424 7.15
      vertex 0.560806 -12.8366 6.15
      vertex 0.560806 -12.8366 7.15
    endloop
  endfacet
  facet normal -0.996179 0.0873326 0
    outer loop
      vertex 0.522995 -13.2679 6.15
      vertex 0.560806 -12.8366 7.15
      vertex 0.560806 -12.8366 6.15
    endloop
  endfacet
  facet normal -0.996179 0.0873326 0
    outer loop
      vertex 0.560806 -12.8366 7.15
      vertex 0.522995 -13.2679 6.15
      vertex 0.522995 -13.2679 7.15
    endloop
  endfacet
  facet normal -0.999638 0.0269046 0
    outer loop
      vertex 0.510391 -13.7362 6.15
      vertex 0.522995 -13.2679 7.15
      vertex 0.522995 -13.2679 6.15
    endloop
  endfacet
  facet normal -0.999638 0.0269046 0
    outer loop
      vertex 0.522995 -13.2679 7.15
      vertex 0.510391 -13.7362 6.15
      vertex 0.510391 -13.7362 7.15
    endloop
  endfacet
  facet normal -0.999638 -0.0269104 0
    outer loop
      vertex 0.522995 -14.2044 6.15
      vertex 0.510391 -13.7362 7.15
      vertex 0.510391 -13.7362 6.15
    endloop
  endfacet
  facet normal -0.999638 -0.0269104 0
    outer loop
      vertex 0.510391 -13.7362 7.15
      vertex 0.522995 -14.2044 6.15
      vertex 0.522995 -14.2044 7.15
    endloop
  endfacet
  facet normal -0.996172 -0.087413 0
    outer loop
      vertex 0.560806 -14.6353 6.15
      vertex 0.522995 -14.2044 7.15
      vertex 0.522995 -14.2044 6.15
    endloop
  endfacet
  facet normal -0.996172 -0.087413 0
    outer loop
      vertex 0.522995 -14.2044 7.15
      vertex 0.560806 -14.6353 6.15
      vertex 0.560806 -14.6353 7.15
    endloop
  endfacet
  facet normal -0.98743 -0.158059 0
    outer loop
      vertex 0.62381 -15.0289 6.15
      vertex 0.560806 -14.6353 7.15
      vertex 0.560806 -14.6353 6.15
    endloop
  endfacet
  facet normal -0.98743 -0.158059 0
    outer loop
      vertex 0.560806 -14.6353 7.15
      vertex 0.62381 -15.0289 6.15
      vertex 0.62381 -15.0289 7.15
    endloop
  endfacet
  facet normal -0.97071 -0.240256 0
    outer loop
      vertex 0.712021 -15.3853 6.15
      vertex 0.62381 -15.0289 7.15
      vertex 0.62381 -15.0289 6.15
    endloop
  endfacet
  facet normal -0.97071 -0.240256 0
    outer loop
      vertex 0.62381 -15.0289 7.15
      vertex 0.712021 -15.3853 6.15
      vertex 0.712021 -15.3853 7.15
    endloop
  endfacet
  facet normal -0.942219 -0.334999 0
    outer loop
      vertex 0.825439 -15.7043 6.15
      vertex 0.712021 -15.3853 7.15
      vertex 0.712021 -15.3853 6.15
    endloop
  endfacet
  facet normal -0.942219 -0.334999 0
    outer loop
      vertex 0.712021 -15.3853 7.15
      vertex 0.825439 -15.7043 6.15
      vertex 0.825439 -15.7043 7.15
    endloop
  endfacet
  facet normal -0.897262 -0.441499 0
    outer loop
      vertex 0.96405 -15.986 6.15
      vertex 0.825439 -15.7043 7.15
      vertex 0.825439 -15.7043 6.15
    endloop
  endfacet
  facet normal -0.897262 -0.441499 0
    outer loop
      vertex 0.825439 -15.7043 7.15
      vertex 0.96405 -15.986 6.15
      vertex 0.96405 -15.986 7.15
    endloop
  endfacet
  facet normal -0.817509 -0.575916 0
    outer loop
      vertex 1.13397 -16.2272 6.15
      vertex 0.96405 -15.986 7.15
      vertex 0.96405 -15.986 6.15
    endloop
  endfacet
  facet normal -0.817509 -0.575916 0
    outer loop
      vertex 0.96405 -15.986 7.15
      vertex 1.13397 -16.2272 6.15
      vertex 1.13397 -16.2272 7.15
    endloop
  endfacet
  facet normal -0.689332 -0.724445 0
    outer loop
      vertex 1.13397 -16.2272 6.15
      vertex 1.34132 -16.4245 7.15
      vertex 1.13397 -16.2272 7.15
    endloop
  endfacet
  facet normal -0.689332 -0.724445 -0
    outer loop
      vertex 1.34132 -16.4245 7.15
      vertex 1.13397 -16.2272 6.15
      vertex 1.34132 -16.4245 6.15
    endloop
  endfacet
  facet normal -0.531321 -0.847171 0
    outer loop
      vertex 1.34132 -16.4245 6.15
      vertex 1.58607 -16.578 7.15
      vertex 1.34132 -16.4245 7.15
    endloop
  endfacet
  facet normal -0.531321 -0.847171 -0
    outer loop
      vertex 1.58607 -16.578 7.15
      vertex 1.34132 -16.4245 6.15
      vertex 1.58607 -16.578 6.15
    endloop
  endfacet
  facet normal -0.362065 -0.932153 0
    outer loop
      vertex 1.58607 -16.578 6.15
      vertex 1.86824 -16.6876 7.15
      vertex 1.58607 -16.578 7.15
    endloop
  endfacet
  facet normal -0.362065 -0.932153 -0
    outer loop
      vertex 1.86824 -16.6876 7.15
      vertex 1.58607 -16.578 6.15
      vertex 1.86824 -16.6876 6.15
    endloop
  endfacet
  facet normal -0.201665 -0.979455 0
    outer loop
      vertex 1.86824 -16.6876 6.15
      vertex 2.18782 -16.7534 7.15
      vertex 1.86824 -16.6876 7.15
    endloop
  endfacet
  facet normal -0.201665 -0.979455 -0
    outer loop
      vertex 2.18782 -16.7534 7.15
      vertex 1.86824 -16.6876 6.15
      vertex 2.18782 -16.7534 6.15
    endloop
  endfacet
  facet normal -0.0612294 -0.998124 0
    outer loop
      vertex 2.18782 -16.7534 6.15
      vertex 2.54482 -16.7753 7.15
      vertex 2.18782 -16.7534 7.15
    endloop
  endfacet
  facet normal -0.0612294 -0.998124 -0
    outer loop
      vertex 2.54482 -16.7753 7.15
      vertex 2.18782 -16.7534 6.15
      vertex 2.54482 -16.7753 6.15
    endloop
  endfacet
  facet normal 0.0612346 -0.998123 0
    outer loop
      vertex 2.54482 -16.7753 6.15
      vertex 2.90179 -16.7534 7.15
      vertex 2.54482 -16.7753 7.15
    endloop
  endfacet
  facet normal 0.0612346 -0.998123 0
    outer loop
      vertex 2.90179 -16.7534 7.15
      vertex 2.54482 -16.7753 6.15
      vertex 2.90179 -16.7534 6.15
    endloop
  endfacet
  facet normal 0.299414 0.954123 -0
    outer loop
      vertex 2.38223 -15.8157 6.15
      vertex 2.23915 -15.7708 7.15
      vertex 2.38223 -15.8157 7.15
    endloop
  endfacet
  facet normal 0.299414 0.954123 0
    outer loop
      vertex 2.23915 -15.7708 7.15
      vertex 2.38223 -15.8157 6.15
      vertex 2.23915 -15.7708 6.15
    endloop
  endfacet
  facet normal 0.518072 0.855337 -0
    outer loop
      vertex 2.23915 -15.7708 6.15
      vertex 2.11549 -15.6959 7.15
      vertex 2.23915 -15.7708 7.15
    endloop
  endfacet
  facet normal 0.518072 0.855337 0
    outer loop
      vertex 2.11549 -15.6959 7.15
      vertex 2.23915 -15.7708 6.15
      vertex 2.11549 -15.6959 6.15
    endloop
  endfacet
  facet normal 0.709134 0.705074 0
    outer loop
      vertex 2.11549 -15.6959 7.15
      vertex 2.01129 -15.5911 6.15
      vertex 2.01129 -15.5911 7.15
    endloop
  endfacet
  facet normal 0.709134 0.705074 0
    outer loop
      vertex 2.01129 -15.5911 6.15
      vertex 2.11549 -15.6959 7.15
      vertex 2.11549 -15.6959 6.15
    endloop
  endfacet
  facet normal 0.846321 0.532673 0
    outer loop
      vertex 2.01129 -15.5911 7.15
      vertex 1.92651 -15.4564 6.15
      vertex 1.92651 -15.4564 7.15
    endloop
  endfacet
  facet normal 0.846321 0.532673 0
    outer loop
      vertex 1.92651 -15.4564 6.15
      vertex 2.01129 -15.5911 7.15
      vertex 2.01129 -15.5911 6.15
    endloop
  endfacet
  facet normal 0.929543 0.368713 0
    outer loop
      vertex 1.92651 -15.4564 7.15
      vertex 1.86118 -15.2917 6.15
      vertex 1.86118 -15.2917 7.15
    endloop
  endfacet
  facet normal 0.929543 0.368713 0
    outer loop
      vertex 1.86118 -15.2917 6.15
      vertex 1.92651 -15.4564 7.15
      vertex 1.92651 -15.4564 6.15
    endloop
  endfacet
  facet normal 0.966819 0.255463 0
    outer loop
      vertex 1.86118 -15.2917 7.15
      vertex 1.81021 -15.0988 6.15
      vertex 1.81021 -15.0988 7.15
    endloop
  endfacet
  facet normal 0.966819 0.255463 0
    outer loop
      vertex 1.81021 -15.0988 6.15
      vertex 1.86118 -15.2917 7.15
      vertex 1.86118 -15.2917 6.15
    endloop
  endfacet
  facet normal 0.982429 0.186639 0
    outer loop
      vertex 1.81021 -15.0988 7.15
      vertex 1.76851 -14.8793 6.15
      vertex 1.76851 -14.8793 7.15
    endloop
  endfacet
  facet normal 0.982429 0.186639 0
    outer loop
      vertex 1.76851 -14.8793 6.15
      vertex 1.81021 -15.0988 7.15
      vertex 1.81021 -15.0988 6.15
    endloop
  endfacet
  facet normal 0.991417 0.130738 0
    outer loop
      vertex 1.76851 -14.8793 7.15
      vertex 1.73607 -14.6333 6.15
      vertex 1.73607 -14.6333 7.15
    endloop
  endfacet
  facet normal 0.991417 0.130738 0
    outer loop
      vertex 1.73607 -14.6333 6.15
      vertex 1.76851 -14.8793 7.15
      vertex 1.76851 -14.8793 6.15
    endloop
  endfacet
  facet normal 0.99641 0.0846547 0
    outer loop
      vertex 1.73607 -14.6333 7.15
      vertex 1.71291 -14.3607 6.15
      vertex 1.71291 -14.3607 7.15
    endloop
  endfacet
  facet normal 0.99641 0.0846547 0
    outer loop
      vertex 1.71291 -14.3607 6.15
      vertex 1.73607 -14.6333 7.15
      vertex 1.73607 -14.6333 6.15
    endloop
  endfacet
  facet normal 0.998923 0.0464072 0
    outer loop
      vertex 1.71291 -14.3607 7.15
      vertex 1.69901 -14.0615 6.15
      vertex 1.69901 -14.0615 7.15
    endloop
  endfacet
  facet normal 0.998923 0.0464072 0
    outer loop
      vertex 1.69901 -14.0615 6.15
      vertex 1.71291 -14.3607 7.15
      vertex 1.71291 -14.3607 6.15
    endloop
  endfacet
  facet normal 0.999899 0.0142448 0
    outer loop
      vertex 1.69901 -14.0615 7.15
      vertex 1.69437 -13.7358 6.15
      vertex 1.69437 -13.7358 7.15
    endloop
  endfacet
  facet normal 0.999899 0.0142448 0
    outer loop
      vertex 1.69437 -13.7358 6.15
      vertex 1.69901 -14.0615 7.15
      vertex 1.69901 -14.0615 6.15
    endloop
  endfacet
  facet normal 0.999907 -0.0136498 0
    outer loop
      vertex 1.69437 -13.7358 7.15
      vertex 1.69901 -13.3959 6.15
      vertex 1.69901 -13.3959 7.15
    endloop
  endfacet
  facet normal 0.999907 -0.0136498 0
    outer loop
      vertex 1.69901 -13.3959 6.15
      vertex 1.69437 -13.7358 7.15
      vertex 1.69437 -13.7358 6.15
    endloop
  endfacet
  facet normal 0.99899 -0.0449239 0
    outer loop
      vertex 1.69901 -13.3959 7.15
      vertex 1.71291 -13.0868 6.15
      vertex 1.71291 -13.0868 7.15
    endloop
  endfacet
  facet normal 0.99899 -0.0449239 0
    outer loop
      vertex 1.71291 -13.0868 6.15
      vertex 1.69901 -13.3959 7.15
      vertex 1.69901 -13.3959 6.15
    endloop
  endfacet
  facet normal 0.996558 -0.0829033 0
    outer loop
      vertex 1.71291 -13.0868 7.15
      vertex 1.73607 -12.8084 6.15
      vertex 1.73607 -12.8084 7.15
    endloop
  endfacet
  facet normal 0.996558 -0.0829033 0
    outer loop
      vertex 1.73607 -12.8084 6.15
      vertex 1.71291 -13.0868 7.15
      vertex 1.71291 -13.0868 6.15
    endloop
  endfacet
  facet normal 0.991533 -0.129856 0
    outer loop
      vertex 1.73607 -12.8084 7.15
      vertex 1.76851 -12.5607 6.15
      vertex 1.76851 -12.5607 7.15
    endloop
  endfacet
  facet normal 0.991533 -0.129856 0
    outer loop
      vertex 1.76851 -12.5607 6.15
      vertex 1.73607 -12.8084 7.15
      vertex 1.73607 -12.8084 6.15
    endloop
  endfacet
  facet normal 0.982016 -0.188797 0
    outer loop
      vertex 1.76851 -12.5607 7.15
      vertex 1.81021 -12.3438 6.15
      vertex 1.81021 -12.3438 7.15
    endloop
  endfacet
  facet normal 0.982016 -0.188797 0
    outer loop
      vertex 1.81021 -12.3438 6.15
      vertex 1.76851 -12.5607 7.15
      vertex 1.76851 -12.5607 6.15
    endloop
  endfacet
  facet normal 0.964516 -0.264025 0
    outer loop
      vertex 1.81021 -12.3438 7.15
      vertex 1.86118 -12.1576 6.15
      vertex 1.86118 -12.1576 7.15
    endloop
  endfacet
  facet normal 0.964516 -0.264025 0
    outer loop
      vertex 1.86118 -12.1576 6.15
      vertex 1.81021 -12.3438 7.15
      vertex 1.81021 -12.3438 6.15
    endloop
  endfacet
  facet normal 0.922909 -0.385017 0
    outer loop
      vertex 1.86118 -12.1576 7.15
      vertex 1.92651 -12.001 6.15
      vertex 1.92651 -12.001 7.15
    endloop
  endfacet
  facet normal 0.922909 -0.385017 0
    outer loop
      vertex 1.92651 -12.001 6.15
      vertex 1.86118 -12.1576 7.15
      vertex 1.86118 -12.1576 6.15
    endloop
  endfacet
  facet normal 0.834107 -0.551603 0
    outer loop
      vertex 1.92651 -12.001 7.15
      vertex 2.01129 -11.8728 6.15
      vertex 2.01129 -11.8728 7.15
    endloop
  endfacet
  facet normal 0.834107 -0.551603 0
    outer loop
      vertex 2.01129 -11.8728 6.15
      vertex 1.92651 -12.001 7.15
      vertex 1.92651 -12.001 6.15
    endloop
  endfacet
  facet normal 0.690971 -0.722883 0
    outer loop
      vertex 2.01129 -11.8728 6.15
      vertex 2.11549 -11.7732 7.15
      vertex 2.01129 -11.8728 7.15
    endloop
  endfacet
  facet normal 0.690971 -0.722883 0
    outer loop
      vertex 2.11549 -11.7732 7.15
      vertex 2.01129 -11.8728 6.15
      vertex 2.11549 -11.7732 6.15
    endloop
  endfacet
  facet normal 0.498974 -0.866617 0
    outer loop
      vertex 2.11549 -11.7732 6.15
      vertex 2.23915 -11.702 7.15
      vertex 2.11549 -11.7732 7.15
    endloop
  endfacet
  facet normal 0.498974 -0.866617 0
    outer loop
      vertex 2.23915 -11.702 7.15
      vertex 2.11549 -11.7732 6.15
      vertex 2.23915 -11.702 6.15
    endloop
  endfacet
  facet normal 0.285971 -0.958238 0
    outer loop
      vertex 2.23915 -11.702 6.15
      vertex 2.38223 -11.6593 7.15
      vertex 2.23915 -11.702 7.15
    endloop
  endfacet
  facet normal 0.285971 -0.958238 0
    outer loop
      vertex 2.38223 -11.6593 7.15
      vertex 2.23915 -11.702 6.15
      vertex 2.38223 -11.6593 6.15
    endloop
  endfacet
  facet normal 0.0870422 -0.996205 0
    outer loop
      vertex 2.38223 -11.6593 6.15
      vertex 2.54475 -11.6451 7.15
      vertex 2.38223 -11.6593 7.15
    endloop
  endfacet
  facet normal 0.0870422 -0.996205 0
    outer loop
      vertex 2.54475 -11.6451 7.15
      vertex 2.38223 -11.6593 6.15
      vertex 2.54475 -11.6451 6.15
    endloop
  endfacet
  facet normal -0.087122 -0.996198 0
    outer loop
      vertex 2.54475 -11.6451 6.15
      vertex 2.70712 -11.6593 7.15
      vertex 2.54475 -11.6451 7.15
    endloop
  endfacet
  facet normal -0.087122 -0.996198 -0
    outer loop
      vertex 2.70712 -11.6593 7.15
      vertex 2.54475 -11.6451 6.15
      vertex 2.70712 -11.6593 6.15
    endloop
  endfacet
  facet normal -0.286892 -0.957963 0
    outer loop
      vertex 2.70712 -11.6593 6.15
      vertex 2.8497 -11.702 7.15
      vertex 2.70712 -11.6593 7.15
    endloop
  endfacet
  facet normal -0.286892 -0.957963 -0
    outer loop
      vertex 2.8497 -11.702 7.15
      vertex 2.70712 -11.6593 6.15
      vertex 2.8497 -11.702 6.15
    endloop
  endfacet
  facet normal -0.501592 -0.865105 0
    outer loop
      vertex 2.8497 -11.702 6.15
      vertex 2.9725 -11.7732 7.15
      vertex 2.8497 -11.702 7.15
    endloop
  endfacet
  facet normal -0.501592 -0.865105 -0
    outer loop
      vertex 2.9725 -11.7732 7.15
      vertex 2.8497 -11.702 6.15
      vertex 2.9725 -11.7732 6.15
    endloop
  endfacet
  facet normal -0.695038 -0.718973 0
    outer loop
      vertex 2.9725 -11.7732 6.15
      vertex 3.07553 -11.8728 7.15
      vertex 2.9725 -11.7732 7.15
    endloop
  endfacet
  facet normal -0.695038 -0.718973 -0
    outer loop
      vertex 3.07553 -11.8728 7.15
      vertex 2.9725 -11.7732 6.15
      vertex 3.07553 -11.8728 6.15
    endloop
  endfacet
  facet normal -0.838713 -0.544574 0
    outer loop
      vertex 3.15877 -12.001 6.15
      vertex 3.07553 -11.8728 7.15
      vertex 3.07553 -11.8728 6.15
    endloop
  endfacet
  facet normal -0.838713 -0.544574 0
    outer loop
      vertex 3.07553 -11.8728 7.15
      vertex 3.15877 -12.001 6.15
      vertex 3.15877 -12.001 7.15
    endloop
  endfacet
  facet normal -0.926835 -0.375469 0
    outer loop
      vertex 3.22221 -12.1576 6.15
      vertex 3.15877 -12.001 7.15
      vertex 3.15877 -12.001 6.15
    endloop
  endfacet
  facet normal -0.926835 -0.375469 0
    outer loop
      vertex 3.15877 -12.001 7.15
      vertex 3.22221 -12.1576 6.15
      vertex 3.22221 -12.1576 7.15
    endloop
  endfacet
  facet normal -0.966921 -0.255076 0
    outer loop
      vertex 3.27133 -12.3438 6.15
      vertex 3.22221 -12.1576 7.15
      vertex 3.22221 -12.1576 6.15
    endloop
  endfacet
  facet normal -0.966921 -0.255076 0
    outer loop
      vertex 3.22221 -12.1576 7.15
      vertex 3.27133 -12.3438 6.15
      vertex 3.27133 -12.3438 7.15
    endloop
  endfacet
  facet normal -0.983271 -0.182148 0
    outer loop
      vertex 3.31151 -12.5607 6.15
      vertex 3.27133 -12.3438 7.15
      vertex 3.27133 -12.3438 6.15
    endloop
  endfacet
  facet normal -0.983271 -0.182148 0
    outer loop
      vertex 3.27133 -12.3438 7.15
      vertex 3.31151 -12.5607 6.15
      vertex 3.31151 -12.5607 7.15
    endloop
  endfacet
  facet normal -0.992131 -0.125208 0
    outer loop
      vertex 3.34277 -12.8084 6.15
      vertex 3.31151 -12.5607 7.15
      vertex 3.31151 -12.5607 6.15
    endloop
  endfacet
  facet normal -0.992131 -0.125208 0
    outer loop
      vertex 3.31151 -12.5607 7.15
      vertex 3.34277 -12.8084 6.15
      vertex 3.34277 -12.8084 7.15
    endloop
  endfacet
  facet normal -0.996799 -0.0799516 0
    outer loop
      vertex 3.3651 -13.0868 6.15
      vertex 3.34277 -12.8084 7.15
      vertex 3.34277 -12.8084 6.15
    endloop
  endfacet
  facet normal -0.996799 -0.0799516 0
    outer loop
      vertex 3.34277 -12.8084 7.15
      vertex 3.3651 -13.0868 6.15
      vertex 3.3651 -13.0868 7.15
    endloop
  endfacet
  facet normal -0.999063 -0.0432787 0
    outer loop
      vertex 3.37849 -13.3959 6.15
      vertex 3.3651 -13.0868 7.15
      vertex 3.3651 -13.0868 6.15
    endloop
  endfacet
  facet normal -0.999063 -0.0432787 0
    outer loop
      vertex 3.3651 -13.0868 7.15
      vertex 3.37849 -13.3959 6.15
      vertex 3.37849 -13.3959 7.15
    endloop
  endfacet
  facet normal -0.999914 -0.0131204 0
    outer loop
      vertex 3.38295 -13.7358 6.15
      vertex 3.37849 -13.3959 7.15
      vertex 3.37849 -13.3959 6.15
    endloop
  endfacet
  facet normal -0.999914 -0.0131204 0
    outer loop
      vertex 3.37849 -13.3959 7.15
      vertex 3.38295 -13.7358 6.15
      vertex 3.38295 -13.7358 7.15
    endloop
  endfacet
  facet normal -0.999908 0.0135388 0
    outer loop
      vertex 3.37854 -14.0615 6.15
      vertex 3.38295 -13.7358 7.15
      vertex 3.38295 -13.7358 6.15
    endloop
  endfacet
  facet normal -0.999908 0.0135388 0
    outer loop
      vertex 3.38295 -13.7358 7.15
      vertex 3.37854 -14.0615 6.15
      vertex 3.37854 -14.0615 7.15
    endloop
  endfacet
  facet normal -0.999025 0.0441523 0
    outer loop
      vertex 3.36533 -14.3604 6.15
      vertex 3.37854 -14.0615 7.15
      vertex 3.37854 -14.0615 6.15
    endloop
  endfacet
  facet normal -0.999025 0.0441523 0
    outer loop
      vertex 3.37854 -14.0615 7.15
      vertex 3.36533 -14.3604 6.15
      vertex 3.36533 -14.3604 7.15
    endloop
  endfacet
  facet normal -0.996737 0.0807127 0
    outer loop
      vertex 3.34328 -14.6327 6.15
      vertex 3.36533 -14.3604 7.15
      vertex 3.36533 -14.3604 6.15
    endloop
  endfacet
  facet normal -0.996737 0.0807127 0
    outer loop
      vertex 3.36533 -14.3604 7.15
      vertex 3.34328 -14.6327 6.15
      vertex 3.34328 -14.6327 7.15
    endloop
  endfacet
  facet normal -0.992204 0.124621 0
    outer loop
      vertex 3.31242 -14.8784 6.15
      vertex 3.34328 -14.6327 7.15
      vertex 3.34328 -14.6327 6.15
    endloop
  endfacet
  facet normal -0.992204 0.124621 0
    outer loop
      vertex 3.34328 -14.6327 7.15
      vertex 3.31242 -14.8784 6.15
      vertex 3.31242 -14.8784 7.15
    endloop
  endfacet
  facet normal -0.983973 0.17832 0
    outer loop
      vertex 3.27275 -15.0973 6.15
      vertex 3.31242 -14.8784 7.15
      vertex 3.31242 -14.8784 6.15
    endloop
  endfacet
  facet normal -0.983973 0.17832 0
    outer loop
      vertex 3.31242 -14.8784 7.15
      vertex 3.27275 -15.0973 6.15
      vertex 3.27275 -15.0973 7.15
    endloop
  endfacet
  facet normal -0.969648 0.244505 0
    outer loop
      vertex 3.22426 -15.2896 6.15
      vertex 3.27275 -15.0973 7.15
      vertex 3.27275 -15.0973 6.15
    endloop
  endfacet
  facet normal -0.969648 0.244505 0
    outer loop
      vertex 3.27275 -15.0973 7.15
      vertex 3.22426 -15.2896 6.15
      vertex 3.22426 -15.2896 7.15
    endloop
  endfacet
  facet normal -0.932373 0.361499 0
    outer loop
      vertex 3.16017 -15.4549 6.15
      vertex 3.22426 -15.2896 7.15
      vertex 3.22426 -15.2896 6.15
    endloop
  endfacet
  facet normal -0.932373 0.361499 0
    outer loop
      vertex 3.22426 -15.2896 7.15
      vertex 3.16017 -15.4549 6.15
      vertex 3.16017 -15.4549 7.15
    endloop
  endfacet
  facet normal -0.850313 0.526277 0
    outer loop
      vertex 3.07643 -15.5902 6.15
      vertex 3.16017 -15.4549 7.15
      vertex 3.16017 -15.4549 6.15
    endloop
  endfacet
  facet normal -0.850313 0.526277 0
    outer loop
      vertex 3.16017 -15.4549 7.15
      vertex 3.07643 -15.5902 6.15
      vertex 3.07643 -15.5902 7.15
    endloop
  endfacet
  facet normal -0.713148 0.701014 0
    outer loop
      vertex 2.97302 -15.6954 6.15
      vertex 3.07643 -15.5902 7.15
      vertex 3.07643 -15.5902 6.15
    endloop
  endfacet
  facet normal -0.713148 0.701014 0
    outer loop
      vertex 3.07643 -15.5902 7.15
      vertex 2.97302 -15.6954 6.15
      vertex 2.97302 -15.6954 7.15
    endloop
  endfacet
  facet normal -0.520836 0.853657 0
    outer loop
      vertex 2.97302 -15.6954 6.15
      vertex 2.84993 -15.7705 7.15
      vertex 2.97302 -15.6954 7.15
    endloop
  endfacet
  facet normal -0.520836 0.853657 0
    outer loop
      vertex 2.84993 -15.7705 7.15
      vertex 2.97302 -15.6954 6.15
      vertex 2.84993 -15.7705 6.15
    endloop
  endfacet
  facet normal -0.301259 0.953542 0
    outer loop
      vertex 2.84993 -15.7705 6.15
      vertex 2.70718 -15.8156 7.15
      vertex 2.84993 -15.7705 7.15
    endloop
  endfacet
  facet normal -0.301259 0.953542 0
    outer loop
      vertex 2.70718 -15.8156 7.15
      vertex 2.84993 -15.7705 6.15
      vertex 2.70718 -15.8156 6.15
    endloop
  endfacet
  facet normal -0.092564 0.995707 0
    outer loop
      vertex 2.70718 -15.8156 6.15
      vertex 2.54475 -15.8307 7.15
      vertex 2.70718 -15.8156 7.15
    endloop
  endfacet
  facet normal -0.092564 0.995707 0
    outer loop
      vertex 2.54475 -15.8307 7.15
      vertex 2.70718 -15.8156 6.15
      vertex 2.54475 -15.8307 6.15
    endloop
  endfacet
  facet normal 0.0919057 0.995768 -0
    outer loop
      vertex 2.54475 -15.8307 6.15
      vertex 2.38223 -15.8157 7.15
      vertex 2.54475 -15.8307 7.15
    endloop
  endfacet
  facet normal 0.0919057 0.995768 0
    outer loop
      vertex 2.38223 -15.8157 7.15
      vertex 2.54475 -15.8307 6.15
      vertex 2.38223 -15.8157 6.15
    endloop
  endfacet
  facet normal 0 1 -0
    outer loop
      vertex -1.12265 -10.7302 6.15
      vertex -2.08698 -10.7302 7.15
      vertex -1.12265 -10.7302 7.15
    endloop
  endfacet
  facet normal 0 1 0
    outer loop
      vertex -2.08698 -10.7302 7.15
      vertex -1.12265 -10.7302 6.15
      vertex -2.08698 -10.7302 6.15
    endloop
  endfacet
  facet normal -0.999037 0.0438862 0
    outer loop
      vertex -2.08821 -10.7582 6.15
      vertex -2.08698 -10.7302 7.15
      vertex -2.08698 -10.7302 6.15
    endloop
  endfacet
  facet normal -0.999037 0.0438862 0
    outer loop
      vertex -2.08698 -10.7302 7.15
      vertex -2.08821 -10.7582 6.15
      vertex -2.08821 -10.7582 7.15
    endloop
  endfacet
  facet normal -0.993483 0.113976 0
    outer loop
      vertex -2.09195 -10.7908 6.15
      vertex -2.08821 -10.7582 7.15
      vertex -2.08821 -10.7582 6.15
    endloop
  endfacet
  facet normal -0.993483 0.113976 0
    outer loop
      vertex -2.08821 -10.7582 7.15
      vertex -2.09195 -10.7908 6.15
      vertex -2.09195 -10.7908 7.15
    endloop
  endfacet
  facet normal -0.986206 0.165523 0
    outer loop
      vertex -2.09816 -10.8278 6.15
      vertex -2.09195 -10.7908 7.15
      vertex -2.09195 -10.7908 6.15
    endloop
  endfacet
  facet normal -0.986206 0.165523 0
    outer loop
      vertex -2.09195 -10.7908 7.15
      vertex -2.09816 -10.8278 6.15
      vertex -2.09816 -10.8278 7.15
    endloop
  endfacet
  facet normal -0.978824 0.204706 0
    outer loop
      vertex -2.10686 -10.8694 6.15
      vertex -2.09816 -10.8278 7.15
      vertex -2.09816 -10.8278 6.15
    endloop
  endfacet
  facet normal -0.978824 0.204706 0
    outer loop
      vertex -2.09816 -10.8278 7.15
      vertex -2.10686 -10.8694 6.15
      vertex -2.10686 -10.8694 7.15
    endloop
  endfacet
  facet normal -0.971733 0.236083 0
    outer loop
      vertex -2.11806 -10.9155 6.15
      vertex -2.10686 -10.8694 7.15
      vertex -2.10686 -10.8694 6.15
    endloop
  endfacet
  facet normal -0.971733 0.236083 0
    outer loop
      vertex -2.10686 -10.8694 7.15
      vertex -2.11806 -10.9155 6.15
      vertex -2.11806 -10.9155 7.15
    endloop
  endfacet
  facet normal -0.96552 0.260329 0
    outer loop
      vertex -2.13173 -10.9662 6.15
      vertex -2.11806 -10.9155 7.15
      vertex -2.11806 -10.9155 6.15
    endloop
  endfacet
  facet normal -0.96552 0.260329 0
    outer loop
      vertex -2.11806 -10.9155 7.15
      vertex -2.13173 -10.9662 6.15
      vertex -2.13173 -10.9662 7.15
    endloop
  endfacet
  facet normal -0.950607 0.310398 0
    outer loop
      vertex -2.15955 -11.0514 6.15
      vertex -2.13173 -10.9662 7.15
      vertex -2.13173 -10.9662 6.15
    endloop
  endfacet
  facet normal -0.950607 0.310398 0
    outer loop
      vertex -2.13173 -10.9662 7.15
      vertex -2.15955 -11.0514 6.15
      vertex -2.15955 -11.0514 7.15
    endloop
  endfacet
  facet normal -0.92787 0.372903 0
    outer loop
      vertex -2.19142 -11.1307 6.15
      vertex -2.15955 -11.0514 7.15
      vertex -2.15955 -11.0514 6.15
    endloop
  endfacet
  facet normal -0.92787 0.372903 0
    outer loop
      vertex -2.15955 -11.0514 7.15
      vertex -2.19142 -11.1307 6.15
      vertex -2.19142 -11.1307 7.15
    endloop
  endfacet
  facet normal -0.898352 0.439276 0
    outer loop
      vertex -2.22736 -11.2042 6.15
      vertex -2.19142 -11.1307 7.15
      vertex -2.19142 -11.1307 6.15
    endloop
  endfacet
  facet normal -0.898352 0.439276 0
    outer loop
      vertex -2.19142 -11.1307 7.15
      vertex -2.22736 -11.2042 6.15
      vertex -2.22736 -11.2042 7.15
    endloop
  endfacet
  facet normal -0.860678 0.50915 0
    outer loop
      vertex -2.26735 -11.2718 6.15
      vertex -2.22736 -11.2042 7.15
      vertex -2.22736 -11.2042 6.15
    endloop
  endfacet
  facet normal -0.860678 0.50915 0
    outer loop
      vertex -2.22736 -11.2042 7.15
      vertex -2.26735 -11.2718 6.15
      vertex -2.26735 -11.2718 7.15
    endloop
  endfacet
  facet normal -0.813742 0.581226 0
    outer loop
      vertex -2.31142 -11.3335 6.15
      vertex -2.26735 -11.2718 7.15
      vertex -2.26735 -11.2718 6.15
    endloop
  endfacet
  facet normal -0.813742 0.581226 0
    outer loop
      vertex -2.26735 -11.2718 7.15
      vertex -2.31142 -11.3335 6.15
      vertex -2.31142 -11.3335 7.15
    endloop
  endfacet
  facet normal -0.757299 0.653068 0
    outer loop
      vertex -2.35954 -11.3893 6.15
      vertex -2.31142 -11.3335 7.15
      vertex -2.31142 -11.3335 6.15
    endloop
  endfacet
  facet normal -0.757299 0.653068 0
    outer loop
      vertex -2.31142 -11.3335 7.15
      vertex -2.35954 -11.3893 6.15
      vertex -2.35954 -11.3893 7.15
    endloop
  endfacet
  facet normal -0.688665 0.72508 0
    outer loop
      vertex -2.35954 -11.3893 6.15
      vertex -2.4364 -11.4623 7.15
      vertex -2.35954 -11.3893 7.15
    endloop
  endfacet
  facet normal -0.688665 0.72508 0
    outer loop
      vertex -2.4364 -11.4623 7.15
      vertex -2.35954 -11.3893 6.15
      vertex -2.4364 -11.4623 6.15
    endloop
  endfacet
  facet normal -0.608021 0.793921 0
    outer loop
      vertex -2.4364 -11.4623 6.15
      vertex -2.52049 -11.5267 7.15
      vertex -2.4364 -11.4623 7.15
    endloop
  endfacet
  facet normal -0.608021 0.793921 0
    outer loop
      vertex -2.52049 -11.5267 7.15
      vertex -2.4364 -11.4623 6.15
      vertex -2.52049 -11.5267 6.15
    endloop
  endfacet
  facet normal -0.522043 0.852919 0
    outer loop
      vertex -2.52049 -11.5267 6.15
      vertex -2.61182 -11.5826 7.15
      vertex -2.52049 -11.5267 7.15
    endloop
  endfacet
  facet normal -0.522043 0.852919 0
    outer loop
      vertex -2.61182 -11.5826 7.15
      vertex -2.52049 -11.5267 6.15
      vertex -2.61182 -11.5826 6.15
    endloop
  endfacet
  facet normal -0.431957 0.901894 0
    outer loop
      vertex -2.61182 -11.5826 6.15
      vertex -2.71037 -11.6298 7.15
      vertex -2.61182 -11.5826 7.15
    endloop
  endfacet
  facet normal -0.431957 0.901894 0
    outer loop
      vertex -2.71037 -11.6298 7.15
      vertex -2.61182 -11.5826 6.15
      vertex -2.71037 -11.6298 6.15
    endloop
  endfacet
  facet normal -0.343553 0.939133 0
    outer loop
      vertex -2.71037 -11.6298 6.15
      vertex -2.81616 -11.6685 7.15
      vertex -2.71037 -11.6298 7.15
    endloop
  endfacet
  facet normal -0.343553 0.939133 0
    outer loop
      vertex -2.81616 -11.6685 7.15
      vertex -2.71037 -11.6298 6.15
      vertex -2.81616 -11.6685 6.15
    endloop
  endfacet
  facet normal -0.256555 0.96653 0
    outer loop
      vertex -2.81616 -11.6685 6.15
      vertex -2.92918 -11.6985 7.15
      vertex -2.81616 -11.6685 7.15
    endloop
  endfacet
  facet normal -0.256555 0.96653 0
    outer loop
      vertex -2.92918 -11.6985 7.15
      vertex -2.81616 -11.6685 6.15
      vertex -2.92918 -11.6985 6.15
    endloop
  endfacet
  facet normal -0.186016 0.982547 0
    outer loop
      vertex -2.92918 -11.6985 6.15
      vertex -3.01158 -11.7141 7.15
      vertex -2.92918 -11.6985 7.15
    endloop
  endfacet
  facet normal -0.186016 0.982547 0
    outer loop
      vertex -3.01158 -11.7141 7.15
      vertex -2.92918 -11.6985 6.15
      vertex -3.01158 -11.7141 6.15
    endloop
  endfacet
  facet normal -0.140582 0.990069 0
    outer loop
      vertex -3.01158 -11.7141 6.15
      vertex -3.11229 -11.7284 7.15
      vertex -3.01158 -11.7141 7.15
    endloop
  endfacet
  facet normal -0.140582 0.990069 0
    outer loop
      vertex -3.11229 -11.7284 7.15
      vertex -3.01158 -11.7141 6.15
      vertex -3.11229 -11.7284 6.15
    endloop
  endfacet
  facet normal -0.107754 0.994178 0
    outer loop
      vertex -3.11229 -11.7284 6.15
      vertex -3.23131 -11.7413 7.15
      vertex -3.11229 -11.7284 7.15
    endloop
  endfacet
  facet normal -0.107754 0.994178 0
    outer loop
      vertex -3.23131 -11.7413 7.15
      vertex -3.11229 -11.7284 6.15
      vertex -3.23131 -11.7413 6.15
    endloop
  endfacet
  facet normal -0.0834599 0.996511 0
    outer loop
      vertex -3.23131 -11.7413 6.15
      vertex -3.36862 -11.7528 7.15
      vertex -3.23131 -11.7413 7.15
    endloop
  endfacet
  facet normal -0.0834599 0.996511 0
    outer loop
      vertex -3.36862 -11.7528 7.15
      vertex -3.23131 -11.7413 6.15
      vertex -3.36862 -11.7528 6.15
    endloop
  endfacet
  facet normal -0.0653956 0.997859 0
    outer loop
      vertex -3.36862 -11.7528 6.15
      vertex -3.52426 -11.763 7.15
      vertex -3.36862 -11.7528 7.15
    endloop
  endfacet
  facet normal -0.0653956 0.997859 0
    outer loop
      vertex -3.52426 -11.763 7.15
      vertex -3.36862 -11.7528 6.15
      vertex -3.52426 -11.763 6.15
    endloop
  endfacet
  facet normal -0.0505246 0.998723 0
    outer loop
      vertex -3.52426 -11.763 6.15
      vertex -3.69821 -11.7718 7.15
      vertex -3.52426 -11.763 7.15
    endloop
  endfacet
  facet normal -0.0505246 0.998723 0
    outer loop
      vertex -3.69821 -11.7718 7.15
      vertex -3.52426 -11.763 6.15
      vertex -3.69821 -11.7718 6.15
    endloop
  endfacet
  facet normal -1 0 0
    outer loop
      vertex -3.69821 -12.5628 6.15
      vertex -3.69821 -11.7718 7.15
      vertex -3.69821 -11.7718 6.15
    endloop
  endfacet
  facet normal -1 -0 0
    outer loop
      vertex -3.69821 -11.7718 7.15
      vertex -3.69821 -12.5628 6.15
      vertex -3.69821 -12.5628 7.15
    endloop
  endfacet
  facet normal 0 -1 0
    outer loop
      vertex -3.69821 -12.5628 6.15
      vertex -2.31078 -12.5628 7.15
      vertex -3.69821 -12.5628 7.15
    endloop
  endfacet
  facet normal 0 -1 -0
    outer loop
      vertex -2.31078 -12.5628 7.15
      vertex -3.69821 -12.5628 6.15
      vertex -2.31078 -12.5628 6.15
    endloop
  endfacet
  facet normal -1 0 0
    outer loop
      vertex -2.31078 -16.6294 6.15
      vertex -2.31078 -12.5628 7.15
      vertex -2.31078 -12.5628 6.15
    endloop
  endfacet
  facet normal -1 -0 0
    outer loop
      vertex -2.31078 -12.5628 7.15
      vertex -2.31078 -16.6294 6.15
      vertex -2.31078 -16.6294 7.15
    endloop
  endfacet
  facet normal 0 -1 0
    outer loop
      vertex -2.31078 -16.6294 6.15
      vertex -1.12265 -16.6294 7.15
      vertex -2.31078 -16.6294 7.15
    endloop
  endfacet
  facet normal 0 -1 -0
    outer loop
      vertex -1.12265 -16.6294 7.15
      vertex -2.31078 -16.6294 6.15
      vertex -1.12265 -16.6294 6.15
    endloop
  endfacet
  facet normal 1 -0 0
    outer loop
      vertex -1.12265 -16.6294 7.15
      vertex -1.12265 -10.7302 6.15
      vertex -1.12265 -10.7302 7.15
    endloop
  endfacet
  facet normal 1 0 0
    outer loop
      vertex -1.12265 -10.7302 6.15
      vertex -1.12265 -16.6294 7.15
      vertex -1.12265 -16.6294 6.15
    endloop
  endfacet
  facet normal 1 -0 0
    outer loop
      vertex 26.785 -3.035 6.2
      vertex 26.785 6.035 6.15
      vertex 26.785 6.035 6.2
    endloop
  endfacet
  facet normal 1 0 0
    outer loop
      vertex 26.785 6.035 6.15
      vertex 26.785 -3.035 6.2
      vertex 26.785 -3.035 6.15
    endloop
  endfacet
  facet normal -1 0 0
    outer loop
      vertex 17.715 -3.035 6.15
      vertex 17.715 6.035 6.2
      vertex 17.715 6.035 6.15
    endloop
  endfacet
  facet normal -1 -0 0
    outer loop
      vertex 17.715 6.035 6.2
      vertex 17.715 -3.035 6.15
      vertex 17.715 -3.035 6.2
    endloop
  endfacet
  facet normal -0.999861 0 0.0166644
    outer loop
      vertex 17.715 6.035 6.2
      vertex 18.015 -2.735 24.2
      vertex 18.015 5.735 24.2
    endloop
  endfacet
  facet normal -0.999861 0 0.0166644
    outer loop
      vertex 18.015 -2.735 24.2
      vertex 17.715 6.035 6.2
      vertex 17.715 -3.035 6.2
    endloop
  endfacet
  facet normal 0 1 -0
    outer loop
      vertex 26.785 6.035 6.15
      vertex 17.715 6.035 6.2
      vertex 26.785 6.035 6.2
    endloop
  endfacet
  facet normal 0 1 0
    outer loop
      vertex 17.715 6.035 6.2
      vertex 26.785 6.035 6.15
      vertex 17.715 6.035 6.15
    endloop
  endfacet
  facet normal -0 0 1
    outer loop
      vertex 18.015 5.735 24.2
      vertex 26.485 -2.735 24.2
      vertex 26.485 5.735 24.2
    endloop
  endfacet
  facet normal 0 0 1
    outer loop
      vertex 26.485 -2.735 24.2
      vertex 18.015 5.735 24.2
      vertex 18.015 -2.735 24.2
    endloop
  endfacet
  facet normal 0 -0.999861 0.0166644
    outer loop
      vertex 17.715 -3.035 6.2
      vertex 26.485 -2.735 24.2
      vertex 18.015 -2.735 24.2
    endloop
  endfacet
  facet normal 0 -0.999861 0.0166644
    outer loop
      vertex 26.485 -2.735 24.2
      vertex 17.715 -3.035 6.2
      vertex 26.785 -3.035 6.2
    endloop
  endfacet
  facet normal 0 -1 0
    outer loop
      vertex 17.715 -3.035 6.15
      vertex 26.785 -3.035 6.2
      vertex 17.715 -3.035 6.2
    endloop
  endfacet
  facet normal 0 -1 -0
    outer loop
      vertex 26.785 -3.035 6.2
      vertex 17.715 -3.035 6.15
      vertex 26.785 -3.035 6.15
    endloop
  endfacet
  facet normal 0 0.999861 0.0166644
    outer loop
      vertex 26.785 6.035 6.2
      vertex 18.015 5.735 24.2
      vertex 26.485 5.735 24.2
    endloop
  endfacet
  facet normal 0 0.999861 0.0166644
    outer loop
      vertex 18.015 5.735 24.2
      vertex 26.785 6.035 6.2
      vertex 17.715 6.035 6.2
    endloop
  endfacet
  facet normal 0.999861 -0 0.0166644
    outer loop
      vertex 26.485 -2.735 24.2
      vertex 26.785 6.035 6.2
      vertex 26.485 5.735 24.2
    endloop
  endfacet
  facet normal 0.999861 0 0.0166644
    outer loop
      vertex 26.785 6.035 6.2
      vertex 26.485 -2.735 24.2
      vertex 26.785 -3.035 6.2
    endloop
  endfacet
  facet normal -0 0 1
    outer loop
      vertex 19.9111 -11.386 7.15
      vertex 19.9117 -12.6153 7.15
      vertex 19.9552 -11.3243 7.15
    endloop
  endfacet
  facet normal -0 0 1
    outer loop
      vertex 19.863 -11.4418 7.15
      vertex 19.9117 -12.6153 7.15
      vertex 19.9111 -11.386 7.15
    endloop
  endfacet
  facet normal -0 0 1
    outer loop
      vertex 19.7861 -11.5148 7.15
      vertex 19.9117 -12.6153 7.15
      vertex 19.863 -11.4418 7.15
    endloop
  endfacet
  facet normal -0 0 1
    outer loop
      vertex 19.702 -11.5792 7.15
      vertex 19.9117 -12.6153 7.15
      vertex 19.7861 -11.5148 7.15
    endloop
  endfacet
  facet normal -0 0 1
    outer loop
      vertex 19.6107 -11.6351 7.15
      vertex 19.9117 -12.6153 7.15
      vertex 19.702 -11.5792 7.15
    endloop
  endfacet
  facet normal -0 0 1
    outer loop
      vertex 19.5121 -11.6823 7.15
      vertex 19.9117 -12.6153 7.15
      vertex 19.6107 -11.6351 7.15
    endloop
  endfacet
  facet normal -0 0 1
    outer loop
      vertex 19.4063 -11.721 7.15
      vertex 19.9117 -12.6153 7.15
      vertex 19.5121 -11.6823 7.15
    endloop
  endfacet
  facet normal -0 0 1
    outer loop
      vertex 19.2933 -11.751 7.15
      vertex 19.9117 -12.6153 7.15
      vertex 19.4063 -11.721 7.15
    endloop
  endfacet
  facet normal -0 0 1
    outer loop
      vertex 19.2109 -11.7666 7.15
      vertex 19.9117 -12.6153 7.15
      vertex 19.2933 -11.751 7.15
    endloop
  endfacet
  facet normal -0 0 1
    outer loop
      vertex 19.1102 -11.7809 7.15
      vertex 19.9117 -12.6153 7.15
      vertex 19.2109 -11.7666 7.15
    endloop
  endfacet
  facet normal 0 0 1
    outer loop
      vertex 18.5243 -12.6153 7.15
      vertex 19.1102 -11.7809 7.15
      vertex 18.9912 -11.7938 7.15
    endloop
  endfacet
  facet normal 0 0 1
    outer loop
      vertex 18.5243 -12.6153 7.15
      vertex 18.9912 -11.7938 7.15
      vertex 18.8539 -11.8053 7.15
    endloop
  endfacet
  facet normal 0 0 1
    outer loop
      vertex 18.5243 -12.6153 7.15
      vertex 18.8539 -11.8053 7.15
      vertex 18.6982 -11.8155 7.15
    endloop
  endfacet
  facet normal 0 0 1
    outer loop
      vertex 18.5243 -12.6153 7.15
      vertex 18.6982 -11.8155 7.15
      vertex 18.5243 -11.8243 7.15
    endloop
  endfacet
  facet normal 0 0 1
    outer loop
      vertex 19.1102 -11.7809 7.15
      vertex 18.5243 -12.6153 7.15
      vertex 19.9117 -12.6153 7.15
    endloop
  endfacet
  facet normal 0 0 1
    outer loop
      vertex 20.1343 -10.8107 7.15
      vertex 21.0999 -10.7827 7.15
      vertex 20.1355 -10.7827 7.15
    endloop
  endfacet
  facet normal 0 0 1
    outer loop
      vertex 20.1306 -10.8432 7.15
      vertex 21.0999 -10.7827 7.15
      vertex 20.1343 -10.8107 7.15
    endloop
  endfacet
  facet normal 0 0 1
    outer loop
      vertex 20.1243 -10.8803 7.15
      vertex 21.0999 -10.7827 7.15
      vertex 20.1306 -10.8432 7.15
    endloop
  endfacet
  facet normal 0 0 1
    outer loop
      vertex 20.1156 -10.9219 7.15
      vertex 21.0999 -10.7827 7.15
      vertex 20.1243 -10.8803 7.15
    endloop
  endfacet
  facet normal 0 0 1
    outer loop
      vertex 20.1045 -10.968 7.15
      vertex 21.0999 -10.7827 7.15
      vertex 20.1156 -10.9219 7.15
    endloop
  endfacet
  facet normal 0 0 1
    outer loop
      vertex 20.0908 -11.0187 7.15
      vertex 21.0999 -10.7827 7.15
      vertex 20.1045 -10.968 7.15
    endloop
  endfacet
  facet normal 0 0 1
    outer loop
      vertex 20.063 -11.1039 7.15
      vertex 21.0999 -10.7827 7.15
      vertex 20.0908 -11.0187 7.15
    endloop
  endfacet
  facet normal 0 0 1
    outer loop
      vertex 20.0311 -11.1832 7.15
      vertex 21.0999 -10.7827 7.15
      vertex 20.063 -11.1039 7.15
    endloop
  endfacet
  facet normal 0 0 1
    outer loop
      vertex 19.9952 -11.2567 7.15
      vertex 21.0999 -10.7827 7.15
      vertex 20.0311 -11.1832 7.15
    endloop
  endfacet
  facet normal 0 0 1
    outer loop
      vertex 19.9552 -11.3243 7.15
      vertex 21.0999 -10.7827 7.15
      vertex 19.9952 -11.2567 7.15
    endloop
  endfacet
  facet normal 0 0 1
    outer loop
      vertex 21.0999 -10.7827 7.15
      vertex 19.9552 -11.3243 7.15
      vertex 19.9117 -12.6153 7.15
    endloop
  endfacet
  facet normal 0 0 1
    outer loop
      vertex 21.0999 -10.7827 7.15
      vertex 19.9117 -12.6153 7.15
      vertex 21.0999 -16.6819 7.15
    endloop
  endfacet
  facet normal 0 0 1
    outer loop
      vertex 21.0999 -16.6819 7.15
      vertex 19.9117 -12.6153 7.15
      vertex 19.9117 -16.6819 7.15
    endloop
  endfacet
  facet normal -0 0 1
    outer loop
      vertex 23.992 -11.386 7.15
      vertex 23.9927 -12.6153 7.15
      vertex 24.0361 -11.3243 7.15
    endloop
  endfacet
  facet normal -0 0 1
    outer loop
      vertex 23.9439 -11.4418 7.15
      vertex 23.9927 -12.6153 7.15
      vertex 23.992 -11.386 7.15
    endloop
  endfacet
  facet normal -0 0 1
    outer loop
      vertex 23.867 -11.5148 7.15
      vertex 23.9927 -12.6153 7.15
      vertex 23.9439 -11.4418 7.15
    endloop
  endfacet
  facet normal -0 0 1
    outer loop
      vertex 23.7829 -11.5792 7.15
      vertex 23.9927 -12.6153 7.15
      vertex 23.867 -11.5148 7.15
    endloop
  endfacet
  facet normal -0 0 1
    outer loop
      vertex 23.6916 -11.6351 7.15
      vertex 23.9927 -12.6153 7.15
      vertex 23.7829 -11.5792 7.15
    endloop
  endfacet
  facet normal -0 0 1
    outer loop
      vertex 23.5931 -11.6823 7.15
      vertex 23.9927 -12.6153 7.15
      vertex 23.6916 -11.6351 7.15
    endloop
  endfacet
  facet normal -0 0 1
    outer loop
      vertex 23.4873 -11.721 7.15
      vertex 23.9927 -12.6153 7.15
      vertex 23.5931 -11.6823 7.15
    endloop
  endfacet
  facet normal -0 0 1
    outer loop
      vertex 23.3742 -11.751 7.15
      vertex 23.9927 -12.6153 7.15
      vertex 23.4873 -11.721 7.15
    endloop
  endfacet
  facet normal -0 0 1
    outer loop
      vertex 23.2919 -11.7666 7.15
      vertex 23.9927 -12.6153 7.15
      vertex 23.3742 -11.751 7.15
    endloop
  endfacet
  facet normal -0 0 1
    outer loop
      vertex 23.1911 -11.7809 7.15
      vertex 23.9927 -12.6153 7.15
      vertex 23.2919 -11.7666 7.15
    endloop
  endfacet
  facet normal 0 0 1
    outer loop
      vertex 22.6052 -12.6153 7.15
      vertex 23.1911 -11.7809 7.15
      vertex 23.0721 -11.7938 7.15
    endloop
  endfacet
  facet normal 0 0 1
    outer loop
      vertex 22.6052 -12.6153 7.15
      vertex 23.0721 -11.7938 7.15
      vertex 22.9348 -11.8053 7.15
    endloop
  endfacet
  facet normal 0 0 1
    outer loop
      vertex 22.6052 -12.6153 7.15
      vertex 22.9348 -11.8053 7.15
      vertex 22.7792 -11.8155 7.15
    endloop
  endfacet
  facet normal 0 0 1
    outer loop
      vertex 22.6052 -12.6153 7.15
      vertex 22.7792 -11.8155 7.15
      vertex 22.6052 -11.8243 7.15
    endloop
  endfacet
  facet normal 0 0 1
    outer loop
      vertex 23.1911 -11.7809 7.15
      vertex 22.6052 -12.6153 7.15
      vertex 23.9927 -12.6153 7.15
    endloop
  endfacet
  facet normal 0 0 1
    outer loop
      vertex 24.2152 -10.8107 7.15
      vertex 25.1808 -10.7827 7.15
      vertex 24.2165 -10.7827 7.15
    endloop
  endfacet
  facet normal 0 0 1
    outer loop
      vertex 24.2115 -10.8432 7.15
      vertex 25.1808 -10.7827 7.15
      vertex 24.2152 -10.8107 7.15
    endloop
  endfacet
  facet normal 0 0 1
    outer loop
      vertex 24.2053 -10.8803 7.15
      vertex 25.1808 -10.7827 7.15
      vertex 24.2115 -10.8432 7.15
    endloop
  endfacet
  facet normal 0 0 1
    outer loop
      vertex 24.1966 -10.9219 7.15
      vertex 25.1808 -10.7827 7.15
      vertex 24.2053 -10.8803 7.15
    endloop
  endfacet
  facet normal 0 0 1
    outer loop
      vertex 24.1854 -10.968 7.15
      vertex 25.1808 -10.7827 7.15
      vertex 24.1966 -10.9219 7.15
    endloop
  endfacet
  facet normal 0 0 1
    outer loop
      vertex 24.1717 -11.0187 7.15
      vertex 25.1808 -10.7827 7.15
      vertex 24.1854 -10.968 7.15
    endloop
  endfacet
  facet normal 0 0 1
    outer loop
      vertex 24.1439 -11.1039 7.15
      vertex 25.1808 -10.7827 7.15
      vertex 24.1717 -11.0187 7.15
    endloop
  endfacet
  facet normal 0 0 1
    outer loop
      vertex 24.112 -11.1832 7.15
      vertex 25.1808 -10.7827 7.15
      vertex 24.1439 -11.1039 7.15
    endloop
  endfacet
  facet normal 0 0 1
    outer loop
      vertex 24.0761 -11.2567 7.15
      vertex 25.1808 -10.7827 7.15
      vertex 24.112 -11.1832 7.15
    endloop
  endfacet
  facet normal 0 0 1
    outer loop
      vertex 24.0361 -11.3243 7.15
      vertex 25.1808 -10.7827 7.15
      vertex 24.0761 -11.2567 7.15
    endloop
  endfacet
  facet normal 0 0 1
    outer loop
      vertex 25.1808 -10.7827 7.15
      vertex 24.0361 -11.3243 7.15
      vertex 23.9927 -12.6153 7.15
    endloop
  endfacet
  facet normal 0 0 1
    outer loop
      vertex 25.1808 -10.7827 7.15
      vertex 23.9927 -12.6153 7.15
      vertex 25.1808 -16.6819 7.15
    endloop
  endfacet
  facet normal 0 0 1
    outer loop
      vertex 25.1808 -16.6819 7.15
      vertex 23.9927 -12.6153 7.15
      vertex 23.9927 -16.6819 7.15
    endloop
  endfacet
  facet normal 0 1 -0
    outer loop
      vertex 21.0999 -10.7827 6.15
      vertex 20.1355 -10.7827 7.15
      vertex 21.0999 -10.7827 7.15
    endloop
  endfacet
  facet normal 0 1 0
    outer loop
      vertex 20.1355 -10.7827 7.15
      vertex 21.0999 -10.7827 6.15
      vertex 20.1355 -10.7827 6.15
    endloop
  endfacet
  facet normal -0.999083 0.0428178 0
    outer loop
      vertex 20.1343 -10.8107 6.15
      vertex 20.1355 -10.7827 7.15
      vertex 20.1355 -10.7827 6.15
    endloop
  endfacet
  facet normal -0.999083 0.0428178 0
    outer loop
      vertex 20.1355 -10.7827 7.15
      vertex 20.1343 -10.8107 6.15
      vertex 20.1343 -10.8107 7.15
    endloop
  endfacet
  facet normal -0.993582 0.113115 0
    outer loop
      vertex 20.1306 -10.8432 6.15
      vertex 20.1343 -10.8107 7.15
      vertex 20.1343 -10.8107 6.15
    endloop
  endfacet
  facet normal -0.993582 0.113115 0
    outer loop
      vertex 20.1343 -10.8107 7.15
      vertex 20.1306 -10.8432 6.15
      vertex 20.1306 -10.8432 7.15
    endloop
  endfacet
  facet normal -0.985887 0.167415 0
    outer loop
      vertex 20.1243 -10.8803 6.15
      vertex 20.1306 -10.8432 7.15
      vertex 20.1306 -10.8432 6.15
    endloop
  endfacet
  facet normal -0.985887 0.167415 0
    outer loop
      vertex 20.1306 -10.8432 7.15
      vertex 20.1243 -10.8803 6.15
      vertex 20.1243 -10.8803 7.15
    endloop
  endfacet
  facet normal -0.978824 0.204706 0
    outer loop
      vertex 20.1156 -10.9219 6.15
      vertex 20.1243 -10.8803 7.15
      vertex 20.1243 -10.8803 6.15
    endloop
  endfacet
  facet normal -0.978824 0.204706 0
    outer loop
      vertex 20.1243 -10.8803 7.15
      vertex 20.1156 -10.9219 6.15
      vertex 20.1156 -10.9219 7.15
    endloop
  endfacet
  facet normal -0.972215 0.234091 0
    outer loop
      vertex 20.1045 -10.968 6.15
      vertex 20.1156 -10.9219 7.15
      vertex 20.1156 -10.9219 6.15
    endloop
  endfacet
  facet normal -0.972215 0.234091 0
    outer loop
      vertex 20.1156 -10.9219 7.15
      vertex 20.1045 -10.968 6.15
      vertex 20.1045 -10.968 7.15
    endloop
  endfacet
  facet normal -0.965376 0.260861 0
    outer loop
      vertex 20.0908 -11.0187 6.15
      vertex 20.1045 -10.968 7.15
      vertex 20.1045 -10.968 6.15
    endloop
  endfacet
  facet normal -0.965376 0.260861 0
    outer loop
      vertex 20.1045 -10.968 7.15
      vertex 20.0908 -11.0187 6.15
      vertex 20.0908 -11.0187 7.15
    endloop
  endfacet
  facet normal -0.950673 0.310196 0
    outer loop
      vertex 20.063 -11.1039 6.15
      vertex 20.0908 -11.0187 7.15
      vertex 20.0908 -11.0187 6.15
    endloop
  endfacet
  facet normal -0.950673 0.310196 0
    outer loop
      vertex 20.0908 -11.0187 7.15
      vertex 20.063 -11.1039 6.15
      vertex 20.063 -11.1039 7.15
    endloop
  endfacet
  facet normal -0.927749 0.373205 0
    outer loop
      vertex 20.0311 -11.1832 6.15
      vertex 20.063 -11.1039 7.15
      vertex 20.063 -11.1039 6.15
    endloop
  endfacet
  facet normal -0.927749 0.373205 0
    outer loop
      vertex 20.063 -11.1039 7.15
      vertex 20.0311 -11.1832 6.15
      vertex 20.0311 -11.1832 7.15
    endloop
  endfacet
  facet normal -0.898545 0.438881 0
    outer loop
      vertex 19.9952 -11.2567 6.15
      vertex 20.0311 -11.1832 7.15
      vertex 20.0311 -11.1832 6.15
    endloop
  endfacet
  facet normal -0.898545 0.438881 0
    outer loop
      vertex 20.0311 -11.1832 7.15
      vertex 19.9952 -11.2567 6.15
      vertex 19.9952 -11.2567 7.15
    endloop
  endfacet
  facet normal -0.860622 0.509244 0
    outer loop
      vertex 19.9552 -11.3243 6.15
      vertex 19.9952 -11.2567 7.15
      vertex 19.9952 -11.2567 6.15
    endloop
  endfacet
  facet normal -0.860622 0.509244 0
    outer loop
      vertex 19.9952 -11.2567 7.15
      vertex 19.9552 -11.3243 6.15
      vertex 19.9552 -11.3243 7.15
    endloop
  endfacet
  facet normal -0.813555 0.581488 0
    outer loop
      vertex 19.9111 -11.386 6.15
      vertex 19.9552 -11.3243 7.15
      vertex 19.9552 -11.3243 6.15
    endloop
  endfacet
  facet normal -0.813555 0.581488 0
    outer loop
      vertex 19.9552 -11.3243 7.15
      vertex 19.9111 -11.386 6.15
      vertex 19.9111 -11.386 7.15
    endloop
  endfacet
  facet normal -0.757433 0.652913 0
    outer loop
      vertex 19.863 -11.4418 6.15
      vertex 19.9111 -11.386 7.15
      vertex 19.9111 -11.386 6.15
    endloop
  endfacet
  facet normal -0.757433 0.652913 0
    outer loop
      vertex 19.9111 -11.386 7.15
      vertex 19.863 -11.4418 6.15
      vertex 19.863 -11.4418 7.15
    endloop
  endfacet
  facet normal -0.688477 0.725258 0
    outer loop
      vertex 19.863 -11.4418 6.15
      vertex 19.7861 -11.5148 7.15
      vertex 19.863 -11.4418 7.15
    endloop
  endfacet
  facet normal -0.688477 0.725258 0
    outer loop
      vertex 19.7861 -11.5148 7.15
      vertex 19.863 -11.4418 6.15
      vertex 19.7861 -11.5148 6.15
    endloop
  endfacet
  facet normal -0.607976 0.793956 0
    outer loop
      vertex 19.7861 -11.5148 6.15
      vertex 19.702 -11.5792 7.15
      vertex 19.7861 -11.5148 7.15
    endloop
  endfacet
  facet normal -0.607976 0.793956 0
    outer loop
      vertex 19.702 -11.5792 7.15
      vertex 19.7861 -11.5148 6.15
      vertex 19.702 -11.5792 6.15
    endloop
  endfacet
  facet normal -0.522168 0.852843 0
    outer loop
      vertex 19.702 -11.5792 6.15
      vertex 19.6107 -11.6351 7.15
      vertex 19.702 -11.5792 7.15
    endloop
  endfacet
  facet normal -0.522168 0.852843 0
    outer loop
      vertex 19.6107 -11.6351 7.15
      vertex 19.702 -11.5792 6.15
      vertex 19.6107 -11.6351 6.15
    endloop
  endfacet
  facet normal -0.431779 0.901979 0
    outer loop
      vertex 19.6107 -11.6351 6.15
      vertex 19.5121 -11.6823 7.15
      vertex 19.6107 -11.6351 7.15
    endloop
  endfacet
  facet normal -0.431779 0.901979 0
    outer loop
      vertex 19.5121 -11.6823 7.15
      vertex 19.6107 -11.6351 6.15
      vertex 19.5121 -11.6823 6.15
    endloop
  endfacet
  facet normal -0.343524 0.939144 0
    outer loop
      vertex 19.5121 -11.6823 6.15
      vertex 19.4063 -11.721 7.15
      vertex 19.5121 -11.6823 7.15
    endloop
  endfacet
  facet normal -0.343524 0.939144 0
    outer loop
      vertex 19.4063 -11.721 7.15
      vertex 19.5121 -11.6823 6.15
      vertex 19.4063 -11.721 6.15
    endloop
  endfacet
  facet normal -0.256598 0.966518 0
    outer loop
      vertex 19.4063 -11.721 6.15
      vertex 19.2933 -11.751 7.15
      vertex 19.4063 -11.721 7.15
    endloop
  endfacet
  facet normal -0.256598 0.966518 0
    outer loop
      vertex 19.2933 -11.751 7.15
      vertex 19.4063 -11.721 6.15
      vertex 19.2933 -11.751 6.15
    endloop
  endfacet
  facet normal -0.186016 0.982547 0
    outer loop
      vertex 19.2933 -11.751 6.15
      vertex 19.2109 -11.7666 7.15
      vertex 19.2933 -11.751 7.15
    endloop
  endfacet
  facet normal -0.186016 0.982547 0
    outer loop
      vertex 19.2109 -11.7666 7.15
      vertex 19.2933 -11.751 6.15
      vertex 19.2109 -11.7666 6.15
    endloop
  endfacet
  facet normal -0.140595 0.990067 0
    outer loop
      vertex 19.2109 -11.7666 6.15
      vertex 19.1102 -11.7809 7.15
      vertex 19.2109 -11.7666 7.15
    endloop
  endfacet
  facet normal -0.140595 0.990067 0
    outer loop
      vertex 19.1102 -11.7809 7.15
      vertex 19.2109 -11.7666 6.15
      vertex 19.1102 -11.7809 6.15
    endloop
  endfacet
  facet normal -0.107772 0.994176 0
    outer loop
      vertex 19.1102 -11.7809 6.15
      vertex 18.9912 -11.7938 7.15
      vertex 19.1102 -11.7809 7.15
    endloop
  endfacet
  facet normal -0.107772 0.994176 0
    outer loop
      vertex 18.9912 -11.7938 7.15
      vertex 19.1102 -11.7809 6.15
      vertex 18.9912 -11.7938 6.15
    endloop
  endfacet
  facet normal -0.0834659 0.996511 0
    outer loop
      vertex 18.9912 -11.7938 6.15
      vertex 18.8539 -11.8053 7.15
      vertex 18.9912 -11.7938 7.15
    endloop
  endfacet
  facet normal -0.0834659 0.996511 0
    outer loop
      vertex 18.8539 -11.8053 7.15
      vertex 18.9912 -11.7938 6.15
      vertex 18.8539 -11.8053 6.15
    endloop
  endfacet
  facet normal -0.0653705 0.997861 0
    outer loop
      vertex 18.8539 -11.8053 6.15
      vertex 18.6982 -11.8155 7.15
      vertex 18.8539 -11.8053 7.15
    endloop
  endfacet
  facet normal -0.0653705 0.997861 0
    outer loop
      vertex 18.6982 -11.8155 7.15
      vertex 18.8539 -11.8053 6.15
      vertex 18.6982 -11.8155 6.15
    endloop
  endfacet
  facet normal -0.0505391 0.998722 0
    outer loop
      vertex 18.6982 -11.8155 6.15
      vertex 18.5243 -11.8243 7.15
      vertex 18.6982 -11.8155 7.15
    endloop
  endfacet
  facet normal -0.0505391 0.998722 0
    outer loop
      vertex 18.5243 -11.8243 7.15
      vertex 18.6982 -11.8155 6.15
      vertex 18.5243 -11.8243 6.15
    endloop
  endfacet
  facet normal -1 0 0
    outer loop
      vertex 18.5243 -12.6153 6.15
      vertex 18.5243 -11.8243 7.15
      vertex 18.5243 -11.8243 6.15
    endloop
  endfacet
  facet normal -1 -0 0
    outer loop
      vertex 18.5243 -11.8243 7.15
      vertex 18.5243 -12.6153 6.15
      vertex 18.5243 -12.6153 7.15
    endloop
  endfacet
  facet normal 0 -1 0
    outer loop
      vertex 18.5243 -12.6153 6.15
      vertex 19.9117 -12.6153 7.15
      vertex 18.5243 -12.6153 7.15
    endloop
  endfacet
  facet normal 0 -1 -0
    outer loop
      vertex 19.9117 -12.6153 7.15
      vertex 18.5243 -12.6153 6.15
      vertex 19.9117 -12.6153 6.15
    endloop
  endfacet
  facet normal -1 0 0
    outer loop
      vertex 19.9117 -16.6819 6.15
      vertex 19.9117 -12.6153 7.15
      vertex 19.9117 -12.6153 6.15
    endloop
  endfacet
  facet normal -1 -0 0
    outer loop
      vertex 19.9117 -12.6153 7.15
      vertex 19.9117 -16.6819 6.15
      vertex 19.9117 -16.6819 7.15
    endloop
  endfacet
  facet normal 0 -1 0
    outer loop
      vertex 19.9117 -16.6819 6.15
      vertex 21.0999 -16.6819 7.15
      vertex 19.9117 -16.6819 7.15
    endloop
  endfacet
  facet normal 0 -1 -0
    outer loop
      vertex 21.0999 -16.6819 7.15
      vertex 19.9117 -16.6819 6.15
      vertex 21.0999 -16.6819 6.15
    endloop
  endfacet
  facet normal 1 -0 0
    outer loop
      vertex 21.0999 -16.6819 7.15
      vertex 21.0999 -10.7827 6.15
      vertex 21.0999 -10.7827 7.15
    endloop
  endfacet
  facet normal 1 0 0
    outer loop
      vertex 21.0999 -10.7827 6.15
      vertex 21.0999 -16.6819 7.15
      vertex 21.0999 -16.6819 6.15
    endloop
  endfacet
  facet normal 0 1 -0
    outer loop
      vertex 25.1808 -10.7827 6.15
      vertex 24.2165 -10.7827 7.15
      vertex 25.1808 -10.7827 7.15
    endloop
  endfacet
  facet normal 0 1 0
    outer loop
      vertex 24.2165 -10.7827 7.15
      vertex 25.1808 -10.7827 6.15
      vertex 24.2165 -10.7827 6.15
    endloop
  endfacet
  facet normal -0.998924 0.0463786 0
    outer loop
      vertex 24.2152 -10.8107 6.15
      vertex 24.2165 -10.7827 7.15
      vertex 24.2165 -10.7827 6.15
    endloop
  endfacet
  facet normal -0.998924 0.0463786 0
    outer loop
      vertex 24.2165 -10.7827 7.15
      vertex 24.2152 -10.8107 6.15
      vertex 24.2152 -10.8107 7.15
    endloop
  endfacet
  facet normal -0.993582 0.113115 0
    outer loop
      vertex 24.2115 -10.8432 6.15
      vertex 24.2152 -10.8107 7.15
      vertex 24.2152 -10.8107 6.15
    endloop
  endfacet
  facet normal -0.993582 0.113115 0
    outer loop
      vertex 24.2152 -10.8107 7.15
      vertex 24.2115 -10.8432 6.15
      vertex 24.2115 -10.8432 7.15
    endloop
  endfacet
  facet normal -0.986322 0.16483 0
    outer loop
      vertex 24.2053 -10.8803 6.15
      vertex 24.2115 -10.8432 7.15
      vertex 24.2115 -10.8432 6.15
    endloop
  endfacet
  facet normal -0.986322 0.16483 0
    outer loop
      vertex 24.2115 -10.8432 7.15
      vertex 24.2053 -10.8803 6.15
      vertex 24.2053 -10.8803 7.15
    endloop
  endfacet
  facet normal -0.978824 0.204706 0
    outer loop
      vertex 24.1966 -10.9219 6.15
      vertex 24.2053 -10.8803 7.15
      vertex 24.2053 -10.8803 6.15
    endloop
  endfacet
  facet normal -0.978824 0.204706 0
    outer loop
      vertex 24.2053 -10.8803 7.15
      vertex 24.1966 -10.9219 6.15
      vertex 24.1966 -10.9219 7.15
    endloop
  endfacet
  facet normal -0.971733 0.236083 0
    outer loop
      vertex 24.1854 -10.968 6.15
      vertex 24.1966 -10.9219 7.15
      vertex 24.1966 -10.9219 6.15
    endloop
  endfacet
  facet normal -0.971733 0.236083 0
    outer loop
      vertex 24.1966 -10.9219 7.15
      vertex 24.1854 -10.968 6.15
      vertex 24.1854 -10.968 7.15
    endloop
  endfacet
  facet normal -0.965376 0.260861 0
    outer loop
      vertex 24.1717 -11.0187 6.15
      vertex 24.1854 -10.968 7.15
      vertex 24.1854 -10.968 6.15
    endloop
  endfacet
  facet normal -0.965376 0.260861 0
    outer loop
      vertex 24.1854 -10.968 7.15
      vertex 24.1717 -11.0187 6.15
      vertex 24.1717 -11.0187 7.15
    endloop
  endfacet
  facet normal -0.950673 0.310196 0
    outer loop
      vertex 24.1439 -11.1039 6.15
      vertex 24.1717 -11.0187 7.15
      vertex 24.1717 -11.0187 6.15
    endloop
  endfacet
  facet normal -0.950673 0.310196 0
    outer loop
      vertex 24.1717 -11.0187 7.15
      vertex 24.1439 -11.1039 6.15
      vertex 24.1439 -11.1039 7.15
    endloop
  endfacet
  facet normal -0.927749 0.373205 0
    outer loop
      vertex 24.112 -11.1832 6.15
      vertex 24.1439 -11.1039 7.15
      vertex 24.1439 -11.1039 6.15
    endloop
  endfacet
  facet normal -0.927749 0.373205 0
    outer loop
      vertex 24.1439 -11.1039 7.15
      vertex 24.112 -11.1832 6.15
      vertex 24.112 -11.1832 7.15
    endloop
  endfacet
  facet normal -0.898545 0.438881 0
    outer loop
      vertex 24.0761 -11.2567 6.15
      vertex 24.112 -11.1832 7.15
      vertex 24.112 -11.1832 6.15
    endloop
  endfacet
  facet normal -0.898545 0.438881 0
    outer loop
      vertex 24.112 -11.1832 7.15
      vertex 24.0761 -11.2567 6.15
      vertex 24.0761 -11.2567 7.15
    endloop
  endfacet
  facet normal -0.860622 0.509244 0
    outer loop
      vertex 24.0361 -11.3243 6.15
      vertex 24.0761 -11.2567 7.15
      vertex 24.0761 -11.2567 6.15
    endloop
  endfacet
  facet normal -0.860622 0.509244 0
    outer loop
      vertex 24.0761 -11.2567 7.15
      vertex 24.0361 -11.3243 6.15
      vertex 24.0361 -11.3243 7.15
    endloop
  endfacet
  facet normal -0.813555 0.581488 0
    outer loop
      vertex 23.992 -11.386 6.15
      vertex 24.0361 -11.3243 7.15
      vertex 24.0361 -11.3243 6.15
    endloop
  endfacet
  facet normal -0.813555 0.581488 0
    outer loop
      vertex 24.0361 -11.3243 7.15
      vertex 23.992 -11.386 6.15
      vertex 23.992 -11.386 7.15
    endloop
  endfacet
  facet normal -0.757433 0.652913 0
    outer loop
      vertex 23.9439 -11.4418 6.15
      vertex 23.992 -11.386 7.15
      vertex 23.992 -11.386 6.15
    endloop
  endfacet
  facet normal -0.757433 0.652913 0
    outer loop
      vertex 23.992 -11.386 7.15
      vertex 23.9439 -11.4418 6.15
      vertex 23.9439 -11.4418 7.15
    endloop
  endfacet
  facet normal -0.688477 0.725258 0
    outer loop
      vertex 23.9439 -11.4418 6.15
      vertex 23.867 -11.5148 7.15
      vertex 23.9439 -11.4418 7.15
    endloop
  endfacet
  facet normal -0.688477 0.725258 0
    outer loop
      vertex 23.867 -11.5148 7.15
      vertex 23.9439 -11.4418 6.15
      vertex 23.867 -11.5148 6.15
    endloop
  endfacet
  facet normal -0.607976 0.793956 0
    outer loop
      vertex 23.867 -11.5148 6.15
      vertex 23.7829 -11.5792 7.15
      vertex 23.867 -11.5148 7.15
    endloop
  endfacet
  facet normal -0.607976 0.793956 0
    outer loop
      vertex 23.7829 -11.5792 7.15
      vertex 23.867 -11.5148 6.15
      vertex 23.7829 -11.5792 6.15
    endloop
  endfacet
  facet normal -0.522168 0.852843 0
    outer loop
      vertex 23.7829 -11.5792 6.15
      vertex 23.6916 -11.6351 7.15
      vertex 23.7829 -11.5792 7.15
    endloop
  endfacet
  facet normal -0.522168 0.852843 0
    outer loop
      vertex 23.6916 -11.6351 7.15
      vertex 23.7829 -11.5792 6.15
      vertex 23.6916 -11.6351 6.15
    endloop
  endfacet
  facet normal -0.432136 0.901809 0
    outer loop
      vertex 23.6916 -11.6351 6.15
      vertex 23.5931 -11.6823 7.15
      vertex 23.6916 -11.6351 7.15
    endloop
  endfacet
  facet normal -0.432136 0.901809 0
    outer loop
      vertex 23.5931 -11.6823 7.15
      vertex 23.6916 -11.6351 6.15
      vertex 23.5931 -11.6823 6.15
    endloop
  endfacet
  facet normal -0.343524 0.939144 0
    outer loop
      vertex 23.5931 -11.6823 6.15
      vertex 23.4873 -11.721 7.15
      vertex 23.5931 -11.6823 7.15
    endloop
  endfacet
  facet normal -0.343524 0.939144 0
    outer loop
      vertex 23.4873 -11.721 7.15
      vertex 23.5931 -11.6823 6.15
      vertex 23.4873 -11.721 6.15
    endloop
  endfacet
  facet normal -0.256386 0.966575 0
    outer loop
      vertex 23.4873 -11.721 6.15
      vertex 23.3742 -11.751 7.15
      vertex 23.4873 -11.721 7.15
    endloop
  endfacet
  facet normal -0.256386 0.966575 0
    outer loop
      vertex 23.3742 -11.751 7.15
      vertex 23.4873 -11.721 6.15
      vertex 23.3742 -11.751 6.15
    endloop
  endfacet
  facet normal -0.186234 0.982505 0
    outer loop
      vertex 23.3742 -11.751 6.15
      vertex 23.2919 -11.7666 7.15
      vertex 23.3742 -11.751 7.15
    endloop
  endfacet
  facet normal -0.186234 0.982505 0
    outer loop
      vertex 23.2919 -11.7666 7.15
      vertex 23.3742 -11.751 6.15
      vertex 23.2919 -11.7666 6.15
    endloop
  endfacet
  facet normal -0.140459 0.990087 0
    outer loop
      vertex 23.2919 -11.7666 6.15
      vertex 23.1911 -11.7809 7.15
      vertex 23.2919 -11.7666 7.15
    endloop
  endfacet
  facet normal -0.140459 0.990087 0
    outer loop
      vertex 23.1911 -11.7809 7.15
      vertex 23.2919 -11.7666 6.15
      vertex 23.1911 -11.7809 6.15
    endloop
  endfacet
  facet normal -0.107772 0.994176 0
    outer loop
      vertex 23.1911 -11.7809 6.15
      vertex 23.0721 -11.7938 7.15
      vertex 23.1911 -11.7809 7.15
    endloop
  endfacet
  facet normal -0.107772 0.994176 0
    outer loop
      vertex 23.0721 -11.7938 7.15
      vertex 23.1911 -11.7809 6.15
      vertex 23.0721 -11.7938 6.15
    endloop
  endfacet
  facet normal -0.0834659 0.996511 0
    outer loop
      vertex 23.0721 -11.7938 6.15
      vertex 22.9348 -11.8053 7.15
      vertex 23.0721 -11.7938 7.15
    endloop
  endfacet
  facet normal -0.0834659 0.996511 0
    outer loop
      vertex 22.9348 -11.8053 7.15
      vertex 23.0721 -11.7938 6.15
      vertex 22.9348 -11.8053 6.15
    endloop
  endfacet
  facet normal -0.0654123 0.997858 0
    outer loop
      vertex 22.9348 -11.8053 6.15
      vertex 22.7792 -11.8155 7.15
      vertex 22.9348 -11.8053 7.15
    endloop
  endfacet
  facet normal -0.0654123 0.997858 0
    outer loop
      vertex 22.7792 -11.8155 7.15
      vertex 22.9348 -11.8053 6.15
      vertex 22.7792 -11.8155 6.15
    endloop
  endfacet
  facet normal -0.0505102 0.998724 0
    outer loop
      vertex 22.7792 -11.8155 6.15
      vertex 22.6052 -11.8243 7.15
      vertex 22.7792 -11.8155 7.15
    endloop
  endfacet
  facet normal -0.0505102 0.998724 0
    outer loop
      vertex 22.6052 -11.8243 7.15
      vertex 22.7792 -11.8155 6.15
      vertex 22.6052 -11.8243 6.15
    endloop
  endfacet
  facet normal -1 0 0
    outer loop
      vertex 22.6052 -12.6153 6.15
      vertex 22.6052 -11.8243 7.15
      vertex 22.6052 -11.8243 6.15
    endloop
  endfacet
  facet normal -1 -0 0
    outer loop
      vertex 22.6052 -11.8243 7.15
      vertex 22.6052 -12.6153 6.15
      vertex 22.6052 -12.6153 7.15
    endloop
  endfacet
  facet normal 0 -1 0
    outer loop
      vertex 22.6052 -12.6153 6.15
      vertex 23.9927 -12.6153 7.15
      vertex 22.6052 -12.6153 7.15
    endloop
  endfacet
  facet normal 0 -1 -0
    outer loop
      vertex 23.9927 -12.6153 7.15
      vertex 22.6052 -12.6153 6.15
      vertex 23.9927 -12.6153 6.15
    endloop
  endfacet
  facet normal -1 0 0
    outer loop
      vertex 23.9927 -16.6819 6.15
      vertex 23.9927 -12.6153 7.15
      vertex 23.9927 -12.6153 6.15
    endloop
  endfacet
  facet normal -1 -0 0
    outer loop
      vertex 23.9927 -12.6153 7.15
      vertex 23.9927 -16.6819 6.15
      vertex 23.9927 -16.6819 7.15
    endloop
  endfacet
  facet normal 0 -1 0
    outer loop
      vertex 23.9927 -16.6819 6.15
      vertex 25.1808 -16.6819 7.15
      vertex 23.9927 -16.6819 7.15
    endloop
  endfacet
  facet normal 0 -1 -0
    outer loop
      vertex 25.1808 -16.6819 7.15
      vertex 23.9927 -16.6819 6.15
      vertex 25.1808 -16.6819 6.15
    endloop
  endfacet
  facet normal 1 -0 0
    outer loop
      vertex 25.1808 -16.6819 7.15
      vertex 25.1808 -10.7827 6.15
      vertex 25.1808 -10.7827 7.15
    endloop
  endfacet
  facet normal 1 0 0
    outer loop
      vertex 25.1808 -10.7827 6.15
      vertex 25.1808 -16.6819 7.15
      vertex 25.1808 -16.6819 6.15
    endloop
  endfacet
  facet normal 1 -0 0
    outer loop
      vertex 48.785 -3.035 6.2
      vertex 48.785 6.035 6.15
      vertex 48.785 6.035 6.2
    endloop
  endfacet
  facet normal 1 0 0
    outer loop
      vertex 48.785 6.035 6.15
      vertex 48.785 -3.035 6.2
      vertex 48.785 -3.035 6.15
    endloop
  endfacet
  facet normal -1 0 0
    outer loop
      vertex 39.715 -3.035 6.15
      vertex 39.715 6.035 6.2
      vertex 39.715 6.035 6.15
    endloop
  endfacet
  facet normal -1 -0 0
    outer loop
      vertex 39.715 6.035 6.2
      vertex 39.715 -3.035 6.15
      vertex 39.715 -3.035 6.2
    endloop
  endfacet
  facet normal -0.999861 0 0.0166644
    outer loop
      vertex 39.715 6.035 6.2
      vertex 40.015 -2.735 24.2
      vertex 40.015 5.735 24.2
    endloop
  endfacet
  facet normal -0.999861 0 0.0166644
    outer loop
      vertex 40.015 -2.735 24.2
      vertex 39.715 6.035 6.2
      vertex 39.715 -3.035 6.2
    endloop
  endfacet
  facet normal 0 1 -0
    outer loop
      vertex 48.785 6.035 6.15
      vertex 39.715 6.035 6.2
      vertex 48.785 6.035 6.2
    endloop
  endfacet
  facet normal 0 1 0
    outer loop
      vertex 39.715 6.035 6.2
      vertex 48.785 6.035 6.15
      vertex 39.715 6.035 6.15
    endloop
  endfacet
  facet normal -0 0 1
    outer loop
      vertex 40.015 5.735 24.2
      vertex 48.485 -2.735 24.2
      vertex 48.485 5.735 24.2
    endloop
  endfacet
  facet normal 0 0 1
    outer loop
      vertex 48.485 -2.735 24.2
      vertex 40.015 5.735 24.2
      vertex 40.015 -2.735 24.2
    endloop
  endfacet
  facet normal 0 -0.999861 0.0166644
    outer loop
      vertex 39.715 -3.035 6.2
      vertex 48.485 -2.735 24.2
      vertex 40.015 -2.735 24.2
    endloop
  endfacet
  facet normal 0 -0.999861 0.0166644
    outer loop
      vertex 48.485 -2.735 24.2
      vertex 39.715 -3.035 6.2
      vertex 48.785 -3.035 6.2
    endloop
  endfacet
  facet normal 0 -1 0
    outer loop
      vertex 39.715 -3.035 6.15
      vertex 48.785 -3.035 6.2
      vertex 39.715 -3.035 6.2
    endloop
  endfacet
  facet normal 0 -1 -0
    outer loop
      vertex 48.785 -3.035 6.2
      vertex 39.715 -3.035 6.15
      vertex 48.785 -3.035 6.15
    endloop
  endfacet
  facet normal 0 0.999861 0.0166644
    outer loop
      vertex 48.785 6.035 6.2
      vertex 40.015 5.735 24.2
      vertex 48.485 5.735 24.2
    endloop
  endfacet
  facet normal 0 0.999861 0.0166644
    outer loop
      vertex 40.015 5.735 24.2
      vertex 48.785 6.035 6.2
      vertex 39.715 6.035 6.2
    endloop
  endfacet
  facet normal 0.999861 -0 0.0166644
    outer loop
      vertex 48.485 -2.735 24.2
      vertex 48.785 6.035 6.2
      vertex 48.485 5.735 24.2
    endloop
  endfacet
  facet normal 0.999861 0 0.0166644
    outer loop
      vertex 48.785 6.035 6.2
      vertex 48.485 -2.735 24.2
      vertex 48.785 -3.035 6.2
    endloop
  endfacet
  facet normal -0 0 1
    outer loop
      vertex 47.3544 -12.6163 7.15
      vertex 48.5384 -12.6583 7.15
      vertex 48.5231 -12.3827 7.15
    endloop
  endfacet
  facet normal 0 0 1
    outer loop
      vertex 48.5384 -12.6583 7.15
      vertex 47.3544 -12.6163 7.15
      vertex 48.5276 -12.8726 7.15
    endloop
  endfacet
  facet normal 0 0 1
    outer loop
      vertex 47.3487 -12.495 7.15
      vertex 48.5231 -12.3827 7.15
      vertex 48.4769 -12.1259 7.15
    endloop
  endfacet
  facet normal -0 0 1
    outer loop
      vertex 47.3444 -12.7676 7.15
      vertex 48.5276 -12.8726 7.15
      vertex 47.3544 -12.6163 7.15
    endloop
  endfacet
  facet normal 0 0 1
    outer loop
      vertex 47.3314 -12.3807 7.15
      vertex 48.4769 -12.1259 7.15
      vertex 48.4001 -11.8876 7.15
    endloop
  endfacet
  facet normal 0 0 1
    outer loop
      vertex 48.5276 -12.8726 7.15
      vertex 47.3444 -12.7676 7.15
      vertex 48.495 -13.0787 7.15
    endloop
  endfacet
  facet normal 0 0 1
    outer loop
      vertex 47.3026 -12.2734 7.15
      vertex 48.4001 -11.8876 7.15
      vertex 48.2925 -11.6681 7.15
    endloop
  endfacet
  facet normal -0 0 1
    outer loop
      vertex 47.3142 -12.9148 7.15
      vertex 48.495 -13.0787 7.15
      vertex 47.3444 -12.7676 7.15
    endloop
  endfacet
  facet normal 0 0 1
    outer loop
      vertex 47.2622 -12.1731 7.15
      vertex 48.2925 -11.6681 7.15
      vertex 48.1541 -11.4671 7.15
    endloop
  endfacet
  facet normal 0 0 1
    outer loop
      vertex 48.495 -13.0787 7.15
      vertex 47.3142 -12.9148 7.15
      vertex 48.4408 -13.2768 7.15
    endloop
  endfacet
  facet normal 0 0 1
    outer loop
      vertex 48.4408 -13.2768 7.15
      vertex 47.3142 -12.9148 7.15
      vertex 48.3648 -13.4667 7.15
    endloop
  endfacet
  facet normal 0 0 1
    outer loop
      vertex 47.2104 -12.0798 7.15
      vertex 48.1541 -11.4671 7.15
      vertex 47.985 -11.2849 7.15
    endloop
  endfacet
  facet normal -0 0 1
    outer loop
      vertex 47.2639 -13.058 7.15
      vertex 48.3648 -13.4667 7.15
      vertex 47.3142 -12.9148 7.15
    endloop
  endfacet
  facet normal 0 0 1
    outer loop
      vertex 48.3648 -13.4667 7.15
      vertex 47.2639 -13.058 7.15
      vertex 48.2672 -13.6484 7.15
    endloop
  endfacet
  facet normal 0 0 1
    outer loop
      vertex 47.147 -11.9935 7.15
      vertex 47.985 -11.2849 7.15
      vertex 47.79 -11.1263 7.15
    endloop
  endfacet
  facet normal -0 0 1
    outer loop
      vertex 47.1935 -13.197 7.15
      vertex 48.2672 -13.6484 7.15
      vertex 47.2639 -13.058 7.15
    endloop
  endfacet
  facet normal 0 0 1
    outer loop
      vertex 47.0728 -11.9177 7.15
      vertex 47.79 -11.1263 7.15
      vertex 47.5737 -10.9966 7.15
    endloop
  endfacet
  facet normal 0 0 1
    outer loop
      vertex 48.2672 -13.6484 7.15
      vertex 47.1935 -13.197 7.15
      vertex 48.1478 -13.822 7.15
    endloop
  endfacet
  facet normal 0 0 1
    outer loop
      vertex 48.1478 -13.822 7.15
      vertex 47.1935 -13.197 7.15
      vertex 48.0532 -13.9368 7.15
    endloop
  endfacet
  facet normal 0 0 1
    outer loop
      vertex 48.5231 -12.3827 7.15
      vertex 47.3487 -12.495 7.15
      vertex 47.3544 -12.6163 7.15
    endloop
  endfacet
  facet normal 0 0 1
    outer loop
      vertex 46.9887 -11.8556 7.15
      vertex 47.5737 -10.9966 7.15
      vertex 47.3361 -10.8957 7.15
    endloop
  endfacet
  facet normal 0 0 1
    outer loop
      vertex 48.4769 -12.1259 7.15
      vertex 47.3314 -12.3807 7.15
      vertex 47.3487 -12.495 7.15
    endloop
  endfacet
  facet normal 0 0 1
    outer loop
      vertex 48.4001 -11.8876 7.15
      vertex 47.3026 -12.2734 7.15
      vertex 47.3314 -12.3807 7.15
    endloop
  endfacet
  facet normal 0 0 1
    outer loop
      vertex 48.2925 -11.6681 7.15
      vertex 47.2622 -12.1731 7.15
      vertex 47.3026 -12.2734 7.15
    endloop
  endfacet
  facet normal 0 0 1
    outer loop
      vertex 48.1541 -11.4671 7.15
      vertex 47.2104 -12.0798 7.15
      vertex 47.2622 -12.1731 7.15
    endloop
  endfacet
  facet normal 0 0 1
    outer loop
      vertex 47.985 -11.2849 7.15
      vertex 47.147 -11.9935 7.15
      vertex 47.2104 -12.0798 7.15
    endloop
  endfacet
  facet normal 0 0 1
    outer loop
      vertex 46.8947 -11.8073 7.15
      vertex 47.3361 -10.8957 7.15
      vertex 47.0773 -10.8237 7.15
    endloop
  endfacet
  facet normal 0 0 1
    outer loop
      vertex 47.79 -11.1263 7.15
      vertex 47.0728 -11.9177 7.15
      vertex 47.147 -11.9935 7.15
    endloop
  endfacet
  facet normal 0 0 1
    outer loop
      vertex 47.5737 -10.9966 7.15
      vertex 46.9887 -11.8556 7.15
      vertex 47.0728 -11.9177 7.15
    endloop
  endfacet
  facet normal 0 0 1
    outer loop
      vertex 47.3361 -10.8957 7.15
      vertex 46.8947 -11.8073 7.15
      vertex 46.9887 -11.8556 7.15
    endloop
  endfacet
  facet normal 0 0 1
    outer loop
      vertex 46.7907 -11.7728 7.15
      vertex 47.0773 -10.8237 7.15
      vertex 46.7973 -10.7805 7.15
    endloop
  endfacet
  facet normal 0 0 1
    outer loop
      vertex 47.0773 -10.8237 7.15
      vertex 46.7907 -11.7728 7.15
      vertex 46.8947 -11.8073 7.15
    endloop
  endfacet
  facet normal 0 0 1
    outer loop
      vertex 46.7973 -10.7805 7.15
      vertex 46.6768 -11.7521 7.15
      vertex 46.7907 -11.7728 7.15
    endloop
  endfacet
  facet normal 0 0 1
    outer loop
      vertex 46.7973 -10.7805 7.15
      vertex 46.5529 -11.7453 7.15
      vertex 46.6768 -11.7521 7.15
    endloop
  endfacet
  facet normal 0 0 1
    outer loop
      vertex 46.496 -10.766 7.15
      vertex 46.5529 -11.7453 7.15
      vertex 46.7973 -10.7805 7.15
    endloop
  endfacet
  facet normal 0 0 1
    outer loop
      vertex 46.496 -10.766 7.15
      vertex 46.386 -11.7562 7.15
      vertex 46.5529 -11.7453 7.15
    endloop
  endfacet
  facet normal -0 0 1
    outer loop
      vertex 46.1213 -10.7905 7.15
      vertex 46.386 -11.7562 7.15
      vertex 46.496 -10.766 7.15
    endloop
  endfacet
  facet normal 0 0 1
    outer loop
      vertex 46.386 -11.7562 7.15
      vertex 46.1213 -10.7905 7.15
      vertex 46.2378 -11.7891 7.15
    endloop
  endfacet
  facet normal -0 0 1
    outer loop
      vertex 45.7866 -10.864 7.15
      vertex 46.2378 -11.7891 7.15
      vertex 46.1213 -10.7905 7.15
    endloop
  endfacet
  facet normal 0 0 1
    outer loop
      vertex 46.2378 -11.7891 7.15
      vertex 45.7866 -10.864 7.15
      vertex 46.1084 -11.8439 7.15
    endloop
  endfacet
  facet normal -0 0 1
    outer loop
      vertex 45.492 -10.9865 7.15
      vertex 46.1084 -11.8439 7.15
      vertex 45.7866 -10.864 7.15
    endloop
  endfacet
  facet normal 0 0 1
    outer loop
      vertex 46.1084 -11.8439 7.15
      vertex 45.492 -10.9865 7.15
      vertex 45.9977 -11.9207 7.15
    endloop
  endfacet
  facet normal -0 0 1
    outer loop
      vertex 45.2373 -11.1579 7.15
      vertex 45.9977 -11.9207 7.15
      vertex 45.492 -10.9865 7.15
    endloop
  endfacet
  facet normal 0 0 1
    outer loop
      vertex 45.9977 -11.9207 7.15
      vertex 45.2373 -11.1579 7.15
      vertex 45.9059 -12.0193 7.15
    endloop
  endfacet
  facet normal -0 0 1
    outer loop
      vertex 45.0227 -11.3783 7.15
      vertex 45.9059 -12.0193 7.15
      vertex 45.2373 -11.1579 7.15
    endloop
  endfacet
  facet normal 0 0 1
    outer loop
      vertex 45.9059 -12.0193 7.15
      vertex 45.0227 -11.3783 7.15
      vertex 45.8327 -12.1399 7.15
    endloop
  endfacet
  facet normal -0 0 1
    outer loop
      vertex 44.8481 -11.6477 7.15
      vertex 45.8327 -12.1399 7.15
      vertex 45.0227 -11.3783 7.15
    endloop
  endfacet
  facet normal -0 0 1
    outer loop
      vertex 44.7727 -11.8103 7.15
      vertex 45.8327 -12.1399 7.15
      vertex 44.8481 -11.6477 7.15
    endloop
  endfacet
  facet normal 0 0 1
    outer loop
      vertex 45.8327 -12.1399 7.15
      vertex 44.7727 -11.8103 7.15
      vertex 45.7986 -12.2233 7.15
    endloop
  endfacet
  facet normal -0 0 1
    outer loop
      vertex 44.7093 -11.989 7.15
      vertex 45.7986 -12.2233 7.15
      vertex 44.7727 -11.8103 7.15
    endloop
  endfacet
  facet normal 0 0 1
    outer loop
      vertex 45.7986 -12.2233 7.15
      vertex 44.7093 -11.989 7.15
      vertex 45.7694 -12.3217 7.15
    endloop
  endfacet
  facet normal -0 0 1
    outer loop
      vertex 44.6579 -12.1837 7.15
      vertex 45.7694 -12.3217 7.15
      vertex 44.7093 -11.989 7.15
    endloop
  endfacet
  facet normal 0 0 1
    outer loop
      vertex 45.7694 -12.3217 7.15
      vertex 44.6579 -12.1837 7.15
      vertex 45.7453 -12.4349 7.15
    endloop
  endfacet
  facet normal -0 0 1
    outer loop
      vertex 44.6184 -12.3944 7.15
      vertex 45.7453 -12.4349 7.15
      vertex 44.6579 -12.1837 7.15
    endloop
  endfacet
  facet normal 0 0 1
    outer loop
      vertex 45.7453 -12.4349 7.15
      vertex 44.6184 -12.3944 7.15
      vertex 45.726 -12.563 7.15
    endloop
  endfacet
  facet normal 0 0 1
    outer loop
      vertex 45.726 -12.563 7.15
      vertex 44.6184 -12.3944 7.15
      vertex 45.7118 -12.7061 7.15
    endloop
  endfacet
  facet normal -0 0 1
    outer loop
      vertex 44.591 -12.6213 7.15
      vertex 45.7118 -12.7061 7.15
      vertex 44.6184 -12.3944 7.15
    endloop
  endfacet
  facet normal 0 0 1
    outer loop
      vertex 45.7118 -12.7061 7.15
      vertex 44.591 -12.6213 7.15
      vertex 45.7025 -12.8641 7.15
    endloop
  endfacet
  facet normal 0 0 1
    outer loop
      vertex 45.7025 -12.8641 7.15
      vertex 44.591 -12.6213 7.15
      vertex 44.5755 -12.8641 7.15
    endloop
  endfacet
  facet normal -0 0 1
    outer loop
      vertex 47.103 -13.3321 7.15
      vertex 48.0532 -13.9368 7.15
      vertex 47.1935 -13.197 7.15
    endloop
  endfacet
  facet normal 0 0 1
    outer loop
      vertex 48.0532 -13.9368 7.15
      vertex 47.103 -13.3321 7.15
      vertex 47.9403 -14.0558 7.15
    endloop
  endfacet
  facet normal 0 0 1
    outer loop
      vertex 47.9403 -14.0558 7.15
      vertex 47.103 -13.3321 7.15
      vertex 47.8091 -14.1791 7.15
    endloop
  endfacet
  facet normal -0 0 1
    outer loop
      vertex 46.9924 -13.463 7.15
      vertex 47.8091 -14.1791 7.15
      vertex 47.103 -13.3321 7.15
    endloop
  endfacet
  facet normal 0 0 1
    outer loop
      vertex 47.8091 -14.1791 7.15
      vertex 46.9924 -13.463 7.15
      vertex 47.6596 -14.3067 7.15
    endloop
  endfacet
  facet normal -0 0 1
    outer loop
      vertex 46.898 -13.5548 7.15
      vertex 47.6596 -14.3067 7.15
      vertex 46.9924 -13.463 7.15
    endloop
  endfacet
  facet normal 0 0 1
    outer loop
      vertex 47.6596 -14.3067 7.15
      vertex 46.898 -13.5548 7.15
      vertex 47.4918 -14.4386 7.15
    endloop
  endfacet
  facet normal -0 0 1
    outer loop
      vertex 46.7722 -13.6647 7.15
      vertex 47.4918 -14.4386 7.15
      vertex 46.898 -13.5548 7.15
    endloop
  endfacet
  facet normal 0 0 1
    outer loop
      vertex 47.4918 -14.4386 7.15
      vertex 46.7722 -13.6647 7.15
      vertex 47.3056 -14.5748 7.15
    endloop
  endfacet
  facet normal -0 0 1
    outer loop
      vertex 46.615 -13.7927 7.15
      vertex 47.3056 -14.5748 7.15
      vertex 46.7722 -13.6647 7.15
    endloop
  endfacet
  facet normal -0 0 1
    outer loop
      vertex 46.4263 -13.9388 7.15
      vertex 47.3056 -14.5748 7.15
      vertex 46.615 -13.7927 7.15
    endloop
  endfacet
  facet normal 0 0 1
    outer loop
      vertex 47.3056 -14.5748 7.15
      vertex 46.4263 -13.9388 7.15
      vertex 46.8418 -14.9045 7.15
    endloop
  endfacet
  facet normal -0 0 1
    outer loop
      vertex 46.2063 -14.103 7.15
      vertex 46.8418 -14.9045 7.15
      vertex 46.4263 -13.9388 7.15
    endloop
  endfacet
  facet normal 0 0 1
    outer loop
      vertex 46.8418 -14.9045 7.15
      vertex 46.2063 -14.103 7.15
      vertex 46.7043 -15.0028 7.15
    endloop
  endfacet
  facet normal -0 0 1
    outer loop
      vertex 45.9548 -14.2852 7.15
      vertex 46.7043 -15.0028 7.15
      vertex 46.2063 -14.103 7.15
    endloop
  endfacet
  facet normal 0 0 1
    outer loop
      vertex 46.7043 -15.0028 7.15
      vertex 45.9548 -14.2852 7.15
      vertex 46.5821 -15.0916 7.15
    endloop
  endfacet
  facet normal 0 0 1
    outer loop
      vertex 46.5821 -15.0916 7.15
      vertex 45.9548 -14.2852 7.15
      vertex 46.4751 -15.171 7.15
    endloop
  endfacet
  facet normal 0 0 1
    outer loop
      vertex 46.4751 -15.171 7.15
      vertex 45.9548 -14.2852 7.15
      vertex 46.3834 -15.2408 7.15
    endloop
  endfacet
  facet normal -0 0 1
    outer loop
      vertex 45.6657 -14.5031 7.15
      vertex 46.3834 -15.2408 7.15
      vertex 45.9548 -14.2852 7.15
    endloop
  endfacet
  facet normal 0 0 1
    outer loop
      vertex 46.3834 -15.2408 7.15
      vertex 45.6657 -14.5031 7.15
      vertex 46.3069 -15.3012 7.15
    endloop
  endfacet
  facet normal 0 0 1
    outer loop
      vertex 46.3069 -15.3012 7.15
      vertex 45.6657 -14.5031 7.15
      vertex 46.2457 -15.3521 7.15
    endloop
  endfacet
  facet normal 0 0 1
    outer loop
      vertex 46.2457 -15.3521 7.15
      vertex 45.6657 -14.5031 7.15
      vertex 46.1935 -15.3994 7.15
    endloop
  endfacet
  facet normal -0 0 1
    outer loop
      vertex 45.4141 -14.7172 7.15
      vertex 46.1935 -15.3994 7.15
      vertex 45.6657 -14.5031 7.15
    endloop
  endfacet
  facet normal 0 0 1
    outer loop
      vertex 46.1935 -15.3994 7.15
      vertex 45.4141 -14.7172 7.15
      vertex 46.1442 -15.4493 7.15
    endloop
  endfacet
  facet normal 0 0 1
    outer loop
      vertex 46.1442 -15.4493 7.15
      vertex 45.4141 -14.7172 7.15
      vertex 46.0977 -15.5016 7.15
    endloop
  endfacet
  facet normal -0 0 1
    outer loop
      vertex 45.2 -14.9274 7.15
      vertex 46.0977 -15.5016 7.15
      vertex 45.4141 -14.7172 7.15
    endloop
  endfacet
  facet normal -0 0 1
    outer loop
      vertex 45.9752 -15.6735 7.15
      vertex 48.5507 -16.695 7.15
      vertex 48.5507 -15.6735 7.15
    endloop
  endfacet
  facet normal 0 0 1
    outer loop
      vertex 46.0977 -15.5016 7.15
      vertex 45.2 -14.9274 7.15
      vertex 46.054 -15.5564 7.15
    endloop
  endfacet
  facet normal 0 0 1
    outer loop
      vertex 46.054 -15.5564 7.15
      vertex 45.2 -14.9274 7.15
      vertex 46.0132 -15.6138 7.15
    endloop
  endfacet
  facet normal 0 0 1
    outer loop
      vertex 46.0132 -15.6138 7.15
      vertex 45.2 -14.9274 7.15
      vertex 45.9752 -15.6735 7.15
    endloop
  endfacet
  facet normal -0 0 1
    outer loop
      vertex 45.0235 -15.1337 7.15
      vertex 45.9752 -15.6735 7.15
      vertex 45.2 -14.9274 7.15
    endloop
  endfacet
  facet normal -0 0 1
    outer loop
      vertex 44.8845 -15.3362 7.15
      vertex 45.9752 -15.6735 7.15
      vertex 45.0235 -15.1337 7.15
    endloop
  endfacet
  facet normal -0 0 1
    outer loop
      vertex 44.783 -15.5349 7.15
      vertex 45.9752 -15.6735 7.15
      vertex 44.8845 -15.3362 7.15
    endloop
  endfacet
  facet normal 0 0 1
    outer loop
      vertex 44.7042 -15.713 7.15
      vertex 45.9752 -15.6735 7.15
      vertex 44.783 -15.5349 7.15
    endloop
  endfacet
  facet normal 0 0 1
    outer loop
      vertex 44.6388 -15.8972 7.15
      vertex 45.9752 -15.6735 7.15
      vertex 44.7042 -15.713 7.15
    endloop
  endfacet
  facet normal 0 0 1
    outer loop
      vertex 44.5867 -16.0875 7.15
      vertex 45.9752 -15.6735 7.15
      vertex 44.6388 -15.8972 7.15
    endloop
  endfacet
  facet normal 0 0 1
    outer loop
      vertex 44.5479 -16.2839 7.15
      vertex 45.9752 -15.6735 7.15
      vertex 44.5867 -16.0875 7.15
    endloop
  endfacet
  facet normal 0 0 1
    outer loop
      vertex 44.5225 -16.4864 7.15
      vertex 45.9752 -15.6735 7.15
      vertex 44.5479 -16.2839 7.15
    endloop
  endfacet
  facet normal 0 0 1
    outer loop
      vertex 44.5104 -16.695 7.15
      vertex 45.9752 -15.6735 7.15
      vertex 44.5225 -16.4864 7.15
    endloop
  endfacet
  facet normal 0 0 1
    outer loop
      vertex 45.9752 -15.6735 7.15
      vertex 44.5104 -16.695 7.15
      vertex 48.5507 -16.695 7.15
    endloop
  endfacet
  facet normal -0 0 1
    outer loop
      vertex 41.6886 -11.3991 7.15
      vertex 41.6892 -12.6284 7.15
      vertex 41.7327 -11.3374 7.15
    endloop
  endfacet
  facet normal -0 0 1
    outer loop
      vertex 41.6405 -11.4549 7.15
      vertex 41.6892 -12.6284 7.15
      vertex 41.6886 -11.3991 7.15
    endloop
  endfacet
  facet normal -0 0 1
    outer loop
      vertex 41.5636 -11.5279 7.15
      vertex 41.6892 -12.6284 7.15
      vertex 41.6405 -11.4549 7.15
    endloop
  endfacet
  facet normal -0 0 1
    outer loop
      vertex 41.4795 -11.5924 7.15
      vertex 41.6892 -12.6284 7.15
      vertex 41.5636 -11.5279 7.15
    endloop
  endfacet
  facet normal -0 0 1
    outer loop
      vertex 41.3882 -11.6482 7.15
      vertex 41.6892 -12.6284 7.15
      vertex 41.4795 -11.5924 7.15
    endloop
  endfacet
  facet normal -0 0 1
    outer loop
      vertex 41.2896 -11.6954 7.15
      vertex 41.6892 -12.6284 7.15
      vertex 41.3882 -11.6482 7.15
    endloop
  endfacet
  facet normal -0 0 1
    outer loop
      vertex 41.1838 -11.7341 7.15
      vertex 41.6892 -12.6284 7.15
      vertex 41.2896 -11.6954 7.15
    endloop
  endfacet
  facet normal -0 0 1
    outer loop
      vertex 41.0708 -11.7641 7.15
      vertex 41.6892 -12.6284 7.15
      vertex 41.1838 -11.7341 7.15
    endloop
  endfacet
  facet normal -0 0 1
    outer loop
      vertex 40.9884 -11.7798 7.15
      vertex 41.6892 -12.6284 7.15
      vertex 41.0708 -11.7641 7.15
    endloop
  endfacet
  facet normal -0 0 1
    outer loop
      vertex 40.8877 -11.794 7.15
      vertex 41.6892 -12.6284 7.15
      vertex 40.9884 -11.7798 7.15
    endloop
  endfacet
  facet normal 0 0 1
    outer loop
      vertex 40.3018 -12.6284 7.15
      vertex 40.8877 -11.794 7.15
      vertex 40.7687 -11.8069 7.15
    endloop
  endfacet
  facet normal 0 0 1
    outer loop
      vertex 40.3018 -12.6284 7.15
      vertex 40.7687 -11.8069 7.15
      vertex 40.6314 -11.8184 7.15
    endloop
  endfacet
  facet normal 0 0 1
    outer loop
      vertex 40.3018 -12.6284 7.15
      vertex 40.6314 -11.8184 7.15
      vertex 40.4757 -11.8286 7.15
    endloop
  endfacet
  facet normal 0 0 1
    outer loop
      vertex 40.3018 -12.6284 7.15
      vertex 40.4757 -11.8286 7.15
      vertex 40.3018 -11.8374 7.15
    endloop
  endfacet
  facet normal 0 0 1
    outer loop
      vertex 40.8877 -11.794 7.15
      vertex 40.3018 -12.6284 7.15
      vertex 41.6892 -12.6284 7.15
    endloop
  endfacet
  facet normal 0 0 1
    outer loop
      vertex 41.9118 -10.8238 7.15
      vertex 42.8773 -10.7958 7.15
      vertex 41.913 -10.7958 7.15
    endloop
  endfacet
  facet normal 0 0 1
    outer loop
      vertex 41.9081 -10.8564 7.15
      vertex 42.8773 -10.7958 7.15
      vertex 41.9118 -10.8238 7.15
    endloop
  endfacet
  facet normal 0 0 1
    outer loop
      vertex 41.9018 -10.8934 7.15
      vertex 42.8773 -10.7958 7.15
      vertex 41.9081 -10.8564 7.15
    endloop
  endfacet
  facet normal 0 0 1
    outer loop
      vertex 41.8931 -10.935 7.15
      vertex 42.8773 -10.7958 7.15
      vertex 41.9018 -10.8934 7.15
    endloop
  endfacet
  facet normal 0 0 1
    outer loop
      vertex 41.8819 -10.9812 7.15
      vertex 42.8773 -10.7958 7.15
      vertex 41.8931 -10.935 7.15
    endloop
  endfacet
  facet normal 0 0 1
    outer loop
      vertex 41.8683 -11.0318 7.15
      vertex 42.8773 -10.7958 7.15
      vertex 41.8819 -10.9812 7.15
    endloop
  endfacet
  facet normal 0 0 1
    outer loop
      vertex 41.8405 -11.117 7.15
      vertex 42.8773 -10.7958 7.15
      vertex 41.8683 -11.0318 7.15
    endloop
  endfacet
  facet normal 0 0 1
    outer loop
      vertex 41.8086 -11.1963 7.15
      vertex 42.8773 -10.7958 7.15
      vertex 41.8405 -11.117 7.15
    endloop
  endfacet
  facet normal 0 0 1
    outer loop
      vertex 41.7726 -11.2698 7.15
      vertex 42.8773 -10.7958 7.15
      vertex 41.8086 -11.1963 7.15
    endloop
  endfacet
  facet normal 0 0 1
    outer loop
      vertex 41.7327 -11.3374 7.15
      vertex 42.8773 -10.7958 7.15
      vertex 41.7726 -11.2698 7.15
    endloop
  endfacet
  facet normal 0 0 1
    outer loop
      vertex 42.8773 -10.7958 7.15
      vertex 41.7327 -11.3374 7.15
      vertex 41.6892 -12.6284 7.15
    endloop
  endfacet
  facet normal 0 0 1
    outer loop
      vertex 42.8773 -10.7958 7.15
      vertex 41.6892 -12.6284 7.15
      vertex 42.8773 -16.695 7.15
    endloop
  endfacet
  facet normal 0 0 1
    outer loop
      vertex 42.8773 -16.695 7.15
      vertex 41.6892 -12.6284 7.15
      vertex 41.6892 -16.695 7.15
    endloop
  endfacet
  facet normal 0 1 -0
    outer loop
      vertex 48.5507 -15.6735 6.15
      vertex 45.9752 -15.6735 7.15
      vertex 48.5507 -15.6735 7.15
    endloop
  endfacet
  facet normal 0 1 0
    outer loop
      vertex 45.9752 -15.6735 7.15
      vertex 48.5507 -15.6735 6.15
      vertex 45.9752 -15.6735 6.15
    endloop
  endfacet
  facet normal 0.843603 -0.536967 0
    outer loop
      vertex 45.9752 -15.6735 7.15
      vertex 46.0132 -15.6138 6.15
      vertex 46.0132 -15.6138 7.15
    endloop
  endfacet
  facet normal 0.843603 -0.536967 0
    outer loop
      vertex 46.0132 -15.6138 6.15
      vertex 45.9752 -15.6735 7.15
      vertex 45.9752 -15.6735 6.15
    endloop
  endfacet
  facet normal 0.815075 -0.579356 0
    outer loop
      vertex 46.0132 -15.6138 7.15
      vertex 46.054 -15.5564 6.15
      vertex 46.054 -15.5564 7.15
    endloop
  endfacet
  facet normal 0.815075 -0.579356 0
    outer loop
      vertex 46.054 -15.5564 6.15
      vertex 46.0132 -15.6138 7.15
      vertex 46.0132 -15.6138 6.15
    endloop
  endfacet
  facet normal 0.781842 -0.623476 0
    outer loop
      vertex 46.054 -15.5564 7.15
      vertex 46.0977 -15.5016 6.15
      vertex 46.0977 -15.5016 7.15
    endloop
  endfacet
  facet normal 0.781842 -0.623476 0
    outer loop
      vertex 46.0977 -15.5016 6.15
      vertex 46.054 -15.5564 7.15
      vertex 46.054 -15.5564 6.15
    endloop
  endfacet
  facet normal 0.74733 -0.664453 0
    outer loop
      vertex 46.0977 -15.5016 7.15
      vertex 46.1442 -15.4493 6.15
      vertex 46.1442 -15.4493 7.15
    endloop
  endfacet
  facet normal 0.74733 -0.664453 0
    outer loop
      vertex 46.1442 -15.4493 6.15
      vertex 46.0977 -15.5016 7.15
      vertex 46.0977 -15.5016 6.15
    endloop
  endfacet
  facet normal 0.711371 -0.702817 0
    outer loop
      vertex 46.1442 -15.4493 7.15
      vertex 46.1935 -15.3994 6.15
      vertex 46.1935 -15.3994 7.15
    endloop
  endfacet
  facet normal 0.711371 -0.702817 0
    outer loop
      vertex 46.1935 -15.3994 6.15
      vertex 46.1442 -15.4493 7.15
      vertex 46.1442 -15.4493 6.15
    endloop
  endfacet
  facet normal 0.671471 -0.741031 0
    outer loop
      vertex 46.1935 -15.3994 6.15
      vertex 46.2457 -15.3521 7.15
      vertex 46.1935 -15.3994 7.15
    endloop
  endfacet
  facet normal 0.671471 -0.741031 0
    outer loop
      vertex 46.2457 -15.3521 7.15
      vertex 46.1935 -15.3994 6.15
      vertex 46.2457 -15.3521 6.15
    endloop
  endfacet
  facet normal 0.639443 -0.768839 0
    outer loop
      vertex 46.2457 -15.3521 6.15
      vertex 46.3069 -15.3012 7.15
      vertex 46.2457 -15.3521 7.15
    endloop
  endfacet
  facet normal 0.639443 -0.768839 0
    outer loop
      vertex 46.3069 -15.3012 7.15
      vertex 46.2457 -15.3521 6.15
      vertex 46.3069 -15.3012 6.15
    endloop
  endfacet
  facet normal 0.619678 -0.784857 0
    outer loop
      vertex 46.3069 -15.3012 6.15
      vertex 46.3834 -15.2408 7.15
      vertex 46.3069 -15.3012 7.15
    endloop
  endfacet
  facet normal 0.619678 -0.784857 0
    outer loop
      vertex 46.3834 -15.2408 7.15
      vertex 46.3069 -15.3012 6.15
      vertex 46.3834 -15.2408 6.15
    endloop
  endfacet
  facet normal 0.605677 -0.795711 0
    outer loop
      vertex 46.3834 -15.2408 6.15
      vertex 46.4751 -15.171 7.15
      vertex 46.3834 -15.2408 7.15
    endloop
  endfacet
  facet normal 0.605677 -0.795711 0
    outer loop
      vertex 46.4751 -15.171 7.15
      vertex 46.3834 -15.2408 6.15
      vertex 46.4751 -15.171 6.15
    endloop
  endfacet
  facet normal 0.595909 -0.803052 0
    outer loop
      vertex 46.4751 -15.171 6.15
      vertex 46.5821 -15.0916 7.15
      vertex 46.4751 -15.171 7.15
    endloop
  endfacet
  facet normal 0.595909 -0.803052 0
    outer loop
      vertex 46.5821 -15.0916 7.15
      vertex 46.4751 -15.171 6.15
      vertex 46.5821 -15.0916 6.15
    endloop
  endfacet
  facet normal 0.587857 -0.808965 0
    outer loop
      vertex 46.5821 -15.0916 6.15
      vertex 46.7043 -15.0028 7.15
      vertex 46.5821 -15.0916 7.15
    endloop
  endfacet
  facet normal 0.587857 -0.808965 0
    outer loop
      vertex 46.7043 -15.0028 7.15
      vertex 46.5821 -15.0916 6.15
      vertex 46.7043 -15.0028 6.15
    endloop
  endfacet
  facet normal 0.581574 -0.813494 0
    outer loop
      vertex 46.7043 -15.0028 6.15
      vertex 46.8418 -14.9045 7.15
      vertex 46.7043 -15.0028 7.15
    endloop
  endfacet
  facet normal 0.581574 -0.813494 0
    outer loop
      vertex 46.8418 -14.9045 7.15
      vertex 46.7043 -15.0028 6.15
      vertex 46.8418 -14.9045 6.15
    endloop
  endfacet
  facet normal 0.579392 -0.815049 0
    outer loop
      vertex 46.8418 -14.9045 6.15
      vertex 47.3056 -14.5748 7.15
      vertex 46.8418 -14.9045 7.15
    endloop
  endfacet
  facet normal 0.579392 -0.815049 0
    outer loop
      vertex 47.3056 -14.5748 7.15
      vertex 46.8418 -14.9045 6.15
      vertex 47.3056 -14.5748 6.15
    endloop
  endfacet
  facet normal 0.590386 -0.807121 0
    outer loop
      vertex 47.3056 -14.5748 6.15
      vertex 47.4918 -14.4386 7.15
      vertex 47.3056 -14.5748 7.15
    endloop
  endfacet
  facet normal 0.590386 -0.807121 0
    outer loop
      vertex 47.4918 -14.4386 7.15
      vertex 47.3056 -14.5748 6.15
      vertex 47.4918 -14.4386 6.15
    endloop
  endfacet
  facet normal 0.617987 -0.786188 0
    outer loop
      vertex 47.4918 -14.4386 6.15
      vertex 47.6596 -14.3067 7.15
      vertex 47.4918 -14.4386 7.15
    endloop
  endfacet
  facet normal 0.617987 -0.786188 0
    outer loop
      vertex 47.6596 -14.3067 7.15
      vertex 47.4918 -14.4386 6.15
      vertex 47.6596 -14.3067 6.15
    endloop
  endfacet
  facet normal 0.649198 -0.76062 0
    outer loop
      vertex 47.6596 -14.3067 6.15
      vertex 47.8091 -14.1791 7.15
      vertex 47.6596 -14.3067 7.15
    endloop
  endfacet
  facet normal 0.649198 -0.76062 0
    outer loop
      vertex 47.8091 -14.1791 7.15
      vertex 47.6596 -14.3067 6.15
      vertex 47.8091 -14.1791 6.15
    endloop
  endfacet
  facet normal 0.684827 -0.728705 0
    outer loop
      vertex 47.8091 -14.1791 6.15
      vertex 47.9403 -14.0558 7.15
      vertex 47.8091 -14.1791 7.15
    endloop
  endfacet
  facet normal 0.684827 -0.728705 0
    outer loop
      vertex 47.9403 -14.0558 7.15
      vertex 47.8091 -14.1791 6.15
      vertex 47.9403 -14.0558 6.15
    endloop
  endfacet
  facet normal 0.725456 -0.688269 0
    outer loop
      vertex 47.9403 -14.0558 7.15
      vertex 48.0532 -13.9368 6.15
      vertex 48.0532 -13.9368 7.15
    endloop
  endfacet
  facet normal 0.725456 -0.688269 0
    outer loop
      vertex 48.0532 -13.9368 6.15
      vertex 47.9403 -14.0558 7.15
      vertex 47.9403 -14.0558 6.15
    endloop
  endfacet
  facet normal 0.771736 -0.635943 0
    outer loop
      vertex 48.0532 -13.9368 7.15
      vertex 48.1478 -13.822 6.15
      vertex 48.1478 -13.822 7.15
    endloop
  endfacet
  facet normal 0.771736 -0.635943 0
    outer loop
      vertex 48.1478 -13.822 6.15
      vertex 48.0532 -13.9368 7.15
      vertex 48.0532 -13.9368 6.15
    endloop
  endfacet
  facet normal 0.823931 -0.56669 0
    outer loop
      vertex 48.1478 -13.822 7.15
      vertex 48.2672 -13.6484 6.15
      vertex 48.2672 -13.6484 7.15
    endloop
  endfacet
  facet normal 0.823931 -0.56669 0
    outer loop
      vertex 48.2672 -13.6484 6.15
      vertex 48.1478 -13.822 7.15
      vertex 48.1478 -13.822 6.15
    endloop
  endfacet
  facet normal 0.880953 -0.473203 0
    outer loop
      vertex 48.2672 -13.6484 7.15
      vertex 48.3648 -13.4667 6.15
      vertex 48.3648 -13.4667 7.15
    endloop
  endfacet
  facet normal 0.880953 -0.473203 0
    outer loop
      vertex 48.3648 -13.4667 6.15
      vertex 48.2672 -13.6484 7.15
      vertex 48.2672 -13.6484 6.15
    endloop
  endfacet
  facet normal 0.928409 -0.371559 0
    outer loop
      vertex 48.3648 -13.4667 7.15
      vertex 48.4408 -13.2768 6.15
      vertex 48.4408 -13.2768 7.15
    endloop
  endfacet
  facet normal 0.928409 -0.371559 0
    outer loop
      vertex 48.4408 -13.2768 6.15
      vertex 48.3648 -13.4667 7.15
      vertex 48.3648 -13.4667 6.15
    endloop
  endfacet
  facet normal 0.96455 -0.2639 0
    outer loop
      vertex 48.4408 -13.2768 7.15
      vertex 48.495 -13.0787 6.15
      vertex 48.495 -13.0787 7.15
    endloop
  endfacet
  facet normal 0.96455 -0.2639 0
    outer loop
      vertex 48.495 -13.0787 6.15
      vertex 48.4408 -13.2768 7.15
      vertex 48.4408 -13.2768 6.15
    endloop
  endfacet
  facet normal 0.98772 -0.156233 0
    outer loop
      vertex 48.495 -13.0787 7.15
      vertex 48.5276 -12.8726 6.15
      vertex 48.5276 -12.8726 7.15
    endloop
  endfacet
  facet normal 0.98772 -0.156233 0
    outer loop
      vertex 48.5276 -12.8726 6.15
      vertex 48.495 -13.0787 7.15
      vertex 48.495 -13.0787 6.15
    endloop
  endfacet
  facet normal 0.998733 -0.0503328 0
    outer loop
      vertex 48.5276 -12.8726 7.15
      vertex 48.5384 -12.6583 6.15
      vertex 48.5384 -12.6583 7.15
    endloop
  endfacet
  facet normal 0.998733 -0.0503328 0
    outer loop
      vertex 48.5384 -12.6583 6.15
      vertex 48.5276 -12.8726 7.15
      vertex 48.5276 -12.8726 6.15
    endloop
  endfacet
  facet normal 0.998463 0.0554299 0
    outer loop
      vertex 48.5384 -12.6583 7.15
      vertex 48.5231 -12.3827 6.15
      vertex 48.5231 -12.3827 7.15
    endloop
  endfacet
  facet normal 0.998463 0.0554299 0
    outer loop
      vertex 48.5231 -12.3827 6.15
      vertex 48.5384 -12.6583 7.15
      vertex 48.5384 -12.6583 6.15
    endloop
  endfacet
  facet normal 0.984199 0.177064 0
    outer loop
      vertex 48.5231 -12.3827 7.15
      vertex 48.4769 -12.1259 6.15
      vertex 48.4769 -12.1259 7.15
    endloop
  endfacet
  facet normal 0.984199 0.177064 0
    outer loop
      vertex 48.4769 -12.1259 6.15
      vertex 48.5231 -12.3827 7.15
      vertex 48.5231 -12.3827 6.15
    endloop
  endfacet
  facet normal 0.951791 0.306746 0
    outer loop
      vertex 48.4769 -12.1259 7.15
      vertex 48.4001 -11.8876 6.15
      vertex 48.4001 -11.8876 7.15
    endloop
  endfacet
  facet normal 0.951791 0.306746 0
    outer loop
      vertex 48.4001 -11.8876 6.15
      vertex 48.4769 -12.1259 7.15
      vertex 48.4769 -12.1259 6.15
    endloop
  endfacet
  facet normal 0.897918 0.440164 0
    outer loop
      vertex 48.4001 -11.8876 7.15
      vertex 48.2925 -11.6681 6.15
      vertex 48.2925 -11.6681 7.15
    endloop
  endfacet
  facet normal 0.897918 0.440164 0
    outer loop
      vertex 48.2925 -11.6681 6.15
      vertex 48.4001 -11.8876 7.15
      vertex 48.4001 -11.8876 6.15
    endloop
  endfacet
  facet normal 0.823635 0.56712 0
    outer loop
      vertex 48.2925 -11.6681 7.15
      vertex 48.1541 -11.4671 6.15
      vertex 48.1541 -11.4671 7.15
    endloop
  endfacet
  facet normal 0.823635 0.56712 0
    outer loop
      vertex 48.1541 -11.4671 6.15
      vertex 48.2925 -11.6681 7.15
      vertex 48.2925 -11.6681 6.15
    endloop
  endfacet
  facet normal 0.732965 0.680266 0
    outer loop
      vertex 48.1541 -11.4671 7.15
      vertex 47.985 -11.2849 6.15
      vertex 47.985 -11.2849 7.15
    endloop
  endfacet
  facet normal 0.732965 0.680266 0
    outer loop
      vertex 47.985 -11.2849 6.15
      vertex 48.1541 -11.4671 7.15
      vertex 48.1541 -11.4671 6.15
    endloop
  endfacet
  facet normal 0.630982 0.775797 -0
    outer loop
      vertex 47.985 -11.2849 6.15
      vertex 47.79 -11.1263 7.15
      vertex 47.985 -11.2849 7.15
    endloop
  endfacet
  facet normal 0.630982 0.775797 0
    outer loop
      vertex 47.79 -11.1263 7.15
      vertex 47.985 -11.2849 6.15
      vertex 47.79 -11.1263 6.15
    endloop
  endfacet
  facet normal 0.514263 0.857633 -0
    outer loop
      vertex 47.79 -11.1263 6.15
      vertex 47.5737 -10.9966 7.15
      vertex 47.79 -11.1263 7.15
    endloop
  endfacet
  facet normal 0.514263 0.857633 0
    outer loop
      vertex 47.5737 -10.9966 7.15
      vertex 47.79 -11.1263 6.15
      vertex 47.5737 -10.9966 6.15
    endloop
  endfacet
  facet normal 0.390878 0.920442 -0
    outer loop
      vertex 47.5737 -10.9966 6.15
      vertex 47.3361 -10.8957 7.15
      vertex 47.5737 -10.9966 7.15
    endloop
  endfacet
  facet normal 0.390878 0.920442 0
    outer loop
      vertex 47.3361 -10.8957 7.15
      vertex 47.5737 -10.9966 6.15
      vertex 47.3361 -10.8957 6.15
    endloop
  endfacet
  facet normal 0.268028 0.963411 -0
    outer loop
      vertex 47.3361 -10.8957 6.15
      vertex 47.0773 -10.8237 7.15
      vertex 47.3361 -10.8957 7.15
    endloop
  endfacet
  facet normal 0.268028 0.963411 0
    outer loop
      vertex 47.0773 -10.8237 7.15
      vertex 47.3361 -10.8957 6.15
      vertex 47.0773 -10.8237 6.15
    endloop
  endfacet
  facet normal 0.152482 0.988306 -0
    outer loop
      vertex 47.0773 -10.8237 6.15
      vertex 46.7973 -10.7805 7.15
      vertex 47.0773 -10.8237 7.15
    endloop
  endfacet
  facet normal 0.152482 0.988306 0
    outer loop
      vertex 46.7973 -10.7805 7.15
      vertex 47.0773 -10.8237 6.15
      vertex 46.7973 -10.7805 6.15
    endloop
  endfacet
  facet normal 0.0480692 0.998844 -0
    outer loop
      vertex 46.7973 -10.7805 6.15
      vertex 46.496 -10.766 7.15
      vertex 46.7973 -10.7805 7.15
    endloop
  endfacet
  facet normal 0.0480692 0.998844 0
    outer loop
      vertex 46.496 -10.766 7.15
      vertex 46.7973 -10.7805 6.15
      vertex 46.496 -10.766 6.15
    endloop
  endfacet
  facet normal -0.0652463 0.997869 0
    outer loop
      vertex 46.496 -10.766 6.15
      vertex 46.1213 -10.7905 7.15
      vertex 46.496 -10.766 7.15
    endloop
  endfacet
  facet normal -0.0652463 0.997869 0
    outer loop
      vertex 46.1213 -10.7905 7.15
      vertex 46.496 -10.766 6.15
      vertex 46.1213 -10.7905 6.15
    endloop
  endfacet
  facet normal -0.214489 0.976726 0
    outer loop
      vertex 46.1213 -10.7905 6.15
      vertex 45.7866 -10.864 7.15
      vertex 46.1213 -10.7905 7.15
    endloop
  endfacet
  facet normal -0.214489 0.976726 0
    outer loop
      vertex 45.7866 -10.864 7.15
      vertex 46.1213 -10.7905 6.15
      vertex 45.7866 -10.864 6.15
    endloop
  endfacet
  facet normal -0.383948 0.923355 0
    outer loop
      vertex 45.7866 -10.864 6.15
      vertex 45.492 -10.9865 7.15
      vertex 45.7866 -10.864 7.15
    endloop
  endfacet
  facet normal -0.383948 0.923355 0
    outer loop
      vertex 45.492 -10.9865 7.15
      vertex 45.7866 -10.864 6.15
      vertex 45.492 -10.9865 6.15
    endloop
  endfacet
  facet normal -0.558303 0.829637 0
    outer loop
      vertex 45.492 -10.9865 6.15
      vertex 45.2373 -11.1579 7.15
      vertex 45.492 -10.9865 7.15
    endloop
  endfacet
  facet normal -0.558303 0.829637 0
    outer loop
      vertex 45.2373 -11.1579 7.15
      vertex 45.492 -10.9865 6.15
      vertex 45.2373 -11.1579 6.15
    endloop
  endfacet
  facet normal -0.716471 0.697617 0
    outer loop
      vertex 45.0227 -11.3783 6.15
      vertex 45.2373 -11.1579 7.15
      vertex 45.2373 -11.1579 6.15
    endloop
  endfacet
  facet normal -0.716471 0.697617 0
    outer loop
      vertex 45.2373 -11.1579 7.15
      vertex 45.0227 -11.3783 6.15
      vertex 45.0227 -11.3783 7.15
    endloop
  endfacet
  facet normal -0.839169 0.543871 0
    outer loop
      vertex 44.8481 -11.6477 6.15
      vertex 45.0227 -11.3783 7.15
      vertex 45.0227 -11.3783 6.15
    endloop
  endfacet
  facet normal -0.839169 0.543871 0
    outer loop
      vertex 45.0227 -11.3783 7.15
      vertex 44.8481 -11.6477 6.15
      vertex 44.8481 -11.6477 7.15
    endloop
  endfacet
  facet normal -0.907207 0.420685 0
    outer loop
      vertex 44.7727 -11.8103 6.15
      vertex 44.8481 -11.6477 7.15
      vertex 44.8481 -11.6477 6.15
    endloop
  endfacet
  facet normal -0.907207 0.420685 0
    outer loop
      vertex 44.8481 -11.6477 7.15
      vertex 44.7727 -11.8103 6.15
      vertex 44.7727 -11.8103 7.15
    endloop
  endfacet
  facet normal -0.942444 0.334365 0
    outer loop
      vertex 44.7093 -11.989 6.15
      vertex 44.7727 -11.8103 7.15
      vertex 44.7727 -11.8103 6.15
    endloop
  endfacet
  facet normal -0.942444 0.334365 0
    outer loop
      vertex 44.7727 -11.8103 7.15
      vertex 44.7093 -11.989 6.15
      vertex 44.7093 -11.989 7.15
    endloop
  endfacet
  facet normal -0.966875 0.255251 0
    outer loop
      vertex 44.6579 -12.1837 6.15
      vertex 44.7093 -11.989 7.15
      vertex 44.7093 -11.989 6.15
    endloop
  endfacet
  facet normal -0.966875 0.255251 0
    outer loop
      vertex 44.7093 -11.989 7.15
      vertex 44.6579 -12.1837 6.15
      vertex 44.6579 -12.1837 7.15
    endloop
  endfacet
  facet normal -0.982877 0.18426 0
    outer loop
      vertex 44.6184 -12.3944 6.15
      vertex 44.6579 -12.1837 7.15
      vertex 44.6579 -12.1837 6.15
    endloop
  endfacet
  facet normal -0.982877 0.18426 0
    outer loop
      vertex 44.6579 -12.1837 7.15
      vertex 44.6184 -12.3944 6.15
      vertex 44.6184 -12.3944 7.15
    endloop
  endfacet
  facet normal -0.992788 0.119887 0
    outer loop
      vertex 44.591 -12.6213 6.15
      vertex 44.6184 -12.3944 7.15
      vertex 44.6184 -12.3944 6.15
    endloop
  endfacet
  facet normal -0.992788 0.119887 0
    outer loop
      vertex 44.6184 -12.3944 7.15
      vertex 44.591 -12.6213 6.15
      vertex 44.591 -12.6213 7.15
    endloop
  endfacet
  facet normal -0.997969 0.0637089 0
    outer loop
      vertex 44.5755 -12.8641 6.15
      vertex 44.591 -12.6213 7.15
      vertex 44.591 -12.6213 6.15
    endloop
  endfacet
  facet normal -0.997969 0.0637089 0
    outer loop
      vertex 44.591 -12.6213 7.15
      vertex 44.5755 -12.8641 6.15
      vertex 44.5755 -12.8641 7.15
    endloop
  endfacet
  facet normal 0 -1 0
    outer loop
      vertex 44.5755 -12.8641 6.15
      vertex 45.7025 -12.8641 7.15
      vertex 44.5755 -12.8641 7.15
    endloop
  endfacet
  facet normal 0 -1 -0
    outer loop
      vertex 45.7025 -12.8641 7.15
      vertex 44.5755 -12.8641 6.15
      vertex 45.7025 -12.8641 6.15
    endloop
  endfacet
  facet normal 0.998272 -0.0587591 0
    outer loop
      vertex 45.7025 -12.8641 7.15
      vertex 45.7118 -12.7061 6.15
      vertex 45.7118 -12.7061 7.15
    endloop
  endfacet
  facet normal 0.998272 -0.0587591 0
    outer loop
      vertex 45.7118 -12.7061 6.15
      vertex 45.7025 -12.8641 7.15
      vertex 45.7025 -12.8641 6.15
    endloop
  endfacet
  facet normal 0.995113 -0.0987463 0
    outer loop
      vertex 45.7118 -12.7061 7.15
      vertex 45.726 -12.563 6.15
      vertex 45.726 -12.563 7.15
    endloop
  endfacet
  facet normal 0.995113 -0.0987463 0
    outer loop
      vertex 45.726 -12.563 6.15
      vertex 45.7118 -12.7061 7.15
      vertex 45.7118 -12.7061 6.15
    endloop
  endfacet
  facet normal 0.98884 -0.148982 0
    outer loop
      vertex 45.726 -12.563 7.15
      vertex 45.7453 -12.4349 6.15
      vertex 45.7453 -12.4349 7.15
    endloop
  endfacet
  facet normal 0.98884 -0.148982 0
    outer loop
      vertex 45.7453 -12.4349 6.15
      vertex 45.726 -12.563 7.15
      vertex 45.726 -12.563 6.15
    endloop
  endfacet
  facet normal 0.97808 -0.208231 0
    outer loop
      vertex 45.7453 -12.4349 7.15
      vertex 45.7694 -12.3217 6.15
      vertex 45.7694 -12.3217 7.15
    endloop
  endfacet
  facet normal 0.97808 -0.208231 0
    outer loop
      vertex 45.7694 -12.3217 6.15
      vertex 45.7453 -12.4349 7.15
      vertex 45.7453 -12.4349 6.15
    endloop
  endfacet
  facet normal 0.95868 -0.284486 0
    outer loop
      vertex 45.7694 -12.3217 7.15
      vertex 45.7986 -12.2233 6.15
      vertex 45.7986 -12.2233 7.15
    endloop
  endfacet
  facet normal 0.95868 -0.284486 0
    outer loop
      vertex 45.7986 -12.2233 6.15
      vertex 45.7694 -12.3217 7.15
      vertex 45.7694 -12.3217 6.15
    endloop
  endfacet
  facet normal 0.925618 -0.37846 0
    outer loop
      vertex 45.7986 -12.2233 7.15
      vertex 45.8327 -12.1399 6.15
      vertex 45.8327 -12.1399 7.15
    endloop
  endfacet
  facet normal 0.925618 -0.37846 0
    outer loop
      vertex 45.8327 -12.1399 6.15
      vertex 45.7986 -12.2233 7.15
      vertex 45.7986 -12.2233 6.15
    endloop
  endfacet
  facet normal 0.854855 -0.518867 0
    outer loop
      vertex 45.8327 -12.1399 7.15
      vertex 45.9059 -12.0193 6.15
      vertex 45.9059 -12.0193 7.15
    endloop
  endfacet
  facet normal 0.854855 -0.518867 0
    outer loop
      vertex 45.9059 -12.0193 6.15
      vertex 45.8327 -12.1399 7.15
      vertex 45.8327 -12.1399 6.15
    endloop
  endfacet
  facet normal 0.731894 -0.681419 0
    outer loop
      vertex 45.9059 -12.0193 7.15
      vertex 45.9977 -11.9207 6.15
      vertex 45.9977 -11.9207 7.15
    endloop
  endfacet
  facet normal 0.731894 -0.681419 0
    outer loop
      vertex 45.9977 -11.9207 6.15
      vertex 45.9059 -12.0193 7.15
      vertex 45.9059 -12.0193 6.15
    endloop
  endfacet
  facet normal 0.57002 -0.821631 0
    outer loop
      vertex 45.9977 -11.9207 6.15
      vertex 46.1084 -11.8439 7.15
      vertex 45.9977 -11.9207 7.15
    endloop
  endfacet
  facet normal 0.57002 -0.821631 0
    outer loop
      vertex 46.1084 -11.8439 7.15
      vertex 45.9977 -11.9207 6.15
      vertex 46.1084 -11.8439 6.15
    endloop
  endfacet
  facet normal 0.389965 -0.92083 0
    outer loop
      vertex 46.1084 -11.8439 6.15
      vertex 46.2378 -11.7891 7.15
      vertex 46.1084 -11.8439 7.15
    endloop
  endfacet
  facet normal 0.389965 -0.92083 0
    outer loop
      vertex 46.2378 -11.7891 7.15
      vertex 46.1084 -11.8439 6.15
      vertex 46.2378 -11.7891 6.15
    endloop
  endfacet
  facet normal 0.216721 -0.976234 0
    outer loop
      vertex 46.2378 -11.7891 6.15
      vertex 46.386 -11.7562 7.15
      vertex 46.2378 -11.7891 7.15
    endloop
  endfacet
  facet normal 0.216721 -0.976234 0
    outer loop
      vertex 46.386 -11.7562 7.15
      vertex 46.2378 -11.7891 6.15
      vertex 46.386 -11.7562 6.15
    endloop
  endfacet
  facet normal 0.0651697 -0.997874 0
    outer loop
      vertex 46.386 -11.7562 6.15
      vertex 46.5529 -11.7453 7.15
      vertex 46.386 -11.7562 7.15
    endloop
  endfacet
  facet normal 0.0651697 -0.997874 0
    outer loop
      vertex 46.5529 -11.7453 7.15
      vertex 46.386 -11.7562 6.15
      vertex 46.5529 -11.7453 6.15
    endloop
  endfacet
  facet normal -0.0548005 -0.998497 0
    outer loop
      vertex 46.5529 -11.7453 6.15
      vertex 46.6768 -11.7521 7.15
      vertex 46.5529 -11.7453 7.15
    endloop
  endfacet
  facet normal -0.0548005 -0.998497 -0
    outer loop
      vertex 46.6768 -11.7521 7.15
      vertex 46.5529 -11.7453 6.15
      vertex 46.6768 -11.7521 6.15
    endloop
  endfacet
  facet normal -0.178809 -0.983884 0
    outer loop
      vertex 46.6768 -11.7521 6.15
      vertex 46.7907 -11.7728 7.15
      vertex 46.6768 -11.7521 7.15
    endloop
  endfacet
  facet normal -0.178809 -0.983884 -0
    outer loop
      vertex 46.7907 -11.7728 7.15
      vertex 46.6768 -11.7521 6.15
      vertex 46.7907 -11.7728 6.15
    endloop
  endfacet
  facet normal -0.314858 -0.949139 0
    outer loop
      vertex 46.7907 -11.7728 6.15
      vertex 46.8947 -11.8073 7.15
      vertex 46.7907 -11.7728 7.15
    endloop
  endfacet
  facet normal -0.314858 -0.949139 -0
    outer loop
      vertex 46.8947 -11.8073 7.15
      vertex 46.7907 -11.7728 6.15
      vertex 46.8947 -11.8073 6.15
    endloop
  endfacet
  facet normal -0.457027 -0.889453 0
    outer loop
      vertex 46.8947 -11.8073 6.15
      vertex 46.9887 -11.8556 7.15
      vertex 46.8947 -11.8073 7.15
    endloop
  endfacet
  facet normal -0.457027 -0.889453 -0
    outer loop
      vertex 46.9887 -11.8556 7.15
      vertex 46.8947 -11.8073 6.15
      vertex 46.9887 -11.8556 6.15
    endloop
  endfacet
  facet normal -0.594014 -0.804454 0
    outer loop
      vertex 46.9887 -11.8556 6.15
      vertex 47.0728 -11.9177 7.15
      vertex 46.9887 -11.8556 7.15
    endloop
  endfacet
  facet normal -0.594014 -0.804454 -0
    outer loop
      vertex 47.0728 -11.9177 7.15
      vertex 46.9887 -11.8556 6.15
      vertex 47.0728 -11.9177 6.15
    endloop
  endfacet
  facet normal -0.714609 -0.699525 0
    outer loop
      vertex 47.147 -11.9935 6.15
      vertex 47.0728 -11.9177 7.15
      vertex 47.0728 -11.9177 6.15
    endloop
  endfacet
  facet normal -0.714609 -0.699525 0
    outer loop
      vertex 47.0728 -11.9177 7.15
      vertex 47.147 -11.9935 6.15
      vertex 47.147 -11.9935 7.15
    endloop
  endfacet
  facet normal -0.8059 -0.592052 0
    outer loop
      vertex 47.2104 -12.0798 6.15
      vertex 47.147 -11.9935 7.15
      vertex 47.147 -11.9935 6.15
    endloop
  endfacet
  facet normal -0.8059 -0.592052 0
    outer loop
      vertex 47.147 -11.9935 7.15
      vertex 47.2104 -12.0798 6.15
      vertex 47.2104 -12.0798 7.15
    endloop
  endfacet
  facet normal -0.87429 -0.485404 0
    outer loop
      vertex 47.2622 -12.1731 6.15
      vertex 47.2104 -12.0798 7.15
      vertex 47.2104 -12.0798 6.15
    endloop
  endfacet
  facet normal -0.87429 -0.485404 0
    outer loop
      vertex 47.2104 -12.0798 7.15
      vertex 47.2622 -12.1731 6.15
      vertex 47.2622 -12.1731 7.15
    endloop
  endfacet
  facet normal -0.927581 -0.373622 0
    outer loop
      vertex 47.3026 -12.2734 6.15
      vertex 47.2622 -12.1731 7.15
      vertex 47.2622 -12.1731 6.15
    endloop
  endfacet
  facet normal -0.927581 -0.373622 0
    outer loop
      vertex 47.2622 -12.1731 7.15
      vertex 47.3026 -12.2734 6.15
      vertex 47.3026 -12.2734 7.15
    endloop
  endfacet
  facet normal -0.965815 -0.259231 0
    outer loop
      vertex 47.3314 -12.3807 6.15
      vertex 47.3026 -12.2734 7.15
      vertex 47.3026 -12.2734 6.15
    endloop
  endfacet
  facet normal -0.965815 -0.259231 0
    outer loop
      vertex 47.3026 -12.2734 7.15
      vertex 47.3314 -12.3807 6.15
      vertex 47.3314 -12.3807 7.15
    endloop
  endfacet
  facet normal -0.988739 -0.149652 0
    outer loop
      vertex 47.3487 -12.495 6.15
      vertex 47.3314 -12.3807 7.15
      vertex 47.3314 -12.3807 6.15
    endloop
  endfacet
  facet normal -0.988739 -0.149652 0
    outer loop
      vertex 47.3314 -12.3807 7.15
      vertex 47.3487 -12.495 6.15
      vertex 47.3487 -12.495 7.15
    endloop
  endfacet
  facet normal -0.998898 -0.0469391 0
    outer loop
      vertex 47.3544 -12.6163 6.15
      vertex 47.3487 -12.495 7.15
      vertex 47.3487 -12.495 6.15
    endloop
  endfacet
  facet normal -0.998898 -0.0469391 0
    outer loop
      vertex 47.3487 -12.495 7.15
      vertex 47.3544 -12.6163 6.15
      vertex 47.3544 -12.6163 7.15
    endloop
  endfacet
  facet normal -0.997823 0.06595 0
    outer loop
      vertex 47.3444 -12.7676 6.15
      vertex 47.3544 -12.6163 7.15
      vertex 47.3544 -12.6163 6.15
    endloop
  endfacet
  facet normal -0.997823 0.06595 0
    outer loop
      vertex 47.3544 -12.6163 7.15
      vertex 47.3444 -12.7676 6.15
      vertex 47.3444 -12.7676 7.15
    endloop
  endfacet
  facet normal -0.979596 0.200977 0
    outer loop
      vertex 47.3142 -12.9148 6.15
      vertex 47.3444 -12.7676 7.15
      vertex 47.3444 -12.7676 6.15
    endloop
  endfacet
  facet normal -0.979596 0.200977 0
    outer loop
      vertex 47.3444 -12.7676 7.15
      vertex 47.3142 -12.9148 6.15
      vertex 47.3142 -12.9148 7.15
    endloop
  endfacet
  facet normal -0.943488 0.331407 0
    outer loop
      vertex 47.2639 -13.058 6.15
      vertex 47.3142 -12.9148 7.15
      vertex 47.3142 -12.9148 6.15
    endloop
  endfacet
  facet normal -0.943488 0.331407 0
    outer loop
      vertex 47.3142 -12.9148 7.15
      vertex 47.2639 -13.058 6.15
      vertex 47.2639 -13.058 7.15
    endloop
  endfacet
  facet normal -0.892105 0.451829 0
    outer loop
      vertex 47.1935 -13.197 6.15
      vertex 47.2639 -13.058 7.15
      vertex 47.2639 -13.058 6.15
    endloop
  endfacet
  facet normal -0.892105 0.451829 0
    outer loop
      vertex 47.2639 -13.058 7.15
      vertex 47.1935 -13.197 6.15
      vertex 47.1935 -13.197 7.15
    endloop
  endfacet
  facet normal -0.830818 0.556544 0
    outer loop
      vertex 47.103 -13.3321 6.15
      vertex 47.1935 -13.197 7.15
      vertex 47.1935 -13.197 6.15
    endloop
  endfacet
  facet normal -0.830818 0.556544 0
    outer loop
      vertex 47.1935 -13.197 7.15
      vertex 47.103 -13.3321 6.15
      vertex 47.103 -13.3321 7.15
    endloop
  endfacet
  facet normal -0.763851 0.645393 0
    outer loop
      vertex 46.9924 -13.463 6.15
      vertex 47.103 -13.3321 7.15
      vertex 47.103 -13.3321 6.15
    endloop
  endfacet
  facet normal -0.763851 0.645393 0
    outer loop
      vertex 47.103 -13.3321 7.15
      vertex 46.9924 -13.463 6.15
      vertex 46.9924 -13.463 7.15
    endloop
  endfacet
  facet normal -0.697165 0.716911 0
    outer loop
      vertex 46.9924 -13.463 6.15
      vertex 46.898 -13.5548 7.15
      vertex 46.9924 -13.463 7.15
    endloop
  endfacet
  facet normal -0.697165 0.716911 0
    outer loop
      vertex 46.898 -13.5548 7.15
      vertex 46.9924 -13.463 6.15
      vertex 46.898 -13.5548 6.15
    endloop
  endfacet
  facet normal -0.657911 0.753096 0
    outer loop
      vertex 46.898 -13.5548 6.15
      vertex 46.7722 -13.6647 7.15
      vertex 46.898 -13.5548 7.15
    endloop
  endfacet
  facet normal -0.657911 0.753096 0
    outer loop
      vertex 46.7722 -13.6647 7.15
      vertex 46.898 -13.5548 6.15
      vertex 46.7722 -13.6647 6.15
    endloop
  endfacet
  facet normal -0.631409 0.77545 0
    outer loop
      vertex 46.7722 -13.6647 6.15
      vertex 46.615 -13.7927 7.15
      vertex 46.7722 -13.6647 7.15
    endloop
  endfacet
  facet normal -0.631409 0.77545 0
    outer loop
      vertex 46.615 -13.7927 7.15
      vertex 46.7722 -13.6647 6.15
      vertex 46.615 -13.7927 6.15
    endloop
  endfacet
  facet normal -0.612199 0.790704 0
    outer loop
      vertex 46.615 -13.7927 6.15
      vertex 46.4263 -13.9388 7.15
      vertex 46.615 -13.7927 7.15
    endloop
  endfacet
  facet normal -0.612199 0.790704 0
    outer loop
      vertex 46.4263 -13.9388 7.15
      vertex 46.615 -13.7927 6.15
      vertex 46.4263 -13.9388 6.15
    endloop
  endfacet
  facet normal -0.598133 0.801397 0
    outer loop
      vertex 46.4263 -13.9388 6.15
      vertex 46.2063 -14.103 7.15
      vertex 46.4263 -13.9388 7.15
    endloop
  endfacet
  facet normal -0.598133 0.801397 0
    outer loop
      vertex 46.2063 -14.103 7.15
      vertex 46.4263 -13.9388 6.15
      vertex 46.2063 -14.103 6.15
    endloop
  endfacet
  facet normal -0.586677 0.809821 0
    outer loop
      vertex 46.2063 -14.103 6.15
      vertex 45.9548 -14.2852 7.15
      vertex 46.2063 -14.103 7.15
    endloop
  endfacet
  facet normal -0.586677 0.809821 0
    outer loop
      vertex 45.9548 -14.2852 7.15
      vertex 46.2063 -14.103 6.15
      vertex 45.9548 -14.2852 6.15
    endloop
  endfacet
  facet normal -0.601899 0.798572 0
    outer loop
      vertex 45.9548 -14.2852 6.15
      vertex 45.6657 -14.5031 7.15
      vertex 45.9548 -14.2852 7.15
    endloop
  endfacet
  facet normal -0.601899 0.798572 0
    outer loop
      vertex 45.6657 -14.5031 7.15
      vertex 45.9548 -14.2852 6.15
      vertex 45.6657 -14.5031 6.15
    endloop
  endfacet
  facet normal -0.64807 0.761581 0
    outer loop
      vertex 45.6657 -14.5031 6.15
      vertex 45.4141 -14.7172 7.15
      vertex 45.6657 -14.5031 7.15
    endloop
  endfacet
  facet normal -0.64807 0.761581 0
    outer loop
      vertex 45.4141 -14.7172 7.15
      vertex 45.6657 -14.5031 6.15
      vertex 45.4141 -14.7172 6.15
    endloop
  endfacet
  facet normal -0.700578 0.713576 0
    outer loop
      vertex 45.4141 -14.7172 6.15
      vertex 45.2 -14.9274 7.15
      vertex 45.4141 -14.7172 7.15
    endloop
  endfacet
  facet normal -0.700578 0.713576 0
    outer loop
      vertex 45.2 -14.9274 7.15
      vertex 45.4141 -14.7172 6.15
      vertex 45.2 -14.9274 6.15
    endloop
  endfacet
  facet normal -0.759854 0.650093 0
    outer loop
      vertex 45.0235 -15.1337 6.15
      vertex 45.2 -14.9274 7.15
      vertex 45.2 -14.9274 6.15
    endloop
  endfacet
  facet normal -0.759854 0.650093 0
    outer loop
      vertex 45.2 -14.9274 7.15
      vertex 45.0235 -15.1337 6.15
      vertex 45.0235 -15.1337 7.15
    endloop
  endfacet
  facet normal -0.824457 0.565924 0
    outer loop
      vertex 44.8845 -15.3362 6.15
      vertex 45.0235 -15.1337 7.15
      vertex 45.0235 -15.1337 6.15
    endloop
  endfacet
  facet normal -0.824457 0.565924 0
    outer loop
      vertex 45.0235 -15.1337 7.15
      vertex 44.8845 -15.3362 6.15
      vertex 44.8845 -15.3362 7.15
    endloop
  endfacet
  facet normal -0.89054 0.454906 0
    outer loop
      vertex 44.783 -15.5349 6.15
      vertex 44.8845 -15.3362 7.15
      vertex 44.8845 -15.3362 6.15
    endloop
  endfacet
  facet normal -0.89054 0.454906 0
    outer loop
      vertex 44.8845 -15.3362 7.15
      vertex 44.783 -15.5349 6.15
      vertex 44.783 -15.5349 7.15
    endloop
  endfacet
  facet normal -0.914488 0.404613 0
    outer loop
      vertex 44.7042 -15.713 6.15
      vertex 44.783 -15.5349 7.15
      vertex 44.783 -15.5349 6.15
    endloop
  endfacet
  facet normal -0.914488 0.404613 0
    outer loop
      vertex 44.783 -15.5349 7.15
      vertex 44.7042 -15.713 6.15
      vertex 44.7042 -15.713 7.15
    endloop
  endfacet
  facet normal -0.942365 0.334586 0
    outer loop
      vertex 44.6388 -15.8972 6.15
      vertex 44.7042 -15.713 7.15
      vertex 44.7042 -15.713 6.15
    endloop
  endfacet
  facet normal -0.942365 0.334586 0
    outer loop
      vertex 44.7042 -15.713 7.15
      vertex 44.6388 -15.8972 6.15
      vertex 44.6388 -15.8972 7.15
    endloop
  endfacet
  facet normal -0.964506 0.264061 0
    outer loop
      vertex 44.5867 -16.0875 6.15
      vertex 44.6388 -15.8972 7.15
      vertex 44.6388 -15.8972 6.15
    endloop
  endfacet
  facet normal -0.964506 0.264061 0
    outer loop
      vertex 44.6388 -15.8972 7.15
      vertex 44.5867 -16.0875 6.15
      vertex 44.5867 -16.0875 7.15
    endloop
  endfacet
  facet normal -0.981039 0.19381 0
    outer loop
      vertex 44.5479 -16.2839 6.15
      vertex 44.5867 -16.0875 7.15
      vertex 44.5867 -16.0875 6.15
    endloop
  endfacet
  facet normal -0.981039 0.19381 0
    outer loop
      vertex 44.5867 -16.0875 7.15
      vertex 44.5479 -16.2839 6.15
      vertex 44.5479 -16.2839 7.15
    endloop
  endfacet
  facet normal -0.992225 0.124457 0
    outer loop
      vertex 44.5225 -16.4864 6.15
      vertex 44.5479 -16.2839 7.15
      vertex 44.5479 -16.2839 6.15
    endloop
  endfacet
  facet normal -0.992225 0.124457 0
    outer loop
      vertex 44.5479 -16.2839 7.15
      vertex 44.5225 -16.4864 6.15
      vertex 44.5225 -16.4864 7.15
    endloop
  endfacet
  facet normal -0.998322 0.0579084 0
    outer loop
      vertex 44.5104 -16.695 6.15
      vertex 44.5225 -16.4864 7.15
      vertex 44.5225 -16.4864 6.15
    endloop
  endfacet
  facet normal -0.998322 0.0579084 0
    outer loop
      vertex 44.5225 -16.4864 7.15
      vertex 44.5104 -16.695 6.15
      vertex 44.5104 -16.695 7.15
    endloop
  endfacet
  facet normal 0 -1 0
    outer loop
      vertex 44.5104 -16.695 6.15
      vertex 48.5507 -16.695 7.15
      vertex 44.5104 -16.695 7.15
    endloop
  endfacet
  facet normal 0 -1 -0
    outer loop
      vertex 48.5507 -16.695 7.15
      vertex 44.5104 -16.695 6.15
      vertex 48.5507 -16.695 6.15
    endloop
  endfacet
  facet normal 1 -0 0
    outer loop
      vertex 48.5507 -16.695 7.15
      vertex 48.5507 -15.6735 6.15
      vertex 48.5507 -15.6735 7.15
    endloop
  endfacet
  facet normal 1 0 0
    outer loop
      vertex 48.5507 -15.6735 6.15
      vertex 48.5507 -16.695 7.15
      vertex 48.5507 -16.695 6.15
    endloop
  endfacet
  facet normal 0 1 -0
    outer loop
      vertex 42.8773 -10.7958 6.15
      vertex 41.913 -10.7958 7.15
      vertex 42.8773 -10.7958 7.15
    endloop
  endfacet
  facet normal 0 1 0
    outer loop
      vertex 41.913 -10.7958 7.15
      vertex 42.8773 -10.7958 6.15
      vertex 41.913 -10.7958 6.15
    endloop
  endfacet
  facet normal -0.999083 0.0428178 0
    outer loop
      vertex 41.9118 -10.8238 6.15
      vertex 41.913 -10.7958 7.15
      vertex 41.913 -10.7958 6.15
    endloop
  endfacet
  facet normal -0.999083 0.0428178 0
    outer loop
      vertex 41.913 -10.7958 7.15
      vertex 41.9118 -10.8238 6.15
      vertex 41.9118 -10.8238 7.15
    endloop
  endfacet
  facet normal -0.993621 0.112773 0
    outer loop
      vertex 41.9081 -10.8564 6.15
      vertex 41.9118 -10.8238 7.15
      vertex 41.9118 -10.8238 6.15
    endloop
  endfacet
  facet normal -0.993621 0.112773 0
    outer loop
      vertex 41.9118 -10.8238 7.15
      vertex 41.9081 -10.8564 6.15
      vertex 41.9081 -10.8564 7.15
    endloop
  endfacet
  facet normal -0.985812 0.167854 0
    outer loop
      vertex 41.9018 -10.8934 6.15
      vertex 41.9081 -10.8564 7.15
      vertex 41.9081 -10.8564 6.15
    endloop
  endfacet
  facet normal -0.985812 0.167854 0
    outer loop
      vertex 41.9081 -10.8564 7.15
      vertex 41.9018 -10.8934 6.15
      vertex 41.9018 -10.8934 7.15
    endloop
  endfacet
  facet normal -0.978824 0.204706 0
    outer loop
      vertex 41.8931 -10.935 6.15
      vertex 41.9018 -10.8934 7.15
      vertex 41.9018 -10.8934 6.15
    endloop
  endfacet
  facet normal -0.978824 0.204706 0
    outer loop
      vertex 41.9018 -10.8934 7.15
      vertex 41.8931 -10.935 6.15
      vertex 41.8931 -10.935 7.15
    endloop
  endfacet
  facet normal -0.97185 0.2356 0
    outer loop
      vertex 41.8819 -10.9812 6.15
      vertex 41.8931 -10.935 7.15
      vertex 41.8931 -10.935 6.15
    endloop
  endfacet
  facet normal -0.97185 0.2356 0
    outer loop
      vertex 41.8931 -10.935 7.15
      vertex 41.8819 -10.9812 6.15
      vertex 41.8819 -10.9812 7.15
    endloop
  endfacet
  facet normal -0.965726 0.259563 0
    outer loop
      vertex 41.8683 -11.0318 6.15
      vertex 41.8819 -10.9812 7.15
      vertex 41.8819 -10.9812 6.15
    endloop
  endfacet
  facet normal -0.965726 0.259563 0
    outer loop
      vertex 41.8819 -10.9812 7.15
      vertex 41.8683 -11.0318 6.15
      vertex 41.8683 -11.0318 7.15
    endloop
  endfacet
  facet normal -0.950673 0.310196 0
    outer loop
      vertex 41.8405 -11.117 6.15
      vertex 41.8683 -11.0318 7.15
      vertex 41.8683 -11.0318 6.15
    endloop
  endfacet
  facet normal -0.950673 0.310196 0
    outer loop
      vertex 41.8683 -11.0318 7.15
      vertex 41.8405 -11.117 6.15
      vertex 41.8405 -11.117 7.15
    endloop
  endfacet
  facet normal -0.927749 0.373205 0
    outer loop
      vertex 41.8086 -11.1963 6.15
      vertex 41.8405 -11.117 7.15
      vertex 41.8405 -11.117 6.15
    endloop
  endfacet
  facet normal -0.927749 0.373205 0
    outer loop
      vertex 41.8405 -11.117 7.15
      vertex 41.8086 -11.1963 6.15
      vertex 41.8086 -11.1963 7.15
    endloop
  endfacet
  facet normal -0.898063 0.439867 0
    outer loop
      vertex 41.7726 -11.2698 6.15
      vertex 41.8086 -11.1963 7.15
      vertex 41.8086 -11.1963 6.15
    endloop
  endfacet
  facet normal -0.898063 0.439867 0
    outer loop
      vertex 41.8086 -11.1963 7.15
      vertex 41.7726 -11.2698 6.15
      vertex 41.7726 -11.2698 7.15
    endloop
  endfacet
  facet normal -0.86118 0.5083 0
    outer loop
      vertex 41.7327 -11.3374 6.15
      vertex 41.7726 -11.2698 7.15
      vertex 41.7726 -11.2698 6.15
    endloop
  endfacet
  facet normal -0.86118 0.5083 0
    outer loop
      vertex 41.7726 -11.2698 7.15
      vertex 41.7327 -11.3374 6.15
      vertex 41.7327 -11.3374 7.15
    endloop
  endfacet
  facet normal -0.813555 0.581488 0
    outer loop
      vertex 41.6886 -11.3991 6.15
      vertex 41.7327 -11.3374 7.15
      vertex 41.7327 -11.3374 6.15
    endloop
  endfacet
  facet normal -0.813555 0.581488 0
    outer loop
      vertex 41.7327 -11.3374 7.15
      vertex 41.6886 -11.3991 6.15
      vertex 41.6886 -11.3991 7.15
    endloop
  endfacet
  facet normal -0.757433 0.652913 0
    outer loop
      vertex 41.6405 -11.4549 6.15
      vertex 41.6886 -11.3991 7.15
      vertex 41.6886 -11.3991 6.15
    endloop
  endfacet
  facet normal -0.757433 0.652913 0
    outer loop
      vertex 41.6886 -11.3991 7.15
      vertex 41.6405 -11.4549 6.15
      vertex 41.6405 -11.4549 7.15
    endloop
  endfacet
  facet normal -0.688477 0.725258 0
    outer loop
      vertex 41.6405 -11.4549 6.15
      vertex 41.5636 -11.5279 7.15
      vertex 41.6405 -11.4549 7.15
    endloop
  endfacet
  facet normal -0.688477 0.725258 0
    outer loop
      vertex 41.5636 -11.5279 7.15
      vertex 41.6405 -11.4549 6.15
      vertex 41.5636 -11.5279 6.15
    endloop
  endfacet
  facet normal -0.60857 0.7935 0
    outer loop
      vertex 41.5636 -11.5279 6.15
      vertex 41.4795 -11.5924 7.15
      vertex 41.5636 -11.5279 7.15
    endloop
  endfacet
  facet normal -0.60857 0.7935 0
    outer loop
      vertex 41.4795 -11.5924 7.15
      vertex 41.5636 -11.5279 6.15
      vertex 41.4795 -11.5924 6.15
    endloop
  endfacet
  facet normal -0.521488 0.853259 0
    outer loop
      vertex 41.4795 -11.5924 6.15
      vertex 41.3882 -11.6482 7.15
      vertex 41.4795 -11.5924 7.15
    endloop
  endfacet
  facet normal -0.521488 0.853259 0
    outer loop
      vertex 41.3882 -11.6482 7.15
      vertex 41.4795 -11.5924 6.15
      vertex 41.3882 -11.6482 6.15
    endloop
  endfacet
  facet normal -0.431779 0.901979 0
    outer loop
      vertex 41.3882 -11.6482 6.15
      vertex 41.2896 -11.6954 7.15
      vertex 41.3882 -11.6482 7.15
    endloop
  endfacet
  facet normal -0.431779 0.901979 0
    outer loop
      vertex 41.2896 -11.6954 7.15
      vertex 41.3882 -11.6482 6.15
      vertex 41.2896 -11.6954 6.15
    endloop
  endfacet
  facet normal -0.343524 0.939144 0
    outer loop
      vertex 41.2896 -11.6954 6.15
      vertex 41.1838 -11.7341 7.15
      vertex 41.2896 -11.6954 7.15
    endloop
  endfacet
  facet normal -0.343524 0.939144 0
    outer loop
      vertex 41.1838 -11.7341 7.15
      vertex 41.2896 -11.6954 6.15
      vertex 41.1838 -11.7341 6.15
    endloop
  endfacet
  facet normal -0.256598 0.966518 0
    outer loop
      vertex 41.1838 -11.7341 6.15
      vertex 41.0708 -11.7641 7.15
      vertex 41.1838 -11.7341 7.15
    endloop
  endfacet
  facet normal -0.256598 0.966518 0
    outer loop
      vertex 41.0708 -11.7641 7.15
      vertex 41.1838 -11.7341 6.15
      vertex 41.0708 -11.7641 6.15
    endloop
  endfacet
  facet normal -0.187167 0.982328 0
    outer loop
      vertex 41.0708 -11.7641 6.15
      vertex 40.9884 -11.7798 7.15
      vertex 41.0708 -11.7641 7.15
    endloop
  endfacet
  facet normal -0.187167 0.982328 0
    outer loop
      vertex 40.9884 -11.7798 7.15
      vertex 41.0708 -11.7641 6.15
      vertex 40.9884 -11.7798 6.15
    endloop
  endfacet
  facet normal -0.139631 0.990204 0
    outer loop
      vertex 40.9884 -11.7798 6.15
      vertex 40.8877 -11.794 7.15
      vertex 40.9884 -11.7798 7.15
    endloop
  endfacet
  facet normal -0.139631 0.990204 0
    outer loop
      vertex 40.8877 -11.794 7.15
      vertex 40.9884 -11.7798 6.15
      vertex 40.8877 -11.794 6.15
    endloop
  endfacet
  facet normal -0.107772 0.994176 0
    outer loop
      vertex 40.8877 -11.794 6.15
      vertex 40.7687 -11.8069 7.15
      vertex 40.8877 -11.794 7.15
    endloop
  endfacet
  facet normal -0.107772 0.994176 0
    outer loop
      vertex 40.7687 -11.8069 7.15
      vertex 40.8877 -11.794 6.15
      vertex 40.7687 -11.8069 6.15
    endloop
  endfacet
  facet normal -0.0834659 0.996511 0
    outer loop
      vertex 40.7687 -11.8069 6.15
      vertex 40.6314 -11.8184 7.15
      vertex 40.7687 -11.8069 7.15
    endloop
  endfacet
  facet normal -0.0834659 0.996511 0
    outer loop
      vertex 40.6314 -11.8184 7.15
      vertex 40.7687 -11.8069 6.15
      vertex 40.6314 -11.8184 6.15
    endloop
  endfacet
  facet normal -0.0653705 0.997861 0
    outer loop
      vertex 40.6314 -11.8184 6.15
      vertex 40.4757 -11.8286 7.15
      vertex 40.6314 -11.8184 7.15
    endloop
  endfacet
  facet normal -0.0653705 0.997861 0
    outer loop
      vertex 40.4757 -11.8286 7.15
      vertex 40.6314 -11.8184 6.15
      vertex 40.4757 -11.8286 6.15
    endloop
  endfacet
  facet normal -0.0505391 0.998722 0
    outer loop
      vertex 40.4757 -11.8286 6.15
      vertex 40.3018 -11.8374 7.15
      vertex 40.4757 -11.8286 7.15
    endloop
  endfacet
  facet normal -0.0505391 0.998722 0
    outer loop
      vertex 40.3018 -11.8374 7.15
      vertex 40.4757 -11.8286 6.15
      vertex 40.3018 -11.8374 6.15
    endloop
  endfacet
  facet normal -1 0 0
    outer loop
      vertex 40.3018 -12.6284 6.15
      vertex 40.3018 -11.8374 7.15
      vertex 40.3018 -11.8374 6.15
    endloop
  endfacet
  facet normal -1 -0 0
    outer loop
      vertex 40.3018 -11.8374 7.15
      vertex 40.3018 -12.6284 6.15
      vertex 40.3018 -12.6284 7.15
    endloop
  endfacet
  facet normal 0 -1 0
    outer loop
      vertex 40.3018 -12.6284 6.15
      vertex 41.6892 -12.6284 7.15
      vertex 40.3018 -12.6284 7.15
    endloop
  endfacet
  facet normal 0 -1 -0
    outer loop
      vertex 41.6892 -12.6284 7.15
      vertex 40.3018 -12.6284 6.15
      vertex 41.6892 -12.6284 6.15
    endloop
  endfacet
  facet normal -1 0 0
    outer loop
      vertex 41.6892 -16.695 6.15
      vertex 41.6892 -12.6284 7.15
      vertex 41.6892 -12.6284 6.15
    endloop
  endfacet
  facet normal -1 -0 0
    outer loop
      vertex 41.6892 -12.6284 7.15
      vertex 41.6892 -16.695 6.15
      vertex 41.6892 -16.695 7.15
    endloop
  endfacet
  facet normal 0 -1 0
    outer loop
      vertex 41.6892 -16.695 6.15
      vertex 42.8773 -16.695 7.15
      vertex 41.6892 -16.695 7.15
    endloop
  endfacet
  facet normal 0 -1 -0
    outer loop
      vertex 42.8773 -16.695 7.15
      vertex 41.6892 -16.695 6.15
      vertex 42.8773 -16.695 6.15
    endloop
  endfacet
  facet normal 1 -0 0
    outer loop
      vertex 42.8773 -16.695 7.15
      vertex 42.8773 -10.7958 6.15
      vertex 42.8773 -10.7958 7.15
    endloop
  endfacet
  facet normal 1 0 0
    outer loop
      vertex 42.8773 -10.7958 6.15
      vertex 42.8773 -16.695 7.15
      vertex 42.8773 -16.695 6.15
    endloop
  endfacet
  facet normal 0 0 -1
    outer loop
      vertex 60.2254 -16.5629 0
      vertex 62.75 -16.75 0
      vertex 62.7008 -17.3757 0
    endloop
  endfacet
  facet normal 0 0 -1
    outer loop
      vertex 62.75 -16.75 0
      vertex 60.25 -16.25 0
      vertex 62.75 16.75 0
    endloop
  endfacet
  facet normal 0 0 -1
    outer loop
      vertex 60.1521 -16.868 0
      vertex 62.7008 -17.3757 0
      vertex 62.5542 -17.9861 0
    endloop
  endfacet
  facet normal 0 0 -1
    outer loop
      vertex 60.25 16.25 0
      vertex 62.75 16.75 0
      vertex 60.25 -16.25 0
    endloop
  endfacet
  facet normal 0 0 -1
    outer loop
      vertex 60.032 -17.158 0
      vertex 62.5542 -17.9861 0
      vertex 62.314 -18.566 0
    endloop
  endfacet
  facet normal 0 0 -1
    outer loop
      vertex 60.2254 16.5629 0
      vertex 62.75 16.75 0
      vertex 60.25 16.25 0
    endloop
  endfacet
  facet normal 0 0 -1
    outer loop
      vertex 59.868 -17.4256 0
      vertex 62.314 -18.566 0
      vertex 61.9861 -19.1011 0
    endloop
  endfacet
  facet normal -0 0 -1
    outer loop
      vertex 62.75 16.75 0
      vertex 60.2254 16.5629 0
      vertex 62.7008 17.3757 0
    endloop
  endfacet
  facet normal 0 0 -1
    outer loop
      vertex 59.6642 -17.6642 0
      vertex 61.9861 -19.1011 0
      vertex 61.5784 -19.5784 0
    endloop
  endfacet
  facet normal 0 0 -1
    outer loop
      vertex 60.1521 16.868 0
      vertex 62.7008 17.3757 0
      vertex 60.2254 16.5629 0
    endloop
  endfacet
  facet normal 0 0 -1
    outer loop
      vertex 59.6642 -17.6642 0
      vertex 61.5784 -19.5784 0
      vertex 61.1011 -19.9861 0
    endloop
  endfacet
  facet normal -0 0 -1
    outer loop
      vertex 62.7008 17.3757 0
      vertex 60.1521 16.868 0
      vertex 62.5542 17.9861 0
    endloop
  endfacet
  facet normal 0 0 -1
    outer loop
      vertex 59.4256 -17.868 0
      vertex 61.1011 -19.9861 0
      vertex 60.566 -20.314 0
    endloop
  endfacet
  facet normal 0 0 -1
    outer loop
      vertex 60.032 17.158 0
      vertex 62.5542 17.9861 0
      vertex 60.1521 16.868 0
    endloop
  endfacet
  facet normal -0 0 -1
    outer loop
      vertex 62.5542 17.9861 0
      vertex 60.032 17.158 0
      vertex 62.314 18.566 0
    endloop
  endfacet
  facet normal 0 0 -1
    outer loop
      vertex 62.75 -16.75 0
      vertex 60.2254 -16.5629 0
      vertex 60.25 -16.25 0
    endloop
  endfacet
  facet normal 0 0 -1
    outer loop
      vertex 62.7008 -17.3757 0
      vertex 60.1521 -16.868 0
      vertex 60.2254 -16.5629 0
    endloop
  endfacet
  facet normal 0 0 -1
    outer loop
      vertex 62.5542 -17.9861 0
      vertex 60.032 -17.158 0
      vertex 60.1521 -16.868 0
    endloop
  endfacet
  facet normal 0 0 -1
    outer loop
      vertex 59.158 -18.032 0
      vertex 60.566 -20.314 0
      vertex 59.9861 -20.5542 0
    endloop
  endfacet
  facet normal 0 0 -1
    outer loop
      vertex 62.314 -18.566 0
      vertex 59.868 -17.4256 0
      vertex 60.032 -17.158 0
    endloop
  endfacet
  facet normal 0 0 -1
    outer loop
      vertex 61.9861 -19.1011 0
      vertex 59.6642 -17.6642 0
      vertex 59.868 -17.4256 0
    endloop
  endfacet
  facet normal 0 0 -1
    outer loop
      vertex 61.1011 -19.9861 0
      vertex 59.4256 -17.868 0
      vertex 59.6642 -17.6642 0
    endloop
  endfacet
  facet normal 0 0 -1
    outer loop
      vertex 58.868 -18.1521 0
      vertex 59.9861 -20.5542 0
      vertex 59.3757 -20.7008 0
    endloop
  endfacet
  facet normal 0 0 -1
    outer loop
      vertex 60.566 -20.314 0
      vertex 59.158 -18.032 0
      vertex 59.4256 -17.868 0
    endloop
  endfacet
  facet normal 0 0 -1
    outer loop
      vertex 59.9861 -20.5542 0
      vertex 58.868 -18.1521 0
      vertex 59.158 -18.032 0
    endloop
  endfacet
  facet normal 0 0 -1
    outer loop
      vertex 58.5629 -18.2254 0
      vertex 59.3757 -20.7008 0
      vertex 58.75 -20.75 0
    endloop
  endfacet
  facet normal 0 0 -1
    outer loop
      vertex 59.3757 -20.7008 0
      vertex 58.5629 -18.2254 0
      vertex 58.868 -18.1521 0
    endloop
  endfacet
  facet normal 0 0 -1
    outer loop
      vertex 58.75 -20.75 0
      vertex 58.25 -18.25 0
      vertex 58.5629 -18.2254 0
    endloop
  endfacet
  facet normal 0 0 -1
    outer loop
      vertex 58.75 -20.75 0
      vertex -58.25 -18.25 0
      vertex 58.25 -18.25 0
    endloop
  endfacet
  facet normal 0 0 -1
    outer loop
      vertex -58.75 -20.75 0
      vertex -58.25 -18.25 0
      vertex 58.75 -20.75 0
    endloop
  endfacet
  facet normal 0 0 -1
    outer loop
      vertex -58.75 -20.75 0
      vertex -58.5629 -18.2254 0
      vertex -58.25 -18.25 0
    endloop
  endfacet
  facet normal 0 0 -1
    outer loop
      vertex -59.3757 -20.7008 0
      vertex -58.5629 -18.2254 0
      vertex -58.75 -20.75 0
    endloop
  endfacet
  facet normal -0 0 -1
    outer loop
      vertex -58.5629 -18.2254 0
      vertex -59.3757 -20.7008 0
      vertex -58.868 -18.1521 0
    endloop
  endfacet
  facet normal 0 0 -1
    outer loop
      vertex -59.9861 -20.5542 0
      vertex -58.868 -18.1521 0
      vertex -59.3757 -20.7008 0
    endloop
  endfacet
  facet normal -0 0 -1
    outer loop
      vertex -58.868 -18.1521 0
      vertex -59.9861 -20.5542 0
      vertex -59.158 -18.032 0
    endloop
  endfacet
  facet normal 0 0 -1
    outer loop
      vertex -60.566 -20.314 0
      vertex -59.158 -18.032 0
      vertex -59.9861 -20.5542 0
    endloop
  endfacet
  facet normal -0 0 -1
    outer loop
      vertex -59.158 -18.032 0
      vertex -60.566 -20.314 0
      vertex -59.4256 -17.868 0
    endloop
  endfacet
  facet normal 0 0 -1
    outer loop
      vertex -61.1011 -19.9861 0
      vertex -59.4256 -17.868 0
      vertex -60.566 -20.314 0
    endloop
  endfacet
  facet normal -0 0 -1
    outer loop
      vertex -59.4256 -17.868 0
      vertex -61.1011 -19.9861 0
      vertex -59.6642 -17.6642 0
    endloop
  endfacet
  facet normal 0 0 -1
    outer loop
      vertex -61.5784 -19.5784 0
      vertex -59.6642 -17.6642 0
      vertex -61.1011 -19.9861 0
    endloop
  endfacet
  facet normal 0 0 -1
    outer loop
      vertex -61.9861 -19.1011 0
      vertex -59.6642 -17.6642 0
      vertex -61.5784 -19.5784 0
    endloop
  endfacet
  facet normal -0 0 -1
    outer loop
      vertex -59.6642 -17.6642 0
      vertex -61.9861 -19.1011 0
      vertex -59.868 -17.4256 0
    endloop
  endfacet
  facet normal -0 0 -1
    outer loop
      vertex -59.868 -17.4256 0
      vertex -62.314 -18.566 0
      vertex -60.032 -17.158 0
    endloop
  endfacet
  facet normal 0 0 -1
    outer loop
      vertex -62.314 -18.566 0
      vertex -59.868 -17.4256 0
      vertex -61.9861 -19.1011 0
    endloop
  endfacet
  facet normal 0 0 -1
    outer loop
      vertex 59.868 17.4256 0
      vertex 62.314 18.566 0
      vertex 60.032 17.158 0
    endloop
  endfacet
  facet normal -0 0 -1
    outer loop
      vertex 62.314 18.566 0
      vertex 59.868 17.4256 0
      vertex 61.9861 19.1011 0
    endloop
  endfacet
  facet normal 0 0 -1
    outer loop
      vertex 59.6642 17.6642 0
      vertex 61.9861 19.1011 0
      vertex 59.868 17.4256 0
    endloop
  endfacet
  facet normal -0 0 -1
    outer loop
      vertex 61.9861 19.1011 0
      vertex 59.6642 17.6642 0
      vertex 61.5784 19.5784 0
    endloop
  endfacet
  facet normal -0 0 -1
    outer loop
      vertex 61.5784 19.5784 0
      vertex 59.6642 17.6642 0
      vertex 61.1011 19.9861 0
    endloop
  endfacet
  facet normal 0 0 -1
    outer loop
      vertex 59.4256 17.868 0
      vertex 61.1011 19.9861 0
      vertex 59.6642 17.6642 0
    endloop
  endfacet
  facet normal -0 0 -1
    outer loop
      vertex 61.1011 19.9861 0
      vertex 59.4256 17.868 0
      vertex 60.566 20.314 0
    endloop
  endfacet
  facet normal 0 0 -1
    outer loop
      vertex 59.158 18.032 0
      vertex 60.566 20.314 0
      vertex 59.4256 17.868 0
    endloop
  endfacet
  facet normal -0 0 -1
    outer loop
      vertex 60.566 20.314 0
      vertex 59.158 18.032 0
      vertex 59.9861 20.5542 0
    endloop
  endfacet
  facet normal 0 0 -1
    outer loop
      vertex 58.868 18.1521 0
      vertex 59.9861 20.5542 0
      vertex 59.158 18.032 0
    endloop
  endfacet
  facet normal -0 0 -1
    outer loop
      vertex 59.9861 20.5542 0
      vertex 58.868 18.1521 0
      vertex 59.3757 20.7008 0
    endloop
  endfacet
  facet normal 0 0 -1
    outer loop
      vertex 58.5629 18.2254 0
      vertex 59.3757 20.7008 0
      vertex 58.868 18.1521 0
    endloop
  endfacet
  facet normal -0 0 -1
    outer loop
      vertex 59.3757 20.7008 0
      vertex 58.5629 18.2254 0
      vertex 58.75 20.75 0
    endloop
  endfacet
  facet normal 0 0 -1
    outer loop
      vertex 58.25 18.25 0
      vertex 58.75 20.75 0
      vertex 58.5629 18.2254 0
    endloop
  endfacet
  facet normal 0 0 -1
    outer loop
      vertex -58.25 18.25 0
      vertex 58.75 20.75 0
      vertex 58.25 18.25 0
    endloop
  endfacet
  facet normal 0 0 -1
    outer loop
      vertex -58.25 18.25 0
      vertex -58.75 20.75 0
      vertex 58.75 20.75 0
    endloop
  endfacet
  facet normal 0 0 -1
    outer loop
      vertex -58.5629 18.2254 0
      vertex -58.75 20.75 0
      vertex -58.25 18.25 0
    endloop
  endfacet
  facet normal 0 0 -1
    outer loop
      vertex -59.3757 20.7008 0
      vertex -58.5629 18.2254 0
      vertex -58.868 18.1521 0
    endloop
  endfacet
  facet normal 0 0 -1
    outer loop
      vertex -59.9861 20.5542 0
      vertex -58.868 18.1521 0
      vertex -59.158 18.032 0
    endloop
  endfacet
  facet normal 0 0 -1
    outer loop
      vertex -58.5629 18.2254 0
      vertex -59.3757 20.7008 0
      vertex -58.75 20.75 0
    endloop
  endfacet
  facet normal 0 0 -1
    outer loop
      vertex -60.566 20.314 0
      vertex -59.158 18.032 0
      vertex -59.4256 17.868 0
    endloop
  endfacet
  facet normal 0 0 -1
    outer loop
      vertex -61.1011 19.9861 0
      vertex -59.4256 17.868 0
      vertex -59.6642 17.6642 0
    endloop
  endfacet
  facet normal 0 0 -1
    outer loop
      vertex -61.9861 19.1011 0
      vertex -59.6642 17.6642 0
      vertex -59.868 17.4256 0
    endloop
  endfacet
  facet normal 0 0 -1
    outer loop
      vertex -58.868 18.1521 0
      vertex -59.9861 20.5542 0
      vertex -59.3757 20.7008 0
    endloop
  endfacet
  facet normal 0 0 -1
    outer loop
      vertex -62.314 18.566 0
      vertex -59.868 17.4256 0
      vertex -60.032 17.158 0
    endloop
  endfacet
  facet normal 0 0 -1
    outer loop
      vertex -62.5542 17.9861 0
      vertex -60.032 17.158 0
      vertex -60.1521 16.868 0
    endloop
  endfacet
  facet normal 0 0 -1
    outer loop
      vertex -62.7008 17.3757 0
      vertex -60.1521 16.868 0
      vertex -60.2254 16.5629 0
    endloop
  endfacet
  facet normal 0 0 -1
    outer loop
      vertex -62.75 16.75 0
      vertex -60.2254 16.5629 0
      vertex -60.25 16.25 0
    endloop
  endfacet
  facet normal 0 0 -1
    outer loop
      vertex -59.158 18.032 0
      vertex -60.566 20.314 0
      vertex -59.9861 20.5542 0
    endloop
  endfacet
  facet normal -0 0 -1
    outer loop
      vertex -60.25 -16.25 0
      vertex -62.75 -16.75 0
      vertex -60.25 16.25 0
    endloop
  endfacet
  facet normal 0 0 -1
    outer loop
      vertex -62.5542 -17.9861 0
      vertex -60.032 -17.158 0
      vertex -62.314 -18.566 0
    endloop
  endfacet
  facet normal 0 0 -1
    outer loop
      vertex -62.75 16.75 0
      vertex -60.25 16.25 0
      vertex -62.75 -16.75 0
    endloop
  endfacet
  facet normal -0 0 -1
    outer loop
      vertex -60.032 -17.158 0
      vertex -62.5542 -17.9861 0
      vertex -60.1521 -16.868 0
    endloop
  endfacet
  facet normal 0 0 -1
    outer loop
      vertex -60.2254 16.5629 0
      vertex -62.75 16.75 0
      vertex -62.7008 17.3757 0
    endloop
  endfacet
  facet normal 0 0 -1
    outer loop
      vertex -62.7008 -17.3757 0
      vertex -60.1521 -16.868 0
      vertex -62.5542 -17.9861 0
    endloop
  endfacet
  facet normal 0 0 -1
    outer loop
      vertex -59.4256 17.868 0
      vertex -61.1011 19.9861 0
      vertex -60.566 20.314 0
    endloop
  endfacet
  facet normal -0 0 -1
    outer loop
      vertex -60.1521 -16.868 0
      vertex -62.7008 -17.3757 0
      vertex -60.2254 -16.5629 0
    endloop
  endfacet
  facet normal 0 0 -1
    outer loop
      vertex -59.6642 17.6642 0
      vertex -61.5784 19.5784 0
      vertex -61.1011 19.9861 0
    endloop
  endfacet
  facet normal 0 0 -1
    outer loop
      vertex -62.75 -16.75 0
      vertex -60.2254 -16.5629 0
      vertex -62.7008 -17.3757 0
    endloop
  endfacet
  facet normal 0 0 -1
    outer loop
      vertex -59.6642 17.6642 0
      vertex -61.9861 19.1011 0
      vertex -61.5784 19.5784 0
    endloop
  endfacet
  facet normal -0 0 -1
    outer loop
      vertex -60.2254 -16.5629 0
      vertex -62.75 -16.75 0
      vertex -60.25 -16.25 0
    endloop
  endfacet
  facet normal 0 0 -1
    outer loop
      vertex -59.868 17.4256 0
      vertex -62.314 18.566 0
      vertex -61.9861 19.1011 0
    endloop
  endfacet
  facet normal 0 0 -1
    outer loop
      vertex -60.032 17.158 0
      vertex -62.5542 17.9861 0
      vertex -62.314 18.566 0
    endloop
  endfacet
  facet normal 0 0 -1
    outer loop
      vertex -60.1521 16.868 0
      vertex -62.7008 17.3757 0
      vertex -62.5542 17.9861 0
    endloop
  endfacet
  facet normal 0.0783775 0.996924 -0
    outer loop
      vertex -58.25 -18.25 0
      vertex -58.5629 -18.2254 0.425367
      vertex -58.25 -18.25 0.449995
    endloop
  endfacet
  facet normal 0.0783775 0.996924 0
    outer loop
      vertex -58.5629 -18.2254 0.425367
      vertex -58.25 -18.25 0
      vertex -58.5629 -18.2254 0
    endloop
  endfacet
  facet normal 0.233845 0.972274 -0
    outer loop
      vertex -58.5629 -18.2254 0
      vertex -58.75 -18.1804 0.380444
      vertex -58.5629 -18.2254 0.425367
    endloop
  endfacet
  facet normal 0.233602 0.972332 -0.000126239
    outer loop
      vertex -58.868 -18.1521 0
      vertex -58.75 -18.1804 0.380444
      vertex -58.5629 -18.2254 0
    endloop
  endfacet
  facet normal 0.232468 0.972604 0.000245561
    outer loop
      vertex -58.75 -18.1804 0.380444
      vertex -58.868 -18.1521 0
      vertex -58.8391 -18.1591 0.366065
    endloop
  endfacet
  facet normal 0.235408 0.971897 0
    outer loop
      vertex -58.8391 -18.1591 0.366065
      vertex -58.868 -18.1521 0
      vertex -58.868 -18.1521 0.361398
    endloop
  endfacet
  facet normal 0.382129 0.924109 -0
    outer loop
      vertex -58.868 -18.1521 0
      vertex -58.9657 -18.1117 0.328639
      vertex -58.868 -18.1521 0.361398
    endloop
  endfacet
  facet normal 0.382681 0.923881 0.000192114
    outer loop
      vertex -58.868 -18.1521 0
      vertex -59.0724 -18.0675 0.310508
      vertex -58.9657 -18.1117 0.328639
    endloop
  endfacet
  facet normal 0.382624 0.923904 0.000148157
    outer loop
      vertex -59.158 -18.032 0
      vertex -59.0724 -18.0675 0.310508
      vertex -58.868 -18.1521 0
    endloop
  endfacet
  facet normal 0.383082 0.923714 0
    outer loop
      vertex -59.0724 -18.0675 0.310508
      vertex -59.158 -18.032 0
      vertex -59.158 -18.032 0.295976
    endloop
  endfacet
  facet normal 0.526767 0.85001 -0
    outer loop
      vertex -59.158 -18.032 0
      vertex -59.1651 -18.0276 0.293377
      vertex -59.158 -18.032 0.295976
    endloop
  endfacet
  facet normal 0.522201 0.852822 -0.000152672
    outer loop
      vertex -59.158 -18.032 0
      vertex -59.2595 -17.9698 0.276012
      vertex -59.1651 -18.0276 0.293377
    endloop
  endfacet
  facet normal 0.522273 0.852778 -0.000116227
    outer loop
      vertex -59.158 -18.032 0
      vertex -59.3449 -17.9175 0.260296
      vertex -59.2595 -17.9698 0.276012
    endloop
  endfacet
  facet normal 0.522532 0.85262 0.000139543
    outer loop
      vertex -59.4256 -17.868 0
      vertex -59.3449 -17.9175 0.260296
      vertex -59.158 -18.032 0
    endloop
  endfacet
  facet normal 0.523034 0.852312 -7.44374e-05
    outer loop
      vertex -59.3449 -17.9175 0.260296
      vertex -59.4256 -17.868 0
      vertex -59.4254 -17.8681 0.260293
    endloop
  endfacet
  facet normal 0.447214 0.894427 0
    outer loop
      vertex -59.4254 -17.8681 0.260293
      vertex -59.4256 -17.868 0
      vertex -59.4256 -17.868 0.260293
    endloop
  endfacet
  facet normal 0.649453 0.760402 0
    outer loop
      vertex -59.4256 -17.868 0.260293
      vertex -59.4256 -17.868 0
      vertex -59.5099 -17.796 0.242886
    endloop
  endfacet
  facet normal 0.64939 0.760455 -3.77955e-05
    outer loop
      vertex -59.4256 -17.868 0
      vertex -59.577 -17.7387 0.242889
      vertex -59.5099 -17.796 0.242886
    endloop
  endfacet
  facet normal 0.649478 0.76038 5.69433e-05
    outer loop
      vertex -59.6642 -17.6642 0
      vertex -59.577 -17.7387 0.242889
      vertex -59.4256 -17.868 0
    endloop
  endfacet
  facet normal 0.64957 0.760302 0
    outer loop
      vertex -59.577 -17.7387 0.242889
      vertex -59.6642 -17.6642 0
      vertex -59.6642 -17.6642 0.242894
    endloop
  endfacet
  facet normal 0.760402 0.649453 0
    outer loop
      vertex -59.796 -17.5099 0.242886
      vertex -59.868 -17.4256 0
      vertex -59.868 -17.4256 0.260293
    endloop
  endfacet
  facet normal 0.760455 0.64939 -3.77955e-05
    outer loop
      vertex -59.7387 -17.577 0.242889
      vertex -59.868 -17.4256 0
      vertex -59.796 -17.5099 0.242886
    endloop
  endfacet
  facet normal 0.760302 0.64957 -0
    outer loop
      vertex -59.6642 -17.6642 0
      vertex -59.7387 -17.577 0.242889
      vertex -59.6642 -17.6642 0.242894
    endloop
  endfacet
  facet normal 0.76038 0.649478 5.69433e-05
    outer loop
      vertex -59.7387 -17.577 0.242889
      vertex -59.6642 -17.6642 0
      vertex -59.868 -17.4256 0
    endloop
  endfacet
  facet normal 0.85001 0.526767 0
    outer loop
      vertex -60.0276 -17.1651 0.293377
      vertex -60.032 -17.158 0
      vertex -60.032 -17.158 0.295976
    endloop
  endfacet
  facet normal 0.852822 0.522201 -0.000152672
    outer loop
      vertex -59.9698 -17.2595 0.276012
      vertex -60.032 -17.158 0
      vertex -60.0276 -17.1651 0.293377
    endloop
  endfacet
  facet normal 0.852778 0.522273 -0.000116227
    outer loop
      vertex -59.9175 -17.3449 0.260296
      vertex -60.032 -17.158 0
      vertex -59.9698 -17.2595 0.276012
    endloop
  endfacet
  facet normal 0.852312 0.523034 -7.44374e-05
    outer loop
      vertex -59.868 -17.4256 0
      vertex -59.9175 -17.3449 0.260296
      vertex -59.8681 -17.4254 0.260293
    endloop
  endfacet
  facet normal 0.894427 0.447214 -0
    outer loop
      vertex -59.868 -17.4256 0
      vertex -59.8681 -17.4254 0.260293
      vertex -59.868 -17.4256 0.260293
    endloop
  endfacet
  facet normal 0.85262 0.522532 0.000139543
    outer loop
      vertex -59.9175 -17.3449 0.260296
      vertex -59.868 -17.4256 0
      vertex -60.032 -17.158 0
    endloop
  endfacet
  facet normal 0.924109 0.382129 0
    outer loop
      vertex -60.1117 -16.9657 0.328639
      vertex -60.1521 -16.868 0
      vertex -60.1521 -16.868 0.361398
    endloop
  endfacet
  facet normal 0.923881 0.382681 0.000192114
    outer loop
      vertex -60.0675 -17.0724 0.310508
      vertex -60.1521 -16.868 0
      vertex -60.1117 -16.9657 0.328639
    endloop
  endfacet
  facet normal 0.923714 0.383082 -0
    outer loop
      vertex -60.032 -17.158 0
      vertex -60.0675 -17.0724 0.310508
      vertex -60.032 -17.158 0.295976
    endloop
  endfacet
  facet normal 0.923904 0.382624 0.000148157
    outer loop
      vertex -60.0675 -17.0724 0.310508
      vertex -60.032 -17.158 0
      vertex -60.1521 -16.868 0
    endloop
  endfacet
  facet normal 0.972392 0.233353 0
    outer loop
      vertex -60.1805 -16.75 0.380444
      vertex -60.2254 -16.5629 0
      vertex -60.2254 -16.5629 0.425367
    endloop
  endfacet
  facet normal 0.972353 0.233514 0.00015823
    outer loop
      vertex -60.1521 -16.868 0
      vertex -60.1805 -16.75 0.380444
      vertex -60.1591 -16.8391 0.366065
    endloop
  endfacet
  facet normal 0.971897 0.235408 -0
    outer loop
      vertex -60.1521 -16.868 0
      vertex -60.1591 -16.8391 0.366065
      vertex -60.1521 -16.868 0.361398
    endloop
  endfacet
  facet normal 0.972332 0.233602 0.000129339
    outer loop
      vertex -60.1805 -16.75 0.380444
      vertex -60.1521 -16.868 0
      vertex -60.2254 -16.5629 0
    endloop
  endfacet
  facet normal 0.996924 0.0783775 0
    outer loop
      vertex -60.2254 -16.5629 0.425367
      vertex -60.25 -16.25 0
      vertex -60.25 -16.25 0.449995
    endloop
  endfacet
  facet normal 0.996924 0.0783775 0
    outer loop
      vertex -60.25 -16.25 0
      vertex -60.2254 -16.5629 0.425367
      vertex -60.2254 -16.5629 0
    endloop
  endfacet
  facet normal 1 -0 0
    outer loop
      vertex -60.25 -16.25 0.449995
      vertex -60.25 16.25 0
      vertex -60.25 16.25 0.449995
    endloop
  endfacet
  facet normal 1 0 0
    outer loop
      vertex -60.25 16.25 0
      vertex -60.25 -16.25 0.449995
      vertex -60.25 -16.25 0
    endloop
  endfacet
  facet normal 0.996924 -0.0783775 0
    outer loop
      vertex -60.25 16.25 0
      vertex -60.2254 16.5629 0.425367
      vertex -60.25 16.25 0.449995
    endloop
  endfacet
  facet normal 0.996924 -0.0783775 0
    outer loop
      vertex -60.2254 16.5629 0.425367
      vertex -60.25 16.25 0
      vertex -60.2254 16.5629 0
    endloop
  endfacet
  facet normal 0.971897 -0.235408 0
    outer loop
      vertex -60.1591 16.8391 0.366065
      vertex -60.1521 16.868 0
      vertex -60.1521 16.868 0.361398
    endloop
  endfacet
  facet normal 0.972353 -0.233514 0.00015823
    outer loop
      vertex -60.1805 16.75 0.380444
      vertex -60.1521 16.868 0
      vertex -60.1591 16.8391 0.366065
    endloop
  endfacet
  facet normal 0.972392 -0.233353 0
    outer loop
      vertex -60.2254 16.5629 0
      vertex -60.1805 16.75 0.380444
      vertex -60.2254 16.5629 0.425367
    endloop
  endfacet
  facet normal 0.972332 -0.233602 0.000129339
    outer loop
      vertex -60.1805 16.75 0.380444
      vertex -60.2254 16.5629 0
      vertex -60.1521 16.868 0
    endloop
  endfacet
  facet normal 0.923714 -0.383082 0
    outer loop
      vertex -60.0675 17.0724 0.310508
      vertex -60.032 17.158 0
      vertex -60.032 17.158 0.295976
    endloop
  endfacet
  facet normal 0.923881 -0.382681 0.000192114
    outer loop
      vertex -60.1521 16.868 0
      vertex -60.0675 17.0724 0.310508
      vertex -60.1117 16.9657 0.328639
    endloop
  endfacet
  facet normal 0.924109 -0.382129 0
    outer loop
      vertex -60.1521 16.868 0
      vertex -60.1117 16.9657 0.328639
      vertex -60.1521 16.868 0.361398
    endloop
  endfacet
  facet normal 0.923904 -0.382624 0.000148157
    outer loop
      vertex -60.0675 17.0724 0.310508
      vertex -60.1521 16.868 0
      vertex -60.032 17.158 0
    endloop
  endfacet
  facet normal 0.894427 -0.447214 0
    outer loop
      vertex -59.8681 17.4254 0.260293
      vertex -59.868 17.4256 0
      vertex -59.868 17.4256 0.260293
    endloop
  endfacet
  facet normal 0.852312 -0.523034 -7.44374e-05
    outer loop
      vertex -59.9175 17.3449 0.260296
      vertex -59.868 17.4256 0
      vertex -59.8681 17.4254 0.260293
    endloop
  endfacet
  facet normal 0.852778 -0.522273 -0.000116227
    outer loop
      vertex -60.032 17.158 0
      vertex -59.9175 17.3449 0.260296
      vertex -59.9698 17.2595 0.276012
    endloop
  endfacet
  facet normal 0.852822 -0.522201 -0.000152672
    outer loop
      vertex -60.032 17.158 0
      vertex -59.9698 17.2595 0.276012
      vertex -60.0276 17.1651 0.293377
    endloop
  endfacet
  facet normal 0.85001 -0.526767 0
    outer loop
      vertex -60.032 17.158 0
      vertex -60.0276 17.1651 0.293377
      vertex -60.032 17.158 0.295976
    endloop
  endfacet
  facet normal 0.85262 -0.522532 0.000139543
    outer loop
      vertex -59.9175 17.3449 0.260296
      vertex -60.032 17.158 0
      vertex -59.868 17.4256 0
    endloop
  endfacet
  facet normal 0.760302 -0.64957 0
    outer loop
      vertex -59.7387 17.577 0.242889
      vertex -59.6642 17.6642 0
      vertex -59.6642 17.6642 0.242894
    endloop
  endfacet
  facet normal 0.760455 -0.64939 -3.77955e-05
    outer loop
      vertex -59.868 17.4256 0
      vertex -59.7387 17.577 0.242889
      vertex -59.796 17.5099 0.242886
    endloop
  endfacet
  facet normal 0.760402 -0.649453 0
    outer loop
      vertex -59.868 17.4256 0
      vertex -59.796 17.5099 0.242886
      vertex -59.868 17.4256 0.260293
    endloop
  endfacet
  facet normal 0.76038 -0.649478 5.69433e-05
    outer loop
      vertex -59.7387 17.577 0.242889
      vertex -59.868 17.4256 0
      vertex -59.6642 17.6642 0
    endloop
  endfacet
  facet normal 0.649478 -0.76038 5.69433e-05
    outer loop
      vertex -59.4256 17.868 0
      vertex -59.577 17.7387 0.242889
      vertex -59.6642 17.6642 0
    endloop
  endfacet
  facet normal 0.64957 -0.760302 0
    outer loop
      vertex -59.6642 17.6642 0
      vertex -59.577 17.7387 0.242889
      vertex -59.6642 17.6642 0.242894
    endloop
  endfacet
  facet normal 0.64939 -0.760455 -3.77955e-05
    outer loop
      vertex -59.577 17.7387 0.242889
      vertex -59.4256 17.868 0
      vertex -59.5099 17.796 0.242886
    endloop
  endfacet
  facet normal 0.649453 -0.760402 0
    outer loop
      vertex -59.5099 17.796 0.242886
      vertex -59.4256 17.868 0
      vertex -59.4256 17.868 0.260293
    endloop
  endfacet
  facet normal 0.447214 -0.894427 0
    outer loop
      vertex -59.4256 17.868 0.260293
      vertex -59.4256 17.868 0
      vertex -59.4254 17.8681 0.260293
    endloop
  endfacet
  facet normal 0.523034 -0.852312 -7.44374e-05
    outer loop
      vertex -59.4256 17.868 0
      vertex -59.3449 17.9175 0.260296
      vertex -59.4254 17.8681 0.260293
    endloop
  endfacet
  facet normal 0.522532 -0.85262 0.000139543
    outer loop
      vertex -59.158 18.032 0
      vertex -59.3449 17.9175 0.260296
      vertex -59.4256 17.868 0
    endloop
  endfacet
  facet normal 0.522273 -0.852778 -0.000116227
    outer loop
      vertex -59.3449 17.9175 0.260296
      vertex -59.158 18.032 0
      vertex -59.2595 17.9698 0.276012
    endloop
  endfacet
  facet normal 0.522201 -0.852822 -0.000152672
    outer loop
      vertex -59.2595 17.9698 0.276012
      vertex -59.158 18.032 0
      vertex -59.1651 18.0276 0.293377
    endloop
  endfacet
  facet normal 0.526767 -0.85001 0
    outer loop
      vertex -59.1651 18.0276 0.293377
      vertex -59.158 18.032 0
      vertex -59.158 18.032 0.295976
    endloop
  endfacet
  facet normal 0.383082 -0.923714 0
    outer loop
      vertex -59.158 18.032 0
      vertex -59.0724 18.0675 0.310508
      vertex -59.158 18.032 0.295976
    endloop
  endfacet
  facet normal 0.382624 -0.923904 0.000148157
    outer loop
      vertex -58.868 18.1521 0
      vertex -59.0724 18.0675 0.310508
      vertex -59.158 18.032 0
    endloop
  endfacet
  facet normal 0.382681 -0.923881 0.000192114
    outer loop
      vertex -59.0724 18.0675 0.310508
      vertex -58.868 18.1521 0
      vertex -58.9657 18.1117 0.328639
    endloop
  endfacet
  facet normal 0.382129 -0.924109 0
    outer loop
      vertex -58.9657 18.1117 0.328639
      vertex -58.868 18.1521 0
      vertex -58.868 18.1521 0.361398
    endloop
  endfacet
  facet normal 0.235408 -0.971897 0
    outer loop
      vertex -58.868 18.1521 0
      vertex -58.8391 18.1591 0.366065
      vertex -58.868 18.1521 0.361398
    endloop
  endfacet
  facet normal 0.232468 -0.972604 0.000245561
    outer loop
      vertex -58.868 18.1521 0
      vertex -58.75 18.1804 0.380444
      vertex -58.8391 18.1591 0.366065
    endloop
  endfacet
  facet normal 0.233602 -0.972332 -0.000126239
    outer loop
      vertex -58.5629 18.2254 0
      vertex -58.75 18.1804 0.380444
      vertex -58.868 18.1521 0
    endloop
  endfacet
  facet normal 0.233845 -0.972274 0
    outer loop
      vertex -58.75 18.1804 0.380444
      vertex -58.5629 18.2254 0
      vertex -58.5629 18.2254 0.425367
    endloop
  endfacet
  facet normal 0.0783775 -0.996924 0
    outer loop
      vertex -58.25 18.25 0
      vertex -58.5629 18.2254 0.425367
      vertex -58.5629 18.2254 0
    endloop
  endfacet
  facet normal 0.0783775 -0.996924 0
    outer loop
      vertex -58.5629 18.2254 0.425367
      vertex -58.25 18.25 0
      vertex -58.25 18.25 0.449995
    endloop
  endfacet
  facet normal 0 -1 0
    outer loop
      vertex -58.25 18.25 0
      vertex -25.25 18.25 0.449995
      vertex -58.25 18.25 0.449995
    endloop
  endfacet
  facet normal 0 -1 -0
    outer loop
      vertex -25.25 18.25 0.449995
      vertex -58.25 18.25 0
      vertex -16.75 18.25 0.449995
    endloop
  endfacet
  facet normal 0 -1 -0
    outer loop
      vertex -16.75 18.25 0.449995
      vertex -58.25 18.25 0
      vertex 16.75 18.25 0.449995
    endloop
  endfacet
  facet normal 0 -1 -0
    outer loop
      vertex 16.75 18.25 0.449995
      vertex -58.25 18.25 0
      vertex 25.25 18.25 0.449995
    endloop
  endfacet
  facet normal 0 -1 0
    outer loop
      vertex 58.25 18.25 0
      vertex 25.25 18.25 0.449995
      vertex -58.25 18.25 0
    endloop
  endfacet
  facet normal 0 -1 0
    outer loop
      vertex 25.25 18.25 0.449995
      vertex 58.25 18.25 0
      vertex 58.25 18.25 0.449995
    endloop
  endfacet
  facet normal 0 -1 0
    outer loop
      vertex -22.1442 18.25 4.20404
      vertex -20.4341 18.25 4.74
      vertex -21.5659 18.25 4.74
    endloop
  endfacet
  facet normal 0 -1 0
    outer loop
      vertex -22.1442 18.25 4.20404
      vertex -19.8558 18.25 4.20404
      vertex -20.4341 18.25 4.74
    endloop
  endfacet
  facet normal 0 -1 0
    outer loop
      vertex -22.3061 18.25 4.05403
      vertex -19.8558 18.25 4.20404
      vertex -22.1442 18.25 4.20404
    endloop
  endfacet
  facet normal 0 -1 0
    outer loop
      vertex -22.3061 18.25 4.05403
      vertex -19.6939 18.25 4.05403
      vertex -19.8558 18.25 4.20404
    endloop
  endfacet
  facet normal 0 -1 0
    outer loop
      vertex -22.5825 18.25 3.81758
      vertex -19.6939 18.25 4.05403
      vertex -22.3061 18.25 4.05403
    endloop
  endfacet
  facet normal 0 -1 0
    outer loop
      vertex -22.5825 18.25 3.81758
      vertex -19.4175 18.25 3.81758
      vertex -19.6939 18.25 4.05403
    endloop
  endfacet
  facet normal 0 -1 0
    outer loop
      vertex -23.1854 18.25 3.30196
      vertex -19.4175 18.25 3.81758
      vertex -22.5825 18.25 3.81758
    endloop
  endfacet
  facet normal 0 -1 0
    outer loop
      vertex -23.1854 18.25 3.30196
      vertex -18.8146 18.25 3.30196
      vertex -19.4175 18.25 3.81758
    endloop
  endfacet
  facet normal 0 -1 0
    outer loop
      vertex -24.168 18.25 0.799999
      vertex -23.1854 18.25 3.30196
      vertex -23.4377 18.25 3.10952
    endloop
  endfacet
  facet normal 0 -1 -0
    outer loop
      vertex -23.1854 18.25 3.30196
      vertex -24.168 18.25 0.799999
      vertex -18.8146 18.25 3.30196
    endloop
  endfacet
  facet normal 0 -1 0
    outer loop
      vertex -24.168 18.25 0.799999
      vertex -23.4377 18.25 3.10952
      vertex -23.75 18.25 2.87131
    endloop
  endfacet
  facet normal 0 -1 0
    outer loop
      vertex -17.832 18.25 0.799999
      vertex -18.8146 18.25 3.30196
      vertex -24.168 18.25 0.799999
    endloop
  endfacet
  facet normal 0 -1 0
    outer loop
      vertex -24.168 18.25 0.799999
      vertex -23.75 18.25 2.87131
      vertex -24.1583 18.25 2.60535
    endloop
  endfacet
  facet normal 0 -1 0
    outer loop
      vertex -18.8146 18.25 3.30196
      vertex -17.832 18.25 0.799999
      vertex -18.5623 18.25 3.10952
    endloop
  endfacet
  facet normal 0 -1 0
    outer loop
      vertex -24.168 18.25 0.799999
      vertex -24.1583 18.25 2.60535
      vertex -24.1602 18.25 2.60409
    endloop
  endfacet
  facet normal 0 -1 0
    outer loop
      vertex -18.5623 18.25 3.10952
      vertex -17.832 18.25 0.799999
      vertex -18.25 18.25 2.87131
    endloop
  endfacet
  facet normal 0 -1 0
    outer loop
      vertex -24.168 18.25 0.799999
      vertex -24.1602 18.25 2.60409
      vertex -24.1614 18.25 2.60344
    endloop
  endfacet
  facet normal 0 -1 0
    outer loop
      vertex -18.25 18.25 2.87131
      vertex -17.832 18.25 0.799999
      vertex -17.8417 18.25 2.60535
    endloop
  endfacet
  facet normal 0 -1 0
    outer loop
      vertex -24.168 18.25 0.799999
      vertex -24.1614 18.25 2.60344
      vertex -24.168 18.25 2.6
    endloop
  endfacet
  facet normal 0 -1 0
    outer loop
      vertex -17.8417 18.25 2.60535
      vertex -17.832 18.25 0.799999
      vertex -17.8398 18.25 2.60409
    endloop
  endfacet
  facet normal 0 -1 0
    outer loop
      vertex -17.8398 18.25 2.60409
      vertex -17.832 18.25 0.799999
      vertex -17.8386 18.25 2.60344
    endloop
  endfacet
  facet normal 0 -1 0
    outer loop
      vertex -17.8386 18.25 2.60344
      vertex -17.832 18.25 0.799999
      vertex -17.832 18.25 2.6
    endloop
  endfacet
  facet normal 0 -1 0
    outer loop
      vertex -24.4857 18.25 0.633488
      vertex -17.832 18.25 0.799999
      vertex -24.168 18.25 0.799999
    endloop
  endfacet
  facet normal 0 -1 0
    outer loop
      vertex -24.4857 18.25 0.633488
      vertex -17.5143 18.25 0.633488
      vertex -17.832 18.25 0.799999
    endloop
  endfacet
  facet normal 0 -1 0
    outer loop
      vertex -24.7082 18.25 0.548065
      vertex -17.5143 18.25 0.633488
      vertex -24.4857 18.25 0.633488
    endloop
  endfacet
  facet normal 0 -1 0
    outer loop
      vertex -24.7082 18.25 0.548065
      vertex -17.2918 18.25 0.548065
      vertex -17.5143 18.25 0.633488
    endloop
  endfacet
  facet normal 0 -1 0
    outer loop
      vertex -24.7626 18.25 0.527188
      vertex -17.2918 18.25 0.548065
      vertex -24.7082 18.25 0.548065
    endloop
  endfacet
  facet normal 0 -1 0
    outer loop
      vertex -24.7626 18.25 0.527188
      vertex -17.2374 18.25 0.527188
      vertex -17.2918 18.25 0.548065
    endloop
  endfacet
  facet normal 0 -1 0
    outer loop
      vertex -24.8246 18.25 0.512661
      vertex -17.2374 18.25 0.527188
      vertex -24.7626 18.25 0.527188
    endloop
  endfacet
  facet normal 0 -1 0
    outer loop
      vertex -24.8246 18.25 0.512661
      vertex -17.1754 18.25 0.512661
      vertex -17.2374 18.25 0.527188
    endloop
  endfacet
  facet normal 0 -1 0
    outer loop
      vertex -25.0124 18.25 0.468694
      vertex -17.1754 18.25 0.512661
      vertex -24.8246 18.25 0.512661
    endloop
  endfacet
  facet normal 0 -1 0
    outer loop
      vertex -25.0124 18.25 0.468694
      vertex -16.9876 18.25 0.468694
      vertex -17.1754 18.25 0.512661
    endloop
  endfacet
  facet normal 0 -1 0
    outer loop
      vertex -25.1793 18.25 0.455559
      vertex -16.9876 18.25 0.468694
      vertex -25.0124 18.25 0.468694
    endloop
  endfacet
  facet normal 0 -1 0
    outer loop
      vertex -25.1793 18.25 0.455559
      vertex -16.8207 18.25 0.455559
      vertex -16.9876 18.25 0.468694
    endloop
  endfacet
  facet normal 0 -1 0
    outer loop
      vertex -25.25 18.25 0.449995
      vertex -16.8207 18.25 0.455559
      vertex -25.1793 18.25 0.455559
    endloop
  endfacet
  facet normal 0 -1 -0
    outer loop
      vertex -16.8207 18.25 0.455559
      vertex -25.25 18.25 0.449995
      vertex -16.75 18.25 0.449995
    endloop
  endfacet
  facet normal 0 -1 0
    outer loop
      vertex 19.8558 18.25 4.20404
      vertex 21.5659 18.25 4.74
      vertex 20.4341 18.25 4.74
    endloop
  endfacet
  facet normal 0 -1 0
    outer loop
      vertex 19.8558 18.25 4.20404
      vertex 22.1442 18.25 4.20404
      vertex 21.5659 18.25 4.74
    endloop
  endfacet
  facet normal 0 -1 0
    outer loop
      vertex 19.6939 18.25 4.05403
      vertex 22.1442 18.25 4.20404
      vertex 19.8558 18.25 4.20404
    endloop
  endfacet
  facet normal 0 -1 0
    outer loop
      vertex 19.6939 18.25 4.05403
      vertex 22.3061 18.25 4.05403
      vertex 22.1442 18.25 4.20404
    endloop
  endfacet
  facet normal 0 -1 0
    outer loop
      vertex 19.4175 18.25 3.81758
      vertex 22.3061 18.25 4.05403
      vertex 19.6939 18.25 4.05403
    endloop
  endfacet
  facet normal 0 -1 0
    outer loop
      vertex 19.4175 18.25 3.81758
      vertex 22.5825 18.25 3.81758
      vertex 22.3061 18.25 4.05403
    endloop
  endfacet
  facet normal 0 -1 0
    outer loop
      vertex 18.8146 18.25 3.30196
      vertex 22.5825 18.25 3.81758
      vertex 19.4175 18.25 3.81758
    endloop
  endfacet
  facet normal 0 -1 0
    outer loop
      vertex 18.8146 18.25 3.30196
      vertex 23.1854 18.25 3.30196
      vertex 22.5825 18.25 3.81758
    endloop
  endfacet
  facet normal 0 -1 0
    outer loop
      vertex 17.832 18.25 0.799999
      vertex 18.8146 18.25 3.30196
      vertex 18.5623 18.25 3.10952
    endloop
  endfacet
  facet normal 0 -1 -0
    outer loop
      vertex 18.8146 18.25 3.30196
      vertex 17.832 18.25 0.799999
      vertex 23.1854 18.25 3.30196
    endloop
  endfacet
  facet normal 0 -1 0
    outer loop
      vertex 17.832 18.25 0.799999
      vertex 18.5623 18.25 3.10952
      vertex 18.25 18.25 2.87131
    endloop
  endfacet
  facet normal 0 -1 0
    outer loop
      vertex 24.168 18.25 0.799999
      vertex 23.1854 18.25 3.30196
      vertex 17.832 18.25 0.799999
    endloop
  endfacet
  facet normal 0 -1 0
    outer loop
      vertex 17.832 18.25 0.799999
      vertex 18.25 18.25 2.87131
      vertex 17.8417 18.25 2.60535
    endloop
  endfacet
  facet normal 0 -1 0
    outer loop
      vertex 23.1854 18.25 3.30196
      vertex 24.168 18.25 0.799999
      vertex 23.4377 18.25 3.10952
    endloop
  endfacet
  facet normal 0 -1 0
    outer loop
      vertex 17.832 18.25 0.799999
      vertex 17.8417 18.25 2.60535
      vertex 17.8398 18.25 2.60409
    endloop
  endfacet
  facet normal 0 -1 0
    outer loop
      vertex 23.4377 18.25 3.10952
      vertex 24.168 18.25 0.799999
      vertex 23.75 18.25 2.87131
    endloop
  endfacet
  facet normal 0 -1 0
    outer loop
      vertex 17.832 18.25 0.799999
      vertex 17.8398 18.25 2.60409
      vertex 17.8386 18.25 2.60344
    endloop
  endfacet
  facet normal 0 -1 0
    outer loop
      vertex 23.75 18.25 2.87131
      vertex 24.168 18.25 0.799999
      vertex 24.1583 18.25 2.60535
    endloop
  endfacet
  facet normal 0 -1 0
    outer loop
      vertex 17.832 18.25 0.799999
      vertex 17.8386 18.25 2.60344
      vertex 17.832 18.25 2.6
    endloop
  endfacet
  facet normal 0 -1 0
    outer loop
      vertex 24.1583 18.25 2.60535
      vertex 24.168 18.25 0.799999
      vertex 24.1602 18.25 2.60409
    endloop
  endfacet
  facet normal 0 -1 0
    outer loop
      vertex 24.1602 18.25 2.60409
      vertex 24.168 18.25 0.799999
      vertex 24.1614 18.25 2.60344
    endloop
  endfacet
  facet normal 0 -1 0
    outer loop
      vertex 24.1614 18.25 2.60344
      vertex 24.168 18.25 0.799999
      vertex 24.168 18.25 2.6
    endloop
  endfacet
  facet normal 0 -1 0
    outer loop
      vertex 17.5143 18.25 0.633488
      vertex 24.168 18.25 0.799999
      vertex 17.832 18.25 0.799999
    endloop
  endfacet
  facet normal 0 -1 0
    outer loop
      vertex 17.5143 18.25 0.633488
      vertex 24.4857 18.25 0.633488
      vertex 24.168 18.25 0.799999
    endloop
  endfacet
  facet normal 0 -1 0
    outer loop
      vertex 17.2918 18.25 0.548065
      vertex 24.4857 18.25 0.633488
      vertex 17.5143 18.25 0.633488
    endloop
  endfacet
  facet normal 0 -1 0
    outer loop
      vertex 17.2918 18.25 0.548065
      vertex 24.7082 18.25 0.548065
      vertex 24.4857 18.25 0.633488
    endloop
  endfacet
  facet normal 0 -1 0
    outer loop
      vertex 17.2374 18.25 0.527188
      vertex 24.7082 18.25 0.548065
      vertex 17.2918 18.25 0.548065
    endloop
  endfacet
  facet normal 0 -1 0
    outer loop
      vertex 17.2374 18.25 0.527188
      vertex 24.7626 18.25 0.527188
      vertex 24.7082 18.25 0.548065
    endloop
  endfacet
  facet normal 0 -1 0
    outer loop
      vertex 17.1754 18.25 0.512661
      vertex 24.7626 18.25 0.527188
      vertex 17.2374 18.25 0.527188
    endloop
  endfacet
  facet normal 0 -1 0
    outer loop
      vertex 17.1754 18.25 0.512661
      vertex 24.8246 18.25 0.512661
      vertex 24.7626 18.25 0.527188
    endloop
  endfacet
  facet normal 0 -1 0
    outer loop
      vertex 16.9876 18.25 0.468694
      vertex 24.8246 18.25 0.512661
      vertex 17.1754 18.25 0.512661
    endloop
  endfacet
  facet normal 0 -1 0
    outer loop
      vertex 16.9876 18.25 0.468694
      vertex 25.0124 18.25 0.468694
      vertex 24.8246 18.25 0.512661
    endloop
  endfacet
  facet normal 0 -1 0
    outer loop
      vertex 16.8207 18.25 0.455559
      vertex 25.0124 18.25 0.468694
      vertex 16.9876 18.25 0.468694
    endloop
  endfacet
  facet normal 0 -1 0
    outer loop
      vertex 16.8207 18.25 0.455559
      vertex 25.1793 18.25 0.455559
      vertex 25.0124 18.25 0.468694
    endloop
  endfacet
  facet normal 0 -1 0
    outer loop
      vertex 16.75 18.25 0.449995
      vertex 25.1793 18.25 0.455559
      vertex 16.8207 18.25 0.455559
    endloop
  endfacet
  facet normal 0 -1 -0
    outer loop
      vertex 25.1793 18.25 0.455559
      vertex 16.75 18.25 0.449995
      vertex 25.25 18.25 0.449995
    endloop
  endfacet
  facet normal -0.0783775 -0.996924 0
    outer loop
      vertex 58.25 18.25 0
      vertex 58.5629 18.2254 0.425367
      vertex 58.25 18.25 0.449995
    endloop
  endfacet
  facet normal -0.0783775 -0.996924 -0
    outer loop
      vertex 58.5629 18.2254 0.425367
      vertex 58.25 18.25 0
      vertex 58.5629 18.2254 0
    endloop
  endfacet
  facet normal -0.233845 -0.972274 0
    outer loop
      vertex 58.5629 18.2254 0
      vertex 58.75 18.1804 0.380444
      vertex 58.5629 18.2254 0.425367
    endloop
  endfacet
  facet normal -0.233602 -0.972332 -0.000126239
    outer loop
      vertex 58.868 18.1521 0
      vertex 58.75 18.1804 0.380444
      vertex 58.5629 18.2254 0
    endloop
  endfacet
  facet normal -0.232468 -0.972604 0.000245561
    outer loop
      vertex 58.75 18.1804 0.380444
      vertex 58.868 18.1521 0
      vertex 58.8391 18.1591 0.366065
    endloop
  endfacet
  facet normal -0.235408 -0.971897 0
    outer loop
      vertex 58.8391 18.1591 0.366065
      vertex 58.868 18.1521 0
      vertex 58.868 18.1521 0.361398
    endloop
  endfacet
  facet normal -0.382129 -0.924109 0
    outer loop
      vertex 58.868 18.1521 0
      vertex 58.9657 18.1117 0.328639
      vertex 58.868 18.1521 0.361398
    endloop
  endfacet
  facet normal -0.382681 -0.923881 0.000192114
    outer loop
      vertex 58.868 18.1521 0
      vertex 59.0724 18.0675 0.310508
      vertex 58.9657 18.1117 0.328639
    endloop
  endfacet
  facet normal -0.382624 -0.923904 0.000148157
    outer loop
      vertex 59.158 18.032 0
      vertex 59.0724 18.0675 0.310508
      vertex 58.868 18.1521 0
    endloop
  endfacet
  facet normal -0.383082 -0.923714 0
    outer loop
      vertex 59.0724 18.0675 0.310508
      vertex 59.158 18.032 0
      vertex 59.158 18.032 0.295976
    endloop
  endfacet
  facet normal -0.526767 -0.85001 0
    outer loop
      vertex 59.158 18.032 0
      vertex 59.1651 18.0276 0.293377
      vertex 59.158 18.032 0.295976
    endloop
  endfacet
  facet normal -0.522201 -0.852822 -0.000152672
    outer loop
      vertex 59.158 18.032 0
      vertex 59.2595 17.9698 0.276012
      vertex 59.1651 18.0276 0.293377
    endloop
  endfacet
  facet normal -0.522273 -0.852778 -0.000116227
    outer loop
      vertex 59.158 18.032 0
      vertex 59.3449 17.9175 0.260296
      vertex 59.2595 17.9698 0.276012
    endloop
  endfacet
  facet normal -0.522532 -0.85262 0.000139543
    outer loop
      vertex 59.4256 17.868 0
      vertex 59.3449 17.9175 0.260296
      vertex 59.158 18.032 0
    endloop
  endfacet
  facet normal -0.523034 -0.852312 -7.44374e-05
    outer loop
      vertex 59.3449 17.9175 0.260296
      vertex 59.4256 17.868 0
      vertex 59.4254 17.8681 0.260293
    endloop
  endfacet
  facet normal -0.447214 -0.894427 0
    outer loop
      vertex 59.4254 17.8681 0.260293
      vertex 59.4256 17.868 0
      vertex 59.4256 17.868 0.260293
    endloop
  endfacet
  facet normal -0.649453 -0.760402 -0
    outer loop
      vertex 59.4256 17.868 0.260293
      vertex 59.4256 17.868 0
      vertex 59.5099 17.796 0.242886
    endloop
  endfacet
  facet normal -0.64939 -0.760455 -3.77955e-05
    outer loop
      vertex 59.4256 17.868 0
      vertex 59.577 17.7387 0.242889
      vertex 59.5099 17.796 0.242886
    endloop
  endfacet
  facet normal -0.649478 -0.76038 5.69433e-05
    outer loop
      vertex 59.6642 17.6642 0
      vertex 59.577 17.7387 0.242889
      vertex 59.4256 17.868 0
    endloop
  endfacet
  facet normal -0.64957 -0.760302 0
    outer loop
      vertex 59.577 17.7387 0.242889
      vertex 59.6642 17.6642 0
      vertex 59.6642 17.6642 0.242894
    endloop
  endfacet
  facet normal -0.760302 -0.64957 0
    outer loop
      vertex 59.6642 17.6642 0
      vertex 59.7387 17.577 0.242889
      vertex 59.6642 17.6642 0.242894
    endloop
  endfacet
  facet normal -0.76038 -0.649478 5.69433e-05
    outer loop
      vertex 59.868 17.4256 0
      vertex 59.7387 17.577 0.242889
      vertex 59.6642 17.6642 0
    endloop
  endfacet
  facet normal -0.760455 -0.64939 -3.77955e-05
    outer loop
      vertex 59.7387 17.577 0.242889
      vertex 59.868 17.4256 0
      vertex 59.796 17.5099 0.242886
    endloop
  endfacet
  facet normal -0.760402 -0.649453 0
    outer loop
      vertex 59.796 17.5099 0.242886
      vertex 59.868 17.4256 0
      vertex 59.868 17.4256 0.260293
    endloop
  endfacet
  facet normal -0.894427 -0.447214 0
    outer loop
      vertex 59.868 17.4256 0
      vertex 59.8681 17.4254 0.260293
      vertex 59.868 17.4256 0.260293
    endloop
  endfacet
  facet normal -0.852312 -0.523034 -7.44374e-05
    outer loop
      vertex 59.868 17.4256 0
      vertex 59.9175 17.3449 0.260296
      vertex 59.8681 17.4254 0.260293
    endloop
  endfacet
  facet normal -0.85262 -0.522532 0.000139543
    outer loop
      vertex 60.032 17.158 0
      vertex 59.9175 17.3449 0.260296
      vertex 59.868 17.4256 0
    endloop
  endfacet
  facet normal -0.852778 -0.522273 -0.000116227
    outer loop
      vertex 59.9175 17.3449 0.260296
      vertex 60.032 17.158 0
      vertex 59.9698 17.2595 0.276012
    endloop
  endfacet
  facet normal -0.852822 -0.522201 -0.000152672
    outer loop
      vertex 59.9698 17.2595 0.276012
      vertex 60.032 17.158 0
      vertex 60.0276 17.1651 0.293377
    endloop
  endfacet
  facet normal -0.85001 -0.526767 0
    outer loop
      vertex 60.0276 17.1651 0.293377
      vertex 60.032 17.158 0
      vertex 60.032 17.158 0.295976
    endloop
  endfacet
  facet normal -0.923714 -0.383082 0
    outer loop
      vertex 60.032 17.158 0
      vertex 60.0675 17.0724 0.310508
      vertex 60.032 17.158 0.295976
    endloop
  endfacet
  facet normal -0.923904 -0.382624 0.000148157
    outer loop
      vertex 60.1521 16.868 0
      vertex 60.0675 17.0724 0.310508
      vertex 60.032 17.158 0
    endloop
  endfacet
  facet normal -0.923881 -0.382681 0.000192114
    outer loop
      vertex 60.0675 17.0724 0.310508
      vertex 60.1521 16.868 0
      vertex 60.1117 16.9657 0.328639
    endloop
  endfacet
  facet normal -0.924109 -0.382129 0
    outer loop
      vertex 60.1117 16.9657 0.328639
      vertex 60.1521 16.868 0
      vertex 60.1521 16.868 0.361398
    endloop
  endfacet
  facet normal -0.971897 -0.235408 0
    outer loop
      vertex 60.1521 16.868 0
      vertex 60.1591 16.8391 0.366065
      vertex 60.1521 16.868 0.361398
    endloop
  endfacet
  facet normal -0.972353 -0.233514 0.00015823
    outer loop
      vertex 60.1521 16.868 0
      vertex 60.1805 16.75 0.380444
      vertex 60.1591 16.8391 0.366065
    endloop
  endfacet
  facet normal -0.972332 -0.233602 0.000129339
    outer loop
      vertex 60.2254 16.5629 0
      vertex 60.1805 16.75 0.380444
      vertex 60.1521 16.868 0
    endloop
  endfacet
  facet normal -0.972392 -0.233353 0
    outer loop
      vertex 60.1805 16.75 0.380444
      vertex 60.2254 16.5629 0
      vertex 60.2254 16.5629 0.425367
    endloop
  endfacet
  facet normal -0.996924 -0.0783775 0
    outer loop
      vertex 60.25 16.25 0
      vertex 60.2254 16.5629 0.425367
      vertex 60.2254 16.5629 0
    endloop
  endfacet
  facet normal -0.996924 -0.0783775 0
    outer loop
      vertex 60.2254 16.5629 0.425367
      vertex 60.25 16.25 0
      vertex 60.25 16.25 0.449995
    endloop
  endfacet
  facet normal -1 0 0
    outer loop
      vertex 60.25 -16.25 0
      vertex 60.25 16.25 0.449995
      vertex 60.25 16.25 0
    endloop
  endfacet
  facet normal -1 -0 0
    outer loop
      vertex 60.25 16.25 0.449995
      vertex 60.25 -16.25 0
      vertex 60.25 -16.25 0.449995
    endloop
  endfacet
  facet normal -0.996924 0.0783775 0
    outer loop
      vertex 60.2254 -16.5629 0.425367
      vertex 60.25 -16.25 0
      vertex 60.2254 -16.5629 0
    endloop
  endfacet
  facet normal -0.996924 0.0783775 0
    outer loop
      vertex 60.25 -16.25 0
      vertex 60.2254 -16.5629 0.425367
      vertex 60.25 -16.25 0.449995
    endloop
  endfacet
  facet normal -0.972392 0.233353 0
    outer loop
      vertex 60.2254 -16.5629 0
      vertex 60.1805 -16.75 0.380444
      vertex 60.2254 -16.5629 0.425367
    endloop
  endfacet
  facet normal -0.972332 0.233602 0.000129339
    outer loop
      vertex 60.1521 -16.868 0
      vertex 60.1805 -16.75 0.380444
      vertex 60.2254 -16.5629 0
    endloop
  endfacet
  facet normal -0.972353 0.233514 0.00015823
    outer loop
      vertex 60.1805 -16.75 0.380444
      vertex 60.1521 -16.868 0
      vertex 60.1591 -16.8391 0.366065
    endloop
  endfacet
  facet normal -0.971897 0.235408 0
    outer loop
      vertex 60.1591 -16.8391 0.366065
      vertex 60.1521 -16.868 0
      vertex 60.1521 -16.868 0.361398
    endloop
  endfacet
  facet normal -0.924109 0.382129 0
    outer loop
      vertex 60.1521 -16.868 0
      vertex 60.1117 -16.9657 0.328639
      vertex 60.1521 -16.868 0.361398
    endloop
  endfacet
  facet normal -0.923881 0.382681 0.000192114
    outer loop
      vertex 60.1521 -16.868 0
      vertex 60.0675 -17.0724 0.310508
      vertex 60.1117 -16.9657 0.328639
    endloop
  endfacet
  facet normal -0.923904 0.382624 0.000148157
    outer loop
      vertex 60.032 -17.158 0
      vertex 60.0675 -17.0724 0.310508
      vertex 60.1521 -16.868 0
    endloop
  endfacet
  facet normal -0.923714 0.383082 0
    outer loop
      vertex 60.0675 -17.0724 0.310508
      vertex 60.032 -17.158 0
      vertex 60.032 -17.158 0.295976
    endloop
  endfacet
  facet normal -0.85001 0.526767 0
    outer loop
      vertex 60.032 -17.158 0
      vertex 60.0276 -17.1651 0.293377
      vertex 60.032 -17.158 0.295976
    endloop
  endfacet
  facet normal -0.852822 0.522201 -0.000152672
    outer loop
      vertex 60.032 -17.158 0
      vertex 59.9698 -17.2595 0.276012
      vertex 60.0276 -17.1651 0.293377
    endloop
  endfacet
  facet normal -0.852778 0.522273 -0.000116227
    outer loop
      vertex 60.032 -17.158 0
      vertex 59.9175 -17.3449 0.260296
      vertex 59.9698 -17.2595 0.276012
    endloop
  endfacet
  facet normal -0.85262 0.522532 0.000139543
    outer loop
      vertex 59.868 -17.4256 0
      vertex 59.9175 -17.3449 0.260296
      vertex 60.032 -17.158 0
    endloop
  endfacet
  facet normal -0.852312 0.523034 -7.44374e-05
    outer loop
      vertex 59.9175 -17.3449 0.260296
      vertex 59.868 -17.4256 0
      vertex 59.8681 -17.4254 0.260293
    endloop
  endfacet
  facet normal -0.894427 0.447214 0
    outer loop
      vertex 59.8681 -17.4254 0.260293
      vertex 59.868 -17.4256 0
      vertex 59.868 -17.4256 0.260293
    endloop
  endfacet
  facet normal -0.760402 0.649453 0
    outer loop
      vertex 59.868 -17.4256 0
      vertex 59.796 -17.5099 0.242886
      vertex 59.868 -17.4256 0.260293
    endloop
  endfacet
  facet normal -0.760455 0.64939 -3.77955e-05
    outer loop
      vertex 59.868 -17.4256 0
      vertex 59.7387 -17.577 0.242889
      vertex 59.796 -17.5099 0.242886
    endloop
  endfacet
  facet normal -0.76038 0.649478 5.69433e-05
    outer loop
      vertex 59.6642 -17.6642 0
      vertex 59.7387 -17.577 0.242889
      vertex 59.868 -17.4256 0
    endloop
  endfacet
  facet normal -0.760302 0.64957 0
    outer loop
      vertex 59.7387 -17.577 0.242889
      vertex 59.6642 -17.6642 0
      vertex 59.6642 -17.6642 0.242894
    endloop
  endfacet
  facet normal -0.649478 0.76038 5.69433e-05
    outer loop
      vertex 59.4256 -17.868 0
      vertex 59.577 -17.7387 0.242889
      vertex 59.6642 -17.6642 0
    endloop
  endfacet
  facet normal -0.64957 0.760302 0
    outer loop
      vertex 59.6642 -17.6642 0
      vertex 59.577 -17.7387 0.242889
      vertex 59.6642 -17.6642 0.242894
    endloop
  endfacet
  facet normal -0.64939 0.760455 -3.77955e-05
    outer loop
      vertex 59.577 -17.7387 0.242889
      vertex 59.4256 -17.868 0
      vertex 59.5099 -17.796 0.242886
    endloop
  endfacet
  facet normal -0.649453 0.760402 0
    outer loop
      vertex 59.5099 -17.796 0.242886
      vertex 59.4256 -17.868 0
      vertex 59.4256 -17.868 0.260293
    endloop
  endfacet
  facet normal -0.447214 0.894427 0
    outer loop
      vertex 59.4256 -17.868 0.260293
      vertex 59.4256 -17.868 0
      vertex 59.4254 -17.8681 0.260293
    endloop
  endfacet
  facet normal -0.523034 0.852312 -7.44374e-05
    outer loop
      vertex 59.4256 -17.868 0
      vertex 59.3449 -17.9175 0.260296
      vertex 59.4254 -17.8681 0.260293
    endloop
  endfacet
  facet normal -0.522532 0.85262 0.000139543
    outer loop
      vertex 59.158 -18.032 0
      vertex 59.3449 -17.9175 0.260296
      vertex 59.4256 -17.868 0
    endloop
  endfacet
  facet normal -0.522273 0.852778 -0.000116227
    outer loop
      vertex 59.3449 -17.9175 0.260296
      vertex 59.158 -18.032 0
      vertex 59.2595 -17.9698 0.276012
    endloop
  endfacet
  facet normal -0.522201 0.852822 -0.000152672
    outer loop
      vertex 59.2595 -17.9698 0.276012
      vertex 59.158 -18.032 0
      vertex 59.1651 -18.0276 0.293377
    endloop
  endfacet
  facet normal -0.526767 0.85001 0
    outer loop
      vertex 59.1651 -18.0276 0.293377
      vertex 59.158 -18.032 0
      vertex 59.158 -18.032 0.295976
    endloop
  endfacet
  facet normal -0.383082 0.923714 0
    outer loop
      vertex 59.158 -18.032 0
      vertex 59.0724 -18.0675 0.310508
      vertex 59.158 -18.032 0.295976
    endloop
  endfacet
  facet normal -0.382624 0.923904 0.000148157
    outer loop
      vertex 58.868 -18.1521 0
      vertex 59.0724 -18.0675 0.310508
      vertex 59.158 -18.032 0
    endloop
  endfacet
  facet normal -0.382681 0.923881 0.000192114
    outer loop
      vertex 59.0724 -18.0675 0.310508
      vertex 58.868 -18.1521 0
      vertex 58.9657 -18.1117 0.328639
    endloop
  endfacet
  facet normal -0.382129 0.924109 0
    outer loop
      vertex 58.9657 -18.1117 0.328639
      vertex 58.868 -18.1521 0
      vertex 58.868 -18.1521 0.361398
    endloop
  endfacet
  facet normal -0.235408 0.971897 0
    outer loop
      vertex 58.868 -18.1521 0
      vertex 58.8391 -18.1591 0.366065
      vertex 58.868 -18.1521 0.361398
    endloop
  endfacet
  facet normal -0.232468 0.972604 0.000245561
    outer loop
      vertex 58.868 -18.1521 0
      vertex 58.75 -18.1804 0.380444
      vertex 58.8391 -18.1591 0.366065
    endloop
  endfacet
  facet normal -0.233602 0.972332 -0.000126239
    outer loop
      vertex 58.5629 -18.2254 0
      vertex 58.75 -18.1804 0.380444
      vertex 58.868 -18.1521 0
    endloop
  endfacet
  facet normal -0.233845 0.972274 0
    outer loop
      vertex 58.75 -18.1804 0.380444
      vertex 58.5629 -18.2254 0
      vertex 58.5629 -18.2254 0.425367
    endloop
  endfacet
  facet normal -0.0783775 0.996924 0
    outer loop
      vertex 58.25 -18.25 0
      vertex 58.5629 -18.2254 0.425367
      vertex 58.5629 -18.2254 0
    endloop
  endfacet
  facet normal -0.0783775 0.996924 0
    outer loop
      vertex 58.5629 -18.2254 0.425367
      vertex 58.25 -18.25 0
      vertex 58.25 -18.25 0.449995
    endloop
  endfacet
  facet normal 0 1 -0
    outer loop
      vertex 58.25 -18.25 0
      vertex 25.25 -18.25 0.449995
      vertex 58.25 -18.25 0.449995
    endloop
  endfacet
  facet normal 0 1 0
    outer loop
      vertex 25.25 -18.25 0.449995
      vertex 58.25 -18.25 0
      vertex 16.75 -18.25 0.449995
    endloop
  endfacet
  facet normal 0 1 0
    outer loop
      vertex 16.75 -18.25 0.449995
      vertex 58.25 -18.25 0
      vertex -16.75 -18.25 0.449995
    endloop
  endfacet
  facet normal 0 1 0
    outer loop
      vertex -16.75 -18.25 0.449995
      vertex 58.25 -18.25 0
      vertex -25.25 -18.25 0.449995
    endloop
  endfacet
  facet normal 0 1 0
    outer loop
      vertex -58.25 -18.25 0
      vertex -25.25 -18.25 0.449995
      vertex 58.25 -18.25 0
    endloop
  endfacet
  facet normal 0 1 0
    outer loop
      vertex -25.25 -18.25 0.449995
      vertex -58.25 -18.25 0
      vertex -58.25 -18.25 0.449995
    endloop
  endfacet
  facet normal 0 1 0
    outer loop
      vertex 22.1442 -18.25 4.20404
      vertex 20.4341 -18.25 4.74
      vertex 21.5659 -18.25 4.74
    endloop
  endfacet
  facet normal 0 1 0
    outer loop
      vertex 22.1442 -18.25 4.20404
      vertex 19.8558 -18.25 4.20404
      vertex 20.4341 -18.25 4.74
    endloop
  endfacet
  facet normal 0 1 0
    outer loop
      vertex 22.3061 -18.25 4.05403
      vertex 19.8558 -18.25 4.20404
      vertex 22.1442 -18.25 4.20404
    endloop
  endfacet
  facet normal 0 1 0
    outer loop
      vertex 22.3061 -18.25 4.05403
      vertex 19.6939 -18.25 4.05403
      vertex 19.8558 -18.25 4.20404
    endloop
  endfacet
  facet normal 0 1 0
    outer loop
      vertex 22.5825 -18.25 3.81758
      vertex 19.6939 -18.25 4.05403
      vertex 22.3061 -18.25 4.05403
    endloop
  endfacet
  facet normal 0 1 0
    outer loop
      vertex 22.5825 -18.25 3.81758
      vertex 19.4175 -18.25 3.81758
      vertex 19.6939 -18.25 4.05403
    endloop
  endfacet
  facet normal 0 1 0
    outer loop
      vertex 23.1854 -18.25 3.30196
      vertex 19.4175 -18.25 3.81758
      vertex 22.5825 -18.25 3.81758
    endloop
  endfacet
  facet normal 0 1 0
    outer loop
      vertex 23.1854 -18.25 3.30196
      vertex 18.8146 -18.25 3.30196
      vertex 19.4175 -18.25 3.81758
    endloop
  endfacet
  facet normal 0 1 0
    outer loop
      vertex 24.168 -18.25 0.799999
      vertex 23.1854 -18.25 3.30196
      vertex 23.4377 -18.25 3.10952
    endloop
  endfacet
  facet normal 0 1 0
    outer loop
      vertex 23.1854 -18.25 3.30196
      vertex 24.168 -18.25 0.799999
      vertex 18.8146 -18.25 3.30196
    endloop
  endfacet
  facet normal 0 1 0
    outer loop
      vertex 24.168 -18.25 0.799999
      vertex 23.4377 -18.25 3.10952
      vertex 23.75 -18.25 2.87131
    endloop
  endfacet
  facet normal 0 1 0
    outer loop
      vertex 17.832 -18.25 0.799999
      vertex 18.8146 -18.25 3.30196
      vertex 24.168 -18.25 0.799999
    endloop
  endfacet
  facet normal 0 1 0
    outer loop
      vertex 24.168 -18.25 0.799999
      vertex 23.75 -18.25 2.87131
      vertex 24.1583 -18.25 2.60535
    endloop
  endfacet
  facet normal 0 1 0
    outer loop
      vertex 18.8146 -18.25 3.30196
      vertex 17.832 -18.25 0.799999
      vertex 18.5623 -18.25 3.10952
    endloop
  endfacet
  facet normal 0 1 0
    outer loop
      vertex 24.168 -18.25 0.799999
      vertex 24.1583 -18.25 2.60535
      vertex 24.1602 -18.25 2.60409
    endloop
  endfacet
  facet normal 0 1 0
    outer loop
      vertex 18.5623 -18.25 3.10952
      vertex 17.832 -18.25 0.799999
      vertex 18.25 -18.25 2.87131
    endloop
  endfacet
  facet normal 0 1 0
    outer loop
      vertex 24.168 -18.25 0.799999
      vertex 24.1602 -18.25 2.60409
      vertex 24.1614 -18.25 2.60344
    endloop
  endfacet
  facet normal 0 1 0
    outer loop
      vertex 18.25 -18.25 2.87131
      vertex 17.832 -18.25 0.799999
      vertex 17.8417 -18.25 2.60535
    endloop
  endfacet
  facet normal 0 1 -0
    outer loop
      vertex 24.168 -18.25 0.799999
      vertex 24.1614 -18.25 2.60344
      vertex 24.168 -18.25 2.6
    endloop
  endfacet
  facet normal 0 1 0
    outer loop
      vertex 17.8417 -18.25 2.60535
      vertex 17.832 -18.25 0.799999
      vertex 17.8398 -18.25 2.60409
    endloop
  endfacet
  facet normal 0 1 0
    outer loop
      vertex 17.8398 -18.25 2.60409
      vertex 17.832 -18.25 0.799999
      vertex 17.8386 -18.25 2.60344
    endloop
  endfacet
  facet normal 0 1 0
    outer loop
      vertex 17.8386 -18.25 2.60344
      vertex 17.832 -18.25 0.799999
      vertex 17.832 -18.25 2.6
    endloop
  endfacet
  facet normal 0 1 0
    outer loop
      vertex 24.4857 -18.25 0.633488
      vertex 17.832 -18.25 0.799999
      vertex 24.168 -18.25 0.799999
    endloop
  endfacet
  facet normal 0 1 0
    outer loop
      vertex 24.4857 -18.25 0.633488
      vertex 17.5143 -18.25 0.633488
      vertex 17.832 -18.25 0.799999
    endloop
  endfacet
  facet normal 0 1 0
    outer loop
      vertex 24.7082 -18.25 0.548065
      vertex 17.5143 -18.25 0.633488
      vertex 24.4857 -18.25 0.633488
    endloop
  endfacet
  facet normal 0 1 0
    outer loop
      vertex 24.7082 -18.25 0.548065
      vertex 17.2918 -18.25 0.548065
      vertex 17.5143 -18.25 0.633488
    endloop
  endfacet
  facet normal 0 1 0
    outer loop
      vertex 24.7626 -18.25 0.527188
      vertex 17.2918 -18.25 0.548065
      vertex 24.7082 -18.25 0.548065
    endloop
  endfacet
  facet normal 0 1 0
    outer loop
      vertex 24.7626 -18.25 0.527188
      vertex 17.2374 -18.25 0.527188
      vertex 17.2918 -18.25 0.548065
    endloop
  endfacet
  facet normal 0 1 0
    outer loop
      vertex 24.8246 -18.25 0.512661
      vertex 17.2374 -18.25 0.527188
      vertex 24.7626 -18.25 0.527188
    endloop
  endfacet
  facet normal 0 1 0
    outer loop
      vertex 24.8246 -18.25 0.512661
      vertex 17.1754 -18.25 0.512661
      vertex 17.2374 -18.25 0.527188
    endloop
  endfacet
  facet normal 0 1 0
    outer loop
      vertex 25.0124 -18.25 0.468694
      vertex 17.1754 -18.25 0.512661
      vertex 24.8246 -18.25 0.512661
    endloop
  endfacet
  facet normal 0 1 0
    outer loop
      vertex 25.0124 -18.25 0.468694
      vertex 16.9876 -18.25 0.468694
      vertex 17.1754 -18.25 0.512661
    endloop
  endfacet
  facet normal 0 1 0
    outer loop
      vertex 25.1793 -18.25 0.455559
      vertex 16.9876 -18.25 0.468694
      vertex 25.0124 -18.25 0.468694
    endloop
  endfacet
  facet normal 0 1 0
    outer loop
      vertex 25.1793 -18.25 0.455559
      vertex 16.8207 -18.25 0.455559
      vertex 16.9876 -18.25 0.468694
    endloop
  endfacet
  facet normal 0 1 0
    outer loop
      vertex 25.25 -18.25 0.449995
      vertex 16.8207 -18.25 0.455559
      vertex 25.1793 -18.25 0.455559
    endloop
  endfacet
  facet normal 0 1 0
    outer loop
      vertex 16.8207 -18.25 0.455559
      vertex 25.25 -18.25 0.449995
      vertex 16.75 -18.25 0.449995
    endloop
  endfacet
  facet normal 0 1 0
    outer loop
      vertex -19.8558 -18.25 4.20404
      vertex -21.5659 -18.25 4.74
      vertex -20.4341 -18.25 4.74
    endloop
  endfacet
  facet normal 0 1 0
    outer loop
      vertex -19.8558 -18.25 4.20404
      vertex -22.1442 -18.25 4.20404
      vertex -21.5659 -18.25 4.74
    endloop
  endfacet
  facet normal 0 1 0
    outer loop
      vertex -19.6939 -18.25 4.05403
      vertex -22.1442 -18.25 4.20404
      vertex -19.8558 -18.25 4.20404
    endloop
  endfacet
  facet normal 0 1 0
    outer loop
      vertex -19.6939 -18.25 4.05403
      vertex -22.3061 -18.25 4.05403
      vertex -22.1442 -18.25 4.20404
    endloop
  endfacet
  facet normal 0 1 0
    outer loop
      vertex -19.4175 -18.25 3.81758
      vertex -22.3061 -18.25 4.05403
      vertex -19.6939 -18.25 4.05403
    endloop
  endfacet
  facet normal 0 1 0
    outer loop
      vertex -19.4175 -18.25 3.81758
      vertex -22.5825 -18.25 3.81758
      vertex -22.3061 -18.25 4.05403
    endloop
  endfacet
  facet normal 0 1 0
    outer loop
      vertex -18.8146 -18.25 3.30196
      vertex -22.5825 -18.25 3.81758
      vertex -19.4175 -18.25 3.81758
    endloop
  endfacet
  facet normal 0 1 0
    outer loop
      vertex -18.8146 -18.25 3.30196
      vertex -23.1854 -18.25 3.30196
      vertex -22.5825 -18.25 3.81758
    endloop
  endfacet
  facet normal 0 1 0
    outer loop
      vertex -17.832 -18.25 0.799999
      vertex -18.8146 -18.25 3.30196
      vertex -18.5623 -18.25 3.10952
    endloop
  endfacet
  facet normal 0 1 0
    outer loop
      vertex -18.8146 -18.25 3.30196
      vertex -17.832 -18.25 0.799999
      vertex -23.1854 -18.25 3.30196
    endloop
  endfacet
  facet normal 0 1 0
    outer loop
      vertex -17.832 -18.25 0.799999
      vertex -18.5623 -18.25 3.10952
      vertex -18.25 -18.25 2.87131
    endloop
  endfacet
  facet normal 0 1 0
    outer loop
      vertex -24.168 -18.25 0.799999
      vertex -23.1854 -18.25 3.30196
      vertex -17.832 -18.25 0.799999
    endloop
  endfacet
  facet normal 0 1 0
    outer loop
      vertex -17.832 -18.25 0.799999
      vertex -18.25 -18.25 2.87131
      vertex -17.8417 -18.25 2.60535
    endloop
  endfacet
  facet normal 0 1 0
    outer loop
      vertex -23.1854 -18.25 3.30196
      vertex -24.168 -18.25 0.799999
      vertex -23.4377 -18.25 3.10952
    endloop
  endfacet
  facet normal 0 1 0
    outer loop
      vertex -17.832 -18.25 0.799999
      vertex -17.8417 -18.25 2.60535
      vertex -17.8398 -18.25 2.60409
    endloop
  endfacet
  facet normal 0 1 0
    outer loop
      vertex -23.4377 -18.25 3.10952
      vertex -24.168 -18.25 0.799999
      vertex -23.75 -18.25 2.87131
    endloop
  endfacet
  facet normal 0 1 0
    outer loop
      vertex -17.832 -18.25 0.799999
      vertex -17.8398 -18.25 2.60409
      vertex -17.8386 -18.25 2.60344
    endloop
  endfacet
  facet normal 0 1 0
    outer loop
      vertex -23.75 -18.25 2.87131
      vertex -24.168 -18.25 0.799999
      vertex -24.1583 -18.25 2.60535
    endloop
  endfacet
  facet normal 0 1 -0
    outer loop
      vertex -17.832 -18.25 0.799999
      vertex -17.8386 -18.25 2.60344
      vertex -17.832 -18.25 2.6
    endloop
  endfacet
  facet normal 0 1 0
    outer loop
      vertex -24.1583 -18.25 2.60535
      vertex -24.168 -18.25 0.799999
      vertex -24.1602 -18.25 2.60409
    endloop
  endfacet
  facet normal 0 1 0
    outer loop
      vertex -24.1602 -18.25 2.60409
      vertex -24.168 -18.25 0.799999
      vertex -24.1614 -18.25 2.60344
    endloop
  endfacet
  facet normal 0 1 0
    outer loop
      vertex -24.1614 -18.25 2.60344
      vertex -24.168 -18.25 0.799999
      vertex -24.168 -18.25 2.6
    endloop
  endfacet
  facet normal 0 1 0
    outer loop
      vertex -17.5143 -18.25 0.633488
      vertex -24.168 -18.25 0.799999
      vertex -17.832 -18.25 0.799999
    endloop
  endfacet
  facet normal 0 1 0
    outer loop
      vertex -17.5143 -18.25 0.633488
      vertex -24.4857 -18.25 0.633488
      vertex -24.168 -18.25 0.799999
    endloop
  endfacet
  facet normal 0 1 0
    outer loop
      vertex -17.2918 -18.25 0.548065
      vertex -24.4857 -18.25 0.633488
      vertex -17.5143 -18.25 0.633488
    endloop
  endfacet
  facet normal 0 1 0
    outer loop
      vertex -17.2918 -18.25 0.548065
      vertex -24.7082 -18.25 0.548065
      vertex -24.4857 -18.25 0.633488
    endloop
  endfacet
  facet normal 0 1 0
    outer loop
      vertex -17.2374 -18.25 0.527188
      vertex -24.7082 -18.25 0.548065
      vertex -17.2918 -18.25 0.548065
    endloop
  endfacet
  facet normal 0 1 0
    outer loop
      vertex -17.2374 -18.25 0.527188
      vertex -24.7626 -18.25 0.527188
      vertex -24.7082 -18.25 0.548065
    endloop
  endfacet
  facet normal 0 1 0
    outer loop
      vertex -17.1754 -18.25 0.512661
      vertex -24.7626 -18.25 0.527188
      vertex -17.2374 -18.25 0.527188
    endloop
  endfacet
  facet normal 0 1 0
    outer loop
      vertex -17.1754 -18.25 0.512661
      vertex -24.8246 -18.25 0.512661
      vertex -24.7626 -18.25 0.527188
    endloop
  endfacet
  facet normal 0 1 0
    outer loop
      vertex -16.9876 -18.25 0.468694
      vertex -24.8246 -18.25 0.512661
      vertex -17.1754 -18.25 0.512661
    endloop
  endfacet
  facet normal 0 1 0
    outer loop
      vertex -16.9876 -18.25 0.468694
      vertex -25.0124 -18.25 0.468694
      vertex -24.8246 -18.25 0.512661
    endloop
  endfacet
  facet normal 0 1 0
    outer loop
      vertex -16.8207 -18.25 0.455559
      vertex -25.0124 -18.25 0.468694
      vertex -16.9876 -18.25 0.468694
    endloop
  endfacet
  facet normal 0 1 0
    outer loop
      vertex -16.8207 -18.25 0.455559
      vertex -25.1793 -18.25 0.455559
      vertex -25.0124 -18.25 0.468694
    endloop
  endfacet
  facet normal 0 1 0
    outer loop
      vertex -16.75 -18.25 0.449995
      vertex -25.1793 -18.25 0.455559
      vertex -16.8207 -18.25 0.455559
    endloop
  endfacet
  facet normal 0 1 0
    outer loop
      vertex -25.1793 -18.25 0.455559
      vertex -16.75 -18.25 0.449995
      vertex -25.25 -18.25 0.449995
    endloop
  endfacet
  facet normal -0 0 1
    outer loop
      vertex -60.9867 -1.19214 7.15
      vertex -54.8081 -2.55923 7.15
      vertex -60.9867 -0.227814 7.15
    endloop
  endfacet
  facet normal 0 0 1
    outer loop
      vertex -54.8081 -2.55923 7.15
      vertex -60.9867 -1.19214 7.15
      vertex -54.8081 -3.5154 7.15
    endloop
  endfacet
  facet normal 0 0 1
    outer loop
      vertex -60.8062 7.05954 7.15
      vertex -58.3283 6.13596 7.15
      vertex -58.3283 6.86832 7.15
    endloop
  endfacet
  facet normal 0 0 1
    outer loop
      vertex -58.3283 6.13596 7.15
      vertex -60.8062 7.05954 7.15
      vertex -60.8062 5.94882 7.15
    endloop
  endfacet
  facet normal 0 0 1
    outer loop
      vertex -60.8062 5.51753 7.15
      vertex -58.3283 4.58981 7.15
      vertex -58.3283 5.32224 7.15
    endloop
  endfacet
  facet normal 0 0 1
    outer loop
      vertex -58.3283 4.58981 7.15
      vertex -60.8062 5.51753 7.15
      vertex -60.8062 4.40675 7.15
    endloop
  endfacet
  facet normal -0 0 1
    outer loop
      vertex -55.6133 -5.23227 7.15
      vertex -54.6622 -5.33968 7.15
      vertex -54.678 -5.01447 7.15
    endloop
  endfacet
  facet normal 0 0 1
    outer loop
      vertex -55.6328 -5.12564 7.15
      vertex -54.678 -5.01447 7.15
      vertex -54.7253 -4.71693 7.15
    endloop
  endfacet
  facet normal 0 0 1
    outer loop
      vertex -54.6622 -5.33968 7.15
      vertex -55.6133 -5.23227 7.15
      vertex -55.6069 -5.34375 7.15
    endloop
  endfacet
  facet normal 0 0 1
    outer loop
      vertex -55.7108 -4.92696 7.15
      vertex -54.7253 -4.71693 7.15
      vertex -54.8041 -4.4471 7.15
    endloop
  endfacet
  facet normal 0 0 1
    outer loop
      vertex -54.6622 -5.33968 7.15
      vertex -55.6187 -5.51997 7.15
      vertex -54.685 -5.73616 7.15
    endloop
  endfacet
  facet normal 0 0 1
    outer loop
      vertex -55.7692 -4.8349 7.15
      vertex -54.8041 -4.4471 7.15
      vertex -54.9144 -4.20496 7.15
    endloop
  endfacet
  facet normal -0 0 1
    outer loop
      vertex -55.6543 -5.67696 7.15
      vertex -54.685 -5.73616 7.15
      vertex -55.6187 -5.51997 7.15
    endloop
  endfacet
  facet normal 0 0 1
    outer loop
      vertex -55.8407 -4.74771 7.15
      vertex -54.9144 -4.20496 7.15
      vertex -55.0563 -3.99051 7.15
    endloop
  endfacet
  facet normal 0 0 1
    outer loop
      vertex -55.9243 -4.67 7.15
      vertex -55.0563 -3.99051 7.15
      vertex -55.2297 -3.80374 7.15
    endloop
  endfacet
  facet normal 0 0 1
    outer loop
      vertex -55.6187 -5.51997 7.15
      vertex -54.6622 -5.33968 7.15
      vertex -55.6069 -5.34375 7.15
    endloop
  endfacet
  facet normal 0 0 1
    outer loop
      vertex -56.0194 -4.60641 7.15
      vertex -55.2297 -3.80374 7.15
      vertex -55.4239 -3.64523 7.15
    endloop
  endfacet
  facet normal -0 0 1
    outer loop
      vertex -55.7137 -5.81474 7.15
      vertex -54.7531 -6.09015 7.15
      vertex -55.6543 -5.67696 7.15
    endloop
  endfacet
  facet normal 0 0 1
    outer loop
      vertex -54.7531 -6.09015 7.15
      vertex -55.7137 -5.81474 7.15
      vertex -54.8668 -6.40164 7.15
    endloop
  endfacet
  facet normal 0 0 1
    outer loop
      vertex -54.685 -5.73616 7.15
      vertex -55.6543 -5.67696 7.15
      vertex -54.7531 -6.09015 7.15
    endloop
  endfacet
  facet normal 0 0 1
    outer loop
      vertex -56.0194 -4.60641 7.15
      vertex -55.4239 -3.64523 7.15
      vertex -55.6281 -3.51553 7.15
    endloop
  endfacet
  facet normal 0 0 1
    outer loop
      vertex -54.678 -5.01447 7.15
      vertex -55.6328 -5.12564 7.15
      vertex -55.6133 -5.23227 7.15
    endloop
  endfacet
  facet normal 0 0 1
    outer loop
      vertex -54.7253 -4.71693 7.15
      vertex -55.6653 -5.02386 7.15
      vertex -55.6328 -5.12564 7.15
    endloop
  endfacet
  facet normal 0 0 1
    outer loop
      vertex -54.7253 -4.71693 7.15
      vertex -55.7108 -4.92696 7.15
      vertex -55.6653 -5.02386 7.15
    endloop
  endfacet
  facet normal 0 0 1
    outer loop
      vertex -54.8041 -4.4471 7.15
      vertex -55.7692 -4.8349 7.15
      vertex -55.7108 -4.92696 7.15
    endloop
  endfacet
  facet normal 0 0 1
    outer loop
      vertex -54.9144 -4.20496 7.15
      vertex -55.8407 -4.74771 7.15
      vertex -55.7692 -4.8349 7.15
    endloop
  endfacet
  facet normal 0 0 1
    outer loop
      vertex -56.1258 -4.55696 7.15
      vertex -55.6281 -3.51553 7.15
      vertex -55.8424 -3.41467 7.15
    endloop
  endfacet
  facet normal 0 0 1
    outer loop
      vertex -55.0563 -3.99051 7.15
      vertex -55.9243 -4.67 7.15
      vertex -55.8407 -4.74771 7.15
    endloop
  endfacet
  facet normal 0 0 1
    outer loop
      vertex -55.2297 -3.80374 7.15
      vertex -56.0194 -4.60641 7.15
      vertex -55.9243 -4.67 7.15
    endloop
  endfacet
  facet normal 0 0 1
    outer loop
      vertex -56.2437 -4.52164 7.15
      vertex -55.8424 -3.41467 7.15
      vertex -56.0668 -3.34262 7.15
    endloop
  endfacet
  facet normal 0 0 1
    outer loop
      vertex -55.6281 -3.51553 7.15
      vertex -56.1258 -4.55696 7.15
      vertex -56.0194 -4.60641 7.15
    endloop
  endfacet
  facet normal 0 0 1
    outer loop
      vertex -55.8424 -3.41467 7.15
      vertex -56.2437 -4.52164 7.15
      vertex -56.1258 -4.55696 7.15
    endloop
  endfacet
  facet normal 0 0 1
    outer loop
      vertex -56.373 -4.50044 7.15
      vertex -56.0668 -3.34262 7.15
      vertex -56.3012 -3.29939 7.15
    endloop
  endfacet
  facet normal 0 0 1
    outer loop
      vertex -56.0668 -3.34262 7.15
      vertex -56.373 -4.50044 7.15
      vertex -56.2437 -4.52164 7.15
    endloop
  endfacet
  facet normal 0 0 1
    outer loop
      vertex -56.3012 -3.29939 7.15
      vertex -56.5136 -4.49338 7.15
      vertex -56.373 -4.50044 7.15
    endloop
  endfacet
  facet normal 0 0 1
    outer loop
      vertex -56.5456 -3.28497 7.15
      vertex -56.5136 -4.49338 7.15
      vertex -56.3012 -3.29939 7.15
    endloop
  endfacet
  facet normal -0 0 1
    outer loop
      vertex -56.7746 -3.2973 7.15
      vertex -56.5136 -4.49338 7.15
      vertex -56.5456 -3.28497 7.15
    endloop
  endfacet
  facet normal 0 0 1
    outer loop
      vertex -56.5136 -4.49338 7.15
      vertex -56.7746 -3.2973 7.15
      vertex -56.6967 -4.50648 7.15
    endloop
  endfacet
  facet normal -0 0 1
    outer loop
      vertex -56.9868 -3.33426 7.15
      vertex -56.6967 -4.50648 7.15
      vertex -56.7746 -3.2973 7.15
    endloop
  endfacet
  facet normal -0 0 1
    outer loop
      vertex -57.1823 -3.39586 7.15
      vertex -56.6967 -4.50648 7.15
      vertex -56.9868 -3.33426 7.15
    endloop
  endfacet
  facet normal 0 0 1
    outer loop
      vertex -56.6967 -4.50648 7.15
      vertex -57.1823 -3.39586 7.15
      vertex -56.8584 -4.54582 7.15
    endloop
  endfacet
  facet normal -0 0 1
    outer loop
      vertex -57.361 -3.4821 7.15
      vertex -56.8584 -4.54582 7.15
      vertex -57.1823 -3.39586 7.15
    endloop
  endfacet
  facet normal -0 0 1
    outer loop
      vertex -57.5231 -3.59297 7.15
      vertex -56.8584 -4.54582 7.15
      vertex -57.361 -3.4821 7.15
    endloop
  endfacet
  facet normal 0 0 1
    outer loop
      vertex -56.8584 -4.54582 7.15
      vertex -57.5231 -3.59297 7.15
      vertex -56.9986 -4.61137 7.15
    endloop
  endfacet
  facet normal -0 0 1
    outer loop
      vertex -57.6684 -3.7285 7.15
      vertex -56.9986 -4.61137 7.15
      vertex -57.5231 -3.59297 7.15
    endloop
  endfacet
  facet normal -0 0 1
    outer loop
      vertex -57.7516 -3.82365 7.15
      vertex -56.9986 -4.61137 7.15
      vertex -57.6684 -3.7285 7.15
    endloop
  endfacet
  facet normal -0 0 1
    outer loop
      vertex -57.8198 -3.91113 7.15
      vertex -56.9986 -4.61137 7.15
      vertex -57.7516 -3.82365 7.15
    endloop
  endfacet
  facet normal 0 0 1
    outer loop
      vertex -56.9986 -4.61137 7.15
      vertex -57.8198 -3.91113 7.15
      vertex -57.1173 -4.70316 7.15
    endloop
  endfacet
  facet normal -0 0 1
    outer loop
      vertex -57.8728 -3.99092 7.15
      vertex -57.1173 -4.70316 7.15
      vertex -57.8198 -3.91113 7.15
    endloop
  endfacet
  facet normal -0 0 1
    outer loop
      vertex -57.9409 -4.18419 7.15
      vertex -57.1173 -4.70316 7.15
      vertex -57.8728 -3.99092 7.15
    endloop
  endfacet
  facet normal 0 0 1
    outer loop
      vertex -57.2145 -4.82117 7.15
      vertex -57.9409 -4.18419 7.15
      vertex -57.2903 -4.96539 7.15
    endloop
  endfacet
  facet normal 0 0 1
    outer loop
      vertex -57.2903 -4.96539 7.15
      vertex -58.3394 -5.02234 7.15
      vertex -57.3239 -5.06349 7.15
    endloop
  endfacet
  facet normal 0 -0 1
    outer loop
      vertex -58.3081 -5.10643 7.15
      vertex -57.3239 -5.06349 7.15
      vertex -58.3394 -5.02234 7.15
    endloop
  endfacet
  facet normal 0 0 1
    outer loop
      vertex -57.3513 -5.17876 7.15
      vertex -58.282 -5.2095 7.15
      vertex -57.3727 -5.31122 7.15
    endloop
  endfacet
  facet normal 0 0 1
    outer loop
      vertex -57.3239 -5.06349 7.15
      vertex -58.3081 -5.10643 7.15
      vertex -57.3513 -5.17876 7.15
    endloop
  endfacet
  facet normal 0 0 1
    outer loop
      vertex -58.3394 -5.02234 7.15
      vertex -57.2903 -4.96539 7.15
      vertex -57.9409 -4.18419 7.15
    endloop
  endfacet
  facet normal 0 0 1
    outer loop
      vertex -57.1173 -4.70316 7.15
      vertex -57.9409 -4.18419 7.15
      vertex -57.2145 -4.82117 7.15
    endloop
  endfacet
  facet normal 0 0 1
    outer loop
      vertex -57.9409 -4.18419 7.15
      vertex -57.8728 -3.99092 7.15
      vertex -57.9106 -4.06303 7.15
    endloop
  endfacet
  facet normal 0 0 1
    outer loop
      vertex -57.9409 -4.18419 7.15
      vertex -57.9106 -4.06303 7.15
      vertex -57.9333 -4.12746 7.15
    endloop
  endfacet
  facet normal 0 -0 1
    outer loop
      vertex -58.2611 -5.33157 7.15
      vertex -57.3727 -5.31122 7.15
      vertex -58.282 -5.2095 7.15
    endloop
  endfacet
  facet normal 0 0 1
    outer loop
      vertex -58.5979 -4.73245 7.15
      vertex -57.9409 -4.18419 7.15
      vertex -57.972 -4.11412 7.15
    endloop
  endfacet
  facet normal 0 0 1
    outer loop
      vertex -58.5979 -4.73245 7.15
      vertex -57.972 -4.11412 7.15
      vertex -58.011 -4.04497 7.15
    endloop
  endfacet
  facet normal 0 0 1
    outer loop
      vertex -58.5979 -4.73245 7.15
      vertex -58.011 -4.04497 7.15
      vertex -58.0579 -3.9767 7.15
    endloop
  endfacet
  facet normal 0 0 1
    outer loop
      vertex -58.5979 -4.73245 7.15
      vertex -58.0579 -3.9767 7.15
      vertex -58.1128 -3.90935 7.15
    endloop
  endfacet
  facet normal 0 0 1
    outer loop
      vertex -58.7229 -4.67876 7.15
      vertex -58.1128 -3.90935 7.15
      vertex -58.1755 -3.8429 7.15
    endloop
  endfacet
  facet normal 0 -0 1
    outer loop
      vertex -58.282 -5.2095 7.15
      vertex -57.3513 -5.17876 7.15
      vertex -58.3081 -5.10643 7.15
    endloop
  endfacet
  facet normal 0 0 1
    outer loop
      vertex -57.4001 -5.81169 7.15
      vertex -58.2349 -5.63268 7.15
      vertex -58.2296 -5.81169 7.15
    endloop
  endfacet
  facet normal 0 0 1
    outer loop
      vertex -57.3971 -5.62769 7.15
      vertex -58.2349 -5.63268 7.15
      vertex -57.4001 -5.81169 7.15
    endloop
  endfacet
  facet normal 0 0 1
    outer loop
      vertex -58.7229 -4.67876 7.15
      vertex -58.1755 -3.8429 7.15
      vertex -58.2462 -3.77734 7.15
    endloop
  endfacet
  facet normal 0 -0 1
    outer loop
      vertex -58.2349 -5.63268 7.15
      vertex -57.3971 -5.62769 7.15
      vertex -58.2454 -5.47263 7.15
    endloop
  endfacet
  facet normal 0 0 1
    outer loop
      vertex -57.3879 -5.46086 7.15
      vertex -58.2454 -5.47263 7.15
      vertex -57.3971 -5.62769 7.15
    endloop
  endfacet
  facet normal 0 -0 1
    outer loop
      vertex -58.2454 -5.47263 7.15
      vertex -57.3879 -5.46086 7.15
      vertex -58.2611 -5.33157 7.15
    endloop
  endfacet
  facet normal 0 0 1
    outer loop
      vertex -57.3727 -5.31122 7.15
      vertex -58.2611 -5.33157 7.15
      vertex -57.3879 -5.46086 7.15
    endloop
  endfacet
  facet normal 0 0 1
    outer loop
      vertex -58.7229 -4.67876 7.15
      vertex -58.2462 -3.77734 7.15
      vertex -58.3701 -3.68285 7.15
    endloop
  endfacet
  facet normal 0 0 1
    outer loop
      vertex -57.9409 -4.18419 7.15
      vertex -58.4061 -4.90424 7.15
      vertex -58.3394 -5.02234 7.15
    endloop
  endfacet
  facet normal 0 0 1
    outer loop
      vertex -57.9409 -4.18419 7.15
      vertex -58.4923 -4.8076 7.15
      vertex -58.4061 -4.90424 7.15
    endloop
  endfacet
  facet normal 0 0 1
    outer loop
      vertex -58.8674 -4.64656 7.15
      vertex -58.3701 -3.68285 7.15
      vertex -58.503 -3.60553 7.15
    endloop
  endfacet
  facet normal 0 0 1
    outer loop
      vertex -57.9409 -4.18419 7.15
      vertex -58.5979 -4.73245 7.15
      vertex -58.4923 -4.8076 7.15
    endloop
  endfacet
  facet normal 0 0 1
    outer loop
      vertex -58.8674 -4.64656 7.15
      vertex -58.503 -3.60553 7.15
      vertex -58.645 -3.54541 7.15
    endloop
  endfacet
  facet normal 0 0 1
    outer loop
      vertex -58.1128 -3.90935 7.15
      vertex -58.7229 -4.67876 7.15
      vertex -58.5979 -4.73245 7.15
    endloop
  endfacet
  facet normal 0 0 1
    outer loop
      vertex -58.8674 -4.64656 7.15
      vertex -58.645 -3.54541 7.15
      vertex -58.7961 -3.50246 7.15
    endloop
  endfacet
  facet normal 0 0 1
    outer loop
      vertex -58.3701 -3.68285 7.15
      vertex -58.8674 -4.64656 7.15
      vertex -58.7229 -4.67876 7.15
    endloop
  endfacet
  facet normal 0 0 1
    outer loop
      vertex -59.0313 -4.63582 7.15
      vertex -58.7961 -3.50246 7.15
      vertex -58.9562 -3.47668 7.15
    endloop
  endfacet
  facet normal 0 0 1
    outer loop
      vertex -58.7961 -3.50246 7.15
      vertex -59.0313 -4.63582 7.15
      vertex -58.8674 -4.64656 7.15
    endloop
  endfacet
  facet normal 0 0 1
    outer loop
      vertex -59.1253 -3.46809 7.15
      vertex -59.0313 -4.63582 7.15
      vertex -58.9562 -3.47668 7.15
    endloop
  endfacet
  facet normal 0 0 1
    outer loop
      vertex -59.1253 -3.46809 7.15
      vertex -59.1404 -4.6413 7.15
      vertex -59.0313 -4.63582 7.15
    endloop
  endfacet
  facet normal -0 0 1
    outer loop
      vertex -59.3625 -3.48251 7.15
      vertex -59.1404 -4.6413 7.15
      vertex -59.1253 -3.46809 7.15
    endloop
  endfacet
  facet normal 0 0 1
    outer loop
      vertex -59.1404 -4.6413 7.15
      vertex -59.3625 -3.48251 7.15
      vertex -59.2425 -4.65775 7.15
    endloop
  endfacet
  facet normal -0 0 1
    outer loop
      vertex -59.5832 -3.52574 7.15
      vertex -59.2425 -4.65775 7.15
      vertex -59.3625 -3.48251 7.15
    endloop
  endfacet
  facet normal 0 0 1
    outer loop
      vertex -59.2425 -4.65775 7.15
      vertex -59.5832 -3.52574 7.15
      vertex -59.3376 -4.68515 7.15
    endloop
  endfacet
  facet normal -0 0 1
    outer loop
      vertex -59.7872 -3.59779 7.15
      vertex -59.3376 -4.68515 7.15
      vertex -59.5832 -3.52574 7.15
    endloop
  endfacet
  facet normal -0 0 1
    outer loop
      vertex -59.9746 -3.69865 7.15
      vertex -59.3376 -4.68515 7.15
      vertex -59.7872 -3.59779 7.15
    endloop
  endfacet
  facet normal 0 0 1
    outer loop
      vertex -59.3376 -4.68515 7.15
      vertex -59.9746 -3.69865 7.15
      vertex -59.4257 -4.72353 7.15
    endloop
  endfacet
  facet normal -0 0 1
    outer loop
      vertex -60.1453 -3.82835 7.15
      vertex -59.4257 -4.72353 7.15
      vertex -59.9746 -3.69865 7.15
    endloop
  endfacet
  facet normal 0 0 1
    outer loop
      vertex -59.4257 -4.72353 7.15
      vertex -60.1453 -3.82835 7.15
      vertex -59.5067 -4.77286 7.15
    endloop
  endfacet
  facet normal -0 0 1
    outer loop
      vertex -60.2995 -3.98686 7.15
      vertex -59.5067 -4.77286 7.15
      vertex -60.1453 -3.82835 7.15
    endloop
  endfacet
  facet normal 0 0 1
    outer loop
      vertex -59.5067 -4.77286 7.15
      vertex -60.2995 -3.98686 7.15
      vertex -59.5808 -4.83316 7.15
    endloop
  endfacet
  facet normal -0 0 1
    outer loop
      vertex -60.4332 -4.16887 7.15
      vertex -59.5808 -4.83316 7.15
      vertex -60.2995 -3.98686 7.15
    endloop
  endfacet
  facet normal 0 0 1
    outer loop
      vertex -59.5808 -4.83316 7.15
      vertex -60.4332 -4.16887 7.15
      vertex -59.6454 -4.9034 7.15
    endloop
  endfacet
  facet normal -0 0 1
    outer loop
      vertex -60.5426 -4.36909 7.15
      vertex -59.6454 -4.9034 7.15
      vertex -60.4332 -4.16887 7.15
    endloop
  endfacet
  facet normal 0 0 1
    outer loop
      vertex -59.6454 -4.9034 7.15
      vertex -60.5426 -4.36909 7.15
      vertex -59.6984 -4.98257 7.15
    endloop
  endfacet
  facet normal -0 0 1
    outer loop
      vertex -60.6277 -4.58749 7.15
      vertex -59.6984 -4.98257 7.15
      vertex -60.5426 -4.36909 7.15
    endloop
  endfacet
  facet normal 0 -0 1
    outer loop
      vertex -60.734 -5.49986 7.15
      vertex -59.7924 -5.38852 7.15
      vertex -60.7371 -5.35191 7.15
    endloop
  endfacet
  facet normal 0 -0 1
    outer loop
      vertex -60.7249 -5.63989 7.15
      vertex -59.7924 -5.38852 7.15
      vertex -60.734 -5.49986 7.15
    endloop
  endfacet
  facet normal 0 0 1
    outer loop
      vertex -59.6984 -4.98257 7.15
      vertex -60.6277 -4.58749 7.15
      vertex -59.7395 -5.07066 7.15
    endloop
  endfacet
  facet normal 0 -0 1
    outer loop
      vertex -60.7096 -5.77202 7.15
      vertex -59.7924 -5.38852 7.15
      vertex -60.7249 -5.63989 7.15
    endloop
  endfacet
  facet normal -0 0 1
    outer loop
      vertex -60.6885 -4.82411 7.15
      vertex -59.7395 -5.07066 7.15
      vertex -60.6277 -4.58749 7.15
    endloop
  endfacet
  facet normal 0 -0 1
    outer loop
      vertex -60.6882 -5.89624 7.15
      vertex -59.7924 -5.38852 7.15
      vertex -60.7096 -5.77202 7.15
    endloop
  endfacet
  facet normal 0 0 1
    outer loop
      vertex -59.7924 -5.38852 7.15
      vertex -60.0032 -6.92651 7.15
      vertex -59.8952 -6.99658 7.15
    endloop
  endfacet
  facet normal 0 0 1
    outer loop
      vertex -59.7395 -5.07066 7.15
      vertex -60.6885 -4.82411 7.15
      vertex -59.7689 -5.16769 7.15
    endloop
  endfacet
  facet normal 0 0 1
    outer loop
      vertex -59.7924 -5.38852 7.15
      vertex -60.1082 -6.8474 7.15
      vertex -60.0032 -6.92651 7.15
    endloop
  endfacet
  facet normal 0 -0 1
    outer loop
      vertex -60.6607 -6.01254 7.15
      vertex -59.7924 -5.38852 7.15
      vertex -60.6882 -5.89624 7.15
    endloop
  endfacet
  facet normal -0 0 1
    outer loop
      vertex -60.7249 -5.07892 7.15
      vertex -59.7689 -5.16769 7.15
      vertex -60.6885 -4.82411 7.15
    endloop
  endfacet
  facet normal 0 0 1
    outer loop
      vertex -59.7924 -5.38852 7.15
      vertex -60.2103 -6.75926 7.15
      vertex -60.1082 -6.8474 7.15
    endloop
  endfacet
  facet normal 0 0 1
    outer loop
      vertex -59.7924 -5.38852 7.15
      vertex -60.3095 -6.66208 7.15
      vertex -60.2103 -6.75926 7.15
    endloop
  endfacet
  facet normal 0 -0 1
    outer loop
      vertex -60.376 -6.58374 7.15
      vertex -59.7924 -5.38852 7.15
      vertex -60.4371 -6.50067 7.15
    endloop
  endfacet
  facet normal 0 0 1
    outer loop
      vertex -59.7689 -5.16769 7.15
      vertex -60.7249 -5.07892 7.15
      vertex -59.7866 -5.27364 7.15
    endloop
  endfacet
  facet normal 0 -0 1
    outer loop
      vertex -60.4371 -6.50067 7.15
      vertex -59.7924 -5.38852 7.15
      vertex -60.4927 -6.41286 7.15
    endloop
  endfacet
  facet normal 0 -0 1
    outer loop
      vertex -60.4927 -6.41286 7.15
      vertex -59.7924 -5.38852 7.15
      vertex -60.543 -6.3203 7.15
    endloop
  endfacet
  facet normal 0 0 1
    outer loop
      vertex -60.7371 -5.35191 7.15
      vertex -59.7866 -5.27364 7.15
      vertex -60.7249 -5.07892 7.15
    endloop
  endfacet
  facet normal 0 0 1
    outer loop
      vertex -59.7924 -5.38852 7.15
      vertex -60.6607 -6.01254 7.15
      vertex -60.6271 -6.12094 7.15
    endloop
  endfacet
  facet normal 0 -0 1
    outer loop
      vertex -60.543 -6.3203 7.15
      vertex -59.7924 -5.38852 7.15
      vertex -60.5877 -6.22299 7.15
    endloop
  endfacet
  facet normal 0 0 1
    outer loop
      vertex -59.7866 -5.27364 7.15
      vertex -60.7371 -5.35191 7.15
      vertex -59.7924 -5.38852 7.15
    endloop
  endfacet
  facet normal 0 0 1
    outer loop
      vertex -59.7924 -5.38852 7.15
      vertex -60.6271 -6.12094 7.15
      vertex -60.5877 -6.22299 7.15
    endloop
  endfacet
  facet normal 0 -0 1
    outer loop
      vertex -60.3095 -6.66208 7.15
      vertex -59.7924 -5.38852 7.15
      vertex -60.376 -6.58374 7.15
    endloop
  endfacet
  facet normal -0 0 1
    outer loop
      vertex -55.7968 -5.9333 7.15
      vertex -54.8668 -6.40164 7.15
      vertex -55.7137 -5.81474 7.15
    endloop
  endfacet
  facet normal 0 0 1
    outer loop
      vertex -54.8668 -6.40164 7.15
      vertex -55.7968 -5.9333 7.15
      vertex -55.0259 -6.67064 7.15
    endloop
  endfacet
  facet normal -0 0 1
    outer loop
      vertex -55.9036 -6.03265 7.15
      vertex -55.0259 -6.67064 7.15
      vertex -55.7968 -5.9333 7.15
    endloop
  endfacet
  facet normal 0 0 1
    outer loop
      vertex -55.0259 -6.67064 7.15
      vertex -55.9036 -6.03265 7.15
      vertex -55.2305 -6.89713 7.15
    endloop
  endfacet
  facet normal 0 0 1
    outer loop
      vertex -55.2305 -6.89713 7.15
      vertex -55.9036 -6.03265 7.15
      vertex -55.4806 -7.08112 7.15
    endloop
  endfacet
  facet normal -0 0 1
    outer loop
      vertex -56.0341 -6.11278 7.15
      vertex -55.4806 -7.08112 7.15
      vertex -55.9036 -6.03265 7.15
    endloop
  endfacet
  facet normal 0 0 1
    outer loop
      vertex -55.4806 -7.08112 7.15
      vertex -56.0341 -6.11278 7.15
      vertex -55.6332 -7.16023 7.15
    endloop
  endfacet
  facet normal -0 0 1
    outer loop
      vertex -56.1148 -6.1476 7.15
      vertex -55.6332 -7.16023 7.15
      vertex -56.0341 -6.11278 7.15
    endloop
  endfacet
  facet normal 0 0 1
    outer loop
      vertex -55.6332 -7.16023 7.15
      vertex -56.1148 -6.1476 7.15
      vertex -55.8008 -7.22668 7.15
    endloop
  endfacet
  facet normal -0 0 1
    outer loop
      vertex -56.2023 -6.17607 7.15
      vertex -55.8008 -7.22668 7.15
      vertex -56.1148 -6.1476 7.15
    endloop
  endfacet
  facet normal 0 0 1
    outer loop
      vertex -55.8008 -7.22668 7.15
      vertex -56.2023 -6.17607 7.15
      vertex -55.9832 -7.28049 7.15
    endloop
  endfacet
  facet normal -0 0 1
    outer loop
      vertex -56.2965 -6.19823 7.15
      vertex -55.9832 -7.28049 7.15
      vertex -56.2023 -6.17607 7.15
    endloop
  endfacet
  facet normal 0 0 1
    outer loop
      vertex -55.9832 -7.28049 7.15
      vertex -56.2965 -6.19823 7.15
      vertex -56.1806 -7.32162 7.15
    endloop
  endfacet
  facet normal -0 0 1
    outer loop
      vertex -56.3976 -6.21405 7.15
      vertex -56.1806 -7.32162 7.15
      vertex -56.2965 -6.19823 7.15
    endloop
  endfacet
  facet normal 0 0 1
    outer loop
      vertex -56.1806 -7.32162 7.15
      vertex -56.3976 -6.21405 7.15
      vertex -56.3928 -7.35011 7.15
    endloop
  endfacet
  facet normal -0 0 1
    outer loop
      vertex -56.5054 -6.22356 7.15
      vertex -56.3928 -7.35011 7.15
      vertex -56.3976 -6.21405 7.15
    endloop
  endfacet
  facet normal -0 0 1
    outer loop
      vertex -56.62 -6.22672 7.15
      vertex -56.3928 -7.35011 7.15
      vertex -56.5054 -6.22356 7.15
    endloop
  endfacet
  facet normal 0 0 1
    outer loop
      vertex -56.3928 -7.35011 7.15
      vertex -56.62 -6.22672 7.15
      vertex -56.62 -7.36594 7.15
    endloop
  endfacet
  facet normal 0 0 1
    outer loop
      vertex -58.9815 -7.25146 7.15
      vertex -58.8363 -6.17787 7.15
      vertex -58.9765 -6.17493 7.15
    endloop
  endfacet
  facet normal 0 0 1
    outer loop
      vertex -58.8363 -6.17787 7.15
      vertex -58.9815 -7.25146 7.15
      vertex -58.8363 -7.26016 7.15
    endloop
  endfacet
  facet normal 0 0 1
    outer loop
      vertex -59.1243 -7.23621 7.15
      vertex -58.9765 -6.17493 7.15
      vertex -59.1071 -6.16068 7.15
    endloop
  endfacet
  facet normal 0 0 1
    outer loop
      vertex -58.9765 -6.17493 7.15
      vertex -59.1243 -7.23621 7.15
      vertex -58.9815 -7.25146 7.15
    endloop
  endfacet
  facet normal 0 0 1
    outer loop
      vertex -59.4023 -7.18602 7.15
      vertex -59.1071 -6.16068 7.15
      vertex -59.2279 -6.13513 7.15
    endloop
  endfacet
  facet normal 0 0 1
    outer loop
      vertex -59.1071 -6.16068 7.15
      vertex -59.2645 -7.21439 7.15
      vertex -59.1243 -7.23621 7.15
    endloop
  endfacet
  facet normal 0 0 1
    outer loop
      vertex -59.6704 -7.10962 7.15
      vertex -59.2279 -6.13513 7.15
      vertex -59.339 -6.09828 7.15
    endloop
  endfacet
  facet normal 0 0 1
    outer loop
      vertex -59.1071 -6.16068 7.15
      vertex -59.4023 -7.18602 7.15
      vertex -59.2645 -7.21439 7.15
    endloop
  endfacet
  facet normal 0 0 1
    outer loop
      vertex -59.8952 -6.99658 7.15
      vertex -59.339 -6.09828 7.15
      vertex -59.4404 -6.05013 7.15
    endloop
  endfacet
  facet normal 0 0 1
    outer loop
      vertex -59.8952 -6.99658 7.15
      vertex -59.4404 -6.05013 7.15
      vertex -59.532 -5.99068 7.15
    endloop
  endfacet
  facet normal 0 0 1
    outer loop
      vertex -59.2279 -6.13513 7.15
      vertex -59.5376 -7.15109 7.15
      vertex -59.4023 -7.18602 7.15
    endloop
  endfacet
  facet normal 0 0 1
    outer loop
      vertex -59.8952 -6.99658 7.15
      vertex -59.532 -5.99068 7.15
      vertex -59.6116 -5.92084 7.15
    endloop
  endfacet
  facet normal 0 0 1
    outer loop
      vertex -59.2279 -6.13513 7.15
      vertex -59.6704 -7.10962 7.15
      vertex -59.5376 -7.15109 7.15
    endloop
  endfacet
  facet normal 0 0 1
    outer loop
      vertex -59.8952 -6.99658 7.15
      vertex -59.6116 -5.92084 7.15
      vertex -59.6767 -5.83878 7.15
    endloop
  endfacet
  facet normal 0 0 1
    outer loop
      vertex -59.8952 -6.99658 7.15
      vertex -59.6767 -5.83878 7.15
      vertex -59.7273 -5.74452 7.15
    endloop
  endfacet
  facet normal 0 0 1
    outer loop
      vertex -59.8952 -6.99658 7.15
      vertex -59.7273 -5.74452 7.15
      vertex -59.7635 -5.63806 7.15
    endloop
  endfacet
  facet normal 0 0 1
    outer loop
      vertex -59.339 -6.09828 7.15
      vertex -59.7843 -7.05762 7.15
      vertex -59.6704 -7.10962 7.15
    endloop
  endfacet
  facet normal 0 0 1
    outer loop
      vertex -59.8952 -6.99658 7.15
      vertex -59.7635 -5.63806 7.15
      vertex -59.7852 -5.51939 7.15
    endloop
  endfacet
  facet normal 0 0 1
    outer loop
      vertex -59.8952 -6.99658 7.15
      vertex -59.7852 -5.51939 7.15
      vertex -59.7924 -5.38852 7.15
    endloop
  endfacet
  facet normal 0 0 1
    outer loop
      vertex -59.339 -6.09828 7.15
      vertex -59.8952 -6.99658 7.15
      vertex -59.7843 -7.05762 7.15
    endloop
  endfacet
  facet normal 0 0 1
    outer loop
      vertex -57.4424 1.47572 7.15
      vertex -58.335 1.58925 7.15
      vertex -58.3294 1.47572 7.15
    endloop
  endfacet
  facet normal 0 0 1
    outer loop
      vertex -58.1641 2.89505 7.15
      vertex -58.352 1.69386 7.15
      vertex -58.335 1.58925 7.15
    endloop
  endfacet
  facet normal 0 0 1
    outer loop
      vertex -58.7651 2.16792 7.15
      vertex -58.2576 2.99593 7.15
      vertex -58.3559 3.08018 7.15
    endloop
  endfacet
  facet normal 0 0 1
    outer loop
      vertex -58.1641 2.89505 7.15
      vertex -58.3802 1.78954 7.15
      vertex -58.352 1.69386 7.15
    endloop
  endfacet
  facet normal 0 0 1
    outer loop
      vertex -58.1641 2.89505 7.15
      vertex -58.4197 1.87628 7.15
      vertex -58.3802 1.78954 7.15
    endloop
  endfacet
  facet normal 0 0 1
    outer loop
      vertex -58.8557 2.19476 7.15
      vertex -58.3559 3.08018 7.15
      vertex -58.4591 3.14783 7.15
    endloop
  endfacet
  facet normal 0 0 1
    outer loop
      vertex -58.1641 2.89505 7.15
      vertex -58.4704 1.9541 7.15
      vertex -58.4197 1.87628 7.15
    endloop
  endfacet
  facet normal 0 0 1
    outer loop
      vertex -58.1641 2.89505 7.15
      vertex -58.5325 2.02298 7.15
      vertex -58.4704 1.9541 7.15
    endloop
  endfacet
  facet normal 0 0 1
    outer loop
      vertex -58.8557 2.19476 7.15
      vertex -58.4591 3.14783 7.15
      vertex -58.5672 3.19887 7.15
    endloop
  endfacet
  facet normal 0 0 1
    outer loop
      vertex -58.1641 2.89505 7.15
      vertex -58.6035 2.08203 7.15
      vertex -58.5325 2.02298 7.15
    endloop
  endfacet
  facet normal 0 0 1
    outer loop
      vertex -58.8557 2.19476 7.15
      vertex -58.5672 3.19887 7.15
      vertex -58.6765 3.23802 7.15
    endloop
  endfacet
  facet normal 0 0 1
    outer loop
      vertex -58.1641 2.89505 7.15
      vertex -58.681 2.13034 7.15
      vertex -58.6035 2.08203 7.15
    endloop
  endfacet
  facet normal 0 0 1
    outer loop
      vertex -58.1641 2.89505 7.15
      vertex -58.7651 2.16792 7.15
      vertex -58.681 2.13034 7.15
    endloop
  endfacet
  facet normal 0 0 1
    outer loop
      vertex -58.9529 2.21088 7.15
      vertex -58.6765 3.23802 7.15
      vertex -58.7834 3.27007 7.15
    endloop
  endfacet
  facet normal 0 0 1
    outer loop
      vertex -58.3559 3.08018 7.15
      vertex -58.8557 2.19476 7.15
      vertex -58.7651 2.16792 7.15
    endloop
  endfacet
  facet normal 0 0 1
    outer loop
      vertex -58.9529 2.21088 7.15
      vertex -58.7834 3.27007 7.15
      vertex -58.888 3.29498 7.15
    endloop
  endfacet
  facet normal 0 0 1
    outer loop
      vertex -58.6765 3.23802 7.15
      vertex -58.9529 2.21088 7.15
      vertex -58.8557 2.19476 7.15
    endloop
  endfacet
  facet normal 0 0 1
    outer loop
      vertex -59.0567 2.21625 7.15
      vertex -58.888 3.29498 7.15
      vertex -58.9902 3.31277 7.15
    endloop
  endfacet
  facet normal 0 0 1
    outer loop
      vertex -58.888 3.29498 7.15
      vertex -59.0567 2.21625 7.15
      vertex -58.9529 2.21088 7.15
    endloop
  endfacet
  facet normal 0 0 1
    outer loop
      vertex -59.09 3.32346 7.15
      vertex -59.0567 2.21625 7.15
      vertex -58.9902 3.31277 7.15
    endloop
  endfacet
  facet normal 0 0 1
    outer loop
      vertex -59.09 3.32346 7.15
      vertex -59.1689 2.21088 7.15
      vertex -59.0567 2.21625 7.15
    endloop
  endfacet
  facet normal 0 0 1
    outer loop
      vertex -59.1875 3.32703 7.15
      vertex -59.1689 2.21088 7.15
      vertex -59.09 3.32346 7.15
    endloop
  endfacet
  facet normal -0 0 1
    outer loop
      vertex -59.3964 3.31357 7.15
      vertex -59.1689 2.21088 7.15
      vertex -59.1875 3.32703 7.15
    endloop
  endfacet
  facet normal 0 0 1
    outer loop
      vertex -59.1689 2.21088 7.15
      vertex -59.3964 3.31357 7.15
      vertex -59.2726 2.19476 7.15
    endloop
  endfacet
  facet normal -0 0 1
    outer loop
      vertex -59.5948 3.27322 7.15
      vertex -59.2726 2.19476 7.15
      vertex -59.3964 3.31357 7.15
    endloop
  endfacet
  facet normal 0 0 1
    outer loop
      vertex -59.2726 2.19476 7.15
      vertex -59.5948 3.27322 7.15
      vertex -59.368 2.16792 7.15
    endloop
  endfacet
  facet normal -0 0 1
    outer loop
      vertex -59.7828 3.20598 7.15
      vertex -59.368 2.16792 7.15
      vertex -59.5948 3.27322 7.15
    endloop
  endfacet
  facet normal -0 0 1
    outer loop
      vertex -59.9602 3.11182 7.15
      vertex -59.368 2.16792 7.15
      vertex -59.7828 3.20598 7.15
    endloop
  endfacet
  facet normal 0 0 1
    outer loop
      vertex -59.368 2.16792 7.15
      vertex -59.9602 3.11182 7.15
      vertex -59.4548 2.13034 7.15
    endloop
  endfacet
  facet normal -0 0 1
    outer loop
      vertex -60.1271 2.99077 7.15
      vertex -59.4548 2.13034 7.15
      vertex -59.9602 3.11182 7.15
    endloop
  endfacet
  facet normal 0 0 1
    outer loop
      vertex -59.4548 2.13034 7.15
      vertex -60.1271 2.99077 7.15
      vertex -59.5332 2.08203 7.15
    endloop
  endfacet
  facet normal -0 0 1
    outer loop
      vertex -60.2835 2.84282 7.15
      vertex -59.5332 2.08203 7.15
      vertex -60.1271 2.99077 7.15
    endloop
  endfacet
  facet normal 0 0 1
    outer loop
      vertex -59.5332 2.08203 7.15
      vertex -60.2835 2.84282 7.15
      vertex -59.6031 2.02298 7.15
    endloop
  endfacet
  facet normal -0 0 1
    outer loop
      vertex -60.4221 2.67036 7.15
      vertex -59.6031 2.02298 7.15
      vertex -60.2835 2.84282 7.15
    endloop
  endfacet
  facet normal 0 0 1
    outer loop
      vertex -59.6031 2.02298 7.15
      vertex -60.4221 2.67036 7.15
      vertex -59.6633 1.9541 7.15
    endloop
  endfacet
  facet normal -0 0 1
    outer loop
      vertex -60.5355 2.47575 7.15
      vertex -59.6633 1.9541 7.15
      vertex -60.4221 2.67036 7.15
    endloop
  endfacet
  facet normal 0 0 1
    outer loop
      vertex -59.6633 1.9541 7.15
      vertex -60.5355 2.47575 7.15
      vertex -59.7125 1.87628 7.15
    endloop
  endfacet
  facet normal -0 0 1
    outer loop
      vertex -55.6069 1.47572 7.15
      vertex -54.6545 1.42688 7.15
      vertex -54.6691 1.74431 7.15
    endloop
  endfacet
  facet normal 0 0 1
    outer loop
      vertex -55.6335 1.72234 7.15
      vertex -54.6691 1.74431 7.15
      vertex -54.7126 2.03743 7.15
    endloop
  endfacet
  facet normal 0 0 1
    outer loop
      vertex -55.6135 1.34761 7.15
      vertex -54.6545 1.42688 7.15
      vertex -55.6069 1.47572 7.15
    endloop
  endfacet
  facet normal 0 0 1
    outer loop
      vertex -55.6669 1.83124 7.15
      vertex -54.7126 2.03743 7.15
      vertex -54.7853 2.30626 7.15
    endloop
  endfacet
  facet normal 0 0 1
    outer loop
      vertex -54.6545 1.42688 7.15
      vertex -55.6135 1.34761 7.15
      vertex -54.6691 1.11066 7.15
    endloop
  endfacet
  facet normal 0 0 1
    outer loop
      vertex -55.7136 1.93053 7.15
      vertex -54.7853 2.30626 7.15
      vertex -54.887 2.55078 7.15
    endloop
  endfacet
  facet normal -0 0 1
    outer loop
      vertex -55.6335 1.2291 7.15
      vertex -54.6691 1.11066 7.15
      vertex -55.6135 1.34761 7.15
    endloop
  endfacet
  facet normal 0 0 1
    outer loop
      vertex -55.7736 2.0202 7.15
      vertex -54.887 2.55078 7.15
      vertex -55.0177 2.771 7.15
    endloop
  endfacet
  facet normal 0 0 1
    outer loop
      vertex -54.6691 1.11066 7.15
      vertex -55.6335 1.2291 7.15
      vertex -54.7129 0.821106 7.15
    endloop
  endfacet
  facet normal 0 0 1
    outer loop
      vertex -55.847 2.10027 7.15
      vertex -55.0177 2.771 7.15
      vertex -55.1775 2.9669 7.15
    endloop
  endfacet
  facet normal -0 0 1
    outer loop
      vertex -55.6669 1.12019 7.15
      vertex -54.7129 0.821106 7.15
      vertex -55.6335 1.2291 7.15
    endloop
  endfacet
  facet normal 0 0 1
    outer loop
      vertex -55.9324 2.16927 7.15
      vertex -55.1775 2.9669 7.15
      vertex -55.358 3.13536 7.15
    endloop
  endfacet
  facet normal -0 0 1
    outer loop
      vertex -55.7136 1.02089 7.15
      vertex -54.7129 0.821106 7.15
      vertex -55.6669 1.12019 7.15
    endloop
  endfacet
  facet normal 0 0 1
    outer loop
      vertex -56.0288 2.22572 7.15
      vertex -55.358 3.13536 7.15
      vertex -55.5508 3.27319 7.15
    endloop
  endfacet
  facet normal 0 0 1
    outer loop
      vertex -54.7129 0.821106 7.15
      vertex -55.7136 1.02089 7.15
      vertex -54.7858 0.558228 7.15
    endloop
  endfacet
  facet normal -0 0 1
    outer loop
      vertex -55.7736 0.931198 7.15
      vertex -54.7858 0.558228 7.15
      vertex -55.7136 1.02089 7.15
    endloop
  endfacet
  facet normal 0 0 1
    outer loop
      vertex -54.6691 1.74431 7.15
      vertex -55.6135 1.60384 7.15
      vertex -55.6069 1.47572 7.15
    endloop
  endfacet
  facet normal 0 0 1
    outer loop
      vertex -54.6691 1.74431 7.15
      vertex -55.6335 1.72234 7.15
      vertex -55.6135 1.60384 7.15
    endloop
  endfacet
  facet normal 0 0 1
    outer loop
      vertex -54.7126 2.03743 7.15
      vertex -55.6669 1.83124 7.15
      vertex -55.6335 1.72234 7.15
    endloop
  endfacet
  facet normal 0 0 1
    outer loop
      vertex -54.7853 2.30626 7.15
      vertex -55.7136 1.93053 7.15
      vertex -55.6669 1.83124 7.15
    endloop
  endfacet
  facet normal 0 0 1
    outer loop
      vertex -56.1359 2.26964 7.15
      vertex -55.5508 3.27319 7.15
      vertex -55.7559 3.3804 7.15
    endloop
  endfacet
  facet normal 0 0 1
    outer loop
      vertex -54.887 2.55078 7.15
      vertex -55.7736 2.0202 7.15
      vertex -55.7136 1.93053 7.15
    endloop
  endfacet
  facet normal 0 0 1
    outer loop
      vertex -55.0177 2.771 7.15
      vertex -55.847 2.10027 7.15
      vertex -55.7736 2.0202 7.15
    endloop
  endfacet
  facet normal 0 0 1
    outer loop
      vertex -55.1775 2.9669 7.15
      vertex -55.9324 2.16927 7.15
      vertex -55.847 2.10027 7.15
    endloop
  endfacet
  facet normal 0 0 1
    outer loop
      vertex -56.254 2.30101 7.15
      vertex -55.7559 3.3804 7.15
      vertex -55.9733 3.45699 7.15
    endloop
  endfacet
  facet normal 0 0 1
    outer loop
      vertex -55.358 3.13536 7.15
      vertex -56.0288 2.22572 7.15
      vertex -55.9324 2.16927 7.15
    endloop
  endfacet
  facet normal 0 0 1
    outer loop
      vertex -55.5508 3.27319 7.15
      vertex -56.1359 2.26964 7.15
      vertex -56.0288 2.22572 7.15
    endloop
  endfacet
  facet normal 0 0 1
    outer loop
      vertex -56.254 2.30101 7.15
      vertex -55.9733 3.45699 7.15
      vertex -56.2031 3.50293 7.15
    endloop
  endfacet
  facet normal 0 0 1
    outer loop
      vertex -55.7559 3.3804 7.15
      vertex -56.254 2.30101 7.15
      vertex -56.1359 2.26964 7.15
    endloop
  endfacet
  facet normal 0 0 1
    outer loop
      vertex -56.2031 3.50293 7.15
      vertex -56.3828 2.31982 7.15
      vertex -56.254 2.30101 7.15
    endloop
  endfacet
  facet normal 0 0 1
    outer loop
      vertex -56.4452 3.51823 7.15
      vertex -56.3828 2.31982 7.15
      vertex -56.2031 3.50293 7.15
    endloop
  endfacet
  facet normal 0 0 1
    outer loop
      vertex -56.4452 3.51823 7.15
      vertex -56.5226 2.3261 7.15
      vertex -56.3828 2.31982 7.15
    endloop
  endfacet
  facet normal -0 0 1
    outer loop
      vertex -56.6081 3.51213 7.15
      vertex -56.5226 2.3261 7.15
      vertex -56.4452 3.51823 7.15
    endloop
  endfacet
  facet normal 0 0 1
    outer loop
      vertex -56.6081 3.51213 7.15
      vertex -56.6671 2.31972 7.15
      vertex -56.5226 2.3261 7.15
    endloop
  endfacet
  facet normal -0 0 1
    outer loop
      vertex -56.7658 3.49382 7.15
      vertex -56.6671 2.31972 7.15
      vertex -56.6081 3.51213 7.15
    endloop
  endfacet
  facet normal -0 0 1
    outer loop
      vertex -56.9183 3.46332 7.15
      vertex -56.6671 2.31972 7.15
      vertex -56.7658 3.49382 7.15
    endloop
  endfacet
  facet normal 0 0 1
    outer loop
      vertex -56.6671 2.31972 7.15
      vertex -56.9183 3.46332 7.15
      vertex -56.7995 2.30055 7.15
    endloop
  endfacet
  facet normal -0 0 1
    outer loop
      vertex -57.0656 3.42059 7.15
      vertex -56.7995 2.30055 7.15
      vertex -56.9183 3.46332 7.15
    endloop
  endfacet
  facet normal -0 0 1
    outer loop
      vertex -57.2077 3.36566 7.15
      vertex -56.7995 2.30055 7.15
      vertex -57.0656 3.42059 7.15
    endloop
  endfacet
  facet normal 0 0 1
    outer loop
      vertex -56.7995 2.30055 7.15
      vertex -57.2077 3.36566 7.15
      vertex -56.9199 2.26862 7.15
    endloop
  endfacet
  facet normal -0 0 1
    outer loop
      vertex -57.3446 3.29852 7.15
      vertex -56.9199 2.26862 7.15
      vertex -57.2077 3.36566 7.15
    endloop
  endfacet
  facet normal -0 0 1
    outer loop
      vertex -57.4745 3.21928 7.15
      vertex -56.9199 2.26862 7.15
      vertex -57.3446 3.29852 7.15
    endloop
  endfacet
  facet normal 0 0 1
    outer loop
      vertex -56.9199 2.26862 7.15
      vertex -57.4745 3.21928 7.15
      vertex -57.0281 2.22391 7.15
    endloop
  endfacet
  facet normal -0 0 1
    outer loop
      vertex -57.5955 3.12808 7.15
      vertex -57.0281 2.22391 7.15
      vertex -57.4745 3.21928 7.15
    endloop
  endfacet
  facet normal -0 0 1
    outer loop
      vertex -57.7078 3.02489 7.15
      vertex -57.0281 2.22391 7.15
      vertex -57.5955 3.12808 7.15
    endloop
  endfacet
  facet normal 0 0 1
    outer loop
      vertex -57.0281 2.22391 7.15
      vertex -57.7078 3.02489 7.15
      vertex -57.1243 2.16643 7.15
    endloop
  endfacet
  facet normal -0 0 1
    outer loop
      vertex -57.8112 2.90971 7.15
      vertex -57.1243 2.16643 7.15
      vertex -57.7078 3.02489 7.15
    endloop
  endfacet
  facet normal -0 0 1
    outer loop
      vertex -57.9059 2.78258 7.15
      vertex -57.1243 2.16643 7.15
      vertex -57.8112 2.90971 7.15
    endloop
  endfacet
  facet normal 0 0 1
    outer loop
      vertex -57.1243 2.16643 7.15
      vertex -57.9059 2.78258 7.15
      vertex -57.2083 2.09618 7.15
    endloop
  endfacet
  facet normal -0 0 1
    outer loop
      vertex -57.9917 2.64345 7.15
      vertex -57.2083 2.09618 7.15
      vertex -57.9059 2.78258 7.15
    endloop
  endfacet
  facet normal 0 0 1
    outer loop
      vertex -57.2083 2.09618 7.15
      vertex -57.9917 2.64345 7.15
      vertex -57.2798 2.01509 7.15
    endloop
  endfacet
  facet normal 0 0 1
    outer loop
      vertex -57.2798 2.01509 7.15
      vertex -57.9917 2.64345 7.15
      vertex -57.3383 1.92508 7.15
    endloop
  endfacet
  facet normal 0 -0 1
    outer loop
      vertex -57.8776 0.168701 7.15
      vertex -57.4424 1.47572 7.15
      vertex -57.951 0.307999 7.15
    endloop
  endfacet
  facet normal 0 0 1
    outer loop
      vertex -57.3383 1.92508 7.15
      vertex -57.9917 2.64345 7.15
      vertex -57.3839 1.82614 7.15
    endloop
  endfacet
  facet normal 0 0 1
    outer loop
      vertex -57.4424 1.47572 7.15
      vertex -57.5911 -0.179337 7.15
      vertex -57.4734 -0.272079 7.15
    endloop
  endfacet
  facet normal 0 0 1
    outer loop
      vertex -58.335 1.58925 7.15
      vertex -57.3839 1.82614 7.15
      vertex -57.9917 2.64345 7.15
    endloop
  endfacet
  facet normal 0 0 1
    outer loop
      vertex -57.4424 1.47572 7.15
      vertex -57.6977 -0.0749664 7.15
      vertex -57.5911 -0.179337 7.15
    endloop
  endfacet
  facet normal 0 0 1
    outer loop
      vertex -58.335 1.58925 7.15
      vertex -57.4164 1.71826 7.15
      vertex -57.3839 1.82614 7.15
    endloop
  endfacet
  facet normal 0 0 1
    outer loop
      vertex -57.4424 1.47572 7.15
      vertex -57.7932 0.0410461 7.15
      vertex -57.6977 -0.0749664 7.15
    endloop
  endfacet
  facet normal 0 0 1
    outer loop
      vertex -58.335 1.58925 7.15
      vertex -57.4359 1.60146 7.15
      vertex -57.4164 1.71826 7.15
    endloop
  endfacet
  facet normal 0 0 1
    outer loop
      vertex -57.4424 1.47572 7.15
      vertex -57.8776 0.168701 7.15
      vertex -57.7932 0.0410461 7.15
    endloop
  endfacet
  facet normal -0 0 1
    outer loop
      vertex -58.335 1.58925 7.15
      vertex -57.4424 1.47572 7.15
      vertex -57.4359 1.60146 7.15
    endloop
  endfacet
  facet normal 0 0 1
    outer loop
      vertex -58.335 1.36337 7.15
      vertex -57.4424 1.47572 7.15
      vertex -58.3294 1.47572 7.15
    endloop
  endfacet
  facet normal 0 0 1
    outer loop
      vertex -58.335 1.58925 7.15
      vertex -57.9917 2.64345 7.15
      vertex -58.0754 2.77756 7.15
    endloop
  endfacet
  facet normal 0 0 1
    outer loop
      vertex -58.352 1.25963 7.15
      vertex -57.4424 1.47572 7.15
      vertex -58.335 1.36337 7.15
    endloop
  endfacet
  facet normal 0 0 1
    outer loop
      vertex -58.335 1.58925 7.15
      vertex -58.0754 2.77756 7.15
      vertex -58.1641 2.89505 7.15
    endloop
  endfacet
  facet normal 0 0 1
    outer loop
      vertex -58.3802 1.16446 7.15
      vertex -57.4424 1.47572 7.15
      vertex -58.352 1.25963 7.15
    endloop
  endfacet
  facet normal 0 0 1
    outer loop
      vertex -58.7651 2.16792 7.15
      vertex -58.1641 2.89505 7.15
      vertex -58.2576 2.99593 7.15
    endloop
  endfacet
  facet normal 0 0 1
    outer loop
      vertex -57.4424 1.47572 7.15
      vertex -58.3802 1.16446 7.15
      vertex -57.951 0.307999 7.15
    endloop
  endfacet
  facet normal -0 0 1
    outer loop
      vertex -58.4197 1.07788 7.15
      vertex -57.951 0.307999 7.15
      vertex -58.3802 1.16446 7.15
    endloop
  endfacet
  facet normal -0 0 1
    outer loop
      vertex -58.4705 0.999893 7.15
      vertex -57.951 0.307999 7.15
      vertex -58.4197 1.07788 7.15
    endloop
  endfacet
  facet normal -0 0 1
    outer loop
      vertex -58.5326 0.930496 7.15
      vertex -57.951 0.307999 7.15
      vertex -58.4705 0.999893 7.15
    endloop
  endfacet
  facet normal -0 0 1
    outer loop
      vertex -58.6035 0.869598 7.15
      vertex -57.951 0.307999 7.15
      vertex -58.5326 0.930496 7.15
    endloop
  endfacet
  facet normal 0 0 1
    outer loop
      vertex -57.951 0.307999 7.15
      vertex -58.6035 0.869598 7.15
      vertex -58.0472 0.173904 7.15
    endloop
  endfacet
  facet normal -0 0 1
    outer loop
      vertex -58.6811 0.819763 7.15
      vertex -58.0472 0.173904 7.15
      vertex -58.6035 0.869598 7.15
    endloop
  endfacet
  facet normal 0 0 1
    outer loop
      vertex -58.0472 0.173904 7.15
      vertex -58.6811 0.819763 7.15
      vertex -58.146 0.056427 7.15
    endloop
  endfacet
  facet normal -0 0 1
    outer loop
      vertex -58.7651 0.781006 7.15
      vertex -58.146 0.056427 7.15
      vertex -58.6811 0.819763 7.15
    endloop
  endfacet
  facet normal 0 0 1
    outer loop
      vertex -58.146 0.056427 7.15
      vertex -58.7651 0.781006 7.15
      vertex -58.2474 -0.0444183 7.15
    endloop
  endfacet
  facet normal 0 0 1
    outer loop
      vertex -58.2474 -0.0444183 7.15
      vertex -58.7651 0.781006 7.15
      vertex -58.3514 -0.128677 7.15
    endloop
  endfacet
  facet normal -0 0 1
    outer loop
      vertex -58.8558 0.753326 7.15
      vertex -58.3514 -0.128677 7.15
      vertex -58.7651 0.781006 7.15
    endloop
  endfacet
  facet normal 0 0 1
    outer loop
      vertex -58.3514 -0.128677 7.15
      vertex -58.8558 0.753326 7.15
      vertex -58.458 -0.19632 7.15
    endloop
  endfacet
  facet normal 0 0 1
    outer loop
      vertex -58.458 -0.19632 7.15
      vertex -58.8558 0.753326 7.15
      vertex -58.5672 -0.247345 7.15
    endloop
  endfacet
  facet normal 0 0 1
    outer loop
      vertex -58.5672 -0.247345 7.15
      vertex -58.8558 0.753326 7.15
      vertex -58.6765 -0.286499 7.15
    endloop
  endfacet
  facet normal -0 0 1
    outer loop
      vertex -58.9529 0.736725 7.15
      vertex -58.6765 -0.286499 7.15
      vertex -58.8558 0.753326 7.15
    endloop
  endfacet
  facet normal 0 0 1
    outer loop
      vertex -58.6765 -0.286499 7.15
      vertex -58.9529 0.736725 7.15
      vertex -58.7834 -0.318542 7.15
    endloop
  endfacet
  facet normal 0 0 1
    outer loop
      vertex -58.7834 -0.318542 7.15
      vertex -58.9529 0.736725 7.15
      vertex -58.888 -0.34346 7.15
    endloop
  endfacet
  facet normal -0 0 1
    outer loop
      vertex -59.0567 0.731186 7.15
      vertex -58.888 -0.34346 7.15
      vertex -58.9529 0.736725 7.15
    endloop
  endfacet
  facet normal 0 0 1
    outer loop
      vertex -58.888 -0.34346 7.15
      vertex -59.0567 0.731186 7.15
      vertex -58.9902 -0.361267 7.15
    endloop
  endfacet
  facet normal 0 0 1
    outer loop
      vertex -59.0567 0.731186 7.15
      vertex -59.09 -0.371948 7.15
      vertex -58.9902 -0.361267 7.15
    endloop
  endfacet
  facet normal 0 0 1
    outer loop
      vertex -59.1689 0.736664 7.15
      vertex -59.09 -0.371948 7.15
      vertex -59.0567 0.731186 7.15
    endloop
  endfacet
  facet normal 0 0 1
    outer loop
      vertex -59.1689 0.736664 7.15
      vertex -59.1875 -0.375504 7.15
      vertex -59.09 -0.371948 7.15
    endloop
  endfacet
  facet normal 0 0 1
    outer loop
      vertex -59.3964 -0.362061 7.15
      vertex -59.1689 0.736664 7.15
      vertex -59.2726 0.753098 7.15
    endloop
  endfacet
  facet normal 0 0 1
    outer loop
      vertex -59.5948 -0.321716 7.15
      vertex -59.2726 0.753098 7.15
      vertex -59.368 0.780502 7.15
    endloop
  endfacet
  facet normal 0 0 1
    outer loop
      vertex -59.1689 0.736664 7.15
      vertex -59.3964 -0.362061 7.15
      vertex -59.1875 -0.375504 7.15
    endloop
  endfacet
  facet normal 0 0 1
    outer loop
      vertex -59.9602 -0.160324 7.15
      vertex -59.368 0.780502 7.15
      vertex -59.4548 0.818863 7.15
    endloop
  endfacet
  facet normal 0 0 1
    outer loop
      vertex -60.1271 -0.0392914 7.15
      vertex -59.4548 0.818863 7.15
      vertex -59.5332 0.868179 7.15
    endloop
  endfacet
  facet normal 0 0 1
    outer loop
      vertex -59.2726 0.753098 7.15
      vertex -59.5948 -0.321716 7.15
      vertex -59.3964 -0.362061 7.15
    endloop
  endfacet
  facet normal 0 0 1
    outer loop
      vertex -60.2835 0.108627 7.15
      vertex -59.5332 0.868179 7.15
      vertex -59.6031 0.928467 7.15
    endloop
  endfacet
  facet normal 0 0 1
    outer loop
      vertex -60.4221 0.281097 7.15
      vertex -59.6031 0.928467 7.15
      vertex -59.6633 0.998474 7.15
    endloop
  endfacet
  facet normal 0 0 1
    outer loop
      vertex -60.5355 0.475723 7.15
      vertex -59.6633 0.998474 7.15
      vertex -59.7125 1.07698 7.15
    endloop
  endfacet
  facet normal 0 0 1
    outer loop
      vertex -60.6237 0.69249 7.15
      vertex -59.7125 1.07698 7.15
      vertex -59.7509 1.16394 7.15
    endloop
  endfacet
  facet normal 0 0 1
    outer loop
      vertex -60.6867 0.931427 7.15
      vertex -59.7509 1.16394 7.15
      vertex -59.7782 1.2594 7.15
    endloop
  endfacet
  facet normal 0 0 1
    outer loop
      vertex -59.368 0.780502 7.15
      vertex -59.7828 -0.254471 7.15
      vertex -59.5948 -0.321716 7.15
    endloop
  endfacet
  facet normal 0 0 1
    outer loop
      vertex -60.7245 1.19249 7.15
      vertex -59.7782 1.2594 7.15
      vertex -59.7946 1.36331 7.15
    endloop
  endfacet
  facet normal -0 0 1
    outer loop
      vertex -60.7371 1.47572 7.15
      vertex -59.7946 1.36331 7.15
      vertex -59.8001 1.47572 7.15
    endloop
  endfacet
  facet normal -0 0 1
    outer loop
      vertex -60.6237 2.25897 7.15
      vertex -59.7125 1.87628 7.15
      vertex -60.5355 2.47575 7.15
    endloop
  endfacet
  facet normal 0 0 1
    outer loop
      vertex -59.7946 1.36331 7.15
      vertex -60.7371 1.47572 7.15
      vertex -60.7245 1.19249 7.15
    endloop
  endfacet
  facet normal 0 0 1
    outer loop
      vertex -59.7125 1.87628 7.15
      vertex -60.6237 2.25897 7.15
      vertex -59.7509 1.78954 7.15
    endloop
  endfacet
  facet normal 0 0 1
    outer loop
      vertex -59.7782 1.2594 7.15
      vertex -60.7245 1.19249 7.15
      vertex -60.6867 0.931427 7.15
    endloop
  endfacet
  facet normal -0 0 1
    outer loop
      vertex -60.6867 2.02005 7.15
      vertex -59.7509 1.78954 7.15
      vertex -60.6237 2.25897 7.15
    endloop
  endfacet
  facet normal 0 0 1
    outer loop
      vertex -59.7509 1.16394 7.15
      vertex -60.6867 0.931427 7.15
      vertex -60.6237 0.69249 7.15
    endloop
  endfacet
  facet normal 0 0 1
    outer loop
      vertex -59.7509 1.78954 7.15
      vertex -60.6867 2.02005 7.15
      vertex -59.7782 1.69386 7.15
    endloop
  endfacet
  facet normal 0 0 1
    outer loop
      vertex -59.7125 1.07698 7.15
      vertex -60.6237 0.69249 7.15
      vertex -60.5355 0.475723 7.15
    endloop
  endfacet
  facet normal -0 0 1
    outer loop
      vertex -60.7245 1.75896 7.15
      vertex -59.7782 1.69386 7.15
      vertex -60.6867 2.02005 7.15
    endloop
  endfacet
  facet normal 0 0 1
    outer loop
      vertex -59.368 0.780502 7.15
      vertex -59.9602 -0.160324 7.15
      vertex -59.7828 -0.254471 7.15
    endloop
  endfacet
  facet normal 0 0 1
    outer loop
      vertex -59.7782 1.69386 7.15
      vertex -60.7245 1.75896 7.15
      vertex -59.7946 1.58925 7.15
    endloop
  endfacet
  facet normal 0 0 1
    outer loop
      vertex -59.4548 0.818863 7.15
      vertex -60.1271 -0.0392914 7.15
      vertex -59.9602 -0.160324 7.15
    endloop
  endfacet
  facet normal 0 0 1
    outer loop
      vertex -60.7371 1.47572 7.15
      vertex -59.7946 1.58925 7.15
      vertex -60.7245 1.75896 7.15
    endloop
  endfacet
  facet normal 0 0 1
    outer loop
      vertex -59.7946 1.58925 7.15
      vertex -60.7371 1.47572 7.15
      vertex -59.8001 1.47572 7.15
    endloop
  endfacet
  facet normal 0 0 1
    outer loop
      vertex -59.5332 0.868179 7.15
      vertex -60.2835 0.108627 7.15
      vertex -60.1271 -0.0392914 7.15
    endloop
  endfacet
  facet normal 0 0 1
    outer loop
      vertex -59.6633 0.998474 7.15
      vertex -60.5355 0.475723 7.15
      vertex -60.4221 0.281097 7.15
    endloop
  endfacet
  facet normal 0 0 1
    outer loop
      vertex -59.6031 0.928467 7.15
      vertex -60.4221 0.281097 7.15
      vertex -60.2835 0.108627 7.15
    endloop
  endfacet
  facet normal 0 0 1
    outer loop
      vertex -54.7858 0.558228 7.15
      vertex -55.7736 0.931198 7.15
      vertex -54.8879 0.322021 7.15
    endloop
  endfacet
  facet normal -0 0 1
    outer loop
      vertex -55.847 0.85112 7.15
      vertex -54.8879 0.322021 7.15
      vertex -55.7736 0.931198 7.15
    endloop
  endfacet
  facet normal 0 0 1
    outer loop
      vertex -54.8879 0.322021 7.15
      vertex -55.847 0.85112 7.15
      vertex -55.0191 0.112503 7.15
    endloop
  endfacet
  facet normal 0 0 1
    outer loop
      vertex -55.0191 0.112503 7.15
      vertex -55.847 0.85112 7.15
      vertex -55.1795 -0.070343 7.15
    endloop
  endfacet
  facet normal -0 0 1
    outer loop
      vertex -55.9324 0.782135 7.15
      vertex -55.1795 -0.070343 7.15
      vertex -55.847 0.85112 7.15
    endloop
  endfacet
  facet normal 0 0 1
    outer loop
      vertex -55.1795 -0.070343 7.15
      vertex -55.9324 0.782135 7.15
      vertex -55.3594 -0.225754 7.15
    endloop
  endfacet
  facet normal -0 0 1
    outer loop
      vertex -56.0288 0.725693 7.15
      vertex -55.3594 -0.225754 7.15
      vertex -55.9324 0.782135 7.15
    endloop
  endfacet
  facet normal 0 0 1
    outer loop
      vertex -55.3594 -0.225754 7.15
      vertex -56.0288 0.725693 7.15
      vertex -55.5517 -0.352905 7.15
    endloop
  endfacet
  facet normal -0 0 1
    outer loop
      vertex -56.1359 0.681793 7.15
      vertex -55.5517 -0.352905 7.15
      vertex -56.0288 0.725693 7.15
    endloop
  endfacet
  facet normal 0 0 1
    outer loop
      vertex -55.5517 -0.352905 7.15
      vertex -56.1359 0.681793 7.15
      vertex -55.7564 -0.451813 7.15
    endloop
  endfacet
  facet normal -0 0 1
    outer loop
      vertex -56.254 0.650421 7.15
      vertex -55.7564 -0.451813 7.15
      vertex -56.1359 0.681793 7.15
    endloop
  endfacet
  facet normal 0 0 1
    outer loop
      vertex -55.7564 -0.451813 7.15
      vertex -56.254 0.650421 7.15
      vertex -55.9736 -0.522446 7.15
    endloop
  endfacet
  facet normal 0 0 1
    outer loop
      vertex -55.9736 -0.522446 7.15
      vertex -56.254 0.650421 7.15
      vertex -56.2032 -0.564835 7.15
    endloop
  endfacet
  facet normal -0 0 1
    outer loop
      vertex -56.3828 0.631607 7.15
      vertex -56.2032 -0.564835 7.15
      vertex -56.254 0.650421 7.15
    endloop
  endfacet
  facet normal 0 0 1
    outer loop
      vertex -56.3828 0.631607 7.15
      vertex -56.4452 -0.578964 7.15
      vertex -56.2032 -0.564835 7.15
    endloop
  endfacet
  facet normal -0 0 1
    outer loop
      vertex -56.5226 0.625336 7.15
      vertex -56.4452 -0.578964 7.15
      vertex -56.3828 0.631607 7.15
    endloop
  endfacet
  facet normal 0 0 1
    outer loop
      vertex -56.5226 0.625336 7.15
      vertex -56.6081 -0.572693 7.15
      vertex -56.4452 -0.578964 7.15
    endloop
  endfacet
  facet normal 0 0 1
    outer loop
      vertex -56.6671 0.631729 7.15
      vertex -56.6081 -0.572693 7.15
      vertex -56.5226 0.625336 7.15
    endloop
  endfacet
  facet normal 0 0 1
    outer loop
      vertex -56.6671 0.631729 7.15
      vertex -56.7658 -0.553879 7.15
      vertex -56.6081 -0.572693 7.15
    endloop
  endfacet
  facet normal 0 0 1
    outer loop
      vertex -56.9183 -0.522522 7.15
      vertex -56.6671 0.631729 7.15
      vertex -56.7995 0.650879 7.15
    endloop
  endfacet
  facet normal 0 0 1
    outer loop
      vertex -56.6671 0.631729 7.15
      vertex -56.9183 -0.522522 7.15
      vertex -56.7658 -0.553879 7.15
    endloop
  endfacet
  facet normal 0 0 1
    outer loop
      vertex -57.2077 -0.422165 7.15
      vertex -56.7995 0.650879 7.15
      vertex -56.9199 0.6828 7.15
    endloop
  endfacet
  facet normal 0 0 1
    outer loop
      vertex -57.4734 -0.272079 7.15
      vertex -56.9199 0.6828 7.15
      vertex -57.0281 0.727509 7.15
    endloop
  endfacet
  facet normal 0 0 1
    outer loop
      vertex -56.7995 0.650879 7.15
      vertex -57.0656 -0.478622 7.15
      vertex -56.9183 -0.522522 7.15
    endloop
  endfacet
  facet normal 0 0 1
    outer loop
      vertex -57.4734 -0.272079 7.15
      vertex -57.0281 0.727509 7.15
      vertex -57.1243 0.784973 7.15
    endloop
  endfacet
  facet normal 0 0 1
    outer loop
      vertex -56.7995 0.650879 7.15
      vertex -57.2077 -0.422165 7.15
      vertex -57.0656 -0.478622 7.15
    endloop
  endfacet
  facet normal 0 0 1
    outer loop
      vertex -57.4734 -0.272079 7.15
      vertex -57.1243 0.784973 7.15
      vertex -57.2083 0.855194 7.15
    endloop
  endfacet
  facet normal 0 0 1
    outer loop
      vertex -57.4734 -0.272079 7.15
      vertex -57.2083 0.855194 7.15
      vertex -57.2798 0.93631 7.15
    endloop
  endfacet
  facet normal 0 0 1
    outer loop
      vertex -57.4734 -0.272079 7.15
      vertex -57.2798 0.93631 7.15
      vertex -57.3383 1.02634 7.15
    endloop
  endfacet
  facet normal 0 0 1
    outer loop
      vertex -56.9199 0.6828 7.15
      vertex -57.3446 -0.35318 7.15
      vertex -57.2077 -0.422165 7.15
    endloop
  endfacet
  facet normal 0 0 1
    outer loop
      vertex -57.4734 -0.272079 7.15
      vertex -57.3383 1.02634 7.15
      vertex -57.3839 1.12529 7.15
    endloop
  endfacet
  facet normal 0 0 1
    outer loop
      vertex -57.4734 -0.272079 7.15
      vertex -57.3839 1.12529 7.15
      vertex -57.4164 1.23317 7.15
    endloop
  endfacet
  facet normal 0 0 1
    outer loop
      vertex -57.4734 -0.272079 7.15
      vertex -57.4164 1.23317 7.15
      vertex -57.4359 1.34999 7.15
    endloop
  endfacet
  facet normal 0 0 1
    outer loop
      vertex -56.9199 0.6828 7.15
      vertex -57.4734 -0.272079 7.15
      vertex -57.3446 -0.35318 7.15
    endloop
  endfacet
  facet normal 0 0 1
    outer loop
      vertex -57.4734 -0.272079 7.15
      vertex -57.4359 1.34999 7.15
      vertex -57.4424 1.47572 7.15
    endloop
  endfacet
  facet normal -1 0 0
    outer loop
      vertex -60.9867 -1.19214 6.15
      vertex -60.9867 -0.227814 7.15
      vertex -60.9867 -0.227814 6.15
    endloop
  endfacet
  facet normal -1 -0 0
    outer loop
      vertex -60.9867 -0.227814 7.15
      vertex -60.9867 -1.19214 6.15
      vertex -60.9867 -1.19214 7.15
    endloop
  endfacet
  facet normal -0.351958 -0.936016 0
    outer loop
      vertex -60.9867 -1.19214 6.15
      vertex -54.8081 -3.5154 7.15
      vertex -60.9867 -1.19214 7.15
    endloop
  endfacet
  facet normal -0.351958 -0.936016 -0
    outer loop
      vertex -54.8081 -3.5154 7.15
      vertex -60.9867 -1.19214 6.15
      vertex -54.8081 -3.5154 6.15
    endloop
  endfacet
  facet normal 1 -0 0
    outer loop
      vertex -54.8081 -3.5154 7.15
      vertex -54.8081 -2.55923 6.15
      vertex -54.8081 -2.55923 7.15
    endloop
  endfacet
  facet normal 1 0 0
    outer loop
      vertex -54.8081 -2.55923 6.15
      vertex -54.8081 -3.5154 7.15
      vertex -54.8081 -3.5154 6.15
    endloop
  endfacet
  facet normal 0.35304 0.935608 -0
    outer loop
      vertex -54.8081 -2.55923 6.15
      vertex -60.9867 -0.227814 7.15
      vertex -54.8081 -2.55923 7.15
    endloop
  endfacet
  facet normal 0.35304 0.935608 0
    outer loop
      vertex -60.9867 -0.227814 7.15
      vertex -54.8081 -2.55923 6.15
      vertex -60.9867 -0.227814 6.15
    endloop
  endfacet
  facet normal -1 0 0
    outer loop
      vertex -60.8062 5.94882 6.15
      vertex -60.8062 7.05954 7.15
      vertex -60.8062 7.05954 6.15
    endloop
  endfacet
  facet normal -1 -0 0
    outer loop
      vertex -60.8062 7.05954 7.15
      vertex -60.8062 5.94882 6.15
      vertex -60.8062 5.94882 7.15
    endloop
  endfacet
  facet normal 0.0753092 -0.99716 0
    outer loop
      vertex -60.8062 5.94882 6.15
      vertex -58.3283 6.13596 7.15
      vertex -60.8062 5.94882 7.15
    endloop
  endfacet
  facet normal 0.0753092 -0.99716 0
    outer loop
      vertex -58.3283 6.13596 7.15
      vertex -60.8062 5.94882 6.15
      vertex -58.3283 6.13596 6.15
    endloop
  endfacet
  facet normal 1 -0 0
    outer loop
      vertex -58.3283 6.13596 7.15
      vertex -58.3283 6.86832 6.15
      vertex -58.3283 6.86832 7.15
    endloop
  endfacet
  facet normal 1 0 0
    outer loop
      vertex -58.3283 6.86832 6.15
      vertex -58.3283 6.13596 7.15
      vertex -58.3283 6.13596 6.15
    endloop
  endfacet
  facet normal 0.0769414 0.997036 -0
    outer loop
      vertex -58.3283 6.86832 6.15
      vertex -60.8062 7.05954 7.15
      vertex -58.3283 6.86832 7.15
    endloop
  endfacet
  facet normal 0.0769414 0.997036 0
    outer loop
      vertex -60.8062 7.05954 7.15
      vertex -58.3283 6.86832 6.15
      vertex -60.8062 7.05954 6.15
    endloop
  endfacet
  facet normal -1 0 0
    outer loop
      vertex -60.8062 4.40675 6.15
      vertex -60.8062 5.51753 7.15
      vertex -60.8062 5.51753 6.15
    endloop
  endfacet
  facet normal -1 -0 0
    outer loop
      vertex -60.8062 5.51753 7.15
      vertex -60.8062 4.40675 6.15
      vertex -60.8062 4.40675 7.15
    endloop
  endfacet
  facet normal 0.0736763 -0.997282 0
    outer loop
      vertex -60.8062 4.40675 6.15
      vertex -58.3283 4.58981 7.15
      vertex -60.8062 4.40675 7.15
    endloop
  endfacet
  facet normal 0.0736763 -0.997282 0
    outer loop
      vertex -58.3283 4.58981 7.15
      vertex -60.8062 4.40675 6.15
      vertex -58.3283 4.58981 6.15
    endloop
  endfacet
  facet normal 1 -0 0
    outer loop
      vertex -58.3283 4.58981 7.15
      vertex -58.3283 5.32224 6.15
      vertex -58.3283 5.32224 7.15
    endloop
  endfacet
  facet normal 1 0 0
    outer loop
      vertex -58.3283 5.32224 6.15
      vertex -58.3283 4.58981 7.15
      vertex -58.3283 4.58981 6.15
    endloop
  endfacet
  facet normal 0.0785691 0.996909 -0
    outer loop
      vertex -58.3283 5.32224 6.15
      vertex -60.8062 5.51753 7.15
      vertex -58.3283 5.32224 7.15
    endloop
  endfacet
  facet normal 0.0785691 0.996909 0
    outer loop
      vertex -60.8062 5.51753 7.15
      vertex -58.3283 5.32224 6.15
      vertex -60.8062 5.51753 6.15
    endloop
  endfacet
  facet normal 0.987599 0.156999 0
    outer loop
      vertex -54.678 -5.01447 7.15
      vertex -54.7253 -4.71693 6.15
      vertex -54.7253 -4.71693 7.15
    endloop
  endfacet
  facet normal 0.987599 0.156999 0
    outer loop
      vertex -54.7253 -4.71693 6.15
      vertex -54.678 -5.01447 7.15
      vertex -54.678 -5.01447 6.15
    endloop
  endfacet
  facet normal 0.959905 0.280326 0
    outer loop
      vertex -54.7253 -4.71693 7.15
      vertex -54.8041 -4.4471 6.15
      vertex -54.8041 -4.4471 7.15
    endloop
  endfacet
  facet normal 0.959905 0.280326 0
    outer loop
      vertex -54.8041 -4.4471 6.15
      vertex -54.7253 -4.71693 7.15
      vertex -54.7253 -4.71693 6.15
    endloop
  endfacet
  facet normal 0.910032 0.414539 0
    outer loop
      vertex -54.8041 -4.4471 7.15
      vertex -54.9144 -4.20496 6.15
      vertex -54.9144 -4.20496 7.15
    endloop
  endfacet
  facet normal 0.910032 0.414539 0
    outer loop
      vertex -54.9144 -4.20496 6.15
      vertex -54.8041 -4.4471 7.15
      vertex -54.8041 -4.4471 6.15
    endloop
  endfacet
  facet normal 0.83396 0.551825 0
    outer loop
      vertex -54.9144 -4.20496 7.15
      vertex -55.0563 -3.99051 6.15
      vertex -55.0563 -3.99051 7.15
    endloop
  endfacet
  facet normal 0.83396 0.551825 0
    outer loop
      vertex -55.0563 -3.99051 6.15
      vertex -54.9144 -4.20496 7.15
      vertex -54.9144 -4.20496 6.15
    endloop
  endfacet
  facet normal 0.732851 0.680389 0
    outer loop
      vertex -55.0563 -3.99051 7.15
      vertex -55.2297 -3.80374 6.15
      vertex -55.2297 -3.80374 7.15
    endloop
  endfacet
  facet normal 0.732851 0.680389 0
    outer loop
      vertex -55.2297 -3.80374 6.15
      vertex -55.0563 -3.99051 7.15
      vertex -55.0563 -3.99051 6.15
    endloop
  endfacet
  facet normal 0.632327 0.774701 -0
    outer loop
      vertex -55.2297 -3.80374 6.15
      vertex -55.4239 -3.64523 7.15
      vertex -55.2297 -3.80374 7.15
    endloop
  endfacet
  facet normal 0.632327 0.774701 0
    outer loop
      vertex -55.4239 -3.64523 7.15
      vertex -55.2297 -3.80374 6.15
      vertex -55.4239 -3.64523 6.15
    endloop
  endfacet
  facet normal 0.536153 0.844121 -0
    outer loop
      vertex -55.4239 -3.64523 6.15
      vertex -55.6281 -3.51553 7.15
      vertex -55.4239 -3.64523 7.15
    endloop
  endfacet
  facet normal 0.536153 0.844121 0
    outer loop
      vertex -55.6281 -3.51553 7.15
      vertex -55.4239 -3.64523 6.15
      vertex -55.6281 -3.51553 6.15
    endloop
  endfacet
  facet normal 0.425842 0.904798 -0
    outer loop
      vertex -55.6281 -3.51553 6.15
      vertex -55.8424 -3.41467 7.15
      vertex -55.6281 -3.51553 7.15
    endloop
  endfacet
  facet normal 0.425842 0.904798 0
    outer loop
      vertex -55.8424 -3.41467 7.15
      vertex -55.6281 -3.51553 6.15
      vertex -55.8424 -3.41467 6.15
    endloop
  endfacet
  facet normal 0.305707 0.952126 -0
    outer loop
      vertex -55.8424 -3.41467 6.15
      vertex -56.0668 -3.34262 7.15
      vertex -55.8424 -3.41467 7.15
    endloop
  endfacet
  facet normal 0.305707 0.952126 0
    outer loop
      vertex -56.0668 -3.34262 7.15
      vertex -55.8424 -3.41467 6.15
      vertex -56.0668 -3.34262 6.15
    endloop
  endfacet
  facet normal 0.18137 0.983415 -0
    outer loop
      vertex -56.0668 -3.34262 6.15
      vertex -56.3012 -3.29939 7.15
      vertex -56.0668 -3.34262 7.15
    endloop
  endfacet
  facet normal 0.18137 0.983415 0
    outer loop
      vertex -56.3012 -3.29939 7.15
      vertex -56.0668 -3.34262 6.15
      vertex -56.3012 -3.29939 6.15
    endloop
  endfacet
  facet normal 0.0588992 0.998264 -0
    outer loop
      vertex -56.3012 -3.29939 6.15
      vertex -56.5456 -3.28497 7.15
      vertex -56.3012 -3.29939 7.15
    endloop
  endfacet
  facet normal 0.0588992 0.998264 0
    outer loop
      vertex -56.5456 -3.28497 7.15
      vertex -56.3012 -3.29939 6.15
      vertex -56.5456 -3.28497 6.15
    endloop
  endfacet
  facet normal -0.0537649 0.998554 0
    outer loop
      vertex -56.5456 -3.28497 6.15
      vertex -56.7746 -3.2973 7.15
      vertex -56.5456 -3.28497 7.15
    endloop
  endfacet
  facet normal -0.0537649 0.998554 0
    outer loop
      vertex -56.7746 -3.2973 7.15
      vertex -56.5456 -3.28497 6.15
      vertex -56.7746 -3.2973 6.15
    endloop
  endfacet
  facet normal -0.171592 0.985168 0
    outer loop
      vertex -56.7746 -3.2973 6.15
      vertex -56.9868 -3.33426 7.15
      vertex -56.7746 -3.2973 7.15
    endloop
  endfacet
  facet normal -0.171592 0.985168 0
    outer loop
      vertex -56.9868 -3.33426 7.15
      vertex -56.7746 -3.2973 6.15
      vertex -56.9868 -3.33426 6.15
    endloop
  endfacet
  facet normal -0.300524 0.953774 0
    outer loop
      vertex -56.9868 -3.33426 6.15
      vertex -57.1823 -3.39586 7.15
      vertex -56.9868 -3.33426 7.15
    endloop
  endfacet
  facet normal -0.300524 0.953774 0
    outer loop
      vertex -57.1823 -3.39586 7.15
      vertex -56.9868 -3.33426 6.15
      vertex -57.1823 -3.39586 6.15
    endloop
  endfacet
  facet normal -0.434631 0.900609 0
    outer loop
      vertex -57.1823 -3.39586 6.15
      vertex -57.361 -3.4821 7.15
      vertex -57.1823 -3.39586 7.15
    endloop
  endfacet
  facet normal -0.434631 0.900609 0
    outer loop
      vertex -57.361 -3.4821 7.15
      vertex -57.1823 -3.39586 6.15
      vertex -57.361 -3.4821 6.15
    endloop
  endfacet
  facet normal -0.564543 0.825403 0
    outer loop
      vertex -57.361 -3.4821 6.15
      vertex -57.5231 -3.59297 7.15
      vertex -57.361 -3.4821 7.15
    endloop
  endfacet
  facet normal -0.564543 0.825403 0
    outer loop
      vertex -57.5231 -3.59297 7.15
      vertex -57.361 -3.4821 6.15
      vertex -57.5231 -3.59297 6.15
    endloop
  endfacet
  facet normal -0.682094 0.731264 0
    outer loop
      vertex -57.5231 -3.59297 6.15
      vertex -57.6684 -3.7285 7.15
      vertex -57.5231 -3.59297 7.15
    endloop
  endfacet
  facet normal -0.682094 0.731264 0
    outer loop
      vertex -57.6684 -3.7285 7.15
      vertex -57.5231 -3.59297 6.15
      vertex -57.6684 -3.7285 6.15
    endloop
  endfacet
  facet normal -0.752797 0.658253 0
    outer loop
      vertex -57.7516 -3.82365 6.15
      vertex -57.6684 -3.7285 7.15
      vertex -57.6684 -3.7285 6.15
    endloop
  endfacet
  facet normal -0.752797 0.658253 0
    outer loop
      vertex -57.6684 -3.7285 7.15
      vertex -57.7516 -3.82365 6.15
      vertex -57.7516 -3.82365 7.15
    endloop
  endfacet
  facet normal -0.788653 0.614839 0
    outer loop
      vertex -57.8198 -3.91113 6.15
      vertex -57.7516 -3.82365 7.15
      vertex -57.7516 -3.82365 6.15
    endloop
  endfacet
  facet normal -0.788653 0.614839 0
    outer loop
      vertex -57.7516 -3.82365 7.15
      vertex -57.8198 -3.91113 6.15
      vertex -57.8198 -3.91113 7.15
    endloop
  endfacet
  facet normal -0.832981 0.553302 0
    outer loop
      vertex -57.8728 -3.99092 6.15
      vertex -57.8198 -3.91113 7.15
      vertex -57.8198 -3.91113 6.15
    endloop
  endfacet
  facet normal -0.832981 0.553302 0
    outer loop
      vertex -57.8198 -3.91113 7.15
      vertex -57.8728 -3.99092 6.15
      vertex -57.8728 -3.99092 7.15
    endloop
  endfacet
  facet normal -0.88569 0.464278 0
    outer loop
      vertex -57.9106 -4.06303 6.15
      vertex -57.8728 -3.99092 7.15
      vertex -57.8728 -3.99092 6.15
    endloop
  endfacet
  facet normal -0.88569 0.464278 0
    outer loop
      vertex -57.8728 -3.99092 7.15
      vertex -57.9106 -4.06303 6.15
      vertex -57.9106 -4.06303 7.15
    endloop
  endfacet
  facet normal -0.943174 0.332299 0
    outer loop
      vertex -57.9333 -4.12746 6.15
      vertex -57.9106 -4.06303 7.15
      vertex -57.9106 -4.06303 6.15
    endloop
  endfacet
  facet normal -0.943174 0.332299 0
    outer loop
      vertex -57.9106 -4.06303 7.15
      vertex -57.9333 -4.12746 6.15
      vertex -57.9333 -4.12746 7.15
    endloop
  endfacet
  facet normal -0.991145 0.132782 0
    outer loop
      vertex -57.9409 -4.18419 6.15
      vertex -57.9333 -4.12746 7.15
      vertex -57.9333 -4.12746 6.15
    endloop
  endfacet
  facet normal -0.991145 0.132782 0
    outer loop
      vertex -57.9333 -4.12746 7.15
      vertex -57.9409 -4.18419 6.15
      vertex -57.9409 -4.18419 7.15
    endloop
  endfacet
  facet normal 0.914016 0.405679 0
    outer loop
      vertex -57.9409 -4.18419 7.15
      vertex -57.972 -4.11412 6.15
      vertex -57.972 -4.11412 7.15
    endloop
  endfacet
  facet normal 0.914016 0.405679 0
    outer loop
      vertex -57.972 -4.11412 6.15
      vertex -57.9409 -4.18419 7.15
      vertex -57.9409 -4.18419 6.15
    endloop
  endfacet
  facet normal 0.87102 0.491248 0
    outer loop
      vertex -57.972 -4.11412 7.15
      vertex -58.011 -4.04497 6.15
      vertex -58.011 -4.04497 7.15
    endloop
  endfacet
  facet normal 0.87102 0.491248 0
    outer loop
      vertex -58.011 -4.04497 6.15
      vertex -57.972 -4.11412 7.15
      vertex -57.972 -4.11412 6.15
    endloop
  endfacet
  facet normal 0.824243 0.566237 0
    outer loop
      vertex -58.011 -4.04497 7.15
      vertex -58.0579 -3.9767 6.15
      vertex -58.0579 -3.9767 7.15
    endloop
  endfacet
  facet normal 0.824243 0.566237 0
    outer loop
      vertex -58.0579 -3.9767 6.15
      vertex -58.011 -4.04497 7.15
      vertex -58.011 -4.04497 6.15
    endloop
  endfacet
  facet normal 0.77511 0.631827 0
    outer loop
      vertex -58.0579 -3.9767 7.15
      vertex -58.1128 -3.90935 6.15
      vertex -58.1128 -3.90935 7.15
    endloop
  endfacet
  facet normal 0.77511 0.631827 0
    outer loop
      vertex -58.1128 -3.90935 6.15
      vertex -58.0579 -3.9767 7.15
      vertex -58.0579 -3.9767 6.15
    endloop
  endfacet
  facet normal 0.727332 0.686286 0
    outer loop
      vertex -58.1128 -3.90935 7.15
      vertex -58.1755 -3.8429 6.15
      vertex -58.1755 -3.8429 7.15
    endloop
  endfacet
  facet normal 0.727332 0.686286 0
    outer loop
      vertex -58.1755 -3.8429 6.15
      vertex -58.1128 -3.90935 7.15
      vertex -58.1128 -3.90935 6.15
    endloop
  endfacet
  facet normal 0.67995 0.733259 -0
    outer loop
      vertex -58.1755 -3.8429 6.15
      vertex -58.2462 -3.77734 7.15
      vertex -58.1755 -3.8429 7.15
    endloop
  endfacet
  facet normal 0.67995 0.733259 0
    outer loop
      vertex -58.2462 -3.77734 7.15
      vertex -58.1755 -3.8429 6.15
      vertex -58.2462 -3.77734 6.15
    endloop
  endfacet
  facet normal 0.606409 0.795153 -0
    outer loop
      vertex -58.2462 -3.77734 6.15
      vertex -58.3701 -3.68285 7.15
      vertex -58.2462 -3.77734 7.15
    endloop
  endfacet
  facet normal 0.606409 0.795153 0
    outer loop
      vertex -58.3701 -3.68285 7.15
      vertex -58.2462 -3.77734 6.15
      vertex -58.3701 -3.68285 6.15
    endloop
  endfacet
  facet normal 0.502876 0.864359 -0
    outer loop
      vertex -58.3701 -3.68285 6.15
      vertex -58.503 -3.60553 7.15
      vertex -58.3701 -3.68285 7.15
    endloop
  endfacet
  facet normal 0.502876 0.864359 0
    outer loop
      vertex -58.503 -3.60553 7.15
      vertex -58.3701 -3.68285 6.15
      vertex -58.503 -3.60553 6.15
    endloop
  endfacet
  facet normal 0.389877 0.920867 -0
    outer loop
      vertex -58.503 -3.60553 6.15
      vertex -58.645 -3.54541 7.15
      vertex -58.503 -3.60553 7.15
    endloop
  endfacet
  facet normal 0.389877 0.920867 0
    outer loop
      vertex -58.645 -3.54541 7.15
      vertex -58.503 -3.60553 6.15
      vertex -58.645 -3.54541 6.15
    endloop
  endfacet
  facet normal 0.273418 0.961895 -0
    outer loop
      vertex -58.645 -3.54541 6.15
      vertex -58.7961 -3.50246 7.15
      vertex -58.645 -3.54541 7.15
    endloop
  endfacet
  facet normal 0.273418 0.961895 0
    outer loop
      vertex -58.7961 -3.50246 7.15
      vertex -58.645 -3.54541 6.15
      vertex -58.7961 -3.50246 6.15
    endloop
  endfacet
  facet normal 0.158977 0.987282 -0
    outer loop
      vertex -58.7961 -3.50246 6.15
      vertex -58.9562 -3.47668 7.15
      vertex -58.7961 -3.50246 7.15
    endloop
  endfacet
  facet normal 0.158977 0.987282 0
    outer loop
      vertex -58.9562 -3.47668 7.15
      vertex -58.7961 -3.50246 6.15
      vertex -58.9562 -3.47668 6.15
    endloop
  endfacet
  facet normal 0.0507329 0.998712 -0
    outer loop
      vertex -58.9562 -3.47668 6.15
      vertex -59.1253 -3.46809 7.15
      vertex -58.9562 -3.47668 7.15
    endloop
  endfacet
  facet normal 0.0507329 0.998712 0
    outer loop
      vertex -59.1253 -3.46809 7.15
      vertex -58.9562 -3.47668 6.15
      vertex -59.1253 -3.46809 6.15
    endloop
  endfacet
  facet normal -0.0606806 0.998157 0
    outer loop
      vertex -59.1253 -3.46809 6.15
      vertex -59.3625 -3.48251 7.15
      vertex -59.1253 -3.46809 7.15
    endloop
  endfacet
  facet normal -0.0606806 0.998157 0
    outer loop
      vertex -59.3625 -3.48251 7.15
      vertex -59.1253 -3.46809 6.15
      vertex -59.3625 -3.48251 6.15
    endloop
  endfacet
  facet normal -0.192224 0.981351 0
    outer loop
      vertex -59.3625 -3.48251 6.15
      vertex -59.5832 -3.52574 7.15
      vertex -59.3625 -3.48251 7.15
    endloop
  endfacet
  facet normal -0.192224 0.981351 0
    outer loop
      vertex -59.5832 -3.52574 7.15
      vertex -59.3625 -3.48251 6.15
      vertex -59.5832 -3.52574 6.15
    endloop
  endfacet
  facet normal -0.333026 0.942918 0
    outer loop
      vertex -59.5832 -3.52574 6.15
      vertex -59.7872 -3.59779 7.15
      vertex -59.5832 -3.52574 7.15
    endloop
  endfacet
  facet normal -0.333026 0.942918 0
    outer loop
      vertex -59.7872 -3.59779 7.15
      vertex -59.5832 -3.52574 6.15
      vertex -59.7872 -3.59779 6.15
    endloop
  endfacet
  facet normal -0.473926 0.880565 0
    outer loop
      vertex -59.7872 -3.59779 6.15
      vertex -59.9746 -3.69865 7.15
      vertex -59.7872 -3.59779 7.15
    endloop
  endfacet
  facet normal -0.473926 0.880565 0
    outer loop
      vertex -59.9746 -3.69865 7.15
      vertex -59.7872 -3.59779 6.15
      vertex -59.9746 -3.69865 6.15
    endloop
  endfacet
  facet normal -0.604989 0.796234 0
    outer loop
      vertex -59.9746 -3.69865 6.15
      vertex -60.1453 -3.82835 7.15
      vertex -59.9746 -3.69865 7.15
    endloop
  endfacet
  facet normal -0.604989 0.796234 0
    outer loop
      vertex -60.1453 -3.82835 7.15
      vertex -59.9746 -3.69865 6.15
      vertex -60.1453 -3.82835 6.15
    endloop
  endfacet
  facet normal -0.716785 0.697295 0
    outer loop
      vertex -60.2995 -3.98686 6.15
      vertex -60.1453 -3.82835 7.15
      vertex -60.1453 -3.82835 6.15
    endloop
  endfacet
  facet normal -0.716785 0.697295 0
    outer loop
      vertex -60.1453 -3.82835 7.15
      vertex -60.2995 -3.98686 6.15
      vertex -60.2995 -3.98686 7.15
    endloop
  endfacet
  facet normal -0.805928 0.592014 0
    outer loop
      vertex -60.4332 -4.16887 6.15
      vertex -60.2995 -3.98686 7.15
      vertex -60.2995 -3.98686 6.15
    endloop
  endfacet
  facet normal -0.805928 0.592014 0
    outer loop
      vertex -60.2995 -3.98686 7.15
      vertex -60.4332 -4.16887 6.15
      vertex -60.4332 -4.16887 7.15
    endloop
  endfacet
  facet normal -0.877547 0.479491 0
    outer loop
      vertex -60.5426 -4.36909 6.15
      vertex -60.4332 -4.16887 7.15
      vertex -60.4332 -4.16887 6.15
    endloop
  endfacet
  facet normal -0.877547 0.479491 0
    outer loop
      vertex -60.4332 -4.16887 7.15
      vertex -60.5426 -4.36909 6.15
      vertex -60.5426 -4.36909 7.15
    endloop
  endfacet
  facet normal -0.931764 0.363064 0
    outer loop
      vertex -60.6277 -4.58749 6.15
      vertex -60.5426 -4.36909 7.15
      vertex -60.5426 -4.36909 6.15
    endloop
  endfacet
  facet normal -0.931764 0.363064 0
    outer loop
      vertex -60.5426 -4.36909 7.15
      vertex -60.6277 -4.58749 6.15
      vertex -60.6277 -4.58749 7.15
    endloop
  endfacet
  facet normal -0.968537 0.248868 0
    outer loop
      vertex -60.6885 -4.82411 6.15
      vertex -60.6277 -4.58749 7.15
      vertex -60.6277 -4.58749 6.15
    endloop
  endfacet
  facet normal -0.968537 0.248868 0
    outer loop
      vertex -60.6277 -4.58749 7.15
      vertex -60.6885 -4.82411 6.15
      vertex -60.6885 -4.82411 7.15
    endloop
  endfacet
  facet normal -0.98995 0.141416 0
    outer loop
      vertex -60.7249 -5.07892 6.15
      vertex -60.6885 -4.82411 7.15
      vertex -60.6885 -4.82411 6.15
    endloop
  endfacet
  facet normal -0.98995 0.141416 0
    outer loop
      vertex -60.6885 -4.82411 7.15
      vertex -60.7249 -5.07892 6.15
      vertex -60.7249 -5.07892 7.15
    endloop
  endfacet
  facet normal -0.999003 0.0446457 0
    outer loop
      vertex -60.7371 -5.35191 6.15
      vertex -60.7249 -5.07892 7.15
      vertex -60.7249 -5.07892 6.15
    endloop
  endfacet
  facet normal -0.999003 0.0446457 0
    outer loop
      vertex -60.7249 -5.07892 7.15
      vertex -60.7371 -5.35191 6.15
      vertex -60.7371 -5.35191 7.15
    endloop
  endfacet
  facet normal -0.999781 -0.0209484 0
    outer loop
      vertex -60.734 -5.49986 6.15
      vertex -60.7371 -5.35191 7.15
      vertex -60.7371 -5.35191 6.15
    endloop
  endfacet
  facet normal -0.999781 -0.0209484 0
    outer loop
      vertex -60.7371 -5.35191 7.15
      vertex -60.734 -5.49986 6.15
      vertex -60.734 -5.49986 7.15
    endloop
  endfacet
  facet normal -0.997895 -0.0648493 0
    outer loop
      vertex -60.7249 -5.63989 6.15
      vertex -60.734 -5.49986 7.15
      vertex -60.734 -5.49986 6.15
    endloop
  endfacet
  facet normal -0.997895 -0.0648493 0
    outer loop
      vertex -60.734 -5.49986 7.15
      vertex -60.7249 -5.63989 6.15
      vertex -60.7249 -5.63989 7.15
    endloop
  endfacet
  facet normal -0.993362 -0.115026 0
    outer loop
      vertex -60.7096 -5.77202 6.15
      vertex -60.7249 -5.63989 7.15
      vertex -60.7249 -5.63989 6.15
    endloop
  endfacet
  facet normal -0.993362 -0.115026 0
    outer loop
      vertex -60.7249 -5.63989 7.15
      vertex -60.7096 -5.77202 6.15
      vertex -60.7096 -5.77202 7.15
    endloop
  endfacet
  facet normal -0.985483 -0.169774 0
    outer loop
      vertex -60.6882 -5.89624 6.15
      vertex -60.7096 -5.77202 7.15
      vertex -60.7096 -5.77202 6.15
    endloop
  endfacet
  facet normal -0.985483 -0.169774 0
    outer loop
      vertex -60.7096 -5.77202 7.15
      vertex -60.6882 -5.89624 6.15
      vertex -60.6882 -5.89624 7.15
    endloop
  endfacet
  facet normal -0.973164 -0.230112 0
    outer loop
      vertex -60.6607 -6.01254 6.15
      vertex -60.6882 -5.89624 7.15
      vertex -60.6882 -5.89624 6.15
    endloop
  endfacet
  facet normal -0.973164 -0.230112 0
    outer loop
      vertex -60.6882 -5.89624 7.15
      vertex -60.6607 -6.01254 6.15
      vertex -60.6607 -6.01254 7.15
    endloop
  endfacet
  facet normal -0.955167 -0.296067 0
    outer loop
      vertex -60.6271 -6.12094 6.15
      vertex -60.6607 -6.01254 7.15
      vertex -60.6607 -6.01254 6.15
    endloop
  endfacet
  facet normal -0.955167 -0.296067 0
    outer loop
      vertex -60.6607 -6.01254 7.15
      vertex -60.6271 -6.12094 6.15
      vertex -60.6271 -6.12094 7.15
    endloop
  endfacet
  facet normal -0.932885 -0.360173 0
    outer loop
      vertex -60.5877 -6.22299 6.15
      vertex -60.6271 -6.12094 7.15
      vertex -60.6271 -6.12094 6.15
    endloop
  endfacet
  facet normal -0.932885 -0.360173 0
    outer loop
      vertex -60.6271 -6.12094 7.15
      vertex -60.5877 -6.22299 6.15
      vertex -60.5877 -6.22299 7.15
    endloop
  endfacet
  facet normal -0.908712 -0.417423 0
    outer loop
      vertex -60.543 -6.3203 6.15
      vertex -60.5877 -6.22299 7.15
      vertex -60.5877 -6.22299 6.15
    endloop
  endfacet
  facet normal -0.908712 -0.417423 0
    outer loop
      vertex -60.5877 -6.22299 7.15
      vertex -60.543 -6.3203 6.15
      vertex -60.543 -6.3203 7.15
    endloop
  endfacet
  facet normal -0.878642 -0.477481 0
    outer loop
      vertex -60.4927 -6.41286 6.15
      vertex -60.543 -6.3203 7.15
      vertex -60.543 -6.3203 6.15
    endloop
  endfacet
  facet normal -0.878642 -0.477481 0
    outer loop
      vertex -60.543 -6.3203 7.15
      vertex -60.4927 -6.41286 6.15
      vertex -60.4927 -6.41286 7.15
    endloop
  endfacet
  facet normal -0.844876 -0.534963 0
    outer loop
      vertex -60.4371 -6.50067 6.15
      vertex -60.4927 -6.41286 7.15
      vertex -60.4927 -6.41286 6.15
    endloop
  endfacet
  facet normal -0.844876 -0.534963 0
    outer loop
      vertex -60.4927 -6.41286 7.15
      vertex -60.4371 -6.50067 6.15
      vertex -60.4371 -6.50067 7.15
    endloop
  endfacet
  facet normal -0.805563 -0.592511 0
    outer loop
      vertex -60.376 -6.58374 6.15
      vertex -60.4371 -6.50067 7.15
      vertex -60.4371 -6.50067 6.15
    endloop
  endfacet
  facet normal -0.805563 -0.592511 0
    outer loop
      vertex -60.4371 -6.50067 7.15
      vertex -60.376 -6.58374 6.15
      vertex -60.376 -6.58374 7.15
    endloop
  endfacet
  facet normal -0.762367 -0.647145 0
    outer loop
      vertex -60.3095 -6.66208 6.15
      vertex -60.376 -6.58374 7.15
      vertex -60.376 -6.58374 6.15
    endloop
  endfacet
  facet normal -0.762367 -0.647145 0
    outer loop
      vertex -60.376 -6.58374 7.15
      vertex -60.3095 -6.66208 6.15
      vertex -60.3095 -6.66208 7.15
    endloop
  endfacet
  facet normal -0.699796 -0.714342 0
    outer loop
      vertex -60.3095 -6.66208 6.15
      vertex -60.2103 -6.75926 7.15
      vertex -60.3095 -6.66208 7.15
    endloop
  endfacet
  facet normal -0.699796 -0.714342 -0
    outer loop
      vertex -60.2103 -6.75926 7.15
      vertex -60.3095 -6.66208 6.15
      vertex -60.2103 -6.75926 6.15
    endloop
  endfacet
  facet normal -0.653462 -0.75696 0
    outer loop
      vertex -60.2103 -6.75926 6.15
      vertex -60.1082 -6.8474 7.15
      vertex -60.2103 -6.75926 7.15
    endloop
  endfacet
  facet normal -0.653462 -0.75696 -0
    outer loop
      vertex -60.1082 -6.8474 7.15
      vertex -60.2103 -6.75926 6.15
      vertex -60.1082 -6.8474 6.15
    endloop
  endfacet
  facet normal -0.601751 -0.798684 0
    outer loop
      vertex -60.1082 -6.8474 6.15
      vertex -60.0032 -6.92651 7.15
      vertex -60.1082 -6.8474 7.15
    endloop
  endfacet
  facet normal -0.601751 -0.798684 -0
    outer loop
      vertex -60.0032 -6.92651 7.15
      vertex -60.1082 -6.8474 6.15
      vertex -60.0032 -6.92651 6.15
    endloop
  endfacet
  facet normal -0.544278 -0.838905 0
    outer loop
      vertex -60.0032 -6.92651 6.15
      vertex -59.8952 -6.99658 7.15
      vertex -60.0032 -6.92651 7.15
    endloop
  endfacet
  facet normal -0.544278 -0.838905 -0
    outer loop
      vertex -59.8952 -6.99658 7.15
      vertex -60.0032 -6.92651 6.15
      vertex -59.8952 -6.99658 6.15
    endloop
  endfacet
  facet normal -0.482192 -0.876066 0
    outer loop
      vertex -59.8952 -6.99658 6.15
      vertex -59.7843 -7.05762 7.15
      vertex -59.8952 -6.99658 7.15
    endloop
  endfacet
  facet normal -0.482192 -0.876066 -0
    outer loop
      vertex -59.7843 -7.05762 7.15
      vertex -59.8952 -6.99658 6.15
      vertex -59.7843 -7.05762 6.15
    endloop
  endfacet
  facet normal -0.415307 -0.909681 0
    outer loop
      vertex -59.7843 -7.05762 6.15
      vertex -59.6704 -7.10962 7.15
      vertex -59.7843 -7.05762 7.15
    endloop
  endfacet
  facet normal -0.415307 -0.909681 -0
    outer loop
      vertex -59.6704 -7.10962 7.15
      vertex -59.7843 -7.05762 6.15
      vertex -59.6704 -7.10962 6.15
    endloop
  endfacet
  facet normal -0.298079 -0.954541 0
    outer loop
      vertex -59.6704 -7.10962 6.15
      vertex -59.5376 -7.15109 7.15
      vertex -59.6704 -7.10962 7.15
    endloop
  endfacet
  facet normal -0.298079 -0.954541 -0
    outer loop
      vertex -59.5376 -7.15109 7.15
      vertex -59.6704 -7.10962 6.15
      vertex -59.5376 -7.15109 6.15
    endloop
  endfacet
  facet normal -0.249971 -0.968253 0
    outer loop
      vertex -59.5376 -7.15109 6.15
      vertex -59.4023 -7.18602 7.15
      vertex -59.5376 -7.15109 7.15
    endloop
  endfacet
  facet normal -0.249971 -0.968253 -0
    outer loop
      vertex -59.4023 -7.18602 7.15
      vertex -59.5376 -7.15109 6.15
      vertex -59.4023 -7.18602 6.15
    endloop
  endfacet
  facet normal -0.201649 -0.979458 0
    outer loop
      vertex -59.4023 -7.18602 6.15
      vertex -59.2645 -7.21439 7.15
      vertex -59.4023 -7.18602 7.15
    endloop
  endfacet
  facet normal -0.201649 -0.979458 -0
    outer loop
      vertex -59.2645 -7.21439 7.15
      vertex -59.4023 -7.18602 6.15
      vertex -59.2645 -7.21439 6.15
    endloop
  endfacet
  facet normal -0.153783 -0.988105 0
    outer loop
      vertex -59.2645 -7.21439 6.15
      vertex -59.1243 -7.23621 7.15
      vertex -59.2645 -7.21439 7.15
    endloop
  endfacet
  facet normal -0.153783 -0.988105 -0
    outer loop
      vertex -59.1243 -7.23621 7.15
      vertex -59.2645 -7.21439 6.15
      vertex -59.1243 -7.23621 6.15
    endloop
  endfacet
  facet normal -0.106189 -0.994346 0
    outer loop
      vertex -59.1243 -7.23621 6.15
      vertex -58.9815 -7.25146 7.15
      vertex -59.1243 -7.23621 7.15
    endloop
  endfacet
  facet normal -0.106189 -0.994346 -0
    outer loop
      vertex -58.9815 -7.25146 7.15
      vertex -59.1243 -7.23621 6.15
      vertex -58.9815 -7.25146 6.15
    endloop
  endfacet
  facet normal -0.0598101 -0.99821 0
    outer loop
      vertex -58.9815 -7.25146 6.15
      vertex -58.8363 -7.26016 7.15
      vertex -58.9815 -7.25146 7.15
    endloop
  endfacet
  facet normal -0.0598101 -0.99821 -0
    outer loop
      vertex -58.8363 -7.26016 7.15
      vertex -58.9815 -7.25146 6.15
      vertex -58.8363 -7.26016 6.15
    endloop
  endfacet
  facet normal 1 -0 0
    outer loop
      vertex -58.8363 -7.26016 7.15
      vertex -58.8363 -6.17787 6.15
      vertex -58.8363 -6.17787 7.15
    endloop
  endfacet
  facet normal 1 0 0
    outer loop
      vertex -58.8363 -6.17787 6.15
      vertex -58.8363 -7.26016 7.15
      vertex -58.8363 -7.26016 6.15
    endloop
  endfacet
  facet normal 0.0209654 0.99978 -0
    outer loop
      vertex -58.8363 -6.17787 6.15
      vertex -58.9765 -6.17493 7.15
      vertex -58.8363 -6.17787 7.15
    endloop
  endfacet
  facet normal 0.0209654 0.99978 0
    outer loop
      vertex -58.9765 -6.17493 7.15
      vertex -58.8363 -6.17787 6.15
      vertex -58.9765 -6.17493 6.15
    endloop
  endfacet
  facet normal 0.108468 0.9941 -0
    outer loop
      vertex -58.9765 -6.17493 6.15
      vertex -59.1071 -6.16068 7.15
      vertex -58.9765 -6.17493 7.15
    endloop
  endfacet
  facet normal 0.108468 0.9941 0
    outer loop
      vertex -59.1071 -6.16068 7.15
      vertex -58.9765 -6.17493 6.15
      vertex -59.1071 -6.16068 6.15
    endloop
  endfacet
  facet normal 0.206929 0.978356 -0
    outer loop
      vertex -59.1071 -6.16068 6.15
      vertex -59.2279 -6.13513 7.15
      vertex -59.1071 -6.16068 7.15
    endloop
  endfacet
  facet normal 0.206929 0.978356 0
    outer loop
      vertex -59.2279 -6.13513 7.15
      vertex -59.1071 -6.16068 6.15
      vertex -59.2279 -6.13513 6.15
    endloop
  endfacet
  facet normal 0.314818 0.949152 -0
    outer loop
      vertex -59.2279 -6.13513 6.15
      vertex -59.339 -6.09828 7.15
      vertex -59.2279 -6.13513 7.15
    endloop
  endfacet
  facet normal 0.314818 0.949152 0
    outer loop
      vertex -59.339 -6.09828 7.15
      vertex -59.2279 -6.13513 6.15
      vertex -59.339 -6.09828 6.15
    endloop
  endfacet
  facet normal 0.428948 0.903329 -0
    outer loop
      vertex -59.339 -6.09828 6.15
      vertex -59.4404 -6.05013 7.15
      vertex -59.339 -6.09828 7.15
    endloop
  endfacet
  facet normal 0.428948 0.903329 0
    outer loop
      vertex -59.4404 -6.05013 7.15
      vertex -59.339 -6.09828 6.15
      vertex -59.4404 -6.05013 6.15
    endloop
  endfacet
  facet normal 0.544409 0.83882 -0
    outer loop
      vertex -59.4404 -6.05013 6.15
      vertex -59.532 -5.99068 7.15
      vertex -59.4404 -6.05013 7.15
    endloop
  endfacet
  facet normal 0.544409 0.83882 0
    outer loop
      vertex -59.532 -5.99068 7.15
      vertex -59.4404 -6.05013 6.15
      vertex -59.532 -5.99068 6.15
    endloop
  endfacet
  facet normal 0.65952 0.751687 -0
    outer loop
      vertex -59.532 -5.99068 6.15
      vertex -59.6116 -5.92084 7.15
      vertex -59.532 -5.99068 7.15
    endloop
  endfacet
  facet normal 0.65952 0.751687 0
    outer loop
      vertex -59.6116 -5.92084 7.15
      vertex -59.532 -5.99068 6.15
      vertex -59.6116 -5.92084 6.15
    endloop
  endfacet
  facet normal 0.783414 0.6215 0
    outer loop
      vertex -59.6116 -5.92084 7.15
      vertex -59.6767 -5.83878 6.15
      vertex -59.6767 -5.83878 7.15
    endloop
  endfacet
  facet normal 0.783414 0.6215 0
    outer loop
      vertex -59.6767 -5.83878 6.15
      vertex -59.6116 -5.92084 7.15
      vertex -59.6116 -5.92084 6.15
    endloop
  endfacet
  facet normal 0.881077 0.472973 0
    outer loop
      vertex -59.6767 -5.83878 7.15
      vertex -59.7273 -5.74452 6.15
      vertex -59.7273 -5.74452 7.15
    endloop
  endfacet
  facet normal 0.881077 0.472973 0
    outer loop
      vertex -59.7273 -5.74452 6.15
      vertex -59.6767 -5.83878 7.15
      vertex -59.6767 -5.83878 6.15
    endloop
  endfacet
  facet normal 0.946763 0.321931 0
    outer loop
      vertex -59.7273 -5.74452 7.15
      vertex -59.7635 -5.63806 6.15
      vertex -59.7635 -5.63806 7.15
    endloop
  endfacet
  facet normal 0.946763 0.321931 0
    outer loop
      vertex -59.7635 -5.63806 6.15
      vertex -59.7273 -5.74452 7.15
      vertex -59.7273 -5.74452 6.15
    endloop
  endfacet
  facet normal 0.983689 0.179877 0
    outer loop
      vertex -59.7635 -5.63806 7.15
      vertex -59.7852 -5.51939 6.15
      vertex -59.7852 -5.51939 7.15
    endloop
  endfacet
  facet normal 0.983689 0.179877 0
    outer loop
      vertex -59.7852 -5.51939 6.15
      vertex -59.7635 -5.63806 7.15
      vertex -59.7635 -5.63806 6.15
    endloop
  endfacet
  facet normal 0.99849 0.0549334 0
    outer loop
      vertex -59.7852 -5.51939 7.15
      vertex -59.7924 -5.38852 6.15
      vertex -59.7924 -5.38852 7.15
    endloop
  endfacet
  facet normal 0.99849 0.0549334 0
    outer loop
      vertex -59.7924 -5.38852 6.15
      vertex -59.7852 -5.51939 7.15
      vertex -59.7852 -5.51939 6.15
    endloop
  endfacet
  facet normal 0.998728 -0.0504232 0
    outer loop
      vertex -59.7924 -5.38852 7.15
      vertex -59.7866 -5.27364 6.15
      vertex -59.7866 -5.27364 7.15
    endloop
  endfacet
  facet normal 0.998728 -0.0504232 0
    outer loop
      vertex -59.7866 -5.27364 6.15
      vertex -59.7924 -5.38852 7.15
      vertex -59.7924 -5.38852 6.15
    endloop
  endfacet
  facet normal 0.986331 -0.164776 0
    outer loop
      vertex -59.7866 -5.27364 7.15
      vertex -59.7689 -5.16769 6.15
      vertex -59.7689 -5.16769 7.15
    endloop
  endfacet
  facet normal 0.986331 -0.164776 0
    outer loop
      vertex -59.7689 -5.16769 6.15
      vertex -59.7866 -5.27364 7.15
      vertex -59.7866 -5.27364 6.15
    endloop
  endfacet
  facet normal 0.957033 -0.28998 0
    outer loop
      vertex -59.7689 -5.16769 7.15
      vertex -59.7395 -5.07066 6.15
      vertex -59.7395 -5.07066 7.15
    endloop
  endfacet
  facet normal 0.957033 -0.28998 0
    outer loop
      vertex -59.7395 -5.07066 6.15
      vertex -59.7689 -5.16769 7.15
      vertex -59.7689 -5.16769 6.15
    endloop
  endfacet
  facet normal 0.906217 -0.422812 0
    outer loop
      vertex -59.7395 -5.07066 7.15
      vertex -59.6984 -4.98257 6.15
      vertex -59.6984 -4.98257 7.15
    endloop
  endfacet
  facet normal 0.906217 -0.422812 0
    outer loop
      vertex -59.6984 -4.98257 6.15
      vertex -59.7395 -5.07066 7.15
      vertex -59.7395 -5.07066 6.15
    endloop
  endfacet
  facet normal 0.830983 -0.556298 0
    outer loop
      vertex -59.6984 -4.98257 7.15
      vertex -59.6454 -4.9034 6.15
      vertex -59.6454 -4.9034 7.15
    endloop
  endfacet
  facet normal 0.830983 -0.556298 0
    outer loop
      vertex -59.6454 -4.9034 6.15
      vertex -59.6984 -4.98257 7.15
      vertex -59.6984 -4.98257 6.15
    endloop
  endfacet
  facet normal 0.73604 -0.676938 0
    outer loop
      vertex -59.6454 -4.9034 7.15
      vertex -59.5808 -4.83316 6.15
      vertex -59.5808 -4.83316 7.15
    endloop
  endfacet
  facet normal 0.73604 -0.676938 0
    outer loop
      vertex -59.5808 -4.83316 6.15
      vertex -59.6454 -4.9034 7.15
      vertex -59.6454 -4.9034 6.15
    endloop
  endfacet
  facet normal 0.631184 -0.775634 0
    outer loop
      vertex -59.5808 -4.83316 6.15
      vertex -59.5067 -4.77286 7.15
      vertex -59.5808 -4.83316 7.15
    endloop
  endfacet
  facet normal 0.631184 -0.775634 0
    outer loop
      vertex -59.5067 -4.77286 7.15
      vertex -59.5808 -4.83316 6.15
      vertex -59.5067 -4.77286 6.15
    endloop
  endfacet
  facet normal 0.520144 -0.854078 0
    outer loop
      vertex -59.5067 -4.77286 6.15
      vertex -59.4257 -4.72353 7.15
      vertex -59.5067 -4.77286 7.15
    endloop
  endfacet
  facet normal 0.520144 -0.854078 0
    outer loop
      vertex -59.4257 -4.72353 7.15
      vertex -59.5067 -4.77286 6.15
      vertex -59.4257 -4.72353 6.15
    endloop
  endfacet
  facet normal 0.399388 -0.916782 0
    outer loop
      vertex -59.4257 -4.72353 6.15
      vertex -59.3376 -4.68515 7.15
      vertex -59.4257 -4.72353 7.15
    endloop
  endfacet
  facet normal 0.399388 -0.916782 0
    outer loop
      vertex -59.3376 -4.68515 7.15
      vertex -59.4257 -4.72353 6.15
      vertex -59.3376 -4.68515 6.15
    endloop
  endfacet
  facet normal 0.276856 -0.960912 0
    outer loop
      vertex -59.3376 -4.68515 6.15
      vertex -59.2425 -4.65775 7.15
      vertex -59.3376 -4.68515 7.15
    endloop
  endfacet
  facet normal 0.276856 -0.960912 0
    outer loop
      vertex -59.2425 -4.65775 7.15
      vertex -59.3376 -4.68515 6.15
      vertex -59.2425 -4.65775 6.15
    endloop
  endfacet
  facet normal 0.159065 -0.987268 0
    outer loop
      vertex -59.2425 -4.65775 6.15
      vertex -59.1404 -4.6413 7.15
      vertex -59.2425 -4.65775 7.15
    endloop
  endfacet
  facet normal 0.159065 -0.987268 0
    outer loop
      vertex -59.1404 -4.6413 7.15
      vertex -59.2425 -4.65775 6.15
      vertex -59.1404 -4.6413 6.15
    endloop
  endfacet
  facet normal 0.0501659 -0.998741 0
    outer loop
      vertex -59.1404 -4.6413 6.15
      vertex -59.0313 -4.63582 7.15
      vertex -59.1404 -4.6413 7.15
    endloop
  endfacet
  facet normal 0.0501659 -0.998741 0
    outer loop
      vertex -59.0313 -4.63582 7.15
      vertex -59.1404 -4.6413 6.15
      vertex -59.0313 -4.63582 6.15
    endloop
  endfacet
  facet normal -0.0653875 -0.99786 0
    outer loop
      vertex -59.0313 -4.63582 6.15
      vertex -58.8674 -4.64656 7.15
      vertex -59.0313 -4.63582 7.15
    endloop
  endfacet
  facet normal -0.0653875 -0.99786 -0
    outer loop
      vertex -58.8674 -4.64656 7.15
      vertex -59.0313 -4.63582 6.15
      vertex -58.8674 -4.64656 6.15
    endloop
  endfacet
  facet normal -0.217503 -0.97606 0
    outer loop
      vertex -58.8674 -4.64656 6.15
      vertex -58.7229 -4.67876 7.15
      vertex -58.8674 -4.64656 7.15
    endloop
  endfacet
  facet normal -0.217503 -0.97606 -0
    outer loop
      vertex -58.7229 -4.67876 7.15
      vertex -58.8674 -4.64656 6.15
      vertex -58.7229 -4.67876 6.15
    endloop
  endfacet
  facet normal -0.394656 -0.918829 0
    outer loop
      vertex -58.7229 -4.67876 6.15
      vertex -58.5979 -4.73245 7.15
      vertex -58.7229 -4.67876 7.15
    endloop
  endfacet
  facet normal -0.394656 -0.918829 -0
    outer loop
      vertex -58.5979 -4.73245 7.15
      vertex -58.7229 -4.67876 6.15
      vertex -58.5979 -4.73245 6.15
    endloop
  endfacet
  facet normal -0.579814 -0.814749 0
    outer loop
      vertex -58.5979 -4.73245 6.15
      vertex -58.4923 -4.8076 7.15
      vertex -58.5979 -4.73245 7.15
    endloop
  endfacet
  facet normal -0.579814 -0.814749 -0
    outer loop
      vertex -58.4923 -4.8076 7.15
      vertex -58.5979 -4.73245 6.15
      vertex -58.4923 -4.8076 6.15
    endloop
  endfacet
  facet normal -0.746266 -0.665647 0
    outer loop
      vertex -58.4061 -4.90424 6.15
      vertex -58.4923 -4.8076 7.15
      vertex -58.4923 -4.8076 6.15
    endloop
  endfacet
  facet normal -0.746266 -0.665647 0
    outer loop
      vertex -58.4923 -4.8076 7.15
      vertex -58.4061 -4.90424 6.15
      vertex -58.4061 -4.90424 7.15
    endloop
  endfacet
  facet normal -0.870728 -0.491766 0
    outer loop
      vertex -58.3394 -5.02234 6.15
      vertex -58.4061 -4.90424 7.15
      vertex -58.4061 -4.90424 6.15
    endloop
  endfacet
  facet normal -0.870728 -0.491766 0
    outer loop
      vertex -58.4061 -4.90424 7.15
      vertex -58.3394 -5.02234 6.15
      vertex -58.3394 -5.02234 7.15
    endloop
  endfacet
  facet normal -0.937183 -0.348838 0
    outer loop
      vertex -58.3081 -5.10643 6.15
      vertex -58.3394 -5.02234 7.15
      vertex -58.3394 -5.02234 6.15
    endloop
  endfacet
  facet normal -0.937183 -0.348838 0
    outer loop
      vertex -58.3394 -5.02234 7.15
      vertex -58.3081 -5.10643 6.15
      vertex -58.3081 -5.10643 7.15
    endloop
  endfacet
  facet normal -0.969402 -0.245478 0
    outer loop
      vertex -58.282 -5.2095 6.15
      vertex -58.3081 -5.10643 7.15
      vertex -58.3081 -5.10643 6.15
    endloop
  endfacet
  facet normal -0.969402 -0.245478 0
    outer loop
      vertex -58.3081 -5.10643 7.15
      vertex -58.282 -5.2095 6.15
      vertex -58.282 -5.2095 7.15
    endloop
  endfacet
  facet normal -0.985658 -0.168758 0
    outer loop
      vertex -58.2611 -5.33157 6.15
      vertex -58.282 -5.2095 7.15
      vertex -58.282 -5.2095 6.15
    endloop
  endfacet
  facet normal -0.985658 -0.168758 0
    outer loop
      vertex -58.282 -5.2095 7.15
      vertex -58.2611 -5.33157 6.15
      vertex -58.2611 -5.33157 7.15
    endloop
  endfacet
  facet normal -0.993863 -0.110617 0
    outer loop
      vertex -58.2454 -5.47263 6.15
      vertex -58.2611 -5.33157 7.15
      vertex -58.2611 -5.33157 6.15
    endloop
  endfacet
  facet normal -0.993863 -0.110617 0
    outer loop
      vertex -58.2611 -5.33157 7.15
      vertex -58.2454 -5.47263 6.15
      vertex -58.2454 -5.47263 7.15
    endloop
  endfacet
  facet normal -0.997855 -0.0654638 0
    outer loop
      vertex -58.2349 -5.63268 6.15
      vertex -58.2454 -5.47263 7.15
      vertex -58.2454 -5.47263 6.15
    endloop
  endfacet
  facet normal -0.997855 -0.0654638 0
    outer loop
      vertex -58.2454 -5.47263 7.15
      vertex -58.2349 -5.63268 6.15
      vertex -58.2349 -5.63268 7.15
    endloop
  endfacet
  facet normal -0.999562 -0.0295943 0
    outer loop
      vertex -58.2296 -5.81169 6.15
      vertex -58.2349 -5.63268 7.15
      vertex -58.2349 -5.63268 6.15
    endloop
  endfacet
  facet normal -0.999562 -0.0295943 0
    outer loop
      vertex -58.2349 -5.63268 7.15
      vertex -58.2296 -5.81169 6.15
      vertex -58.2296 -5.81169 7.15
    endloop
  endfacet
  facet normal 0 -1 0
    outer loop
      vertex -58.2296 -5.81169 6.15
      vertex -57.4001 -5.81169 7.15
      vertex -58.2296 -5.81169 7.15
    endloop
  endfacet
  facet normal 0 -1 -0
    outer loop
      vertex -57.4001 -5.81169 7.15
      vertex -58.2296 -5.81169 6.15
      vertex -57.4001 -5.81169 6.15
    endloop
  endfacet
  facet normal 0.999867 -0.0163022 0
    outer loop
      vertex -57.4001 -5.81169 7.15
      vertex -57.3971 -5.62769 6.15
      vertex -57.3971 -5.62769 7.15
    endloop
  endfacet
  facet normal 0.999867 -0.0163022 0
    outer loop
      vertex -57.3971 -5.62769 6.15
      vertex -57.4001 -5.81169 7.15
      vertex -57.4001 -5.81169 6.15
    endloop
  endfacet
  facet normal 0.998483 -0.0550623 0
    outer loop
      vertex -57.3971 -5.62769 7.15
      vertex -57.3879 -5.46086 6.15
      vertex -57.3879 -5.46086 7.15
    endloop
  endfacet
  facet normal 0.998483 -0.0550623 0
    outer loop
      vertex -57.3879 -5.46086 6.15
      vertex -57.3971 -5.62769 7.15
      vertex -57.3971 -5.62769 6.15
    endloop
  endfacet
  facet normal 0.994881 -0.101057 0
    outer loop
      vertex -57.3879 -5.46086 7.15
      vertex -57.3727 -5.31122 6.15
      vertex -57.3727 -5.31122 7.15
    endloop
  endfacet
  facet normal 0.994881 -0.101057 0
    outer loop
      vertex -57.3727 -5.31122 6.15
      vertex -57.3879 -5.46086 7.15
      vertex -57.3879 -5.46086 6.15
    endloop
  endfacet
  facet normal 0.9872 -0.15949 0
    outer loop
      vertex -57.3727 -5.31122 7.15
      vertex -57.3513 -5.17876 6.15
      vertex -57.3513 -5.17876 7.15
    endloop
  endfacet
  facet normal 0.9872 -0.15949 0
    outer loop
      vertex -57.3513 -5.17876 6.15
      vertex -57.3727 -5.31122 7.15
      vertex -57.3727 -5.31122 6.15
    endloop
  endfacet
  facet normal 0.972892 -0.231259 0
    outer loop
      vertex -57.3513 -5.17876 7.15
      vertex -57.3239 -5.06349 6.15
      vertex -57.3239 -5.06349 7.15
    endloop
  endfacet
  facet normal 0.972892 -0.231259 0
    outer loop
      vertex -57.3239 -5.06349 6.15
      vertex -57.3513 -5.17876 7.15
      vertex -57.3513 -5.17876 6.15
    endloop
  endfacet
  facet normal 0.946047 -0.324028 0
    outer loop
      vertex -57.3239 -5.06349 7.15
      vertex -57.2903 -4.96539 6.15
      vertex -57.2903 -4.96539 7.15
    endloop
  endfacet
  facet normal 0.946047 -0.324028 0
    outer loop
      vertex -57.2903 -4.96539 6.15
      vertex -57.3239 -5.06349 7.15
      vertex -57.3239 -5.06349 6.15
    endloop
  endfacet
  facet normal 0.885184 -0.46524 0
    outer loop
      vertex -57.2903 -4.96539 7.15
      vertex -57.2145 -4.82117 6.15
      vertex -57.2145 -4.82117 7.15
    endloop
  endfacet
  facet normal 0.885184 -0.46524 0
    outer loop
      vertex -57.2145 -4.82117 6.15
      vertex -57.2903 -4.96539 7.15
      vertex -57.2903 -4.96539 6.15
    endloop
  endfacet
  facet normal 0.771881 -0.635767 0
    outer loop
      vertex -57.2145 -4.82117 7.15
      vertex -57.1173 -4.70316 6.15
      vertex -57.1173 -4.70316 7.15
    endloop
  endfacet
  facet normal 0.771881 -0.635767 0
    outer loop
      vertex -57.1173 -4.70316 6.15
      vertex -57.2145 -4.82117 7.15
      vertex -57.2145 -4.82117 6.15
    endloop
  endfacet
  facet normal 0.611728 -0.791068 0
    outer loop
      vertex -57.1173 -4.70316 6.15
      vertex -56.9986 -4.61137 7.15
      vertex -57.1173 -4.70316 7.15
    endloop
  endfacet
  facet normal 0.611728 -0.791068 0
    outer loop
      vertex -56.9986 -4.61137 7.15
      vertex -57.1173 -4.70316 6.15
      vertex -56.9986 -4.61137 6.15
    endloop
  endfacet
  facet normal 0.42354 -0.905878 0
    outer loop
      vertex -56.9986 -4.61137 6.15
      vertex -56.8584 -4.54582 7.15
      vertex -56.9986 -4.61137 7.15
    endloop
  endfacet
  facet normal 0.42354 -0.905878 0
    outer loop
      vertex -56.8584 -4.54582 7.15
      vertex -56.9986 -4.61137 6.15
      vertex -56.8584 -4.54582 6.15
    endloop
  endfacet
  facet normal 0.236395 -0.971657 0
    outer loop
      vertex -56.8584 -4.54582 6.15
      vertex -56.6967 -4.50648 7.15
      vertex -56.8584 -4.54582 7.15
    endloop
  endfacet
  facet normal 0.236395 -0.971657 0
    outer loop
      vertex -56.6967 -4.50648 7.15
      vertex -56.8584 -4.54582 6.15
      vertex -56.6967 -4.50648 6.15
    endloop
  endfacet
  facet normal 0.0713632 -0.99745 0
    outer loop
      vertex -56.6967 -4.50648 6.15
      vertex -56.5136 -4.49338 7.15
      vertex -56.6967 -4.50648 7.15
    endloop
  endfacet
  facet normal 0.0713632 -0.99745 0
    outer loop
      vertex -56.5136 -4.49338 7.15
      vertex -56.6967 -4.50648 6.15
      vertex -56.5136 -4.49338 6.15
    endloop
  endfacet
  facet normal -0.0501502 -0.998742 0
    outer loop
      vertex -56.5136 -4.49338 6.15
      vertex -56.373 -4.50044 7.15
      vertex -56.5136 -4.49338 7.15
    endloop
  endfacet
  facet normal -0.0501502 -0.998742 -0
    outer loop
      vertex -56.373 -4.50044 7.15
      vertex -56.5136 -4.49338 6.15
      vertex -56.373 -4.50044 6.15
    endloop
  endfacet
  facet normal -0.161799 -0.986824 0
    outer loop
      vertex -56.373 -4.50044 6.15
      vertex -56.2437 -4.52164 7.15
      vertex -56.373 -4.50044 7.15
    endloop
  endfacet
  facet normal -0.161799 -0.986824 -0
    outer loop
      vertex -56.2437 -4.52164 7.15
      vertex -56.373 -4.50044 6.15
      vertex -56.2437 -4.52164 6.15
    endloop
  endfacet
  facet normal -0.286975 -0.957938 0
    outer loop
      vertex -56.2437 -4.52164 6.15
      vertex -56.1258 -4.55696 7.15
      vertex -56.2437 -4.52164 7.15
    endloop
  endfacet
  facet normal -0.286975 -0.957938 -0
    outer loop
      vertex -56.1258 -4.55696 7.15
      vertex -56.2437 -4.52164 6.15
      vertex -56.1258 -4.55696 6.15
    endloop
  endfacet
  facet normal -0.421462 -0.906846 0
    outer loop
      vertex -56.1258 -4.55696 6.15
      vertex -56.0194 -4.60641 7.15
      vertex -56.1258 -4.55696 7.15
    endloop
  endfacet
  facet normal -0.421462 -0.906846 -0
    outer loop
      vertex -56.0194 -4.60641 7.15
      vertex -56.1258 -4.55696 6.15
      vertex -56.0194 -4.60641 6.15
    endloop
  endfacet
  facet normal -0.555849 -0.831283 0
    outer loop
      vertex -56.0194 -4.60641 6.15
      vertex -55.9243 -4.67 7.15
      vertex -56.0194 -4.60641 7.15
    endloop
  endfacet
  facet normal -0.555849 -0.831283 -0
    outer loop
      vertex -55.9243 -4.67 7.15
      vertex -56.0194 -4.60641 6.15
      vertex -55.9243 -4.67 6.15
    endloop
  endfacet
  facet normal -0.680834 -0.732438 0
    outer loop
      vertex -55.9243 -4.67 6.15
      vertex -55.8407 -4.74771 7.15
      vertex -55.9243 -4.67 7.15
    endloop
  endfacet
  facet normal -0.680834 -0.732438 -0
    outer loop
      vertex -55.8407 -4.74771 7.15
      vertex -55.9243 -4.67 6.15
      vertex -55.8407 -4.74771 6.15
    endloop
  endfacet
  facet normal -0.77325 -0.634102 0
    outer loop
      vertex -55.7692 -4.8349 6.15
      vertex -55.8407 -4.74771 7.15
      vertex -55.8407 -4.74771 6.15
    endloop
  endfacet
  facet normal -0.77325 -0.634102 0
    outer loop
      vertex -55.8407 -4.74771 7.15
      vertex -55.7692 -4.8349 6.15
      vertex -55.7692 -4.8349 7.15
    endloop
  endfacet
  facet normal -0.844424 -0.535676 0
    outer loop
      vertex -55.7108 -4.92696 6.15
      vertex -55.7692 -4.8349 7.15
      vertex -55.7692 -4.8349 6.15
    endloop
  endfacet
  facet normal -0.844424 -0.535676 0
    outer loop
      vertex -55.7692 -4.8349 7.15
      vertex -55.7108 -4.92696 6.15
      vertex -55.7108 -4.92696 7.15
    endloop
  endfacet
  facet normal -0.905178 -0.425032 0
    outer loop
      vertex -55.6653 -5.02386 6.15
      vertex -55.7108 -4.92696 7.15
      vertex -55.7108 -4.92696 6.15
    endloop
  endfacet
  facet normal -0.905178 -0.425032 0
    outer loop
      vertex -55.7108 -4.92696 7.15
      vertex -55.6653 -5.02386 6.15
      vertex -55.6653 -5.02386 7.15
    endloop
  endfacet
  facet normal -0.952613 -0.304185 0
    outer loop
      vertex -55.6328 -5.12564 6.15
      vertex -55.6653 -5.02386 7.15
      vertex -55.6653 -5.02386 6.15
    endloop
  endfacet
  facet normal -0.952613 -0.304185 0
    outer loop
      vertex -55.6653 -5.02386 7.15
      vertex -55.6328 -5.12564 6.15
      vertex -55.6328 -5.12564 7.15
    endloop
  endfacet
  facet normal -0.983686 -0.179892 0
    outer loop
      vertex -55.6133 -5.23227 6.15
      vertex -55.6328 -5.12564 7.15
      vertex -55.6328 -5.12564 6.15
    endloop
  endfacet
  facet normal -0.983686 -0.179892 0
    outer loop
      vertex -55.6328 -5.12564 7.15
      vertex -55.6133 -5.23227 6.15
      vertex -55.6133 -5.23227 7.15
    endloop
  endfacet
  facet normal -0.998356 -0.057315 0
    outer loop
      vertex -55.6069 -5.34375 6.15
      vertex -55.6133 -5.23227 7.15
      vertex -55.6133 -5.23227 6.15
    endloop
  endfacet
  facet normal -0.998356 -0.057315 0
    outer loop
      vertex -55.6133 -5.23227 7.15
      vertex -55.6069 -5.34375 6.15
      vertex -55.6069 -5.34375 7.15
    endloop
  endfacet
  facet normal -0.997766 0.0668121 0
    outer loop
      vertex -55.6187 -5.51997 6.15
      vertex -55.6069 -5.34375 7.15
      vertex -55.6069 -5.34375 6.15
    endloop
  endfacet
  facet normal -0.997766 0.0668121 0
    outer loop
      vertex -55.6069 -5.34375 7.15
      vertex -55.6187 -5.51997 6.15
      vertex -55.6187 -5.51997 7.15
    endloop
  endfacet
  facet normal -0.97524 0.221151 0
    outer loop
      vertex -55.6543 -5.67696 6.15
      vertex -55.6187 -5.51997 7.15
      vertex -55.6187 -5.51997 6.15
    endloop
  endfacet
  facet normal -0.97524 0.221151 0
    outer loop
      vertex -55.6187 -5.51997 7.15
      vertex -55.6543 -5.67696 6.15
      vertex -55.6543 -5.67696 7.15
    endloop
  endfacet
  facet normal -0.918295 0.395897 0
    outer loop
      vertex -55.7137 -5.81474 6.15
      vertex -55.6543 -5.67696 7.15
      vertex -55.6543 -5.67696 6.15
    endloop
  endfacet
  facet normal -0.918295 0.395897 0
    outer loop
      vertex -55.6543 -5.67696 7.15
      vertex -55.7137 -5.81474 6.15
      vertex -55.7137 -5.81474 7.15
    endloop
  endfacet
  facet normal -0.818881 0.573963 0
    outer loop
      vertex -55.7968 -5.9333 6.15
      vertex -55.7137 -5.81474 7.15
      vertex -55.7137 -5.81474 6.15
    endloop
  endfacet
  facet normal -0.818881 0.573963 0
    outer loop
      vertex -55.7137 -5.81474 7.15
      vertex -55.7968 -5.9333 6.15
      vertex -55.7968 -5.9333 7.15
    endloop
  endfacet
  facet normal -0.681108 0.732183 0
    outer loop
      vertex -55.7968 -5.9333 6.15
      vertex -55.9036 -6.03265 7.15
      vertex -55.7968 -5.9333 7.15
    endloop
  endfacet
  facet normal -0.681108 0.732183 0
    outer loop
      vertex -55.9036 -6.03265 7.15
      vertex -55.7968 -5.9333 6.15
      vertex -55.9036 -6.03265 6.15
    endloop
  endfacet
  facet normal -0.523256 0.852176 0
    outer loop
      vertex -55.9036 -6.03265 6.15
      vertex -56.0341 -6.11278 7.15
      vertex -55.9036 -6.03265 7.15
    endloop
  endfacet
  facet normal -0.523256 0.852176 0
    outer loop
      vertex -56.0341 -6.11278 7.15
      vertex -55.9036 -6.03265 6.15
      vertex -56.0341 -6.11278 6.15
    endloop
  endfacet
  facet normal -0.39617 0.918177 0
    outer loop
      vertex -56.0341 -6.11278 6.15
      vertex -56.1148 -6.1476 7.15
      vertex -56.0341 -6.11278 7.15
    endloop
  endfacet
  facet normal -0.39617 0.918177 0
    outer loop
      vertex -56.1148 -6.1476 7.15
      vertex -56.0341 -6.11278 6.15
      vertex -56.1148 -6.1476 6.15
    endloop
  endfacet
  facet normal -0.309406 0.95093 0
    outer loop
      vertex -56.1148 -6.1476 6.15
      vertex -56.2023 -6.17607 7.15
      vertex -56.1148 -6.1476 7.15
    endloop
  endfacet
  facet normal -0.309406 0.95093 0
    outer loop
      vertex -56.2023 -6.17607 7.15
      vertex -56.1148 -6.1476 6.15
      vertex -56.2023 -6.17607 6.15
    endloop
  endfacet
  facet normal -0.228993 0.973428 0
    outer loop
      vertex -56.2023 -6.17607 6.15
      vertex -56.2965 -6.19823 7.15
      vertex -56.2023 -6.17607 7.15
    endloop
  endfacet
  facet normal -0.228993 0.973428 0
    outer loop
      vertex -56.2965 -6.19823 7.15
      vertex -56.2023 -6.17607 6.15
      vertex -56.2965 -6.19823 6.15
    endloop
  endfacet
  facet normal -0.154597 0.987978 0
    outer loop
      vertex -56.2965 -6.19823 6.15
      vertex -56.3976 -6.21405 7.15
      vertex -56.2965 -6.19823 7.15
    endloop
  endfacet
  facet normal -0.154597 0.987978 0
    outer loop
      vertex -56.3976 -6.21405 7.15
      vertex -56.2965 -6.19823 6.15
      vertex -56.3976 -6.21405 6.15
    endloop
  endfacet
  facet normal -0.0878776 0.996131 0
    outer loop
      vertex -56.3976 -6.21405 6.15
      vertex -56.5054 -6.22356 7.15
      vertex -56.3976 -6.21405 7.15
    endloop
  endfacet
  facet normal -0.0878776 0.996131 0
    outer loop
      vertex -56.5054 -6.22356 7.15
      vertex -56.3976 -6.21405 6.15
      vertex -56.5054 -6.22356 6.15
    endloop
  endfacet
  facet normal -0.0275637 0.99962 0
    outer loop
      vertex -56.5054 -6.22356 6.15
      vertex -56.62 -6.22672 7.15
      vertex -56.5054 -6.22356 7.15
    endloop
  endfacet
  facet normal -0.0275637 0.99962 0
    outer loop
      vertex -56.62 -6.22672 7.15
      vertex -56.5054 -6.22356 6.15
      vertex -56.62 -6.22672 6.15
    endloop
  endfacet
  facet normal -1 0 0
    outer loop
      vertex -56.62 -7.36594 6.15
      vertex -56.62 -6.22672 7.15
      vertex -56.62 -6.22672 6.15
    endloop
  endfacet
  facet normal -1 -0 0
    outer loop
      vertex -56.62 -6.22672 7.15
      vertex -56.62 -7.36594 6.15
      vertex -56.62 -7.36594 7.15
    endloop
  endfacet
  facet normal 0.0695058 -0.997582 0
    outer loop
      vertex -56.62 -7.36594 6.15
      vertex -56.3928 -7.35011 7.15
      vertex -56.62 -7.36594 7.15
    endloop
  endfacet
  facet normal 0.0695058 -0.997582 0
    outer loop
      vertex -56.3928 -7.35011 7.15
      vertex -56.62 -7.36594 6.15
      vertex -56.3928 -7.35011 6.15
    endloop
  endfacet
  facet normal 0.133066 -0.991107 0
    outer loop
      vertex -56.3928 -7.35011 6.15
      vertex -56.1806 -7.32162 7.15
      vertex -56.3928 -7.35011 7.15
    endloop
  endfacet
  facet normal 0.133066 -0.991107 0
    outer loop
      vertex -56.1806 -7.32162 7.15
      vertex -56.3928 -7.35011 6.15
      vertex -56.1806 -7.32162 6.15
    endloop
  endfacet
  facet normal 0.203978 -0.978975 0
    outer loop
      vertex -56.1806 -7.32162 6.15
      vertex -55.9832 -7.28049 7.15
      vertex -56.1806 -7.32162 7.15
    endloop
  endfacet
  facet normal 0.203978 -0.978975 0
    outer loop
      vertex -55.9832 -7.28049 7.15
      vertex -56.1806 -7.32162 6.15
      vertex -55.9832 -7.28049 6.15
    endloop
  endfacet
  facet normal 0.282955 -0.959133 0
    outer loop
      vertex -55.9832 -7.28049 6.15
      vertex -55.8008 -7.22668 7.15
      vertex -55.9832 -7.28049 7.15
    endloop
  endfacet
  facet normal 0.282955 -0.959133 0
    outer loop
      vertex -55.8008 -7.22668 7.15
      vertex -55.9832 -7.28049 6.15
      vertex -55.8008 -7.22668 6.15
    endloop
  endfacet
  facet normal 0.368568 -0.929601 0
    outer loop
      vertex -55.8008 -7.22668 6.15
      vertex -55.6332 -7.16023 7.15
      vertex -55.8008 -7.22668 7.15
    endloop
  endfacet
  facet normal 0.368568 -0.929601 0
    outer loop
      vertex -55.6332 -7.16023 7.15
      vertex -55.8008 -7.22668 6.15
      vertex -55.6332 -7.16023 6.15
    endloop
  endfacet
  facet normal 0.460244 -0.887792 0
    outer loop
      vertex -55.6332 -7.16023 6.15
      vertex -55.4806 -7.08112 7.15
      vertex -55.6332 -7.16023 7.15
    endloop
  endfacet
  facet normal 0.460244 -0.887792 0
    outer loop
      vertex -55.4806 -7.08112 7.15
      vertex -55.6332 -7.16023 6.15
      vertex -55.4806 -7.08112 6.15
    endloop
  endfacet
  facet normal 0.592585 -0.805508 0
    outer loop
      vertex -55.4806 -7.08112 6.15
      vertex -55.2305 -6.89713 7.15
      vertex -55.4806 -7.08112 7.15
    endloop
  endfacet
  facet normal 0.592585 -0.805508 0
    outer loop
      vertex -55.2305 -6.89713 7.15
      vertex -55.4806 -7.08112 6.15
      vertex -55.2305 -6.89713 6.15
    endloop
  endfacet
  facet normal 0.742056 -0.670337 0
    outer loop
      vertex -55.2305 -6.89713 7.15
      vertex -55.0259 -6.67064 6.15
      vertex -55.0259 -6.67064 7.15
    endloop
  endfacet
  facet normal 0.742056 -0.670337 0
    outer loop
      vertex -55.0259 -6.67064 6.15
      vertex -55.2305 -6.89713 7.15
      vertex -55.2305 -6.89713 6.15
    endloop
  endfacet
  facet normal 0.860723 -0.509074 0
    outer loop
      vertex -55.0259 -6.67064 7.15
      vertex -54.8668 -6.40164 6.15
      vertex -54.8668 -6.40164 7.15
    endloop
  endfacet
  facet normal 0.860723 -0.509074 0
    outer loop
      vertex -54.8668 -6.40164 6.15
      vertex -55.0259 -6.67064 7.15
      vertex -55.0259 -6.67064 6.15
    endloop
  endfacet
  facet normal 0.939375 -0.342891 0
    outer loop
      vertex -54.8668 -6.40164 7.15
      vertex -54.7531 -6.09015 6.15
      vertex -54.7531 -6.09015 7.15
    endloop
  endfacet
  facet normal 0.939375 -0.342891 0
    outer loop
      vertex -54.7531 -6.09015 6.15
      vertex -54.8668 -6.40164 7.15
      vertex -54.8668 -6.40164 6.15
    endloop
  endfacet
  facet normal 0.981994 -0.188914 0
    outer loop
      vertex -54.7531 -6.09015 7.15
      vertex -54.685 -5.73616 6.15
      vertex -54.685 -5.73616 7.15
    endloop
  endfacet
  facet normal 0.981994 -0.188914 0
    outer loop
      vertex -54.685 -5.73616 6.15
      vertex -54.7531 -6.09015 7.15
      vertex -54.7531 -6.09015 6.15
    endloop
  endfacet
  facet normal 0.998351 -0.0574112 0
    outer loop
      vertex -54.685 -5.73616 7.15
      vertex -54.6622 -5.33968 6.15
      vertex -54.6622 -5.33968 7.15
    endloop
  endfacet
  facet normal 0.998351 -0.0574112 0
    outer loop
      vertex -54.6622 -5.33968 6.15
      vertex -54.685 -5.73616 7.15
      vertex -54.685 -5.73616 6.15
    endloop
  endfacet
  facet normal 0.998822 0.0485268 0
    outer loop
      vertex -54.6622 -5.33968 7.15
      vertex -54.678 -5.01447 6.15
      vertex -54.678 -5.01447 7.15
    endloop
  endfacet
  facet normal 0.998822 0.0485268 0
    outer loop
      vertex -54.678 -5.01447 6.15
      vertex -54.6622 -5.33968 7.15
      vertex -54.6622 -5.33968 6.15
    endloop
  endfacet
  facet normal 0.989167 0.146796 0
    outer loop
      vertex -54.6691 1.74431 7.15
      vertex -54.7126 2.03743 6.15
      vertex -54.7126 2.03743 7.15
    endloop
  endfacet
  facet normal 0.989167 0.146796 0
    outer loop
      vertex -54.7126 2.03743 6.15
      vertex -54.6691 1.74431 7.15
      vertex -54.6691 1.74431 6.15
    endloop
  endfacet
  facet normal 0.965324 0.261054 0
    outer loop
      vertex -54.7126 2.03743 7.15
      vertex -54.7853 2.30626 6.15
      vertex -54.7853 2.30626 7.15
    endloop
  endfacet
  facet normal 0.965324 0.261054 0
    outer loop
      vertex -54.7853 2.30626 6.15
      vertex -54.7126 2.03743 7.15
      vertex -54.7126 2.03743 6.15
    endloop
  endfacet
  facet normal 0.923323 0.384025 0
    outer loop
      vertex -54.7853 2.30626 7.15
      vertex -54.887 2.55078 6.15
      vertex -54.887 2.55078 7.15
    endloop
  endfacet
  facet normal 0.923323 0.384025 0
    outer loop
      vertex -54.887 2.55078 6.15
      vertex -54.7853 2.30626 7.15
      vertex -54.7853 2.30626 6.15
    endloop
  endfacet
  facet normal 0.85995 0.510378 0
    outer loop
      vertex -54.887 2.55078 7.15
      vertex -55.0177 2.771 6.15
      vertex -55.0177 2.771 7.15
    endloop
  endfacet
  facet normal 0.85995 0.510378 0
    outer loop
      vertex -55.0177 2.771 6.15
      vertex -54.887 2.55078 7.15
      vertex -54.887 2.55078 6.15
    endloop
  endfacet
  facet normal 0.774891 0.632095 0
    outer loop
      vertex -55.0177 2.771 7.15
      vertex -55.1775 2.9669 6.15
      vertex -55.1775 2.9669 7.15
    endloop
  endfacet
  facet normal 0.774891 0.632095 0
    outer loop
      vertex -55.1775 2.9669 6.15
      vertex -55.0177 2.771 7.15
      vertex -55.0177 2.771 6.15
    endloop
  endfacet
  facet normal 0.682304 0.731069 -0
    outer loop
      vertex -55.1775 2.9669 6.15
      vertex -55.358 3.13536 7.15
      vertex -55.1775 2.9669 7.15
    endloop
  endfacet
  facet normal 0.682304 0.731069 0
    outer loop
      vertex -55.358 3.13536 7.15
      vertex -55.1775 2.9669 6.15
      vertex -55.358 3.13536 6.15
    endloop
  endfacet
  facet normal 0.581561 0.813502 -0
    outer loop
      vertex -55.358 3.13536 6.15
      vertex -55.5508 3.27319 7.15
      vertex -55.358 3.13536 7.15
    endloop
  endfacet
  facet normal 0.581561 0.813502 0
    outer loop
      vertex -55.5508 3.27319 7.15
      vertex -55.358 3.13536 6.15
      vertex -55.5508 3.27319 6.15
    endloop
  endfacet
  facet normal 0.46325 0.886228 -0
    outer loop
      vertex -55.5508 3.27319 6.15
      vertex -55.7559 3.3804 7.15
      vertex -55.5508 3.27319 7.15
    endloop
  endfacet
  facet normal 0.46325 0.886228 0
    outer loop
      vertex -55.7559 3.3804 7.15
      vertex -55.5508 3.27319 6.15
      vertex -55.7559 3.3804 6.15
    endloop
  endfacet
  facet normal 0.332282 0.94318 -0
    outer loop
      vertex -55.7559 3.3804 6.15
      vertex -55.9733 3.45699 7.15
      vertex -55.7559 3.3804 7.15
    endloop
  endfacet
  facet normal 0.332282 0.94318 0
    outer loop
      vertex -55.9733 3.45699 7.15
      vertex -55.7559 3.3804 6.15
      vertex -55.9733 3.45699 6.15
    endloop
  endfacet
  facet normal 0.196034 0.980597 -0
    outer loop
      vertex -55.9733 3.45699 6.15
      vertex -56.2031 3.50293 7.15
      vertex -55.9733 3.45699 7.15
    endloop
  endfacet
  facet normal 0.196034 0.980597 0
    outer loop
      vertex -56.2031 3.50293 7.15
      vertex -55.9733 3.45699 6.15
      vertex -56.2031 3.50293 6.15
    endloop
  endfacet
  facet normal 0.0630712 0.998009 -0
    outer loop
      vertex -56.2031 3.50293 6.15
      vertex -56.4452 3.51823 7.15
      vertex -56.2031 3.50293 7.15
    endloop
  endfacet
  facet normal 0.0630712 0.998009 0
    outer loop
      vertex -56.4452 3.51823 7.15
      vertex -56.2031 3.50293 6.15
      vertex -56.4452 3.51823 6.15
    endloop
  endfacet
  facet normal -0.0374201 0.9993 0
    outer loop
      vertex -56.4452 3.51823 6.15
      vertex -56.6081 3.51213 7.15
      vertex -56.4452 3.51823 7.15
    endloop
  endfacet
  facet normal -0.0374201 0.9993 0
    outer loop
      vertex -56.6081 3.51213 7.15
      vertex -56.4452 3.51823 6.15
      vertex -56.6081 3.51213 6.15
    endloop
  endfacet
  facet normal -0.115332 0.993327 0
    outer loop
      vertex -56.6081 3.51213 6.15
      vertex -56.7658 3.49382 7.15
      vertex -56.6081 3.51213 7.15
    endloop
  endfacet
  facet normal -0.115332 0.993327 0
    outer loop
      vertex -56.7658 3.49382 7.15
      vertex -56.6081 3.51213 6.15
      vertex -56.7658 3.49382 6.15
    endloop
  endfacet
  facet normal -0.196116 0.980581 0
    outer loop
      vertex -56.7658 3.49382 6.15
      vertex -56.9183 3.46332 7.15
      vertex -56.7658 3.49382 7.15
    endloop
  endfacet
  facet normal -0.196116 0.980581 0
    outer loop
      vertex -56.9183 3.46332 7.15
      vertex -56.7658 3.49382 6.15
      vertex -56.9183 3.46332 6.15
    endloop
  endfacet
  facet normal -0.278603 0.960406 0
    outer loop
      vertex -56.9183 3.46332 6.15
      vertex -57.0656 3.42059 7.15
      vertex -56.9183 3.46332 7.15
    endloop
  endfacet
  facet normal -0.278603 0.960406 0
    outer loop
      vertex -57.0656 3.42059 7.15
      vertex -56.9183 3.46332 6.15
      vertex -57.0656 3.42059 6.15
    endloop
  endfacet
  facet normal -0.360558 0.932737 0
    outer loop
      vertex -57.0656 3.42059 6.15
      vertex -57.2077 3.36566 7.15
      vertex -57.0656 3.42059 7.15
    endloop
  endfacet
  facet normal -0.360558 0.932737 0
    outer loop
      vertex -57.2077 3.36566 7.15
      vertex -57.0656 3.42059 6.15
      vertex -57.2077 3.36566 6.15
    endloop
  endfacet
  facet normal -0.440327 0.897837 0
    outer loop
      vertex -57.2077 3.36566 6.15
      vertex -57.3446 3.29852 7.15
      vertex -57.2077 3.36566 7.15
    endloop
  endfacet
  facet normal -0.440327 0.897837 0
    outer loop
      vertex -57.3446 3.29852 7.15
      vertex -57.2077 3.36566 6.15
      vertex -57.3446 3.29852 6.15
    endloop
  endfacet
  facet normal -0.520764 0.853701 0
    outer loop
      vertex -57.3446 3.29852 6.15
      vertex -57.4745 3.21928 7.15
      vertex -57.3446 3.29852 7.15
    endloop
  endfacet
  facet normal -0.520764 0.853701 0
    outer loop
      vertex -57.4745 3.21928 7.15
      vertex -57.3446 3.29852 6.15
      vertex -57.4745 3.21928 6.15
    endloop
  endfacet
  facet normal -0.601899 0.798572 0
    outer loop
      vertex -57.4745 3.21928 6.15
      vertex -57.5955 3.12808 7.15
      vertex -57.4745 3.21928 7.15
    endloop
  endfacet
  facet normal -0.601899 0.798572 0
    outer loop
      vertex -57.5955 3.12808 7.15
      vertex -57.4745 3.21928 6.15
      vertex -57.5955 3.12808 6.15
    endloop
  endfacet
  facet normal -0.676609 0.736343 0
    outer loop
      vertex -57.5955 3.12808 6.15
      vertex -57.7078 3.02489 7.15
      vertex -57.5955 3.12808 7.15
    endloop
  endfacet
  facet normal -0.676609 0.736343 0
    outer loop
      vertex -57.7078 3.02489 7.15
      vertex -57.5955 3.12808 6.15
      vertex -57.7078 3.02489 6.15
    endloop
  endfacet
  facet normal -0.744135 0.668029 0
    outer loop
      vertex -57.8112 2.90971 6.15
      vertex -57.7078 3.02489 7.15
      vertex -57.7078 3.02489 6.15
    endloop
  endfacet
  facet normal -0.744135 0.668029 0
    outer loop
      vertex -57.7078 3.02489 7.15
      vertex -57.8112 2.90971 6.15
      vertex -57.8112 2.90971 7.15
    endloop
  endfacet
  facet normal -0.801956 0.597383 0
    outer loop
      vertex -57.9059 2.78258 6.15
      vertex -57.8112 2.90971 7.15
      vertex -57.8112 2.90971 6.15
    endloop
  endfacet
  facet normal -0.801956 0.597383 0
    outer loop
      vertex -57.8112 2.90971 7.15
      vertex -57.9059 2.78258 6.15
      vertex -57.9059 2.78258 7.15
    endloop
  endfacet
  facet normal -0.851162 0.524903 0
    outer loop
      vertex -57.9917 2.64345 6.15
      vertex -57.9059 2.78258 7.15
      vertex -57.9059 2.78258 6.15
    endloop
  endfacet
  facet normal -0.851162 0.524903 0
    outer loop
      vertex -57.9059 2.78258 7.15
      vertex -57.9917 2.64345 6.15
      vertex -57.9917 2.64345 7.15
    endloop
  endfacet
  facet normal 0.848336 0.529459 0
    outer loop
      vertex -57.9917 2.64345 7.15
      vertex -58.0754 2.77756 6.15
      vertex -58.0754 2.77756 7.15
    endloop
  endfacet
  facet normal 0.848336 0.529459 0
    outer loop
      vertex -58.0754 2.77756 6.15
      vertex -57.9917 2.64345 7.15
      vertex -57.9917 2.64345 6.15
    endloop
  endfacet
  facet normal 0.798097 0.602529 0
    outer loop
      vertex -58.0754 2.77756 7.15
      vertex -58.1641 2.89505 6.15
      vertex -58.1641 2.89505 7.15
    endloop
  endfacet
  facet normal 0.798097 0.602529 0
    outer loop
      vertex -58.1641 2.89505 6.15
      vertex -58.0754 2.77756 7.15
      vertex -58.0754 2.77756 6.15
    endloop
  endfacet
  facet normal 0.733425 0.67977 0
    outer loop
      vertex -58.1641 2.89505 7.15
      vertex -58.2576 2.99593 6.15
      vertex -58.2576 2.99593 7.15
    endloop
  endfacet
  facet normal 0.733425 0.67977 0
    outer loop
      vertex -58.2576 2.99593 6.15
      vertex -58.1641 2.89505 7.15
      vertex -58.1641 2.89505 6.15
    endloop
  endfacet
  facet normal 0.65076 0.759284 -0
    outer loop
      vertex -58.2576 2.99593 6.15
      vertex -58.3559 3.08018 7.15
      vertex -58.2576 2.99593 7.15
    endloop
  endfacet
  facet normal 0.65076 0.759284 0
    outer loop
      vertex -58.3559 3.08018 7.15
      vertex -58.2576 2.99593 6.15
      vertex -58.3559 3.08018 6.15
    endloop
  endfacet
  facet normal 0.548232 0.836327 -0
    outer loop
      vertex -58.3559 3.08018 6.15
      vertex -58.4591 3.14783 7.15
      vertex -58.3559 3.08018 7.15
    endloop
  endfacet
  facet normal 0.548232 0.836327 0
    outer loop
      vertex -58.4591 3.14783 7.15
      vertex -58.3559 3.08018 6.15
      vertex -58.4591 3.14783 6.15
    endloop
  endfacet
  facet normal 0.426957 0.904272 -0
    outer loop
      vertex -58.4591 3.14783 6.15
      vertex -58.5672 3.19887 7.15
      vertex -58.4591 3.14783 7.15
    endloop
  endfacet
  facet normal 0.426957 0.904272 0
    outer loop
      vertex -58.5672 3.19887 7.15
      vertex -58.4591 3.14783 6.15
      vertex -58.5672 3.19887 6.15
    endloop
  endfacet
  facet normal 0.337209 0.94143 -0
    outer loop
      vertex -58.5672 3.19887 6.15
      vertex -58.6765 3.23802 7.15
      vertex -58.5672 3.19887 7.15
    endloop
  endfacet
  facet normal 0.337209 0.94143 0
    outer loop
      vertex -58.6765 3.23802 7.15
      vertex -58.5672 3.19887 6.15
      vertex -58.6765 3.23802 6.15
    endloop
  endfacet
  facet normal 0.287183 0.957876 -0
    outer loop
      vertex -58.6765 3.23802 6.15
      vertex -58.7834 3.27007 7.15
      vertex -58.6765 3.23802 7.15
    endloop
  endfacet
  facet normal 0.287183 0.957876 0
    outer loop
      vertex -58.7834 3.27007 7.15
      vertex -58.6765 3.23802 6.15
      vertex -58.7834 3.27007 6.15
    endloop
  endfacet
  facet normal 0.231667 0.972795 -0
    outer loop
      vertex -58.7834 3.27007 6.15
      vertex -58.888 3.29498 7.15
      vertex -58.7834 3.27007 7.15
    endloop
  endfacet
  facet normal 0.231667 0.972795 0
    outer loop
      vertex -58.888 3.29498 7.15
      vertex -58.7834 3.27007 6.15
      vertex -58.888 3.29498 6.15
    endloop
  endfacet
  facet normal 0.171492 0.985186 -0
    outer loop
      vertex -58.888 3.29498 6.15
      vertex -58.9902 3.31277 7.15
      vertex -58.888 3.29498 7.15
    endloop
  endfacet
  facet normal 0.171492 0.985186 0
    outer loop
      vertex -58.9902 3.31277 7.15
      vertex -58.888 3.29498 6.15
      vertex -58.9902 3.31277 6.15
    endloop
  endfacet
  facet normal 0.106505 0.994312 -0
    outer loop
      vertex -58.9902 3.31277 6.15
      vertex -59.09 3.32346 7.15
      vertex -58.9902 3.31277 7.15
    endloop
  endfacet
  facet normal 0.106505 0.994312 0
    outer loop
      vertex -59.09 3.32346 7.15
      vertex -58.9902 3.31277 6.15
      vertex -59.09 3.32346 6.15
    endloop
  endfacet
  facet normal 0.0365909 0.99933 -0
    outer loop
      vertex -59.09 3.32346 6.15
      vertex -59.1875 3.32703 7.15
      vertex -59.09 3.32346 7.15
    endloop
  endfacet
  facet normal 0.0365909 0.99933 0
    outer loop
      vertex -59.1875 3.32703 7.15
      vertex -59.09 3.32346 6.15
      vertex -59.1875 3.32703 6.15
    endloop
  endfacet
  facet normal -0.0642994 0.997931 0
    outer loop
      vertex -59.1875 3.32703 6.15
      vertex -59.3964 3.31357 7.15
      vertex -59.1875 3.32703 7.15
    endloop
  endfacet
  facet normal -0.0642994 0.997931 0
    outer loop
      vertex -59.3964 3.31357 7.15
      vertex -59.1875 3.32703 6.15
      vertex -59.3964 3.31357 6.15
    endloop
  endfacet
  facet normal -0.199297 0.979939 0
    outer loop
      vertex -59.3964 3.31357 6.15
      vertex -59.5948 3.27322 7.15
      vertex -59.3964 3.31357 7.15
    endloop
  endfacet
  facet normal -0.199297 0.979939 0
    outer loop
      vertex -59.5948 3.27322 7.15
      vertex -59.3964 3.31357 6.15
      vertex -59.5948 3.27322 6.15
    endloop
  endfacet
  facet normal -0.336768 0.941588 0
    outer loop
      vertex -59.5948 3.27322 6.15
      vertex -59.7828 3.20598 7.15
      vertex -59.5948 3.27322 7.15
    endloop
  endfacet
  facet normal -0.336768 0.941588 0
    outer loop
      vertex -59.7828 3.20598 7.15
      vertex -59.5948 3.27322 6.15
      vertex -59.7828 3.20598 6.15
    endloop
  endfacet
  facet normal -0.46883 0.883288 0
    outer loop
      vertex -59.7828 3.20598 6.15
      vertex -59.9602 3.11182 7.15
      vertex -59.7828 3.20598 7.15
    endloop
  endfacet
  facet normal -0.46883 0.883288 0
    outer loop
      vertex -59.9602 3.11182 7.15
      vertex -59.7828 3.20598 6.15
      vertex -59.9602 3.11182 6.15
    endloop
  endfacet
  facet normal -0.587119 0.809501 0
    outer loop
      vertex -59.9602 3.11182 6.15
      vertex -60.1271 2.99077 7.15
      vertex -59.9602 3.11182 7.15
    endloop
  endfacet
  facet normal -0.587119 0.809501 0
    outer loop
      vertex -60.1271 2.99077 7.15
      vertex -59.9602 3.11182 6.15
      vertex -60.1271 2.99077 6.15
    endloop
  endfacet
  facet normal -0.68721 0.726459 0
    outer loop
      vertex -60.1271 2.99077 6.15
      vertex -60.2835 2.84282 7.15
      vertex -60.1271 2.99077 7.15
    endloop
  endfacet
  facet normal -0.68721 0.726459 0
    outer loop
      vertex -60.2835 2.84282 7.15
      vertex -60.1271 2.99077 6.15
      vertex -60.2835 2.84282 6.15
    endloop
  endfacet
  facet normal -0.779473 0.626435 0
    outer loop
      vertex -60.4221 2.67036 6.15
      vertex -60.2835 2.84282 7.15
      vertex -60.2835 2.84282 6.15
    endloop
  endfacet
  facet normal -0.779473 0.626435 0
    outer loop
      vertex -60.2835 2.84282 7.15
      vertex -60.4221 2.67036 6.15
      vertex -60.4221 2.67036 7.15
    endloop
  endfacet
  facet normal -0.864016 0.503465 0
    outer loop
      vertex -60.5355 2.47575 6.15
      vertex -60.4221 2.67036 7.15
      vertex -60.4221 2.67036 6.15
    endloop
  endfacet
  facet normal -0.864016 0.503465 0
    outer loop
      vertex -60.4221 2.67036 7.15
      vertex -60.5355 2.47575 6.15
      vertex -60.5355 2.47575 7.15
    endloop
  endfacet
  facet normal -0.926268 0.376865 0
    outer loop
      vertex -60.6237 2.25897 6.15
      vertex -60.5355 2.47575 7.15
      vertex -60.5355 2.47575 6.15
    endloop
  endfacet
  facet normal -0.926268 0.376865 0
    outer loop
      vertex -60.5355 2.47575 7.15
      vertex -60.6237 2.25897 6.15
      vertex -60.6237 2.25897 7.15
    endloop
  endfacet
  facet normal -0.966949 0.254971 0
    outer loop
      vertex -60.6867 2.02005 6.15
      vertex -60.6237 2.25897 7.15
      vertex -60.6237 2.25897 6.15
    endloop
  endfacet
  facet normal -0.966949 0.254971 0
    outer loop
      vertex -60.6237 2.25897 7.15
      vertex -60.6867 2.02005 6.15
      vertex -60.6867 2.02005 7.15
    endloop
  endfacet
  facet normal -0.989682 0.143284 0
    outer loop
      vertex -60.7245 1.75896 6.15
      vertex -60.6867 2.02005 7.15
      vertex -60.6867 2.02005 6.15
    endloop
  endfacet
  facet normal -0.989682 0.143284 0
    outer loop
      vertex -60.6867 2.02005 7.15
      vertex -60.7245 1.75896 6.15
      vertex -60.7245 1.75896 7.15
    endloop
  endfacet
  facet normal -0.999012 0.0444413 0
    outer loop
      vertex -60.7371 1.47572 6.15
      vertex -60.7245 1.75896 7.15
      vertex -60.7245 1.75896 6.15
    endloop
  endfacet
  facet normal -0.999012 0.0444413 0
    outer loop
      vertex -60.7245 1.75896 7.15
      vertex -60.7371 1.47572 6.15
      vertex -60.7371 1.47572 7.15
    endloop
  endfacet
  facet normal -0.999012 -0.0444429 0
    outer loop
      vertex -60.7245 1.19249 6.15
      vertex -60.7371 1.47572 7.15
      vertex -60.7371 1.47572 6.15
    endloop
  endfacet
  facet normal -0.999012 -0.0444429 0
    outer loop
      vertex -60.7371 1.47572 7.15
      vertex -60.7245 1.19249 6.15
      vertex -60.7245 1.19249 7.15
    endloop
  endfacet
  facet normal -0.98968 -0.143298 0
    outer loop
      vertex -60.6867 0.931427 6.15
      vertex -60.7245 1.19249 7.15
      vertex -60.7245 1.19249 6.15
    endloop
  endfacet
  facet normal -0.98968 -0.143298 0
    outer loop
      vertex -60.7245 1.19249 7.15
      vertex -60.6867 0.931427 6.15
      vertex -60.6867 0.931427 7.15
    endloop
  endfacet
  facet normal -0.966953 -0.254954 0
    outer loop
      vertex -60.6237 0.69249 6.15
      vertex -60.6867 0.931427 7.15
      vertex -60.6867 0.931427 6.15
    endloop
  endfacet
  facet normal -0.966953 -0.254954 0
    outer loop
      vertex -60.6867 0.931427 7.15
      vertex -60.6237 0.69249 6.15
      vertex -60.6237 0.69249 7.15
    endloop
  endfacet
  facet normal -0.92626 -0.376885 0
    outer loop
      vertex -60.5355 0.475723 6.15
      vertex -60.6237 0.69249 7.15
      vertex -60.6237 0.69249 6.15
    endloop
  endfacet
  facet normal -0.92626 -0.376885 0
    outer loop
      vertex -60.6237 0.69249 7.15
      vertex -60.5355 0.475723 6.15
      vertex -60.5355 0.475723 7.15
    endloop
  endfacet
  facet normal -0.864034 -0.503434 0
    outer loop
      vertex -60.4221 0.281097 6.15
      vertex -60.5355 0.475723 7.15
      vertex -60.5355 0.475723 6.15
    endloop
  endfacet
  facet normal -0.864034 -0.503434 0
    outer loop
      vertex -60.5355 0.475723 7.15
      vertex -60.4221 0.281097 6.15
      vertex -60.4221 0.281097 7.15
    endloop
  endfacet
  facet normal -0.779491 -0.626413 0
    outer loop
      vertex -60.2835 0.108627 6.15
      vertex -60.4221 0.281097 7.15
      vertex -60.4221 0.281097 6.15
    endloop
  endfacet
  facet normal -0.779491 -0.626413 0
    outer loop
      vertex -60.4221 0.281097 7.15
      vertex -60.2835 0.108627 6.15
      vertex -60.2835 0.108627 7.15
    endloop
  endfacet
  facet normal -0.687132 -0.726532 0
    outer loop
      vertex -60.2835 0.108627 6.15
      vertex -60.1271 -0.0392914 7.15
      vertex -60.2835 0.108627 7.15
    endloop
  endfacet
  facet normal -0.687132 -0.726532 -0
    outer loop
      vertex -60.1271 -0.0392914 7.15
      vertex -60.2835 0.108627 6.15
      vertex -60.1271 -0.0392914 6.15
    endloop
  endfacet
  facet normal -0.587063 -0.809541 0
    outer loop
      vertex -60.1271 -0.0392914 6.15
      vertex -59.9602 -0.160324 7.15
      vertex -60.1271 -0.0392914 7.15
    endloop
  endfacet
  facet normal -0.587063 -0.809541 -0
    outer loop
      vertex -59.9602 -0.160324 7.15
      vertex -60.1271 -0.0392914 6.15
      vertex -59.9602 -0.160324 6.15
    endloop
  endfacet
  facet normal -0.468779 -0.883315 0
    outer loop
      vertex -59.9602 -0.160324 6.15
      vertex -59.7828 -0.254471 7.15
      vertex -59.9602 -0.160324 7.15
    endloop
  endfacet
  facet normal -0.468779 -0.883315 -0
    outer loop
      vertex -59.7828 -0.254471 7.15
      vertex -59.9602 -0.160324 6.15
      vertex -59.7828 -0.254471 6.15
    endloop
  endfacet
  facet normal -0.33679 -0.94158 0
    outer loop
      vertex -59.7828 -0.254471 6.15
      vertex -59.5948 -0.321716 7.15
      vertex -59.7828 -0.254471 7.15
    endloop
  endfacet
  facet normal -0.33679 -0.94158 -0
    outer loop
      vertex -59.5948 -0.321716 7.15
      vertex -59.7828 -0.254471 6.15
      vertex -59.5948 -0.321716 6.15
    endloop
  endfacet
  facet normal -0.199273 -0.979944 0
    outer loop
      vertex -59.5948 -0.321716 6.15
      vertex -59.3964 -0.362061 7.15
      vertex -59.5948 -0.321716 7.15
    endloop
  endfacet
  facet normal -0.199273 -0.979944 -0
    outer loop
      vertex -59.3964 -0.362061 7.15
      vertex -59.5948 -0.321716 6.15
      vertex -59.3964 -0.362061 6.15
    endloop
  endfacet
  facet normal -0.0642185 -0.997936 0
    outer loop
      vertex -59.3964 -0.362061 6.15
      vertex -59.1875 -0.375504 7.15
      vertex -59.3964 -0.362061 7.15
    endloop
  endfacet
  facet normal -0.0642185 -0.997936 -0
    outer loop
      vertex -59.1875 -0.375504 7.15
      vertex -59.3964 -0.362061 6.15
      vertex -59.1875 -0.375504 6.15
    endloop
  endfacet
  facet normal 0.0364476 -0.999336 0
    outer loop
      vertex -59.1875 -0.375504 6.15
      vertex -59.09 -0.371948 7.15
      vertex -59.1875 -0.375504 7.15
    endloop
  endfacet
  facet normal 0.0364476 -0.999336 0
    outer loop
      vertex -59.09 -0.371948 7.15
      vertex -59.1875 -0.375504 6.15
      vertex -59.09 -0.371948 6.15
    endloop
  endfacet
  facet normal 0.106416 -0.994322 0
    outer loop
      vertex -59.09 -0.371948 6.15
      vertex -58.9902 -0.361267 7.15
      vertex -59.09 -0.371948 7.15
    endloop
  endfacet
  facet normal 0.106416 -0.994322 0
    outer loop
      vertex -58.9902 -0.361267 7.15
      vertex -59.09 -0.371948 6.15
      vertex -58.9902 -0.361267 6.15
    endloop
  endfacet
  facet normal 0.171651 -0.985158 0
    outer loop
      vertex -58.9902 -0.361267 6.15
      vertex -58.888 -0.34346 7.15
      vertex -58.9902 -0.361267 7.15
    endloop
  endfacet
  facet normal 0.171651 -0.985158 0
    outer loop
      vertex -58.888 -0.34346 7.15
      vertex -58.9902 -0.361267 6.15
      vertex -58.888 -0.34346 6.15
    endloop
  endfacet
  facet normal 0.231737 -0.972778 0
    outer loop
      vertex -58.888 -0.34346 6.15
      vertex -58.7834 -0.318542 7.15
      vertex -58.888 -0.34346 7.15
    endloop
  endfacet
  facet normal 0.231737 -0.972778 0
    outer loop
      vertex -58.7834 -0.318542 7.15
      vertex -58.888 -0.34346 6.15
      vertex -58.7834 -0.318542 6.15
    endloop
  endfacet
  facet normal 0.287126 -0.957893 0
    outer loop
      vertex -58.7834 -0.318542 6.15
      vertex -58.6765 -0.286499 7.15
      vertex -58.7834 -0.318542 7.15
    endloop
  endfacet
  facet normal 0.287126 -0.957893 0
    outer loop
      vertex -58.6765 -0.286499 7.15
      vertex -58.7834 -0.318542 6.15
      vertex -58.6765 -0.286499 6.15
    endloop
  endfacet
  facet normal 0.33724 -0.941419 0
    outer loop
      vertex -58.6765 -0.286499 6.15
      vertex -58.5672 -0.247345 7.15
      vertex -58.6765 -0.286499 7.15
    endloop
  endfacet
  facet normal 0.33724 -0.941419 0
    outer loop
      vertex -58.5672 -0.247345 7.15
      vertex -58.6765 -0.286499 6.15
      vertex -58.5672 -0.247345 6.15
    endloop
  endfacet
  facet normal 0.423328 -0.905976 0
    outer loop
      vertex -58.5672 -0.247345 6.15
      vertex -58.458 -0.19632 7.15
      vertex -58.5672 -0.247345 7.15
    endloop
  endfacet
  facet normal 0.423328 -0.905976 0
    outer loop
      vertex -58.458 -0.19632 7.15
      vertex -58.5672 -0.247345 6.15
      vertex -58.458 -0.19632 6.15
    endloop
  endfacet
  facet normal 0.535785 -0.844355 0
    outer loop
      vertex -58.458 -0.19632 6.15
      vertex -58.3514 -0.128677 7.15
      vertex -58.458 -0.19632 7.15
    endloop
  endfacet
  facet normal 0.535785 -0.844355 0
    outer loop
      vertex -58.3514 -0.128677 7.15
      vertex -58.458 -0.19632 6.15
      vertex -58.3514 -0.128677 6.15
    endloop
  endfacet
  facet normal 0.629506 -0.776996 0
    outer loop
      vertex -58.3514 -0.128677 6.15
      vertex -58.2474 -0.0444183 7.15
      vertex -58.3514 -0.128677 7.15
    endloop
  endfacet
  facet normal 0.629506 -0.776996 0
    outer loop
      vertex -58.2474 -0.0444183 7.15
      vertex -58.3514 -0.128677 6.15
      vertex -58.2474 -0.0444183 6.15
    endloop
  endfacet
  facet normal 0.705165 -0.709044 0
    outer loop
      vertex -58.2474 -0.0444183 6.15
      vertex -58.146 0.056427 7.15
      vertex -58.2474 -0.0444183 7.15
    endloop
  endfacet
  facet normal 0.705165 -0.709044 0
    outer loop
      vertex -58.146 0.056427 7.15
      vertex -58.2474 -0.0444183 6.15
      vertex -58.146 0.056427 6.15
    endloop
  endfacet
  facet normal 0.765322 -0.643648 0
    outer loop
      vertex -58.146 0.056427 7.15
      vertex -58.0472 0.173904 6.15
      vertex -58.0472 0.173904 7.15
    endloop
  endfacet
  facet normal 0.765322 -0.643648 0
    outer loop
      vertex -58.0472 0.173904 6.15
      vertex -58.146 0.056427 7.15
      vertex -58.146 0.056427 6.15
    endloop
  endfacet
  facet normal 0.812534 -0.582914 0
    outer loop
      vertex -58.0472 0.173904 7.15
      vertex -57.951 0.307999 6.15
      vertex -57.951 0.307999 7.15
    endloop
  endfacet
  facet normal 0.812534 -0.582914 0
    outer loop
      vertex -57.951 0.307999 6.15
      vertex -58.0472 0.173904 7.15
      vertex -58.0472 0.173904 6.15
    endloop
  endfacet
  facet normal -0.884695 -0.46617 0
    outer loop
      vertex -57.8776 0.168701 6.15
      vertex -57.951 0.307999 7.15
      vertex -57.951 0.307999 6.15
    endloop
  endfacet
  facet normal -0.884695 -0.46617 0
    outer loop
      vertex -57.951 0.307999 7.15
      vertex -57.8776 0.168701 6.15
      vertex -57.8776 0.168701 7.15
    endloop
  endfacet
  facet normal -0.834165 -0.551515 0
    outer loop
      vertex -57.7932 0.0410461 6.15
      vertex -57.8776 0.168701 7.15
      vertex -57.8776 0.168701 6.15
    endloop
  endfacet
  facet normal -0.834165 -0.551515 0
    outer loop
      vertex -57.8776 0.168701 7.15
      vertex -57.7932 0.0410461 6.15
      vertex -57.7932 0.0410461 7.15
    endloop
  endfacet
  facet normal -0.77206 -0.63555 0
    outer loop
      vertex -57.6977 -0.0749664 6.15
      vertex -57.7932 0.0410461 7.15
      vertex -57.7932 0.0410461 6.15
    endloop
  endfacet
  facet normal -0.77206 -0.63555 0
    outer loop
      vertex -57.7932 0.0410461 7.15
      vertex -57.6977 -0.0749664 6.15
      vertex -57.6977 -0.0749664 7.15
    endloop
  endfacet
  facet normal -0.699595 -0.714539 0
    outer loop
      vertex -57.6977 -0.0749664 6.15
      vertex -57.5911 -0.179337 7.15
      vertex -57.6977 -0.0749664 7.15
    endloop
  endfacet
  facet normal -0.699595 -0.714539 -0
    outer loop
      vertex -57.5911 -0.179337 7.15
      vertex -57.6977 -0.0749664 6.15
      vertex -57.5911 -0.179337 6.15
    endloop
  endfacet
  facet normal -0.618908 -0.785464 0
    outer loop
      vertex -57.5911 -0.179337 6.15
      vertex -57.4734 -0.272079 7.15
      vertex -57.5911 -0.179337 7.15
    endloop
  endfacet
  facet normal -0.618908 -0.785464 -0
    outer loop
      vertex -57.4734 -0.272079 7.15
      vertex -57.5911 -0.179337 6.15
      vertex -57.4734 -0.272079 6.15
    endloop
  endfacet
  facet normal -0.532835 -0.846219 0
    outer loop
      vertex -57.4734 -0.272079 6.15
      vertex -57.3446 -0.35318 7.15
      vertex -57.4734 -0.272079 7.15
    endloop
  endfacet
  facet normal -0.532835 -0.846219 -0
    outer loop
      vertex -57.3446 -0.35318 7.15
      vertex -57.4734 -0.272079 6.15
      vertex -57.3446 -0.35318 6.15
    endloop
  endfacet
  facet normal -0.450003 -0.893027 0
    outer loop
      vertex -57.3446 -0.35318 6.15
      vertex -57.2077 -0.422165 7.15
      vertex -57.3446 -0.35318 7.15
    endloop
  endfacet
  facet normal -0.450003 -0.893027 -0
    outer loop
      vertex -57.2077 -0.422165 7.15
      vertex -57.3446 -0.35318 6.15
      vertex -57.2077 -0.422165 6.15
    endloop
  endfacet
  facet normal -0.36923 -0.929338 0
    outer loop
      vertex -57.2077 -0.422165 6.15
      vertex -57.0656 -0.478622 7.15
      vertex -57.2077 -0.422165 7.15
    endloop
  endfacet
  facet normal -0.36923 -0.929338 -0
    outer loop
      vertex -57.0656 -0.478622 7.15
      vertex -57.2077 -0.422165 6.15
      vertex -57.0656 -0.478622 6.15
    endloop
  endfacet
  facet normal -0.285616 -0.958344 0
    outer loop
      vertex -57.0656 -0.478622 6.15
      vertex -56.9183 -0.522522 7.15
      vertex -57.0656 -0.478622 7.15
    endloop
  endfacet
  facet normal -0.285616 -0.958344 -0
    outer loop
      vertex -56.9183 -0.522522 7.15
      vertex -57.0656 -0.478622 6.15
      vertex -56.9183 -0.522522 6.15
    endloop
  endfacet
  facet normal -0.201406 -0.979508 0
    outer loop
      vertex -56.9183 -0.522522 6.15
      vertex -56.7658 -0.553879 7.15
      vertex -56.9183 -0.522522 7.15
    endloop
  endfacet
  facet normal -0.201406 -0.979508 -0
    outer loop
      vertex -56.7658 -0.553879 7.15
      vertex -56.9183 -0.522522 6.15
      vertex -56.7658 -0.553879 6.15
    endloop
  endfacet
  facet normal -0.118462 -0.992959 0
    outer loop
      vertex -56.7658 -0.553879 6.15
      vertex -56.6081 -0.572693 7.15
      vertex -56.7658 -0.553879 7.15
    endloop
  endfacet
  facet normal -0.118462 -0.992959 -0
    outer loop
      vertex -56.6081 -0.572693 7.15
      vertex -56.7658 -0.553879 6.15
      vertex -56.6081 -0.572693 6.15
    endloop
  endfacet
  facet normal -0.0384675 -0.99926 0
    outer loop
      vertex -56.6081 -0.572693 6.15
      vertex -56.4452 -0.578964 7.15
      vertex -56.6081 -0.572693 7.15
    endloop
  endfacet
  facet normal -0.0384675 -0.99926 -0
    outer loop
      vertex -56.4452 -0.578964 7.15
      vertex -56.6081 -0.572693 6.15
      vertex -56.4452 -0.578964 6.15
    endloop
  endfacet
  facet normal 0.058285 -0.9983 0
    outer loop
      vertex -56.4452 -0.578964 6.15
      vertex -56.2032 -0.564835 7.15
      vertex -56.4452 -0.578964 7.15
    endloop
  endfacet
  facet normal 0.058285 -0.9983 0
    outer loop
      vertex -56.2032 -0.564835 7.15
      vertex -56.4452 -0.578964 6.15
      vertex -56.2032 -0.564835 6.15
    endloop
  endfacet
  facet normal 0.181553 -0.983381 0
    outer loop
      vertex -56.2032 -0.564835 6.15
      vertex -55.9736 -0.522446 7.15
      vertex -56.2032 -0.564835 7.15
    endloop
  endfacet
  facet normal 0.181553 -0.983381 0
    outer loop
      vertex -55.9736 -0.522446 7.15
      vertex -56.2032 -0.564835 6.15
      vertex -55.9736 -0.522446 6.15
    endloop
  endfacet
  facet normal 0.309256 -0.950979 0
    outer loop
      vertex -55.9736 -0.522446 6.15
      vertex -55.7564 -0.451813 7.15
      vertex -55.9736 -0.522446 7.15
    endloop
  endfacet
  facet normal 0.309256 -0.950979 0
    outer loop
      vertex -55.7564 -0.451813 7.15
      vertex -55.9736 -0.522446 6.15
      vertex -55.7564 -0.451813 6.15
    endloop
  endfacet
  facet normal 0.43506 -0.900401 0
    outer loop
      vertex -55.7564 -0.451813 6.15
      vertex -55.5517 -0.352905 7.15
      vertex -55.7564 -0.451813 7.15
    endloop
  endfacet
  facet normal 0.43506 -0.900401 0
    outer loop
      vertex -55.5517 -0.352905 7.15
      vertex -55.7564 -0.451813 6.15
      vertex -55.5517 -0.352905 6.15
    endloop
  endfacet
  facet normal 0.551546 -0.834144 0
    outer loop
      vertex -55.5517 -0.352905 6.15
      vertex -55.3594 -0.225754 7.15
      vertex -55.5517 -0.352905 7.15
    endloop
  endfacet
  facet normal 0.551546 -0.834144 0
    outer loop
      vertex -55.3594 -0.225754 7.15
      vertex -55.5517 -0.352905 6.15
      vertex -55.3594 -0.225754 6.15
    endloop
  endfacet
  facet normal 0.653723 -0.756734 0
    outer loop
      vertex -55.3594 -0.225754 6.15
      vertex -55.1795 -0.070343 7.15
      vertex -55.3594 -0.225754 7.15
    endloop
  endfacet
  facet normal 0.653723 -0.756734 0
    outer loop
      vertex -55.1795 -0.070343 7.15
      vertex -55.3594 -0.225754 6.15
      vertex -55.1795 -0.070343 6.15
    endloop
  endfacet
  facet normal 0.751741 -0.659458 0
    outer loop
      vertex -55.1795 -0.070343 7.15
      vertex -55.0191 0.112503 6.15
      vertex -55.0191 0.112503 7.15
    endloop
  endfacet
  facet normal 0.751741 -0.659458 0
    outer loop
      vertex -55.0191 0.112503 6.15
      vertex -55.1795 -0.070343 7.15
      vertex -55.1795 -0.070343 6.15
    endloop
  endfacet
  facet normal 0.847541 -0.53073 0
    outer loop
      vertex -55.0191 0.112503 7.15
      vertex -54.8879 0.322021 6.15
      vertex -54.8879 0.322021 7.15
    endloop
  endfacet
  facet normal 0.847541 -0.53073 0
    outer loop
      vertex -54.8879 0.322021 6.15
      vertex -55.0191 0.112503 7.15
      vertex -55.0191 0.112503 6.15
    endloop
  endfacet
  facet normal 0.917919 -0.396769 0
    outer loop
      vertex -54.8879 0.322021 7.15
      vertex -54.7858 0.558228 6.15
      vertex -54.7858 0.558228 7.15
    endloop
  endfacet
  facet normal 0.917919 -0.396769 0
    outer loop
      vertex -54.7858 0.558228 6.15
      vertex -54.8879 0.322021 7.15
      vertex -54.8879 0.322021 6.15
    endloop
  endfacet
  facet normal 0.963633 -0.26723 0
    outer loop
      vertex -54.7858 0.558228 7.15
      vertex -54.7129 0.821106 6.15
      vertex -54.7129 0.821106 7.15
    endloop
  endfacet
  facet normal 0.963633 -0.26723 0
    outer loop
      vertex -54.7129 0.821106 6.15
      vertex -54.7858 0.558228 7.15
      vertex -54.7858 0.558228 6.15
    endloop
  endfacet
  facet normal 0.988752 -0.149566 0
    outer loop
      vertex -54.7129 0.821106 7.15
      vertex -54.6691 1.11066 6.15
      vertex -54.6691 1.11066 7.15
    endloop
  endfacet
  facet normal 0.988752 -0.149566 0
    outer loop
      vertex -54.6691 1.11066 6.15
      vertex -54.7129 0.821106 7.15
      vertex -54.7129 0.821106 6.15
    endloop
  endfacet
  facet normal 0.998936 -0.0461213 0
    outer loop
      vertex -54.6691 1.11066 7.15
      vertex -54.6545 1.42688 6.15
      vertex -54.6545 1.42688 7.15
    endloop
  endfacet
  facet normal 0.998936 -0.0461213 0
    outer loop
      vertex -54.6545 1.42688 6.15
      vertex -54.6691 1.11066 7.15
      vertex -54.6691 1.11066 6.15
    endloop
  endfacet
  facet normal 0.998944 0.0459458 0
    outer loop
      vertex -54.6545 1.42688 7.15
      vertex -54.6691 1.74431 6.15
      vertex -54.6691 1.74431 7.15
    endloop
  endfacet
  facet normal 0.998944 0.0459458 0
    outer loop
      vertex -54.6691 1.74431 6.15
      vertex -54.6545 1.42688 7.15
      vertex -54.6545 1.42688 6.15
    endloop
  endfacet
  facet normal -0.986838 0.161714 0
    outer loop
      vertex -58.352 1.25963 6.15
      vertex -58.335 1.36337 7.15
      vertex -58.335 1.36337 6.15
    endloop
  endfacet
  facet normal -0.986838 0.161714 0
    outer loop
      vertex -58.335 1.36337 7.15
      vertex -58.352 1.25963 6.15
      vertex -58.352 1.25963 7.15
    endloop
  endfacet
  facet normal -0.958794 0.284102 0
    outer loop
      vertex -58.3802 1.16446 6.15
      vertex -58.352 1.25963 7.15
      vertex -58.352 1.25963 6.15
    endloop
  endfacet
  facet normal -0.958794 0.284102 0
    outer loop
      vertex -58.352 1.25963 7.15
      vertex -58.3802 1.16446 6.15
      vertex -58.3802 1.16446 7.15
    endloop
  endfacet
  facet normal -0.90979 0.415069 0
    outer loop
      vertex -58.4197 1.07788 6.15
      vertex -58.3802 1.16446 7.15
      vertex -58.3802 1.16446 6.15
    endloop
  endfacet
  facet normal -0.90979 0.415069 0
    outer loop
      vertex -58.3802 1.16446 7.15
      vertex -58.4197 1.07788 6.15
      vertex -58.4197 1.07788 7.15
    endloop
  endfacet
  facet normal -0.837911 0.545807 0
    outer loop
      vertex -58.4705 0.999893 6.15
      vertex -58.4197 1.07788 7.15
      vertex -58.4197 1.07788 6.15
    endloop
  endfacet
  facet normal -0.837911 0.545807 0
    outer loop
      vertex -58.4197 1.07788 7.15
      vertex -58.4705 0.999893 6.15
      vertex -58.4705 0.999893 7.15
    endloop
  endfacet
  facet normal -0.745199 0.666842 0
    outer loop
      vertex -58.5326 0.930496 6.15
      vertex -58.4705 0.999893 7.15
      vertex -58.4705 0.999893 6.15
    endloop
  endfacet
  facet normal -0.745199 0.666842 0
    outer loop
      vertex -58.4705 0.999893 7.15
      vertex -58.5326 0.930496 6.15
      vertex -58.5326 0.930496 7.15
    endloop
  endfacet
  facet normal -0.651572 0.758587 0
    outer loop
      vertex -58.5326 0.930496 6.15
      vertex -58.6035 0.869598 7.15
      vertex -58.5326 0.930496 7.15
    endloop
  endfacet
  facet normal -0.651572 0.758587 0
    outer loop
      vertex -58.6035 0.869598 7.15
      vertex -58.5326 0.930496 6.15
      vertex -58.6035 0.869598 6.15
    endloop
  endfacet
  facet normal -0.540368 0.841429 0
    outer loop
      vertex -58.6035 0.869598 6.15
      vertex -58.6811 0.819763 7.15
      vertex -58.6035 0.869598 7.15
    endloop
  endfacet
  facet normal -0.540368 0.841429 0
    outer loop
      vertex -58.6811 0.819763 7.15
      vertex -58.6035 0.869598 6.15
      vertex -58.6811 0.819763 6.15
    endloop
  endfacet
  facet normal -0.418949 0.90801 0
    outer loop
      vertex -58.6811 0.819763 6.15
      vertex -58.7651 0.781006 7.15
      vertex -58.6811 0.819763 7.15
    endloop
  endfacet
  facet normal -0.418949 0.90801 0
    outer loop
      vertex -58.7651 0.781006 7.15
      vertex -58.6811 0.819763 6.15
      vertex -58.7651 0.781006 6.15
    endloop
  endfacet
  facet normal -0.291892 0.956451 0
    outer loop
      vertex -58.7651 0.781006 6.15
      vertex -58.8558 0.753326 7.15
      vertex -58.7651 0.781006 7.15
    endloop
  endfacet
  facet normal -0.291892 0.956451 0
    outer loop
      vertex -58.8558 0.753326 7.15
      vertex -58.7651 0.781006 6.15
      vertex -58.8558 0.753326 6.15
    endloop
  endfacet
  facet normal -0.168523 0.985698 0
    outer loop
      vertex -58.8558 0.753326 6.15
      vertex -58.9529 0.736725 7.15
      vertex -58.8558 0.753326 7.15
    endloop
  endfacet
  facet normal -0.168523 0.985698 0
    outer loop
      vertex -58.9529 0.736725 7.15
      vertex -58.8558 0.753326 6.15
      vertex -58.9529 0.736725 6.15
    endloop
  endfacet
  facet normal -0.0532864 0.998579 0
    outer loop
      vertex -58.9529 0.736725 6.15
      vertex -59.0567 0.731186 7.15
      vertex -58.9529 0.736725 7.15
    endloop
  endfacet
  facet normal -0.0532864 0.998579 0
    outer loop
      vertex -59.0567 0.731186 7.15
      vertex -58.9529 0.736725 6.15
      vertex -59.0567 0.731186 6.15
    endloop
  endfacet
  facet normal 0.0487654 0.99881 -0
    outer loop
      vertex -59.0567 0.731186 6.15
      vertex -59.1689 0.736664 7.15
      vertex -59.0567 0.731186 7.15
    endloop
  endfacet
  facet normal 0.0487654 0.99881 0
    outer loop
      vertex -59.1689 0.736664 7.15
      vertex -59.0567 0.731186 6.15
      vertex -59.1689 0.736664 6.15
    endloop
  endfacet
  facet normal 0.156523 0.987674 -0
    outer loop
      vertex -59.1689 0.736664 6.15
      vertex -59.2726 0.753098 7.15
      vertex -59.1689 0.736664 7.15
    endloop
  endfacet
  facet normal 0.156523 0.987674 0
    outer loop
      vertex -59.2726 0.753098 7.15
      vertex -59.1689 0.736664 6.15
      vertex -59.2726 0.753098 6.15
    endloop
  endfacet
  facet normal 0.276089 0.961132 -0
    outer loop
      vertex -59.2726 0.753098 6.15
      vertex -59.368 0.780502 7.15
      vertex -59.2726 0.753098 7.15
    endloop
  endfacet
  facet normal 0.276089 0.961132 0
    outer loop
      vertex -59.368 0.780502 7.15
      vertex -59.2726 0.753098 6.15
      vertex -59.368 0.780502 6.15
    endloop
  endfacet
  facet normal 0.40423 0.914657 -0
    outer loop
      vertex -59.368 0.780502 6.15
      vertex -59.4548 0.818863 7.15
      vertex -59.368 0.780502 7.15
    endloop
  endfacet
  facet normal 0.40423 0.914657 0
    outer loop
      vertex -59.4548 0.818863 7.15
      vertex -59.368 0.780502 6.15
      vertex -59.4548 0.818863 6.15
    endloop
  endfacet
  facet normal 0.53245 0.846461 -0
    outer loop
      vertex -59.4548 0.818863 6.15
      vertex -59.5332 0.868179 7.15
      vertex -59.4548 0.818863 7.15
    endloop
  endfacet
  facet normal 0.53245 0.846461 0
    outer loop
      vertex -59.5332 0.868179 7.15
      vertex -59.4548 0.818863 6.15
      vertex -59.5332 0.868179 6.15
    endloop
  endfacet
  facet normal 0.653122 0.757253 -0
    outer loop
      vertex -59.5332 0.868179 6.15
      vertex -59.6031 0.928467 7.15
      vertex -59.5332 0.868179 7.15
    endloop
  endfacet
  facet normal 0.653122 0.757253 0
    outer loop
      vertex -59.6031 0.928467 7.15
      vertex -59.5332 0.868179 6.15
      vertex -59.6031 0.928467 6.15
    endloop
  endfacet
  facet normal 0.758217 0.652002 0
    outer loop
      vertex -59.6031 0.928467 7.15
      vertex -59.6633 0.998474 6.15
      vertex -59.6633 0.998474 7.15
    endloop
  endfacet
  facet normal 0.758217 0.652002 0
    outer loop
      vertex -59.6633 0.998474 6.15
      vertex -59.6031 0.928467 7.15
      vertex -59.6031 0.928467 6.15
    endloop
  endfacet
  facet normal 0.847349 0.531037 0
    outer loop
      vertex -59.6633 0.998474 7.15
      vertex -59.7125 1.07698 6.15
      vertex -59.7125 1.07698 7.15
    endloop
  endfacet
  facet normal 0.847349 0.531037 0
    outer loop
      vertex -59.7125 1.07698 6.15
      vertex -59.6633 0.998474 7.15
      vertex -59.6633 0.998474 6.15
    endloop
  endfacet
  facet normal 0.914781 0.403951 0
    outer loop
      vertex -59.7125 1.07698 7.15
      vertex -59.7509 1.16394 6.15
      vertex -59.7509 1.16394 7.15
    endloop
  endfacet
  facet normal 0.914781 0.403951 0
    outer loop
      vertex -59.7509 1.16394 6.15
      vertex -59.7125 1.07698 7.15
      vertex -59.7125 1.07698 6.15
    endloop
  endfacet
  facet normal 0.961456 0.274961 0
    outer loop
      vertex -59.7509 1.16394 7.15
      vertex -59.7782 1.2594 6.15
      vertex -59.7782 1.2594 7.15
    endloop
  endfacet
  facet normal 0.961456 0.274961 0
    outer loop
      vertex -59.7782 1.2594 6.15
      vertex -59.7509 1.16394 7.15
      vertex -59.7509 1.16394 6.15
    endloop
  endfacet
  facet normal 0.987773 0.155899 0
    outer loop
      vertex -59.7782 1.2594 7.15
      vertex -59.7946 1.36331 6.15
      vertex -59.7946 1.36331 7.15
    endloop
  endfacet
  facet normal 0.987773 0.155899 0
    outer loop
      vertex -59.7946 1.36331 6.15
      vertex -59.7782 1.2594 7.15
      vertex -59.7782 1.2594 6.15
    endloop
  endfacet
  facet normal 0.998805 0.0488696 0
    outer loop
      vertex -59.7946 1.36331 7.15
      vertex -59.8001 1.47572 6.15
      vertex -59.8001 1.47572 7.15
    endloop
  endfacet
  facet normal 0.998805 0.0488696 0
    outer loop
      vertex -59.8001 1.47572 6.15
      vertex -59.7946 1.36331 7.15
      vertex -59.7946 1.36331 6.15
    endloop
  endfacet
  facet normal 0.998829 -0.0483886 0
    outer loop
      vertex -59.8001 1.47572 7.15
      vertex -59.7946 1.58925 6.15
      vertex -59.7946 1.58925 7.15
    endloop
  endfacet
  facet normal 0.998829 -0.0483886 0
    outer loop
      vertex -59.7946 1.58925 6.15
      vertex -59.8001 1.47572 7.15
      vertex -59.8001 1.47572 6.15
    endloop
  endfacet
  facet normal 0.987933 -0.154881 0
    outer loop
      vertex -59.7946 1.58925 7.15
      vertex -59.7782 1.69386 6.15
      vertex -59.7782 1.69386 7.15
    endloop
  endfacet
  facet normal 0.987933 -0.154881 0
    outer loop
      vertex -59.7782 1.69386 6.15
      vertex -59.7946 1.58925 7.15
      vertex -59.7946 1.58925 6.15
    endloop
  endfacet
  facet normal 0.961622 -0.274376 0
    outer loop
      vertex -59.7782 1.69386 7.15
      vertex -59.7509 1.78954 6.15
      vertex -59.7509 1.78954 7.15
    endloop
  endfacet
  facet normal 0.961622 -0.274376 0
    outer loop
      vertex -59.7509 1.78954 6.15
      vertex -59.7782 1.69386 7.15
      vertex -59.7782 1.69386 6.15
    endloop
  endfacet
  facet normal 0.914402 -0.404808 0
    outer loop
      vertex -59.7509 1.78954 7.15
      vertex -59.7125 1.87628 6.15
      vertex -59.7125 1.87628 7.15
    endloop
  endfacet
  facet normal 0.914402 -0.404808 0
    outer loop
      vertex -59.7125 1.87628 6.15
      vertex -59.7509 1.78954 7.15
      vertex -59.7509 1.78954 6.15
    endloop
  endfacet
  facet normal 0.845241 -0.534385 0
    outer loop
      vertex -59.7125 1.87628 7.15
      vertex -59.6633 1.9541 6.15
      vertex -59.6633 1.9541 7.15
    endloop
  endfacet
  facet normal 0.845241 -0.534385 0
    outer loop
      vertex -59.6633 1.9541 6.15
      vertex -59.7125 1.87628 7.15
      vertex -59.7125 1.87628 6.15
    endloop
  endfacet
  facet normal 0.752956 -0.658071 0
    outer loop
      vertex -59.6633 1.9541 7.15
      vertex -59.6031 2.02298 6.15
      vertex -59.6031 2.02298 7.15
    endloop
  endfacet
  facet normal 0.752956 -0.658071 0
    outer loop
      vertex -59.6031 2.02298 6.15
      vertex -59.6633 1.9541 7.15
      vertex -59.6633 1.9541 6.15
    endloop
  endfacet
  facet normal 0.64533 -0.763904 0
    outer loop
      vertex -59.6031 2.02298 6.15
      vertex -59.5332 2.08203 7.15
      vertex -59.6031 2.02298 7.15
    endloop
  endfacet
  facet normal 0.64533 -0.763904 0
    outer loop
      vertex -59.5332 2.08203 7.15
      vertex -59.6031 2.02298 6.15
      vertex -59.5332 2.08203 6.15
    endloop
  endfacet
  facet normal 0.5246 -0.851349 0
    outer loop
      vertex -59.5332 2.08203 6.15
      vertex -59.4548 2.13034 7.15
      vertex -59.5332 2.08203 7.15
    endloop
  endfacet
  facet normal 0.5246 -0.851349 0
    outer loop
      vertex -59.4548 2.13034 7.15
      vertex -59.5332 2.08203 6.15
      vertex -59.4548 2.13034 6.15
    endloop
  endfacet
  facet normal 0.397311 -0.917684 0
    outer loop
      vertex -59.4548 2.13034 6.15
      vertex -59.368 2.16792 7.15
      vertex -59.4548 2.13034 7.15
    endloop
  endfacet
  facet normal 0.397311 -0.917684 0
    outer loop
      vertex -59.368 2.16792 7.15
      vertex -59.4548 2.13034 6.15
      vertex -59.368 2.16792 6.15
    endloop
  endfacet
  facet normal 0.270827 -0.962628 0
    outer loop
      vertex -59.368 2.16792 6.15
      vertex -59.2726 2.19476 7.15
      vertex -59.368 2.16792 7.15
    endloop
  endfacet
  facet normal 0.270827 -0.962628 0
    outer loop
      vertex -59.2726 2.19476 7.15
      vertex -59.368 2.16792 6.15
      vertex -59.2726 2.19476 6.15
    endloop
  endfacet
  facet normal 0.153604 -0.988133 0
    outer loop
      vertex -59.2726 2.19476 6.15
      vertex -59.1689 2.21088 7.15
      vertex -59.2726 2.19476 7.15
    endloop
  endfacet
  facet normal 0.153604 -0.988133 0
    outer loop
      vertex -59.1689 2.21088 7.15
      vertex -59.2726 2.19476 6.15
      vertex -59.1689 2.21088 6.15
    endloop
  endfacet
  facet normal 0.0478062 -0.998857 0
    outer loop
      vertex -59.1689 2.21088 6.15
      vertex -59.0567 2.21625 7.15
      vertex -59.1689 2.21088 7.15
    endloop
  endfacet
  facet normal 0.0478062 -0.998857 0
    outer loop
      vertex -59.0567 2.21625 7.15
      vertex -59.1689 2.21088 6.15
      vertex -59.0567 2.21625 6.15
    endloop
  endfacet
  facet normal -0.051665 -0.998664 0
    outer loop
      vertex -59.0567 2.21625 6.15
      vertex -58.9529 2.21088 7.15
      vertex -59.0567 2.21625 7.15
    endloop
  endfacet
  facet normal -0.051665 -0.998664 -0
    outer loop
      vertex -58.9529 2.21088 7.15
      vertex -59.0567 2.21625 6.15
      vertex -58.9529 2.21088 6.15
    endloop
  endfacet
  facet normal -0.163609 -0.986525 0
    outer loop
      vertex -58.9529 2.21088 6.15
      vertex -58.8557 2.19476 7.15
      vertex -58.9529 2.21088 7.15
    endloop
  endfacet
  facet normal -0.163609 -0.986525 -0
    outer loop
      vertex -58.8557 2.19476 7.15
      vertex -58.9529 2.21088 6.15
      vertex -58.8557 2.19476 6.15
    endloop
  endfacet
  facet normal -0.284045 -0.958811 0
    outer loop
      vertex -58.8557 2.19476 6.15
      vertex -58.7651 2.16792 7.15
      vertex -58.8557 2.19476 7.15
    endloop
  endfacet
  facet normal -0.284045 -0.958811 -0
    outer loop
      vertex -58.7651 2.16792 7.15
      vertex -58.8557 2.19476 6.15
      vertex -58.7651 2.16792 6.15
    endloop
  endfacet
  facet normal -0.407971 -0.912995 0
    outer loop
      vertex -58.7651 2.16792 6.15
      vertex -58.681 2.13034 7.15
      vertex -58.7651 2.16792 7.15
    endloop
  endfacet
  facet normal -0.407971 -0.912995 -0
    outer loop
      vertex -58.681 2.13034 7.15
      vertex -58.7651 2.16792 6.15
      vertex -58.681 2.13034 6.15
    endloop
  endfacet
  facet normal -0.528995 -0.848625 0
    outer loop
      vertex -58.681 2.13034 6.15
      vertex -58.6035 2.08203 7.15
      vertex -58.681 2.13034 7.15
    endloop
  endfacet
  facet normal -0.528995 -0.848625 -0
    outer loop
      vertex -58.6035 2.08203 7.15
      vertex -58.681 2.13034 6.15
      vertex -58.6035 2.08203 6.15
    endloop
  endfacet
  facet normal -0.639439 -0.768842 0
    outer loop
      vertex -58.6035 2.08203 6.15
      vertex -58.5325 2.02298 7.15
      vertex -58.6035 2.08203 7.15
    endloop
  endfacet
  facet normal -0.639439 -0.768842 -0
    outer loop
      vertex -58.5325 2.02298 7.15
      vertex -58.6035 2.08203 6.15
      vertex -58.5325 2.02298 6.15
    endloop
  endfacet
  facet normal -0.742715 -0.669608 0
    outer loop
      vertex -58.4704 1.9541 6.15
      vertex -58.5325 2.02298 7.15
      vertex -58.5325 2.02298 6.15
    endloop
  endfacet
  facet normal -0.742715 -0.669608 0
    outer loop
      vertex -58.5325 2.02298 7.15
      vertex -58.4704 1.9541 6.15
      vertex -58.4704 1.9541 7.15
    endloop
  endfacet
  facet normal -0.837868 -0.545874 0
    outer loop
      vertex -58.4197 1.87628 6.15
      vertex -58.4704 1.9541 7.15
      vertex -58.4704 1.9541 6.15
    endloop
  endfacet
  facet normal -0.837868 -0.545874 0
    outer loop
      vertex -58.4704 1.9541 7.15
      vertex -58.4197 1.87628 6.15
      vertex -58.4197 1.87628 7.15
    endloop
  endfacet
  facet normal -0.910079 -0.414435 0
    outer loop
      vertex -58.3802 1.78954 6.15
      vertex -58.4197 1.87628 7.15
      vertex -58.4197 1.87628 6.15
    endloop
  endfacet
  facet normal -0.910079 -0.414435 0
    outer loop
      vertex -58.4197 1.87628 7.15
      vertex -58.3802 1.78954 6.15
      vertex -58.3802 1.78954 7.15
    endloop
  endfacet
  facet normal -0.959206 -0.282709 0
    outer loop
      vertex -58.352 1.69386 6.15
      vertex -58.3802 1.78954 7.15
      vertex -58.3802 1.78954 6.15
    endloop
  endfacet
  facet normal -0.959206 -0.282709 0
    outer loop
      vertex -58.3802 1.78954 7.15
      vertex -58.352 1.69386 6.15
      vertex -58.352 1.69386 7.15
    endloop
  endfacet
  facet normal -0.987051 -0.160404 0
    outer loop
      vertex -58.335 1.58925 6.15
      vertex -58.352 1.69386 7.15
      vertex -58.352 1.69386 6.15
    endloop
  endfacet
  facet normal -0.987051 -0.160404 0
    outer loop
      vertex -58.352 1.69386 7.15
      vertex -58.335 1.58925 6.15
      vertex -58.335 1.58925 7.15
    endloop
  endfacet
  facet normal -0.998786 -0.0492663 0
    outer loop
      vertex -58.3294 1.47572 6.15
      vertex -58.335 1.58925 7.15
      vertex -58.335 1.58925 6.15
    endloop
  endfacet
  facet normal -0.998786 -0.0492663 0
    outer loop
      vertex -58.335 1.58925 7.15
      vertex -58.3294 1.47572 6.15
      vertex -58.3294 1.47572 7.15
    endloop
  endfacet
  facet normal -0.99876 0.0497824 0
    outer loop
      vertex -58.335 1.36337 6.15
      vertex -58.3294 1.47572 7.15
      vertex -58.3294 1.47572 6.15
    endloop
  endfacet
  facet normal -0.99876 0.0497824 0
    outer loop
      vertex -58.3294 1.47572 7.15
      vertex -58.335 1.36337 6.15
      vertex -58.335 1.36337 7.15
    endloop
  endfacet
  facet normal -0.986057 0.166409 0
    outer loop
      vertex -55.6335 1.2291 6.15
      vertex -55.6135 1.34761 7.15
      vertex -55.6135 1.34761 6.15
    endloop
  endfacet
  facet normal -0.986057 0.166409 0
    outer loop
      vertex -55.6135 1.34761 7.15
      vertex -55.6335 1.2291 6.15
      vertex -55.6335 1.2291 7.15
    endloop
  endfacet
  facet normal -0.956052 0.293197 0
    outer loop
      vertex -55.6669 1.12019 6.15
      vertex -55.6335 1.2291 7.15
      vertex -55.6335 1.2291 6.15
    endloop
  endfacet
  facet normal -0.956052 0.293197 0
    outer loop
      vertex -55.6335 1.2291 7.15
      vertex -55.6669 1.12019 6.15
      vertex -55.6669 1.12019 7.15
    endloop
  endfacet
  facet normal -0.904922 0.425578 0
    outer loop
      vertex -55.7136 1.02089 6.15
      vertex -55.6669 1.12019 7.15
      vertex -55.6669 1.12019 6.15
    endloop
  endfacet
  facet normal -0.904922 0.425578 0
    outer loop
      vertex -55.6669 1.12019 7.15
      vertex -55.7136 1.02089 6.15
      vertex -55.7136 1.02089 7.15
    endloop
  endfacet
  facet normal -0.831171 0.556017 0
    outer loop
      vertex -55.7736 0.931198 6.15
      vertex -55.7136 1.02089 7.15
      vertex -55.7136 1.02089 6.15
    endloop
  endfacet
  facet normal -0.831171 0.556017 0
    outer loop
      vertex -55.7136 1.02089 7.15
      vertex -55.7736 0.931198 6.15
      vertex -55.7736 0.931198 7.15
    endloop
  endfacet
  facet normal -0.737176 0.6757 0
    outer loop
      vertex -55.847 0.85112 6.15
      vertex -55.7736 0.931198 7.15
      vertex -55.7736 0.931198 6.15
    endloop
  endfacet
  facet normal -0.737176 0.6757 0
    outer loop
      vertex -55.7736 0.931198 7.15
      vertex -55.847 0.85112 6.15
      vertex -55.847 0.85112 7.15
    endloop
  endfacet
  facet normal -0.628382 0.777905 0
    outer loop
      vertex -55.847 0.85112 6.15
      vertex -55.9324 0.782135 7.15
      vertex -55.847 0.85112 7.15
    endloop
  endfacet
  facet normal -0.628382 0.777905 0
    outer loop
      vertex -55.9324 0.782135 7.15
      vertex -55.847 0.85112 6.15
      vertex -55.9324 0.782135 6.15
    endloop
  endfacet
  facet normal -0.505264 0.862965 0
    outer loop
      vertex -55.9324 0.782135 6.15
      vertex -56.0288 0.725693 7.15
      vertex -55.9324 0.782135 7.15
    endloop
  endfacet
  facet normal -0.505264 0.862965 0
    outer loop
      vertex -56.0288 0.725693 7.15
      vertex -55.9324 0.782135 6.15
      vertex -56.0288 0.725693 6.15
    endloop
  endfacet
  facet normal -0.379272 0.925285 0
    outer loop
      vertex -56.0288 0.725693 6.15
      vertex -56.1359 0.681793 7.15
      vertex -56.0288 0.725693 7.15
    endloop
  endfacet
  facet normal -0.379272 0.925285 0
    outer loop
      vertex -56.1359 0.681793 7.15
      vertex -56.0288 0.725693 6.15
      vertex -56.1359 0.681793 6.15
    endloop
  endfacet
  facet normal -0.256736 0.966482 0
    outer loop
      vertex -56.1359 0.681793 6.15
      vertex -56.254 0.650421 7.15
      vertex -56.1359 0.681793 7.15
    endloop
  endfacet
  facet normal -0.256736 0.966482 0
    outer loop
      vertex -56.254 0.650421 7.15
      vertex -56.1359 0.681793 6.15
      vertex -56.254 0.650421 6.15
    endloop
  endfacet
  facet normal -0.144538 0.989499 0
    outer loop
      vertex -56.254 0.650421 6.15
      vertex -56.3828 0.631607 7.15
      vertex -56.254 0.650421 7.15
    endloop
  endfacet
  facet normal -0.144538 0.989499 0
    outer loop
      vertex -56.3828 0.631607 7.15
      vertex -56.254 0.650421 6.15
      vertex -56.3828 0.631607 6.15
    endloop
  endfacet
  facet normal -0.0448119 0.998995 0
    outer loop
      vertex -56.3828 0.631607 6.15
      vertex -56.5226 0.625336 7.15
      vertex -56.3828 0.631607 7.15
    endloop
  endfacet
  facet normal -0.0448119 0.998995 0
    outer loop
      vertex -56.5226 0.625336 7.15
      vertex -56.3828 0.631607 6.15
      vertex -56.5226 0.625336 6.15
    endloop
  endfacet
  facet normal 0.044199 0.999023 -0
    outer loop
      vertex -56.5226 0.625336 6.15
      vertex -56.6671 0.631729 7.15
      vertex -56.5226 0.625336 7.15
    endloop
  endfacet
  facet normal 0.044199 0.999023 0
    outer loop
      vertex -56.6671 0.631729 7.15
      vertex -56.5226 0.625336 6.15
      vertex -56.6671 0.631729 6.15
    endloop
  endfacet
  facet normal 0.143148 0.989701 -0
    outer loop
      vertex -56.6671 0.631729 6.15
      vertex -56.7995 0.650879 7.15
      vertex -56.6671 0.631729 7.15
    endloop
  endfacet
  facet normal 0.143148 0.989701 0
    outer loop
      vertex -56.7995 0.650879 7.15
      vertex -56.6671 0.631729 6.15
      vertex -56.7995 0.650879 6.15
    endloop
  endfacet
  facet normal 0.256271 0.966605 -0
    outer loop
      vertex -56.7995 0.650879 6.15
      vertex -56.9199 0.6828 7.15
      vertex -56.7995 0.650879 7.15
    endloop
  endfacet
  facet normal 0.256271 0.966605 0
    outer loop
      vertex -56.9199 0.6828 7.15
      vertex -56.7995 0.650879 6.15
      vertex -56.9199 0.6828 6.15
    endloop
  endfacet
  facet normal 0.381889 0.924208 -0
    outer loop
      vertex -56.9199 0.6828 6.15
      vertex -57.0281 0.727509 7.15
      vertex -56.9199 0.6828 7.15
    endloop
  endfacet
  facet normal 0.381889 0.924208 0
    outer loop
      vertex -57.0281 0.727509 7.15
      vertex -56.9199 0.6828 6.15
      vertex -57.0281 0.727509 6.15
    endloop
  endfacet
  facet normal 0.512815 0.858499 -0
    outer loop
      vertex -57.0281 0.727509 6.15
      vertex -57.1243 0.784973 7.15
      vertex -57.0281 0.727509 7.15
    endloop
  endfacet
  facet normal 0.512815 0.858499 0
    outer loop
      vertex -57.1243 0.784973 7.15
      vertex -57.0281 0.727509 6.15
      vertex -57.1243 0.784973 6.15
    endloop
  endfacet
  facet normal 0.641375 0.767228 -0
    outer loop
      vertex -57.1243 0.784973 6.15
      vertex -57.2083 0.855194 7.15
      vertex -57.1243 0.784973 7.15
    endloop
  endfacet
  facet normal 0.641375 0.767228 0
    outer loop
      vertex -57.2083 0.855194 7.15
      vertex -57.1243 0.784973 6.15
      vertex -57.2083 0.855194 6.15
    endloop
  endfacet
  facet normal 0.750172 0.661242 0
    outer loop
      vertex -57.2083 0.855194 7.15
      vertex -57.2798 0.93631 6.15
      vertex -57.2798 0.93631 7.15
    endloop
  endfacet
  facet normal 0.750172 0.661242 0
    outer loop
      vertex -57.2798 0.93631 6.15
      vertex -57.2083 0.855194 7.15
      vertex -57.2083 0.855194 6.15
    endloop
  endfacet
  facet normal 0.838527 0.544861 0
    outer loop
      vertex -57.2798 0.93631 7.15
      vertex -57.3383 1.02634 6.15
      vertex -57.3383 1.02634 7.15
    endloop
  endfacet
  facet normal 0.838527 0.544861 0
    outer loop
      vertex -57.3383 1.02634 6.15
      vertex -57.2798 0.93631 7.15
      vertex -57.2798 0.93631 6.15
    endloop
  endfacet
  facet normal 0.908201 0.418534 0
    outer loop
      vertex -57.3383 1.02634 7.15
      vertex -57.3839 1.12529 6.15
      vertex -57.3839 1.12529 7.15
    endloop
  endfacet
  facet normal 0.908201 0.418534 0
    outer loop
      vertex -57.3839 1.12529 6.15
      vertex -57.3383 1.02634 7.15
      vertex -57.3383 1.02634 6.15
    endloop
  endfacet
  facet normal 0.957493 0.288455 0
    outer loop
      vertex -57.3839 1.12529 7.15
      vertex -57.4164 1.23317 6.15
      vertex -57.4164 1.23317 7.15
    endloop
  endfacet
  facet normal 0.957493 0.288455 0
    outer loop
      vertex -57.4164 1.23317 6.15
      vertex -57.3839 1.12529 7.15
      vertex -57.3839 1.12529 6.15
    endloop
  endfacet
  facet normal 0.986353 0.164645 0
    outer loop
      vertex -57.4164 1.23317 7.15
      vertex -57.4359 1.34999 6.15
      vertex -57.4359 1.34999 7.15
    endloop
  endfacet
  facet normal 0.986353 0.164645 0
    outer loop
      vertex -57.4359 1.34999 6.15
      vertex -57.4164 1.23317 7.15
      vertex -57.4164 1.23317 6.15
    endloop
  endfacet
  facet normal 0.998666 0.0516291 0
    outer loop
      vertex -57.4359 1.34999 7.15
      vertex -57.4424 1.47572 6.15
      vertex -57.4424 1.47572 7.15
    endloop
  endfacet
  facet normal 0.998666 0.0516291 0
    outer loop
      vertex -57.4424 1.47572 6.15
      vertex -57.4359 1.34999 7.15
      vertex -57.4359 1.34999 6.15
    endloop
  endfacet
  facet normal 0.998667 -0.051625 0
    outer loop
      vertex -57.4424 1.47572 7.15
      vertex -57.4359 1.60146 6.15
      vertex -57.4359 1.60146 7.15
    endloop
  endfacet
  facet normal 0.998667 -0.051625 0
    outer loop
      vertex -57.4359 1.60146 6.15
      vertex -57.4424 1.47572 7.15
      vertex -57.4424 1.47572 6.15
    endloop
  endfacet
  facet normal 0.986348 -0.164673 0
    outer loop
      vertex -57.4359 1.60146 7.15
      vertex -57.4164 1.71826 6.15
      vertex -57.4164 1.71826 7.15
    endloop
  endfacet
  facet normal 0.986348 -0.164673 0
    outer loop
      vertex -57.4164 1.71826 6.15
      vertex -57.4359 1.60146 7.15
      vertex -57.4359 1.60146 6.15
    endloop
  endfacet
  facet normal 0.957493 -0.288455 0
    outer loop
      vertex -57.4164 1.71826 7.15
      vertex -57.3839 1.82614 6.15
      vertex -57.3839 1.82614 7.15
    endloop
  endfacet
  facet normal 0.957493 -0.288455 0
    outer loop
      vertex -57.3839 1.82614 6.15
      vertex -57.4164 1.71826 7.15
      vertex -57.4164 1.71826 6.15
    endloop
  endfacet
  facet normal 0.908185 -0.418569 0
    outer loop
      vertex -57.3839 1.82614 7.15
      vertex -57.3383 1.92508 6.15
      vertex -57.3383 1.92508 7.15
    endloop
  endfacet
  facet normal 0.908185 -0.418569 0
    outer loop
      vertex -57.3383 1.92508 6.15
      vertex -57.3839 1.82614 7.15
      vertex -57.3839 1.82614 6.15
    endloop
  endfacet
  facet normal 0.838471 -0.544946 0
    outer loop
      vertex -57.3383 1.92508 7.15
      vertex -57.2798 2.01509 6.15
      vertex -57.2798 2.01509 7.15
    endloop
  endfacet
  facet normal 0.838471 -0.544946 0
    outer loop
      vertex -57.2798 2.01509 6.15
      vertex -57.3383 1.92508 7.15
      vertex -57.3383 1.92508 6.15
    endloop
  endfacet
  facet normal 0.750067 -0.661362 0
    outer loop
      vertex -57.2798 2.01509 7.15
      vertex -57.2083 2.09618 6.15
      vertex -57.2083 2.09618 7.15
    endloop
  endfacet
  facet normal 0.750067 -0.661362 0
    outer loop
      vertex -57.2083 2.09618 6.15
      vertex -57.2798 2.01509 7.15
      vertex -57.2798 2.01509 6.15
    endloop
  endfacet
  facet normal 0.641531 -0.767097 0
    outer loop
      vertex -57.2083 2.09618 6.15
      vertex -57.1243 2.16643 7.15
      vertex -57.2083 2.09618 7.15
    endloop
  endfacet
  facet normal 0.641531 -0.767097 0
    outer loop
      vertex -57.1243 2.16643 7.15
      vertex -57.2083 2.09618 6.15
      vertex -57.1243 2.16643 6.15
    endloop
  endfacet
  facet normal 0.51292 -0.858436 0
    outer loop
      vertex -57.1243 2.16643 6.15
      vertex -57.0281 2.22391 7.15
      vertex -57.1243 2.16643 7.15
    endloop
  endfacet
  facet normal 0.51292 -0.858436 0
    outer loop
      vertex -57.0281 2.22391 7.15
      vertex -57.1243 2.16643 6.15
      vertex -57.0281 2.22391 6.15
    endloop
  endfacet
  facet normal 0.381897 -0.924205 0
    outer loop
      vertex -57.0281 2.22391 6.15
      vertex -56.9199 2.26862 7.15
      vertex -57.0281 2.22391 7.15
    endloop
  endfacet
  facet normal 0.381897 -0.924205 0
    outer loop
      vertex -56.9199 2.26862 7.15
      vertex -57.0281 2.22391 6.15
      vertex -56.9199 2.26862 6.15
    endloop
  endfacet
  facet normal 0.256338 -0.966587 0
    outer loop
      vertex -56.9199 2.26862 6.15
      vertex -56.7995 2.30055 7.15
      vertex -56.9199 2.26862 7.15
    endloop
  endfacet
  facet normal 0.256338 -0.966587 0
    outer loop
      vertex -56.7995 2.30055 7.15
      vertex -56.9199 2.26862 6.15
      vertex -56.7995 2.30055 6.15
    endloop
  endfacet
  facet normal 0.143294 -0.98968 0
    outer loop
      vertex -56.7995 2.30055 6.15
      vertex -56.6671 2.31972 7.15
      vertex -56.7995 2.30055 7.15
    endloop
  endfacet
  facet normal 0.143294 -0.98968 0
    outer loop
      vertex -56.6671 2.31972 7.15
      vertex -56.7995 2.30055 6.15
      vertex -56.6671 2.31972 6.15
    endloop
  endfacet
  facet normal 0.0441093 -0.999027 0
    outer loop
      vertex -56.6671 2.31972 6.15
      vertex -56.5226 2.3261 7.15
      vertex -56.6671 2.31972 7.15
    endloop
  endfacet
  facet normal 0.0441093 -0.999027 0
    outer loop
      vertex -56.5226 2.3261 7.15
      vertex -56.6671 2.31972 6.15
      vertex -56.5226 2.3261 6.15
    endloop
  endfacet
  facet normal -0.0448761 -0.998993 0
    outer loop
      vertex -56.5226 2.3261 6.15
      vertex -56.3828 2.31982 7.15
      vertex -56.5226 2.3261 7.15
    endloop
  endfacet
  facet normal -0.0448761 -0.998993 -0
    outer loop
      vertex -56.3828 2.31982 7.15
      vertex -56.5226 2.3261 6.15
      vertex -56.3828 2.31982 6.15
    endloop
  endfacet
  facet normal -0.144507 -0.989504 0
    outer loop
      vertex -56.3828 2.31982 6.15
      vertex -56.254 2.30101 7.15
      vertex -56.3828 2.31982 7.15
    endloop
  endfacet
  facet normal -0.144507 -0.989504 -0
    outer loop
      vertex -56.254 2.30101 7.15
      vertex -56.3828 2.31982 6.15
      vertex -56.254 2.30101 6.15
    endloop
  endfacet
  facet normal -0.25672 -0.966486 0
    outer loop
      vertex -56.254 2.30101 6.15
      vertex -56.1359 2.26964 7.15
      vertex -56.254 2.30101 7.15
    endloop
  endfacet
  facet normal -0.25672 -0.966486 -0
    outer loop
      vertex -56.1359 2.26964 7.15
      vertex -56.254 2.30101 6.15
      vertex -56.1359 2.26964 6.15
    endloop
  endfacet
  facet normal -0.37942 -0.925225 0
    outer loop
      vertex -56.1359 2.26964 6.15
      vertex -56.0288 2.22572 7.15
      vertex -56.1359 2.26964 7.15
    endloop
  endfacet
  facet normal -0.37942 -0.925225 -0
    outer loop
      vertex -56.0288 2.22572 7.15
      vertex -56.1359 2.26964 6.15
      vertex -56.0288 2.22572 6.15
    endloop
  endfacet
  facet normal -0.505317 -0.862934 0
    outer loop
      vertex -56.0288 2.22572 6.15
      vertex -55.9324 2.16927 7.15
      vertex -56.0288 2.22572 7.15
    endloop
  endfacet
  facet normal -0.505317 -0.862934 -0
    outer loop
      vertex -55.9324 2.16927 7.15
      vertex -56.0288 2.22572 6.15
      vertex -55.9324 2.16927 6.15
    endloop
  endfacet
  facet normal -0.628464 -0.777838 0
    outer loop
      vertex -55.9324 2.16927 6.15
      vertex -55.847 2.10027 7.15
      vertex -55.9324 2.16927 7.15
    endloop
  endfacet
  facet normal -0.628464 -0.777838 -0
    outer loop
      vertex -55.847 2.10027 7.15
      vertex -55.9324 2.16927 6.15
      vertex -55.847 2.10027 6.15
    endloop
  endfacet
  facet normal -0.737143 -0.675737 0
    outer loop
      vertex -55.7736 2.0202 6.15
      vertex -55.847 2.10027 7.15
      vertex -55.847 2.10027 6.15
    endloop
  endfacet
  facet normal -0.737143 -0.675737 0
    outer loop
      vertex -55.847 2.10027 7.15
      vertex -55.7736 2.0202 6.15
      vertex -55.7736 2.0202 7.15
    endloop
  endfacet
  facet normal -0.831108 -0.556111 0
    outer loop
      vertex -55.7136 1.93053 6.15
      vertex -55.7736 2.0202 7.15
      vertex -55.7736 2.0202 6.15
    endloop
  endfacet
  facet normal -0.831108 -0.556111 0
    outer loop
      vertex -55.7736 2.0202 7.15
      vertex -55.7136 1.93053 6.15
      vertex -55.7136 1.93053 7.15
    endloop
  endfacet
  facet normal -0.904905 -0.425613 0
    outer loop
      vertex -55.6669 1.83124 6.15
      vertex -55.7136 1.93053 7.15
      vertex -55.7136 1.93053 6.15
    endloop
  endfacet
  facet normal -0.904905 -0.425613 0
    outer loop
      vertex -55.7136 1.93053 7.15
      vertex -55.6669 1.83124 6.15
      vertex -55.6669 1.83124 7.15
    endloop
  endfacet
  facet normal -0.956044 -0.293222 0
    outer loop
      vertex -55.6335 1.72234 6.15
      vertex -55.6669 1.83124 7.15
      vertex -55.6669 1.83124 6.15
    endloop
  endfacet
  facet normal -0.956044 -0.293222 0
    outer loop
      vertex -55.6669 1.83124 7.15
      vertex -55.6335 1.72234 6.15
      vertex -55.6335 1.72234 7.15
    endloop
  endfacet
  facet normal -0.986055 -0.166423 0
    outer loop
      vertex -55.6135 1.60384 6.15
      vertex -55.6335 1.72234 7.15
      vertex -55.6335 1.72234 6.15
    endloop
  endfacet
  facet normal -0.986055 -0.166423 0
    outer loop
      vertex -55.6335 1.72234 7.15
      vertex -55.6135 1.60384 6.15
      vertex -55.6135 1.60384 7.15
    endloop
  endfacet
  facet normal -0.998676 -0.051446 0
    outer loop
      vertex -55.6069 1.47572 6.15
      vertex -55.6135 1.60384 7.15
      vertex -55.6135 1.60384 6.15
    endloop
  endfacet
  facet normal -0.998676 -0.051446 0
    outer loop
      vertex -55.6135 1.60384 7.15
      vertex -55.6069 1.47572 6.15
      vertex -55.6069 1.47572 7.15
    endloop
  endfacet
  facet normal -0.998676 0.05145 0
    outer loop
      vertex -55.6135 1.34761 6.15
      vertex -55.6069 1.47572 7.15
      vertex -55.6069 1.47572 6.15
    endloop
  endfacet
  facet normal -0.998676 0.05145 0
    outer loop
      vertex -55.6069 1.47572 7.15
      vertex -55.6135 1.34761 6.15
      vertex -55.6135 1.34761 7.15
    endloop
  endfacet
endsolid OpenSCAD_Model
