solid OpenSCAD_Model
  facet normal -0.165288 0.688665 0.705989
    outer loop
      vertex -24.9215 -60.8241 1.4
      vertex -24.6011 -60.7472 1.4
      vertex -25.0466 -60.034 0.6
    endloop
  endfacet
  facet normal -0.165306 0.688657 0.705992
    outer loop
      vertex -24.6011 -60.7472 1.4
      vertex -24.8483 -59.9864 0.6
      vertex -25.0466 -60.034 0.6
    endloop
  endfacet
  facet normal 0.996906 0.0785993 0
    outer loop
      vertex -60.8241 -59.0785 3.2
      vertex -60.85 -58.75 1.4
      vertex -60.85 -58.75 3.2
    endloop
  endfacet
  facet normal 0.996906 0.0785993 0
    outer loop
      vertex -60.85 -58.75 1.4
      vertex -60.8241 -59.0785 3.2
      vertex -60.8241 -59.0785 1.4
    endloop
  endfacet
  facet normal -0.972385 -0.233384 0
    outer loop
      vertex -23.1759 -24.9215 1.4
      vertex -23.2528 -24.6011 3.2
      vertex -23.2528 -24.6011 1.4
    endloop
  endfacet
  facet normal -0.972385 -0.233384 0
    outer loop
      vertex -23.2528 -24.6011 3.2
      vertex -23.1759 -24.9215 1.4
      vertex -23.1759 -24.9215 3.2
    endloop
  endfacet
  facet normal -0.0555371 0.706015 0.706015
    outer loop
      vertex -25.0466 -60.034 0.6
      vertex -25.25 -60.05 0.6
      vertex -25.25 -60.85 1.4
    endloop
  endfacet
  facet normal 0.688665 0.165288 0.705989
    outer loop
      vertex -60.7472 -59.3989 1.4
      vertex -60.034 -58.9534 0.6
      vertex -60.8241 -59.0785 1.4
    endloop
  endfacet
  facet normal 0.706027 0.0556654 0.705994
    outer loop
      vertex -60.8241 -59.0785 1.4
      vertex -60.034 -58.9534 0.6
      vertex -60.85 -58.75 1.4
    endloop
  endfacet
  facet normal -0.538453 -0.459994 0.706027
    outer loop
      vertex -24.1983 -24.4859 0.6
      vertex -23.7651 -23.7651 1.4
      vertex -24.3308 -24.3308 0.6
    endloop
  endfacet
  facet normal -0.459994 0.538453 0.706027
    outer loop
      vertex -23.7651 -60.2349 1.4
      vertex -24.3308 -59.6692 0.6
      vertex -24.4859 -59.8017 0.6
    endloop
  endfacet
  facet normal -0.0785993 0.996906 0
    outer loop
      vertex -24.9215 -60.8241 1.4
      vertex -25.25 -60.85 3.2
      vertex -24.9215 -60.8241 3.2
    endloop
  endfacet
  facet normal -0.0785993 0.996906 0
    outer loop
      vertex -25.25 -60.85 3.2
      vertex -24.9215 -60.8241 1.4
      vertex -25.25 -60.85 1.4
    endloop
  endfacet
  facet normal 0.972385 0.233384 0
    outer loop
      vertex -60.7472 -59.3989 3.2
      vertex -60.8241 -59.0785 1.4
      vertex -60.8241 -59.0785 3.2
    endloop
  endfacet
  facet normal 0.972385 0.233384 0
    outer loop
      vertex -60.8241 -59.0785 1.4
      vertex -60.7472 -59.3989 3.2
      vertex -60.7472 -59.3989 1.4
    endloop
  endfacet
  facet normal -0.37012 -0.603789 0.70601
    outer loop
      vertex -24.4859 -24.1983 0.6
      vertex -24.2966 -23.3789 1.4
      vertex -24.6598 -24.0917 0.6
    endloop
  endfacet
  facet normal 0.233384 -0.972385 0
    outer loop
      vertex -59.3989 -23.2528 1.4
      vertex -59.0785 -23.1759 3.2
      vertex -59.3989 -23.2528 3.2
    endloop
  endfacet
  facet normal 0.233384 -0.972385 0
    outer loop
      vertex -59.0785 -23.1759 3.2
      vertex -59.3989 -23.2528 1.4
      vertex -59.0785 -23.1759 1.4
    endloop
  endfacet
  facet normal -0.996906 0.0785993 0
    outer loop
      vertex -23.1759 -59.0785 1.4
      vertex -23.15 -58.75 3.2
      vertex -23.15 -58.75 1.4
    endloop
  endfacet
  facet normal -0.996906 0.0785993 0
    outer loop
      vertex -23.15 -58.75 3.2
      vertex -23.1759 -59.0785 1.4
      vertex -23.1759 -59.0785 3.2
    endloop
  endfacet
  facet normal -0.165288 -0.688665 0.705989
    outer loop
      vertex -24.6011 -23.2528 1.4
      vertex -24.9215 -23.1759 1.4
      vertex -25.0466 -23.966 0.6
    endloop
  endfacet
  facet normal -0 0.707107 0.707107
    outer loop
      vertex -58.75 -60.05 0.6
      vertex -25.25 -60.85 1.4
      vertex -25.25 -60.05 0.6
    endloop
  endfacet
  facet normal 0 0.707107 0.707107
    outer loop
      vertex -25.25 -60.85 1.4
      vertex -58.75 -60.05 0.6
      vertex -58.75 -60.85 1.4
    endloop
  endfacet
  facet normal -0.233384 0.972385 0
    outer loop
      vertex -24.6011 -60.7472 1.4
      vertex -24.9215 -60.8241 3.2
      vertex -24.6011 -60.7472 3.2
    endloop
  endfacet
  facet normal -0.233384 0.972385 0
    outer loop
      vertex -24.9215 -60.8241 3.2
      vertex -24.6011 -60.7472 1.4
      vertex -24.9215 -60.8241 1.4
    endloop
  endfacet
  facet normal -0.0556654 0.706027 0.705994
    outer loop
      vertex -24.9215 -60.8241 1.4
      vertex -25.0466 -60.034 0.6
      vertex -25.25 -60.85 1.4
    endloop
  endfacet
  facet normal -0.271086 -0.654285 0.705991
    outer loop
      vertex -24.6598 -24.0917 0.6
      vertex -24.6011 -23.2528 1.4
      vertex -24.8483 -24.0136 0.6
    endloop
  endfacet
  facet normal 0.382611 0.92391 -0
    outer loop
      vertex -59.3989 -60.7472 1.4
      vertex -59.7034 -60.6211 3.2
      vertex -59.3989 -60.7472 3.2
    endloop
  endfacet
  facet normal 0.382611 0.92391 0
    outer loop
      vertex -59.7034 -60.6211 3.2
      vertex -59.3989 -60.7472 1.4
      vertex -59.7034 -60.6211 1.4
    endloop
  endfacet
  facet normal -0.760455 0.649391 0
    outer loop
      vertex -23.7651 -60.2349 1.4
      vertex -23.5511 -59.9843 3.2
      vertex -23.5511 -59.9843 1.4
    endloop
  endfacet
  facet normal -0.760455 0.649391 0
    outer loop
      vertex -23.5511 -59.9843 3.2
      vertex -23.7651 -60.2349 1.4
      vertex -23.7651 -60.2349 3.2
    endloop
  endfacet
  facet normal 0.233384 0.972385 -0
    outer loop
      vertex -59.0785 -60.8241 1.4
      vertex -59.3989 -60.7472 3.2
      vertex -59.0785 -60.8241 3.2
    endloop
  endfacet
  facet normal 0.233384 0.972385 0
    outer loop
      vertex -59.3989 -60.7472 3.2
      vertex -59.0785 -60.8241 1.4
      vertex -59.3989 -60.7472 1.4
    endloop
  endfacet
  facet normal 0.0556654 -0.706027 0.705994
    outer loop
      vertex -58.9534 -23.966 0.6
      vertex -58.75 -23.15 1.4
      vertex -59.0785 -23.1759 1.4
    endloop
  endfacet
  facet normal 0.165306 0.688657 0.705992
    outer loop
      vertex -58.9534 -60.034 0.6
      vertex -59.1517 -59.9864 0.6
      vertex -59.3989 -60.7472 1.4
    endloop
  endfacet
  facet normal -0.270965 0.654313 0.706011
    outer loop
      vertex -24.6011 -60.7472 1.4
      vertex -24.2966 -60.6211 1.4
      vertex -24.6598 -59.9083 0.6
    endloop
  endfacet
  facet normal -0.92391 -0.382611 0
    outer loop
      vertex -23.2528 -24.6011 1.4
      vertex -23.3789 -24.2966 3.2
      vertex -23.3789 -24.2966 1.4
    endloop
  endfacet
  facet normal -0.92391 -0.382611 0
    outer loop
      vertex -23.3789 -24.2966 3.2
      vertex -23.2528 -24.6011 1.4
      vertex -23.2528 -24.6011 3.2
    endloop
  endfacet
  facet normal 0.760455 -0.649391 0
    outer loop
      vertex -60.4489 -24.0157 3.2
      vertex -60.2349 -23.7651 1.4
      vertex -60.2349 -23.7651 3.2
    endloop
  endfacet
  facet normal 0.760455 -0.649391 0
    outer loop
      vertex -60.2349 -23.7651 1.4
      vertex -60.4489 -24.0157 3.2
      vertex -60.4489 -24.0157 1.4
    endloop
  endfacet
  facet normal 0.852553 0.52264 0
    outer loop
      vertex -60.4489 -59.9843 3.2
      vertex -60.6211 -59.7034 1.4
      vertex -60.6211 -59.7034 3.2
    endloop
  endfacet
  facet normal 0.852553 0.52264 0
    outer loop
      vertex -60.6211 -59.7034 1.4
      vertex -60.4489 -59.9843 3.2
      vertex -60.4489 -59.9843 1.4
    endloop
  endfacet
  facet normal -0.972385 0.233384 0
    outer loop
      vertex -23.2528 -59.3989 1.4
      vertex -23.1759 -59.0785 3.2
      vertex -23.1759 -59.0785 1.4
    endloop
  endfacet
  facet normal -0.972385 0.233384 0
    outer loop
      vertex -23.1759 -59.0785 3.2
      vertex -23.2528 -59.3989 1.4
      vertex -23.2528 -59.3989 3.2
    endloop
  endfacet
  facet normal 0.271086 0.654285 0.705991
    outer loop
      vertex -59.1517 -59.9864 0.6
      vertex -59.3402 -59.9083 0.6
      vertex -59.3989 -60.7472 1.4
    endloop
  endfacet
  facet normal 0 1 -0
    outer loop
      vertex -25.25 -60.85 1.4
      vertex -58.75 -60.85 3.2
      vertex -25.25 -60.85 3.2
    endloop
  endfacet
  facet normal 0 1 0
    outer loop
      vertex -58.75 -60.85 3.2
      vertex -25.25 -60.85 1.4
      vertex -58.75 -60.85 1.4
    endloop
  endfacet
  facet normal 0.0555371 -0.706015 0.706015
    outer loop
      vertex -58.75 -23.95 0.6
      vertex -58.75 -23.15 1.4
      vertex -58.9534 -23.966 0.6
    endloop
  endfacet
  facet normal -0.53856 -0.459904 0.706004
    outer loop
      vertex -23.5511 -24.0157 1.4
      vertex -23.7651 -23.7651 1.4
      vertex -24.1983 -24.4859 0.6
    endloop
  endfacet
  facet normal -0.538453 0.459994 0.706027
    outer loop
      vertex -23.7651 -60.2349 1.4
      vertex -24.1983 -59.5141 0.6
      vertex -24.3308 -59.6692 0.6
    endloop
  endfacet
  facet normal 0.0555371 0.706015 0.706015
    outer loop
      vertex -58.75 -60.85 1.4
      vertex -58.75 -60.05 0.6
      vertex -58.9534 -60.034 0.6
    endloop
  endfacet
  facet normal 0 -0.707107 0.707107
    outer loop
      vertex -58.75 -23.15 1.4
      vertex -25.25 -23.95 0.6
      vertex -25.25 -23.15 1.4
    endloop
  endfacet
  facet normal 0 -0.707107 0.707107
    outer loop
      vertex -25.25 -23.95 0.6
      vertex -58.75 -23.15 1.4
      vertex -58.75 -23.95 0.6
    endloop
  endfacet
  facet normal -0.459994 -0.538453 0.706027
    outer loop
      vertex -24.3308 -24.3308 0.6
      vertex -23.7651 -23.7651 1.4
      vertex -24.4859 -24.1983 0.6
    endloop
  endfacet
  facet normal 0 -1 0
    outer loop
      vertex -58.75 -23.15 1.4
      vertex -25.25 -23.15 3.2
      vertex -58.75 -23.15 3.2
    endloop
  endfacet
  facet normal 0 -1 -0
    outer loop
      vertex -25.25 -23.15 3.2
      vertex -58.75 -23.15 1.4
      vertex -25.25 -23.15 1.4
    endloop
  endfacet
  facet normal -0.707107 0 0.707107
    outer loop
      vertex -23.95 -25.25 0.6
      vertex -23.15 -58.75 1.4
      vertex -23.15 -25.25 1.4
    endloop
  endfacet
  facet normal -0.707107 0 0.707107
    outer loop
      vertex -23.15 -58.75 1.4
      vertex -23.95 -25.25 0.6
      vertex -23.95 -58.75 0.6
    endloop
  endfacet
  facet normal 0.459904 -0.53856 0.706004
    outer loop
      vertex -59.5141 -24.1983 0.6
      vertex -59.9843 -23.5511 1.4
      vertex -60.2349 -23.7651 1.4
    endloop
  endfacet
  facet normal 0.688665 -0.165288 0.705989
    outer loop
      vertex -60.034 -25.0466 0.6
      vertex -60.7472 -24.6011 1.4
      vertex -60.8241 -24.9215 1.4
    endloop
  endfacet
  facet normal -0.37012 0.603789 0.70601
    outer loop
      vertex -24.2966 -60.6211 1.4
      vertex -24.4859 -59.8017 0.6
      vertex -24.6598 -59.9083 0.6
    endloop
  endfacet
  facet normal -0.52264 -0.852553 0
    outer loop
      vertex -24.2966 -23.3789 1.4
      vertex -24.0157 -23.5511 3.2
      vertex -24.2966 -23.3789 3.2
    endloop
  endfacet
  facet normal -0.52264 -0.852553 -0
    outer loop
      vertex -24.0157 -23.5511 3.2
      vertex -24.2966 -23.3789 1.4
      vertex -24.0157 -23.5511 1.4
    endloop
  endfacet
  facet normal 0.37012 0.603789 0.70601
    outer loop
      vertex -59.3402 -59.9083 0.6
      vertex -59.5141 -59.8017 0.6
      vertex -59.7034 -60.6211 1.4
    endloop
  endfacet
  facet normal -0.370136 0.603782 0.706007
    outer loop
      vertex -24.2966 -60.6211 1.4
      vertex -24.0157 -60.4489 1.4
      vertex -24.4859 -59.8017 0.6
    endloop
  endfacet
  facet normal 0.603789 0.37012 0.70601
    outer loop
      vertex -59.8017 -59.5141 0.6
      vertex -59.9083 -59.3402 0.6
      vertex -60.6211 -59.7034 1.4
    endloop
  endfacet
  facet normal 0.654313 0.270965 0.706011
    outer loop
      vertex -60.6211 -59.7034 1.4
      vertex -59.9083 -59.3402 0.6
      vertex -60.7472 -59.3989 1.4
    endloop
  endfacet
  facet normal 0.459994 0.538453 0.706027
    outer loop
      vertex -59.5141 -59.8017 0.6
      vertex -59.6692 -59.6692 0.6
      vertex -60.2349 -60.2349 1.4
    endloop
  endfacet
  facet normal 0.52264 0.852553 -0
    outer loop
      vertex -59.7034 -60.6211 1.4
      vertex -59.9843 -60.4489 3.2
      vertex -59.7034 -60.6211 3.2
    endloop
  endfacet
  facet normal 0.52264 0.852553 0
    outer loop
      vertex -59.9843 -60.4489 3.2
      vertex -59.7034 -60.6211 1.4
      vertex -59.9843 -60.4489 1.4
    endloop
  endfacet
  facet normal -0.52264 0.852553 0
    outer loop
      vertex -24.0157 -60.4489 1.4
      vertex -24.2966 -60.6211 3.2
      vertex -24.0157 -60.4489 3.2
    endloop
  endfacet
  facet normal -0.52264 0.852553 0
    outer loop
      vertex -24.2966 -60.6211 3.2
      vertex -24.0157 -60.4489 1.4
      vertex -24.2966 -60.6211 1.4
    endloop
  endfacet
  facet normal 1 -0 0
    outer loop
      vertex -60.85 -58.75 3.2
      vertex -60.85 -25.25 1.4
      vertex -60.85 -25.25 3.2
    endloop
  endfacet
  facet normal 1 0 0
    outer loop
      vertex -60.85 -25.25 1.4
      vertex -60.85 -58.75 3.2
      vertex -60.85 -58.75 1.4
    endloop
  endfacet
  facet normal 0.706015 0.0555371 0.706015
    outer loop
      vertex -60.034 -58.9534 0.6
      vertex -60.05 -58.75 0.6
      vertex -60.85 -58.75 1.4
    endloop
  endfacet
  facet normal 0.270965 0.654313 0.706011
    outer loop
      vertex -59.3989 -60.7472 1.4
      vertex -59.3402 -59.9083 0.6
      vertex -59.7034 -60.6211 1.4
    endloop
  endfacet
  facet normal -1 0 0
    outer loop
      vertex -23.15 -58.75 1.4
      vertex -23.15 -25.25 3.2
      vertex -23.15 -25.25 1.4
    endloop
  endfacet
  facet normal -1 -0 0
    outer loop
      vertex -23.15 -25.25 3.2
      vertex -23.15 -58.75 1.4
      vertex -23.15 -58.75 3.2
    endloop
  endfacet
  facet normal -0.654285 0.271086 0.705991
    outer loop
      vertex -23.2528 -59.3989 1.4
      vertex -24.0136 -59.1517 0.6
      vertex -24.0917 -59.3402 0.6
    endloop
  endfacet
  facet normal 0.706015 -0.0555371 0.706015
    outer loop
      vertex -60.05 -25.25 0.6
      vertex -60.034 -25.0466 0.6
      vertex -60.85 -25.25 1.4
    endloop
  endfacet
  facet normal 0.603782 -0.370136 0.706007
    outer loop
      vertex -59.8017 -24.4859 0.6
      vertex -60.4489 -24.0157 1.4
      vertex -60.6211 -24.2966 1.4
    endloop
  endfacet
  facet normal -0.760455 -0.649391 0
    outer loop
      vertex -23.5511 -24.0157 1.4
      vertex -23.7651 -23.7651 3.2
      vertex -23.7651 -23.7651 1.4
    endloop
  endfacet
  facet normal -0.760455 -0.649391 0
    outer loop
      vertex -23.7651 -23.7651 3.2
      vertex -23.5511 -24.0157 1.4
      vertex -23.5511 -24.0157 3.2
    endloop
  endfacet
  facet normal 0.92391 -0.382611 0
    outer loop
      vertex -60.7472 -24.6011 3.2
      vertex -60.6211 -24.2966 1.4
      vertex -60.6211 -24.2966 3.2
    endloop
  endfacet
  facet normal 0.92391 -0.382611 0
    outer loop
      vertex -60.6211 -24.2966 1.4
      vertex -60.7472 -24.6011 3.2
      vertex -60.7472 -24.6011 1.4
    endloop
  endfacet
  facet normal 0.972385 -0.233384 0
    outer loop
      vertex -60.8241 -24.9215 3.2
      vertex -60.7472 -24.6011 1.4
      vertex -60.7472 -24.6011 3.2
    endloop
  endfacet
  facet normal 0.972385 -0.233384 0
    outer loop
      vertex -60.7472 -24.6011 1.4
      vertex -60.8241 -24.9215 3.2
      vertex -60.8241 -24.9215 1.4
    endloop
  endfacet
  facet normal 0.538453 -0.459994 0.706027
    outer loop
      vertex -59.8017 -24.4859 0.6
      vertex -59.6692 -24.3308 0.6
      vertex -60.2349 -23.7651 1.4
    endloop
  endfacet
  facet normal 0.53856 0.459904 0.706004
    outer loop
      vertex -60.2349 -60.2349 1.4
      vertex -59.8017 -59.5141 0.6
      vertex -60.4489 -59.9843 1.4
    endloop
  endfacet
  facet normal 0.654285 0.271086 0.705991
    outer loop
      vertex -59.9083 -59.3402 0.6
      vertex -59.9864 -59.1517 0.6
      vertex -60.7472 -59.3989 1.4
    endloop
  endfacet
  facet normal 0.688657 -0.165306 0.705992
    outer loop
      vertex -60.034 -25.0466 0.6
      vertex -59.9864 -24.8483 0.6
      vertex -60.7472 -24.6011 1.4
    endloop
  endfacet
  facet normal -0.271086 0.654285 0.705991
    outer loop
      vertex -24.6011 -60.7472 1.4
      vertex -24.6598 -59.9083 0.6
      vertex -24.8483 -59.9864 0.6
    endloop
  endfacet
  facet normal -0.649391 0.760455 0
    outer loop
      vertex -23.7651 -60.2349 1.4
      vertex -24.0157 -60.4489 3.2
      vertex -23.7651 -60.2349 3.2
    endloop
  endfacet
  facet normal -0.649391 0.760455 0
    outer loop
      vertex -24.0157 -60.4489 3.2
      vertex -23.7651 -60.2349 1.4
      vertex -24.0157 -60.4489 1.4
    endloop
  endfacet
  facet normal 0.654313 -0.270965 0.706011
    outer loop
      vertex -59.9083 -24.6598 0.6
      vertex -60.6211 -24.2966 1.4
      vertex -60.7472 -24.6011 1.4
    endloop
  endfacet
  facet normal -0.459904 0.53856 0.706004
    outer loop
      vertex -24.0157 -60.4489 1.4
      vertex -23.7651 -60.2349 1.4
      vertex -24.4859 -59.8017 0.6
    endloop
  endfacet
  facet normal -0.706027 0.0556654 0.705994
    outer loop
      vertex -23.1759 -59.0785 1.4
      vertex -23.15 -58.75 1.4
      vertex -23.966 -58.9534 0.6
    endloop
  endfacet
  facet normal 0.760455 0.649391 0
    outer loop
      vertex -60.2349 -60.2349 3.2
      vertex -60.4489 -59.9843 1.4
      vertex -60.4489 -59.9843 3.2
    endloop
  endfacet
  facet normal 0.760455 0.649391 0
    outer loop
      vertex -60.4489 -59.9843 1.4
      vertex -60.2349 -60.2349 3.2
      vertex -60.2349 -60.2349 1.4
    endloop
  endfacet
  facet normal 0.165288 0.688665 0.705989
    outer loop
      vertex -59.0785 -60.8241 1.4
      vertex -58.9534 -60.034 0.6
      vertex -59.3989 -60.7472 1.4
    endloop
  endfacet
  facet normal 0.649391 -0.760455 0
    outer loop
      vertex -60.2349 -23.7651 1.4
      vertex -59.9843 -23.5511 3.2
      vertex -60.2349 -23.7651 3.2
    endloop
  endfacet
  facet normal 0.649391 -0.760455 0
    outer loop
      vertex -59.9843 -23.5511 3.2
      vertex -60.2349 -23.7651 1.4
      vertex -59.9843 -23.5511 1.4
    endloop
  endfacet
  facet normal 0.370136 -0.603782 0.706007
    outer loop
      vertex -59.5141 -24.1983 0.6
      vertex -59.7034 -23.3789 1.4
      vertex -59.9843 -23.5511 1.4
    endloop
  endfacet
  facet normal 0.688657 0.165306 0.705992
    outer loop
      vertex -59.9864 -59.1517 0.6
      vertex -60.034 -58.9534 0.6
      vertex -60.7472 -59.3989 1.4
    endloop
  endfacet
  facet normal -0.0555371 -0.706015 0.706015
    outer loop
      vertex -25.0466 -23.966 0.6
      vertex -25.25 -23.15 1.4
      vertex -25.25 -23.95 0.6
    endloop
  endfacet
  facet normal -0.852553 0.52264 0
    outer loop
      vertex -23.5511 -59.9843 1.4
      vertex -23.3789 -59.7034 3.2
      vertex -23.3789 -59.7034 1.4
    endloop
  endfacet
  facet normal -0.852553 0.52264 0
    outer loop
      vertex -23.3789 -59.7034 3.2
      vertex -23.5511 -59.9843 1.4
      vertex -23.5511 -59.9843 3.2
    endloop
  endfacet
  facet normal 0.603782 0.370136 0.706007
    outer loop
      vertex -60.4489 -59.9843 1.4
      vertex -59.8017 -59.5141 0.6
      vertex -60.6211 -59.7034 1.4
    endloop
  endfacet
  facet normal 0.538453 0.459994 0.706027
    outer loop
      vertex -59.6692 -59.6692 0.6
      vertex -59.8017 -59.5141 0.6
      vertex -60.2349 -60.2349 1.4
    endloop
  endfacet
  facet normal 0.649391 0.760455 -0
    outer loop
      vertex -59.9843 -60.4489 1.4
      vertex -60.2349 -60.2349 3.2
      vertex -59.9843 -60.4489 3.2
    endloop
  endfacet
  facet normal 0.649391 0.760455 0
    outer loop
      vertex -60.2349 -60.2349 3.2
      vertex -59.9843 -60.4489 1.4
      vertex -60.2349 -60.2349 1.4
    endloop
  endfacet
  facet normal -0.603789 -0.37012 0.70601
    outer loop
      vertex -24.0917 -24.6598 0.6
      vertex -23.3789 -24.2966 1.4
      vertex -24.1983 -24.4859 0.6
    endloop
  endfacet
  facet normal -0.370136 -0.603782 0.706007
    outer loop
      vertex -24.0157 -23.5511 1.4
      vertex -24.2966 -23.3789 1.4
      vertex -24.4859 -24.1983 0.6
    endloop
  endfacet
  facet normal -0.706015 -0.0555371 0.706015
    outer loop
      vertex -23.95 -25.25 0.6
      vertex -23.15 -25.25 1.4
      vertex -23.966 -25.0466 0.6
    endloop
  endfacet
  facet normal -0.270965 -0.654313 0.706011
    outer loop
      vertex -24.2966 -23.3789 1.4
      vertex -24.6011 -23.2528 1.4
      vertex -24.6598 -24.0917 0.6
    endloop
  endfacet
  facet normal 0.459904 0.53856 0.706004
    outer loop
      vertex -59.9843 -60.4489 1.4
      vertex -59.5141 -59.8017 0.6
      vertex -60.2349 -60.2349 1.4
    endloop
  endfacet
  facet normal 0.706027 -0.0556654 0.705994
    outer loop
      vertex -60.034 -25.0466 0.6
      vertex -60.8241 -24.9215 1.4
      vertex -60.85 -25.25 1.4
    endloop
  endfacet
  facet normal 0.370136 0.603782 0.706007
    outer loop
      vertex -59.7034 -60.6211 1.4
      vertex -59.5141 -59.8017 0.6
      vertex -59.9843 -60.4489 1.4
    endloop
  endfacet
  facet normal 0.92391 0.382611 0
    outer loop
      vertex -60.6211 -59.7034 3.2
      vertex -60.7472 -59.3989 1.4
      vertex -60.7472 -59.3989 3.2
    endloop
  endfacet
  facet normal 0.92391 0.382611 0
    outer loop
      vertex -60.7472 -59.3989 1.4
      vertex -60.6211 -59.7034 3.2
      vertex -60.6211 -59.7034 1.4
    endloop
  endfacet
  facet normal 0.37012 -0.603789 0.70601
    outer loop
      vertex -59.5141 -24.1983 0.6
      vertex -59.3402 -24.0917 0.6
      vertex -59.7034 -23.3789 1.4
    endloop
  endfacet
  facet normal -0.0556654 -0.706027 0.705994
    outer loop
      vertex -25.0466 -23.966 0.6
      vertex -24.9215 -23.1759 1.4
      vertex -25.25 -23.15 1.4
    endloop
  endfacet
  facet normal 0.707107 0 0.707107
    outer loop
      vertex -60.85 -25.25 1.4
      vertex -60.05 -58.75 0.6
      vertex -60.05 -25.25 0.6
    endloop
  endfacet
  facet normal 0.707107 0 0.707107
    outer loop
      vertex -60.05 -58.75 0.6
      vertex -60.85 -25.25 1.4
      vertex -60.85 -58.75 1.4
    endloop
  endfacet
  facet normal -0.649391 -0.760455 0
    outer loop
      vertex -24.0157 -23.5511 1.4
      vertex -23.7651 -23.7651 3.2
      vertex -24.0157 -23.5511 3.2
    endloop
  endfacet
  facet normal -0.649391 -0.760455 -0
    outer loop
      vertex -23.7651 -23.7651 3.2
      vertex -24.0157 -23.5511 1.4
      vertex -23.7651 -23.7651 1.4
    endloop
  endfacet
  facet normal 0.53856 -0.459904 0.706004
    outer loop
      vertex -59.8017 -24.4859 0.6
      vertex -60.2349 -23.7651 1.4
      vertex -60.4489 -24.0157 1.4
    endloop
  endfacet
  facet normal 0.0785993 -0.996906 0
    outer loop
      vertex -59.0785 -23.1759 1.4
      vertex -58.75 -23.15 3.2
      vertex -59.0785 -23.1759 3.2
    endloop
  endfacet
  facet normal 0.0785993 -0.996906 0
    outer loop
      vertex -58.75 -23.15 3.2
      vertex -59.0785 -23.1759 1.4
      vertex -58.75 -23.15 1.4
    endloop
  endfacet
  facet normal 0.165306 -0.688657 0.705992
    outer loop
      vertex -59.1517 -24.0136 0.6
      vertex -58.9534 -23.966 0.6
      vertex -59.3989 -23.2528 1.4
    endloop
  endfacet
  facet normal 0.165288 -0.688665 0.705989
    outer loop
      vertex -58.9534 -23.966 0.6
      vertex -59.0785 -23.1759 1.4
      vertex -59.3989 -23.2528 1.4
    endloop
  endfacet
  facet normal -0.654313 -0.270965 0.706011
    outer loop
      vertex -23.2528 -24.6011 1.4
      vertex -23.3789 -24.2966 1.4
      vertex -24.0917 -24.6598 0.6
    endloop
  endfacet
  facet normal -0.459904 -0.53856 0.706004
    outer loop
      vertex -23.7651 -23.7651 1.4
      vertex -24.0157 -23.5511 1.4
      vertex -24.4859 -24.1983 0.6
    endloop
  endfacet
  facet normal -0.233384 -0.972385 0
    outer loop
      vertex -24.9215 -23.1759 1.4
      vertex -24.6011 -23.2528 3.2
      vertex -24.9215 -23.1759 3.2
    endloop
  endfacet
  facet normal -0.233384 -0.972385 -0
    outer loop
      vertex -24.6011 -23.2528 3.2
      vertex -24.9215 -23.1759 1.4
      vertex -24.6011 -23.2528 1.4
    endloop
  endfacet
  facet normal -0.53856 0.459904 0.706004
    outer loop
      vertex -23.7651 -60.2349 1.4
      vertex -23.5511 -59.9843 1.4
      vertex -24.1983 -59.5141 0.6
    endloop
  endfacet
  facet normal -0.0785993 -0.996906 0
    outer loop
      vertex -25.25 -23.15 1.4
      vertex -24.9215 -23.1759 3.2
      vertex -25.25 -23.15 3.2
    endloop
  endfacet
  facet normal -0.0785993 -0.996906 -0
    outer loop
      vertex -24.9215 -23.1759 3.2
      vertex -25.25 -23.15 1.4
      vertex -24.9215 -23.1759 1.4
    endloop
  endfacet
  facet normal -0.382611 0.92391 0
    outer loop
      vertex -24.2966 -60.6211 1.4
      vertex -24.6011 -60.7472 3.2
      vertex -24.2966 -60.6211 3.2
    endloop
  endfacet
  facet normal -0.382611 0.92391 0
    outer loop
      vertex -24.6011 -60.7472 3.2
      vertex -24.2966 -60.6211 1.4
      vertex -24.6011 -60.7472 1.4
    endloop
  endfacet
  facet normal 0.996906 -0.0785993 0
    outer loop
      vertex -60.85 -25.25 3.2
      vertex -60.8241 -24.9215 1.4
      vertex -60.8241 -24.9215 3.2
    endloop
  endfacet
  facet normal 0.996906 -0.0785993 0
    outer loop
      vertex -60.8241 -24.9215 1.4
      vertex -60.85 -25.25 3.2
      vertex -60.85 -25.25 1.4
    endloop
  endfacet
  facet normal -0.688665 0.165288 0.705989
    outer loop
      vertex -23.2528 -59.3989 1.4
      vertex -23.1759 -59.0785 1.4
      vertex -23.966 -58.9534 0.6
    endloop
  endfacet
  facet normal -0.688657 -0.165306 0.705992
    outer loop
      vertex -23.966 -25.0466 0.6
      vertex -23.2528 -24.6011 1.4
      vertex -24.0136 -24.8483 0.6
    endloop
  endfacet
  facet normal 0.52264 -0.852553 0
    outer loop
      vertex -59.9843 -23.5511 1.4
      vertex -59.7034 -23.3789 3.2
      vertex -59.9843 -23.5511 3.2
    endloop
  endfacet
  facet normal 0.52264 -0.852553 0
    outer loop
      vertex -59.7034 -23.3789 3.2
      vertex -59.9843 -23.5511 1.4
      vertex -59.7034 -23.3789 1.4
    endloop
  endfacet
  facet normal -0.603782 0.370136 0.706007
    outer loop
      vertex -23.5511 -59.9843 1.4
      vertex -23.3789 -59.7034 1.4
      vertex -24.1983 -59.5141 0.6
    endloop
  endfacet
  facet normal -0.996906 -0.0785993 0
    outer loop
      vertex -23.15 -25.25 1.4
      vertex -23.1759 -24.9215 3.2
      vertex -23.1759 -24.9215 1.4
    endloop
  endfacet
  facet normal -0.996906 -0.0785993 0
    outer loop
      vertex -23.1759 -24.9215 3.2
      vertex -23.15 -25.25 1.4
      vertex -23.15 -25.25 3.2
    endloop
  endfacet
  facet normal 0.852553 -0.52264 0
    outer loop
      vertex -60.6211 -24.2966 3.2
      vertex -60.4489 -24.0157 1.4
      vertex -60.4489 -24.0157 3.2
    endloop
  endfacet
  facet normal 0.852553 -0.52264 0
    outer loop
      vertex -60.4489 -24.0157 1.4
      vertex -60.6211 -24.2966 3.2
      vertex -60.6211 -24.2966 1.4
    endloop
  endfacet
  facet normal -0.688657 0.165306 0.705992
    outer loop
      vertex -23.2528 -59.3989 1.4
      vertex -23.966 -58.9534 0.6
      vertex -24.0136 -59.1517 0.6
    endloop
  endfacet
  facet normal 0.0556654 0.706027 0.705994
    outer loop
      vertex -58.75 -60.85 1.4
      vertex -58.9534 -60.034 0.6
      vertex -59.0785 -60.8241 1.4
    endloop
  endfacet
  facet normal 0.0785993 0.996906 -0
    outer loop
      vertex -58.75 -60.85 1.4
      vertex -59.0785 -60.8241 3.2
      vertex -58.75 -60.85 3.2
    endloop
  endfacet
  facet normal 0.0785993 0.996906 0
    outer loop
      vertex -59.0785 -60.8241 3.2
      vertex -58.75 -60.85 1.4
      vertex -59.0785 -60.8241 1.4
    endloop
  endfacet
  facet normal -0.382611 -0.92391 0
    outer loop
      vertex -24.6011 -23.2528 1.4
      vertex -24.2966 -23.3789 3.2
      vertex -24.6011 -23.2528 3.2
    endloop
  endfacet
  facet normal -0.382611 -0.92391 -0
    outer loop
      vertex -24.2966 -23.3789 3.2
      vertex -24.6011 -23.2528 1.4
      vertex -24.2966 -23.3789 1.4
    endloop
  endfacet
  facet normal 0.654285 -0.271086 0.705991
    outer loop
      vertex -59.9864 -24.8483 0.6
      vertex -59.9083 -24.6598 0.6
      vertex -60.7472 -24.6011 1.4
    endloop
  endfacet
  facet normal 0.603789 -0.37012 0.70601
    outer loop
      vertex -59.9083 -24.6598 0.6
      vertex -59.8017 -24.4859 0.6
      vertex -60.6211 -24.2966 1.4
    endloop
  endfacet
  facet normal -0.852553 -0.52264 0
    outer loop
      vertex -23.3789 -24.2966 1.4
      vertex -23.5511 -24.0157 3.2
      vertex -23.5511 -24.0157 1.4
    endloop
  endfacet
  facet normal -0.852553 -0.52264 0
    outer loop
      vertex -23.5511 -24.0157 3.2
      vertex -23.3789 -24.2966 1.4
      vertex -23.3789 -24.2966 3.2
    endloop
  endfacet
  facet normal -0.92391 0.382611 0
    outer loop
      vertex -23.3789 -59.7034 1.4
      vertex -23.2528 -59.3989 3.2
      vertex -23.2528 -59.3989 1.4
    endloop
  endfacet
  facet normal -0.92391 0.382611 0
    outer loop
      vertex -23.2528 -59.3989 3.2
      vertex -23.3789 -59.7034 1.4
      vertex -23.3789 -59.7034 3.2
    endloop
  endfacet
  facet normal -0.706015 0.0555371 0.706015
    outer loop
      vertex -23.15 -58.75 1.4
      vertex -23.95 -58.75 0.6
      vertex -23.966 -58.9534 0.6
    endloop
  endfacet
  facet normal 0 0 1
    outer loop
      vertex -25.25 -23.95 0.6
      vertex -23.95 -25.25 0.6
      vertex -23.966 -25.0466 0.6
    endloop
  endfacet
  facet normal 0 0 1
    outer loop
      vertex -23.95 -25.25 0.6
      vertex -25.25 -23.95 0.6
      vertex -23.95 -58.75 0.6
    endloop
  endfacet
  facet normal 0 0 1
    outer loop
      vertex -25.25 -23.95 0.6
      vertex -23.966 -25.0466 0.6
      vertex -24.0136 -24.8483 0.6
    endloop
  endfacet
  facet normal 0 0 1
    outer loop
      vertex -25.25 -60.05 0.6
      vertex -23.95 -58.75 0.6
      vertex -25.25 -23.95 0.6
    endloop
  endfacet
  facet normal 0 0 1
    outer loop
      vertex -25.25 -23.95 0.6
      vertex -24.0136 -24.8483 0.6
      vertex -24.0917 -24.6598 0.6
    endloop
  endfacet
  facet normal 0 0 1
    outer loop
      vertex -23.95 -58.75 0.6
      vertex -25.25 -60.05 0.6
      vertex -23.966 -58.9534 0.6
    endloop
  endfacet
  facet normal 0 0 1
    outer loop
      vertex -25.25 -23.95 0.6
      vertex -24.0917 -24.6598 0.6
      vertex -24.1983 -24.4859 0.6
    endloop
  endfacet
  facet normal 0 0 1
    outer loop
      vertex -23.966 -58.9534 0.6
      vertex -25.25 -60.05 0.6
      vertex -24.0136 -59.1517 0.6
    endloop
  endfacet
  facet normal 0 0 1
    outer loop
      vertex -25.25 -23.95 0.6
      vertex -24.1983 -24.4859 0.6
      vertex -24.3308 -24.3308 0.6
    endloop
  endfacet
  facet normal 0 0 1
    outer loop
      vertex -24.0136 -59.1517 0.6
      vertex -25.25 -60.05 0.6
      vertex -24.0917 -59.3402 0.6
    endloop
  endfacet
  facet normal 0 0 1
    outer loop
      vertex -25.25 -23.95 0.6
      vertex -24.3308 -24.3308 0.6
      vertex -24.4859 -24.1983 0.6
    endloop
  endfacet
  facet normal 0 0 1
    outer loop
      vertex -24.0917 -59.3402 0.6
      vertex -25.25 -60.05 0.6
      vertex -24.1983 -59.5141 0.6
    endloop
  endfacet
  facet normal 0 0 1
    outer loop
      vertex -25.25 -23.95 0.6
      vertex -24.4859 -24.1983 0.6
      vertex -24.6598 -24.0917 0.6
    endloop
  endfacet
  facet normal 0 0 1
    outer loop
      vertex -24.1983 -59.5141 0.6
      vertex -25.25 -60.05 0.6
      vertex -24.3308 -59.6692 0.6
    endloop
  endfacet
  facet normal 0 0 1
    outer loop
      vertex -25.25 -23.95 0.6
      vertex -24.6598 -24.0917 0.6
      vertex -24.8483 -24.0136 0.6
    endloop
  endfacet
  facet normal 0 0 1
    outer loop
      vertex -24.3308 -59.6692 0.6
      vertex -25.25 -60.05 0.6
      vertex -24.4859 -59.8017 0.6
    endloop
  endfacet
  facet normal 0 0 1
    outer loop
      vertex -25.25 -23.95 0.6
      vertex -24.8483 -24.0136 0.6
      vertex -25.0466 -23.966 0.6
    endloop
  endfacet
  facet normal 0 0 1
    outer loop
      vertex -24.4859 -59.8017 0.6
      vertex -25.25 -60.05 0.6
      vertex -24.6598 -59.9083 0.6
    endloop
  endfacet
  facet normal 0 0 1
    outer loop
      vertex -24.6598 -59.9083 0.6
      vertex -25.25 -60.05 0.6
      vertex -24.8483 -59.9864 0.6
    endloop
  endfacet
  facet normal 0 0 1
    outer loop
      vertex -24.8483 -59.9864 0.6
      vertex -25.25 -60.05 0.6
      vertex -25.0466 -60.034 0.6
    endloop
  endfacet
  facet normal -0 0 1
    outer loop
      vertex -58.75 -23.95 0.6
      vertex -25.25 -60.05 0.6
      vertex -25.25 -23.95 0.6
    endloop
  endfacet
  facet normal 0 0 1
    outer loop
      vertex -58.75 -23.95 0.6
      vertex -58.75 -60.05 0.6
      vertex -25.25 -60.05 0.6
    endloop
  endfacet
  facet normal 0 0 1
    outer loop
      vertex -60.05 -25.25 0.6
      vertex -58.75 -23.95 0.6
      vertex -58.9534 -23.966 0.6
    endloop
  endfacet
  facet normal 0 0 1
    outer loop
      vertex -58.75 -23.95 0.6
      vertex -60.05 -25.25 0.6
      vertex -58.75 -60.05 0.6
    endloop
  endfacet
  facet normal 0 0 1
    outer loop
      vertex -60.05 -25.25 0.6
      vertex -58.9534 -23.966 0.6
      vertex -59.1517 -24.0136 0.6
    endloop
  endfacet
  facet normal -0 0 1
    outer loop
      vertex -60.05 -58.75 0.6
      vertex -58.75 -60.05 0.6
      vertex -60.05 -25.25 0.6
    endloop
  endfacet
  facet normal 0 0 1
    outer loop
      vertex -60.05 -25.25 0.6
      vertex -59.1517 -24.0136 0.6
      vertex -59.3402 -24.0917 0.6
    endloop
  endfacet
  facet normal 0 0 1
    outer loop
      vertex -58.75 -60.05 0.6
      vertex -60.05 -58.75 0.6
      vertex -58.9534 -60.034 0.6
    endloop
  endfacet
  facet normal 0 0 1
    outer loop
      vertex -60.05 -25.25 0.6
      vertex -59.3402 -24.0917 0.6
      vertex -59.5141 -24.1983 0.6
    endloop
  endfacet
  facet normal 0 0 1
    outer loop
      vertex -58.9534 -60.034 0.6
      vertex -60.05 -58.75 0.6
      vertex -59.1517 -59.9864 0.6
    endloop
  endfacet
  facet normal 0 0 1
    outer loop
      vertex -60.05 -25.25 0.6
      vertex -59.5141 -24.1983 0.6
      vertex -59.6692 -24.3308 0.6
    endloop
  endfacet
  facet normal 0 0 1
    outer loop
      vertex -59.1517 -59.9864 0.6
      vertex -60.05 -58.75 0.6
      vertex -59.3402 -59.9083 0.6
    endloop
  endfacet
  facet normal 0 0 1
    outer loop
      vertex -60.05 -25.25 0.6
      vertex -59.6692 -24.3308 0.6
      vertex -59.8017 -24.4859 0.6
    endloop
  endfacet
  facet normal 0 0 1
    outer loop
      vertex -59.3402 -59.9083 0.6
      vertex -60.05 -58.75 0.6
      vertex -59.5141 -59.8017 0.6
    endloop
  endfacet
  facet normal 0 0 1
    outer loop
      vertex -60.05 -25.25 0.6
      vertex -59.8017 -24.4859 0.6
      vertex -59.9083 -24.6598 0.6
    endloop
  endfacet
  facet normal 0 0 1
    outer loop
      vertex -59.5141 -59.8017 0.6
      vertex -60.05 -58.75 0.6
      vertex -59.6692 -59.6692 0.6
    endloop
  endfacet
  facet normal 0 0 1
    outer loop
      vertex -60.05 -25.25 0.6
      vertex -59.9083 -24.6598 0.6
      vertex -59.9864 -24.8483 0.6
    endloop
  endfacet
  facet normal 0 0 1
    outer loop
      vertex -59.6692 -59.6692 0.6
      vertex -60.05 -58.75 0.6
      vertex -59.8017 -59.5141 0.6
    endloop
  endfacet
  facet normal 0 0 1
    outer loop
      vertex -60.05 -25.25 0.6
      vertex -59.9864 -24.8483 0.6
      vertex -60.034 -25.0466 0.6
    endloop
  endfacet
  facet normal 0 0 1
    outer loop
      vertex -59.8017 -59.5141 0.6
      vertex -60.05 -58.75 0.6
      vertex -59.9083 -59.3402 0.6
    endloop
  endfacet
  facet normal 0 0 1
    outer loop
      vertex -59.9083 -59.3402 0.6
      vertex -60.05 -58.75 0.6
      vertex -59.9864 -59.1517 0.6
    endloop
  endfacet
  facet normal 0 0 1
    outer loop
      vertex -59.9864 -59.1517 0.6
      vertex -60.05 -58.75 0.6
      vertex -60.034 -58.9534 0.6
    endloop
  endfacet
  facet normal -0.165306 -0.688657 0.705992
    outer loop
      vertex -24.8483 -24.0136 0.6
      vertex -24.6011 -23.2528 1.4
      vertex -25.0466 -23.966 0.6
    endloop
  endfacet
  facet normal 0.270965 -0.654313 0.706011
    outer loop
      vertex -59.3402 -24.0917 0.6
      vertex -59.3989 -23.2528 1.4
      vertex -59.7034 -23.3789 1.4
    endloop
  endfacet
  facet normal 0.271086 -0.654285 0.705991
    outer loop
      vertex -59.3402 -24.0917 0.6
      vertex -59.1517 -24.0136 0.6
      vertex -59.3989 -23.2528 1.4
    endloop
  endfacet
  facet normal -0.654285 -0.271086 0.705991
    outer loop
      vertex -24.0136 -24.8483 0.6
      vertex -23.2528 -24.6011 1.4
      vertex -24.0917 -24.6598 0.6
    endloop
  endfacet
  facet normal 0.382611 -0.92391 0
    outer loop
      vertex -59.7034 -23.3789 1.4
      vertex -59.3989 -23.2528 3.2
      vertex -59.7034 -23.3789 3.2
    endloop
  endfacet
  facet normal 0.382611 -0.92391 0
    outer loop
      vertex -59.3989 -23.2528 3.2
      vertex -59.7034 -23.3789 1.4
      vertex -59.3989 -23.2528 1.4
    endloop
  endfacet
  facet normal -0.603789 0.37012 0.70601
    outer loop
      vertex -23.3789 -59.7034 1.4
      vertex -24.0917 -59.3402 0.6
      vertex -24.1983 -59.5141 0.6
    endloop
  endfacet
  facet normal 0.459994 -0.538453 0.706027
    outer loop
      vertex -59.6692 -24.3308 0.6
      vertex -59.5141 -24.1983 0.6
      vertex -60.2349 -23.7651 1.4
    endloop
  endfacet
  facet normal -0.654313 0.270965 0.706011
    outer loop
      vertex -23.3789 -59.7034 1.4
      vertex -23.2528 -59.3989 1.4
      vertex -24.0917 -59.3402 0.6
    endloop
  endfacet
  facet normal -0.603782 -0.370136 0.706007
    outer loop
      vertex -23.3789 -24.2966 1.4
      vertex -23.5511 -24.0157 1.4
      vertex -24.1983 -24.4859 0.6
    endloop
  endfacet
  facet normal -0.706027 -0.0556654 0.705994
    outer loop
      vertex -23.15 -25.25 1.4
      vertex -23.1759 -24.9215 1.4
      vertex -23.966 -25.0466 0.6
    endloop
  endfacet
  facet normal -0.688665 -0.165288 0.705989
    outer loop
      vertex -23.1759 -24.9215 1.4
      vertex -23.2528 -24.6011 1.4
      vertex -23.966 -25.0466 0.6
    endloop
  endfacet
  facet normal 0.16528 0.688629 0.706026
    outer loop
      vertex -59.4148 -62.9477 5.35
      vertex -59.0785 -60.8241 3.2
      vertex -59.3989 -60.7472 3.2
    endloop
  endfacet
  facet normal 0.165333 0.688623 0.70602
    outer loop
      vertex -59.4148 -62.9477 5.35
      vertex -59.3989 -60.7472 3.2
      vertex -60.0633 -62.792 5.35
    endloop
  endfacet
  facet normal 0.705992 0.0556627 0.706029
    outer loop
      vertex -62.9477 -59.4148 5.35
      vertex -60.8241 -59.0785 3.2
      vertex -60.85 -58.75 3.2
    endloop
  endfacet
  facet normal 0.0555424 0.706015 0.706015
    outer loop
      vertex -58.75 -63 5.35
      vertex -58.75 -60.85 3.2
      vertex -59.4148 -62.9477 5.35
    endloop
  endfacet
  facet normal 0 -0.707107 0.707107
    outer loop
      vertex -58.75 -23.15 3.2
      vertex -25.25 -21 5.35
      vertex -58.75 -21 5.35
    endloop
  endfacet
  facet normal 0 -0.707107 0.707107
    outer loop
      vertex -25.25 -21 5.35
      vertex -58.75 -23.15 3.2
      vertex -25.25 -23.15 3.2
    endloop
  endfacet
  facet normal 0.459932 0.538516 0.706019
    outer loop
      vertex -61.2481 -62.1883 5.35
      vertex -60.2349 -60.2349 3.2
      vertex -61.7552 -61.7552 5.35
    endloop
  endfacet
  facet normal 0.688623 0.165333 0.70602
    outer loop
      vertex -62.792 -60.0633 5.35
      vertex -60.7472 -59.3989 3.2
      vertex -62.9477 -59.4148 5.35
    endloop
  endfacet
  facet normal 0.270978 0.654297 0.706021
    outer loop
      vertex -60.0633 -62.792 5.35
      vertex -59.3989 -60.7472 3.2
      vertex -60.6795 -62.5368 5.35
    endloop
  endfacet
  facet normal 0.538516 -0.459932 0.706019
    outer loop
      vertex -60.2349 -23.7651 3.2
      vertex -61.7552 -22.2448 5.35
      vertex -62.1883 -22.7519 5.35
    endloop
  endfacet
  facet normal 0.45989 0.538544 0.706025
    outer loop
      vertex -61.2481 -62.1883 5.35
      vertex -59.9843 -60.4489 3.2
      vertex -60.2349 -60.2349 3.2
    endloop
  endfacet
  facet normal 0.706015 0.0555424 0.706015
    outer loop
      vertex -62.9477 -59.4148 5.35
      vertex -60.85 -58.75 3.2
      vertex -63 -58.75 5.35
    endloop
  endfacet
  facet normal -0.270978 0.654297 0.706021
    outer loop
      vertex -23.9367 -62.792 5.35
      vertex -23.3205 -62.5368 5.35
      vertex -24.6011 -60.7472 3.2
    endloop
  endfacet
  facet normal -0.603766 0.370126 0.706026
    outer loop
      vertex -21.8117 -61.2481 5.35
      vertex -23.3789 -59.7034 3.2
      vertex -23.5511 -59.9843 3.2
    endloop
  endfacet
  facet normal 0.0556627 -0.705992 0.706029
    outer loop
      vertex -59.0785 -23.1759 3.2
      vertex -58.75 -23.15 3.2
      vertex -59.4148 -21.0523 5.35
    endloop
  endfacet
  facet normal -0.603805 0.370077 0.706019
    outer loop
      vertex -21.8117 -61.2481 5.35
      vertex -21.4632 -60.6795 5.35
      vertex -23.3789 -59.7034 3.2
    endloop
  endfacet
  facet normal -0.654297 -0.270978 0.706021
    outer loop
      vertex -21.208 -23.9367 5.35
      vertex -21.4632 -23.3205 5.35
      vertex -23.2528 -24.6011 3.2
    endloop
  endfacet
  facet normal -0.459932 0.538516 0.706019
    outer loop
      vertex -22.7519 -62.1883 5.35
      vertex -22.2448 -61.7552 5.35
      vertex -23.7651 -60.2349 3.2
    endloop
  endfacet
  facet normal 0.16528 -0.688629 0.706026
    outer loop
      vertex -59.3989 -23.2528 3.2
      vertex -59.0785 -23.1759 3.2
      vertex -59.4148 -21.0523 5.35
    endloop
  endfacet
  facet normal -0.16528 -0.688629 0.706026
    outer loop
      vertex -24.6011 -23.2528 3.2
      vertex -24.5852 -21.0523 5.35
      vertex -24.9215 -23.1759 3.2
    endloop
  endfacet
  facet normal 0.538516 0.459932 0.706019
    outer loop
      vertex -61.7552 -61.7552 5.35
      vertex -60.2349 -60.2349 3.2
      vertex -62.1883 -61.2481 5.35
    endloop
  endfacet
  facet normal -0.0556627 -0.705992 0.706029
    outer loop
      vertex -24.9215 -23.1759 3.2
      vertex -24.5852 -21.0523 5.35
      vertex -25.25 -23.15 3.2
    endloop
  endfacet
  facet normal -0.370126 -0.603766 0.706026
    outer loop
      vertex -24.0157 -23.5511 3.2
      vertex -22.7519 -21.8117 5.35
      vertex -24.2966 -23.3789 3.2
    endloop
  endfacet
  facet normal -0.270962 -0.654306 0.706019
    outer loop
      vertex -24.2966 -23.3789 3.2
      vertex -23.3205 -21.4632 5.35
      vertex -24.6011 -23.2528 3.2
    endloop
  endfacet
  facet normal -0.165333 0.688623 0.70602
    outer loop
      vertex -24.5852 -62.9477 5.35
      vertex -23.9367 -62.792 5.35
      vertex -24.6011 -60.7472 3.2
    endloop
  endfacet
  facet normal -0.707107 0 0.707107
    outer loop
      vertex -23.15 -58.75 3.2
      vertex -21 -25.25 5.35
      vertex -23.15 -25.25 3.2
    endloop
  endfacet
  facet normal -0.707107 0 0.707107
    outer loop
      vertex -21 -25.25 5.35
      vertex -23.15 -58.75 3.2
      vertex -21 -58.75 5.35
    endloop
  endfacet
  facet normal -0.706015 0.0555424 0.706015
    outer loop
      vertex -21.0523 -59.4148 5.35
      vertex -21 -58.75 5.35
      vertex -23.15 -58.75 3.2
    endloop
  endfacet
  facet normal 0.707107 -0 0.707107
    outer loop
      vertex -63 -58.75 5.35
      vertex -60.85 -25.25 3.2
      vertex -63 -25.25 5.35
    endloop
  endfacet
  facet normal 0.707107 0 0.707107
    outer loop
      vertex -60.85 -25.25 3.2
      vertex -63 -58.75 5.35
      vertex -60.85 -58.75 3.2
    endloop
  endfacet
  facet normal -0.705992 -0.0556627 0.706029
    outer loop
      vertex -23.15 -25.25 3.2
      vertex -21.0523 -24.5852 5.35
      vertex -23.1759 -24.9215 3.2
    endloop
  endfacet
  facet normal -0.538516 0.459932 0.706019
    outer loop
      vertex -22.2448 -61.7552 5.35
      vertex -21.8117 -61.2481 5.35
      vertex -23.7651 -60.2349 3.2
    endloop
  endfacet
  facet normal -0.0555424 -0.706015 0.706015
    outer loop
      vertex -24.5852 -21.0523 5.35
      vertex -25.25 -21 5.35
      vertex -25.25 -23.15 3.2
    endloop
  endfacet
  facet normal 0.603805 0.370077 0.706019
    outer loop
      vertex -62.1883 -61.2481 5.35
      vertex -60.6211 -59.7034 3.2
      vertex -62.5368 -60.6795 5.35
    endloop
  endfacet
  facet normal -0.654306 0.270962 0.706019
    outer loop
      vertex -21.4632 -60.6795 5.35
      vertex -23.2528 -59.3989 3.2
      vertex -23.3789 -59.7034 3.2
    endloop
  endfacet
  facet normal 0.706015 -0.0555424 0.706015
    outer loop
      vertex -60.85 -25.25 3.2
      vertex -62.9477 -24.5852 5.35
      vertex -63 -25.25 5.35
    endloop
  endfacet
  facet normal -0.654306 -0.270962 0.706019
    outer loop
      vertex -23.2528 -24.6011 3.2
      vertex -21.4632 -23.3205 5.35
      vertex -23.3789 -24.2966 3.2
    endloop
  endfacet
  facet normal 0.0556627 0.705992 0.706029
    outer loop
      vertex -59.4148 -62.9477 5.35
      vertex -58.75 -60.85 3.2
      vertex -59.0785 -60.8241 3.2
    endloop
  endfacet
  facet normal -0.45989 -0.538544 0.706025
    outer loop
      vertex -23.7651 -23.7651 3.2
      vertex -22.7519 -21.8117 5.35
      vertex -24.0157 -23.5511 3.2
    endloop
  endfacet
  facet normal -0.538516 -0.459932 0.706019
    outer loop
      vertex -21.8117 -22.7519 5.35
      vertex -22.2448 -22.2448 5.35
      vertex -23.7651 -23.7651 3.2
    endloop
  endfacet
  facet normal 0.688623 -0.165333 0.70602
    outer loop
      vertex -60.7472 -24.6011 3.2
      vertex -62.792 -23.9367 5.35
      vertex -62.9477 -24.5852 5.35
    endloop
  endfacet
  facet normal 0 0.707107 0.707107
    outer loop
      vertex -25.25 -60.85 3.2
      vertex -58.75 -63 5.35
      vertex -25.25 -63 5.35
    endloop
  endfacet
  facet normal 0 0.707107 0.707107
    outer loop
      vertex -58.75 -63 5.35
      vertex -25.25 -60.85 3.2
      vertex -58.75 -60.85 3.2
    endloop
  endfacet
  facet normal 0.654297 -0.270978 0.706021
    outer loop
      vertex -60.7472 -24.6011 3.2
      vertex -62.5368 -23.3205 5.35
      vertex -62.792 -23.9367 5.35
    endloop
  endfacet
  facet normal -0.688629 -0.16528 0.706026
    outer loop
      vertex -23.1759 -24.9215 3.2
      vertex -21.0523 -24.5852 5.35
      vertex -23.2528 -24.6011 3.2
    endloop
  endfacet
  facet normal 0.270962 -0.654306 0.706019
    outer loop
      vertex -59.7034 -23.3789 3.2
      vertex -59.3989 -23.2528 3.2
      vertex -60.6795 -21.4632 5.35
    endloop
  endfacet
  facet normal 0.603766 -0.370126 0.706026
    outer loop
      vertex -60.6211 -24.2966 3.2
      vertex -60.4489 -24.0157 3.2
      vertex -62.1883 -22.7519 5.35
    endloop
  endfacet
  facet normal -0.370077 -0.603805 0.706019
    outer loop
      vertex -22.7519 -21.8117 5.35
      vertex -23.3205 -21.4632 5.35
      vertex -24.2966 -23.3789 3.2
    endloop
  endfacet
  facet normal -0.270962 0.654306 0.706019
    outer loop
      vertex -23.3205 -62.5368 5.35
      vertex -24.2966 -60.6211 3.2
      vertex -24.6011 -60.7472 3.2
    endloop
  endfacet
  facet normal 0.654306 0.270962 0.706019
    outer loop
      vertex -62.5368 -60.6795 5.35
      vertex -60.6211 -59.7034 3.2
      vertex -60.7472 -59.3989 3.2
    endloop
  endfacet
  facet normal 0.370126 -0.603766 0.706026
    outer loop
      vertex -59.9843 -23.5511 3.2
      vertex -59.7034 -23.3789 3.2
      vertex -61.2481 -21.8117 5.35
    endloop
  endfacet
  facet normal 0.654306 -0.270962 0.706019
    outer loop
      vertex -60.7472 -24.6011 3.2
      vertex -60.6211 -24.2966 3.2
      vertex -62.5368 -23.3205 5.35
    endloop
  endfacet
  facet normal -0.270978 -0.654297 0.706021
    outer loop
      vertex -23.3205 -21.4632 5.35
      vertex -23.9367 -21.208 5.35
      vertex -24.6011 -23.2528 3.2
    endloop
  endfacet
  facet normal 0.654297 0.270978 0.706021
    outer loop
      vertex -62.5368 -60.6795 5.35
      vertex -60.7472 -59.3989 3.2
      vertex -62.792 -60.0633 5.35
    endloop
  endfacet
  facet normal 0.688629 -0.16528 0.706026
    outer loop
      vertex -60.8241 -24.9215 3.2
      vertex -60.7472 -24.6011 3.2
      vertex -62.9477 -24.5852 5.35
    endloop
  endfacet
  facet normal -0.0556627 0.705992 0.706029
    outer loop
      vertex -24.5852 -62.9477 5.35
      vertex -24.9215 -60.8241 3.2
      vertex -25.25 -60.85 3.2
    endloop
  endfacet
  facet normal 0.688629 0.16528 0.706026
    outer loop
      vertex -62.9477 -59.4148 5.35
      vertex -60.7472 -59.3989 3.2
      vertex -60.8241 -59.0785 3.2
    endloop
  endfacet
  facet normal -0.706015 -0.0555424 0.706015
    outer loop
      vertex -21 -25.25 5.35
      vertex -21.0523 -24.5852 5.35
      vertex -23.15 -25.25 3.2
    endloop
  endfacet
  facet normal -0.45989 0.538544 0.706025
    outer loop
      vertex -22.7519 -62.1883 5.35
      vertex -23.7651 -60.2349 3.2
      vertex -24.0157 -60.4489 3.2
    endloop
  endfacet
  facet normal 0.370126 0.603766 0.706026
    outer loop
      vertex -61.2481 -62.1883 5.35
      vertex -59.7034 -60.6211 3.2
      vertex -59.9843 -60.4489 3.2
    endloop
  endfacet
  facet normal -0.165333 -0.688623 0.70602
    outer loop
      vertex -23.9367 -21.208 5.35
      vertex -24.5852 -21.0523 5.35
      vertex -24.6011 -23.2528 3.2
    endloop
  endfacet
  facet normal -0.0555424 0.706015 0.706015
    outer loop
      vertex -24.5852 -62.9477 5.35
      vertex -25.25 -60.85 3.2
      vertex -25.25 -63 5.35
    endloop
  endfacet
  facet normal -0.654297 0.270978 0.706021
    outer loop
      vertex -21.4632 -60.6795 5.35
      vertex -21.208 -60.0633 5.35
      vertex -23.2528 -59.3989 3.2
    endloop
  endfacet
  facet normal -0.538544 0.45989 0.706025
    outer loop
      vertex -21.8117 -61.2481 5.35
      vertex -23.5511 -59.9843 3.2
      vertex -23.7651 -60.2349 3.2
    endloop
  endfacet
  facet normal -0.688623 0.165333 0.70602
    outer loop
      vertex -21.208 -60.0633 5.35
      vertex -21.0523 -59.4148 5.35
      vertex -23.2528 -59.3989 3.2
    endloop
  endfacet
  facet normal -0.16528 0.688629 0.706026
    outer loop
      vertex -24.5852 -62.9477 5.35
      vertex -24.6011 -60.7472 3.2
      vertex -24.9215 -60.8241 3.2
    endloop
  endfacet
  facet normal 0.165333 -0.688623 0.70602
    outer loop
      vertex -59.3989 -23.2528 3.2
      vertex -59.4148 -21.0523 5.35
      vertex -60.0633 -21.208 5.35
    endloop
  endfacet
  facet normal -0.603805 -0.370077 0.706019
    outer loop
      vertex -21.4632 -23.3205 5.35
      vertex -21.8117 -22.7519 5.35
      vertex -23.3789 -24.2966 3.2
    endloop
  endfacet
  facet normal -0.459932 -0.538516 0.706019
    outer loop
      vertex -22.2448 -22.2448 5.35
      vertex -22.7519 -21.8117 5.35
      vertex -23.7651 -23.7651 3.2
    endloop
  endfacet
  facet normal 0.603766 0.370126 0.706026
    outer loop
      vertex -62.1883 -61.2481 5.35
      vertex -60.4489 -59.9843 3.2
      vertex -60.6211 -59.7034 3.2
    endloop
  endfacet
  facet normal 0.538544 0.45989 0.706025
    outer loop
      vertex -62.1883 -61.2481 5.35
      vertex -60.2349 -60.2349 3.2
      vertex -60.4489 -59.9843 3.2
    endloop
  endfacet
  facet normal 0.370077 0.603805 0.706019
    outer loop
      vertex -60.6795 -62.5368 5.35
      vertex -59.7034 -60.6211 3.2
      vertex -61.2481 -62.1883 5.35
    endloop
  endfacet
  facet normal 0.270962 0.654306 0.706019
    outer loop
      vertex -60.6795 -62.5368 5.35
      vertex -59.3989 -60.7472 3.2
      vertex -59.7034 -60.6211 3.2
    endloop
  endfacet
  facet normal 0.538544 -0.45989 0.706025
    outer loop
      vertex -60.4489 -24.0157 3.2
      vertex -60.2349 -23.7651 3.2
      vertex -62.1883 -22.7519 5.35
    endloop
  endfacet
  facet normal 0.603805 -0.370077 0.706019
    outer loop
      vertex -60.6211 -24.2966 3.2
      vertex -62.1883 -22.7519 5.35
      vertex -62.5368 -23.3205 5.35
    endloop
  endfacet
  facet normal -0.688629 0.16528 0.706026
    outer loop
      vertex -21.0523 -59.4148 5.35
      vertex -23.1759 -59.0785 3.2
      vertex -23.2528 -59.3989 3.2
    endloop
  endfacet
  facet normal 0.705992 -0.0556627 0.706029
    outer loop
      vertex -60.85 -25.25 3.2
      vertex -60.8241 -24.9215 3.2
      vertex -62.9477 -24.5852 5.35
    endloop
  endfacet
  facet normal 0.459932 -0.538516 0.706019
    outer loop
      vertex -60.2349 -23.7651 3.2
      vertex -61.2481 -21.8117 5.35
      vertex -61.7552 -22.2448 5.35
    endloop
  endfacet
  facet normal 0.370077 -0.603805 0.706019
    outer loop
      vertex -59.7034 -23.3789 3.2
      vertex -60.6795 -21.4632 5.35
      vertex -61.2481 -21.8117 5.35
    endloop
  endfacet
  facet normal -0.370126 0.603766 0.706026
    outer loop
      vertex -22.7519 -62.1883 5.35
      vertex -24.0157 -60.4489 3.2
      vertex -24.2966 -60.6211 3.2
    endloop
  endfacet
  facet normal -0.705992 0.0556627 0.706029
    outer loop
      vertex -21.0523 -59.4148 5.35
      vertex -23.15 -58.75 3.2
      vertex -23.1759 -59.0785 3.2
    endloop
  endfacet
  facet normal -0.603766 -0.370126 0.706026
    outer loop
      vertex -23.3789 -24.2966 3.2
      vertex -21.8117 -22.7519 5.35
      vertex -23.5511 -24.0157 3.2
    endloop
  endfacet
  facet normal -0.370077 0.603805 0.706019
    outer loop
      vertex -23.3205 -62.5368 5.35
      vertex -22.7519 -62.1883 5.35
      vertex -24.2966 -60.6211 3.2
    endloop
  endfacet
  facet normal -0.538544 -0.45989 0.706025
    outer loop
      vertex -23.5511 -24.0157 3.2
      vertex -21.8117 -22.7519 5.35
      vertex -23.7651 -23.7651 3.2
    endloop
  endfacet
  facet normal 0.45989 -0.538544 0.706025
    outer loop
      vertex -60.2349 -23.7651 3.2
      vertex -59.9843 -23.5511 3.2
      vertex -61.2481 -21.8117 5.35
    endloop
  endfacet
  facet normal -0.688623 -0.165333 0.70602
    outer loop
      vertex -21.0523 -24.5852 5.35
      vertex -21.208 -23.9367 5.35
      vertex -23.2528 -24.6011 3.2
    endloop
  endfacet
  facet normal 0.0555424 -0.706015 0.706015
    outer loop
      vertex -58.75 -23.15 3.2
      vertex -58.75 -21 5.35
      vertex -59.4148 -21.0523 5.35
    endloop
  endfacet
  facet normal 0.270978 -0.654297 0.706021
    outer loop
      vertex -59.3989 -23.2528 3.2
      vertex -60.0633 -21.208 5.35
      vertex -60.6795 -21.4632 5.35
    endloop
  endfacet
  facet normal -0.165288 0.688665 0.705989
    outer loop
      vertex -24.9215 -18.8241 1.4
      vertex -24.6011 -18.7472 1.4
      vertex -25.0466 -18.034 0.6
    endloop
  endfacet
  facet normal -0.165306 0.688657 0.705992
    outer loop
      vertex -24.6011 -18.7472 1.4
      vertex -24.8483 -17.9864 0.6
      vertex -25.0466 -18.034 0.6
    endloop
  endfacet
  facet normal 0.996906 0.0785993 0
    outer loop
      vertex -60.8241 -17.0785 3.2
      vertex -60.85 -16.75 1.4
      vertex -60.85 -16.75 3.2
    endloop
  endfacet
  facet normal 0.996906 0.0785993 0
    outer loop
      vertex -60.85 -16.75 1.4
      vertex -60.8241 -17.0785 3.2
      vertex -60.8241 -17.0785 1.4
    endloop
  endfacet
  facet normal -0.972385 -0.233384 0
    outer loop
      vertex -23.1759 17.0785 1.4
      vertex -23.2528 17.3989 3.2
      vertex -23.2528 17.3989 1.4
    endloop
  endfacet
  facet normal -0.972385 -0.233384 0
    outer loop
      vertex -23.2528 17.3989 3.2
      vertex -23.1759 17.0785 1.4
      vertex -23.1759 17.0785 3.2
    endloop
  endfacet
  facet normal -0.0555371 0.706015 0.706015
    outer loop
      vertex -25.0466 -18.034 0.6
      vertex -25.25 -18.05 0.6
      vertex -25.25 -18.85 1.4
    endloop
  endfacet
  facet normal 0.688665 0.165288 0.705989
    outer loop
      vertex -60.7472 -17.3989 1.4
      vertex -60.034 -16.9534 0.6
      vertex -60.8241 -17.0785 1.4
    endloop
  endfacet
  facet normal 0.706027 0.0556654 0.705994
    outer loop
      vertex -60.8241 -17.0785 1.4
      vertex -60.034 -16.9534 0.6
      vertex -60.85 -16.75 1.4
    endloop
  endfacet
  facet normal -0.538453 -0.459994 0.706027
    outer loop
      vertex -24.1983 17.5141 0.6
      vertex -23.7651 18.2349 1.4
      vertex -24.3308 17.6692 0.6
    endloop
  endfacet
  facet normal -0.459994 0.538453 0.706027
    outer loop
      vertex -23.7651 -18.2349 1.4
      vertex -24.3308 -17.6692 0.6
      vertex -24.4859 -17.8017 0.6
    endloop
  endfacet
  facet normal -0.0785993 0.996906 0
    outer loop
      vertex -24.9215 -18.8241 1.4
      vertex -25.25 -18.85 3.2
      vertex -24.9215 -18.8241 3.2
    endloop
  endfacet
  facet normal -0.0785993 0.996906 0
    outer loop
      vertex -25.25 -18.85 3.2
      vertex -24.9215 -18.8241 1.4
      vertex -25.25 -18.85 1.4
    endloop
  endfacet
  facet normal 0.972385 0.233384 0
    outer loop
      vertex -60.7472 -17.3989 3.2
      vertex -60.8241 -17.0785 1.4
      vertex -60.8241 -17.0785 3.2
    endloop
  endfacet
  facet normal 0.972385 0.233384 0
    outer loop
      vertex -60.8241 -17.0785 1.4
      vertex -60.7472 -17.3989 3.2
      vertex -60.7472 -17.3989 1.4
    endloop
  endfacet
  facet normal -0.37012 -0.603789 0.70601
    outer loop
      vertex -24.4859 17.8017 0.6
      vertex -24.2966 18.6211 1.4
      vertex -24.6598 17.9083 0.6
    endloop
  endfacet
  facet normal 0.233384 -0.972385 0
    outer loop
      vertex -59.3989 18.7472 1.4
      vertex -59.0785 18.8241 3.2
      vertex -59.3989 18.7472 3.2
    endloop
  endfacet
  facet normal 0.233384 -0.972385 0
    outer loop
      vertex -59.0785 18.8241 3.2
      vertex -59.3989 18.7472 1.4
      vertex -59.0785 18.8241 1.4
    endloop
  endfacet
  facet normal -0.996906 0.0785993 0
    outer loop
      vertex -23.1759 -17.0785 1.4
      vertex -23.15 -16.75 3.2
      vertex -23.15 -16.75 1.4
    endloop
  endfacet
  facet normal -0.996906 0.0785993 0
    outer loop
      vertex -23.15 -16.75 3.2
      vertex -23.1759 -17.0785 1.4
      vertex -23.1759 -17.0785 3.2
    endloop
  endfacet
  facet normal -0.165288 -0.688665 0.705989
    outer loop
      vertex -24.6011 18.7472 1.4
      vertex -24.9215 18.8241 1.4
      vertex -25.0466 18.034 0.6
    endloop
  endfacet
  facet normal -0 0.707107 0.707107
    outer loop
      vertex -58.75 -18.05 0.6
      vertex -25.25 -18.85 1.4
      vertex -25.25 -18.05 0.6
    endloop
  endfacet
  facet normal 0 0.707107 0.707107
    outer loop
      vertex -25.25 -18.85 1.4
      vertex -58.75 -18.05 0.6
      vertex -58.75 -18.85 1.4
    endloop
  endfacet
  facet normal -0.233384 0.972385 0
    outer loop
      vertex -24.6011 -18.7472 1.4
      vertex -24.9215 -18.8241 3.2
      vertex -24.6011 -18.7472 3.2
    endloop
  endfacet
  facet normal -0.233384 0.972385 0
    outer loop
      vertex -24.9215 -18.8241 3.2
      vertex -24.6011 -18.7472 1.4
      vertex -24.9215 -18.8241 1.4
    endloop
  endfacet
  facet normal -0.0556654 0.706027 0.705994
    outer loop
      vertex -24.9215 -18.8241 1.4
      vertex -25.0466 -18.034 0.6
      vertex -25.25 -18.85 1.4
    endloop
  endfacet
  facet normal -0.271086 -0.654285 0.705991
    outer loop
      vertex -24.6598 17.9083 0.6
      vertex -24.6011 18.7472 1.4
      vertex -24.8483 17.9864 0.6
    endloop
  endfacet
  facet normal 0.382611 0.92391 -0
    outer loop
      vertex -59.3989 -18.7472 1.4
      vertex -59.7034 -18.6211 3.2
      vertex -59.3989 -18.7472 3.2
    endloop
  endfacet
  facet normal 0.382611 0.92391 0
    outer loop
      vertex -59.7034 -18.6211 3.2
      vertex -59.3989 -18.7472 1.4
      vertex -59.7034 -18.6211 1.4
    endloop
  endfacet
  facet normal -0.760455 0.649391 0
    outer loop
      vertex -23.7651 -18.2349 1.4
      vertex -23.5511 -17.9843 3.2
      vertex -23.5511 -17.9843 1.4
    endloop
  endfacet
  facet normal -0.760455 0.649391 0
    outer loop
      vertex -23.5511 -17.9843 3.2
      vertex -23.7651 -18.2349 1.4
      vertex -23.7651 -18.2349 3.2
    endloop
  endfacet
  facet normal 0.233384 0.972385 -0
    outer loop
      vertex -59.0785 -18.8241 1.4
      vertex -59.3989 -18.7472 3.2
      vertex -59.0785 -18.8241 3.2
    endloop
  endfacet
  facet normal 0.233384 0.972385 0
    outer loop
      vertex -59.3989 -18.7472 3.2
      vertex -59.0785 -18.8241 1.4
      vertex -59.3989 -18.7472 1.4
    endloop
  endfacet
  facet normal 0.0556654 -0.706027 0.705994
    outer loop
      vertex -58.9534 18.034 0.6
      vertex -58.75 18.85 1.4
      vertex -59.0785 18.8241 1.4
    endloop
  endfacet
  facet normal 0.165306 0.688657 0.705992
    outer loop
      vertex -58.9534 -18.034 0.6
      vertex -59.1517 -17.9864 0.6
      vertex -59.3989 -18.7472 1.4
    endloop
  endfacet
  facet normal -0.270965 0.654313 0.706011
    outer loop
      vertex -24.6011 -18.7472 1.4
      vertex -24.2966 -18.6211 1.4
      vertex -24.6598 -17.9083 0.6
    endloop
  endfacet
  facet normal -0.92391 -0.382611 0
    outer loop
      vertex -23.2528 17.3989 1.4
      vertex -23.3789 17.7034 3.2
      vertex -23.3789 17.7034 1.4
    endloop
  endfacet
  facet normal -0.92391 -0.382611 0
    outer loop
      vertex -23.3789 17.7034 3.2
      vertex -23.2528 17.3989 1.4
      vertex -23.2528 17.3989 3.2
    endloop
  endfacet
  facet normal 0.760455 -0.649391 0
    outer loop
      vertex -60.4489 17.9843 3.2
      vertex -60.2349 18.2349 1.4
      vertex -60.2349 18.2349 3.2
    endloop
  endfacet
  facet normal 0.760455 -0.649391 0
    outer loop
      vertex -60.2349 18.2349 1.4
      vertex -60.4489 17.9843 3.2
      vertex -60.4489 17.9843 1.4
    endloop
  endfacet
  facet normal 0.852553 0.52264 0
    outer loop
      vertex -60.4489 -17.9843 3.2
      vertex -60.6211 -17.7034 1.4
      vertex -60.6211 -17.7034 3.2
    endloop
  endfacet
  facet normal 0.852553 0.52264 0
    outer loop
      vertex -60.6211 -17.7034 1.4
      vertex -60.4489 -17.9843 3.2
      vertex -60.4489 -17.9843 1.4
    endloop
  endfacet
  facet normal -0.972385 0.233384 0
    outer loop
      vertex -23.2528 -17.3989 1.4
      vertex -23.1759 -17.0785 3.2
      vertex -23.1759 -17.0785 1.4
    endloop
  endfacet
  facet normal -0.972385 0.233384 0
    outer loop
      vertex -23.1759 -17.0785 3.2
      vertex -23.2528 -17.3989 1.4
      vertex -23.2528 -17.3989 3.2
    endloop
  endfacet
  facet normal 0.271086 0.654285 0.705991
    outer loop
      vertex -59.1517 -17.9864 0.6
      vertex -59.3402 -17.9083 0.6
      vertex -59.3989 -18.7472 1.4
    endloop
  endfacet
  facet normal 0 1 -0
    outer loop
      vertex -25.25 -18.85 1.4
      vertex -58.75 -18.85 3.2
      vertex -25.25 -18.85 3.2
    endloop
  endfacet
  facet normal 0 1 0
    outer loop
      vertex -58.75 -18.85 3.2
      vertex -25.25 -18.85 1.4
      vertex -58.75 -18.85 1.4
    endloop
  endfacet
  facet normal 0.0555371 -0.706015 0.706015
    outer loop
      vertex -58.75 18.05 0.6
      vertex -58.75 18.85 1.4
      vertex -58.9534 18.034 0.6
    endloop
  endfacet
  facet normal -0.53856 -0.459904 0.706004
    outer loop
      vertex -23.5511 17.9843 1.4
      vertex -23.7651 18.2349 1.4
      vertex -24.1983 17.5141 0.6
    endloop
  endfacet
  facet normal -0.538453 0.459994 0.706027
    outer loop
      vertex -23.7651 -18.2349 1.4
      vertex -24.1983 -17.5141 0.6
      vertex -24.3308 -17.6692 0.6
    endloop
  endfacet
  facet normal 0.0555371 0.706015 0.706015
    outer loop
      vertex -58.75 -18.85 1.4
      vertex -58.75 -18.05 0.6
      vertex -58.9534 -18.034 0.6
    endloop
  endfacet
  facet normal 0 -0.707107 0.707107
    outer loop
      vertex -58.75 18.85 1.4
      vertex -25.25 18.05 0.6
      vertex -25.25 18.85 1.4
    endloop
  endfacet
  facet normal 0 -0.707107 0.707107
    outer loop
      vertex -25.25 18.05 0.6
      vertex -58.75 18.85 1.4
      vertex -58.75 18.05 0.6
    endloop
  endfacet
  facet normal -0.459994 -0.538453 0.706027
    outer loop
      vertex -24.3308 17.6692 0.6
      vertex -23.7651 18.2349 1.4
      vertex -24.4859 17.8017 0.6
    endloop
  endfacet
  facet normal 0 -1 0
    outer loop
      vertex -58.75 18.85 1.4
      vertex -25.25 18.85 3.2
      vertex -58.75 18.85 3.2
    endloop
  endfacet
  facet normal 0 -1 -0
    outer loop
      vertex -25.25 18.85 3.2
      vertex -58.75 18.85 1.4
      vertex -25.25 18.85 1.4
    endloop
  endfacet
  facet normal -0.707107 0 0.707107
    outer loop
      vertex -23.95 16.75 0.6
      vertex -23.15 -16.75 1.4
      vertex -23.15 16.75 1.4
    endloop
  endfacet
  facet normal -0.707107 0 0.707107
    outer loop
      vertex -23.15 -16.75 1.4
      vertex -23.95 16.75 0.6
      vertex -23.95 -16.75 0.6
    endloop
  endfacet
  facet normal 0.459904 -0.53856 0.706004
    outer loop
      vertex -59.5141 17.8017 0.6
      vertex -59.9843 18.4489 1.4
      vertex -60.2349 18.2349 1.4
    endloop
  endfacet
  facet normal 0.688665 -0.165288 0.705989
    outer loop
      vertex -60.034 16.9534 0.6
      vertex -60.7472 17.3989 1.4
      vertex -60.8241 17.0785 1.4
    endloop
  endfacet
  facet normal -0.37012 0.603789 0.70601
    outer loop
      vertex -24.2966 -18.6211 1.4
      vertex -24.4859 -17.8017 0.6
      vertex -24.6598 -17.9083 0.6
    endloop
  endfacet
  facet normal -0.52264 -0.852553 0
    outer loop
      vertex -24.2966 18.6211 1.4
      vertex -24.0157 18.4489 3.2
      vertex -24.2966 18.6211 3.2
    endloop
  endfacet
  facet normal -0.52264 -0.852553 -0
    outer loop
      vertex -24.0157 18.4489 3.2
      vertex -24.2966 18.6211 1.4
      vertex -24.0157 18.4489 1.4
    endloop
  endfacet
  facet normal 0.37012 0.603789 0.70601
    outer loop
      vertex -59.3402 -17.9083 0.6
      vertex -59.5141 -17.8017 0.6
      vertex -59.7034 -18.6211 1.4
    endloop
  endfacet
  facet normal -0.370136 0.603782 0.706007
    outer loop
      vertex -24.2966 -18.6211 1.4
      vertex -24.0157 -18.4489 1.4
      vertex -24.4859 -17.8017 0.6
    endloop
  endfacet
  facet normal 0.603789 0.37012 0.70601
    outer loop
      vertex -59.8017 -17.5141 0.6
      vertex -59.9083 -17.3402 0.6
      vertex -60.6211 -17.7034 1.4
    endloop
  endfacet
  facet normal 0.654313 0.270965 0.706011
    outer loop
      vertex -60.6211 -17.7034 1.4
      vertex -59.9083 -17.3402 0.6
      vertex -60.7472 -17.3989 1.4
    endloop
  endfacet
  facet normal 0.459994 0.538453 0.706027
    outer loop
      vertex -59.5141 -17.8017 0.6
      vertex -59.6692 -17.6692 0.6
      vertex -60.2349 -18.2349 1.4
    endloop
  endfacet
  facet normal 0.52264 0.852553 -0
    outer loop
      vertex -59.7034 -18.6211 1.4
      vertex -59.9843 -18.4489 3.2
      vertex -59.7034 -18.6211 3.2
    endloop
  endfacet
  facet normal 0.52264 0.852553 0
    outer loop
      vertex -59.9843 -18.4489 3.2
      vertex -59.7034 -18.6211 1.4
      vertex -59.9843 -18.4489 1.4
    endloop
  endfacet
  facet normal -0.52264 0.852553 0
    outer loop
      vertex -24.0157 -18.4489 1.4
      vertex -24.2966 -18.6211 3.2
      vertex -24.0157 -18.4489 3.2
    endloop
  endfacet
  facet normal -0.52264 0.852553 0
    outer loop
      vertex -24.2966 -18.6211 3.2
      vertex -24.0157 -18.4489 1.4
      vertex -24.2966 -18.6211 1.4
    endloop
  endfacet
  facet normal 1 -0 0
    outer loop
      vertex -60.85 -16.75 3.2
      vertex -60.85 16.75 1.4
      vertex -60.85 16.75 3.2
    endloop
  endfacet
  facet normal 1 0 0
    outer loop
      vertex -60.85 16.75 1.4
      vertex -60.85 -16.75 3.2
      vertex -60.85 -16.75 1.4
    endloop
  endfacet
  facet normal 0.706015 0.0555371 0.706015
    outer loop
      vertex -60.034 -16.9534 0.6
      vertex -60.05 -16.75 0.6
      vertex -60.85 -16.75 1.4
    endloop
  endfacet
  facet normal 0.270965 0.654313 0.706011
    outer loop
      vertex -59.3989 -18.7472 1.4
      vertex -59.3402 -17.9083 0.6
      vertex -59.7034 -18.6211 1.4
    endloop
  endfacet
  facet normal -1 0 0
    outer loop
      vertex -23.15 -16.75 1.4
      vertex -23.15 16.75 3.2
      vertex -23.15 16.75 1.4
    endloop
  endfacet
  facet normal -1 -0 0
    outer loop
      vertex -23.15 16.75 3.2
      vertex -23.15 -16.75 1.4
      vertex -23.15 -16.75 3.2
    endloop
  endfacet
  facet normal -0.654285 0.271086 0.705991
    outer loop
      vertex -23.2528 -17.3989 1.4
      vertex -24.0136 -17.1517 0.6
      vertex -24.0917 -17.3402 0.6
    endloop
  endfacet
  facet normal 0.706015 -0.0555371 0.706015
    outer loop
      vertex -60.05 16.75 0.6
      vertex -60.034 16.9534 0.6
      vertex -60.85 16.75 1.4
    endloop
  endfacet
  facet normal 0.603782 -0.370136 0.706007
    outer loop
      vertex -59.8017 17.5141 0.6
      vertex -60.4489 17.9843 1.4
      vertex -60.6211 17.7034 1.4
    endloop
  endfacet
  facet normal -0.760455 -0.649391 0
    outer loop
      vertex -23.5511 17.9843 1.4
      vertex -23.7651 18.2349 3.2
      vertex -23.7651 18.2349 1.4
    endloop
  endfacet
  facet normal -0.760455 -0.649391 0
    outer loop
      vertex -23.7651 18.2349 3.2
      vertex -23.5511 17.9843 1.4
      vertex -23.5511 17.9843 3.2
    endloop
  endfacet
  facet normal 0.92391 -0.382611 0
    outer loop
      vertex -60.7472 17.3989 3.2
      vertex -60.6211 17.7034 1.4
      vertex -60.6211 17.7034 3.2
    endloop
  endfacet
  facet normal 0.92391 -0.382611 0
    outer loop
      vertex -60.6211 17.7034 1.4
      vertex -60.7472 17.3989 3.2
      vertex -60.7472 17.3989 1.4
    endloop
  endfacet
  facet normal 0.972385 -0.233384 0
    outer loop
      vertex -60.8241 17.0785 3.2
      vertex -60.7472 17.3989 1.4
      vertex -60.7472 17.3989 3.2
    endloop
  endfacet
  facet normal 0.972385 -0.233384 0
    outer loop
      vertex -60.7472 17.3989 1.4
      vertex -60.8241 17.0785 3.2
      vertex -60.8241 17.0785 1.4
    endloop
  endfacet
  facet normal 0.538453 -0.459994 0.706027
    outer loop
      vertex -59.8017 17.5141 0.6
      vertex -59.6692 17.6692 0.6
      vertex -60.2349 18.2349 1.4
    endloop
  endfacet
  facet normal 0.53856 0.459904 0.706004
    outer loop
      vertex -60.2349 -18.2349 1.4
      vertex -59.8017 -17.5141 0.6
      vertex -60.4489 -17.9843 1.4
    endloop
  endfacet
  facet normal 0.654285 0.271086 0.705991
    outer loop
      vertex -59.9083 -17.3402 0.6
      vertex -59.9864 -17.1517 0.6
      vertex -60.7472 -17.3989 1.4
    endloop
  endfacet
  facet normal 0.688657 -0.165306 0.705992
    outer loop
      vertex -60.034 16.9534 0.6
      vertex -59.9864 17.1517 0.6
      vertex -60.7472 17.3989 1.4
    endloop
  endfacet
  facet normal -0.271086 0.654285 0.705991
    outer loop
      vertex -24.6011 -18.7472 1.4
      vertex -24.6598 -17.9083 0.6
      vertex -24.8483 -17.9864 0.6
    endloop
  endfacet
  facet normal -0.649391 0.760455 0
    outer loop
      vertex -23.7651 -18.2349 1.4
      vertex -24.0157 -18.4489 3.2
      vertex -23.7651 -18.2349 3.2
    endloop
  endfacet
  facet normal -0.649391 0.760455 0
    outer loop
      vertex -24.0157 -18.4489 3.2
      vertex -23.7651 -18.2349 1.4
      vertex -24.0157 -18.4489 1.4
    endloop
  endfacet
  facet normal 0.654313 -0.270965 0.706011
    outer loop
      vertex -59.9083 17.3402 0.6
      vertex -60.6211 17.7034 1.4
      vertex -60.7472 17.3989 1.4
    endloop
  endfacet
  facet normal -0.459904 0.53856 0.706004
    outer loop
      vertex -24.0157 -18.4489 1.4
      vertex -23.7651 -18.2349 1.4
      vertex -24.4859 -17.8017 0.6
    endloop
  endfacet
  facet normal -0.706027 0.0556654 0.705994
    outer loop
      vertex -23.1759 -17.0785 1.4
      vertex -23.15 -16.75 1.4
      vertex -23.966 -16.9534 0.6
    endloop
  endfacet
  facet normal 0.760455 0.649391 0
    outer loop
      vertex -60.2349 -18.2349 3.2
      vertex -60.4489 -17.9843 1.4
      vertex -60.4489 -17.9843 3.2
    endloop
  endfacet
  facet normal 0.760455 0.649391 0
    outer loop
      vertex -60.4489 -17.9843 1.4
      vertex -60.2349 -18.2349 3.2
      vertex -60.2349 -18.2349 1.4
    endloop
  endfacet
  facet normal 0.165288 0.688665 0.705989
    outer loop
      vertex -59.0785 -18.8241 1.4
      vertex -58.9534 -18.034 0.6
      vertex -59.3989 -18.7472 1.4
    endloop
  endfacet
  facet normal 0.649391 -0.760455 0
    outer loop
      vertex -60.2349 18.2349 1.4
      vertex -59.9843 18.4489 3.2
      vertex -60.2349 18.2349 3.2
    endloop
  endfacet
  facet normal 0.649391 -0.760455 0
    outer loop
      vertex -59.9843 18.4489 3.2
      vertex -60.2349 18.2349 1.4
      vertex -59.9843 18.4489 1.4
    endloop
  endfacet
  facet normal 0.370136 -0.603782 0.706007
    outer loop
      vertex -59.5141 17.8017 0.6
      vertex -59.7034 18.6211 1.4
      vertex -59.9843 18.4489 1.4
    endloop
  endfacet
  facet normal 0.688657 0.165306 0.705992
    outer loop
      vertex -59.9864 -17.1517 0.6
      vertex -60.034 -16.9534 0.6
      vertex -60.7472 -17.3989 1.4
    endloop
  endfacet
  facet normal -0.0555371 -0.706015 0.706015
    outer loop
      vertex -25.0466 18.034 0.6
      vertex -25.25 18.85 1.4
      vertex -25.25 18.05 0.6
    endloop
  endfacet
  facet normal -0.852553 0.52264 0
    outer loop
      vertex -23.5511 -17.9843 1.4
      vertex -23.3789 -17.7034 3.2
      vertex -23.3789 -17.7034 1.4
    endloop
  endfacet
  facet normal -0.852553 0.52264 0
    outer loop
      vertex -23.3789 -17.7034 3.2
      vertex -23.5511 -17.9843 1.4
      vertex -23.5511 -17.9843 3.2
    endloop
  endfacet
  facet normal 0.603782 0.370136 0.706007
    outer loop
      vertex -60.4489 -17.9843 1.4
      vertex -59.8017 -17.5141 0.6
      vertex -60.6211 -17.7034 1.4
    endloop
  endfacet
  facet normal 0.538453 0.459994 0.706027
    outer loop
      vertex -59.6692 -17.6692 0.6
      vertex -59.8017 -17.5141 0.6
      vertex -60.2349 -18.2349 1.4
    endloop
  endfacet
  facet normal 0.649391 0.760455 -0
    outer loop
      vertex -59.9843 -18.4489 1.4
      vertex -60.2349 -18.2349 3.2
      vertex -59.9843 -18.4489 3.2
    endloop
  endfacet
  facet normal 0.649391 0.760455 0
    outer loop
      vertex -60.2349 -18.2349 3.2
      vertex -59.9843 -18.4489 1.4
      vertex -60.2349 -18.2349 1.4
    endloop
  endfacet
  facet normal -0.603789 -0.37012 0.70601
    outer loop
      vertex -24.0917 17.3402 0.6
      vertex -23.3789 17.7034 1.4
      vertex -24.1983 17.5141 0.6
    endloop
  endfacet
  facet normal -0.370136 -0.603782 0.706007
    outer loop
      vertex -24.0157 18.4489 1.4
      vertex -24.2966 18.6211 1.4
      vertex -24.4859 17.8017 0.6
    endloop
  endfacet
  facet normal -0.706015 -0.0555371 0.706015
    outer loop
      vertex -23.95 16.75 0.6
      vertex -23.15 16.75 1.4
      vertex -23.966 16.9534 0.6
    endloop
  endfacet
  facet normal -0.270965 -0.654313 0.706011
    outer loop
      vertex -24.2966 18.6211 1.4
      vertex -24.6011 18.7472 1.4
      vertex -24.6598 17.9083 0.6
    endloop
  endfacet
  facet normal 0.459904 0.53856 0.706004
    outer loop
      vertex -59.9843 -18.4489 1.4
      vertex -59.5141 -17.8017 0.6
      vertex -60.2349 -18.2349 1.4
    endloop
  endfacet
  facet normal 0.706027 -0.0556654 0.705994
    outer loop
      vertex -60.034 16.9534 0.6
      vertex -60.8241 17.0785 1.4
      vertex -60.85 16.75 1.4
    endloop
  endfacet
  facet normal 0.370136 0.603782 0.706007
    outer loop
      vertex -59.7034 -18.6211 1.4
      vertex -59.5141 -17.8017 0.6
      vertex -59.9843 -18.4489 1.4
    endloop
  endfacet
  facet normal 0.92391 0.382611 0
    outer loop
      vertex -60.6211 -17.7034 3.2
      vertex -60.7472 -17.3989 1.4
      vertex -60.7472 -17.3989 3.2
    endloop
  endfacet
  facet normal 0.92391 0.382611 0
    outer loop
      vertex -60.7472 -17.3989 1.4
      vertex -60.6211 -17.7034 3.2
      vertex -60.6211 -17.7034 1.4
    endloop
  endfacet
  facet normal 0.37012 -0.603789 0.70601
    outer loop
      vertex -59.5141 17.8017 0.6
      vertex -59.3402 17.9083 0.6
      vertex -59.7034 18.6211 1.4
    endloop
  endfacet
  facet normal -0.0556654 -0.706027 0.705994
    outer loop
      vertex -25.0466 18.034 0.6
      vertex -24.9215 18.8241 1.4
      vertex -25.25 18.85 1.4
    endloop
  endfacet
  facet normal 0.707107 0 0.707107
    outer loop
      vertex -60.85 16.75 1.4
      vertex -60.05 -16.75 0.6
      vertex -60.05 16.75 0.6
    endloop
  endfacet
  facet normal 0.707107 0 0.707107
    outer loop
      vertex -60.05 -16.75 0.6
      vertex -60.85 16.75 1.4
      vertex -60.85 -16.75 1.4
    endloop
  endfacet
  facet normal -0.649391 -0.760455 0
    outer loop
      vertex -24.0157 18.4489 1.4
      vertex -23.7651 18.2349 3.2
      vertex -24.0157 18.4489 3.2
    endloop
  endfacet
  facet normal -0.649391 -0.760455 -0
    outer loop
      vertex -23.7651 18.2349 3.2
      vertex -24.0157 18.4489 1.4
      vertex -23.7651 18.2349 1.4
    endloop
  endfacet
  facet normal 0.53856 -0.459904 0.706004
    outer loop
      vertex -59.8017 17.5141 0.6
      vertex -60.2349 18.2349 1.4
      vertex -60.4489 17.9843 1.4
    endloop
  endfacet
  facet normal 0.0785993 -0.996906 0
    outer loop
      vertex -59.0785 18.8241 1.4
      vertex -58.75 18.85 3.2
      vertex -59.0785 18.8241 3.2
    endloop
  endfacet
  facet normal 0.0785993 -0.996906 0
    outer loop
      vertex -58.75 18.85 3.2
      vertex -59.0785 18.8241 1.4
      vertex -58.75 18.85 1.4
    endloop
  endfacet
  facet normal 0.165306 -0.688657 0.705992
    outer loop
      vertex -59.1517 17.9864 0.6
      vertex -58.9534 18.034 0.6
      vertex -59.3989 18.7472 1.4
    endloop
  endfacet
  facet normal 0.165288 -0.688665 0.705989
    outer loop
      vertex -58.9534 18.034 0.6
      vertex -59.0785 18.8241 1.4
      vertex -59.3989 18.7472 1.4
    endloop
  endfacet
  facet normal -0.654313 -0.270965 0.706011
    outer loop
      vertex -23.2528 17.3989 1.4
      vertex -23.3789 17.7034 1.4
      vertex -24.0917 17.3402 0.6
    endloop
  endfacet
  facet normal -0.459904 -0.53856 0.706004
    outer loop
      vertex -23.7651 18.2349 1.4
      vertex -24.0157 18.4489 1.4
      vertex -24.4859 17.8017 0.6
    endloop
  endfacet
  facet normal -0.233384 -0.972385 0
    outer loop
      vertex -24.9215 18.8241 1.4
      vertex -24.6011 18.7472 3.2
      vertex -24.9215 18.8241 3.2
    endloop
  endfacet
  facet normal -0.233384 -0.972385 -0
    outer loop
      vertex -24.6011 18.7472 3.2
      vertex -24.9215 18.8241 1.4
      vertex -24.6011 18.7472 1.4
    endloop
  endfacet
  facet normal -0.53856 0.459904 0.706004
    outer loop
      vertex -23.7651 -18.2349 1.4
      vertex -23.5511 -17.9843 1.4
      vertex -24.1983 -17.5141 0.6
    endloop
  endfacet
  facet normal -0.0785993 -0.996906 0
    outer loop
      vertex -25.25 18.85 1.4
      vertex -24.9215 18.8241 3.2
      vertex -25.25 18.85 3.2
    endloop
  endfacet
  facet normal -0.0785993 -0.996906 -0
    outer loop
      vertex -24.9215 18.8241 3.2
      vertex -25.25 18.85 1.4
      vertex -24.9215 18.8241 1.4
    endloop
  endfacet
  facet normal -0.382611 0.92391 0
    outer loop
      vertex -24.2966 -18.6211 1.4
      vertex -24.6011 -18.7472 3.2
      vertex -24.2966 -18.6211 3.2
    endloop
  endfacet
  facet normal -0.382611 0.92391 0
    outer loop
      vertex -24.6011 -18.7472 3.2
      vertex -24.2966 -18.6211 1.4
      vertex -24.6011 -18.7472 1.4
    endloop
  endfacet
  facet normal 0.996906 -0.0785993 0
    outer loop
      vertex -60.85 16.75 3.2
      vertex -60.8241 17.0785 1.4
      vertex -60.8241 17.0785 3.2
    endloop
  endfacet
  facet normal 0.996906 -0.0785993 0
    outer loop
      vertex -60.8241 17.0785 1.4
      vertex -60.85 16.75 3.2
      vertex -60.85 16.75 1.4
    endloop
  endfacet
  facet normal -0.688665 0.165288 0.705989
    outer loop
      vertex -23.2528 -17.3989 1.4
      vertex -23.1759 -17.0785 1.4
      vertex -23.966 -16.9534 0.6
    endloop
  endfacet
  facet normal -0.688657 -0.165306 0.705992
    outer loop
      vertex -23.966 16.9534 0.6
      vertex -23.2528 17.3989 1.4
      vertex -24.0136 17.1517 0.6
    endloop
  endfacet
  facet normal 0.52264 -0.852553 0
    outer loop
      vertex -59.9843 18.4489 1.4
      vertex -59.7034 18.6211 3.2
      vertex -59.9843 18.4489 3.2
    endloop
  endfacet
  facet normal 0.52264 -0.852553 0
    outer loop
      vertex -59.7034 18.6211 3.2
      vertex -59.9843 18.4489 1.4
      vertex -59.7034 18.6211 1.4
    endloop
  endfacet
  facet normal -0.603782 0.370136 0.706007
    outer loop
      vertex -23.5511 -17.9843 1.4
      vertex -23.3789 -17.7034 1.4
      vertex -24.1983 -17.5141 0.6
    endloop
  endfacet
  facet normal -0.996906 -0.0785993 0
    outer loop
      vertex -23.15 16.75 1.4
      vertex -23.1759 17.0785 3.2
      vertex -23.1759 17.0785 1.4
    endloop
  endfacet
  facet normal -0.996906 -0.0785993 0
    outer loop
      vertex -23.1759 17.0785 3.2
      vertex -23.15 16.75 1.4
      vertex -23.15 16.75 3.2
    endloop
  endfacet
  facet normal 0.852553 -0.52264 0
    outer loop
      vertex -60.6211 17.7034 3.2
      vertex -60.4489 17.9843 1.4
      vertex -60.4489 17.9843 3.2
    endloop
  endfacet
  facet normal 0.852553 -0.52264 0
    outer loop
      vertex -60.4489 17.9843 1.4
      vertex -60.6211 17.7034 3.2
      vertex -60.6211 17.7034 1.4
    endloop
  endfacet
  facet normal -0.688657 0.165306 0.705992
    outer loop
      vertex -23.2528 -17.3989 1.4
      vertex -23.966 -16.9534 0.6
      vertex -24.0136 -17.1517 0.6
    endloop
  endfacet
  facet normal 0.0556654 0.706027 0.705994
    outer loop
      vertex -58.75 -18.85 1.4
      vertex -58.9534 -18.034 0.6
      vertex -59.0785 -18.8241 1.4
    endloop
  endfacet
  facet normal 0.0785993 0.996906 -0
    outer loop
      vertex -58.75 -18.85 1.4
      vertex -59.0785 -18.8241 3.2
      vertex -58.75 -18.85 3.2
    endloop
  endfacet
  facet normal 0.0785993 0.996906 0
    outer loop
      vertex -59.0785 -18.8241 3.2
      vertex -58.75 -18.85 1.4
      vertex -59.0785 -18.8241 1.4
    endloop
  endfacet
  facet normal -0.382611 -0.92391 0
    outer loop
      vertex -24.6011 18.7472 1.4
      vertex -24.2966 18.6211 3.2
      vertex -24.6011 18.7472 3.2
    endloop
  endfacet
  facet normal -0.382611 -0.92391 -0
    outer loop
      vertex -24.2966 18.6211 3.2
      vertex -24.6011 18.7472 1.4
      vertex -24.2966 18.6211 1.4
    endloop
  endfacet
  facet normal 0.654285 -0.271086 0.705991
    outer loop
      vertex -59.9864 17.1517 0.6
      vertex -59.9083 17.3402 0.6
      vertex -60.7472 17.3989 1.4
    endloop
  endfacet
  facet normal 0.603789 -0.37012 0.70601
    outer loop
      vertex -59.9083 17.3402 0.6
      vertex -59.8017 17.5141 0.6
      vertex -60.6211 17.7034 1.4
    endloop
  endfacet
  facet normal -0.852553 -0.52264 0
    outer loop
      vertex -23.3789 17.7034 1.4
      vertex -23.5511 17.9843 3.2
      vertex -23.5511 17.9843 1.4
    endloop
  endfacet
  facet normal -0.852553 -0.52264 0
    outer loop
      vertex -23.5511 17.9843 3.2
      vertex -23.3789 17.7034 1.4
      vertex -23.3789 17.7034 3.2
    endloop
  endfacet
  facet normal -0.92391 0.382611 0
    outer loop
      vertex -23.3789 -17.7034 1.4
      vertex -23.2528 -17.3989 3.2
      vertex -23.2528 -17.3989 1.4
    endloop
  endfacet
  facet normal -0.92391 0.382611 0
    outer loop
      vertex -23.2528 -17.3989 3.2
      vertex -23.3789 -17.7034 1.4
      vertex -23.3789 -17.7034 3.2
    endloop
  endfacet
  facet normal -0.706015 0.0555371 0.706015
    outer loop
      vertex -23.15 -16.75 1.4
      vertex -23.95 -16.75 0.6
      vertex -23.966 -16.9534 0.6
    endloop
  endfacet
  facet normal 0 0 1
    outer loop
      vertex -25.25 18.05 0.6
      vertex -23.95 16.75 0.6
      vertex -23.966 16.9534 0.6
    endloop
  endfacet
  facet normal 0 0 1
    outer loop
      vertex -23.95 16.75 0.6
      vertex -25.25 18.05 0.6
      vertex -23.95 -16.75 0.6
    endloop
  endfacet
  facet normal 0 0 1
    outer loop
      vertex -25.25 18.05 0.6
      vertex -23.966 16.9534 0.6
      vertex -24.0136 17.1517 0.6
    endloop
  endfacet
  facet normal 0 0 1
    outer loop
      vertex -25.25 -18.05 0.6
      vertex -23.95 -16.75 0.6
      vertex -25.25 18.05 0.6
    endloop
  endfacet
  facet normal 0 0 1
    outer loop
      vertex -25.25 18.05 0.6
      vertex -24.0136 17.1517 0.6
      vertex -24.0917 17.3402 0.6
    endloop
  endfacet
  facet normal 0 0 1
    outer loop
      vertex -23.95 -16.75 0.6
      vertex -25.25 -18.05 0.6
      vertex -23.966 -16.9534 0.6
    endloop
  endfacet
  facet normal 0 0 1
    outer loop
      vertex -25.25 18.05 0.6
      vertex -24.0917 17.3402 0.6
      vertex -24.1983 17.5141 0.6
    endloop
  endfacet
  facet normal 0 0 1
    outer loop
      vertex -23.966 -16.9534 0.6
      vertex -25.25 -18.05 0.6
      vertex -24.0136 -17.1517 0.6
    endloop
  endfacet
  facet normal 0 0 1
    outer loop
      vertex -25.25 18.05 0.6
      vertex -24.1983 17.5141 0.6
      vertex -24.3308 17.6692 0.6
    endloop
  endfacet
  facet normal 0 0 1
    outer loop
      vertex -24.0136 -17.1517 0.6
      vertex -25.25 -18.05 0.6
      vertex -24.0917 -17.3402 0.6
    endloop
  endfacet
  facet normal 0 0 1
    outer loop
      vertex -25.25 18.05 0.6
      vertex -24.3308 17.6692 0.6
      vertex -24.4859 17.8017 0.6
    endloop
  endfacet
  facet normal 0 0 1
    outer loop
      vertex -24.0917 -17.3402 0.6
      vertex -25.25 -18.05 0.6
      vertex -24.1983 -17.5141 0.6
    endloop
  endfacet
  facet normal 0 0 1
    outer loop
      vertex -25.25 18.05 0.6
      vertex -24.4859 17.8017 0.6
      vertex -24.6598 17.9083 0.6
    endloop
  endfacet
  facet normal 0 0 1
    outer loop
      vertex -24.1983 -17.5141 0.6
      vertex -25.25 -18.05 0.6
      vertex -24.3308 -17.6692 0.6
    endloop
  endfacet
  facet normal 0 0 1
    outer loop
      vertex -25.25 18.05 0.6
      vertex -24.6598 17.9083 0.6
      vertex -24.8483 17.9864 0.6
    endloop
  endfacet
  facet normal 0 0 1
    outer loop
      vertex -24.3308 -17.6692 0.6
      vertex -25.25 -18.05 0.6
      vertex -24.4859 -17.8017 0.6
    endloop
  endfacet
  facet normal 0 0 1
    outer loop
      vertex -25.25 18.05 0.6
      vertex -24.8483 17.9864 0.6
      vertex -25.0466 18.034 0.6
    endloop
  endfacet
  facet normal 0 0 1
    outer loop
      vertex -24.4859 -17.8017 0.6
      vertex -25.25 -18.05 0.6
      vertex -24.6598 -17.9083 0.6
    endloop
  endfacet
  facet normal 0 0 1
    outer loop
      vertex -24.6598 -17.9083 0.6
      vertex -25.25 -18.05 0.6
      vertex -24.8483 -17.9864 0.6
    endloop
  endfacet
  facet normal 0 0 1
    outer loop
      vertex -24.8483 -17.9864 0.6
      vertex -25.25 -18.05 0.6
      vertex -25.0466 -18.034 0.6
    endloop
  endfacet
  facet normal -0 0 1
    outer loop
      vertex -58.75 18.05 0.6
      vertex -25.25 -18.05 0.6
      vertex -25.25 18.05 0.6
    endloop
  endfacet
  facet normal 0 0 1
    outer loop
      vertex -58.75 18.05 0.6
      vertex -58.75 -18.05 0.6
      vertex -25.25 -18.05 0.6
    endloop
  endfacet
  facet normal 0 0 1
    outer loop
      vertex -60.05 16.75 0.6
      vertex -58.75 18.05 0.6
      vertex -58.9534 18.034 0.6
    endloop
  endfacet
  facet normal 0 0 1
    outer loop
      vertex -58.75 18.05 0.6
      vertex -60.05 16.75 0.6
      vertex -58.75 -18.05 0.6
    endloop
  endfacet
  facet normal 0 0 1
    outer loop
      vertex -60.05 16.75 0.6
      vertex -58.9534 18.034 0.6
      vertex -59.1517 17.9864 0.6
    endloop
  endfacet
  facet normal -0 0 1
    outer loop
      vertex -60.05 -16.75 0.6
      vertex -58.75 -18.05 0.6
      vertex -60.05 16.75 0.6
    endloop
  endfacet
  facet normal 0 0 1
    outer loop
      vertex -60.05 16.75 0.6
      vertex -59.1517 17.9864 0.6
      vertex -59.3402 17.9083 0.6
    endloop
  endfacet
  facet normal 0 0 1
    outer loop
      vertex -58.75 -18.05 0.6
      vertex -60.05 -16.75 0.6
      vertex -58.9534 -18.034 0.6
    endloop
  endfacet
  facet normal 0 0 1
    outer loop
      vertex -60.05 16.75 0.6
      vertex -59.3402 17.9083 0.6
      vertex -59.5141 17.8017 0.6
    endloop
  endfacet
  facet normal 0 0 1
    outer loop
      vertex -58.9534 -18.034 0.6
      vertex -60.05 -16.75 0.6
      vertex -59.1517 -17.9864 0.6
    endloop
  endfacet
  facet normal 0 0 1
    outer loop
      vertex -60.05 16.75 0.6
      vertex -59.5141 17.8017 0.6
      vertex -59.6692 17.6692 0.6
    endloop
  endfacet
  facet normal 0 0 1
    outer loop
      vertex -59.1517 -17.9864 0.6
      vertex -60.05 -16.75 0.6
      vertex -59.3402 -17.9083 0.6
    endloop
  endfacet
  facet normal 0 0 1
    outer loop
      vertex -60.05 16.75 0.6
      vertex -59.6692 17.6692 0.6
      vertex -59.8017 17.5141 0.6
    endloop
  endfacet
  facet normal 0 0 1
    outer loop
      vertex -59.3402 -17.9083 0.6
      vertex -60.05 -16.75 0.6
      vertex -59.5141 -17.8017 0.6
    endloop
  endfacet
  facet normal 0 0 1
    outer loop
      vertex -60.05 16.75 0.6
      vertex -59.8017 17.5141 0.6
      vertex -59.9083 17.3402 0.6
    endloop
  endfacet
  facet normal 0 0 1
    outer loop
      vertex -59.5141 -17.8017 0.6
      vertex -60.05 -16.75 0.6
      vertex -59.6692 -17.6692 0.6
    endloop
  endfacet
  facet normal 0 0 1
    outer loop
      vertex -60.05 16.75 0.6
      vertex -59.9083 17.3402 0.6
      vertex -59.9864 17.1517 0.6
    endloop
  endfacet
  facet normal 0 0 1
    outer loop
      vertex -59.6692 -17.6692 0.6
      vertex -60.05 -16.75 0.6
      vertex -59.8017 -17.5141 0.6
    endloop
  endfacet
  facet normal 0 0 1
    outer loop
      vertex -60.05 16.75 0.6
      vertex -59.9864 17.1517 0.6
      vertex -60.034 16.9534 0.6
    endloop
  endfacet
  facet normal 0 0 1
    outer loop
      vertex -59.8017 -17.5141 0.6
      vertex -60.05 -16.75 0.6
      vertex -59.9083 -17.3402 0.6
    endloop
  endfacet
  facet normal 0 0 1
    outer loop
      vertex -59.9083 -17.3402 0.6
      vertex -60.05 -16.75 0.6
      vertex -59.9864 -17.1517 0.6
    endloop
  endfacet
  facet normal 0 0 1
    outer loop
      vertex -59.9864 -17.1517 0.6
      vertex -60.05 -16.75 0.6
      vertex -60.034 -16.9534 0.6
    endloop
  endfacet
  facet normal -0.165306 -0.688657 0.705992
    outer loop
      vertex -24.8483 17.9864 0.6
      vertex -24.6011 18.7472 1.4
      vertex -25.0466 18.034 0.6
    endloop
  endfacet
  facet normal 0.270965 -0.654313 0.706011
    outer loop
      vertex -59.3402 17.9083 0.6
      vertex -59.3989 18.7472 1.4
      vertex -59.7034 18.6211 1.4
    endloop
  endfacet
  facet normal 0.271086 -0.654285 0.705991
    outer loop
      vertex -59.3402 17.9083 0.6
      vertex -59.1517 17.9864 0.6
      vertex -59.3989 18.7472 1.4
    endloop
  endfacet
  facet normal -0.654285 -0.271086 0.705991
    outer loop
      vertex -24.0136 17.1517 0.6
      vertex -23.2528 17.3989 1.4
      vertex -24.0917 17.3402 0.6
    endloop
  endfacet
  facet normal 0.382611 -0.92391 0
    outer loop
      vertex -59.7034 18.6211 1.4
      vertex -59.3989 18.7472 3.2
      vertex -59.7034 18.6211 3.2
    endloop
  endfacet
  facet normal 0.382611 -0.92391 0
    outer loop
      vertex -59.3989 18.7472 3.2
      vertex -59.7034 18.6211 1.4
      vertex -59.3989 18.7472 1.4
    endloop
  endfacet
  facet normal -0.603789 0.37012 0.70601
    outer loop
      vertex -23.3789 -17.7034 1.4
      vertex -24.0917 -17.3402 0.6
      vertex -24.1983 -17.5141 0.6
    endloop
  endfacet
  facet normal 0.459994 -0.538453 0.706027
    outer loop
      vertex -59.6692 17.6692 0.6
      vertex -59.5141 17.8017 0.6
      vertex -60.2349 18.2349 1.4
    endloop
  endfacet
  facet normal -0.654313 0.270965 0.706011
    outer loop
      vertex -23.3789 -17.7034 1.4
      vertex -23.2528 -17.3989 1.4
      vertex -24.0917 -17.3402 0.6
    endloop
  endfacet
  facet normal -0.603782 -0.370136 0.706007
    outer loop
      vertex -23.3789 17.7034 1.4
      vertex -23.5511 17.9843 1.4
      vertex -24.1983 17.5141 0.6
    endloop
  endfacet
  facet normal -0.706027 -0.0556654 0.705994
    outer loop
      vertex -23.15 16.75 1.4
      vertex -23.1759 17.0785 1.4
      vertex -23.966 16.9534 0.6
    endloop
  endfacet
  facet normal -0.688665 -0.165288 0.705989
    outer loop
      vertex -23.1759 17.0785 1.4
      vertex -23.2528 17.3989 1.4
      vertex -23.966 16.9534 0.6
    endloop
  endfacet
  facet normal 0.16528 0.688629 0.706026
    outer loop
      vertex -59.4148 -20.9477 5.35
      vertex -59.0785 -18.8241 3.2
      vertex -59.3989 -18.7472 3.2
    endloop
  endfacet
  facet normal 0.165333 0.688623 0.70602
    outer loop
      vertex -59.4148 -20.9477 5.35
      vertex -59.3989 -18.7472 3.2
      vertex -60.0633 -20.792 5.35
    endloop
  endfacet
  facet normal 0.705992 0.0556627 0.706029
    outer loop
      vertex -62.9477 -17.4148 5.35
      vertex -60.8241 -17.0785 3.2
      vertex -60.85 -16.75 3.2
    endloop
  endfacet
  facet normal 0.0555424 0.706015 0.706015
    outer loop
      vertex -58.75 -21 5.35
      vertex -58.75 -18.85 3.2
      vertex -59.4148 -20.9477 5.35
    endloop
  endfacet
  facet normal 0 -0.707107 0.707107
    outer loop
      vertex -58.75 18.85 3.2
      vertex -25.25 21 5.35
      vertex -58.75 21 5.35
    endloop
  endfacet
  facet normal 0 -0.707107 0.707107
    outer loop
      vertex -25.25 21 5.35
      vertex -58.75 18.85 3.2
      vertex -25.25 18.85 3.2
    endloop
  endfacet
  facet normal 0.459932 0.538516 0.706019
    outer loop
      vertex -61.2481 -20.1883 5.35
      vertex -60.2349 -18.2349 3.2
      vertex -61.7552 -19.7552 5.35
    endloop
  endfacet
  facet normal 0.688623 0.165333 0.70602
    outer loop
      vertex -62.792 -18.0633 5.35
      vertex -60.7472 -17.3989 3.2
      vertex -62.9477 -17.4148 5.35
    endloop
  endfacet
  facet normal 0.270978 0.654297 0.706021
    outer loop
      vertex -60.0633 -20.792 5.35
      vertex -59.3989 -18.7472 3.2
      vertex -60.6795 -20.5368 5.35
    endloop
  endfacet
  facet normal 0.538516 -0.459932 0.706019
    outer loop
      vertex -60.2349 18.2349 3.2
      vertex -61.7552 19.7552 5.35
      vertex -62.1883 19.2481 5.35
    endloop
  endfacet
  facet normal 0.45989 0.538544 0.706025
    outer loop
      vertex -61.2481 -20.1883 5.35
      vertex -59.9843 -18.4489 3.2
      vertex -60.2349 -18.2349 3.2
    endloop
  endfacet
  facet normal 0.706015 0.0555424 0.706015
    outer loop
      vertex -62.9477 -17.4148 5.35
      vertex -60.85 -16.75 3.2
      vertex -63 -16.75 5.35
    endloop
  endfacet
  facet normal -0.270978 0.654297 0.706021
    outer loop
      vertex -23.9367 -20.792 5.35
      vertex -23.3205 -20.5368 5.35
      vertex -24.6011 -18.7472 3.2
    endloop
  endfacet
  facet normal -0.603766 0.370126 0.706026
    outer loop
      vertex -21.8117 -19.2481 5.35
      vertex -23.3789 -17.7034 3.2
      vertex -23.5511 -17.9843 3.2
    endloop
  endfacet
  facet normal 0.0556627 -0.705992 0.706029
    outer loop
      vertex -59.0785 18.8241 3.2
      vertex -58.75 18.85 3.2
      vertex -59.4148 20.9477 5.35
    endloop
  endfacet
  facet normal -0.603805 0.370077 0.706019
    outer loop
      vertex -21.8117 -19.2481 5.35
      vertex -21.4632 -18.6795 5.35
      vertex -23.3789 -17.7034 3.2
    endloop
  endfacet
  facet normal -0.654297 -0.270978 0.706021
    outer loop
      vertex -21.208 18.0633 5.35
      vertex -21.4632 18.6795 5.35
      vertex -23.2528 17.3989 3.2
    endloop
  endfacet
  facet normal -0.459932 0.538516 0.706019
    outer loop
      vertex -22.7519 -20.1883 5.35
      vertex -22.2448 -19.7552 5.35
      vertex -23.7651 -18.2349 3.2
    endloop
  endfacet
  facet normal 0.16528 -0.688629 0.706026
    outer loop
      vertex -59.3989 18.7472 3.2
      vertex -59.0785 18.8241 3.2
      vertex -59.4148 20.9477 5.35
    endloop
  endfacet
  facet normal -0.16528 -0.688629 0.706026
    outer loop
      vertex -24.6011 18.7472 3.2
      vertex -24.5852 20.9477 5.35
      vertex -24.9215 18.8241 3.2
    endloop
  endfacet
  facet normal 0.538516 0.459932 0.706019
    outer loop
      vertex -61.7552 -19.7552 5.35
      vertex -60.2349 -18.2349 3.2
      vertex -62.1883 -19.2481 5.35
    endloop
  endfacet
  facet normal -0.0556627 -0.705992 0.706029
    outer loop
      vertex -24.9215 18.8241 3.2
      vertex -24.5852 20.9477 5.35
      vertex -25.25 18.85 3.2
    endloop
  endfacet
  facet normal -0.370126 -0.603766 0.706026
    outer loop
      vertex -24.0157 18.4489 3.2
      vertex -22.7519 20.1883 5.35
      vertex -24.2966 18.6211 3.2
    endloop
  endfacet
  facet normal -0.270962 -0.654306 0.706019
    outer loop
      vertex -24.2966 18.6211 3.2
      vertex -23.3205 20.5368 5.35
      vertex -24.6011 18.7472 3.2
    endloop
  endfacet
  facet normal -0.165333 0.688623 0.70602
    outer loop
      vertex -24.5852 -20.9477 5.35
      vertex -23.9367 -20.792 5.35
      vertex -24.6011 -18.7472 3.2
    endloop
  endfacet
  facet normal -0.707107 0 0.707107
    outer loop
      vertex -23.15 -16.75 3.2
      vertex -21 16.75 5.35
      vertex -23.15 16.75 3.2
    endloop
  endfacet
  facet normal -0.707107 0 0.707107
    outer loop
      vertex -21 16.75 5.35
      vertex -23.15 -16.75 3.2
      vertex -21 -16.75 5.35
    endloop
  endfacet
  facet normal -0.706015 0.0555424 0.706015
    outer loop
      vertex -21.0523 -17.4148 5.35
      vertex -21 -16.75 5.35
      vertex -23.15 -16.75 3.2
    endloop
  endfacet
  facet normal 0.707107 -0 0.707107
    outer loop
      vertex -63 -16.75 5.35
      vertex -60.85 16.75 3.2
      vertex -63 16.75 5.35
    endloop
  endfacet
  facet normal 0.707107 0 0.707107
    outer loop
      vertex -60.85 16.75 3.2
      vertex -63 -16.75 5.35
      vertex -60.85 -16.75 3.2
    endloop
  endfacet
  facet normal -0.705992 -0.0556627 0.706029
    outer loop
      vertex -23.15 16.75 3.2
      vertex -21.0523 17.4148 5.35
      vertex -23.1759 17.0785 3.2
    endloop
  endfacet
  facet normal -0.538516 0.459932 0.706019
    outer loop
      vertex -22.2448 -19.7552 5.35
      vertex -21.8117 -19.2481 5.35
      vertex -23.7651 -18.2349 3.2
    endloop
  endfacet
  facet normal -0.0555424 -0.706015 0.706015
    outer loop
      vertex -24.5852 20.9477 5.35
      vertex -25.25 21 5.35
      vertex -25.25 18.85 3.2
    endloop
  endfacet
  facet normal 0.603805 0.370077 0.706019
    outer loop
      vertex -62.1883 -19.2481 5.35
      vertex -60.6211 -17.7034 3.2
      vertex -62.5368 -18.6795 5.35
    endloop
  endfacet
  facet normal -0.654306 0.270962 0.706019
    outer loop
      vertex -21.4632 -18.6795 5.35
      vertex -23.2528 -17.3989 3.2
      vertex -23.3789 -17.7034 3.2
    endloop
  endfacet
  facet normal 0.706015 -0.0555424 0.706015
    outer loop
      vertex -60.85 16.75 3.2
      vertex -62.9477 17.4148 5.35
      vertex -63 16.75 5.35
    endloop
  endfacet
  facet normal -0.654306 -0.270962 0.706019
    outer loop
      vertex -23.2528 17.3989 3.2
      vertex -21.4632 18.6795 5.35
      vertex -23.3789 17.7034 3.2
    endloop
  endfacet
  facet normal 0.0556627 0.705992 0.706029
    outer loop
      vertex -59.4148 -20.9477 5.35
      vertex -58.75 -18.85 3.2
      vertex -59.0785 -18.8241 3.2
    endloop
  endfacet
  facet normal -0.45989 -0.538544 0.706025
    outer loop
      vertex -23.7651 18.2349 3.2
      vertex -22.7519 20.1883 5.35
      vertex -24.0157 18.4489 3.2
    endloop
  endfacet
  facet normal -0.538516 -0.459932 0.706019
    outer loop
      vertex -21.8117 19.2481 5.35
      vertex -22.2448 19.7552 5.35
      vertex -23.7651 18.2349 3.2
    endloop
  endfacet
  facet normal 0.688623 -0.165333 0.70602
    outer loop
      vertex -60.7472 17.3989 3.2
      vertex -62.792 18.0633 5.35
      vertex -62.9477 17.4148 5.35
    endloop
  endfacet
  facet normal 0 0.707107 0.707107
    outer loop
      vertex -25.25 -18.85 3.2
      vertex -58.75 -21 5.35
      vertex -25.25 -21 5.35
    endloop
  endfacet
  facet normal 0 0.707107 0.707107
    outer loop
      vertex -58.75 -21 5.35
      vertex -25.25 -18.85 3.2
      vertex -58.75 -18.85 3.2
    endloop
  endfacet
  facet normal 0.654297 -0.270978 0.706021
    outer loop
      vertex -60.7472 17.3989 3.2
      vertex -62.5368 18.6795 5.35
      vertex -62.792 18.0633 5.35
    endloop
  endfacet
  facet normal -0.688629 -0.16528 0.706026
    outer loop
      vertex -23.1759 17.0785 3.2
      vertex -21.0523 17.4148 5.35
      vertex -23.2528 17.3989 3.2
    endloop
  endfacet
  facet normal 0.270962 -0.654306 0.706019
    outer loop
      vertex -59.7034 18.6211 3.2
      vertex -59.3989 18.7472 3.2
      vertex -60.6795 20.5368 5.35
    endloop
  endfacet
  facet normal 0.603766 -0.370126 0.706026
    outer loop
      vertex -60.6211 17.7034 3.2
      vertex -60.4489 17.9843 3.2
      vertex -62.1883 19.2481 5.35
    endloop
  endfacet
  facet normal -0.370077 -0.603805 0.706019
    outer loop
      vertex -22.7519 20.1883 5.35
      vertex -23.3205 20.5368 5.35
      vertex -24.2966 18.6211 3.2
    endloop
  endfacet
  facet normal -0.270962 0.654306 0.706019
    outer loop
      vertex -23.3205 -20.5368 5.35
      vertex -24.2966 -18.6211 3.2
      vertex -24.6011 -18.7472 3.2
    endloop
  endfacet
  facet normal 0.654306 0.270962 0.706019
    outer loop
      vertex -62.5368 -18.6795 5.35
      vertex -60.6211 -17.7034 3.2
      vertex -60.7472 -17.3989 3.2
    endloop
  endfacet
  facet normal 0.370126 -0.603766 0.706026
    outer loop
      vertex -59.9843 18.4489 3.2
      vertex -59.7034 18.6211 3.2
      vertex -61.2481 20.1883 5.35
    endloop
  endfacet
  facet normal 0.654306 -0.270962 0.706019
    outer loop
      vertex -60.7472 17.3989 3.2
      vertex -60.6211 17.7034 3.2
      vertex -62.5368 18.6795 5.35
    endloop
  endfacet
  facet normal -0.270978 -0.654297 0.706021
    outer loop
      vertex -23.3205 20.5368 5.35
      vertex -23.9367 20.792 5.35
      vertex -24.6011 18.7472 3.2
    endloop
  endfacet
  facet normal 0.654297 0.270978 0.706021
    outer loop
      vertex -62.5368 -18.6795 5.35
      vertex -60.7472 -17.3989 3.2
      vertex -62.792 -18.0633 5.35
    endloop
  endfacet
  facet normal 0.688629 -0.16528 0.706026
    outer loop
      vertex -60.8241 17.0785 3.2
      vertex -60.7472 17.3989 3.2
      vertex -62.9477 17.4148 5.35
    endloop
  endfacet
  facet normal -0.0556627 0.705992 0.706029
    outer loop
      vertex -24.5852 -20.9477 5.35
      vertex -24.9215 -18.8241 3.2
      vertex -25.25 -18.85 3.2
    endloop
  endfacet
  facet normal 0.688629 0.16528 0.706026
    outer loop
      vertex -62.9477 -17.4148 5.35
      vertex -60.7472 -17.3989 3.2
      vertex -60.8241 -17.0785 3.2
    endloop
  endfacet
  facet normal -0.706015 -0.0555424 0.706015
    outer loop
      vertex -21 16.75 5.35
      vertex -21.0523 17.4148 5.35
      vertex -23.15 16.75 3.2
    endloop
  endfacet
  facet normal -0.45989 0.538544 0.706025
    outer loop
      vertex -22.7519 -20.1883 5.35
      vertex -23.7651 -18.2349 3.2
      vertex -24.0157 -18.4489 3.2
    endloop
  endfacet
  facet normal 0.370126 0.603766 0.706026
    outer loop
      vertex -61.2481 -20.1883 5.35
      vertex -59.7034 -18.6211 3.2
      vertex -59.9843 -18.4489 3.2
    endloop
  endfacet
  facet normal -0.165333 -0.688623 0.70602
    outer loop
      vertex -23.9367 20.792 5.35
      vertex -24.5852 20.9477 5.35
      vertex -24.6011 18.7472 3.2
    endloop
  endfacet
  facet normal -0.0555424 0.706015 0.706015
    outer loop
      vertex -24.5852 -20.9477 5.35
      vertex -25.25 -18.85 3.2
      vertex -25.25 -21 5.35
    endloop
  endfacet
  facet normal -0.654297 0.270978 0.706021
    outer loop
      vertex -21.4632 -18.6795 5.35
      vertex -21.208 -18.0633 5.35
      vertex -23.2528 -17.3989 3.2
    endloop
  endfacet
  facet normal -0.538544 0.45989 0.706025
    outer loop
      vertex -21.8117 -19.2481 5.35
      vertex -23.5511 -17.9843 3.2
      vertex -23.7651 -18.2349 3.2
    endloop
  endfacet
  facet normal -0.688623 0.165333 0.70602
    outer loop
      vertex -21.208 -18.0633 5.35
      vertex -21.0523 -17.4148 5.35
      vertex -23.2528 -17.3989 3.2
    endloop
  endfacet
  facet normal -0.16528 0.688629 0.706026
    outer loop
      vertex -24.5852 -20.9477 5.35
      vertex -24.6011 -18.7472 3.2
      vertex -24.9215 -18.8241 3.2
    endloop
  endfacet
  facet normal 0.165333 -0.688623 0.70602
    outer loop
      vertex -59.3989 18.7472 3.2
      vertex -59.4148 20.9477 5.35
      vertex -60.0633 20.792 5.35
    endloop
  endfacet
  facet normal -0.603805 -0.370077 0.706019
    outer loop
      vertex -21.4632 18.6795 5.35
      vertex -21.8117 19.2481 5.35
      vertex -23.3789 17.7034 3.2
    endloop
  endfacet
  facet normal -0.459932 -0.538516 0.706019
    outer loop
      vertex -22.2448 19.7552 5.35
      vertex -22.7519 20.1883 5.35
      vertex -23.7651 18.2349 3.2
    endloop
  endfacet
  facet normal 0.603766 0.370126 0.706026
    outer loop
      vertex -62.1883 -19.2481 5.35
      vertex -60.4489 -17.9843 3.2
      vertex -60.6211 -17.7034 3.2
    endloop
  endfacet
  facet normal 0.538544 0.45989 0.706025
    outer loop
      vertex -62.1883 -19.2481 5.35
      vertex -60.2349 -18.2349 3.2
      vertex -60.4489 -17.9843 3.2
    endloop
  endfacet
  facet normal 0.370077 0.603805 0.706019
    outer loop
      vertex -60.6795 -20.5368 5.35
      vertex -59.7034 -18.6211 3.2
      vertex -61.2481 -20.1883 5.35
    endloop
  endfacet
  facet normal 0.270962 0.654306 0.706019
    outer loop
      vertex -60.6795 -20.5368 5.35
      vertex -59.3989 -18.7472 3.2
      vertex -59.7034 -18.6211 3.2
    endloop
  endfacet
  facet normal 0.538544 -0.45989 0.706025
    outer loop
      vertex -60.4489 17.9843 3.2
      vertex -60.2349 18.2349 3.2
      vertex -62.1883 19.2481 5.35
    endloop
  endfacet
  facet normal 0.603805 -0.370077 0.706019
    outer loop
      vertex -60.6211 17.7034 3.2
      vertex -62.1883 19.2481 5.35
      vertex -62.5368 18.6795 5.35
    endloop
  endfacet
  facet normal -0.688629 0.16528 0.706026
    outer loop
      vertex -21.0523 -17.4148 5.35
      vertex -23.1759 -17.0785 3.2
      vertex -23.2528 -17.3989 3.2
    endloop
  endfacet
  facet normal 0.705992 -0.0556627 0.706029
    outer loop
      vertex -60.85 16.75 3.2
      vertex -60.8241 17.0785 3.2
      vertex -62.9477 17.4148 5.35
    endloop
  endfacet
  facet normal 0.459932 -0.538516 0.706019
    outer loop
      vertex -60.2349 18.2349 3.2
      vertex -61.2481 20.1883 5.35
      vertex -61.7552 19.7552 5.35
    endloop
  endfacet
  facet normal 0.370077 -0.603805 0.706019
    outer loop
      vertex -59.7034 18.6211 3.2
      vertex -60.6795 20.5368 5.35
      vertex -61.2481 20.1883 5.35
    endloop
  endfacet
  facet normal -0.370126 0.603766 0.706026
    outer loop
      vertex -22.7519 -20.1883 5.35
      vertex -24.0157 -18.4489 3.2
      vertex -24.2966 -18.6211 3.2
    endloop
  endfacet
  facet normal -0.705992 0.0556627 0.706029
    outer loop
      vertex -21.0523 -17.4148 5.35
      vertex -23.15 -16.75 3.2
      vertex -23.1759 -17.0785 3.2
    endloop
  endfacet
  facet normal -0.603766 -0.370126 0.706026
    outer loop
      vertex -23.3789 17.7034 3.2
      vertex -21.8117 19.2481 5.35
      vertex -23.5511 17.9843 3.2
    endloop
  endfacet
  facet normal -0.370077 0.603805 0.706019
    outer loop
      vertex -23.3205 -20.5368 5.35
      vertex -22.7519 -20.1883 5.35
      vertex -24.2966 -18.6211 3.2
    endloop
  endfacet
  facet normal -0.538544 -0.45989 0.706025
    outer loop
      vertex -23.5511 17.9843 3.2
      vertex -21.8117 19.2481 5.35
      vertex -23.7651 18.2349 3.2
    endloop
  endfacet
  facet normal 0.45989 -0.538544 0.706025
    outer loop
      vertex -60.2349 18.2349 3.2
      vertex -59.9843 18.4489 3.2
      vertex -61.2481 20.1883 5.35
    endloop
  endfacet
  facet normal -0.688623 -0.165333 0.70602
    outer loop
      vertex -21.0523 17.4148 5.35
      vertex -21.208 18.0633 5.35
      vertex -23.2528 17.3989 3.2
    endloop
  endfacet
  facet normal 0.0555424 -0.706015 0.706015
    outer loop
      vertex -58.75 18.85 3.2
      vertex -58.75 21 5.35
      vertex -59.4148 20.9477 5.35
    endloop
  endfacet
  facet normal 0.270978 -0.654297 0.706021
    outer loop
      vertex -59.3989 18.7472 3.2
      vertex -60.0633 20.792 5.35
      vertex -60.6795 20.5368 5.35
    endloop
  endfacet
  facet normal -0.165288 0.688665 0.705989
    outer loop
      vertex -24.9215 23.1759 1.4
      vertex -24.6011 23.2528 1.4
      vertex -25.0466 23.966 0.6
    endloop
  endfacet
  facet normal -0.165306 0.688657 0.705992
    outer loop
      vertex -24.6011 23.2528 1.4
      vertex -24.8483 24.0136 0.6
      vertex -25.0466 23.966 0.6
    endloop
  endfacet
  facet normal 0.996906 0.0785993 0
    outer loop
      vertex -60.8241 24.9215 3.2
      vertex -60.85 25.25 1.4
      vertex -60.85 25.25 3.2
    endloop
  endfacet
  facet normal 0.996906 0.0785993 0
    outer loop
      vertex -60.85 25.25 1.4
      vertex -60.8241 24.9215 3.2
      vertex -60.8241 24.9215 1.4
    endloop
  endfacet
  facet normal -0.972385 -0.233384 0
    outer loop
      vertex -23.1759 59.0785 1.4
      vertex -23.2528 59.3989 3.2
      vertex -23.2528 59.3989 1.4
    endloop
  endfacet
  facet normal -0.972385 -0.233384 0
    outer loop
      vertex -23.2528 59.3989 3.2
      vertex -23.1759 59.0785 1.4
      vertex -23.1759 59.0785 3.2
    endloop
  endfacet
  facet normal -0.0555371 0.706015 0.706015
    outer loop
      vertex -25.0466 23.966 0.6
      vertex -25.25 23.95 0.6
      vertex -25.25 23.15 1.4
    endloop
  endfacet
  facet normal 0.688665 0.165288 0.705989
    outer loop
      vertex -60.7472 24.6011 1.4
      vertex -60.034 25.0466 0.6
      vertex -60.8241 24.9215 1.4
    endloop
  endfacet
  facet normal 0.706027 0.0556654 0.705994
    outer loop
      vertex -60.8241 24.9215 1.4
      vertex -60.034 25.0466 0.6
      vertex -60.85 25.25 1.4
    endloop
  endfacet
  facet normal -0.538453 -0.459994 0.706027
    outer loop
      vertex -24.1983 59.5141 0.6
      vertex -23.7651 60.2349 1.4
      vertex -24.3308 59.6692 0.6
    endloop
  endfacet
  facet normal -0.459994 0.538453 0.706027
    outer loop
      vertex -23.7651 23.7651 1.4
      vertex -24.3308 24.3308 0.6
      vertex -24.4859 24.1983 0.6
    endloop
  endfacet
  facet normal -0.0785993 0.996906 0
    outer loop
      vertex -24.9215 23.1759 1.4
      vertex -25.25 23.15 3.2
      vertex -24.9215 23.1759 3.2
    endloop
  endfacet
  facet normal -0.0785993 0.996906 0
    outer loop
      vertex -25.25 23.15 3.2
      vertex -24.9215 23.1759 1.4
      vertex -25.25 23.15 1.4
    endloop
  endfacet
  facet normal 0.972385 0.233384 0
    outer loop
      vertex -60.7472 24.6011 3.2
      vertex -60.8241 24.9215 1.4
      vertex -60.8241 24.9215 3.2
    endloop
  endfacet
  facet normal 0.972385 0.233384 0
    outer loop
      vertex -60.8241 24.9215 1.4
      vertex -60.7472 24.6011 3.2
      vertex -60.7472 24.6011 1.4
    endloop
  endfacet
  facet normal -0.37012 -0.603789 0.70601
    outer loop
      vertex -24.4859 59.8017 0.6
      vertex -24.2966 60.6211 1.4
      vertex -24.6598 59.9083 0.6
    endloop
  endfacet
  facet normal 0.233384 -0.972385 0
    outer loop
      vertex -59.3989 60.7472 1.4
      vertex -59.0785 60.8241 3.2
      vertex -59.3989 60.7472 3.2
    endloop
  endfacet
  facet normal 0.233384 -0.972385 0
    outer loop
      vertex -59.0785 60.8241 3.2
      vertex -59.3989 60.7472 1.4
      vertex -59.0785 60.8241 1.4
    endloop
  endfacet
  facet normal -0.996906 0.0785993 0
    outer loop
      vertex -23.1759 24.9215 1.4
      vertex -23.15 25.25 3.2
      vertex -23.15 25.25 1.4
    endloop
  endfacet
  facet normal -0.996906 0.0785993 0
    outer loop
      vertex -23.15 25.25 3.2
      vertex -23.1759 24.9215 1.4
      vertex -23.1759 24.9215 3.2
    endloop
  endfacet
  facet normal -0.165288 -0.688665 0.705989
    outer loop
      vertex -24.6011 60.7472 1.4
      vertex -24.9215 60.8241 1.4
      vertex -25.0466 60.034 0.6
    endloop
  endfacet
  facet normal -0 0.707107 0.707107
    outer loop
      vertex -58.75 23.95 0.6
      vertex -25.25 23.15 1.4
      vertex -25.25 23.95 0.6
    endloop
  endfacet
  facet normal 0 0.707107 0.707107
    outer loop
      vertex -25.25 23.15 1.4
      vertex -58.75 23.95 0.6
      vertex -58.75 23.15 1.4
    endloop
  endfacet
  facet normal -0.233384 0.972385 0
    outer loop
      vertex -24.6011 23.2528 1.4
      vertex -24.9215 23.1759 3.2
      vertex -24.6011 23.2528 3.2
    endloop
  endfacet
  facet normal -0.233384 0.972385 0
    outer loop
      vertex -24.9215 23.1759 3.2
      vertex -24.6011 23.2528 1.4
      vertex -24.9215 23.1759 1.4
    endloop
  endfacet
  facet normal -0.0556654 0.706027 0.705994
    outer loop
      vertex -24.9215 23.1759 1.4
      vertex -25.0466 23.966 0.6
      vertex -25.25 23.15 1.4
    endloop
  endfacet
  facet normal -0.271086 -0.654285 0.705991
    outer loop
      vertex -24.6598 59.9083 0.6
      vertex -24.6011 60.7472 1.4
      vertex -24.8483 59.9864 0.6
    endloop
  endfacet
  facet normal 0.382611 0.92391 -0
    outer loop
      vertex -59.3989 23.2528 1.4
      vertex -59.7034 23.3789 3.2
      vertex -59.3989 23.2528 3.2
    endloop
  endfacet
  facet normal 0.382611 0.92391 0
    outer loop
      vertex -59.7034 23.3789 3.2
      vertex -59.3989 23.2528 1.4
      vertex -59.7034 23.3789 1.4
    endloop
  endfacet
  facet normal -0.760455 0.649391 0
    outer loop
      vertex -23.7651 23.7651 1.4
      vertex -23.5511 24.0157 3.2
      vertex -23.5511 24.0157 1.4
    endloop
  endfacet
  facet normal -0.760455 0.649391 0
    outer loop
      vertex -23.5511 24.0157 3.2
      vertex -23.7651 23.7651 1.4
      vertex -23.7651 23.7651 3.2
    endloop
  endfacet
  facet normal 0.233384 0.972385 -0
    outer loop
      vertex -59.0785 23.1759 1.4
      vertex -59.3989 23.2528 3.2
      vertex -59.0785 23.1759 3.2
    endloop
  endfacet
  facet normal 0.233384 0.972385 0
    outer loop
      vertex -59.3989 23.2528 3.2
      vertex -59.0785 23.1759 1.4
      vertex -59.3989 23.2528 1.4
    endloop
  endfacet
  facet normal 0.0556654 -0.706027 0.705994
    outer loop
      vertex -58.9534 60.034 0.6
      vertex -58.75 60.85 1.4
      vertex -59.0785 60.8241 1.4
    endloop
  endfacet
  facet normal 0.165306 0.688657 0.705992
    outer loop
      vertex -58.9534 23.966 0.6
      vertex -59.1517 24.0136 0.6
      vertex -59.3989 23.2528 1.4
    endloop
  endfacet
  facet normal -0.270965 0.654313 0.706011
    outer loop
      vertex -24.6011 23.2528 1.4
      vertex -24.2966 23.3789 1.4
      vertex -24.6598 24.0917 0.6
    endloop
  endfacet
  facet normal -0.92391 -0.382611 0
    outer loop
      vertex -23.2528 59.3989 1.4
      vertex -23.3789 59.7034 3.2
      vertex -23.3789 59.7034 1.4
    endloop
  endfacet
  facet normal -0.92391 -0.382611 0
    outer loop
      vertex -23.3789 59.7034 3.2
      vertex -23.2528 59.3989 1.4
      vertex -23.2528 59.3989 3.2
    endloop
  endfacet
  facet normal 0.760455 -0.649391 0
    outer loop
      vertex -60.4489 59.9843 3.2
      vertex -60.2349 60.2349 1.4
      vertex -60.2349 60.2349 3.2
    endloop
  endfacet
  facet normal 0.760455 -0.649391 0
    outer loop
      vertex -60.2349 60.2349 1.4
      vertex -60.4489 59.9843 3.2
      vertex -60.4489 59.9843 1.4
    endloop
  endfacet
  facet normal 0.852553 0.52264 0
    outer loop
      vertex -60.4489 24.0157 3.2
      vertex -60.6211 24.2966 1.4
      vertex -60.6211 24.2966 3.2
    endloop
  endfacet
  facet normal 0.852553 0.52264 0
    outer loop
      vertex -60.6211 24.2966 1.4
      vertex -60.4489 24.0157 3.2
      vertex -60.4489 24.0157 1.4
    endloop
  endfacet
  facet normal -0.972385 0.233384 0
    outer loop
      vertex -23.2528 24.6011 1.4
      vertex -23.1759 24.9215 3.2
      vertex -23.1759 24.9215 1.4
    endloop
  endfacet
  facet normal -0.972385 0.233384 0
    outer loop
      vertex -23.1759 24.9215 3.2
      vertex -23.2528 24.6011 1.4
      vertex -23.2528 24.6011 3.2
    endloop
  endfacet
  facet normal 0.271086 0.654285 0.705991
    outer loop
      vertex -59.1517 24.0136 0.6
      vertex -59.3402 24.0917 0.6
      vertex -59.3989 23.2528 1.4
    endloop
  endfacet
  facet normal 0 1 -0
    outer loop
      vertex -25.25 23.15 1.4
      vertex -58.75 23.15 3.2
      vertex -25.25 23.15 3.2
    endloop
  endfacet
  facet normal 0 1 0
    outer loop
      vertex -58.75 23.15 3.2
      vertex -25.25 23.15 1.4
      vertex -58.75 23.15 1.4
    endloop
  endfacet
  facet normal 0.0555371 -0.706015 0.706015
    outer loop
      vertex -58.75 60.05 0.6
      vertex -58.75 60.85 1.4
      vertex -58.9534 60.034 0.6
    endloop
  endfacet
  facet normal -0.53856 -0.459904 0.706004
    outer loop
      vertex -23.5511 59.9843 1.4
      vertex -23.7651 60.2349 1.4
      vertex -24.1983 59.5141 0.6
    endloop
  endfacet
  facet normal -0.538453 0.459994 0.706027
    outer loop
      vertex -23.7651 23.7651 1.4
      vertex -24.1983 24.4859 0.6
      vertex -24.3308 24.3308 0.6
    endloop
  endfacet
  facet normal 0.0555371 0.706015 0.706015
    outer loop
      vertex -58.75 23.15 1.4
      vertex -58.75 23.95 0.6
      vertex -58.9534 23.966 0.6
    endloop
  endfacet
  facet normal 0 -0.707107 0.707107
    outer loop
      vertex -58.75 60.85 1.4
      vertex -25.25 60.05 0.6
      vertex -25.25 60.85 1.4
    endloop
  endfacet
  facet normal 0 -0.707107 0.707107
    outer loop
      vertex -25.25 60.05 0.6
      vertex -58.75 60.85 1.4
      vertex -58.75 60.05 0.6
    endloop
  endfacet
  facet normal -0.459994 -0.538453 0.706027
    outer loop
      vertex -24.3308 59.6692 0.6
      vertex -23.7651 60.2349 1.4
      vertex -24.4859 59.8017 0.6
    endloop
  endfacet
  facet normal 0 -1 0
    outer loop
      vertex -58.75 60.85 1.4
      vertex -25.25 60.85 3.2
      vertex -58.75 60.85 3.2
    endloop
  endfacet
  facet normal 0 -1 -0
    outer loop
      vertex -25.25 60.85 3.2
      vertex -58.75 60.85 1.4
      vertex -25.25 60.85 1.4
    endloop
  endfacet
  facet normal -0.707107 0 0.707107
    outer loop
      vertex -23.95 58.75 0.6
      vertex -23.15 25.25 1.4
      vertex -23.15 58.75 1.4
    endloop
  endfacet
  facet normal -0.707107 0 0.707107
    outer loop
      vertex -23.15 25.25 1.4
      vertex -23.95 58.75 0.6
      vertex -23.95 25.25 0.6
    endloop
  endfacet
  facet normal 0.459904 -0.53856 0.706004
    outer loop
      vertex -59.5141 59.8017 0.6
      vertex -59.9843 60.4489 1.4
      vertex -60.2349 60.2349 1.4
    endloop
  endfacet
  facet normal 0.688665 -0.165288 0.705989
    outer loop
      vertex -60.034 58.9534 0.6
      vertex -60.7472 59.3989 1.4
      vertex -60.8241 59.0785 1.4
    endloop
  endfacet
  facet normal -0.37012 0.603789 0.70601
    outer loop
      vertex -24.2966 23.3789 1.4
      vertex -24.4859 24.1983 0.6
      vertex -24.6598 24.0917 0.6
    endloop
  endfacet
  facet normal -0.52264 -0.852553 0
    outer loop
      vertex -24.2966 60.6211 1.4
      vertex -24.0157 60.4489 3.2
      vertex -24.2966 60.6211 3.2
    endloop
  endfacet
  facet normal -0.52264 -0.852553 -0
    outer loop
      vertex -24.0157 60.4489 3.2
      vertex -24.2966 60.6211 1.4
      vertex -24.0157 60.4489 1.4
    endloop
  endfacet
  facet normal 0.37012 0.603789 0.70601
    outer loop
      vertex -59.3402 24.0917 0.6
      vertex -59.5141 24.1983 0.6
      vertex -59.7034 23.3789 1.4
    endloop
  endfacet
  facet normal -0.370136 0.603782 0.706007
    outer loop
      vertex -24.2966 23.3789 1.4
      vertex -24.0157 23.5511 1.4
      vertex -24.4859 24.1983 0.6
    endloop
  endfacet
  facet normal 0.603789 0.37012 0.70601
    outer loop
      vertex -59.8017 24.4859 0.6
      vertex -59.9083 24.6598 0.6
      vertex -60.6211 24.2966 1.4
    endloop
  endfacet
  facet normal 0.654313 0.270965 0.706011
    outer loop
      vertex -60.6211 24.2966 1.4
      vertex -59.9083 24.6598 0.6
      vertex -60.7472 24.6011 1.4
    endloop
  endfacet
  facet normal 0.459994 0.538453 0.706027
    outer loop
      vertex -59.5141 24.1983 0.6
      vertex -59.6692 24.3308 0.6
      vertex -60.2349 23.7651 1.4
    endloop
  endfacet
  facet normal 0.52264 0.852553 -0
    outer loop
      vertex -59.7034 23.3789 1.4
      vertex -59.9843 23.5511 3.2
      vertex -59.7034 23.3789 3.2
    endloop
  endfacet
  facet normal 0.52264 0.852553 0
    outer loop
      vertex -59.9843 23.5511 3.2
      vertex -59.7034 23.3789 1.4
      vertex -59.9843 23.5511 1.4
    endloop
  endfacet
  facet normal -0.52264 0.852553 0
    outer loop
      vertex -24.0157 23.5511 1.4
      vertex -24.2966 23.3789 3.2
      vertex -24.0157 23.5511 3.2
    endloop
  endfacet
  facet normal -0.52264 0.852553 0
    outer loop
      vertex -24.2966 23.3789 3.2
      vertex -24.0157 23.5511 1.4
      vertex -24.2966 23.3789 1.4
    endloop
  endfacet
  facet normal 1 -0 0
    outer loop
      vertex -60.85 25.25 3.2
      vertex -60.85 58.75 1.4
      vertex -60.85 58.75 3.2
    endloop
  endfacet
  facet normal 1 0 0
    outer loop
      vertex -60.85 58.75 1.4
      vertex -60.85 25.25 3.2
      vertex -60.85 25.25 1.4
    endloop
  endfacet
  facet normal 0.706015 0.0555371 0.706015
    outer loop
      vertex -60.034 25.0466 0.6
      vertex -60.05 25.25 0.6
      vertex -60.85 25.25 1.4
    endloop
  endfacet
  facet normal 0.270965 0.654313 0.706011
    outer loop
      vertex -59.3989 23.2528 1.4
      vertex -59.3402 24.0917 0.6
      vertex -59.7034 23.3789 1.4
    endloop
  endfacet
  facet normal -1 0 0
    outer loop
      vertex -23.15 25.25 1.4
      vertex -23.15 58.75 3.2
      vertex -23.15 58.75 1.4
    endloop
  endfacet
  facet normal -1 -0 0
    outer loop
      vertex -23.15 58.75 3.2
      vertex -23.15 25.25 1.4
      vertex -23.15 25.25 3.2
    endloop
  endfacet
  facet normal -0.654285 0.271086 0.705991
    outer loop
      vertex -23.2528 24.6011 1.4
      vertex -24.0136 24.8483 0.6
      vertex -24.0917 24.6598 0.6
    endloop
  endfacet
  facet normal 0.706015 -0.0555371 0.706015
    outer loop
      vertex -60.05 58.75 0.6
      vertex -60.034 58.9534 0.6
      vertex -60.85 58.75 1.4
    endloop
  endfacet
  facet normal 0.603782 -0.370136 0.706007
    outer loop
      vertex -59.8017 59.5141 0.6
      vertex -60.4489 59.9843 1.4
      vertex -60.6211 59.7034 1.4
    endloop
  endfacet
  facet normal -0.760455 -0.649391 0
    outer loop
      vertex -23.5511 59.9843 1.4
      vertex -23.7651 60.2349 3.2
      vertex -23.7651 60.2349 1.4
    endloop
  endfacet
  facet normal -0.760455 -0.649391 0
    outer loop
      vertex -23.7651 60.2349 3.2
      vertex -23.5511 59.9843 1.4
      vertex -23.5511 59.9843 3.2
    endloop
  endfacet
  facet normal 0.92391 -0.382611 0
    outer loop
      vertex -60.7472 59.3989 3.2
      vertex -60.6211 59.7034 1.4
      vertex -60.6211 59.7034 3.2
    endloop
  endfacet
  facet normal 0.92391 -0.382611 0
    outer loop
      vertex -60.6211 59.7034 1.4
      vertex -60.7472 59.3989 3.2
      vertex -60.7472 59.3989 1.4
    endloop
  endfacet
  facet normal 0.972385 -0.233384 0
    outer loop
      vertex -60.8241 59.0785 3.2
      vertex -60.7472 59.3989 1.4
      vertex -60.7472 59.3989 3.2
    endloop
  endfacet
  facet normal 0.972385 -0.233384 0
    outer loop
      vertex -60.7472 59.3989 1.4
      vertex -60.8241 59.0785 3.2
      vertex -60.8241 59.0785 1.4
    endloop
  endfacet
  facet normal 0.538453 -0.459994 0.706027
    outer loop
      vertex -59.8017 59.5141 0.6
      vertex -59.6692 59.6692 0.6
      vertex -60.2349 60.2349 1.4
    endloop
  endfacet
  facet normal 0.53856 0.459904 0.706004
    outer loop
      vertex -60.2349 23.7651 1.4
      vertex -59.8017 24.4859 0.6
      vertex -60.4489 24.0157 1.4
    endloop
  endfacet
  facet normal 0.654285 0.271086 0.705991
    outer loop
      vertex -59.9083 24.6598 0.6
      vertex -59.9864 24.8483 0.6
      vertex -60.7472 24.6011 1.4
    endloop
  endfacet
  facet normal 0.688657 -0.165306 0.705992
    outer loop
      vertex -60.034 58.9534 0.6
      vertex -59.9864 59.1517 0.6
      vertex -60.7472 59.3989 1.4
    endloop
  endfacet
  facet normal -0.271086 0.654285 0.705991
    outer loop
      vertex -24.6011 23.2528 1.4
      vertex -24.6598 24.0917 0.6
      vertex -24.8483 24.0136 0.6
    endloop
  endfacet
  facet normal -0.649391 0.760455 0
    outer loop
      vertex -23.7651 23.7651 1.4
      vertex -24.0157 23.5511 3.2
      vertex -23.7651 23.7651 3.2
    endloop
  endfacet
  facet normal -0.649391 0.760455 0
    outer loop
      vertex -24.0157 23.5511 3.2
      vertex -23.7651 23.7651 1.4
      vertex -24.0157 23.5511 1.4
    endloop
  endfacet
  facet normal 0.654313 -0.270965 0.706011
    outer loop
      vertex -59.9083 59.3402 0.6
      vertex -60.6211 59.7034 1.4
      vertex -60.7472 59.3989 1.4
    endloop
  endfacet
  facet normal -0.459904 0.53856 0.706004
    outer loop
      vertex -24.0157 23.5511 1.4
      vertex -23.7651 23.7651 1.4
      vertex -24.4859 24.1983 0.6
    endloop
  endfacet
  facet normal -0.706027 0.0556654 0.705994
    outer loop
      vertex -23.1759 24.9215 1.4
      vertex -23.15 25.25 1.4
      vertex -23.966 25.0466 0.6
    endloop
  endfacet
  facet normal 0.760455 0.649391 0
    outer loop
      vertex -60.2349 23.7651 3.2
      vertex -60.4489 24.0157 1.4
      vertex -60.4489 24.0157 3.2
    endloop
  endfacet
  facet normal 0.760455 0.649391 0
    outer loop
      vertex -60.4489 24.0157 1.4
      vertex -60.2349 23.7651 3.2
      vertex -60.2349 23.7651 1.4
    endloop
  endfacet
  facet normal 0.165288 0.688665 0.705989
    outer loop
      vertex -59.0785 23.1759 1.4
      vertex -58.9534 23.966 0.6
      vertex -59.3989 23.2528 1.4
    endloop
  endfacet
  facet normal 0.649391 -0.760455 0
    outer loop
      vertex -60.2349 60.2349 1.4
      vertex -59.9843 60.4489 3.2
      vertex -60.2349 60.2349 3.2
    endloop
  endfacet
  facet normal 0.649391 -0.760455 0
    outer loop
      vertex -59.9843 60.4489 3.2
      vertex -60.2349 60.2349 1.4
      vertex -59.9843 60.4489 1.4
    endloop
  endfacet
  facet normal 0.370136 -0.603782 0.706007
    outer loop
      vertex -59.5141 59.8017 0.6
      vertex -59.7034 60.6211 1.4
      vertex -59.9843 60.4489 1.4
    endloop
  endfacet
  facet normal 0.688657 0.165306 0.705992
    outer loop
      vertex -59.9864 24.8483 0.6
      vertex -60.034 25.0466 0.6
      vertex -60.7472 24.6011 1.4
    endloop
  endfacet
  facet normal -0.0555371 -0.706015 0.706015
    outer loop
      vertex -25.0466 60.034 0.6
      vertex -25.25 60.85 1.4
      vertex -25.25 60.05 0.6
    endloop
  endfacet
  facet normal -0.852553 0.52264 0
    outer loop
      vertex -23.5511 24.0157 1.4
      vertex -23.3789 24.2966 3.2
      vertex -23.3789 24.2966 1.4
    endloop
  endfacet
  facet normal -0.852553 0.52264 0
    outer loop
      vertex -23.3789 24.2966 3.2
      vertex -23.5511 24.0157 1.4
      vertex -23.5511 24.0157 3.2
    endloop
  endfacet
  facet normal 0.603782 0.370136 0.706007
    outer loop
      vertex -60.4489 24.0157 1.4
      vertex -59.8017 24.4859 0.6
      vertex -60.6211 24.2966 1.4
    endloop
  endfacet
  facet normal 0.538453 0.459994 0.706027
    outer loop
      vertex -59.6692 24.3308 0.6
      vertex -59.8017 24.4859 0.6
      vertex -60.2349 23.7651 1.4
    endloop
  endfacet
  facet normal 0.649391 0.760455 -0
    outer loop
      vertex -59.9843 23.5511 1.4
      vertex -60.2349 23.7651 3.2
      vertex -59.9843 23.5511 3.2
    endloop
  endfacet
  facet normal 0.649391 0.760455 0
    outer loop
      vertex -60.2349 23.7651 3.2
      vertex -59.9843 23.5511 1.4
      vertex -60.2349 23.7651 1.4
    endloop
  endfacet
  facet normal -0.603789 -0.37012 0.70601
    outer loop
      vertex -24.0917 59.3402 0.6
      vertex -23.3789 59.7034 1.4
      vertex -24.1983 59.5141 0.6
    endloop
  endfacet
  facet normal -0.370136 -0.603782 0.706007
    outer loop
      vertex -24.0157 60.4489 1.4
      vertex -24.2966 60.6211 1.4
      vertex -24.4859 59.8017 0.6
    endloop
  endfacet
  facet normal -0.706015 -0.0555371 0.706015
    outer loop
      vertex -23.95 58.75 0.6
      vertex -23.15 58.75 1.4
      vertex -23.966 58.9534 0.6
    endloop
  endfacet
  facet normal -0.270965 -0.654313 0.706011
    outer loop
      vertex -24.2966 60.6211 1.4
      vertex -24.6011 60.7472 1.4
      vertex -24.6598 59.9083 0.6
    endloop
  endfacet
  facet normal 0.459904 0.53856 0.706004
    outer loop
      vertex -59.9843 23.5511 1.4
      vertex -59.5141 24.1983 0.6
      vertex -60.2349 23.7651 1.4
    endloop
  endfacet
  facet normal 0.706027 -0.0556654 0.705994
    outer loop
      vertex -60.034 58.9534 0.6
      vertex -60.8241 59.0785 1.4
      vertex -60.85 58.75 1.4
    endloop
  endfacet
  facet normal 0.370136 0.603782 0.706007
    outer loop
      vertex -59.7034 23.3789 1.4
      vertex -59.5141 24.1983 0.6
      vertex -59.9843 23.5511 1.4
    endloop
  endfacet
  facet normal 0.92391 0.382611 0
    outer loop
      vertex -60.6211 24.2966 3.2
      vertex -60.7472 24.6011 1.4
      vertex -60.7472 24.6011 3.2
    endloop
  endfacet
  facet normal 0.92391 0.382611 0
    outer loop
      vertex -60.7472 24.6011 1.4
      vertex -60.6211 24.2966 3.2
      vertex -60.6211 24.2966 1.4
    endloop
  endfacet
  facet normal 0.37012 -0.603789 0.70601
    outer loop
      vertex -59.5141 59.8017 0.6
      vertex -59.3402 59.9083 0.6
      vertex -59.7034 60.6211 1.4
    endloop
  endfacet
  facet normal -0.0556654 -0.706027 0.705994
    outer loop
      vertex -25.0466 60.034 0.6
      vertex -24.9215 60.8241 1.4
      vertex -25.25 60.85 1.4
    endloop
  endfacet
  facet normal 0.707107 0 0.707107
    outer loop
      vertex -60.85 58.75 1.4
      vertex -60.05 25.25 0.6
      vertex -60.05 58.75 0.6
    endloop
  endfacet
  facet normal 0.707107 0 0.707107
    outer loop
      vertex -60.05 25.25 0.6
      vertex -60.85 58.75 1.4
      vertex -60.85 25.25 1.4
    endloop
  endfacet
  facet normal -0.649391 -0.760455 0
    outer loop
      vertex -24.0157 60.4489 1.4
      vertex -23.7651 60.2349 3.2
      vertex -24.0157 60.4489 3.2
    endloop
  endfacet
  facet normal -0.649391 -0.760455 -0
    outer loop
      vertex -23.7651 60.2349 3.2
      vertex -24.0157 60.4489 1.4
      vertex -23.7651 60.2349 1.4
    endloop
  endfacet
  facet normal 0.53856 -0.459904 0.706004
    outer loop
      vertex -59.8017 59.5141 0.6
      vertex -60.2349 60.2349 1.4
      vertex -60.4489 59.9843 1.4
    endloop
  endfacet
  facet normal 0.0785993 -0.996906 0
    outer loop
      vertex -59.0785 60.8241 1.4
      vertex -58.75 60.85 3.2
      vertex -59.0785 60.8241 3.2
    endloop
  endfacet
  facet normal 0.0785993 -0.996906 0
    outer loop
      vertex -58.75 60.85 3.2
      vertex -59.0785 60.8241 1.4
      vertex -58.75 60.85 1.4
    endloop
  endfacet
  facet normal 0.165306 -0.688657 0.705992
    outer loop
      vertex -59.1517 59.9864 0.6
      vertex -58.9534 60.034 0.6
      vertex -59.3989 60.7472 1.4
    endloop
  endfacet
  facet normal 0.165288 -0.688665 0.705989
    outer loop
      vertex -58.9534 60.034 0.6
      vertex -59.0785 60.8241 1.4
      vertex -59.3989 60.7472 1.4
    endloop
  endfacet
  facet normal -0.654313 -0.270965 0.706011
    outer loop
      vertex -23.2528 59.3989 1.4
      vertex -23.3789 59.7034 1.4
      vertex -24.0917 59.3402 0.6
    endloop
  endfacet
  facet normal -0.459904 -0.53856 0.706004
    outer loop
      vertex -23.7651 60.2349 1.4
      vertex -24.0157 60.4489 1.4
      vertex -24.4859 59.8017 0.6
    endloop
  endfacet
  facet normal -0.233384 -0.972385 0
    outer loop
      vertex -24.9215 60.8241 1.4
      vertex -24.6011 60.7472 3.2
      vertex -24.9215 60.8241 3.2
    endloop
  endfacet
  facet normal -0.233384 -0.972385 -0
    outer loop
      vertex -24.6011 60.7472 3.2
      vertex -24.9215 60.8241 1.4
      vertex -24.6011 60.7472 1.4
    endloop
  endfacet
  facet normal -0.53856 0.459904 0.706004
    outer loop
      vertex -23.7651 23.7651 1.4
      vertex -23.5511 24.0157 1.4
      vertex -24.1983 24.4859 0.6
    endloop
  endfacet
  facet normal -0.0785993 -0.996906 0
    outer loop
      vertex -25.25 60.85 1.4
      vertex -24.9215 60.8241 3.2
      vertex -25.25 60.85 3.2
    endloop
  endfacet
  facet normal -0.0785993 -0.996906 -0
    outer loop
      vertex -24.9215 60.8241 3.2
      vertex -25.25 60.85 1.4
      vertex -24.9215 60.8241 1.4
    endloop
  endfacet
  facet normal -0.382611 0.92391 0
    outer loop
      vertex -24.2966 23.3789 1.4
      vertex -24.6011 23.2528 3.2
      vertex -24.2966 23.3789 3.2
    endloop
  endfacet
  facet normal -0.382611 0.92391 0
    outer loop
      vertex -24.6011 23.2528 3.2
      vertex -24.2966 23.3789 1.4
      vertex -24.6011 23.2528 1.4
    endloop
  endfacet
  facet normal 0.996906 -0.0785993 0
    outer loop
      vertex -60.85 58.75 3.2
      vertex -60.8241 59.0785 1.4
      vertex -60.8241 59.0785 3.2
    endloop
  endfacet
  facet normal 0.996906 -0.0785993 0
    outer loop
      vertex -60.8241 59.0785 1.4
      vertex -60.85 58.75 3.2
      vertex -60.85 58.75 1.4
    endloop
  endfacet
  facet normal -0.688665 0.165288 0.705989
    outer loop
      vertex -23.2528 24.6011 1.4
      vertex -23.1759 24.9215 1.4
      vertex -23.966 25.0466 0.6
    endloop
  endfacet
  facet normal -0.688657 -0.165306 0.705992
    outer loop
      vertex -23.966 58.9534 0.6
      vertex -23.2528 59.3989 1.4
      vertex -24.0136 59.1517 0.6
    endloop
  endfacet
  facet normal 0.52264 -0.852553 0
    outer loop
      vertex -59.9843 60.4489 1.4
      vertex -59.7034 60.6211 3.2
      vertex -59.9843 60.4489 3.2
    endloop
  endfacet
  facet normal 0.52264 -0.852553 0
    outer loop
      vertex -59.7034 60.6211 3.2
      vertex -59.9843 60.4489 1.4
      vertex -59.7034 60.6211 1.4
    endloop
  endfacet
  facet normal -0.603782 0.370136 0.706007
    outer loop
      vertex -23.5511 24.0157 1.4
      vertex -23.3789 24.2966 1.4
      vertex -24.1983 24.4859 0.6
    endloop
  endfacet
  facet normal -0.996906 -0.0785993 0
    outer loop
      vertex -23.15 58.75 1.4
      vertex -23.1759 59.0785 3.2
      vertex -23.1759 59.0785 1.4
    endloop
  endfacet
  facet normal -0.996906 -0.0785993 0
    outer loop
      vertex -23.1759 59.0785 3.2
      vertex -23.15 58.75 1.4
      vertex -23.15 58.75 3.2
    endloop
  endfacet
  facet normal 0.852553 -0.52264 0
    outer loop
      vertex -60.6211 59.7034 3.2
      vertex -60.4489 59.9843 1.4
      vertex -60.4489 59.9843 3.2
    endloop
  endfacet
  facet normal 0.852553 -0.52264 0
    outer loop
      vertex -60.4489 59.9843 1.4
      vertex -60.6211 59.7034 3.2
      vertex -60.6211 59.7034 1.4
    endloop
  endfacet
  facet normal -0.688657 0.165306 0.705992
    outer loop
      vertex -23.2528 24.6011 1.4
      vertex -23.966 25.0466 0.6
      vertex -24.0136 24.8483 0.6
    endloop
  endfacet
  facet normal 0.0556654 0.706027 0.705994
    outer loop
      vertex -58.75 23.15 1.4
      vertex -58.9534 23.966 0.6
      vertex -59.0785 23.1759 1.4
    endloop
  endfacet
  facet normal 0.0785993 0.996906 -0
    outer loop
      vertex -58.75 23.15 1.4
      vertex -59.0785 23.1759 3.2
      vertex -58.75 23.15 3.2
    endloop
  endfacet
  facet normal 0.0785993 0.996906 0
    outer loop
      vertex -59.0785 23.1759 3.2
      vertex -58.75 23.15 1.4
      vertex -59.0785 23.1759 1.4
    endloop
  endfacet
  facet normal -0.382611 -0.92391 0
    outer loop
      vertex -24.6011 60.7472 1.4
      vertex -24.2966 60.6211 3.2
      vertex -24.6011 60.7472 3.2
    endloop
  endfacet
  facet normal -0.382611 -0.92391 -0
    outer loop
      vertex -24.2966 60.6211 3.2
      vertex -24.6011 60.7472 1.4
      vertex -24.2966 60.6211 1.4
    endloop
  endfacet
  facet normal 0.654285 -0.271086 0.705991
    outer loop
      vertex -59.9864 59.1517 0.6
      vertex -59.9083 59.3402 0.6
      vertex -60.7472 59.3989 1.4
    endloop
  endfacet
  facet normal 0.603789 -0.37012 0.70601
    outer loop
      vertex -59.9083 59.3402 0.6
      vertex -59.8017 59.5141 0.6
      vertex -60.6211 59.7034 1.4
    endloop
  endfacet
  facet normal -0.852553 -0.52264 0
    outer loop
      vertex -23.3789 59.7034 1.4
      vertex -23.5511 59.9843 3.2
      vertex -23.5511 59.9843 1.4
    endloop
  endfacet
  facet normal -0.852553 -0.52264 0
    outer loop
      vertex -23.5511 59.9843 3.2
      vertex -23.3789 59.7034 1.4
      vertex -23.3789 59.7034 3.2
    endloop
  endfacet
  facet normal -0.92391 0.382611 0
    outer loop
      vertex -23.3789 24.2966 1.4
      vertex -23.2528 24.6011 3.2
      vertex -23.2528 24.6011 1.4
    endloop
  endfacet
  facet normal -0.92391 0.382611 0
    outer loop
      vertex -23.2528 24.6011 3.2
      vertex -23.3789 24.2966 1.4
      vertex -23.3789 24.2966 3.2
    endloop
  endfacet
  facet normal -0.706015 0.0555371 0.706015
    outer loop
      vertex -23.15 25.25 1.4
      vertex -23.95 25.25 0.6
      vertex -23.966 25.0466 0.6
    endloop
  endfacet
  facet normal 0 0 1
    outer loop
      vertex -25.25 60.05 0.6
      vertex -23.95 58.75 0.6
      vertex -23.966 58.9534 0.6
    endloop
  endfacet
  facet normal 0 0 1
    outer loop
      vertex -23.95 58.75 0.6
      vertex -25.25 60.05 0.6
      vertex -23.95 25.25 0.6
    endloop
  endfacet
  facet normal 0 0 1
    outer loop
      vertex -25.25 60.05 0.6
      vertex -23.966 58.9534 0.6
      vertex -24.0136 59.1517 0.6
    endloop
  endfacet
  facet normal 0 0 1
    outer loop
      vertex -25.25 23.95 0.6
      vertex -23.95 25.25 0.6
      vertex -25.25 60.05 0.6
    endloop
  endfacet
  facet normal 0 0 1
    outer loop
      vertex -25.25 60.05 0.6
      vertex -24.0136 59.1517 0.6
      vertex -24.0917 59.3402 0.6
    endloop
  endfacet
  facet normal 0 0 1
    outer loop
      vertex -23.95 25.25 0.6
      vertex -25.25 23.95 0.6
      vertex -23.966 25.0466 0.6
    endloop
  endfacet
  facet normal 0 0 1
    outer loop
      vertex -25.25 60.05 0.6
      vertex -24.0917 59.3402 0.6
      vertex -24.1983 59.5141 0.6
    endloop
  endfacet
  facet normal 0 0 1
    outer loop
      vertex -23.966 25.0466 0.6
      vertex -25.25 23.95 0.6
      vertex -24.0136 24.8483 0.6
    endloop
  endfacet
  facet normal 0 0 1
    outer loop
      vertex -25.25 60.05 0.6
      vertex -24.1983 59.5141 0.6
      vertex -24.3308 59.6692 0.6
    endloop
  endfacet
  facet normal 0 0 1
    outer loop
      vertex -24.0136 24.8483 0.6
      vertex -25.25 23.95 0.6
      vertex -24.0917 24.6598 0.6
    endloop
  endfacet
  facet normal 0 0 1
    outer loop
      vertex -25.25 60.05 0.6
      vertex -24.3308 59.6692 0.6
      vertex -24.4859 59.8017 0.6
    endloop
  endfacet
  facet normal 0 0 1
    outer loop
      vertex -24.0917 24.6598 0.6
      vertex -25.25 23.95 0.6
      vertex -24.1983 24.4859 0.6
    endloop
  endfacet
  facet normal 0 0 1
    outer loop
      vertex -25.25 60.05 0.6
      vertex -24.4859 59.8017 0.6
      vertex -24.6598 59.9083 0.6
    endloop
  endfacet
  facet normal 0 0 1
    outer loop
      vertex -24.1983 24.4859 0.6
      vertex -25.25 23.95 0.6
      vertex -24.3308 24.3308 0.6
    endloop
  endfacet
  facet normal 0 0 1
    outer loop
      vertex -25.25 60.05 0.6
      vertex -24.6598 59.9083 0.6
      vertex -24.8483 59.9864 0.6
    endloop
  endfacet
  facet normal 0 0 1
    outer loop
      vertex -24.3308 24.3308 0.6
      vertex -25.25 23.95 0.6
      vertex -24.4859 24.1983 0.6
    endloop
  endfacet
  facet normal 0 0 1
    outer loop
      vertex -25.25 60.05 0.6
      vertex -24.8483 59.9864 0.6
      vertex -25.0466 60.034 0.6
    endloop
  endfacet
  facet normal 0 0 1
    outer loop
      vertex -24.4859 24.1983 0.6
      vertex -25.25 23.95 0.6
      vertex -24.6598 24.0917 0.6
    endloop
  endfacet
  facet normal 0 0 1
    outer loop
      vertex -24.6598 24.0917 0.6
      vertex -25.25 23.95 0.6
      vertex -24.8483 24.0136 0.6
    endloop
  endfacet
  facet normal 0 0 1
    outer loop
      vertex -24.8483 24.0136 0.6
      vertex -25.25 23.95 0.6
      vertex -25.0466 23.966 0.6
    endloop
  endfacet
  facet normal -0 0 1
    outer loop
      vertex -58.75 60.05 0.6
      vertex -25.25 23.95 0.6
      vertex -25.25 60.05 0.6
    endloop
  endfacet
  facet normal 0 0 1
    outer loop
      vertex -58.75 60.05 0.6
      vertex -58.75 23.95 0.6
      vertex -25.25 23.95 0.6
    endloop
  endfacet
  facet normal 0 0 1
    outer loop
      vertex -60.05 58.75 0.6
      vertex -58.75 60.05 0.6
      vertex -58.9534 60.034 0.6
    endloop
  endfacet
  facet normal 0 0 1
    outer loop
      vertex -58.75 60.05 0.6
      vertex -60.05 58.75 0.6
      vertex -58.75 23.95 0.6
    endloop
  endfacet
  facet normal 0 0 1
    outer loop
      vertex -60.05 58.75 0.6
      vertex -58.9534 60.034 0.6
      vertex -59.1517 59.9864 0.6
    endloop
  endfacet
  facet normal -0 0 1
    outer loop
      vertex -60.05 25.25 0.6
      vertex -58.75 23.95 0.6
      vertex -60.05 58.75 0.6
    endloop
  endfacet
  facet normal 0 0 1
    outer loop
      vertex -60.05 58.75 0.6
      vertex -59.1517 59.9864 0.6
      vertex -59.3402 59.9083 0.6
    endloop
  endfacet
  facet normal 0 0 1
    outer loop
      vertex -58.75 23.95 0.6
      vertex -60.05 25.25 0.6
      vertex -58.9534 23.966 0.6
    endloop
  endfacet
  facet normal 0 0 1
    outer loop
      vertex -60.05 58.75 0.6
      vertex -59.3402 59.9083 0.6
      vertex -59.5141 59.8017 0.6
    endloop
  endfacet
  facet normal 0 0 1
    outer loop
      vertex -58.9534 23.966 0.6
      vertex -60.05 25.25 0.6
      vertex -59.1517 24.0136 0.6
    endloop
  endfacet
  facet normal 0 0 1
    outer loop
      vertex -60.05 58.75 0.6
      vertex -59.5141 59.8017 0.6
      vertex -59.6692 59.6692 0.6
    endloop
  endfacet
  facet normal 0 0 1
    outer loop
      vertex -59.1517 24.0136 0.6
      vertex -60.05 25.25 0.6
      vertex -59.3402 24.0917 0.6
    endloop
  endfacet
  facet normal 0 0 1
    outer loop
      vertex -60.05 58.75 0.6
      vertex -59.6692 59.6692 0.6
      vertex -59.8017 59.5141 0.6
    endloop
  endfacet
  facet normal 0 0 1
    outer loop
      vertex -59.3402 24.0917 0.6
      vertex -60.05 25.25 0.6
      vertex -59.5141 24.1983 0.6
    endloop
  endfacet
  facet normal 0 0 1
    outer loop
      vertex -60.05 58.75 0.6
      vertex -59.8017 59.5141 0.6
      vertex -59.9083 59.3402 0.6
    endloop
  endfacet
  facet normal 0 0 1
    outer loop
      vertex -59.5141 24.1983 0.6
      vertex -60.05 25.25 0.6
      vertex -59.6692 24.3308 0.6
    endloop
  endfacet
  facet normal 0 0 1
    outer loop
      vertex -60.05 58.75 0.6
      vertex -59.9083 59.3402 0.6
      vertex -59.9864 59.1517 0.6
    endloop
  endfacet
  facet normal 0 0 1
    outer loop
      vertex -59.6692 24.3308 0.6
      vertex -60.05 25.25 0.6
      vertex -59.8017 24.4859 0.6
    endloop
  endfacet
  facet normal 0 0 1
    outer loop
      vertex -60.05 58.75 0.6
      vertex -59.9864 59.1517 0.6
      vertex -60.034 58.9534 0.6
    endloop
  endfacet
  facet normal 0 0 1
    outer loop
      vertex -59.8017 24.4859 0.6
      vertex -60.05 25.25 0.6
      vertex -59.9083 24.6598 0.6
    endloop
  endfacet
  facet normal 0 0 1
    outer loop
      vertex -59.9083 24.6598 0.6
      vertex -60.05 25.25 0.6
      vertex -59.9864 24.8483 0.6
    endloop
  endfacet
  facet normal 0 0 1
    outer loop
      vertex -59.9864 24.8483 0.6
      vertex -60.05 25.25 0.6
      vertex -60.034 25.0466 0.6
    endloop
  endfacet
  facet normal -0.165306 -0.688657 0.705992
    outer loop
      vertex -24.8483 59.9864 0.6
      vertex -24.6011 60.7472 1.4
      vertex -25.0466 60.034 0.6
    endloop
  endfacet
  facet normal 0.270965 -0.654313 0.706011
    outer loop
      vertex -59.3402 59.9083 0.6
      vertex -59.3989 60.7472 1.4
      vertex -59.7034 60.6211 1.4
    endloop
  endfacet
  facet normal 0.271086 -0.654285 0.705991
    outer loop
      vertex -59.3402 59.9083 0.6
      vertex -59.1517 59.9864 0.6
      vertex -59.3989 60.7472 1.4
    endloop
  endfacet
  facet normal -0.654285 -0.271086 0.705991
    outer loop
      vertex -24.0136 59.1517 0.6
      vertex -23.2528 59.3989 1.4
      vertex -24.0917 59.3402 0.6
    endloop
  endfacet
  facet normal 0.382611 -0.92391 0
    outer loop
      vertex -59.7034 60.6211 1.4
      vertex -59.3989 60.7472 3.2
      vertex -59.7034 60.6211 3.2
    endloop
  endfacet
  facet normal 0.382611 -0.92391 0
    outer loop
      vertex -59.3989 60.7472 3.2
      vertex -59.7034 60.6211 1.4
      vertex -59.3989 60.7472 1.4
    endloop
  endfacet
  facet normal -0.603789 0.37012 0.70601
    outer loop
      vertex -23.3789 24.2966 1.4
      vertex -24.0917 24.6598 0.6
      vertex -24.1983 24.4859 0.6
    endloop
  endfacet
  facet normal 0.459994 -0.538453 0.706027
    outer loop
      vertex -59.6692 59.6692 0.6
      vertex -59.5141 59.8017 0.6
      vertex -60.2349 60.2349 1.4
    endloop
  endfacet
  facet normal -0.654313 0.270965 0.706011
    outer loop
      vertex -23.3789 24.2966 1.4
      vertex -23.2528 24.6011 1.4
      vertex -24.0917 24.6598 0.6
    endloop
  endfacet
  facet normal -0.603782 -0.370136 0.706007
    outer loop
      vertex -23.3789 59.7034 1.4
      vertex -23.5511 59.9843 1.4
      vertex -24.1983 59.5141 0.6
    endloop
  endfacet
  facet normal -0.706027 -0.0556654 0.705994
    outer loop
      vertex -23.15 58.75 1.4
      vertex -23.1759 59.0785 1.4
      vertex -23.966 58.9534 0.6
    endloop
  endfacet
  facet normal -0.688665 -0.165288 0.705989
    outer loop
      vertex -23.1759 59.0785 1.4
      vertex -23.2528 59.3989 1.4
      vertex -23.966 58.9534 0.6
    endloop
  endfacet
  facet normal 0.16528 0.688629 0.706026
    outer loop
      vertex -59.4148 21.0523 5.35
      vertex -59.0785 23.1759 3.2
      vertex -59.3989 23.2528 3.2
    endloop
  endfacet
  facet normal 0.165333 0.688623 0.70602
    outer loop
      vertex -59.4148 21.0523 5.35
      vertex -59.3989 23.2528 3.2
      vertex -60.0633 21.208 5.35
    endloop
  endfacet
  facet normal 0.705992 0.0556627 0.706029
    outer loop
      vertex -62.9477 24.5852 5.35
      vertex -60.8241 24.9215 3.2
      vertex -60.85 25.25 3.2
    endloop
  endfacet
  facet normal 0.0555424 0.706015 0.706015
    outer loop
      vertex -58.75 21 5.35
      vertex -58.75 23.15 3.2
      vertex -59.4148 21.0523 5.35
    endloop
  endfacet
  facet normal 0 -0.707107 0.707107
    outer loop
      vertex -58.75 60.85 3.2
      vertex -25.25 63 5.35
      vertex -58.75 63 5.35
    endloop
  endfacet
  facet normal 0 -0.707107 0.707107
    outer loop
      vertex -25.25 63 5.35
      vertex -58.75 60.85 3.2
      vertex -25.25 60.85 3.2
    endloop
  endfacet
  facet normal 0.459932 0.538516 0.706019
    outer loop
      vertex -61.2481 21.8117 5.35
      vertex -60.2349 23.7651 3.2
      vertex -61.7552 22.2448 5.35
    endloop
  endfacet
  facet normal 0.688623 0.165333 0.70602
    outer loop
      vertex -62.792 23.9367 5.35
      vertex -60.7472 24.6011 3.2
      vertex -62.9477 24.5852 5.35
    endloop
  endfacet
  facet normal 0.270978 0.654297 0.706021
    outer loop
      vertex -60.0633 21.208 5.35
      vertex -59.3989 23.2528 3.2
      vertex -60.6795 21.4632 5.35
    endloop
  endfacet
  facet normal 0.538516 -0.459932 0.706019
    outer loop
      vertex -60.2349 60.2349 3.2
      vertex -61.7552 61.7552 5.35
      vertex -62.1883 61.2481 5.35
    endloop
  endfacet
  facet normal 0.45989 0.538544 0.706025
    outer loop
      vertex -61.2481 21.8117 5.35
      vertex -59.9843 23.5511 3.2
      vertex -60.2349 23.7651 3.2
    endloop
  endfacet
  facet normal 0.706015 0.0555424 0.706015
    outer loop
      vertex -62.9477 24.5852 5.35
      vertex -60.85 25.25 3.2
      vertex -63 25.25 5.35
    endloop
  endfacet
  facet normal -0.270978 0.654297 0.706021
    outer loop
      vertex -23.9367 21.208 5.35
      vertex -23.3205 21.4632 5.35
      vertex -24.6011 23.2528 3.2
    endloop
  endfacet
  facet normal -0.603766 0.370126 0.706026
    outer loop
      vertex -21.8117 22.7519 5.35
      vertex -23.3789 24.2966 3.2
      vertex -23.5511 24.0157 3.2
    endloop
  endfacet
  facet normal 0.0556627 -0.705992 0.706029
    outer loop
      vertex -59.0785 60.8241 3.2
      vertex -58.75 60.85 3.2
      vertex -59.4148 62.9477 5.35
    endloop
  endfacet
  facet normal -0.603805 0.370077 0.706019
    outer loop
      vertex -21.8117 22.7519 5.35
      vertex -21.4632 23.3205 5.35
      vertex -23.3789 24.2966 3.2
    endloop
  endfacet
  facet normal -0.654297 -0.270978 0.706021
    outer loop
      vertex -21.208 60.0633 5.35
      vertex -21.4632 60.6795 5.35
      vertex -23.2528 59.3989 3.2
    endloop
  endfacet
  facet normal -0.459932 0.538516 0.706019
    outer loop
      vertex -22.7519 21.8117 5.35
      vertex -22.2448 22.2448 5.35
      vertex -23.7651 23.7651 3.2
    endloop
  endfacet
  facet normal 0.16528 -0.688629 0.706026
    outer loop
      vertex -59.3989 60.7472 3.2
      vertex -59.0785 60.8241 3.2
      vertex -59.4148 62.9477 5.35
    endloop
  endfacet
  facet normal -0.16528 -0.688629 0.706026
    outer loop
      vertex -24.6011 60.7472 3.2
      vertex -24.5852 62.9477 5.35
      vertex -24.9215 60.8241 3.2
    endloop
  endfacet
  facet normal 0.538516 0.459932 0.706019
    outer loop
      vertex -61.7552 22.2448 5.35
      vertex -60.2349 23.7651 3.2
      vertex -62.1883 22.7519 5.35
    endloop
  endfacet
  facet normal -0.0556627 -0.705992 0.706029
    outer loop
      vertex -24.9215 60.8241 3.2
      vertex -24.5852 62.9477 5.35
      vertex -25.25 60.85 3.2
    endloop
  endfacet
  facet normal -0.370126 -0.603766 0.706026
    outer loop
      vertex -24.0157 60.4489 3.2
      vertex -22.7519 62.1883 5.35
      vertex -24.2966 60.6211 3.2
    endloop
  endfacet
  facet normal -0.270962 -0.654306 0.706019
    outer loop
      vertex -24.2966 60.6211 3.2
      vertex -23.3205 62.5368 5.35
      vertex -24.6011 60.7472 3.2
    endloop
  endfacet
  facet normal -0.165333 0.688623 0.70602
    outer loop
      vertex -24.5852 21.0523 5.35
      vertex -23.9367 21.208 5.35
      vertex -24.6011 23.2528 3.2
    endloop
  endfacet
  facet normal -0.707107 0 0.707107
    outer loop
      vertex -23.15 25.25 3.2
      vertex -21 58.75 5.35
      vertex -23.15 58.75 3.2
    endloop
  endfacet
  facet normal -0.707107 0 0.707107
    outer loop
      vertex -21 58.75 5.35
      vertex -23.15 25.25 3.2
      vertex -21 25.25 5.35
    endloop
  endfacet
  facet normal -0.706015 0.0555424 0.706015
    outer loop
      vertex -21.0523 24.5852 5.35
      vertex -21 25.25 5.35
      vertex -23.15 25.25 3.2
    endloop
  endfacet
  facet normal 0.707107 -0 0.707107
    outer loop
      vertex -63 25.25 5.35
      vertex -60.85 58.75 3.2
      vertex -63 58.75 5.35
    endloop
  endfacet
  facet normal 0.707107 0 0.707107
    outer loop
      vertex -60.85 58.75 3.2
      vertex -63 25.25 5.35
      vertex -60.85 25.25 3.2
    endloop
  endfacet
  facet normal -0.705992 -0.0556627 0.706029
    outer loop
      vertex -23.15 58.75 3.2
      vertex -21.0523 59.4148 5.35
      vertex -23.1759 59.0785 3.2
    endloop
  endfacet
  facet normal -0.538516 0.459932 0.706019
    outer loop
      vertex -22.2448 22.2448 5.35
      vertex -21.8117 22.7519 5.35
      vertex -23.7651 23.7651 3.2
    endloop
  endfacet
  facet normal -0.0555424 -0.706015 0.706015
    outer loop
      vertex -24.5852 62.9477 5.35
      vertex -25.25 63 5.35
      vertex -25.25 60.85 3.2
    endloop
  endfacet
  facet normal 0.603805 0.370077 0.706019
    outer loop
      vertex -62.1883 22.7519 5.35
      vertex -60.6211 24.2966 3.2
      vertex -62.5368 23.3205 5.35
    endloop
  endfacet
  facet normal -0.654306 0.270962 0.706019
    outer loop
      vertex -21.4632 23.3205 5.35
      vertex -23.2528 24.6011 3.2
      vertex -23.3789 24.2966 3.2
    endloop
  endfacet
  facet normal 0.706015 -0.0555424 0.706015
    outer loop
      vertex -60.85 58.75 3.2
      vertex -62.9477 59.4148 5.35
      vertex -63 58.75 5.35
    endloop
  endfacet
  facet normal -0.654306 -0.270962 0.706019
    outer loop
      vertex -23.2528 59.3989 3.2
      vertex -21.4632 60.6795 5.35
      vertex -23.3789 59.7034 3.2
    endloop
  endfacet
  facet normal 0.0556627 0.705992 0.706029
    outer loop
      vertex -59.4148 21.0523 5.35
      vertex -58.75 23.15 3.2
      vertex -59.0785 23.1759 3.2
    endloop
  endfacet
  facet normal -0.45989 -0.538544 0.706025
    outer loop
      vertex -23.7651 60.2349 3.2
      vertex -22.7519 62.1883 5.35
      vertex -24.0157 60.4489 3.2
    endloop
  endfacet
  facet normal -0.538516 -0.459932 0.706019
    outer loop
      vertex -21.8117 61.2481 5.35
      vertex -22.2448 61.7552 5.35
      vertex -23.7651 60.2349 3.2
    endloop
  endfacet
  facet normal 0.688623 -0.165333 0.70602
    outer loop
      vertex -60.7472 59.3989 3.2
      vertex -62.792 60.0633 5.35
      vertex -62.9477 59.4148 5.35
    endloop
  endfacet
  facet normal 0 0.707107 0.707107
    outer loop
      vertex -25.25 23.15 3.2
      vertex -58.75 21 5.35
      vertex -25.25 21 5.35
    endloop
  endfacet
  facet normal 0 0.707107 0.707107
    outer loop
      vertex -58.75 21 5.35
      vertex -25.25 23.15 3.2
      vertex -58.75 23.15 3.2
    endloop
  endfacet
  facet normal 0.654297 -0.270978 0.706021
    outer loop
      vertex -60.7472 59.3989 3.2
      vertex -62.5368 60.6795 5.35
      vertex -62.792 60.0633 5.35
    endloop
  endfacet
  facet normal -0.688629 -0.16528 0.706026
    outer loop
      vertex -23.1759 59.0785 3.2
      vertex -21.0523 59.4148 5.35
      vertex -23.2528 59.3989 3.2
    endloop
  endfacet
  facet normal 0.270962 -0.654306 0.706019
    outer loop
      vertex -59.7034 60.6211 3.2
      vertex -59.3989 60.7472 3.2
      vertex -60.6795 62.5368 5.35
    endloop
  endfacet
  facet normal 0.603766 -0.370126 0.706026
    outer loop
      vertex -60.6211 59.7034 3.2
      vertex -60.4489 59.9843 3.2
      vertex -62.1883 61.2481 5.35
    endloop
  endfacet
  facet normal -0.370077 -0.603805 0.706019
    outer loop
      vertex -22.7519 62.1883 5.35
      vertex -23.3205 62.5368 5.35
      vertex -24.2966 60.6211 3.2
    endloop
  endfacet
  facet normal -0.270962 0.654306 0.706019
    outer loop
      vertex -23.3205 21.4632 5.35
      vertex -24.2966 23.3789 3.2
      vertex -24.6011 23.2528 3.2
    endloop
  endfacet
  facet normal 0.654306 0.270962 0.706019
    outer loop
      vertex -62.5368 23.3205 5.35
      vertex -60.6211 24.2966 3.2
      vertex -60.7472 24.6011 3.2
    endloop
  endfacet
  facet normal 0.370126 -0.603766 0.706026
    outer loop
      vertex -59.9843 60.4489 3.2
      vertex -59.7034 60.6211 3.2
      vertex -61.2481 62.1883 5.35
    endloop
  endfacet
  facet normal 0.654306 -0.270962 0.706019
    outer loop
      vertex -60.7472 59.3989 3.2
      vertex -60.6211 59.7034 3.2
      vertex -62.5368 60.6795 5.35
    endloop
  endfacet
  facet normal -0.270978 -0.654297 0.706021
    outer loop
      vertex -23.3205 62.5368 5.35
      vertex -23.9367 62.792 5.35
      vertex -24.6011 60.7472 3.2
    endloop
  endfacet
  facet normal 0.654297 0.270978 0.706021
    outer loop
      vertex -62.5368 23.3205 5.35
      vertex -60.7472 24.6011 3.2
      vertex -62.792 23.9367 5.35
    endloop
  endfacet
  facet normal 0.688629 -0.16528 0.706026
    outer loop
      vertex -60.8241 59.0785 3.2
      vertex -60.7472 59.3989 3.2
      vertex -62.9477 59.4148 5.35
    endloop
  endfacet
  facet normal -0.0556627 0.705992 0.706029
    outer loop
      vertex -24.5852 21.0523 5.35
      vertex -24.9215 23.1759 3.2
      vertex -25.25 23.15 3.2
    endloop
  endfacet
  facet normal 0.688629 0.16528 0.706026
    outer loop
      vertex -62.9477 24.5852 5.35
      vertex -60.7472 24.6011 3.2
      vertex -60.8241 24.9215 3.2
    endloop
  endfacet
  facet normal -0.706015 -0.0555424 0.706015
    outer loop
      vertex -21 58.75 5.35
      vertex -21.0523 59.4148 5.35
      vertex -23.15 58.75 3.2
    endloop
  endfacet
  facet normal -0.45989 0.538544 0.706025
    outer loop
      vertex -22.7519 21.8117 5.35
      vertex -23.7651 23.7651 3.2
      vertex -24.0157 23.5511 3.2
    endloop
  endfacet
  facet normal 0.370126 0.603766 0.706026
    outer loop
      vertex -61.2481 21.8117 5.35
      vertex -59.7034 23.3789 3.2
      vertex -59.9843 23.5511 3.2
    endloop
  endfacet
  facet normal -0.165333 -0.688623 0.70602
    outer loop
      vertex -23.9367 62.792 5.35
      vertex -24.5852 62.9477 5.35
      vertex -24.6011 60.7472 3.2
    endloop
  endfacet
  facet normal -0.0555424 0.706015 0.706015
    outer loop
      vertex -24.5852 21.0523 5.35
      vertex -25.25 23.15 3.2
      vertex -25.25 21 5.35
    endloop
  endfacet
  facet normal -0.654297 0.270978 0.706021
    outer loop
      vertex -21.4632 23.3205 5.35
      vertex -21.208 23.9367 5.35
      vertex -23.2528 24.6011 3.2
    endloop
  endfacet
  facet normal -0.538544 0.45989 0.706025
    outer loop
      vertex -21.8117 22.7519 5.35
      vertex -23.5511 24.0157 3.2
      vertex -23.7651 23.7651 3.2
    endloop
  endfacet
  facet normal -0.688623 0.165333 0.70602
    outer loop
      vertex -21.208 23.9367 5.35
      vertex -21.0523 24.5852 5.35
      vertex -23.2528 24.6011 3.2
    endloop
  endfacet
  facet normal -0.16528 0.688629 0.706026
    outer loop
      vertex -24.5852 21.0523 5.35
      vertex -24.6011 23.2528 3.2
      vertex -24.9215 23.1759 3.2
    endloop
  endfacet
  facet normal 0.165333 -0.688623 0.70602
    outer loop
      vertex -59.3989 60.7472 3.2
      vertex -59.4148 62.9477 5.35
      vertex -60.0633 62.792 5.35
    endloop
  endfacet
  facet normal -0.603805 -0.370077 0.706019
    outer loop
      vertex -21.4632 60.6795 5.35
      vertex -21.8117 61.2481 5.35
      vertex -23.3789 59.7034 3.2
    endloop
  endfacet
  facet normal -0.459932 -0.538516 0.706019
    outer loop
      vertex -22.2448 61.7552 5.35
      vertex -22.7519 62.1883 5.35
      vertex -23.7651 60.2349 3.2
    endloop
  endfacet
  facet normal 0.603766 0.370126 0.706026
    outer loop
      vertex -62.1883 22.7519 5.35
      vertex -60.4489 24.0157 3.2
      vertex -60.6211 24.2966 3.2
    endloop
  endfacet
  facet normal 0.538544 0.45989 0.706025
    outer loop
      vertex -62.1883 22.7519 5.35
      vertex -60.2349 23.7651 3.2
      vertex -60.4489 24.0157 3.2
    endloop
  endfacet
  facet normal 0.370077 0.603805 0.706019
    outer loop
      vertex -60.6795 21.4632 5.35
      vertex -59.7034 23.3789 3.2
      vertex -61.2481 21.8117 5.35
    endloop
  endfacet
  facet normal 0.270962 0.654306 0.706019
    outer loop
      vertex -60.6795 21.4632 5.35
      vertex -59.3989 23.2528 3.2
      vertex -59.7034 23.3789 3.2
    endloop
  endfacet
  facet normal 0.538544 -0.45989 0.706025
    outer loop
      vertex -60.4489 59.9843 3.2
      vertex -60.2349 60.2349 3.2
      vertex -62.1883 61.2481 5.35
    endloop
  endfacet
  facet normal 0.603805 -0.370077 0.706019
    outer loop
      vertex -60.6211 59.7034 3.2
      vertex -62.1883 61.2481 5.35
      vertex -62.5368 60.6795 5.35
    endloop
  endfacet
  facet normal -0.688629 0.16528 0.706026
    outer loop
      vertex -21.0523 24.5852 5.35
      vertex -23.1759 24.9215 3.2
      vertex -23.2528 24.6011 3.2
    endloop
  endfacet
  facet normal 0.705992 -0.0556627 0.706029
    outer loop
      vertex -60.85 58.75 3.2
      vertex -60.8241 59.0785 3.2
      vertex -62.9477 59.4148 5.35
    endloop
  endfacet
  facet normal 0.459932 -0.538516 0.706019
    outer loop
      vertex -60.2349 60.2349 3.2
      vertex -61.2481 62.1883 5.35
      vertex -61.7552 61.7552 5.35
    endloop
  endfacet
  facet normal 0.370077 -0.603805 0.706019
    outer loop
      vertex -59.7034 60.6211 3.2
      vertex -60.6795 62.5368 5.35
      vertex -61.2481 62.1883 5.35
    endloop
  endfacet
  facet normal -0.370126 0.603766 0.706026
    outer loop
      vertex -22.7519 21.8117 5.35
      vertex -24.0157 23.5511 3.2
      vertex -24.2966 23.3789 3.2
    endloop
  endfacet
  facet normal -0.705992 0.0556627 0.706029
    outer loop
      vertex -21.0523 24.5852 5.35
      vertex -23.15 25.25 3.2
      vertex -23.1759 24.9215 3.2
    endloop
  endfacet
  facet normal -0.603766 -0.370126 0.706026
    outer loop
      vertex -23.3789 59.7034 3.2
      vertex -21.8117 61.2481 5.35
      vertex -23.5511 59.9843 3.2
    endloop
  endfacet
  facet normal -0.370077 0.603805 0.706019
    outer loop
      vertex -23.3205 21.4632 5.35
      vertex -22.7519 21.8117 5.35
      vertex -24.2966 23.3789 3.2
    endloop
  endfacet
  facet normal -0.538544 -0.45989 0.706025
    outer loop
      vertex -23.5511 59.9843 3.2
      vertex -21.8117 61.2481 5.35
      vertex -23.7651 60.2349 3.2
    endloop
  endfacet
  facet normal 0.45989 -0.538544 0.706025
    outer loop
      vertex -60.2349 60.2349 3.2
      vertex -59.9843 60.4489 3.2
      vertex -61.2481 62.1883 5.35
    endloop
  endfacet
  facet normal -0.688623 -0.165333 0.70602
    outer loop
      vertex -21.0523 59.4148 5.35
      vertex -21.208 60.0633 5.35
      vertex -23.2528 59.3989 3.2
    endloop
  endfacet
  facet normal 0.0555424 -0.706015 0.706015
    outer loop
      vertex -58.75 60.85 3.2
      vertex -58.75 63 5.35
      vertex -59.4148 62.9477 5.35
    endloop
  endfacet
  facet normal 0.270978 -0.654297 0.706021
    outer loop
      vertex -59.3989 60.7472 3.2
      vertex -60.0633 62.792 5.35
      vertex -60.6795 62.5368 5.35
    endloop
  endfacet
  facet normal -0.165288 0.688665 0.705989
    outer loop
      vertex 17.0785 -60.8241 1.4
      vertex 17.3989 -60.7472 1.4
      vertex 16.9534 -60.034 0.6
    endloop
  endfacet
  facet normal -0.165306 0.688657 0.705992
    outer loop
      vertex 17.3989 -60.7472 1.4
      vertex 17.1517 -59.9864 0.6
      vertex 16.9534 -60.034 0.6
    endloop
  endfacet
  facet normal 0.996906 0.0785993 0
    outer loop
      vertex -18.8241 -59.0785 3.2
      vertex -18.85 -58.75 1.4
      vertex -18.85 -58.75 3.2
    endloop
  endfacet
  facet normal 0.996906 0.0785993 0
    outer loop
      vertex -18.85 -58.75 1.4
      vertex -18.8241 -59.0785 3.2
      vertex -18.8241 -59.0785 1.4
    endloop
  endfacet
  facet normal -0.972385 -0.233384 0
    outer loop
      vertex 18.8241 -24.9215 1.4
      vertex 18.7472 -24.6011 3.2
      vertex 18.7472 -24.6011 1.4
    endloop
  endfacet
  facet normal -0.972385 -0.233384 0
    outer loop
      vertex 18.7472 -24.6011 3.2
      vertex 18.8241 -24.9215 1.4
      vertex 18.8241 -24.9215 3.2
    endloop
  endfacet
  facet normal -0.0555371 0.706015 0.706015
    outer loop
      vertex 16.9534 -60.034 0.6
      vertex 16.75 -60.05 0.6
      vertex 16.75 -60.85 1.4
    endloop
  endfacet
  facet normal 0.688665 0.165288 0.705989
    outer loop
      vertex -18.7472 -59.3989 1.4
      vertex -18.034 -58.9534 0.6
      vertex -18.8241 -59.0785 1.4
    endloop
  endfacet
  facet normal 0.706027 0.0556654 0.705994
    outer loop
      vertex -18.8241 -59.0785 1.4
      vertex -18.034 -58.9534 0.6
      vertex -18.85 -58.75 1.4
    endloop
  endfacet
  facet normal -0.538453 -0.459994 0.706027
    outer loop
      vertex 17.8017 -24.4859 0.6
      vertex 18.2349 -23.7651 1.4
      vertex 17.6692 -24.3308 0.6
    endloop
  endfacet
  facet normal -0.459994 0.538453 0.706027
    outer loop
      vertex 18.2349 -60.2349 1.4
      vertex 17.6692 -59.6692 0.6
      vertex 17.5141 -59.8017 0.6
    endloop
  endfacet
  facet normal -0.0785993 0.996906 0
    outer loop
      vertex 17.0785 -60.8241 1.4
      vertex 16.75 -60.85 3.2
      vertex 17.0785 -60.8241 3.2
    endloop
  endfacet
  facet normal -0.0785993 0.996906 0
    outer loop
      vertex 16.75 -60.85 3.2
      vertex 17.0785 -60.8241 1.4
      vertex 16.75 -60.85 1.4
    endloop
  endfacet
  facet normal 0.972385 0.233384 0
    outer loop
      vertex -18.7472 -59.3989 3.2
      vertex -18.8241 -59.0785 1.4
      vertex -18.8241 -59.0785 3.2
    endloop
  endfacet
  facet normal 0.972385 0.233384 0
    outer loop
      vertex -18.8241 -59.0785 1.4
      vertex -18.7472 -59.3989 3.2
      vertex -18.7472 -59.3989 1.4
    endloop
  endfacet
  facet normal -0.37012 -0.603789 0.70601
    outer loop
      vertex 17.5141 -24.1983 0.6
      vertex 17.7034 -23.3789 1.4
      vertex 17.3402 -24.0917 0.6
    endloop
  endfacet
  facet normal 0.233384 -0.972385 0
    outer loop
      vertex -17.3989 -23.2528 1.4
      vertex -17.0785 -23.1759 3.2
      vertex -17.3989 -23.2528 3.2
    endloop
  endfacet
  facet normal 0.233384 -0.972385 0
    outer loop
      vertex -17.0785 -23.1759 3.2
      vertex -17.3989 -23.2528 1.4
      vertex -17.0785 -23.1759 1.4
    endloop
  endfacet
  facet normal -0.996906 0.0785993 0
    outer loop
      vertex 18.8241 -59.0785 1.4
      vertex 18.85 -58.75 3.2
      vertex 18.85 -58.75 1.4
    endloop
  endfacet
  facet normal -0.996906 0.0785993 0
    outer loop
      vertex 18.85 -58.75 3.2
      vertex 18.8241 -59.0785 1.4
      vertex 18.8241 -59.0785 3.2
    endloop
  endfacet
  facet normal -0.165288 -0.688665 0.705989
    outer loop
      vertex 17.3989 -23.2528 1.4
      vertex 17.0785 -23.1759 1.4
      vertex 16.9534 -23.966 0.6
    endloop
  endfacet
  facet normal -0 0.707107 0.707107
    outer loop
      vertex -16.75 -60.05 0.6
      vertex 16.75 -60.85 1.4
      vertex 16.75 -60.05 0.6
    endloop
  endfacet
  facet normal 0 0.707107 0.707107
    outer loop
      vertex 16.75 -60.85 1.4
      vertex -16.75 -60.05 0.6
      vertex -16.75 -60.85 1.4
    endloop
  endfacet
  facet normal -0.233384 0.972385 0
    outer loop
      vertex 17.3989 -60.7472 1.4
      vertex 17.0785 -60.8241 3.2
      vertex 17.3989 -60.7472 3.2
    endloop
  endfacet
  facet normal -0.233384 0.972385 0
    outer loop
      vertex 17.0785 -60.8241 3.2
      vertex 17.3989 -60.7472 1.4
      vertex 17.0785 -60.8241 1.4
    endloop
  endfacet
  facet normal -0.0556654 0.706027 0.705994
    outer loop
      vertex 17.0785 -60.8241 1.4
      vertex 16.9534 -60.034 0.6
      vertex 16.75 -60.85 1.4
    endloop
  endfacet
  facet normal -0.271086 -0.654285 0.705991
    outer loop
      vertex 17.3402 -24.0917 0.6
      vertex 17.3989 -23.2528 1.4
      vertex 17.1517 -24.0136 0.6
    endloop
  endfacet
  facet normal 0.382611 0.92391 -0
    outer loop
      vertex -17.3989 -60.7472 1.4
      vertex -17.7034 -60.6211 3.2
      vertex -17.3989 -60.7472 3.2
    endloop
  endfacet
  facet normal 0.382611 0.92391 0
    outer loop
      vertex -17.7034 -60.6211 3.2
      vertex -17.3989 -60.7472 1.4
      vertex -17.7034 -60.6211 1.4
    endloop
  endfacet
  facet normal -0.760455 0.649391 0
    outer loop
      vertex 18.2349 -60.2349 1.4
      vertex 18.4489 -59.9843 3.2
      vertex 18.4489 -59.9843 1.4
    endloop
  endfacet
  facet normal -0.760455 0.649391 0
    outer loop
      vertex 18.4489 -59.9843 3.2
      vertex 18.2349 -60.2349 1.4
      vertex 18.2349 -60.2349 3.2
    endloop
  endfacet
  facet normal 0.233384 0.972385 -0
    outer loop
      vertex -17.0785 -60.8241 1.4
      vertex -17.3989 -60.7472 3.2
      vertex -17.0785 -60.8241 3.2
    endloop
  endfacet
  facet normal 0.233384 0.972385 0
    outer loop
      vertex -17.3989 -60.7472 3.2
      vertex -17.0785 -60.8241 1.4
      vertex -17.3989 -60.7472 1.4
    endloop
  endfacet
  facet normal 0.0556654 -0.706027 0.705994
    outer loop
      vertex -16.9534 -23.966 0.6
      vertex -16.75 -23.15 1.4
      vertex -17.0785 -23.1759 1.4
    endloop
  endfacet
  facet normal 0.165306 0.688657 0.705992
    outer loop
      vertex -16.9534 -60.034 0.6
      vertex -17.1517 -59.9864 0.6
      vertex -17.3989 -60.7472 1.4
    endloop
  endfacet
  facet normal -0.270965 0.654313 0.706011
    outer loop
      vertex 17.3989 -60.7472 1.4
      vertex 17.7034 -60.6211 1.4
      vertex 17.3402 -59.9083 0.6
    endloop
  endfacet
  facet normal -0.92391 -0.382611 0
    outer loop
      vertex 18.7472 -24.6011 1.4
      vertex 18.6211 -24.2966 3.2
      vertex 18.6211 -24.2966 1.4
    endloop
  endfacet
  facet normal -0.92391 -0.382611 0
    outer loop
      vertex 18.6211 -24.2966 3.2
      vertex 18.7472 -24.6011 1.4
      vertex 18.7472 -24.6011 3.2
    endloop
  endfacet
  facet normal 0.760455 -0.649391 0
    outer loop
      vertex -18.4489 -24.0157 3.2
      vertex -18.2349 -23.7651 1.4
      vertex -18.2349 -23.7651 3.2
    endloop
  endfacet
  facet normal 0.760455 -0.649391 0
    outer loop
      vertex -18.2349 -23.7651 1.4
      vertex -18.4489 -24.0157 3.2
      vertex -18.4489 -24.0157 1.4
    endloop
  endfacet
  facet normal 0.852553 0.52264 0
    outer loop
      vertex -18.4489 -59.9843 3.2
      vertex -18.6211 -59.7034 1.4
      vertex -18.6211 -59.7034 3.2
    endloop
  endfacet
  facet normal 0.852553 0.52264 0
    outer loop
      vertex -18.6211 -59.7034 1.4
      vertex -18.4489 -59.9843 3.2
      vertex -18.4489 -59.9843 1.4
    endloop
  endfacet
  facet normal -0.972385 0.233384 0
    outer loop
      vertex 18.7472 -59.3989 1.4
      vertex 18.8241 -59.0785 3.2
      vertex 18.8241 -59.0785 1.4
    endloop
  endfacet
  facet normal -0.972385 0.233384 0
    outer loop
      vertex 18.8241 -59.0785 3.2
      vertex 18.7472 -59.3989 1.4
      vertex 18.7472 -59.3989 3.2
    endloop
  endfacet
  facet normal 0.271086 0.654285 0.705991
    outer loop
      vertex -17.1517 -59.9864 0.6
      vertex -17.3402 -59.9083 0.6
      vertex -17.3989 -60.7472 1.4
    endloop
  endfacet
  facet normal 0 1 -0
    outer loop
      vertex 16.75 -60.85 1.4
      vertex -16.75 -60.85 3.2
      vertex 16.75 -60.85 3.2
    endloop
  endfacet
  facet normal 0 1 0
    outer loop
      vertex -16.75 -60.85 3.2
      vertex 16.75 -60.85 1.4
      vertex -16.75 -60.85 1.4
    endloop
  endfacet
  facet normal 0.0555371 -0.706015 0.706015
    outer loop
      vertex -16.75 -23.95 0.6
      vertex -16.75 -23.15 1.4
      vertex -16.9534 -23.966 0.6
    endloop
  endfacet
  facet normal -0.53856 -0.459904 0.706004
    outer loop
      vertex 18.4489 -24.0157 1.4
      vertex 18.2349 -23.7651 1.4
      vertex 17.8017 -24.4859 0.6
    endloop
  endfacet
  facet normal -0.538453 0.459994 0.706027
    outer loop
      vertex 18.2349 -60.2349 1.4
      vertex 17.8017 -59.5141 0.6
      vertex 17.6692 -59.6692 0.6
    endloop
  endfacet
  facet normal 0.0555371 0.706015 0.706015
    outer loop
      vertex -16.75 -60.85 1.4
      vertex -16.75 -60.05 0.6
      vertex -16.9534 -60.034 0.6
    endloop
  endfacet
  facet normal 0 -0.707107 0.707107
    outer loop
      vertex -16.75 -23.15 1.4
      vertex 16.75 -23.95 0.6
      vertex 16.75 -23.15 1.4
    endloop
  endfacet
  facet normal 0 -0.707107 0.707107
    outer loop
      vertex 16.75 -23.95 0.6
      vertex -16.75 -23.15 1.4
      vertex -16.75 -23.95 0.6
    endloop
  endfacet
  facet normal -0.459994 -0.538453 0.706027
    outer loop
      vertex 17.6692 -24.3308 0.6
      vertex 18.2349 -23.7651 1.4
      vertex 17.5141 -24.1983 0.6
    endloop
  endfacet
  facet normal 0 -1 0
    outer loop
      vertex -16.75 -23.15 1.4
      vertex 16.75 -23.15 3.2
      vertex -16.75 -23.15 3.2
    endloop
  endfacet
  facet normal 0 -1 -0
    outer loop
      vertex 16.75 -23.15 3.2
      vertex -16.75 -23.15 1.4
      vertex 16.75 -23.15 1.4
    endloop
  endfacet
  facet normal -0.707107 0 0.707107
    outer loop
      vertex 18.05 -25.25 0.6
      vertex 18.85 -58.75 1.4
      vertex 18.85 -25.25 1.4
    endloop
  endfacet
  facet normal -0.707107 0 0.707107
    outer loop
      vertex 18.85 -58.75 1.4
      vertex 18.05 -25.25 0.6
      vertex 18.05 -58.75 0.6
    endloop
  endfacet
  facet normal 0.459904 -0.53856 0.706004
    outer loop
      vertex -17.5141 -24.1983 0.6
      vertex -17.9843 -23.5511 1.4
      vertex -18.2349 -23.7651 1.4
    endloop
  endfacet
  facet normal 0.688665 -0.165288 0.705989
    outer loop
      vertex -18.034 -25.0466 0.6
      vertex -18.7472 -24.6011 1.4
      vertex -18.8241 -24.9215 1.4
    endloop
  endfacet
  facet normal -0.37012 0.603789 0.70601
    outer loop
      vertex 17.7034 -60.6211 1.4
      vertex 17.5141 -59.8017 0.6
      vertex 17.3402 -59.9083 0.6
    endloop
  endfacet
  facet normal -0.52264 -0.852553 0
    outer loop
      vertex 17.7034 -23.3789 1.4
      vertex 17.9843 -23.5511 3.2
      vertex 17.7034 -23.3789 3.2
    endloop
  endfacet
  facet normal -0.52264 -0.852553 -0
    outer loop
      vertex 17.9843 -23.5511 3.2
      vertex 17.7034 -23.3789 1.4
      vertex 17.9843 -23.5511 1.4
    endloop
  endfacet
  facet normal 0.37012 0.603789 0.70601
    outer loop
      vertex -17.3402 -59.9083 0.6
      vertex -17.5141 -59.8017 0.6
      vertex -17.7034 -60.6211 1.4
    endloop
  endfacet
  facet normal -0.370136 0.603782 0.706007
    outer loop
      vertex 17.7034 -60.6211 1.4
      vertex 17.9843 -60.4489 1.4
      vertex 17.5141 -59.8017 0.6
    endloop
  endfacet
  facet normal 0.603789 0.37012 0.70601
    outer loop
      vertex -17.8017 -59.5141 0.6
      vertex -17.9083 -59.3402 0.6
      vertex -18.6211 -59.7034 1.4
    endloop
  endfacet
  facet normal 0.654313 0.270965 0.706011
    outer loop
      vertex -18.6211 -59.7034 1.4
      vertex -17.9083 -59.3402 0.6
      vertex -18.7472 -59.3989 1.4
    endloop
  endfacet
  facet normal 0.459994 0.538453 0.706027
    outer loop
      vertex -17.5141 -59.8017 0.6
      vertex -17.6692 -59.6692 0.6
      vertex -18.2349 -60.2349 1.4
    endloop
  endfacet
  facet normal 0.52264 0.852553 -0
    outer loop
      vertex -17.7034 -60.6211 1.4
      vertex -17.9843 -60.4489 3.2
      vertex -17.7034 -60.6211 3.2
    endloop
  endfacet
  facet normal 0.52264 0.852553 0
    outer loop
      vertex -17.9843 -60.4489 3.2
      vertex -17.7034 -60.6211 1.4
      vertex -17.9843 -60.4489 1.4
    endloop
  endfacet
  facet normal -0.52264 0.852553 0
    outer loop
      vertex 17.9843 -60.4489 1.4
      vertex 17.7034 -60.6211 3.2
      vertex 17.9843 -60.4489 3.2
    endloop
  endfacet
  facet normal -0.52264 0.852553 0
    outer loop
      vertex 17.7034 -60.6211 3.2
      vertex 17.9843 -60.4489 1.4
      vertex 17.7034 -60.6211 1.4
    endloop
  endfacet
  facet normal 1 -0 0
    outer loop
      vertex -18.85 -58.75 3.2
      vertex -18.85 -25.25 1.4
      vertex -18.85 -25.25 3.2
    endloop
  endfacet
  facet normal 1 0 0
    outer loop
      vertex -18.85 -25.25 1.4
      vertex -18.85 -58.75 3.2
      vertex -18.85 -58.75 1.4
    endloop
  endfacet
  facet normal 0.706015 0.0555371 0.706015
    outer loop
      vertex -18.034 -58.9534 0.6
      vertex -18.05 -58.75 0.6
      vertex -18.85 -58.75 1.4
    endloop
  endfacet
  facet normal 0.270965 0.654313 0.706011
    outer loop
      vertex -17.3989 -60.7472 1.4
      vertex -17.3402 -59.9083 0.6
      vertex -17.7034 -60.6211 1.4
    endloop
  endfacet
  facet normal -1 0 0
    outer loop
      vertex 18.85 -58.75 1.4
      vertex 18.85 -25.25 3.2
      vertex 18.85 -25.25 1.4
    endloop
  endfacet
  facet normal -1 -0 0
    outer loop
      vertex 18.85 -25.25 3.2
      vertex 18.85 -58.75 1.4
      vertex 18.85 -58.75 3.2
    endloop
  endfacet
  facet normal -0.654285 0.271086 0.705991
    outer loop
      vertex 18.7472 -59.3989 1.4
      vertex 17.9864 -59.1517 0.6
      vertex 17.9083 -59.3402 0.6
    endloop
  endfacet
  facet normal 0.706015 -0.0555371 0.706015
    outer loop
      vertex -18.05 -25.25 0.6
      vertex -18.034 -25.0466 0.6
      vertex -18.85 -25.25 1.4
    endloop
  endfacet
  facet normal 0.603782 -0.370136 0.706007
    outer loop
      vertex -17.8017 -24.4859 0.6
      vertex -18.4489 -24.0157 1.4
      vertex -18.6211 -24.2966 1.4
    endloop
  endfacet
  facet normal -0.760455 -0.649391 0
    outer loop
      vertex 18.4489 -24.0157 1.4
      vertex 18.2349 -23.7651 3.2
      vertex 18.2349 -23.7651 1.4
    endloop
  endfacet
  facet normal -0.760455 -0.649391 0
    outer loop
      vertex 18.2349 -23.7651 3.2
      vertex 18.4489 -24.0157 1.4
      vertex 18.4489 -24.0157 3.2
    endloop
  endfacet
  facet normal 0.92391 -0.382611 0
    outer loop
      vertex -18.7472 -24.6011 3.2
      vertex -18.6211 -24.2966 1.4
      vertex -18.6211 -24.2966 3.2
    endloop
  endfacet
  facet normal 0.92391 -0.382611 0
    outer loop
      vertex -18.6211 -24.2966 1.4
      vertex -18.7472 -24.6011 3.2
      vertex -18.7472 -24.6011 1.4
    endloop
  endfacet
  facet normal 0.972385 -0.233384 0
    outer loop
      vertex -18.8241 -24.9215 3.2
      vertex -18.7472 -24.6011 1.4
      vertex -18.7472 -24.6011 3.2
    endloop
  endfacet
  facet normal 0.972385 -0.233384 0
    outer loop
      vertex -18.7472 -24.6011 1.4
      vertex -18.8241 -24.9215 3.2
      vertex -18.8241 -24.9215 1.4
    endloop
  endfacet
  facet normal 0.538453 -0.459994 0.706027
    outer loop
      vertex -17.8017 -24.4859 0.6
      vertex -17.6692 -24.3308 0.6
      vertex -18.2349 -23.7651 1.4
    endloop
  endfacet
  facet normal 0.53856 0.459904 0.706004
    outer loop
      vertex -18.2349 -60.2349 1.4
      vertex -17.8017 -59.5141 0.6
      vertex -18.4489 -59.9843 1.4
    endloop
  endfacet
  facet normal 0.654285 0.271086 0.705991
    outer loop
      vertex -17.9083 -59.3402 0.6
      vertex -17.9864 -59.1517 0.6
      vertex -18.7472 -59.3989 1.4
    endloop
  endfacet
  facet normal 0.688657 -0.165306 0.705992
    outer loop
      vertex -18.034 -25.0466 0.6
      vertex -17.9864 -24.8483 0.6
      vertex -18.7472 -24.6011 1.4
    endloop
  endfacet
  facet normal -0.271086 0.654285 0.705991
    outer loop
      vertex 17.3989 -60.7472 1.4
      vertex 17.3402 -59.9083 0.6
      vertex 17.1517 -59.9864 0.6
    endloop
  endfacet
  facet normal -0.649391 0.760455 0
    outer loop
      vertex 18.2349 -60.2349 1.4
      vertex 17.9843 -60.4489 3.2
      vertex 18.2349 -60.2349 3.2
    endloop
  endfacet
  facet normal -0.649391 0.760455 0
    outer loop
      vertex 17.9843 -60.4489 3.2
      vertex 18.2349 -60.2349 1.4
      vertex 17.9843 -60.4489 1.4
    endloop
  endfacet
  facet normal 0.654313 -0.270965 0.706011
    outer loop
      vertex -17.9083 -24.6598 0.6
      vertex -18.6211 -24.2966 1.4
      vertex -18.7472 -24.6011 1.4
    endloop
  endfacet
  facet normal -0.459904 0.53856 0.706004
    outer loop
      vertex 17.9843 -60.4489 1.4
      vertex 18.2349 -60.2349 1.4
      vertex 17.5141 -59.8017 0.6
    endloop
  endfacet
  facet normal -0.706027 0.0556654 0.705994
    outer loop
      vertex 18.8241 -59.0785 1.4
      vertex 18.85 -58.75 1.4
      vertex 18.034 -58.9534 0.6
    endloop
  endfacet
  facet normal 0.760455 0.649391 0
    outer loop
      vertex -18.2349 -60.2349 3.2
      vertex -18.4489 -59.9843 1.4
      vertex -18.4489 -59.9843 3.2
    endloop
  endfacet
  facet normal 0.760455 0.649391 0
    outer loop
      vertex -18.4489 -59.9843 1.4
      vertex -18.2349 -60.2349 3.2
      vertex -18.2349 -60.2349 1.4
    endloop
  endfacet
  facet normal 0.165288 0.688665 0.705989
    outer loop
      vertex -17.0785 -60.8241 1.4
      vertex -16.9534 -60.034 0.6
      vertex -17.3989 -60.7472 1.4
    endloop
  endfacet
  facet normal 0.649391 -0.760455 0
    outer loop
      vertex -18.2349 -23.7651 1.4
      vertex -17.9843 -23.5511 3.2
      vertex -18.2349 -23.7651 3.2
    endloop
  endfacet
  facet normal 0.649391 -0.760455 0
    outer loop
      vertex -17.9843 -23.5511 3.2
      vertex -18.2349 -23.7651 1.4
      vertex -17.9843 -23.5511 1.4
    endloop
  endfacet
  facet normal 0.370136 -0.603782 0.706007
    outer loop
      vertex -17.5141 -24.1983 0.6
      vertex -17.7034 -23.3789 1.4
      vertex -17.9843 -23.5511 1.4
    endloop
  endfacet
  facet normal 0.688657 0.165306 0.705992
    outer loop
      vertex -17.9864 -59.1517 0.6
      vertex -18.034 -58.9534 0.6
      vertex -18.7472 -59.3989 1.4
    endloop
  endfacet
  facet normal -0.0555371 -0.706015 0.706015
    outer loop
      vertex 16.9534 -23.966 0.6
      vertex 16.75 -23.15 1.4
      vertex 16.75 -23.95 0.6
    endloop
  endfacet
  facet normal -0.852553 0.52264 0
    outer loop
      vertex 18.4489 -59.9843 1.4
      vertex 18.6211 -59.7034 3.2
      vertex 18.6211 -59.7034 1.4
    endloop
  endfacet
  facet normal -0.852553 0.52264 0
    outer loop
      vertex 18.6211 -59.7034 3.2
      vertex 18.4489 -59.9843 1.4
      vertex 18.4489 -59.9843 3.2
    endloop
  endfacet
  facet normal 0.603782 0.370136 0.706007
    outer loop
      vertex -18.4489 -59.9843 1.4
      vertex -17.8017 -59.5141 0.6
      vertex -18.6211 -59.7034 1.4
    endloop
  endfacet
  facet normal 0.538453 0.459994 0.706027
    outer loop
      vertex -17.6692 -59.6692 0.6
      vertex -17.8017 -59.5141 0.6
      vertex -18.2349 -60.2349 1.4
    endloop
  endfacet
  facet normal 0.649391 0.760455 -0
    outer loop
      vertex -17.9843 -60.4489 1.4
      vertex -18.2349 -60.2349 3.2
      vertex -17.9843 -60.4489 3.2
    endloop
  endfacet
  facet normal 0.649391 0.760455 0
    outer loop
      vertex -18.2349 -60.2349 3.2
      vertex -17.9843 -60.4489 1.4
      vertex -18.2349 -60.2349 1.4
    endloop
  endfacet
  facet normal -0.603789 -0.37012 0.70601
    outer loop
      vertex 17.9083 -24.6598 0.6
      vertex 18.6211 -24.2966 1.4
      vertex 17.8017 -24.4859 0.6
    endloop
  endfacet
  facet normal -0.370136 -0.603782 0.706007
    outer loop
      vertex 17.9843 -23.5511 1.4
      vertex 17.7034 -23.3789 1.4
      vertex 17.5141 -24.1983 0.6
    endloop
  endfacet
  facet normal -0.706015 -0.0555371 0.706015
    outer loop
      vertex 18.05 -25.25 0.6
      vertex 18.85 -25.25 1.4
      vertex 18.034 -25.0466 0.6
    endloop
  endfacet
  facet normal -0.270965 -0.654313 0.706011
    outer loop
      vertex 17.7034 -23.3789 1.4
      vertex 17.3989 -23.2528 1.4
      vertex 17.3402 -24.0917 0.6
    endloop
  endfacet
  facet normal 0.459904 0.53856 0.706004
    outer loop
      vertex -17.9843 -60.4489 1.4
      vertex -17.5141 -59.8017 0.6
      vertex -18.2349 -60.2349 1.4
    endloop
  endfacet
  facet normal 0.706027 -0.0556654 0.705994
    outer loop
      vertex -18.034 -25.0466 0.6
      vertex -18.8241 -24.9215 1.4
      vertex -18.85 -25.25 1.4
    endloop
  endfacet
  facet normal 0.370136 0.603782 0.706007
    outer loop
      vertex -17.7034 -60.6211 1.4
      vertex -17.5141 -59.8017 0.6
      vertex -17.9843 -60.4489 1.4
    endloop
  endfacet
  facet normal 0.92391 0.382611 0
    outer loop
      vertex -18.6211 -59.7034 3.2
      vertex -18.7472 -59.3989 1.4
      vertex -18.7472 -59.3989 3.2
    endloop
  endfacet
  facet normal 0.92391 0.382611 0
    outer loop
      vertex -18.7472 -59.3989 1.4
      vertex -18.6211 -59.7034 3.2
      vertex -18.6211 -59.7034 1.4
    endloop
  endfacet
  facet normal 0.37012 -0.603789 0.70601
    outer loop
      vertex -17.5141 -24.1983 0.6
      vertex -17.3402 -24.0917 0.6
      vertex -17.7034 -23.3789 1.4
    endloop
  endfacet
  facet normal -0.0556654 -0.706027 0.705994
    outer loop
      vertex 16.9534 -23.966 0.6
      vertex 17.0785 -23.1759 1.4
      vertex 16.75 -23.15 1.4
    endloop
  endfacet
  facet normal 0.707107 0 0.707107
    outer loop
      vertex -18.85 -25.25 1.4
      vertex -18.05 -58.75 0.6
      vertex -18.05 -25.25 0.6
    endloop
  endfacet
  facet normal 0.707107 0 0.707107
    outer loop
      vertex -18.05 -58.75 0.6
      vertex -18.85 -25.25 1.4
      vertex -18.85 -58.75 1.4
    endloop
  endfacet
  facet normal -0.649391 -0.760455 0
    outer loop
      vertex 17.9843 -23.5511 1.4
      vertex 18.2349 -23.7651 3.2
      vertex 17.9843 -23.5511 3.2
    endloop
  endfacet
  facet normal -0.649391 -0.760455 -0
    outer loop
      vertex 18.2349 -23.7651 3.2
      vertex 17.9843 -23.5511 1.4
      vertex 18.2349 -23.7651 1.4
    endloop
  endfacet
  facet normal 0.53856 -0.459904 0.706004
    outer loop
      vertex -17.8017 -24.4859 0.6
      vertex -18.2349 -23.7651 1.4
      vertex -18.4489 -24.0157 1.4
    endloop
  endfacet
  facet normal 0.0785993 -0.996906 0
    outer loop
      vertex -17.0785 -23.1759 1.4
      vertex -16.75 -23.15 3.2
      vertex -17.0785 -23.1759 3.2
    endloop
  endfacet
  facet normal 0.0785993 -0.996906 0
    outer loop
      vertex -16.75 -23.15 3.2
      vertex -17.0785 -23.1759 1.4
      vertex -16.75 -23.15 1.4
    endloop
  endfacet
  facet normal 0.165306 -0.688657 0.705992
    outer loop
      vertex -17.1517 -24.0136 0.6
      vertex -16.9534 -23.966 0.6
      vertex -17.3989 -23.2528 1.4
    endloop
  endfacet
  facet normal 0.165288 -0.688665 0.705989
    outer loop
      vertex -16.9534 -23.966 0.6
      vertex -17.0785 -23.1759 1.4
      vertex -17.3989 -23.2528 1.4
    endloop
  endfacet
  facet normal -0.654313 -0.270965 0.706011
    outer loop
      vertex 18.7472 -24.6011 1.4
      vertex 18.6211 -24.2966 1.4
      vertex 17.9083 -24.6598 0.6
    endloop
  endfacet
  facet normal -0.459904 -0.53856 0.706004
    outer loop
      vertex 18.2349 -23.7651 1.4
      vertex 17.9843 -23.5511 1.4
      vertex 17.5141 -24.1983 0.6
    endloop
  endfacet
  facet normal -0.233384 -0.972385 0
    outer loop
      vertex 17.0785 -23.1759 1.4
      vertex 17.3989 -23.2528 3.2
      vertex 17.0785 -23.1759 3.2
    endloop
  endfacet
  facet normal -0.233384 -0.972385 -0
    outer loop
      vertex 17.3989 -23.2528 3.2
      vertex 17.0785 -23.1759 1.4
      vertex 17.3989 -23.2528 1.4
    endloop
  endfacet
  facet normal -0.53856 0.459904 0.706004
    outer loop
      vertex 18.2349 -60.2349 1.4
      vertex 18.4489 -59.9843 1.4
      vertex 17.8017 -59.5141 0.6
    endloop
  endfacet
  facet normal -0.0785993 -0.996906 0
    outer loop
      vertex 16.75 -23.15 1.4
      vertex 17.0785 -23.1759 3.2
      vertex 16.75 -23.15 3.2
    endloop
  endfacet
  facet normal -0.0785993 -0.996906 -0
    outer loop
      vertex 17.0785 -23.1759 3.2
      vertex 16.75 -23.15 1.4
      vertex 17.0785 -23.1759 1.4
    endloop
  endfacet
  facet normal -0.382611 0.92391 0
    outer loop
      vertex 17.7034 -60.6211 1.4
      vertex 17.3989 -60.7472 3.2
      vertex 17.7034 -60.6211 3.2
    endloop
  endfacet
  facet normal -0.382611 0.92391 0
    outer loop
      vertex 17.3989 -60.7472 3.2
      vertex 17.7034 -60.6211 1.4
      vertex 17.3989 -60.7472 1.4
    endloop
  endfacet
  facet normal 0.996906 -0.0785993 0
    outer loop
      vertex -18.85 -25.25 3.2
      vertex -18.8241 -24.9215 1.4
      vertex -18.8241 -24.9215 3.2
    endloop
  endfacet
  facet normal 0.996906 -0.0785993 0
    outer loop
      vertex -18.8241 -24.9215 1.4
      vertex -18.85 -25.25 3.2
      vertex -18.85 -25.25 1.4
    endloop
  endfacet
  facet normal -0.688665 0.165288 0.705989
    outer loop
      vertex 18.7472 -59.3989 1.4
      vertex 18.8241 -59.0785 1.4
      vertex 18.034 -58.9534 0.6
    endloop
  endfacet
  facet normal -0.688657 -0.165306 0.705992
    outer loop
      vertex 18.034 -25.0466 0.6
      vertex 18.7472 -24.6011 1.4
      vertex 17.9864 -24.8483 0.6
    endloop
  endfacet
  facet normal 0.52264 -0.852553 0
    outer loop
      vertex -17.9843 -23.5511 1.4
      vertex -17.7034 -23.3789 3.2
      vertex -17.9843 -23.5511 3.2
    endloop
  endfacet
  facet normal 0.52264 -0.852553 0
    outer loop
      vertex -17.7034 -23.3789 3.2
      vertex -17.9843 -23.5511 1.4
      vertex -17.7034 -23.3789 1.4
    endloop
  endfacet
  facet normal -0.603782 0.370136 0.706007
    outer loop
      vertex 18.4489 -59.9843 1.4
      vertex 18.6211 -59.7034 1.4
      vertex 17.8017 -59.5141 0.6
    endloop
  endfacet
  facet normal -0.996906 -0.0785993 0
    outer loop
      vertex 18.85 -25.25 1.4
      vertex 18.8241 -24.9215 3.2
      vertex 18.8241 -24.9215 1.4
    endloop
  endfacet
  facet normal -0.996906 -0.0785993 0
    outer loop
      vertex 18.8241 -24.9215 3.2
      vertex 18.85 -25.25 1.4
      vertex 18.85 -25.25 3.2
    endloop
  endfacet
  facet normal 0.852553 -0.52264 0
    outer loop
      vertex -18.6211 -24.2966 3.2
      vertex -18.4489 -24.0157 1.4
      vertex -18.4489 -24.0157 3.2
    endloop
  endfacet
  facet normal 0.852553 -0.52264 0
    outer loop
      vertex -18.4489 -24.0157 1.4
      vertex -18.6211 -24.2966 3.2
      vertex -18.6211 -24.2966 1.4
    endloop
  endfacet
  facet normal -0.688657 0.165306 0.705992
    outer loop
      vertex 18.7472 -59.3989 1.4
      vertex 18.034 -58.9534 0.6
      vertex 17.9864 -59.1517 0.6
    endloop
  endfacet
  facet normal 0.0556654 0.706027 0.705994
    outer loop
      vertex -16.75 -60.85 1.4
      vertex -16.9534 -60.034 0.6
      vertex -17.0785 -60.8241 1.4
    endloop
  endfacet
  facet normal 0.0785993 0.996906 -0
    outer loop
      vertex -16.75 -60.85 1.4
      vertex -17.0785 -60.8241 3.2
      vertex -16.75 -60.85 3.2
    endloop
  endfacet
  facet normal 0.0785993 0.996906 0
    outer loop
      vertex -17.0785 -60.8241 3.2
      vertex -16.75 -60.85 1.4
      vertex -17.0785 -60.8241 1.4
    endloop
  endfacet
  facet normal -0.382611 -0.92391 0
    outer loop
      vertex 17.3989 -23.2528 1.4
      vertex 17.7034 -23.3789 3.2
      vertex 17.3989 -23.2528 3.2
    endloop
  endfacet
  facet normal -0.382611 -0.92391 -0
    outer loop
      vertex 17.7034 -23.3789 3.2
      vertex 17.3989 -23.2528 1.4
      vertex 17.7034 -23.3789 1.4
    endloop
  endfacet
  facet normal 0.654285 -0.271086 0.705991
    outer loop
      vertex -17.9864 -24.8483 0.6
      vertex -17.9083 -24.6598 0.6
      vertex -18.7472 -24.6011 1.4
    endloop
  endfacet
  facet normal 0.603789 -0.37012 0.70601
    outer loop
      vertex -17.9083 -24.6598 0.6
      vertex -17.8017 -24.4859 0.6
      vertex -18.6211 -24.2966 1.4
    endloop
  endfacet
  facet normal -0.852553 -0.52264 0
    outer loop
      vertex 18.6211 -24.2966 1.4
      vertex 18.4489 -24.0157 3.2
      vertex 18.4489 -24.0157 1.4
    endloop
  endfacet
  facet normal -0.852553 -0.52264 0
    outer loop
      vertex 18.4489 -24.0157 3.2
      vertex 18.6211 -24.2966 1.4
      vertex 18.6211 -24.2966 3.2
    endloop
  endfacet
  facet normal -0.92391 0.382611 0
    outer loop
      vertex 18.6211 -59.7034 1.4
      vertex 18.7472 -59.3989 3.2
      vertex 18.7472 -59.3989 1.4
    endloop
  endfacet
  facet normal -0.92391 0.382611 0
    outer loop
      vertex 18.7472 -59.3989 3.2
      vertex 18.6211 -59.7034 1.4
      vertex 18.6211 -59.7034 3.2
    endloop
  endfacet
  facet normal -0.706015 0.0555371 0.706015
    outer loop
      vertex 18.85 -58.75 1.4
      vertex 18.05 -58.75 0.6
      vertex 18.034 -58.9534 0.6
    endloop
  endfacet
  facet normal 0 0 1
    outer loop
      vertex 16.75 -23.95 0.6
      vertex 18.05 -25.25 0.6
      vertex 18.034 -25.0466 0.6
    endloop
  endfacet
  facet normal 0 0 1
    outer loop
      vertex 18.05 -25.25 0.6
      vertex 16.75 -23.95 0.6
      vertex 18.05 -58.75 0.6
    endloop
  endfacet
  facet normal 0 0 1
    outer loop
      vertex 16.75 -23.95 0.6
      vertex 18.034 -25.0466 0.6
      vertex 17.9864 -24.8483 0.6
    endloop
  endfacet
  facet normal 0 0 1
    outer loop
      vertex 16.75 -60.05 0.6
      vertex 18.05 -58.75 0.6
      vertex 16.75 -23.95 0.6
    endloop
  endfacet
  facet normal 0 0 1
    outer loop
      vertex 16.75 -23.95 0.6
      vertex 17.9864 -24.8483 0.6
      vertex 17.9083 -24.6598 0.6
    endloop
  endfacet
  facet normal 0 0 1
    outer loop
      vertex 18.05 -58.75 0.6
      vertex 16.75 -60.05 0.6
      vertex 18.034 -58.9534 0.6
    endloop
  endfacet
  facet normal 0 0 1
    outer loop
      vertex 16.75 -23.95 0.6
      vertex 17.9083 -24.6598 0.6
      vertex 17.8017 -24.4859 0.6
    endloop
  endfacet
  facet normal 0 0 1
    outer loop
      vertex 18.034 -58.9534 0.6
      vertex 16.75 -60.05 0.6
      vertex 17.9864 -59.1517 0.6
    endloop
  endfacet
  facet normal 0 0 1
    outer loop
      vertex 16.75 -23.95 0.6
      vertex 17.8017 -24.4859 0.6
      vertex 17.6692 -24.3308 0.6
    endloop
  endfacet
  facet normal 0 0 1
    outer loop
      vertex 17.9864 -59.1517 0.6
      vertex 16.75 -60.05 0.6
      vertex 17.9083 -59.3402 0.6
    endloop
  endfacet
  facet normal 0 0 1
    outer loop
      vertex 16.75 -23.95 0.6
      vertex 17.6692 -24.3308 0.6
      vertex 17.5141 -24.1983 0.6
    endloop
  endfacet
  facet normal 0 0 1
    outer loop
      vertex 17.9083 -59.3402 0.6
      vertex 16.75 -60.05 0.6
      vertex 17.8017 -59.5141 0.6
    endloop
  endfacet
  facet normal 0 0 1
    outer loop
      vertex 16.75 -23.95 0.6
      vertex 17.5141 -24.1983 0.6
      vertex 17.3402 -24.0917 0.6
    endloop
  endfacet
  facet normal 0 0 1
    outer loop
      vertex 17.8017 -59.5141 0.6
      vertex 16.75 -60.05 0.6
      vertex 17.6692 -59.6692 0.6
    endloop
  endfacet
  facet normal 0 0 1
    outer loop
      vertex 16.75 -23.95 0.6
      vertex 17.3402 -24.0917 0.6
      vertex 17.1517 -24.0136 0.6
    endloop
  endfacet
  facet normal 0 0 1
    outer loop
      vertex 17.6692 -59.6692 0.6
      vertex 16.75 -60.05 0.6
      vertex 17.5141 -59.8017 0.6
    endloop
  endfacet
  facet normal 0 0 1
    outer loop
      vertex 16.75 -23.95 0.6
      vertex 17.1517 -24.0136 0.6
      vertex 16.9534 -23.966 0.6
    endloop
  endfacet
  facet normal 0 0 1
    outer loop
      vertex 17.5141 -59.8017 0.6
      vertex 16.75 -60.05 0.6
      vertex 17.3402 -59.9083 0.6
    endloop
  endfacet
  facet normal 0 0 1
    outer loop
      vertex 17.3402 -59.9083 0.6
      vertex 16.75 -60.05 0.6
      vertex 17.1517 -59.9864 0.6
    endloop
  endfacet
  facet normal 0 0 1
    outer loop
      vertex 17.1517 -59.9864 0.6
      vertex 16.75 -60.05 0.6
      vertex 16.9534 -60.034 0.6
    endloop
  endfacet
  facet normal -0 0 1
    outer loop
      vertex -16.75 -23.95 0.6
      vertex 16.75 -60.05 0.6
      vertex 16.75 -23.95 0.6
    endloop
  endfacet
  facet normal 0 0 1
    outer loop
      vertex -16.75 -23.95 0.6
      vertex -16.75 -60.05 0.6
      vertex 16.75 -60.05 0.6
    endloop
  endfacet
  facet normal 0 0 1
    outer loop
      vertex -18.05 -25.25 0.6
      vertex -16.75 -23.95 0.6
      vertex -16.9534 -23.966 0.6
    endloop
  endfacet
  facet normal 0 0 1
    outer loop
      vertex -16.75 -23.95 0.6
      vertex -18.05 -25.25 0.6
      vertex -16.75 -60.05 0.6
    endloop
  endfacet
  facet normal 0 0 1
    outer loop
      vertex -18.05 -25.25 0.6
      vertex -16.9534 -23.966 0.6
      vertex -17.1517 -24.0136 0.6
    endloop
  endfacet
  facet normal -0 0 1
    outer loop
      vertex -18.05 -58.75 0.6
      vertex -16.75 -60.05 0.6
      vertex -18.05 -25.25 0.6
    endloop
  endfacet
  facet normal 0 0 1
    outer loop
      vertex -18.05 -25.25 0.6
      vertex -17.1517 -24.0136 0.6
      vertex -17.3402 -24.0917 0.6
    endloop
  endfacet
  facet normal 0 0 1
    outer loop
      vertex -16.75 -60.05 0.6
      vertex -18.05 -58.75 0.6
      vertex -16.9534 -60.034 0.6
    endloop
  endfacet
  facet normal 0 0 1
    outer loop
      vertex -18.05 -25.25 0.6
      vertex -17.3402 -24.0917 0.6
      vertex -17.5141 -24.1983 0.6
    endloop
  endfacet
  facet normal 0 0 1
    outer loop
      vertex -16.9534 -60.034 0.6
      vertex -18.05 -58.75 0.6
      vertex -17.1517 -59.9864 0.6
    endloop
  endfacet
  facet normal 0 0 1
    outer loop
      vertex -18.05 -25.25 0.6
      vertex -17.5141 -24.1983 0.6
      vertex -17.6692 -24.3308 0.6
    endloop
  endfacet
  facet normal 0 0 1
    outer loop
      vertex -17.1517 -59.9864 0.6
      vertex -18.05 -58.75 0.6
      vertex -17.3402 -59.9083 0.6
    endloop
  endfacet
  facet normal 0 0 1
    outer loop
      vertex -18.05 -25.25 0.6
      vertex -17.6692 -24.3308 0.6
      vertex -17.8017 -24.4859 0.6
    endloop
  endfacet
  facet normal 0 0 1
    outer loop
      vertex -17.3402 -59.9083 0.6
      vertex -18.05 -58.75 0.6
      vertex -17.5141 -59.8017 0.6
    endloop
  endfacet
  facet normal 0 0 1
    outer loop
      vertex -18.05 -25.25 0.6
      vertex -17.8017 -24.4859 0.6
      vertex -17.9083 -24.6598 0.6
    endloop
  endfacet
  facet normal 0 0 1
    outer loop
      vertex -17.5141 -59.8017 0.6
      vertex -18.05 -58.75 0.6
      vertex -17.6692 -59.6692 0.6
    endloop
  endfacet
  facet normal 0 0 1
    outer loop
      vertex -18.05 -25.25 0.6
      vertex -17.9083 -24.6598 0.6
      vertex -17.9864 -24.8483 0.6
    endloop
  endfacet
  facet normal 0 0 1
    outer loop
      vertex -17.6692 -59.6692 0.6
      vertex -18.05 -58.75 0.6
      vertex -17.8017 -59.5141 0.6
    endloop
  endfacet
  facet normal 0 0 1
    outer loop
      vertex -18.05 -25.25 0.6
      vertex -17.9864 -24.8483 0.6
      vertex -18.034 -25.0466 0.6
    endloop
  endfacet
  facet normal 0 0 1
    outer loop
      vertex -17.8017 -59.5141 0.6
      vertex -18.05 -58.75 0.6
      vertex -17.9083 -59.3402 0.6
    endloop
  endfacet
  facet normal 0 0 1
    outer loop
      vertex -17.9083 -59.3402 0.6
      vertex -18.05 -58.75 0.6
      vertex -17.9864 -59.1517 0.6
    endloop
  endfacet
  facet normal 0 0 1
    outer loop
      vertex -17.9864 -59.1517 0.6
      vertex -18.05 -58.75 0.6
      vertex -18.034 -58.9534 0.6
    endloop
  endfacet
  facet normal -0.165306 -0.688657 0.705992
    outer loop
      vertex 17.1517 -24.0136 0.6
      vertex 17.3989 -23.2528 1.4
      vertex 16.9534 -23.966 0.6
    endloop
  endfacet
  facet normal 0.270965 -0.654313 0.706011
    outer loop
      vertex -17.3402 -24.0917 0.6
      vertex -17.3989 -23.2528 1.4
      vertex -17.7034 -23.3789 1.4
    endloop
  endfacet
  facet normal 0.271086 -0.654285 0.705991
    outer loop
      vertex -17.3402 -24.0917 0.6
      vertex -17.1517 -24.0136 0.6
      vertex -17.3989 -23.2528 1.4
    endloop
  endfacet
  facet normal -0.654285 -0.271086 0.705991
    outer loop
      vertex 17.9864 -24.8483 0.6
      vertex 18.7472 -24.6011 1.4
      vertex 17.9083 -24.6598 0.6
    endloop
  endfacet
  facet normal 0.382611 -0.92391 0
    outer loop
      vertex -17.7034 -23.3789 1.4
      vertex -17.3989 -23.2528 3.2
      vertex -17.7034 -23.3789 3.2
    endloop
  endfacet
  facet normal 0.382611 -0.92391 0
    outer loop
      vertex -17.3989 -23.2528 3.2
      vertex -17.7034 -23.3789 1.4
      vertex -17.3989 -23.2528 1.4
    endloop
  endfacet
  facet normal -0.603789 0.37012 0.70601
    outer loop
      vertex 18.6211 -59.7034 1.4
      vertex 17.9083 -59.3402 0.6
      vertex 17.8017 -59.5141 0.6
    endloop
  endfacet
  facet normal 0.459994 -0.538453 0.706027
    outer loop
      vertex -17.6692 -24.3308 0.6
      vertex -17.5141 -24.1983 0.6
      vertex -18.2349 -23.7651 1.4
    endloop
  endfacet
  facet normal -0.654313 0.270965 0.706011
    outer loop
      vertex 18.6211 -59.7034 1.4
      vertex 18.7472 -59.3989 1.4
      vertex 17.9083 -59.3402 0.6
    endloop
  endfacet
  facet normal -0.603782 -0.370136 0.706007
    outer loop
      vertex 18.6211 -24.2966 1.4
      vertex 18.4489 -24.0157 1.4
      vertex 17.8017 -24.4859 0.6
    endloop
  endfacet
  facet normal -0.706027 -0.0556654 0.705994
    outer loop
      vertex 18.85 -25.25 1.4
      vertex 18.8241 -24.9215 1.4
      vertex 18.034 -25.0466 0.6
    endloop
  endfacet
  facet normal -0.688665 -0.165288 0.705989
    outer loop
      vertex 18.8241 -24.9215 1.4
      vertex 18.7472 -24.6011 1.4
      vertex 18.034 -25.0466 0.6
    endloop
  endfacet
  facet normal 0.16528 0.688629 0.706026
    outer loop
      vertex -17.4148 -62.9477 5.35
      vertex -17.0785 -60.8241 3.2
      vertex -17.3989 -60.7472 3.2
    endloop
  endfacet
  facet normal 0.165333 0.688623 0.70602
    outer loop
      vertex -17.4148 -62.9477 5.35
      vertex -17.3989 -60.7472 3.2
      vertex -18.0633 -62.792 5.35
    endloop
  endfacet
  facet normal 0.705992 0.0556627 0.706029
    outer loop
      vertex -20.9477 -59.4148 5.35
      vertex -18.8241 -59.0785 3.2
      vertex -18.85 -58.75 3.2
    endloop
  endfacet
  facet normal 0.0555424 0.706015 0.706015
    outer loop
      vertex -16.75 -63 5.35
      vertex -16.75 -60.85 3.2
      vertex -17.4148 -62.9477 5.35
    endloop
  endfacet
  facet normal 0 -0.707107 0.707107
    outer loop
      vertex -16.75 -23.15 3.2
      vertex 16.75 -21 5.35
      vertex -16.75 -21 5.35
    endloop
  endfacet
  facet normal 0 -0.707107 0.707107
    outer loop
      vertex 16.75 -21 5.35
      vertex -16.75 -23.15 3.2
      vertex 16.75 -23.15 3.2
    endloop
  endfacet
  facet normal 0.459932 0.538516 0.706019
    outer loop
      vertex -19.2481 -62.1883 5.35
      vertex -18.2349 -60.2349 3.2
      vertex -19.7552 -61.7552 5.35
    endloop
  endfacet
  facet normal 0.688623 0.165333 0.70602
    outer loop
      vertex -20.792 -60.0633 5.35
      vertex -18.7472 -59.3989 3.2
      vertex -20.9477 -59.4148 5.35
    endloop
  endfacet
  facet normal 0.270978 0.654297 0.706021
    outer loop
      vertex -18.0633 -62.792 5.35
      vertex -17.3989 -60.7472 3.2
      vertex -18.6795 -62.5368 5.35
    endloop
  endfacet
  facet normal 0.538516 -0.459932 0.706019
    outer loop
      vertex -18.2349 -23.7651 3.2
      vertex -19.7552 -22.2448 5.35
      vertex -20.1883 -22.7519 5.35
    endloop
  endfacet
  facet normal 0.45989 0.538544 0.706025
    outer loop
      vertex -19.2481 -62.1883 5.35
      vertex -17.9843 -60.4489 3.2
      vertex -18.2349 -60.2349 3.2
    endloop
  endfacet
  facet normal 0.706015 0.0555424 0.706015
    outer loop
      vertex -20.9477 -59.4148 5.35
      vertex -18.85 -58.75 3.2
      vertex -21 -58.75 5.35
    endloop
  endfacet
  facet normal -0.270978 0.654297 0.706021
    outer loop
      vertex 18.0633 -62.792 5.35
      vertex 18.6795 -62.5368 5.35
      vertex 17.3989 -60.7472 3.2
    endloop
  endfacet
  facet normal -0.603766 0.370126 0.706026
    outer loop
      vertex 20.1883 -61.2481 5.35
      vertex 18.6211 -59.7034 3.2
      vertex 18.4489 -59.9843 3.2
    endloop
  endfacet
  facet normal 0.0556627 -0.705992 0.706029
    outer loop
      vertex -17.0785 -23.1759 3.2
      vertex -16.75 -23.15 3.2
      vertex -17.4148 -21.0523 5.35
    endloop
  endfacet
  facet normal -0.603805 0.370077 0.706019
    outer loop
      vertex 20.1883 -61.2481 5.35
      vertex 20.5368 -60.6795 5.35
      vertex 18.6211 -59.7034 3.2
    endloop
  endfacet
  facet normal -0.654297 -0.270978 0.706021
    outer loop
      vertex 20.792 -23.9367 5.35
      vertex 20.5368 -23.3205 5.35
      vertex 18.7472 -24.6011 3.2
    endloop
  endfacet
  facet normal -0.459932 0.538516 0.706019
    outer loop
      vertex 19.2481 -62.1883 5.35
      vertex 19.7552 -61.7552 5.35
      vertex 18.2349 -60.2349 3.2
    endloop
  endfacet
  facet normal 0.16528 -0.688629 0.706026
    outer loop
      vertex -17.3989 -23.2528 3.2
      vertex -17.0785 -23.1759 3.2
      vertex -17.4148 -21.0523 5.35
    endloop
  endfacet
  facet normal -0.16528 -0.688629 0.706026
    outer loop
      vertex 17.3989 -23.2528 3.2
      vertex 17.4148 -21.0523 5.35
      vertex 17.0785 -23.1759 3.2
    endloop
  endfacet
  facet normal 0.538516 0.459932 0.706019
    outer loop
      vertex -19.7552 -61.7552 5.35
      vertex -18.2349 -60.2349 3.2
      vertex -20.1883 -61.2481 5.35
    endloop
  endfacet
  facet normal -0.0556627 -0.705992 0.706029
    outer loop
      vertex 17.0785 -23.1759 3.2
      vertex 17.4148 -21.0523 5.35
      vertex 16.75 -23.15 3.2
    endloop
  endfacet
  facet normal -0.370126 -0.603766 0.706026
    outer loop
      vertex 17.9843 -23.5511 3.2
      vertex 19.2481 -21.8117 5.35
      vertex 17.7034 -23.3789 3.2
    endloop
  endfacet
  facet normal -0.270962 -0.654306 0.706019
    outer loop
      vertex 17.7034 -23.3789 3.2
      vertex 18.6795 -21.4632 5.35
      vertex 17.3989 -23.2528 3.2
    endloop
  endfacet
  facet normal -0.165333 0.688623 0.70602
    outer loop
      vertex 17.4148 -62.9477 5.35
      vertex 18.0633 -62.792 5.35
      vertex 17.3989 -60.7472 3.2
    endloop
  endfacet
  facet normal -0.707107 0 0.707107
    outer loop
      vertex 18.85 -58.75 3.2
      vertex 21 -25.25 5.35
      vertex 18.85 -25.25 3.2
    endloop
  endfacet
  facet normal -0.707107 0 0.707107
    outer loop
      vertex 21 -25.25 5.35
      vertex 18.85 -58.75 3.2
      vertex 21 -58.75 5.35
    endloop
  endfacet
  facet normal -0.706015 0.0555424 0.706015
    outer loop
      vertex 20.9477 -59.4148 5.35
      vertex 21 -58.75 5.35
      vertex 18.85 -58.75 3.2
    endloop
  endfacet
  facet normal 0.707107 -0 0.707107
    outer loop
      vertex -21 -58.75 5.35
      vertex -18.85 -25.25 3.2
      vertex -21 -25.25 5.35
    endloop
  endfacet
  facet normal 0.707107 0 0.707107
    outer loop
      vertex -18.85 -25.25 3.2
      vertex -21 -58.75 5.35
      vertex -18.85 -58.75 3.2
    endloop
  endfacet
  facet normal -0.705992 -0.0556627 0.706029
    outer loop
      vertex 18.85 -25.25 3.2
      vertex 20.9477 -24.5852 5.35
      vertex 18.8241 -24.9215 3.2
    endloop
  endfacet
  facet normal -0.538516 0.459932 0.706019
    outer loop
      vertex 19.7552 -61.7552 5.35
      vertex 20.1883 -61.2481 5.35
      vertex 18.2349 -60.2349 3.2
    endloop
  endfacet
  facet normal -0.0555424 -0.706015 0.706015
    outer loop
      vertex 17.4148 -21.0523 5.35
      vertex 16.75 -21 5.35
      vertex 16.75 -23.15 3.2
    endloop
  endfacet
  facet normal 0.603805 0.370077 0.706019
    outer loop
      vertex -20.1883 -61.2481 5.35
      vertex -18.6211 -59.7034 3.2
      vertex -20.5368 -60.6795 5.35
    endloop
  endfacet
  facet normal -0.654306 0.270962 0.706019
    outer loop
      vertex 20.5368 -60.6795 5.35
      vertex 18.7472 -59.3989 3.2
      vertex 18.6211 -59.7034 3.2
    endloop
  endfacet
  facet normal 0.706015 -0.0555424 0.706015
    outer loop
      vertex -18.85 -25.25 3.2
      vertex -20.9477 -24.5852 5.35
      vertex -21 -25.25 5.35
    endloop
  endfacet
  facet normal -0.654306 -0.270962 0.706019
    outer loop
      vertex 18.7472 -24.6011 3.2
      vertex 20.5368 -23.3205 5.35
      vertex 18.6211 -24.2966 3.2
    endloop
  endfacet
  facet normal 0.0556627 0.705992 0.706029
    outer loop
      vertex -17.4148 -62.9477 5.35
      vertex -16.75 -60.85 3.2
      vertex -17.0785 -60.8241 3.2
    endloop
  endfacet
  facet normal -0.45989 -0.538544 0.706025
    outer loop
      vertex 18.2349 -23.7651 3.2
      vertex 19.2481 -21.8117 5.35
      vertex 17.9843 -23.5511 3.2
    endloop
  endfacet
  facet normal -0.538516 -0.459932 0.706019
    outer loop
      vertex 20.1883 -22.7519 5.35
      vertex 19.7552 -22.2448 5.35
      vertex 18.2349 -23.7651 3.2
    endloop
  endfacet
  facet normal 0.688623 -0.165333 0.70602
    outer loop
      vertex -18.7472 -24.6011 3.2
      vertex -20.792 -23.9367 5.35
      vertex -20.9477 -24.5852 5.35
    endloop
  endfacet
  facet normal 0 0.707107 0.707107
    outer loop
      vertex 16.75 -60.85 3.2
      vertex -16.75 -63 5.35
      vertex 16.75 -63 5.35
    endloop
  endfacet
  facet normal 0 0.707107 0.707107
    outer loop
      vertex -16.75 -63 5.35
      vertex 16.75 -60.85 3.2
      vertex -16.75 -60.85 3.2
    endloop
  endfacet
  facet normal 0.654297 -0.270978 0.706021
    outer loop
      vertex -18.7472 -24.6011 3.2
      vertex -20.5368 -23.3205 5.35
      vertex -20.792 -23.9367 5.35
    endloop
  endfacet
  facet normal -0.688629 -0.16528 0.706026
    outer loop
      vertex 18.8241 -24.9215 3.2
      vertex 20.9477 -24.5852 5.35
      vertex 18.7472 -24.6011 3.2
    endloop
  endfacet
  facet normal 0.270962 -0.654306 0.706019
    outer loop
      vertex -17.7034 -23.3789 3.2
      vertex -17.3989 -23.2528 3.2
      vertex -18.6795 -21.4632 5.35
    endloop
  endfacet
  facet normal 0.603766 -0.370126 0.706026
    outer loop
      vertex -18.6211 -24.2966 3.2
      vertex -18.4489 -24.0157 3.2
      vertex -20.1883 -22.7519 5.35
    endloop
  endfacet
  facet normal -0.370077 -0.603805 0.706019
    outer loop
      vertex 19.2481 -21.8117 5.35
      vertex 18.6795 -21.4632 5.35
      vertex 17.7034 -23.3789 3.2
    endloop
  endfacet
  facet normal -0.270962 0.654306 0.706019
    outer loop
      vertex 18.6795 -62.5368 5.35
      vertex 17.7034 -60.6211 3.2
      vertex 17.3989 -60.7472 3.2
    endloop
  endfacet
  facet normal 0.654306 0.270962 0.706019
    outer loop
      vertex -20.5368 -60.6795 5.35
      vertex -18.6211 -59.7034 3.2
      vertex -18.7472 -59.3989 3.2
    endloop
  endfacet
  facet normal 0.370126 -0.603766 0.706026
    outer loop
      vertex -17.9843 -23.5511 3.2
      vertex -17.7034 -23.3789 3.2
      vertex -19.2481 -21.8117 5.35
    endloop
  endfacet
  facet normal 0.654306 -0.270962 0.706019
    outer loop
      vertex -18.7472 -24.6011 3.2
      vertex -18.6211 -24.2966 3.2
      vertex -20.5368 -23.3205 5.35
    endloop
  endfacet
  facet normal -0.270978 -0.654297 0.706021
    outer loop
      vertex 18.6795 -21.4632 5.35
      vertex 18.0633 -21.208 5.35
      vertex 17.3989 -23.2528 3.2
    endloop
  endfacet
  facet normal 0.654297 0.270978 0.706021
    outer loop
      vertex -20.5368 -60.6795 5.35
      vertex -18.7472 -59.3989 3.2
      vertex -20.792 -60.0633 5.35
    endloop
  endfacet
  facet normal 0.688629 -0.16528 0.706026
    outer loop
      vertex -18.8241 -24.9215 3.2
      vertex -18.7472 -24.6011 3.2
      vertex -20.9477 -24.5852 5.35
    endloop
  endfacet
  facet normal -0.0556627 0.705992 0.706029
    outer loop
      vertex 17.4148 -62.9477 5.35
      vertex 17.0785 -60.8241 3.2
      vertex 16.75 -60.85 3.2
    endloop
  endfacet
  facet normal 0.688629 0.16528 0.706026
    outer loop
      vertex -20.9477 -59.4148 5.35
      vertex -18.7472 -59.3989 3.2
      vertex -18.8241 -59.0785 3.2
    endloop
  endfacet
  facet normal -0.706015 -0.0555424 0.706015
    outer loop
      vertex 21 -25.25 5.35
      vertex 20.9477 -24.5852 5.35
      vertex 18.85 -25.25 3.2
    endloop
  endfacet
  facet normal -0.45989 0.538544 0.706025
    outer loop
      vertex 19.2481 -62.1883 5.35
      vertex 18.2349 -60.2349 3.2
      vertex 17.9843 -60.4489 3.2
    endloop
  endfacet
  facet normal 0.370126 0.603766 0.706026
    outer loop
      vertex -19.2481 -62.1883 5.35
      vertex -17.7034 -60.6211 3.2
      vertex -17.9843 -60.4489 3.2
    endloop
  endfacet
  facet normal -0.165333 -0.688623 0.70602
    outer loop
      vertex 18.0633 -21.208 5.35
      vertex 17.4148 -21.0523 5.35
      vertex 17.3989 -23.2528 3.2
    endloop
  endfacet
  facet normal -0.0555424 0.706015 0.706015
    outer loop
      vertex 17.4148 -62.9477 5.35
      vertex 16.75 -60.85 3.2
      vertex 16.75 -63 5.35
    endloop
  endfacet
  facet normal -0.654297 0.270978 0.706021
    outer loop
      vertex 20.5368 -60.6795 5.35
      vertex 20.792 -60.0633 5.35
      vertex 18.7472 -59.3989 3.2
    endloop
  endfacet
  facet normal -0.538544 0.45989 0.706025
    outer loop
      vertex 20.1883 -61.2481 5.35
      vertex 18.4489 -59.9843 3.2
      vertex 18.2349 -60.2349 3.2
    endloop
  endfacet
  facet normal -0.688623 0.165333 0.70602
    outer loop
      vertex 20.792 -60.0633 5.35
      vertex 20.9477 -59.4148 5.35
      vertex 18.7472 -59.3989 3.2
    endloop
  endfacet
  facet normal -0.16528 0.688629 0.706026
    outer loop
      vertex 17.4148 -62.9477 5.35
      vertex 17.3989 -60.7472 3.2
      vertex 17.0785 -60.8241 3.2
    endloop
  endfacet
  facet normal 0.165333 -0.688623 0.70602
    outer loop
      vertex -17.3989 -23.2528 3.2
      vertex -17.4148 -21.0523 5.35
      vertex -18.0633 -21.208 5.35
    endloop
  endfacet
  facet normal -0.603805 -0.370077 0.706019
    outer loop
      vertex 20.5368 -23.3205 5.35
      vertex 20.1883 -22.7519 5.35
      vertex 18.6211 -24.2966 3.2
    endloop
  endfacet
  facet normal -0.459932 -0.538516 0.706019
    outer loop
      vertex 19.7552 -22.2448 5.35
      vertex 19.2481 -21.8117 5.35
      vertex 18.2349 -23.7651 3.2
    endloop
  endfacet
  facet normal 0.603766 0.370126 0.706026
    outer loop
      vertex -20.1883 -61.2481 5.35
      vertex -18.4489 -59.9843 3.2
      vertex -18.6211 -59.7034 3.2
    endloop
  endfacet
  facet normal 0.538544 0.45989 0.706025
    outer loop
      vertex -20.1883 -61.2481 5.35
      vertex -18.2349 -60.2349 3.2
      vertex -18.4489 -59.9843 3.2
    endloop
  endfacet
  facet normal 0.370077 0.603805 0.706019
    outer loop
      vertex -18.6795 -62.5368 5.35
      vertex -17.7034 -60.6211 3.2
      vertex -19.2481 -62.1883 5.35
    endloop
  endfacet
  facet normal 0.270962 0.654306 0.706019
    outer loop
      vertex -18.6795 -62.5368 5.35
      vertex -17.3989 -60.7472 3.2
      vertex -17.7034 -60.6211 3.2
    endloop
  endfacet
  facet normal 0.538544 -0.45989 0.706025
    outer loop
      vertex -18.4489 -24.0157 3.2
      vertex -18.2349 -23.7651 3.2
      vertex -20.1883 -22.7519 5.35
    endloop
  endfacet
  facet normal 0.603805 -0.370077 0.706019
    outer loop
      vertex -18.6211 -24.2966 3.2
      vertex -20.1883 -22.7519 5.35
      vertex -20.5368 -23.3205 5.35
    endloop
  endfacet
  facet normal -0.688629 0.16528 0.706026
    outer loop
      vertex 20.9477 -59.4148 5.35
      vertex 18.8241 -59.0785 3.2
      vertex 18.7472 -59.3989 3.2
    endloop
  endfacet
  facet normal 0.705992 -0.0556627 0.706029
    outer loop
      vertex -18.85 -25.25 3.2
      vertex -18.8241 -24.9215 3.2
      vertex -20.9477 -24.5852 5.35
    endloop
  endfacet
  facet normal 0.459932 -0.538516 0.706019
    outer loop
      vertex -18.2349 -23.7651 3.2
      vertex -19.2481 -21.8117 5.35
      vertex -19.7552 -22.2448 5.35
    endloop
  endfacet
  facet normal 0.370077 -0.603805 0.706019
    outer loop
      vertex -17.7034 -23.3789 3.2
      vertex -18.6795 -21.4632 5.35
      vertex -19.2481 -21.8117 5.35
    endloop
  endfacet
  facet normal -0.370126 0.603766 0.706026
    outer loop
      vertex 19.2481 -62.1883 5.35
      vertex 17.9843 -60.4489 3.2
      vertex 17.7034 -60.6211 3.2
    endloop
  endfacet
  facet normal -0.705992 0.0556627 0.706029
    outer loop
      vertex 20.9477 -59.4148 5.35
      vertex 18.85 -58.75 3.2
      vertex 18.8241 -59.0785 3.2
    endloop
  endfacet
  facet normal -0.603766 -0.370126 0.706026
    outer loop
      vertex 18.6211 -24.2966 3.2
      vertex 20.1883 -22.7519 5.35
      vertex 18.4489 -24.0157 3.2
    endloop
  endfacet
  facet normal -0.370077 0.603805 0.706019
    outer loop
      vertex 18.6795 -62.5368 5.35
      vertex 19.2481 -62.1883 5.35
      vertex 17.7034 -60.6211 3.2
    endloop
  endfacet
  facet normal -0.538544 -0.45989 0.706025
    outer loop
      vertex 18.4489 -24.0157 3.2
      vertex 20.1883 -22.7519 5.35
      vertex 18.2349 -23.7651 3.2
    endloop
  endfacet
  facet normal 0.45989 -0.538544 0.706025
    outer loop
      vertex -18.2349 -23.7651 3.2
      vertex -17.9843 -23.5511 3.2
      vertex -19.2481 -21.8117 5.35
    endloop
  endfacet
  facet normal -0.688623 -0.165333 0.70602
    outer loop
      vertex 20.9477 -24.5852 5.35
      vertex 20.792 -23.9367 5.35
      vertex 18.7472 -24.6011 3.2
    endloop
  endfacet
  facet normal 0.0555424 -0.706015 0.706015
    outer loop
      vertex -16.75 -23.15 3.2
      vertex -16.75 -21 5.35
      vertex -17.4148 -21.0523 5.35
    endloop
  endfacet
  facet normal 0.270978 -0.654297 0.706021
    outer loop
      vertex -17.3989 -23.2528 3.2
      vertex -18.0633 -21.208 5.35
      vertex -18.6795 -21.4632 5.35
    endloop
  endfacet
  facet normal -0.165288 0.688665 0.705989
    outer loop
      vertex 17.0785 -18.8241 1.4
      vertex 17.3989 -18.7472 1.4
      vertex 16.9534 -18.034 0.6
    endloop
  endfacet
  facet normal -0.165306 0.688657 0.705992
    outer loop
      vertex 17.3989 -18.7472 1.4
      vertex 17.1517 -17.9864 0.6
      vertex 16.9534 -18.034 0.6
    endloop
  endfacet
  facet normal 0.996906 0.0785993 0
    outer loop
      vertex -18.8241 -17.0785 3.2
      vertex -18.85 -16.75 1.4
      vertex -18.85 -16.75 3.2
    endloop
  endfacet
  facet normal 0.996906 0.0785993 0
    outer loop
      vertex -18.85 -16.75 1.4
      vertex -18.8241 -17.0785 3.2
      vertex -18.8241 -17.0785 1.4
    endloop
  endfacet
  facet normal -0.972385 -0.233384 0
    outer loop
      vertex 18.8241 17.0785 1.4
      vertex 18.7472 17.3989 3.2
      vertex 18.7472 17.3989 1.4
    endloop
  endfacet
  facet normal -0.972385 -0.233384 0
    outer loop
      vertex 18.7472 17.3989 3.2
      vertex 18.8241 17.0785 1.4
      vertex 18.8241 17.0785 3.2
    endloop
  endfacet
  facet normal -0.0555371 0.706015 0.706015
    outer loop
      vertex 16.9534 -18.034 0.6
      vertex 16.75 -18.05 0.6
      vertex 16.75 -18.85 1.4
    endloop
  endfacet
  facet normal 0.688665 0.165288 0.705989
    outer loop
      vertex -18.7472 -17.3989 1.4
      vertex -18.034 -16.9534 0.6
      vertex -18.8241 -17.0785 1.4
    endloop
  endfacet
  facet normal 0.706027 0.0556654 0.705994
    outer loop
      vertex -18.8241 -17.0785 1.4
      vertex -18.034 -16.9534 0.6
      vertex -18.85 -16.75 1.4
    endloop
  endfacet
  facet normal -0.538453 -0.459994 0.706027
    outer loop
      vertex 17.8017 17.5141 0.6
      vertex 18.2349 18.2349 1.4
      vertex 17.6692 17.6692 0.6
    endloop
  endfacet
  facet normal -0.459994 0.538453 0.706027
    outer loop
      vertex 18.2349 -18.2349 1.4
      vertex 17.6692 -17.6692 0.6
      vertex 17.5141 -17.8017 0.6
    endloop
  endfacet
  facet normal -0.0785993 0.996906 0
    outer loop
      vertex 17.0785 -18.8241 1.4
      vertex 16.75 -18.85 3.2
      vertex 17.0785 -18.8241 3.2
    endloop
  endfacet
  facet normal -0.0785993 0.996906 0
    outer loop
      vertex 16.75 -18.85 3.2
      vertex 17.0785 -18.8241 1.4
      vertex 16.75 -18.85 1.4
    endloop
  endfacet
  facet normal 0.972385 0.233384 0
    outer loop
      vertex -18.7472 -17.3989 3.2
      vertex -18.8241 -17.0785 1.4
      vertex -18.8241 -17.0785 3.2
    endloop
  endfacet
  facet normal 0.972385 0.233384 0
    outer loop
      vertex -18.8241 -17.0785 1.4
      vertex -18.7472 -17.3989 3.2
      vertex -18.7472 -17.3989 1.4
    endloop
  endfacet
  facet normal -0.37012 -0.603789 0.70601
    outer loop
      vertex 17.5141 17.8017 0.6
      vertex 17.7034 18.6211 1.4
      vertex 17.3402 17.9083 0.6
    endloop
  endfacet
  facet normal 0.233384 -0.972385 0
    outer loop
      vertex -17.3989 18.7472 1.4
      vertex -17.0785 18.8241 3.2
      vertex -17.3989 18.7472 3.2
    endloop
  endfacet
  facet normal 0.233384 -0.972385 0
    outer loop
      vertex -17.0785 18.8241 3.2
      vertex -17.3989 18.7472 1.4
      vertex -17.0785 18.8241 1.4
    endloop
  endfacet
  facet normal -0.996906 0.0785993 0
    outer loop
      vertex 18.8241 -17.0785 1.4
      vertex 18.85 -16.75 3.2
      vertex 18.85 -16.75 1.4
    endloop
  endfacet
  facet normal -0.996906 0.0785993 0
    outer loop
      vertex 18.85 -16.75 3.2
      vertex 18.8241 -17.0785 1.4
      vertex 18.8241 -17.0785 3.2
    endloop
  endfacet
  facet normal -0.165288 -0.688665 0.705989
    outer loop
      vertex 17.3989 18.7472 1.4
      vertex 17.0785 18.8241 1.4
      vertex 16.9534 18.034 0.6
    endloop
  endfacet
  facet normal -0 0.707107 0.707107
    outer loop
      vertex -16.75 -18.05 0.6
      vertex 16.75 -18.85 1.4
      vertex 16.75 -18.05 0.6
    endloop
  endfacet
  facet normal 0 0.707107 0.707107
    outer loop
      vertex 16.75 -18.85 1.4
      vertex -16.75 -18.05 0.6
      vertex -16.75 -18.85 1.4
    endloop
  endfacet
  facet normal -0.233384 0.972385 0
    outer loop
      vertex 17.3989 -18.7472 1.4
      vertex 17.0785 -18.8241 3.2
      vertex 17.3989 -18.7472 3.2
    endloop
  endfacet
  facet normal -0.233384 0.972385 0
    outer loop
      vertex 17.0785 -18.8241 3.2
      vertex 17.3989 -18.7472 1.4
      vertex 17.0785 -18.8241 1.4
    endloop
  endfacet
  facet normal -0.0556654 0.706027 0.705994
    outer loop
      vertex 17.0785 -18.8241 1.4
      vertex 16.9534 -18.034 0.6
      vertex 16.75 -18.85 1.4
    endloop
  endfacet
  facet normal -0.271086 -0.654285 0.705991
    outer loop
      vertex 17.3402 17.9083 0.6
      vertex 17.3989 18.7472 1.4
      vertex 17.1517 17.9864 0.6
    endloop
  endfacet
  facet normal 0.382611 0.92391 -0
    outer loop
      vertex -17.3989 -18.7472 1.4
      vertex -17.7034 -18.6211 3.2
      vertex -17.3989 -18.7472 3.2
    endloop
  endfacet
  facet normal 0.382611 0.92391 0
    outer loop
      vertex -17.7034 -18.6211 3.2
      vertex -17.3989 -18.7472 1.4
      vertex -17.7034 -18.6211 1.4
    endloop
  endfacet
  facet normal -0.760455 0.649391 0
    outer loop
      vertex 18.2349 -18.2349 1.4
      vertex 18.4489 -17.9843 3.2
      vertex 18.4489 -17.9843 1.4
    endloop
  endfacet
  facet normal -0.760455 0.649391 0
    outer loop
      vertex 18.4489 -17.9843 3.2
      vertex 18.2349 -18.2349 1.4
      vertex 18.2349 -18.2349 3.2
    endloop
  endfacet
  facet normal 0.233384 0.972385 -0
    outer loop
      vertex -17.0785 -18.8241 1.4
      vertex -17.3989 -18.7472 3.2
      vertex -17.0785 -18.8241 3.2
    endloop
  endfacet
  facet normal 0.233384 0.972385 0
    outer loop
      vertex -17.3989 -18.7472 3.2
      vertex -17.0785 -18.8241 1.4
      vertex -17.3989 -18.7472 1.4
    endloop
  endfacet
  facet normal 0.0556654 -0.706027 0.705994
    outer loop
      vertex -16.9534 18.034 0.6
      vertex -16.75 18.85 1.4
      vertex -17.0785 18.8241 1.4
    endloop
  endfacet
  facet normal 0.165306 0.688657 0.705992
    outer loop
      vertex -16.9534 -18.034 0.6
      vertex -17.1517 -17.9864 0.6
      vertex -17.3989 -18.7472 1.4
    endloop
  endfacet
  facet normal -0.270965 0.654313 0.706011
    outer loop
      vertex 17.3989 -18.7472 1.4
      vertex 17.7034 -18.6211 1.4
      vertex 17.3402 -17.9083 0.6
    endloop
  endfacet
  facet normal -0.92391 -0.382611 0
    outer loop
      vertex 18.7472 17.3989 1.4
      vertex 18.6211 17.7034 3.2
      vertex 18.6211 17.7034 1.4
    endloop
  endfacet
  facet normal -0.92391 -0.382611 0
    outer loop
      vertex 18.6211 17.7034 3.2
      vertex 18.7472 17.3989 1.4
      vertex 18.7472 17.3989 3.2
    endloop
  endfacet
  facet normal 0.760455 -0.649391 0
    outer loop
      vertex -18.4489 17.9843 3.2
      vertex -18.2349 18.2349 1.4
      vertex -18.2349 18.2349 3.2
    endloop
  endfacet
  facet normal 0.760455 -0.649391 0
    outer loop
      vertex -18.2349 18.2349 1.4
      vertex -18.4489 17.9843 3.2
      vertex -18.4489 17.9843 1.4
    endloop
  endfacet
  facet normal 0.852553 0.52264 0
    outer loop
      vertex -18.4489 -17.9843 3.2
      vertex -18.6211 -17.7034 1.4
      vertex -18.6211 -17.7034 3.2
    endloop
  endfacet
  facet normal 0.852553 0.52264 0
    outer loop
      vertex -18.6211 -17.7034 1.4
      vertex -18.4489 -17.9843 3.2
      vertex -18.4489 -17.9843 1.4
    endloop
  endfacet
  facet normal -0.972385 0.233384 0
    outer loop
      vertex 18.7472 -17.3989 1.4
      vertex 18.8241 -17.0785 3.2
      vertex 18.8241 -17.0785 1.4
    endloop
  endfacet
  facet normal -0.972385 0.233384 0
    outer loop
      vertex 18.8241 -17.0785 3.2
      vertex 18.7472 -17.3989 1.4
      vertex 18.7472 -17.3989 3.2
    endloop
  endfacet
  facet normal 0.271086 0.654285 0.705991
    outer loop
      vertex -17.1517 -17.9864 0.6
      vertex -17.3402 -17.9083 0.6
      vertex -17.3989 -18.7472 1.4
    endloop
  endfacet
  facet normal 0 1 -0
    outer loop
      vertex 16.75 -18.85 1.4
      vertex -16.75 -18.85 3.2
      vertex 16.75 -18.85 3.2
    endloop
  endfacet
  facet normal 0 1 0
    outer loop
      vertex -16.75 -18.85 3.2
      vertex 16.75 -18.85 1.4
      vertex -16.75 -18.85 1.4
    endloop
  endfacet
  facet normal 0.0555371 -0.706015 0.706015
    outer loop
      vertex -16.75 18.05 0.6
      vertex -16.75 18.85 1.4
      vertex -16.9534 18.034 0.6
    endloop
  endfacet
  facet normal -0.53856 -0.459904 0.706004
    outer loop
      vertex 18.4489 17.9843 1.4
      vertex 18.2349 18.2349 1.4
      vertex 17.8017 17.5141 0.6
    endloop
  endfacet
  facet normal -0.538453 0.459994 0.706027
    outer loop
      vertex 18.2349 -18.2349 1.4
      vertex 17.8017 -17.5141 0.6
      vertex 17.6692 -17.6692 0.6
    endloop
  endfacet
  facet normal 0.0555371 0.706015 0.706015
    outer loop
      vertex -16.75 -18.85 1.4
      vertex -16.75 -18.05 0.6
      vertex -16.9534 -18.034 0.6
    endloop
  endfacet
  facet normal 0 -0.707107 0.707107
    outer loop
      vertex -16.75 18.85 1.4
      vertex 16.75 18.05 0.6
      vertex 16.75 18.85 1.4
    endloop
  endfacet
  facet normal 0 -0.707107 0.707107
    outer loop
      vertex 16.75 18.05 0.6
      vertex -16.75 18.85 1.4
      vertex -16.75 18.05 0.6
    endloop
  endfacet
  facet normal -0.459994 -0.538453 0.706027
    outer loop
      vertex 17.6692 17.6692 0.6
      vertex 18.2349 18.2349 1.4
      vertex 17.5141 17.8017 0.6
    endloop
  endfacet
  facet normal 0 -1 0
    outer loop
      vertex -16.75 18.85 1.4
      vertex 16.75 18.85 3.2
      vertex -16.75 18.85 3.2
    endloop
  endfacet
  facet normal 0 -1 -0
    outer loop
      vertex 16.75 18.85 3.2
      vertex -16.75 18.85 1.4
      vertex 16.75 18.85 1.4
    endloop
  endfacet
  facet normal -0.707107 0 0.707107
    outer loop
      vertex 18.05 16.75 0.6
      vertex 18.85 -16.75 1.4
      vertex 18.85 16.75 1.4
    endloop
  endfacet
  facet normal -0.707107 0 0.707107
    outer loop
      vertex 18.85 -16.75 1.4
      vertex 18.05 16.75 0.6
      vertex 18.05 -16.75 0.6
    endloop
  endfacet
  facet normal 0.459904 -0.53856 0.706004
    outer loop
      vertex -17.5141 17.8017 0.6
      vertex -17.9843 18.4489 1.4
      vertex -18.2349 18.2349 1.4
    endloop
  endfacet
  facet normal 0.688665 -0.165288 0.705989
    outer loop
      vertex -18.034 16.9534 0.6
      vertex -18.7472 17.3989 1.4
      vertex -18.8241 17.0785 1.4
    endloop
  endfacet
  facet normal -0.37012 0.603789 0.70601
    outer loop
      vertex 17.7034 -18.6211 1.4
      vertex 17.5141 -17.8017 0.6
      vertex 17.3402 -17.9083 0.6
    endloop
  endfacet
  facet normal -0.52264 -0.852553 0
    outer loop
      vertex 17.7034 18.6211 1.4
      vertex 17.9843 18.4489 3.2
      vertex 17.7034 18.6211 3.2
    endloop
  endfacet
  facet normal -0.52264 -0.852553 -0
    outer loop
      vertex 17.9843 18.4489 3.2
      vertex 17.7034 18.6211 1.4
      vertex 17.9843 18.4489 1.4
    endloop
  endfacet
  facet normal 0.37012 0.603789 0.70601
    outer loop
      vertex -17.3402 -17.9083 0.6
      vertex -17.5141 -17.8017 0.6
      vertex -17.7034 -18.6211 1.4
    endloop
  endfacet
  facet normal -0.370136 0.603782 0.706007
    outer loop
      vertex 17.7034 -18.6211 1.4
      vertex 17.9843 -18.4489 1.4
      vertex 17.5141 -17.8017 0.6
    endloop
  endfacet
  facet normal 0.603789 0.37012 0.70601
    outer loop
      vertex -17.8017 -17.5141 0.6
      vertex -17.9083 -17.3402 0.6
      vertex -18.6211 -17.7034 1.4
    endloop
  endfacet
  facet normal 0.654313 0.270965 0.706011
    outer loop
      vertex -18.6211 -17.7034 1.4
      vertex -17.9083 -17.3402 0.6
      vertex -18.7472 -17.3989 1.4
    endloop
  endfacet
  facet normal 0.459994 0.538453 0.706027
    outer loop
      vertex -17.5141 -17.8017 0.6
      vertex -17.6692 -17.6692 0.6
      vertex -18.2349 -18.2349 1.4
    endloop
  endfacet
  facet normal 0.52264 0.852553 -0
    outer loop
      vertex -17.7034 -18.6211 1.4
      vertex -17.9843 -18.4489 3.2
      vertex -17.7034 -18.6211 3.2
    endloop
  endfacet
  facet normal 0.52264 0.852553 0
    outer loop
      vertex -17.9843 -18.4489 3.2
      vertex -17.7034 -18.6211 1.4
      vertex -17.9843 -18.4489 1.4
    endloop
  endfacet
  facet normal -0.52264 0.852553 0
    outer loop
      vertex 17.9843 -18.4489 1.4
      vertex 17.7034 -18.6211 3.2
      vertex 17.9843 -18.4489 3.2
    endloop
  endfacet
  facet normal -0.52264 0.852553 0
    outer loop
      vertex 17.7034 -18.6211 3.2
      vertex 17.9843 -18.4489 1.4
      vertex 17.7034 -18.6211 1.4
    endloop
  endfacet
  facet normal 1 -0 0
    outer loop
      vertex -18.85 -16.75 3.2
      vertex -18.85 16.75 1.4
      vertex -18.85 16.75 3.2
    endloop
  endfacet
  facet normal 1 0 0
    outer loop
      vertex -18.85 16.75 1.4
      vertex -18.85 -16.75 3.2
      vertex -18.85 -16.75 1.4
    endloop
  endfacet
  facet normal 0.706015 0.0555371 0.706015
    outer loop
      vertex -18.034 -16.9534 0.6
      vertex -18.05 -16.75 0.6
      vertex -18.85 -16.75 1.4
    endloop
  endfacet
  facet normal 0.270965 0.654313 0.706011
    outer loop
      vertex -17.3989 -18.7472 1.4
      vertex -17.3402 -17.9083 0.6
      vertex -17.7034 -18.6211 1.4
    endloop
  endfacet
  facet normal -1 0 0
    outer loop
      vertex 18.85 -16.75 1.4
      vertex 18.85 16.75 3.2
      vertex 18.85 16.75 1.4
    endloop
  endfacet
  facet normal -1 -0 0
    outer loop
      vertex 18.85 16.75 3.2
      vertex 18.85 -16.75 1.4
      vertex 18.85 -16.75 3.2
    endloop
  endfacet
  facet normal -0.654285 0.271086 0.705991
    outer loop
      vertex 18.7472 -17.3989 1.4
      vertex 17.9864 -17.1517 0.6
      vertex 17.9083 -17.3402 0.6
    endloop
  endfacet
  facet normal 0.706015 -0.0555371 0.706015
    outer loop
      vertex -18.05 16.75 0.6
      vertex -18.034 16.9534 0.6
      vertex -18.85 16.75 1.4
    endloop
  endfacet
  facet normal 0.603782 -0.370136 0.706007
    outer loop
      vertex -17.8017 17.5141 0.6
      vertex -18.4489 17.9843 1.4
      vertex -18.6211 17.7034 1.4
    endloop
  endfacet
  facet normal -0.760455 -0.649391 0
    outer loop
      vertex 18.4489 17.9843 1.4
      vertex 18.2349 18.2349 3.2
      vertex 18.2349 18.2349 1.4
    endloop
  endfacet
  facet normal -0.760455 -0.649391 0
    outer loop
      vertex 18.2349 18.2349 3.2
      vertex 18.4489 17.9843 1.4
      vertex 18.4489 17.9843 3.2
    endloop
  endfacet
  facet normal 0.92391 -0.382611 0
    outer loop
      vertex -18.7472 17.3989 3.2
      vertex -18.6211 17.7034 1.4
      vertex -18.6211 17.7034 3.2
    endloop
  endfacet
  facet normal 0.92391 -0.382611 0
    outer loop
      vertex -18.6211 17.7034 1.4
      vertex -18.7472 17.3989 3.2
      vertex -18.7472 17.3989 1.4
    endloop
  endfacet
  facet normal 0.972385 -0.233384 0
    outer loop
      vertex -18.8241 17.0785 3.2
      vertex -18.7472 17.3989 1.4
      vertex -18.7472 17.3989 3.2
    endloop
  endfacet
  facet normal 0.972385 -0.233384 0
    outer loop
      vertex -18.7472 17.3989 1.4
      vertex -18.8241 17.0785 3.2
      vertex -18.8241 17.0785 1.4
    endloop
  endfacet
  facet normal 0.538453 -0.459994 0.706027
    outer loop
      vertex -17.8017 17.5141 0.6
      vertex -17.6692 17.6692 0.6
      vertex -18.2349 18.2349 1.4
    endloop
  endfacet
  facet normal 0.53856 0.459904 0.706004
    outer loop
      vertex -18.2349 -18.2349 1.4
      vertex -17.8017 -17.5141 0.6
      vertex -18.4489 -17.9843 1.4
    endloop
  endfacet
  facet normal 0.654285 0.271086 0.705991
    outer loop
      vertex -17.9083 -17.3402 0.6
      vertex -17.9864 -17.1517 0.6
      vertex -18.7472 -17.3989 1.4
    endloop
  endfacet
  facet normal 0.688657 -0.165306 0.705992
    outer loop
      vertex -18.034 16.9534 0.6
      vertex -17.9864 17.1517 0.6
      vertex -18.7472 17.3989 1.4
    endloop
  endfacet
  facet normal -0.271086 0.654285 0.705991
    outer loop
      vertex 17.3989 -18.7472 1.4
      vertex 17.3402 -17.9083 0.6
      vertex 17.1517 -17.9864 0.6
    endloop
  endfacet
  facet normal -0.649391 0.760455 0
    outer loop
      vertex 18.2349 -18.2349 1.4
      vertex 17.9843 -18.4489 3.2
      vertex 18.2349 -18.2349 3.2
    endloop
  endfacet
  facet normal -0.649391 0.760455 0
    outer loop
      vertex 17.9843 -18.4489 3.2
      vertex 18.2349 -18.2349 1.4
      vertex 17.9843 -18.4489 1.4
    endloop
  endfacet
  facet normal 0.654313 -0.270965 0.706011
    outer loop
      vertex -17.9083 17.3402 0.6
      vertex -18.6211 17.7034 1.4
      vertex -18.7472 17.3989 1.4
    endloop
  endfacet
  facet normal -0.459904 0.53856 0.706004
    outer loop
      vertex 17.9843 -18.4489 1.4
      vertex 18.2349 -18.2349 1.4
      vertex 17.5141 -17.8017 0.6
    endloop
  endfacet
  facet normal -0.706027 0.0556654 0.705994
    outer loop
      vertex 18.8241 -17.0785 1.4
      vertex 18.85 -16.75 1.4
      vertex 18.034 -16.9534 0.6
    endloop
  endfacet
  facet normal 0.760455 0.649391 0
    outer loop
      vertex -18.2349 -18.2349 3.2
      vertex -18.4489 -17.9843 1.4
      vertex -18.4489 -17.9843 3.2
    endloop
  endfacet
  facet normal 0.760455 0.649391 0
    outer loop
      vertex -18.4489 -17.9843 1.4
      vertex -18.2349 -18.2349 3.2
      vertex -18.2349 -18.2349 1.4
    endloop
  endfacet
  facet normal 0.165288 0.688665 0.705989
    outer loop
      vertex -17.0785 -18.8241 1.4
      vertex -16.9534 -18.034 0.6
      vertex -17.3989 -18.7472 1.4
    endloop
  endfacet
  facet normal 0.649391 -0.760455 0
    outer loop
      vertex -18.2349 18.2349 1.4
      vertex -17.9843 18.4489 3.2
      vertex -18.2349 18.2349 3.2
    endloop
  endfacet
  facet normal 0.649391 -0.760455 0
    outer loop
      vertex -17.9843 18.4489 3.2
      vertex -18.2349 18.2349 1.4
      vertex -17.9843 18.4489 1.4
    endloop
  endfacet
  facet normal 0.370136 -0.603782 0.706007
    outer loop
      vertex -17.5141 17.8017 0.6
      vertex -17.7034 18.6211 1.4
      vertex -17.9843 18.4489 1.4
    endloop
  endfacet
  facet normal 0.688657 0.165306 0.705992
    outer loop
      vertex -17.9864 -17.1517 0.6
      vertex -18.034 -16.9534 0.6
      vertex -18.7472 -17.3989 1.4
    endloop
  endfacet
  facet normal -0.0555371 -0.706015 0.706015
    outer loop
      vertex 16.9534 18.034 0.6
      vertex 16.75 18.85 1.4
      vertex 16.75 18.05 0.6
    endloop
  endfacet
  facet normal -0.852553 0.52264 0
    outer loop
      vertex 18.4489 -17.9843 1.4
      vertex 18.6211 -17.7034 3.2
      vertex 18.6211 -17.7034 1.4
    endloop
  endfacet
  facet normal -0.852553 0.52264 0
    outer loop
      vertex 18.6211 -17.7034 3.2
      vertex 18.4489 -17.9843 1.4
      vertex 18.4489 -17.9843 3.2
    endloop
  endfacet
  facet normal 0.603782 0.370136 0.706007
    outer loop
      vertex -18.4489 -17.9843 1.4
      vertex -17.8017 -17.5141 0.6
      vertex -18.6211 -17.7034 1.4
    endloop
  endfacet
  facet normal 0.538453 0.459994 0.706027
    outer loop
      vertex -17.6692 -17.6692 0.6
      vertex -17.8017 -17.5141 0.6
      vertex -18.2349 -18.2349 1.4
    endloop
  endfacet
  facet normal 0.649391 0.760455 -0
    outer loop
      vertex -17.9843 -18.4489 1.4
      vertex -18.2349 -18.2349 3.2
      vertex -17.9843 -18.4489 3.2
    endloop
  endfacet
  facet normal 0.649391 0.760455 0
    outer loop
      vertex -18.2349 -18.2349 3.2
      vertex -17.9843 -18.4489 1.4
      vertex -18.2349 -18.2349 1.4
    endloop
  endfacet
  facet normal -0.603789 -0.37012 0.70601
    outer loop
      vertex 17.9083 17.3402 0.6
      vertex 18.6211 17.7034 1.4
      vertex 17.8017 17.5141 0.6
    endloop
  endfacet
  facet normal -0.370136 -0.603782 0.706007
    outer loop
      vertex 17.9843 18.4489 1.4
      vertex 17.7034 18.6211 1.4
      vertex 17.5141 17.8017 0.6
    endloop
  endfacet
  facet normal -0.706015 -0.0555371 0.706015
    outer loop
      vertex 18.05 16.75 0.6
      vertex 18.85 16.75 1.4
      vertex 18.034 16.9534 0.6
    endloop
  endfacet
  facet normal -0.270965 -0.654313 0.706011
    outer loop
      vertex 17.7034 18.6211 1.4
      vertex 17.3989 18.7472 1.4
      vertex 17.3402 17.9083 0.6
    endloop
  endfacet
  facet normal 0.459904 0.53856 0.706004
    outer loop
      vertex -17.9843 -18.4489 1.4
      vertex -17.5141 -17.8017 0.6
      vertex -18.2349 -18.2349 1.4
    endloop
  endfacet
  facet normal 0.706027 -0.0556654 0.705994
    outer loop
      vertex -18.034 16.9534 0.6
      vertex -18.8241 17.0785 1.4
      vertex -18.85 16.75 1.4
    endloop
  endfacet
  facet normal 0.370136 0.603782 0.706007
    outer loop
      vertex -17.7034 -18.6211 1.4
      vertex -17.5141 -17.8017 0.6
      vertex -17.9843 -18.4489 1.4
    endloop
  endfacet
  facet normal 0.92391 0.382611 0
    outer loop
      vertex -18.6211 -17.7034 3.2
      vertex -18.7472 -17.3989 1.4
      vertex -18.7472 -17.3989 3.2
    endloop
  endfacet
  facet normal 0.92391 0.382611 0
    outer loop
      vertex -18.7472 -17.3989 1.4
      vertex -18.6211 -17.7034 3.2
      vertex -18.6211 -17.7034 1.4
    endloop
  endfacet
  facet normal 0.37012 -0.603789 0.70601
    outer loop
      vertex -17.5141 17.8017 0.6
      vertex -17.3402 17.9083 0.6
      vertex -17.7034 18.6211 1.4
    endloop
  endfacet
  facet normal -0.0556654 -0.706027 0.705994
    outer loop
      vertex 16.9534 18.034 0.6
      vertex 17.0785 18.8241 1.4
      vertex 16.75 18.85 1.4
    endloop
  endfacet
  facet normal 0.707107 0 0.707107
    outer loop
      vertex -18.85 16.75 1.4
      vertex -18.05 -16.75 0.6
      vertex -18.05 16.75 0.6
    endloop
  endfacet
  facet normal 0.707107 0 0.707107
    outer loop
      vertex -18.05 -16.75 0.6
      vertex -18.85 16.75 1.4
      vertex -18.85 -16.75 1.4
    endloop
  endfacet
  facet normal -0.649391 -0.760455 0
    outer loop
      vertex 17.9843 18.4489 1.4
      vertex 18.2349 18.2349 3.2
      vertex 17.9843 18.4489 3.2
    endloop
  endfacet
  facet normal -0.649391 -0.760455 -0
    outer loop
      vertex 18.2349 18.2349 3.2
      vertex 17.9843 18.4489 1.4
      vertex 18.2349 18.2349 1.4
    endloop
  endfacet
  facet normal 0.53856 -0.459904 0.706004
    outer loop
      vertex -17.8017 17.5141 0.6
      vertex -18.2349 18.2349 1.4
      vertex -18.4489 17.9843 1.4
    endloop
  endfacet
  facet normal 0.0785993 -0.996906 0
    outer loop
      vertex -17.0785 18.8241 1.4
      vertex -16.75 18.85 3.2
      vertex -17.0785 18.8241 3.2
    endloop
  endfacet
  facet normal 0.0785993 -0.996906 0
    outer loop
      vertex -16.75 18.85 3.2
      vertex -17.0785 18.8241 1.4
      vertex -16.75 18.85 1.4
    endloop
  endfacet
  facet normal 0.165306 -0.688657 0.705992
    outer loop
      vertex -17.1517 17.9864 0.6
      vertex -16.9534 18.034 0.6
      vertex -17.3989 18.7472 1.4
    endloop
  endfacet
  facet normal 0.165288 -0.688665 0.705989
    outer loop
      vertex -16.9534 18.034 0.6
      vertex -17.0785 18.8241 1.4
      vertex -17.3989 18.7472 1.4
    endloop
  endfacet
  facet normal -0.654313 -0.270965 0.706011
    outer loop
      vertex 18.7472 17.3989 1.4
      vertex 18.6211 17.7034 1.4
      vertex 17.9083 17.3402 0.6
    endloop
  endfacet
  facet normal -0.459904 -0.53856 0.706004
    outer loop
      vertex 18.2349 18.2349 1.4
      vertex 17.9843 18.4489 1.4
      vertex 17.5141 17.8017 0.6
    endloop
  endfacet
  facet normal -0.233384 -0.972385 0
    outer loop
      vertex 17.0785 18.8241 1.4
      vertex 17.3989 18.7472 3.2
      vertex 17.0785 18.8241 3.2
    endloop
  endfacet
  facet normal -0.233384 -0.972385 -0
    outer loop
      vertex 17.3989 18.7472 3.2
      vertex 17.0785 18.8241 1.4
      vertex 17.3989 18.7472 1.4
    endloop
  endfacet
  facet normal -0.53856 0.459904 0.706004
    outer loop
      vertex 18.2349 -18.2349 1.4
      vertex 18.4489 -17.9843 1.4
      vertex 17.8017 -17.5141 0.6
    endloop
  endfacet
  facet normal -0.0785993 -0.996906 0
    outer loop
      vertex 16.75 18.85 1.4
      vertex 17.0785 18.8241 3.2
      vertex 16.75 18.85 3.2
    endloop
  endfacet
  facet normal -0.0785993 -0.996906 -0
    outer loop
      vertex 17.0785 18.8241 3.2
      vertex 16.75 18.85 1.4
      vertex 17.0785 18.8241 1.4
    endloop
  endfacet
  facet normal -0.382611 0.92391 0
    outer loop
      vertex 17.7034 -18.6211 1.4
      vertex 17.3989 -18.7472 3.2
      vertex 17.7034 -18.6211 3.2
    endloop
  endfacet
  facet normal -0.382611 0.92391 0
    outer loop
      vertex 17.3989 -18.7472 3.2
      vertex 17.7034 -18.6211 1.4
      vertex 17.3989 -18.7472 1.4
    endloop
  endfacet
  facet normal 0.996906 -0.0785993 0
    outer loop
      vertex -18.85 16.75 3.2
      vertex -18.8241 17.0785 1.4
      vertex -18.8241 17.0785 3.2
    endloop
  endfacet
  facet normal 0.996906 -0.0785993 0
    outer loop
      vertex -18.8241 17.0785 1.4
      vertex -18.85 16.75 3.2
      vertex -18.85 16.75 1.4
    endloop
  endfacet
  facet normal -0.688665 0.165288 0.705989
    outer loop
      vertex 18.7472 -17.3989 1.4
      vertex 18.8241 -17.0785 1.4
      vertex 18.034 -16.9534 0.6
    endloop
  endfacet
  facet normal -0.688657 -0.165306 0.705992
    outer loop
      vertex 18.034 16.9534 0.6
      vertex 18.7472 17.3989 1.4
      vertex 17.9864 17.1517 0.6
    endloop
  endfacet
  facet normal 0.52264 -0.852553 0
    outer loop
      vertex -17.9843 18.4489 1.4
      vertex -17.7034 18.6211 3.2
      vertex -17.9843 18.4489 3.2
    endloop
  endfacet
  facet normal 0.52264 -0.852553 0
    outer loop
      vertex -17.7034 18.6211 3.2
      vertex -17.9843 18.4489 1.4
      vertex -17.7034 18.6211 1.4
    endloop
  endfacet
  facet normal -0.603782 0.370136 0.706007
    outer loop
      vertex 18.4489 -17.9843 1.4
      vertex 18.6211 -17.7034 1.4
      vertex 17.8017 -17.5141 0.6
    endloop
  endfacet
  facet normal -0.996906 -0.0785993 0
    outer loop
      vertex 18.85 16.75 1.4
      vertex 18.8241 17.0785 3.2
      vertex 18.8241 17.0785 1.4
    endloop
  endfacet
  facet normal -0.996906 -0.0785993 0
    outer loop
      vertex 18.8241 17.0785 3.2
      vertex 18.85 16.75 1.4
      vertex 18.85 16.75 3.2
    endloop
  endfacet
  facet normal 0.852553 -0.52264 0
    outer loop
      vertex -18.6211 17.7034 3.2
      vertex -18.4489 17.9843 1.4
      vertex -18.4489 17.9843 3.2
    endloop
  endfacet
  facet normal 0.852553 -0.52264 0
    outer loop
      vertex -18.4489 17.9843 1.4
      vertex -18.6211 17.7034 3.2
      vertex -18.6211 17.7034 1.4
    endloop
  endfacet
  facet normal -0.688657 0.165306 0.705992
    outer loop
      vertex 18.7472 -17.3989 1.4
      vertex 18.034 -16.9534 0.6
      vertex 17.9864 -17.1517 0.6
    endloop
  endfacet
  facet normal 0.0556654 0.706027 0.705994
    outer loop
      vertex -16.75 -18.85 1.4
      vertex -16.9534 -18.034 0.6
      vertex -17.0785 -18.8241 1.4
    endloop
  endfacet
  facet normal 0.0785993 0.996906 -0
    outer loop
      vertex -16.75 -18.85 1.4
      vertex -17.0785 -18.8241 3.2
      vertex -16.75 -18.85 3.2
    endloop
  endfacet
  facet normal 0.0785993 0.996906 0
    outer loop
      vertex -17.0785 -18.8241 3.2
      vertex -16.75 -18.85 1.4
      vertex -17.0785 -18.8241 1.4
    endloop
  endfacet
  facet normal -0.382611 -0.92391 0
    outer loop
      vertex 17.3989 18.7472 1.4
      vertex 17.7034 18.6211 3.2
      vertex 17.3989 18.7472 3.2
    endloop
  endfacet
  facet normal -0.382611 -0.92391 -0
    outer loop
      vertex 17.7034 18.6211 3.2
      vertex 17.3989 18.7472 1.4
      vertex 17.7034 18.6211 1.4
    endloop
  endfacet
  facet normal 0.654285 -0.271086 0.705991
    outer loop
      vertex -17.9864 17.1517 0.6
      vertex -17.9083 17.3402 0.6
      vertex -18.7472 17.3989 1.4
    endloop
  endfacet
  facet normal 0.603789 -0.37012 0.70601
    outer loop
      vertex -17.9083 17.3402 0.6
      vertex -17.8017 17.5141 0.6
      vertex -18.6211 17.7034 1.4
    endloop
  endfacet
  facet normal -0.852553 -0.52264 0
    outer loop
      vertex 18.6211 17.7034 1.4
      vertex 18.4489 17.9843 3.2
      vertex 18.4489 17.9843 1.4
    endloop
  endfacet
  facet normal -0.852553 -0.52264 0
    outer loop
      vertex 18.4489 17.9843 3.2
      vertex 18.6211 17.7034 1.4
      vertex 18.6211 17.7034 3.2
    endloop
  endfacet
  facet normal -0.92391 0.382611 0
    outer loop
      vertex 18.6211 -17.7034 1.4
      vertex 18.7472 -17.3989 3.2
      vertex 18.7472 -17.3989 1.4
    endloop
  endfacet
  facet normal -0.92391 0.382611 0
    outer loop
      vertex 18.7472 -17.3989 3.2
      vertex 18.6211 -17.7034 1.4
      vertex 18.6211 -17.7034 3.2
    endloop
  endfacet
  facet normal -0.706015 0.0555371 0.706015
    outer loop
      vertex 18.85 -16.75 1.4
      vertex 18.05 -16.75 0.6
      vertex 18.034 -16.9534 0.6
    endloop
  endfacet
  facet normal 0 0 1
    outer loop
      vertex 16.75 18.05 0.6
      vertex 18.05 16.75 0.6
      vertex 18.034 16.9534 0.6
    endloop
  endfacet
  facet normal 0 0 1
    outer loop
      vertex 18.05 16.75 0.6
      vertex 16.75 18.05 0.6
      vertex 18.05 -16.75 0.6
    endloop
  endfacet
  facet normal 0 0 1
    outer loop
      vertex 16.75 18.05 0.6
      vertex 18.034 16.9534 0.6
      vertex 17.9864 17.1517 0.6
    endloop
  endfacet
  facet normal 0 0 1
    outer loop
      vertex 16.75 -18.05 0.6
      vertex 18.05 -16.75 0.6
      vertex 16.75 18.05 0.6
    endloop
  endfacet
  facet normal 0 0 1
    outer loop
      vertex 16.75 18.05 0.6
      vertex 17.9864 17.1517 0.6
      vertex 17.9083 17.3402 0.6
    endloop
  endfacet
  facet normal 0 0 1
    outer loop
      vertex 18.05 -16.75 0.6
      vertex 16.75 -18.05 0.6
      vertex 18.034 -16.9534 0.6
    endloop
  endfacet
  facet normal 0 0 1
    outer loop
      vertex 16.75 18.05 0.6
      vertex 17.9083 17.3402 0.6
      vertex 17.8017 17.5141 0.6
    endloop
  endfacet
  facet normal 0 0 1
    outer loop
      vertex 18.034 -16.9534 0.6
      vertex 16.75 -18.05 0.6
      vertex 17.9864 -17.1517 0.6
    endloop
  endfacet
  facet normal 0 0 1
    outer loop
      vertex 16.75 18.05 0.6
      vertex 17.8017 17.5141 0.6
      vertex 17.6692 17.6692 0.6
    endloop
  endfacet
  facet normal 0 0 1
    outer loop
      vertex 17.9864 -17.1517 0.6
      vertex 16.75 -18.05 0.6
      vertex 17.9083 -17.3402 0.6
    endloop
  endfacet
  facet normal 0 0 1
    outer loop
      vertex 16.75 18.05 0.6
      vertex 17.6692 17.6692 0.6
      vertex 17.5141 17.8017 0.6
    endloop
  endfacet
  facet normal 0 0 1
    outer loop
      vertex 17.9083 -17.3402 0.6
      vertex 16.75 -18.05 0.6
      vertex 17.8017 -17.5141 0.6
    endloop
  endfacet
  facet normal 0 0 1
    outer loop
      vertex 16.75 18.05 0.6
      vertex 17.5141 17.8017 0.6
      vertex 17.3402 17.9083 0.6
    endloop
  endfacet
  facet normal 0 0 1
    outer loop
      vertex 17.8017 -17.5141 0.6
      vertex 16.75 -18.05 0.6
      vertex 17.6692 -17.6692 0.6
    endloop
  endfacet
  facet normal 0 0 1
    outer loop
      vertex 16.75 18.05 0.6
      vertex 17.3402 17.9083 0.6
      vertex 17.1517 17.9864 0.6
    endloop
  endfacet
  facet normal 0 0 1
    outer loop
      vertex 17.6692 -17.6692 0.6
      vertex 16.75 -18.05 0.6
      vertex 17.5141 -17.8017 0.6
    endloop
  endfacet
  facet normal 0 0 1
    outer loop
      vertex 16.75 18.05 0.6
      vertex 17.1517 17.9864 0.6
      vertex 16.9534 18.034 0.6
    endloop
  endfacet
  facet normal 0 0 1
    outer loop
      vertex 17.5141 -17.8017 0.6
      vertex 16.75 -18.05 0.6
      vertex 17.3402 -17.9083 0.6
    endloop
  endfacet
  facet normal 0 0 1
    outer loop
      vertex 17.3402 -17.9083 0.6
      vertex 16.75 -18.05 0.6
      vertex 17.1517 -17.9864 0.6
    endloop
  endfacet
  facet normal 0 0 1
    outer loop
      vertex 17.1517 -17.9864 0.6
      vertex 16.75 -18.05 0.6
      vertex 16.9534 -18.034 0.6
    endloop
  endfacet
  facet normal -0 0 1
    outer loop
      vertex -16.75 18.05 0.6
      vertex 16.75 -18.05 0.6
      vertex 16.75 18.05 0.6
    endloop
  endfacet
  facet normal 0 0 1
    outer loop
      vertex -16.75 18.05 0.6
      vertex -16.75 -18.05 0.6
      vertex 16.75 -18.05 0.6
    endloop
  endfacet
  facet normal 0 0 1
    outer loop
      vertex -18.05 16.75 0.6
      vertex -16.75 18.05 0.6
      vertex -16.9534 18.034 0.6
    endloop
  endfacet
  facet normal 0 0 1
    outer loop
      vertex -16.75 18.05 0.6
      vertex -18.05 16.75 0.6
      vertex -16.75 -18.05 0.6
    endloop
  endfacet
  facet normal 0 0 1
    outer loop
      vertex -18.05 16.75 0.6
      vertex -16.9534 18.034 0.6
      vertex -17.1517 17.9864 0.6
    endloop
  endfacet
  facet normal -0 0 1
    outer loop
      vertex -18.05 -16.75 0.6
      vertex -16.75 -18.05 0.6
      vertex -18.05 16.75 0.6
    endloop
  endfacet
  facet normal 0 0 1
    outer loop
      vertex -18.05 16.75 0.6
      vertex -17.1517 17.9864 0.6
      vertex -17.3402 17.9083 0.6
    endloop
  endfacet
  facet normal 0 0 1
    outer loop
      vertex -16.75 -18.05 0.6
      vertex -18.05 -16.75 0.6
      vertex -16.9534 -18.034 0.6
    endloop
  endfacet
  facet normal 0 0 1
    outer loop
      vertex -18.05 16.75 0.6
      vertex -17.3402 17.9083 0.6
      vertex -17.5141 17.8017 0.6
    endloop
  endfacet
  facet normal 0 0 1
    outer loop
      vertex -16.9534 -18.034 0.6
      vertex -18.05 -16.75 0.6
      vertex -17.1517 -17.9864 0.6
    endloop
  endfacet
  facet normal 0 0 1
    outer loop
      vertex -18.05 16.75 0.6
      vertex -17.5141 17.8017 0.6
      vertex -17.6692 17.6692 0.6
    endloop
  endfacet
  facet normal 0 0 1
    outer loop
      vertex -17.1517 -17.9864 0.6
      vertex -18.05 -16.75 0.6
      vertex -17.3402 -17.9083 0.6
    endloop
  endfacet
  facet normal 0 0 1
    outer loop
      vertex -18.05 16.75 0.6
      vertex -17.6692 17.6692 0.6
      vertex -17.8017 17.5141 0.6
    endloop
  endfacet
  facet normal 0 0 1
    outer loop
      vertex -17.3402 -17.9083 0.6
      vertex -18.05 -16.75 0.6
      vertex -17.5141 -17.8017 0.6
    endloop
  endfacet
  facet normal 0 0 1
    outer loop
      vertex -18.05 16.75 0.6
      vertex -17.8017 17.5141 0.6
      vertex -17.9083 17.3402 0.6
    endloop
  endfacet
  facet normal 0 0 1
    outer loop
      vertex -17.5141 -17.8017 0.6
      vertex -18.05 -16.75 0.6
      vertex -17.6692 -17.6692 0.6
    endloop
  endfacet
  facet normal 0 0 1
    outer loop
      vertex -18.05 16.75 0.6
      vertex -17.9083 17.3402 0.6
      vertex -17.9864 17.1517 0.6
    endloop
  endfacet
  facet normal 0 0 1
    outer loop
      vertex -17.6692 -17.6692 0.6
      vertex -18.05 -16.75 0.6
      vertex -17.8017 -17.5141 0.6
    endloop
  endfacet
  facet normal 0 0 1
    outer loop
      vertex -18.05 16.75 0.6
      vertex -17.9864 17.1517 0.6
      vertex -18.034 16.9534 0.6
    endloop
  endfacet
  facet normal 0 0 1
    outer loop
      vertex -17.8017 -17.5141 0.6
      vertex -18.05 -16.75 0.6
      vertex -17.9083 -17.3402 0.6
    endloop
  endfacet
  facet normal 0 0 1
    outer loop
      vertex -17.9083 -17.3402 0.6
      vertex -18.05 -16.75 0.6
      vertex -17.9864 -17.1517 0.6
    endloop
  endfacet
  facet normal 0 0 1
    outer loop
      vertex -17.9864 -17.1517 0.6
      vertex -18.05 -16.75 0.6
      vertex -18.034 -16.9534 0.6
    endloop
  endfacet
  facet normal -0.165306 -0.688657 0.705992
    outer loop
      vertex 17.1517 17.9864 0.6
      vertex 17.3989 18.7472 1.4
      vertex 16.9534 18.034 0.6
    endloop
  endfacet
  facet normal 0.270965 -0.654313 0.706011
    outer loop
      vertex -17.3402 17.9083 0.6
      vertex -17.3989 18.7472 1.4
      vertex -17.7034 18.6211 1.4
    endloop
  endfacet
  facet normal 0.271086 -0.654285 0.705991
    outer loop
      vertex -17.3402 17.9083 0.6
      vertex -17.1517 17.9864 0.6
      vertex -17.3989 18.7472 1.4
    endloop
  endfacet
  facet normal -0.654285 -0.271086 0.705991
    outer loop
      vertex 17.9864 17.1517 0.6
      vertex 18.7472 17.3989 1.4
      vertex 17.9083 17.3402 0.6
    endloop
  endfacet
  facet normal 0.382611 -0.92391 0
    outer loop
      vertex -17.7034 18.6211 1.4
      vertex -17.3989 18.7472 3.2
      vertex -17.7034 18.6211 3.2
    endloop
  endfacet
  facet normal 0.382611 -0.92391 0
    outer loop
      vertex -17.3989 18.7472 3.2
      vertex -17.7034 18.6211 1.4
      vertex -17.3989 18.7472 1.4
    endloop
  endfacet
  facet normal -0.603789 0.37012 0.70601
    outer loop
      vertex 18.6211 -17.7034 1.4
      vertex 17.9083 -17.3402 0.6
      vertex 17.8017 -17.5141 0.6
    endloop
  endfacet
  facet normal 0.459994 -0.538453 0.706027
    outer loop
      vertex -17.6692 17.6692 0.6
      vertex -17.5141 17.8017 0.6
      vertex -18.2349 18.2349 1.4
    endloop
  endfacet
  facet normal -0.654313 0.270965 0.706011
    outer loop
      vertex 18.6211 -17.7034 1.4
      vertex 18.7472 -17.3989 1.4
      vertex 17.9083 -17.3402 0.6
    endloop
  endfacet
  facet normal -0.603782 -0.370136 0.706007
    outer loop
      vertex 18.6211 17.7034 1.4
      vertex 18.4489 17.9843 1.4
      vertex 17.8017 17.5141 0.6
    endloop
  endfacet
  facet normal -0.706027 -0.0556654 0.705994
    outer loop
      vertex 18.85 16.75 1.4
      vertex 18.8241 17.0785 1.4
      vertex 18.034 16.9534 0.6
    endloop
  endfacet
  facet normal -0.688665 -0.165288 0.705989
    outer loop
      vertex 18.8241 17.0785 1.4
      vertex 18.7472 17.3989 1.4
      vertex 18.034 16.9534 0.6
    endloop
  endfacet
  facet normal 0.16528 0.688629 0.706026
    outer loop
      vertex -17.4148 -20.9477 5.35
      vertex -17.0785 -18.8241 3.2
      vertex -17.3989 -18.7472 3.2
    endloop
  endfacet
  facet normal 0.165333 0.688623 0.70602
    outer loop
      vertex -17.4148 -20.9477 5.35
      vertex -17.3989 -18.7472 3.2
      vertex -18.0633 -20.792 5.35
    endloop
  endfacet
  facet normal 0.705992 0.0556627 0.706029
    outer loop
      vertex -20.9477 -17.4148 5.35
      vertex -18.8241 -17.0785 3.2
      vertex -18.85 -16.75 3.2
    endloop
  endfacet
  facet normal 0.0555424 0.706015 0.706015
    outer loop
      vertex -16.75 -21 5.35
      vertex -16.75 -18.85 3.2
      vertex -17.4148 -20.9477 5.35
    endloop
  endfacet
  facet normal 0 -0.707107 0.707107
    outer loop
      vertex -16.75 18.85 3.2
      vertex 16.75 21 5.35
      vertex -16.75 21 5.35
    endloop
  endfacet
  facet normal 0 -0.707107 0.707107
    outer loop
      vertex 16.75 21 5.35
      vertex -16.75 18.85 3.2
      vertex 16.75 18.85 3.2
    endloop
  endfacet
  facet normal 0.459932 0.538516 0.706019
    outer loop
      vertex -19.2481 -20.1883 5.35
      vertex -18.2349 -18.2349 3.2
      vertex -19.7552 -19.7552 5.35
    endloop
  endfacet
  facet normal 0.688623 0.165333 0.70602
    outer loop
      vertex -20.792 -18.0633 5.35
      vertex -18.7472 -17.3989 3.2
      vertex -20.9477 -17.4148 5.35
    endloop
  endfacet
  facet normal 0.270978 0.654297 0.706021
    outer loop
      vertex -18.0633 -20.792 5.35
      vertex -17.3989 -18.7472 3.2
      vertex -18.6795 -20.5368 5.35
    endloop
  endfacet
  facet normal 0.538516 -0.459932 0.706019
    outer loop
      vertex -18.2349 18.2349 3.2
      vertex -19.7552 19.7552 5.35
      vertex -20.1883 19.2481 5.35
    endloop
  endfacet
  facet normal 0.45989 0.538544 0.706025
    outer loop
      vertex -19.2481 -20.1883 5.35
      vertex -17.9843 -18.4489 3.2
      vertex -18.2349 -18.2349 3.2
    endloop
  endfacet
  facet normal 0.706015 0.0555424 0.706015
    outer loop
      vertex -20.9477 -17.4148 5.35
      vertex -18.85 -16.75 3.2
      vertex -21 -16.75 5.35
    endloop
  endfacet
  facet normal -0.270978 0.654297 0.706021
    outer loop
      vertex 18.0633 -20.792 5.35
      vertex 18.6795 -20.5368 5.35
      vertex 17.3989 -18.7472 3.2
    endloop
  endfacet
  facet normal -0.603766 0.370126 0.706026
    outer loop
      vertex 20.1883 -19.2481 5.35
      vertex 18.6211 -17.7034 3.2
      vertex 18.4489 -17.9843 3.2
    endloop
  endfacet
  facet normal 0.0556627 -0.705992 0.706029
    outer loop
      vertex -17.0785 18.8241 3.2
      vertex -16.75 18.85 3.2
      vertex -17.4148 20.9477 5.35
    endloop
  endfacet
  facet normal -0.603805 0.370077 0.706019
    outer loop
      vertex 20.1883 -19.2481 5.35
      vertex 20.5368 -18.6795 5.35
      vertex 18.6211 -17.7034 3.2
    endloop
  endfacet
  facet normal -0.654297 -0.270978 0.706021
    outer loop
      vertex 20.792 18.0633 5.35
      vertex 20.5368 18.6795 5.35
      vertex 18.7472 17.3989 3.2
    endloop
  endfacet
  facet normal -0.459932 0.538516 0.706019
    outer loop
      vertex 19.2481 -20.1883 5.35
      vertex 19.7552 -19.7552 5.35
      vertex 18.2349 -18.2349 3.2
    endloop
  endfacet
  facet normal 0.16528 -0.688629 0.706026
    outer loop
      vertex -17.3989 18.7472 3.2
      vertex -17.0785 18.8241 3.2
      vertex -17.4148 20.9477 5.35
    endloop
  endfacet
  facet normal -0.16528 -0.688629 0.706026
    outer loop
      vertex 17.3989 18.7472 3.2
      vertex 17.4148 20.9477 5.35
      vertex 17.0785 18.8241 3.2
    endloop
  endfacet
  facet normal 0.538516 0.459932 0.706019
    outer loop
      vertex -19.7552 -19.7552 5.35
      vertex -18.2349 -18.2349 3.2
      vertex -20.1883 -19.2481 5.35
    endloop
  endfacet
  facet normal -0.0556627 -0.705992 0.706029
    outer loop
      vertex 17.0785 18.8241 3.2
      vertex 17.4148 20.9477 5.35
      vertex 16.75 18.85 3.2
    endloop
  endfacet
  facet normal -0.370126 -0.603766 0.706026
    outer loop
      vertex 17.9843 18.4489 3.2
      vertex 19.2481 20.1883 5.35
      vertex 17.7034 18.6211 3.2
    endloop
  endfacet
  facet normal -0.270962 -0.654306 0.706019
    outer loop
      vertex 17.7034 18.6211 3.2
      vertex 18.6795 20.5368 5.35
      vertex 17.3989 18.7472 3.2
    endloop
  endfacet
  facet normal -0.165333 0.688623 0.70602
    outer loop
      vertex 17.4148 -20.9477 5.35
      vertex 18.0633 -20.792 5.35
      vertex 17.3989 -18.7472 3.2
    endloop
  endfacet
  facet normal -0.707107 0 0.707107
    outer loop
      vertex 18.85 -16.75 3.2
      vertex 21 16.75 5.35
      vertex 18.85 16.75 3.2
    endloop
  endfacet
  facet normal -0.707107 0 0.707107
    outer loop
      vertex 21 16.75 5.35
      vertex 18.85 -16.75 3.2
      vertex 21 -16.75 5.35
    endloop
  endfacet
  facet normal -0.706015 0.0555424 0.706015
    outer loop
      vertex 20.9477 -17.4148 5.35
      vertex 21 -16.75 5.35
      vertex 18.85 -16.75 3.2
    endloop
  endfacet
  facet normal 0.707107 -0 0.707107
    outer loop
      vertex -21 -16.75 5.35
      vertex -18.85 16.75 3.2
      vertex -21 16.75 5.35
    endloop
  endfacet
  facet normal 0.707107 0 0.707107
    outer loop
      vertex -18.85 16.75 3.2
      vertex -21 -16.75 5.35
      vertex -18.85 -16.75 3.2
    endloop
  endfacet
  facet normal -0.705992 -0.0556627 0.706029
    outer loop
      vertex 18.85 16.75 3.2
      vertex 20.9477 17.4148 5.35
      vertex 18.8241 17.0785 3.2
    endloop
  endfacet
  facet normal -0.538516 0.459932 0.706019
    outer loop
      vertex 19.7552 -19.7552 5.35
      vertex 20.1883 -19.2481 5.35
      vertex 18.2349 -18.2349 3.2
    endloop
  endfacet
  facet normal -0.0555424 -0.706015 0.706015
    outer loop
      vertex 17.4148 20.9477 5.35
      vertex 16.75 21 5.35
      vertex 16.75 18.85 3.2
    endloop
  endfacet
  facet normal 0.603805 0.370077 0.706019
    outer loop
      vertex -20.1883 -19.2481 5.35
      vertex -18.6211 -17.7034 3.2
      vertex -20.5368 -18.6795 5.35
    endloop
  endfacet
  facet normal -0.654306 0.270962 0.706019
    outer loop
      vertex 20.5368 -18.6795 5.35
      vertex 18.7472 -17.3989 3.2
      vertex 18.6211 -17.7034 3.2
    endloop
  endfacet
  facet normal 0.706015 -0.0555424 0.706015
    outer loop
      vertex -18.85 16.75 3.2
      vertex -20.9477 17.4148 5.35
      vertex -21 16.75 5.35
    endloop
  endfacet
  facet normal -0.654306 -0.270962 0.706019
    outer loop
      vertex 18.7472 17.3989 3.2
      vertex 20.5368 18.6795 5.35
      vertex 18.6211 17.7034 3.2
    endloop
  endfacet
  facet normal 0.0556627 0.705992 0.706029
    outer loop
      vertex -17.4148 -20.9477 5.35
      vertex -16.75 -18.85 3.2
      vertex -17.0785 -18.8241 3.2
    endloop
  endfacet
  facet normal -0.45989 -0.538544 0.706025
    outer loop
      vertex 18.2349 18.2349 3.2
      vertex 19.2481 20.1883 5.35
      vertex 17.9843 18.4489 3.2
    endloop
  endfacet
  facet normal -0.538516 -0.459932 0.706019
    outer loop
      vertex 20.1883 19.2481 5.35
      vertex 19.7552 19.7552 5.35
      vertex 18.2349 18.2349 3.2
    endloop
  endfacet
  facet normal 0.688623 -0.165333 0.70602
    outer loop
      vertex -18.7472 17.3989 3.2
      vertex -20.792 18.0633 5.35
      vertex -20.9477 17.4148 5.35
    endloop
  endfacet
  facet normal 0 0.707107 0.707107
    outer loop
      vertex 16.75 -18.85 3.2
      vertex -16.75 -21 5.35
      vertex 16.75 -21 5.35
    endloop
  endfacet
  facet normal 0 0.707107 0.707107
    outer loop
      vertex -16.75 -21 5.35
      vertex 16.75 -18.85 3.2
      vertex -16.75 -18.85 3.2
    endloop
  endfacet
  facet normal 0.654297 -0.270978 0.706021
    outer loop
      vertex -18.7472 17.3989 3.2
      vertex -20.5368 18.6795 5.35
      vertex -20.792 18.0633 5.35
    endloop
  endfacet
  facet normal -0.688629 -0.16528 0.706026
    outer loop
      vertex 18.8241 17.0785 3.2
      vertex 20.9477 17.4148 5.35
      vertex 18.7472 17.3989 3.2
    endloop
  endfacet
  facet normal 0.270962 -0.654306 0.706019
    outer loop
      vertex -17.7034 18.6211 3.2
      vertex -17.3989 18.7472 3.2
      vertex -18.6795 20.5368 5.35
    endloop
  endfacet
  facet normal 0.603766 -0.370126 0.706026
    outer loop
      vertex -18.6211 17.7034 3.2
      vertex -18.4489 17.9843 3.2
      vertex -20.1883 19.2481 5.35
    endloop
  endfacet
  facet normal -0.370077 -0.603805 0.706019
    outer loop
      vertex 19.2481 20.1883 5.35
      vertex 18.6795 20.5368 5.35
      vertex 17.7034 18.6211 3.2
    endloop
  endfacet
  facet normal -0.270962 0.654306 0.706019
    outer loop
      vertex 18.6795 -20.5368 5.35
      vertex 17.7034 -18.6211 3.2
      vertex 17.3989 -18.7472 3.2
    endloop
  endfacet
  facet normal 0.654306 0.270962 0.706019
    outer loop
      vertex -20.5368 -18.6795 5.35
      vertex -18.6211 -17.7034 3.2
      vertex -18.7472 -17.3989 3.2
    endloop
  endfacet
  facet normal 0.370126 -0.603766 0.706026
    outer loop
      vertex -17.9843 18.4489 3.2
      vertex -17.7034 18.6211 3.2
      vertex -19.2481 20.1883 5.35
    endloop
  endfacet
  facet normal 0.654306 -0.270962 0.706019
    outer loop
      vertex -18.7472 17.3989 3.2
      vertex -18.6211 17.7034 3.2
      vertex -20.5368 18.6795 5.35
    endloop
  endfacet
  facet normal -0.270978 -0.654297 0.706021
    outer loop
      vertex 18.6795 20.5368 5.35
      vertex 18.0633 20.792 5.35
      vertex 17.3989 18.7472 3.2
    endloop
  endfacet
  facet normal 0.654297 0.270978 0.706021
    outer loop
      vertex -20.5368 -18.6795 5.35
      vertex -18.7472 -17.3989 3.2
      vertex -20.792 -18.0633 5.35
    endloop
  endfacet
  facet normal 0.688629 -0.16528 0.706026
    outer loop
      vertex -18.8241 17.0785 3.2
      vertex -18.7472 17.3989 3.2
      vertex -20.9477 17.4148 5.35
    endloop
  endfacet
  facet normal -0.0556627 0.705992 0.706029
    outer loop
      vertex 17.4148 -20.9477 5.35
      vertex 17.0785 -18.8241 3.2
      vertex 16.75 -18.85 3.2
    endloop
  endfacet
  facet normal 0.688629 0.16528 0.706026
    outer loop
      vertex -20.9477 -17.4148 5.35
      vertex -18.7472 -17.3989 3.2
      vertex -18.8241 -17.0785 3.2
    endloop
  endfacet
  facet normal -0.706015 -0.0555424 0.706015
    outer loop
      vertex 21 16.75 5.35
      vertex 20.9477 17.4148 5.35
      vertex 18.85 16.75 3.2
    endloop
  endfacet
  facet normal -0.45989 0.538544 0.706025
    outer loop
      vertex 19.2481 -20.1883 5.35
      vertex 18.2349 -18.2349 3.2
      vertex 17.9843 -18.4489 3.2
    endloop
  endfacet
  facet normal 0.370126 0.603766 0.706026
    outer loop
      vertex -19.2481 -20.1883 5.35
      vertex -17.7034 -18.6211 3.2
      vertex -17.9843 -18.4489 3.2
    endloop
  endfacet
  facet normal -0.165333 -0.688623 0.70602
    outer loop
      vertex 18.0633 20.792 5.35
      vertex 17.4148 20.9477 5.35
      vertex 17.3989 18.7472 3.2
    endloop
  endfacet
  facet normal -0.0555424 0.706015 0.706015
    outer loop
      vertex 17.4148 -20.9477 5.35
      vertex 16.75 -18.85 3.2
      vertex 16.75 -21 5.35
    endloop
  endfacet
  facet normal -0.654297 0.270978 0.706021
    outer loop
      vertex 20.5368 -18.6795 5.35
      vertex 20.792 -18.0633 5.35
      vertex 18.7472 -17.3989 3.2
    endloop
  endfacet
  facet normal -0.538544 0.45989 0.706025
    outer loop
      vertex 20.1883 -19.2481 5.35
      vertex 18.4489 -17.9843 3.2
      vertex 18.2349 -18.2349 3.2
    endloop
  endfacet
  facet normal -0.688623 0.165333 0.70602
    outer loop
      vertex 20.792 -18.0633 5.35
      vertex 20.9477 -17.4148 5.35
      vertex 18.7472 -17.3989 3.2
    endloop
  endfacet
  facet normal -0.16528 0.688629 0.706026
    outer loop
      vertex 17.4148 -20.9477 5.35
      vertex 17.3989 -18.7472 3.2
      vertex 17.0785 -18.8241 3.2
    endloop
  endfacet
  facet normal 0.165333 -0.688623 0.70602
    outer loop
      vertex -17.3989 18.7472 3.2
      vertex -17.4148 20.9477 5.35
      vertex -18.0633 20.792 5.35
    endloop
  endfacet
  facet normal -0.603805 -0.370077 0.706019
    outer loop
      vertex 20.5368 18.6795 5.35
      vertex 20.1883 19.2481 5.35
      vertex 18.6211 17.7034 3.2
    endloop
  endfacet
  facet normal -0.459932 -0.538516 0.706019
    outer loop
      vertex 19.7552 19.7552 5.35
      vertex 19.2481 20.1883 5.35
      vertex 18.2349 18.2349 3.2
    endloop
  endfacet
  facet normal 0.603766 0.370126 0.706026
    outer loop
      vertex -20.1883 -19.2481 5.35
      vertex -18.4489 -17.9843 3.2
      vertex -18.6211 -17.7034 3.2
    endloop
  endfacet
  facet normal 0.538544 0.45989 0.706025
    outer loop
      vertex -20.1883 -19.2481 5.35
      vertex -18.2349 -18.2349 3.2
      vertex -18.4489 -17.9843 3.2
    endloop
  endfacet
  facet normal 0.370077 0.603805 0.706019
    outer loop
      vertex -18.6795 -20.5368 5.35
      vertex -17.7034 -18.6211 3.2
      vertex -19.2481 -20.1883 5.35
    endloop
  endfacet
  facet normal 0.270962 0.654306 0.706019
    outer loop
      vertex -18.6795 -20.5368 5.35
      vertex -17.3989 -18.7472 3.2
      vertex -17.7034 -18.6211 3.2
    endloop
  endfacet
  facet normal 0.538544 -0.45989 0.706025
    outer loop
      vertex -18.4489 17.9843 3.2
      vertex -18.2349 18.2349 3.2
      vertex -20.1883 19.2481 5.35
    endloop
  endfacet
  facet normal 0.603805 -0.370077 0.706019
    outer loop
      vertex -18.6211 17.7034 3.2
      vertex -20.1883 19.2481 5.35
      vertex -20.5368 18.6795 5.35
    endloop
  endfacet
  facet normal -0.688629 0.16528 0.706026
    outer loop
      vertex 20.9477 -17.4148 5.35
      vertex 18.8241 -17.0785 3.2
      vertex 18.7472 -17.3989 3.2
    endloop
  endfacet
  facet normal 0.705992 -0.0556627 0.706029
    outer loop
      vertex -18.85 16.75 3.2
      vertex -18.8241 17.0785 3.2
      vertex -20.9477 17.4148 5.35
    endloop
  endfacet
  facet normal 0.459932 -0.538516 0.706019
    outer loop
      vertex -18.2349 18.2349 3.2
      vertex -19.2481 20.1883 5.35
      vertex -19.7552 19.7552 5.35
    endloop
  endfacet
  facet normal 0.370077 -0.603805 0.706019
    outer loop
      vertex -17.7034 18.6211 3.2
      vertex -18.6795 20.5368 5.35
      vertex -19.2481 20.1883 5.35
    endloop
  endfacet
  facet normal -0.370126 0.603766 0.706026
    outer loop
      vertex 19.2481 -20.1883 5.35
      vertex 17.9843 -18.4489 3.2
      vertex 17.7034 -18.6211 3.2
    endloop
  endfacet
  facet normal -0.705992 0.0556627 0.706029
    outer loop
      vertex 20.9477 -17.4148 5.35
      vertex 18.85 -16.75 3.2
      vertex 18.8241 -17.0785 3.2
    endloop
  endfacet
  facet normal -0.603766 -0.370126 0.706026
    outer loop
      vertex 18.6211 17.7034 3.2
      vertex 20.1883 19.2481 5.35
      vertex 18.4489 17.9843 3.2
    endloop
  endfacet
  facet normal -0.370077 0.603805 0.706019
    outer loop
      vertex 18.6795 -20.5368 5.35
      vertex 19.2481 -20.1883 5.35
      vertex 17.7034 -18.6211 3.2
    endloop
  endfacet
  facet normal -0.538544 -0.45989 0.706025
    outer loop
      vertex 18.4489 17.9843 3.2
      vertex 20.1883 19.2481 5.35
      vertex 18.2349 18.2349 3.2
    endloop
  endfacet
  facet normal 0.45989 -0.538544 0.706025
    outer loop
      vertex -18.2349 18.2349 3.2
      vertex -17.9843 18.4489 3.2
      vertex -19.2481 20.1883 5.35
    endloop
  endfacet
  facet normal -0.688623 -0.165333 0.70602
    outer loop
      vertex 20.9477 17.4148 5.35
      vertex 20.792 18.0633 5.35
      vertex 18.7472 17.3989 3.2
    endloop
  endfacet
  facet normal 0.0555424 -0.706015 0.706015
    outer loop
      vertex -16.75 18.85 3.2
      vertex -16.75 21 5.35
      vertex -17.4148 20.9477 5.35
    endloop
  endfacet
  facet normal 0.270978 -0.654297 0.706021
    outer loop
      vertex -17.3989 18.7472 3.2
      vertex -18.0633 20.792 5.35
      vertex -18.6795 20.5368 5.35
    endloop
  endfacet
  facet normal -0.165288 0.688665 0.705989
    outer loop
      vertex 17.0785 23.1759 1.4
      vertex 17.3989 23.2528 1.4
      vertex 16.9534 23.966 0.6
    endloop
  endfacet
  facet normal -0.165306 0.688657 0.705992
    outer loop
      vertex 17.3989 23.2528 1.4
      vertex 17.1517 24.0136 0.6
      vertex 16.9534 23.966 0.6
    endloop
  endfacet
  facet normal 0.996906 0.0785993 0
    outer loop
      vertex -18.8241 24.9215 3.2
      vertex -18.85 25.25 1.4
      vertex -18.85 25.25 3.2
    endloop
  endfacet
  facet normal 0.996906 0.0785993 0
    outer loop
      vertex -18.85 25.25 1.4
      vertex -18.8241 24.9215 3.2
      vertex -18.8241 24.9215 1.4
    endloop
  endfacet
  facet normal -0.972385 -0.233384 0
    outer loop
      vertex 18.8241 59.0785 1.4
      vertex 18.7472 59.3989 3.2
      vertex 18.7472 59.3989 1.4
    endloop
  endfacet
  facet normal -0.972385 -0.233384 0
    outer loop
      vertex 18.7472 59.3989 3.2
      vertex 18.8241 59.0785 1.4
      vertex 18.8241 59.0785 3.2
    endloop
  endfacet
  facet normal -0.0555371 0.706015 0.706015
    outer loop
      vertex 16.9534 23.966 0.6
      vertex 16.75 23.95 0.6
      vertex 16.75 23.15 1.4
    endloop
  endfacet
  facet normal 0.688665 0.165288 0.705989
    outer loop
      vertex -18.7472 24.6011 1.4
      vertex -18.034 25.0466 0.6
      vertex -18.8241 24.9215 1.4
    endloop
  endfacet
  facet normal 0.706027 0.0556654 0.705994
    outer loop
      vertex -18.8241 24.9215 1.4
      vertex -18.034 25.0466 0.6
      vertex -18.85 25.25 1.4
    endloop
  endfacet
  facet normal -0.538453 -0.459994 0.706027
    outer loop
      vertex 17.8017 59.5141 0.6
      vertex 18.2349 60.2349 1.4
      vertex 17.6692 59.6692 0.6
    endloop
  endfacet
  facet normal -0.459994 0.538453 0.706027
    outer loop
      vertex 18.2349 23.7651 1.4
      vertex 17.6692 24.3308 0.6
      vertex 17.5141 24.1983 0.6
    endloop
  endfacet
  facet normal -0.0785993 0.996906 0
    outer loop
      vertex 17.0785 23.1759 1.4
      vertex 16.75 23.15 3.2
      vertex 17.0785 23.1759 3.2
    endloop
  endfacet
  facet normal -0.0785993 0.996906 0
    outer loop
      vertex 16.75 23.15 3.2
      vertex 17.0785 23.1759 1.4
      vertex 16.75 23.15 1.4
    endloop
  endfacet
  facet normal 0.972385 0.233384 0
    outer loop
      vertex -18.7472 24.6011 3.2
      vertex -18.8241 24.9215 1.4
      vertex -18.8241 24.9215 3.2
    endloop
  endfacet
  facet normal 0.972385 0.233384 0
    outer loop
      vertex -18.8241 24.9215 1.4
      vertex -18.7472 24.6011 3.2
      vertex -18.7472 24.6011 1.4
    endloop
  endfacet
  facet normal -0.37012 -0.603789 0.70601
    outer loop
      vertex 17.5141 59.8017 0.6
      vertex 17.7034 60.6211 1.4
      vertex 17.3402 59.9083 0.6
    endloop
  endfacet
  facet normal 0.233384 -0.972385 0
    outer loop
      vertex -17.3989 60.7472 1.4
      vertex -17.0785 60.8241 3.2
      vertex -17.3989 60.7472 3.2
    endloop
  endfacet
  facet normal 0.233384 -0.972385 0
    outer loop
      vertex -17.0785 60.8241 3.2
      vertex -17.3989 60.7472 1.4
      vertex -17.0785 60.8241 1.4
    endloop
  endfacet
  facet normal -0.996906 0.0785993 0
    outer loop
      vertex 18.8241 24.9215 1.4
      vertex 18.85 25.25 3.2
      vertex 18.85 25.25 1.4
    endloop
  endfacet
  facet normal -0.996906 0.0785993 0
    outer loop
      vertex 18.85 25.25 3.2
      vertex 18.8241 24.9215 1.4
      vertex 18.8241 24.9215 3.2
    endloop
  endfacet
  facet normal -0.165288 -0.688665 0.705989
    outer loop
      vertex 17.3989 60.7472 1.4
      vertex 17.0785 60.8241 1.4
      vertex 16.9534 60.034 0.6
    endloop
  endfacet
  facet normal -0 0.707107 0.707107
    outer loop
      vertex -16.75 23.95 0.6
      vertex 16.75 23.15 1.4
      vertex 16.75 23.95 0.6
    endloop
  endfacet
  facet normal 0 0.707107 0.707107
    outer loop
      vertex 16.75 23.15 1.4
      vertex -16.75 23.95 0.6
      vertex -16.75 23.15 1.4
    endloop
  endfacet
  facet normal -0.233384 0.972385 0
    outer loop
      vertex 17.3989 23.2528 1.4
      vertex 17.0785 23.1759 3.2
      vertex 17.3989 23.2528 3.2
    endloop
  endfacet
  facet normal -0.233384 0.972385 0
    outer loop
      vertex 17.0785 23.1759 3.2
      vertex 17.3989 23.2528 1.4
      vertex 17.0785 23.1759 1.4
    endloop
  endfacet
  facet normal -0.0556654 0.706027 0.705994
    outer loop
      vertex 17.0785 23.1759 1.4
      vertex 16.9534 23.966 0.6
      vertex 16.75 23.15 1.4
    endloop
  endfacet
  facet normal -0.271086 -0.654285 0.705991
    outer loop
      vertex 17.3402 59.9083 0.6
      vertex 17.3989 60.7472 1.4
      vertex 17.1517 59.9864 0.6
    endloop
  endfacet
  facet normal 0.382611 0.92391 -0
    outer loop
      vertex -17.3989 23.2528 1.4
      vertex -17.7034 23.3789 3.2
      vertex -17.3989 23.2528 3.2
    endloop
  endfacet
  facet normal 0.382611 0.92391 0
    outer loop
      vertex -17.7034 23.3789 3.2
      vertex -17.3989 23.2528 1.4
      vertex -17.7034 23.3789 1.4
    endloop
  endfacet
  facet normal -0.760455 0.649391 0
    outer loop
      vertex 18.2349 23.7651 1.4
      vertex 18.4489 24.0157 3.2
      vertex 18.4489 24.0157 1.4
    endloop
  endfacet
  facet normal -0.760455 0.649391 0
    outer loop
      vertex 18.4489 24.0157 3.2
      vertex 18.2349 23.7651 1.4
      vertex 18.2349 23.7651 3.2
    endloop
  endfacet
  facet normal 0.233384 0.972385 -0
    outer loop
      vertex -17.0785 23.1759 1.4
      vertex -17.3989 23.2528 3.2
      vertex -17.0785 23.1759 3.2
    endloop
  endfacet
  facet normal 0.233384 0.972385 0
    outer loop
      vertex -17.3989 23.2528 3.2
      vertex -17.0785 23.1759 1.4
      vertex -17.3989 23.2528 1.4
    endloop
  endfacet
  facet normal 0.0556654 -0.706027 0.705994
    outer loop
      vertex -16.9534 60.034 0.6
      vertex -16.75 60.85 1.4
      vertex -17.0785 60.8241 1.4
    endloop
  endfacet
  facet normal 0.165306 0.688657 0.705992
    outer loop
      vertex -16.9534 23.966 0.6
      vertex -17.1517 24.0136 0.6
      vertex -17.3989 23.2528 1.4
    endloop
  endfacet
  facet normal -0.270965 0.654313 0.706011
    outer loop
      vertex 17.3989 23.2528 1.4
      vertex 17.7034 23.3789 1.4
      vertex 17.3402 24.0917 0.6
    endloop
  endfacet
  facet normal -0.92391 -0.382611 0
    outer loop
      vertex 18.7472 59.3989 1.4
      vertex 18.6211 59.7034 3.2
      vertex 18.6211 59.7034 1.4
    endloop
  endfacet
  facet normal -0.92391 -0.382611 0
    outer loop
      vertex 18.6211 59.7034 3.2
      vertex 18.7472 59.3989 1.4
      vertex 18.7472 59.3989 3.2
    endloop
  endfacet
  facet normal 0.760455 -0.649391 0
    outer loop
      vertex -18.4489 59.9843 3.2
      vertex -18.2349 60.2349 1.4
      vertex -18.2349 60.2349 3.2
    endloop
  endfacet
  facet normal 0.760455 -0.649391 0
    outer loop
      vertex -18.2349 60.2349 1.4
      vertex -18.4489 59.9843 3.2
      vertex -18.4489 59.9843 1.4
    endloop
  endfacet
  facet normal 0.852553 0.52264 0
    outer loop
      vertex -18.4489 24.0157 3.2
      vertex -18.6211 24.2966 1.4
      vertex -18.6211 24.2966 3.2
    endloop
  endfacet
  facet normal 0.852553 0.52264 0
    outer loop
      vertex -18.6211 24.2966 1.4
      vertex -18.4489 24.0157 3.2
      vertex -18.4489 24.0157 1.4
    endloop
  endfacet
  facet normal -0.972385 0.233384 0
    outer loop
      vertex 18.7472 24.6011 1.4
      vertex 18.8241 24.9215 3.2
      vertex 18.8241 24.9215 1.4
    endloop
  endfacet
  facet normal -0.972385 0.233384 0
    outer loop
      vertex 18.8241 24.9215 3.2
      vertex 18.7472 24.6011 1.4
      vertex 18.7472 24.6011 3.2
    endloop
  endfacet
  facet normal 0.271086 0.654285 0.705991
    outer loop
      vertex -17.1517 24.0136 0.6
      vertex -17.3402 24.0917 0.6
      vertex -17.3989 23.2528 1.4
    endloop
  endfacet
  facet normal 0 1 -0
    outer loop
      vertex 16.75 23.15 1.4
      vertex -16.75 23.15 3.2
      vertex 16.75 23.15 3.2
    endloop
  endfacet
  facet normal 0 1 0
    outer loop
      vertex -16.75 23.15 3.2
      vertex 16.75 23.15 1.4
      vertex -16.75 23.15 1.4
    endloop
  endfacet
  facet normal 0.0555371 -0.706015 0.706015
    outer loop
      vertex -16.75 60.05 0.6
      vertex -16.75 60.85 1.4
      vertex -16.9534 60.034 0.6
    endloop
  endfacet
  facet normal -0.53856 -0.459904 0.706004
    outer loop
      vertex 18.4489 59.9843 1.4
      vertex 18.2349 60.2349 1.4
      vertex 17.8017 59.5141 0.6
    endloop
  endfacet
  facet normal -0.538453 0.459994 0.706027
    outer loop
      vertex 18.2349 23.7651 1.4
      vertex 17.8017 24.4859 0.6
      vertex 17.6692 24.3308 0.6
    endloop
  endfacet
  facet normal 0.0555371 0.706015 0.706015
    outer loop
      vertex -16.75 23.15 1.4
      vertex -16.75 23.95 0.6
      vertex -16.9534 23.966 0.6
    endloop
  endfacet
  facet normal 0 -0.707107 0.707107
    outer loop
      vertex -16.75 60.85 1.4
      vertex 16.75 60.05 0.6
      vertex 16.75 60.85 1.4
    endloop
  endfacet
  facet normal 0 -0.707107 0.707107
    outer loop
      vertex 16.75 60.05 0.6
      vertex -16.75 60.85 1.4
      vertex -16.75 60.05 0.6
    endloop
  endfacet
  facet normal -0.459994 -0.538453 0.706027
    outer loop
      vertex 17.6692 59.6692 0.6
      vertex 18.2349 60.2349 1.4
      vertex 17.5141 59.8017 0.6
    endloop
  endfacet
  facet normal 0 -1 0
    outer loop
      vertex -16.75 60.85 1.4
      vertex 16.75 60.85 3.2
      vertex -16.75 60.85 3.2
    endloop
  endfacet
  facet normal 0 -1 -0
    outer loop
      vertex 16.75 60.85 3.2
      vertex -16.75 60.85 1.4
      vertex 16.75 60.85 1.4
    endloop
  endfacet
  facet normal -0.707107 0 0.707107
    outer loop
      vertex 18.05 58.75 0.6
      vertex 18.85 25.25 1.4
      vertex 18.85 58.75 1.4
    endloop
  endfacet
  facet normal -0.707107 0 0.707107
    outer loop
      vertex 18.85 25.25 1.4
      vertex 18.05 58.75 0.6
      vertex 18.05 25.25 0.6
    endloop
  endfacet
  facet normal 0.459904 -0.53856 0.706004
    outer loop
      vertex -17.5141 59.8017 0.6
      vertex -17.9843 60.4489 1.4
      vertex -18.2349 60.2349 1.4
    endloop
  endfacet
  facet normal 0.688665 -0.165288 0.705989
    outer loop
      vertex -18.034 58.9534 0.6
      vertex -18.7472 59.3989 1.4
      vertex -18.8241 59.0785 1.4
    endloop
  endfacet
  facet normal -0.37012 0.603789 0.70601
    outer loop
      vertex 17.7034 23.3789 1.4
      vertex 17.5141 24.1983 0.6
      vertex 17.3402 24.0917 0.6
    endloop
  endfacet
  facet normal -0.52264 -0.852553 0
    outer loop
      vertex 17.7034 60.6211 1.4
      vertex 17.9843 60.4489 3.2
      vertex 17.7034 60.6211 3.2
    endloop
  endfacet
  facet normal -0.52264 -0.852553 -0
    outer loop
      vertex 17.9843 60.4489 3.2
      vertex 17.7034 60.6211 1.4
      vertex 17.9843 60.4489 1.4
    endloop
  endfacet
  facet normal 0.37012 0.603789 0.70601
    outer loop
      vertex -17.3402 24.0917 0.6
      vertex -17.5141 24.1983 0.6
      vertex -17.7034 23.3789 1.4
    endloop
  endfacet
  facet normal -0.370136 0.603782 0.706007
    outer loop
      vertex 17.7034 23.3789 1.4
      vertex 17.9843 23.5511 1.4
      vertex 17.5141 24.1983 0.6
    endloop
  endfacet
  facet normal 0.603789 0.37012 0.70601
    outer loop
      vertex -17.8017 24.4859 0.6
      vertex -17.9083 24.6598 0.6
      vertex -18.6211 24.2966 1.4
    endloop
  endfacet
  facet normal 0.654313 0.270965 0.706011
    outer loop
      vertex -18.6211 24.2966 1.4
      vertex -17.9083 24.6598 0.6
      vertex -18.7472 24.6011 1.4
    endloop
  endfacet
  facet normal 0.459994 0.538453 0.706027
    outer loop
      vertex -17.5141 24.1983 0.6
      vertex -17.6692 24.3308 0.6
      vertex -18.2349 23.7651 1.4
    endloop
  endfacet
  facet normal 0.52264 0.852553 -0
    outer loop
      vertex -17.7034 23.3789 1.4
      vertex -17.9843 23.5511 3.2
      vertex -17.7034 23.3789 3.2
    endloop
  endfacet
  facet normal 0.52264 0.852553 0
    outer loop
      vertex -17.9843 23.5511 3.2
      vertex -17.7034 23.3789 1.4
      vertex -17.9843 23.5511 1.4
    endloop
  endfacet
  facet normal -0.52264 0.852553 0
    outer loop
      vertex 17.9843 23.5511 1.4
      vertex 17.7034 23.3789 3.2
      vertex 17.9843 23.5511 3.2
    endloop
  endfacet
  facet normal -0.52264 0.852553 0
    outer loop
      vertex 17.7034 23.3789 3.2
      vertex 17.9843 23.5511 1.4
      vertex 17.7034 23.3789 1.4
    endloop
  endfacet
  facet normal 1 -0 0
    outer loop
      vertex -18.85 25.25 3.2
      vertex -18.85 58.75 1.4
      vertex -18.85 58.75 3.2
    endloop
  endfacet
  facet normal 1 0 0
    outer loop
      vertex -18.85 58.75 1.4
      vertex -18.85 25.25 3.2
      vertex -18.85 25.25 1.4
    endloop
  endfacet
  facet normal 0.706015 0.0555371 0.706015
    outer loop
      vertex -18.034 25.0466 0.6
      vertex -18.05 25.25 0.6
      vertex -18.85 25.25 1.4
    endloop
  endfacet
  facet normal 0.270965 0.654313 0.706011
    outer loop
      vertex -17.3989 23.2528 1.4
      vertex -17.3402 24.0917 0.6
      vertex -17.7034 23.3789 1.4
    endloop
  endfacet
  facet normal -1 0 0
    outer loop
      vertex 18.85 25.25 1.4
      vertex 18.85 58.75 3.2
      vertex 18.85 58.75 1.4
    endloop
  endfacet
  facet normal -1 -0 0
    outer loop
      vertex 18.85 58.75 3.2
      vertex 18.85 25.25 1.4
      vertex 18.85 25.25 3.2
    endloop
  endfacet
  facet normal -0.654285 0.271086 0.705991
    outer loop
      vertex 18.7472 24.6011 1.4
      vertex 17.9864 24.8483 0.6
      vertex 17.9083 24.6598 0.6
    endloop
  endfacet
  facet normal 0.706015 -0.0555371 0.706015
    outer loop
      vertex -18.05 58.75 0.6
      vertex -18.034 58.9534 0.6
      vertex -18.85 58.75 1.4
    endloop
  endfacet
  facet normal 0.603782 -0.370136 0.706007
    outer loop
      vertex -17.8017 59.5141 0.6
      vertex -18.4489 59.9843 1.4
      vertex -18.6211 59.7034 1.4
    endloop
  endfacet
  facet normal -0.760455 -0.649391 0
    outer loop
      vertex 18.4489 59.9843 1.4
      vertex 18.2349 60.2349 3.2
      vertex 18.2349 60.2349 1.4
    endloop
  endfacet
  facet normal -0.760455 -0.649391 0
    outer loop
      vertex 18.2349 60.2349 3.2
      vertex 18.4489 59.9843 1.4
      vertex 18.4489 59.9843 3.2
    endloop
  endfacet
  facet normal 0.92391 -0.382611 0
    outer loop
      vertex -18.7472 59.3989 3.2
      vertex -18.6211 59.7034 1.4
      vertex -18.6211 59.7034 3.2
    endloop
  endfacet
  facet normal 0.92391 -0.382611 0
    outer loop
      vertex -18.6211 59.7034 1.4
      vertex -18.7472 59.3989 3.2
      vertex -18.7472 59.3989 1.4
    endloop
  endfacet
  facet normal 0.972385 -0.233384 0
    outer loop
      vertex -18.8241 59.0785 3.2
      vertex -18.7472 59.3989 1.4
      vertex -18.7472 59.3989 3.2
    endloop
  endfacet
  facet normal 0.972385 -0.233384 0
    outer loop
      vertex -18.7472 59.3989 1.4
      vertex -18.8241 59.0785 3.2
      vertex -18.8241 59.0785 1.4
    endloop
  endfacet
  facet normal 0.538453 -0.459994 0.706027
    outer loop
      vertex -17.8017 59.5141 0.6
      vertex -17.6692 59.6692 0.6
      vertex -18.2349 60.2349 1.4
    endloop
  endfacet
  facet normal 0.53856 0.459904 0.706004
    outer loop
      vertex -18.2349 23.7651 1.4
      vertex -17.8017 24.4859 0.6
      vertex -18.4489 24.0157 1.4
    endloop
  endfacet
  facet normal 0.654285 0.271086 0.705991
    outer loop
      vertex -17.9083 24.6598 0.6
      vertex -17.9864 24.8483 0.6
      vertex -18.7472 24.6011 1.4
    endloop
  endfacet
  facet normal 0.688657 -0.165306 0.705992
    outer loop
      vertex -18.034 58.9534 0.6
      vertex -17.9864 59.1517 0.6
      vertex -18.7472 59.3989 1.4
    endloop
  endfacet
  facet normal -0.271086 0.654285 0.705991
    outer loop
      vertex 17.3989 23.2528 1.4
      vertex 17.3402 24.0917 0.6
      vertex 17.1517 24.0136 0.6
    endloop
  endfacet
  facet normal -0.649391 0.760455 0
    outer loop
      vertex 18.2349 23.7651 1.4
      vertex 17.9843 23.5511 3.2
      vertex 18.2349 23.7651 3.2
    endloop
  endfacet
  facet normal -0.649391 0.760455 0
    outer loop
      vertex 17.9843 23.5511 3.2
      vertex 18.2349 23.7651 1.4
      vertex 17.9843 23.5511 1.4
    endloop
  endfacet
  facet normal 0.654313 -0.270965 0.706011
    outer loop
      vertex -17.9083 59.3402 0.6
      vertex -18.6211 59.7034 1.4
      vertex -18.7472 59.3989 1.4
    endloop
  endfacet
  facet normal -0.459904 0.53856 0.706004
    outer loop
      vertex 17.9843 23.5511 1.4
      vertex 18.2349 23.7651 1.4
      vertex 17.5141 24.1983 0.6
    endloop
  endfacet
  facet normal -0.706027 0.0556654 0.705994
    outer loop
      vertex 18.8241 24.9215 1.4
      vertex 18.85 25.25 1.4
      vertex 18.034 25.0466 0.6
    endloop
  endfacet
  facet normal 0.760455 0.649391 0
    outer loop
      vertex -18.2349 23.7651 3.2
      vertex -18.4489 24.0157 1.4
      vertex -18.4489 24.0157 3.2
    endloop
  endfacet
  facet normal 0.760455 0.649391 0
    outer loop
      vertex -18.4489 24.0157 1.4
      vertex -18.2349 23.7651 3.2
      vertex -18.2349 23.7651 1.4
    endloop
  endfacet
  facet normal 0.165288 0.688665 0.705989
    outer loop
      vertex -17.0785 23.1759 1.4
      vertex -16.9534 23.966 0.6
      vertex -17.3989 23.2528 1.4
    endloop
  endfacet
  facet normal 0.649391 -0.760455 0
    outer loop
      vertex -18.2349 60.2349 1.4
      vertex -17.9843 60.4489 3.2
      vertex -18.2349 60.2349 3.2
    endloop
  endfacet
  facet normal 0.649391 -0.760455 0
    outer loop
      vertex -17.9843 60.4489 3.2
      vertex -18.2349 60.2349 1.4
      vertex -17.9843 60.4489 1.4
    endloop
  endfacet
  facet normal 0.370136 -0.603782 0.706007
    outer loop
      vertex -17.5141 59.8017 0.6
      vertex -17.7034 60.6211 1.4
      vertex -17.9843 60.4489 1.4
    endloop
  endfacet
  facet normal 0.688657 0.165306 0.705992
    outer loop
      vertex -17.9864 24.8483 0.6
      vertex -18.034 25.0466 0.6
      vertex -18.7472 24.6011 1.4
    endloop
  endfacet
  facet normal -0.0555371 -0.706015 0.706015
    outer loop
      vertex 16.9534 60.034 0.6
      vertex 16.75 60.85 1.4
      vertex 16.75 60.05 0.6
    endloop
  endfacet
  facet normal -0.852553 0.52264 0
    outer loop
      vertex 18.4489 24.0157 1.4
      vertex 18.6211 24.2966 3.2
      vertex 18.6211 24.2966 1.4
    endloop
  endfacet
  facet normal -0.852553 0.52264 0
    outer loop
      vertex 18.6211 24.2966 3.2
      vertex 18.4489 24.0157 1.4
      vertex 18.4489 24.0157 3.2
    endloop
  endfacet
  facet normal 0.603782 0.370136 0.706007
    outer loop
      vertex -18.4489 24.0157 1.4
      vertex -17.8017 24.4859 0.6
      vertex -18.6211 24.2966 1.4
    endloop
  endfacet
  facet normal 0.538453 0.459994 0.706027
    outer loop
      vertex -17.6692 24.3308 0.6
      vertex -17.8017 24.4859 0.6
      vertex -18.2349 23.7651 1.4
    endloop
  endfacet
  facet normal 0.649391 0.760455 -0
    outer loop
      vertex -17.9843 23.5511 1.4
      vertex -18.2349 23.7651 3.2
      vertex -17.9843 23.5511 3.2
    endloop
  endfacet
  facet normal 0.649391 0.760455 0
    outer loop
      vertex -18.2349 23.7651 3.2
      vertex -17.9843 23.5511 1.4
      vertex -18.2349 23.7651 1.4
    endloop
  endfacet
  facet normal -0.603789 -0.37012 0.70601
    outer loop
      vertex 17.9083 59.3402 0.6
      vertex 18.6211 59.7034 1.4
      vertex 17.8017 59.5141 0.6
    endloop
  endfacet
  facet normal -0.370136 -0.603782 0.706007
    outer loop
      vertex 17.9843 60.4489 1.4
      vertex 17.7034 60.6211 1.4
      vertex 17.5141 59.8017 0.6
    endloop
  endfacet
  facet normal -0.706015 -0.0555371 0.706015
    outer loop
      vertex 18.05 58.75 0.6
      vertex 18.85 58.75 1.4
      vertex 18.034 58.9534 0.6
    endloop
  endfacet
  facet normal -0.270965 -0.654313 0.706011
    outer loop
      vertex 17.7034 60.6211 1.4
      vertex 17.3989 60.7472 1.4
      vertex 17.3402 59.9083 0.6
    endloop
  endfacet
  facet normal 0.459904 0.53856 0.706004
    outer loop
      vertex -17.9843 23.5511 1.4
      vertex -17.5141 24.1983 0.6
      vertex -18.2349 23.7651 1.4
    endloop
  endfacet
  facet normal 0.706027 -0.0556654 0.705994
    outer loop
      vertex -18.034 58.9534 0.6
      vertex -18.8241 59.0785 1.4
      vertex -18.85 58.75 1.4
    endloop
  endfacet
  facet normal 0.370136 0.603782 0.706007
    outer loop
      vertex -17.7034 23.3789 1.4
      vertex -17.5141 24.1983 0.6
      vertex -17.9843 23.5511 1.4
    endloop
  endfacet
  facet normal 0.92391 0.382611 0
    outer loop
      vertex -18.6211 24.2966 3.2
      vertex -18.7472 24.6011 1.4
      vertex -18.7472 24.6011 3.2
    endloop
  endfacet
  facet normal 0.92391 0.382611 0
    outer loop
      vertex -18.7472 24.6011 1.4
      vertex -18.6211 24.2966 3.2
      vertex -18.6211 24.2966 1.4
    endloop
  endfacet
  facet normal 0.37012 -0.603789 0.70601
    outer loop
      vertex -17.5141 59.8017 0.6
      vertex -17.3402 59.9083 0.6
      vertex -17.7034 60.6211 1.4
    endloop
  endfacet
  facet normal -0.0556654 -0.706027 0.705994
    outer loop
      vertex 16.9534 60.034 0.6
      vertex 17.0785 60.8241 1.4
      vertex 16.75 60.85 1.4
    endloop
  endfacet
  facet normal 0.707107 0 0.707107
    outer loop
      vertex -18.85 58.75 1.4
      vertex -18.05 25.25 0.6
      vertex -18.05 58.75 0.6
    endloop
  endfacet
  facet normal 0.707107 0 0.707107
    outer loop
      vertex -18.05 25.25 0.6
      vertex -18.85 58.75 1.4
      vertex -18.85 25.25 1.4
    endloop
  endfacet
  facet normal -0.649391 -0.760455 0
    outer loop
      vertex 17.9843 60.4489 1.4
      vertex 18.2349 60.2349 3.2
      vertex 17.9843 60.4489 3.2
    endloop
  endfacet
  facet normal -0.649391 -0.760455 -0
    outer loop
      vertex 18.2349 60.2349 3.2
      vertex 17.9843 60.4489 1.4
      vertex 18.2349 60.2349 1.4
    endloop
  endfacet
  facet normal 0.53856 -0.459904 0.706004
    outer loop
      vertex -17.8017 59.5141 0.6
      vertex -18.2349 60.2349 1.4
      vertex -18.4489 59.9843 1.4
    endloop
  endfacet
  facet normal 0.0785993 -0.996906 0
    outer loop
      vertex -17.0785 60.8241 1.4
      vertex -16.75 60.85 3.2
      vertex -17.0785 60.8241 3.2
    endloop
  endfacet
  facet normal 0.0785993 -0.996906 0
    outer loop
      vertex -16.75 60.85 3.2
      vertex -17.0785 60.8241 1.4
      vertex -16.75 60.85 1.4
    endloop
  endfacet
  facet normal 0.165306 -0.688657 0.705992
    outer loop
      vertex -17.1517 59.9864 0.6
      vertex -16.9534 60.034 0.6
      vertex -17.3989 60.7472 1.4
    endloop
  endfacet
  facet normal 0.165288 -0.688665 0.705989
    outer loop
      vertex -16.9534 60.034 0.6
      vertex -17.0785 60.8241 1.4
      vertex -17.3989 60.7472 1.4
    endloop
  endfacet
  facet normal -0.654313 -0.270965 0.706011
    outer loop
      vertex 18.7472 59.3989 1.4
      vertex 18.6211 59.7034 1.4
      vertex 17.9083 59.3402 0.6
    endloop
  endfacet
  facet normal -0.459904 -0.53856 0.706004
    outer loop
      vertex 18.2349 60.2349 1.4
      vertex 17.9843 60.4489 1.4
      vertex 17.5141 59.8017 0.6
    endloop
  endfacet
  facet normal -0.233384 -0.972385 0
    outer loop
      vertex 17.0785 60.8241 1.4
      vertex 17.3989 60.7472 3.2
      vertex 17.0785 60.8241 3.2
    endloop
  endfacet
  facet normal -0.233384 -0.972385 -0
    outer loop
      vertex 17.3989 60.7472 3.2
      vertex 17.0785 60.8241 1.4
      vertex 17.3989 60.7472 1.4
    endloop
  endfacet
  facet normal -0.53856 0.459904 0.706004
    outer loop
      vertex 18.2349 23.7651 1.4
      vertex 18.4489 24.0157 1.4
      vertex 17.8017 24.4859 0.6
    endloop
  endfacet
  facet normal -0.0785993 -0.996906 0
    outer loop
      vertex 16.75 60.85 1.4
      vertex 17.0785 60.8241 3.2
      vertex 16.75 60.85 3.2
    endloop
  endfacet
  facet normal -0.0785993 -0.996906 -0
    outer loop
      vertex 17.0785 60.8241 3.2
      vertex 16.75 60.85 1.4
      vertex 17.0785 60.8241 1.4
    endloop
  endfacet
  facet normal -0.382611 0.92391 0
    outer loop
      vertex 17.7034 23.3789 1.4
      vertex 17.3989 23.2528 3.2
      vertex 17.7034 23.3789 3.2
    endloop
  endfacet
  facet normal -0.382611 0.92391 0
    outer loop
      vertex 17.3989 23.2528 3.2
      vertex 17.7034 23.3789 1.4
      vertex 17.3989 23.2528 1.4
    endloop
  endfacet
  facet normal 0.996906 -0.0785993 0
    outer loop
      vertex -18.85 58.75 3.2
      vertex -18.8241 59.0785 1.4
      vertex -18.8241 59.0785 3.2
    endloop
  endfacet
  facet normal 0.996906 -0.0785993 0
    outer loop
      vertex -18.8241 59.0785 1.4
      vertex -18.85 58.75 3.2
      vertex -18.85 58.75 1.4
    endloop
  endfacet
  facet normal -0.688665 0.165288 0.705989
    outer loop
      vertex 18.7472 24.6011 1.4
      vertex 18.8241 24.9215 1.4
      vertex 18.034 25.0466 0.6
    endloop
  endfacet
  facet normal -0.688657 -0.165306 0.705992
    outer loop
      vertex 18.034 58.9534 0.6
      vertex 18.7472 59.3989 1.4
      vertex 17.9864 59.1517 0.6
    endloop
  endfacet
  facet normal 0.52264 -0.852553 0
    outer loop
      vertex -17.9843 60.4489 1.4
      vertex -17.7034 60.6211 3.2
      vertex -17.9843 60.4489 3.2
    endloop
  endfacet
  facet normal 0.52264 -0.852553 0
    outer loop
      vertex -17.7034 60.6211 3.2
      vertex -17.9843 60.4489 1.4
      vertex -17.7034 60.6211 1.4
    endloop
  endfacet
  facet normal -0.603782 0.370136 0.706007
    outer loop
      vertex 18.4489 24.0157 1.4
      vertex 18.6211 24.2966 1.4
      vertex 17.8017 24.4859 0.6
    endloop
  endfacet
  facet normal -0.996906 -0.0785993 0
    outer loop
      vertex 18.85 58.75 1.4
      vertex 18.8241 59.0785 3.2
      vertex 18.8241 59.0785 1.4
    endloop
  endfacet
  facet normal -0.996906 -0.0785993 0
    outer loop
      vertex 18.8241 59.0785 3.2
      vertex 18.85 58.75 1.4
      vertex 18.85 58.75 3.2
    endloop
  endfacet
  facet normal 0.852553 -0.52264 0
    outer loop
      vertex -18.6211 59.7034 3.2
      vertex -18.4489 59.9843 1.4
      vertex -18.4489 59.9843 3.2
    endloop
  endfacet
  facet normal 0.852553 -0.52264 0
    outer loop
      vertex -18.4489 59.9843 1.4
      vertex -18.6211 59.7034 3.2
      vertex -18.6211 59.7034 1.4
    endloop
  endfacet
  facet normal -0.688657 0.165306 0.705992
    outer loop
      vertex 18.7472 24.6011 1.4
      vertex 18.034 25.0466 0.6
      vertex 17.9864 24.8483 0.6
    endloop
  endfacet
  facet normal 0.0556654 0.706027 0.705994
    outer loop
      vertex -16.75 23.15 1.4
      vertex -16.9534 23.966 0.6
      vertex -17.0785 23.1759 1.4
    endloop
  endfacet
  facet normal 0.0785993 0.996906 -0
    outer loop
      vertex -16.75 23.15 1.4
      vertex -17.0785 23.1759 3.2
      vertex -16.75 23.15 3.2
    endloop
  endfacet
  facet normal 0.0785993 0.996906 0
    outer loop
      vertex -17.0785 23.1759 3.2
      vertex -16.75 23.15 1.4
      vertex -17.0785 23.1759 1.4
    endloop
  endfacet
  facet normal -0.382611 -0.92391 0
    outer loop
      vertex 17.3989 60.7472 1.4
      vertex 17.7034 60.6211 3.2
      vertex 17.3989 60.7472 3.2
    endloop
  endfacet
  facet normal -0.382611 -0.92391 -0
    outer loop
      vertex 17.7034 60.6211 3.2
      vertex 17.3989 60.7472 1.4
      vertex 17.7034 60.6211 1.4
    endloop
  endfacet
  facet normal 0.654285 -0.271086 0.705991
    outer loop
      vertex -17.9864 59.1517 0.6
      vertex -17.9083 59.3402 0.6
      vertex -18.7472 59.3989 1.4
    endloop
  endfacet
  facet normal 0.603789 -0.37012 0.70601
    outer loop
      vertex -17.9083 59.3402 0.6
      vertex -17.8017 59.5141 0.6
      vertex -18.6211 59.7034 1.4
    endloop
  endfacet
  facet normal -0.852553 -0.52264 0
    outer loop
      vertex 18.6211 59.7034 1.4
      vertex 18.4489 59.9843 3.2
      vertex 18.4489 59.9843 1.4
    endloop
  endfacet
  facet normal -0.852553 -0.52264 0
    outer loop
      vertex 18.4489 59.9843 3.2
      vertex 18.6211 59.7034 1.4
      vertex 18.6211 59.7034 3.2
    endloop
  endfacet
  facet normal -0.92391 0.382611 0
    outer loop
      vertex 18.6211 24.2966 1.4
      vertex 18.7472 24.6011 3.2
      vertex 18.7472 24.6011 1.4
    endloop
  endfacet
  facet normal -0.92391 0.382611 0
    outer loop
      vertex 18.7472 24.6011 3.2
      vertex 18.6211 24.2966 1.4
      vertex 18.6211 24.2966 3.2
    endloop
  endfacet
  facet normal -0.706015 0.0555371 0.706015
    outer loop
      vertex 18.85 25.25 1.4
      vertex 18.05 25.25 0.6
      vertex 18.034 25.0466 0.6
    endloop
  endfacet
  facet normal 0 0 1
    outer loop
      vertex 16.75 60.05 0.6
      vertex 18.05 58.75 0.6
      vertex 18.034 58.9534 0.6
    endloop
  endfacet
  facet normal 0 0 1
    outer loop
      vertex 18.05 58.75 0.6
      vertex 16.75 60.05 0.6
      vertex 18.05 25.25 0.6
    endloop
  endfacet
  facet normal 0 0 1
    outer loop
      vertex 16.75 60.05 0.6
      vertex 18.034 58.9534 0.6
      vertex 17.9864 59.1517 0.6
    endloop
  endfacet
  facet normal 0 0 1
    outer loop
      vertex 16.75 23.95 0.6
      vertex 18.05 25.25 0.6
      vertex 16.75 60.05 0.6
    endloop
  endfacet
  facet normal 0 0 1
    outer loop
      vertex 16.75 60.05 0.6
      vertex 17.9864 59.1517 0.6
      vertex 17.9083 59.3402 0.6
    endloop
  endfacet
  facet normal 0 0 1
    outer loop
      vertex 18.05 25.25 0.6
      vertex 16.75 23.95 0.6
      vertex 18.034 25.0466 0.6
    endloop
  endfacet
  facet normal 0 0 1
    outer loop
      vertex 16.75 60.05 0.6
      vertex 17.9083 59.3402 0.6
      vertex 17.8017 59.5141 0.6
    endloop
  endfacet
  facet normal 0 0 1
    outer loop
      vertex 18.034 25.0466 0.6
      vertex 16.75 23.95 0.6
      vertex 17.9864 24.8483 0.6
    endloop
  endfacet
  facet normal 0 0 1
    outer loop
      vertex 16.75 60.05 0.6
      vertex 17.8017 59.5141 0.6
      vertex 17.6692 59.6692 0.6
    endloop
  endfacet
  facet normal 0 0 1
    outer loop
      vertex 17.9864 24.8483 0.6
      vertex 16.75 23.95 0.6
      vertex 17.9083 24.6598 0.6
    endloop
  endfacet
  facet normal 0 0 1
    outer loop
      vertex 16.75 60.05 0.6
      vertex 17.6692 59.6692 0.6
      vertex 17.5141 59.8017 0.6
    endloop
  endfacet
  facet normal 0 0 1
    outer loop
      vertex 17.9083 24.6598 0.6
      vertex 16.75 23.95 0.6
      vertex 17.8017 24.4859 0.6
    endloop
  endfacet
  facet normal 0 0 1
    outer loop
      vertex 16.75 60.05 0.6
      vertex 17.5141 59.8017 0.6
      vertex 17.3402 59.9083 0.6
    endloop
  endfacet
  facet normal 0 0 1
    outer loop
      vertex 17.8017 24.4859 0.6
      vertex 16.75 23.95 0.6
      vertex 17.6692 24.3308 0.6
    endloop
  endfacet
  facet normal 0 0 1
    outer loop
      vertex 16.75 60.05 0.6
      vertex 17.3402 59.9083 0.6
      vertex 17.1517 59.9864 0.6
    endloop
  endfacet
  facet normal 0 0 1
    outer loop
      vertex 17.6692 24.3308 0.6
      vertex 16.75 23.95 0.6
      vertex 17.5141 24.1983 0.6
    endloop
  endfacet
  facet normal 0 0 1
    outer loop
      vertex 16.75 60.05 0.6
      vertex 17.1517 59.9864 0.6
      vertex 16.9534 60.034 0.6
    endloop
  endfacet
  facet normal 0 0 1
    outer loop
      vertex 17.5141 24.1983 0.6
      vertex 16.75 23.95 0.6
      vertex 17.3402 24.0917 0.6
    endloop
  endfacet
  facet normal 0 0 1
    outer loop
      vertex 17.3402 24.0917 0.6
      vertex 16.75 23.95 0.6
      vertex 17.1517 24.0136 0.6
    endloop
  endfacet
  facet normal 0 0 1
    outer loop
      vertex 17.1517 24.0136 0.6
      vertex 16.75 23.95 0.6
      vertex 16.9534 23.966 0.6
    endloop
  endfacet
  facet normal -0 0 1
    outer loop
      vertex -16.75 60.05 0.6
      vertex 16.75 23.95 0.6
      vertex 16.75 60.05 0.6
    endloop
  endfacet
  facet normal 0 0 1
    outer loop
      vertex -16.75 60.05 0.6
      vertex -16.75 23.95 0.6
      vertex 16.75 23.95 0.6
    endloop
  endfacet
  facet normal 0 0 1
    outer loop
      vertex -18.05 58.75 0.6
      vertex -16.75 60.05 0.6
      vertex -16.9534 60.034 0.6
    endloop
  endfacet
  facet normal 0 0 1
    outer loop
      vertex -16.75 60.05 0.6
      vertex -18.05 58.75 0.6
      vertex -16.75 23.95 0.6
    endloop
  endfacet
  facet normal 0 0 1
    outer loop
      vertex -18.05 58.75 0.6
      vertex -16.9534 60.034 0.6
      vertex -17.1517 59.9864 0.6
    endloop
  endfacet
  facet normal -0 0 1
    outer loop
      vertex -18.05 25.25 0.6
      vertex -16.75 23.95 0.6
      vertex -18.05 58.75 0.6
    endloop
  endfacet
  facet normal 0 0 1
    outer loop
      vertex -18.05 58.75 0.6
      vertex -17.1517 59.9864 0.6
      vertex -17.3402 59.9083 0.6
    endloop
  endfacet
  facet normal 0 0 1
    outer loop
      vertex -16.75 23.95 0.6
      vertex -18.05 25.25 0.6
      vertex -16.9534 23.966 0.6
    endloop
  endfacet
  facet normal 0 0 1
    outer loop
      vertex -18.05 58.75 0.6
      vertex -17.3402 59.9083 0.6
      vertex -17.5141 59.8017 0.6
    endloop
  endfacet
  facet normal 0 0 1
    outer loop
      vertex -16.9534 23.966 0.6
      vertex -18.05 25.25 0.6
      vertex -17.1517 24.0136 0.6
    endloop
  endfacet
  facet normal 0 0 1
    outer loop
      vertex -18.05 58.75 0.6
      vertex -17.5141 59.8017 0.6
      vertex -17.6692 59.6692 0.6
    endloop
  endfacet
  facet normal 0 0 1
    outer loop
      vertex -17.1517 24.0136 0.6
      vertex -18.05 25.25 0.6
      vertex -17.3402 24.0917 0.6
    endloop
  endfacet
  facet normal 0 0 1
    outer loop
      vertex -18.05 58.75 0.6
      vertex -17.6692 59.6692 0.6
      vertex -17.8017 59.5141 0.6
    endloop
  endfacet
  facet normal 0 0 1
    outer loop
      vertex -17.3402 24.0917 0.6
      vertex -18.05 25.25 0.6
      vertex -17.5141 24.1983 0.6
    endloop
  endfacet
  facet normal 0 0 1
    outer loop
      vertex -18.05 58.75 0.6
      vertex -17.8017 59.5141 0.6
      vertex -17.9083 59.3402 0.6
    endloop
  endfacet
  facet normal 0 0 1
    outer loop
      vertex -17.5141 24.1983 0.6
      vertex -18.05 25.25 0.6
      vertex -17.6692 24.3308 0.6
    endloop
  endfacet
  facet normal 0 0 1
    outer loop
      vertex -18.05 58.75 0.6
      vertex -17.9083 59.3402 0.6
      vertex -17.9864 59.1517 0.6
    endloop
  endfacet
  facet normal 0 0 1
    outer loop
      vertex -17.6692 24.3308 0.6
      vertex -18.05 25.25 0.6
      vertex -17.8017 24.4859 0.6
    endloop
  endfacet
  facet normal 0 0 1
    outer loop
      vertex -18.05 58.75 0.6
      vertex -17.9864 59.1517 0.6
      vertex -18.034 58.9534 0.6
    endloop
  endfacet
  facet normal 0 0 1
    outer loop
      vertex -17.8017 24.4859 0.6
      vertex -18.05 25.25 0.6
      vertex -17.9083 24.6598 0.6
    endloop
  endfacet
  facet normal 0 0 1
    outer loop
      vertex -17.9083 24.6598 0.6
      vertex -18.05 25.25 0.6
      vertex -17.9864 24.8483 0.6
    endloop
  endfacet
  facet normal 0 0 1
    outer loop
      vertex -17.9864 24.8483 0.6
      vertex -18.05 25.25 0.6
      vertex -18.034 25.0466 0.6
    endloop
  endfacet
  facet normal -0.165306 -0.688657 0.705992
    outer loop
      vertex 17.1517 59.9864 0.6
      vertex 17.3989 60.7472 1.4
      vertex 16.9534 60.034 0.6
    endloop
  endfacet
  facet normal 0.270965 -0.654313 0.706011
    outer loop
      vertex -17.3402 59.9083 0.6
      vertex -17.3989 60.7472 1.4
      vertex -17.7034 60.6211 1.4
    endloop
  endfacet
  facet normal 0.271086 -0.654285 0.705991
    outer loop
      vertex -17.3402 59.9083 0.6
      vertex -17.1517 59.9864 0.6
      vertex -17.3989 60.7472 1.4
    endloop
  endfacet
  facet normal -0.654285 -0.271086 0.705991
    outer loop
      vertex 17.9864 59.1517 0.6
      vertex 18.7472 59.3989 1.4
      vertex 17.9083 59.3402 0.6
    endloop
  endfacet
  facet normal 0.382611 -0.92391 0
    outer loop
      vertex -17.7034 60.6211 1.4
      vertex -17.3989 60.7472 3.2
      vertex -17.7034 60.6211 3.2
    endloop
  endfacet
  facet normal 0.382611 -0.92391 0
    outer loop
      vertex -17.3989 60.7472 3.2
      vertex -17.7034 60.6211 1.4
      vertex -17.3989 60.7472 1.4
    endloop
  endfacet
  facet normal -0.603789 0.37012 0.70601
    outer loop
      vertex 18.6211 24.2966 1.4
      vertex 17.9083 24.6598 0.6
      vertex 17.8017 24.4859 0.6
    endloop
  endfacet
  facet normal 0.459994 -0.538453 0.706027
    outer loop
      vertex -17.6692 59.6692 0.6
      vertex -17.5141 59.8017 0.6
      vertex -18.2349 60.2349 1.4
    endloop
  endfacet
  facet normal -0.654313 0.270965 0.706011
    outer loop
      vertex 18.6211 24.2966 1.4
      vertex 18.7472 24.6011 1.4
      vertex 17.9083 24.6598 0.6
    endloop
  endfacet
  facet normal -0.603782 -0.370136 0.706007
    outer loop
      vertex 18.6211 59.7034 1.4
      vertex 18.4489 59.9843 1.4
      vertex 17.8017 59.5141 0.6
    endloop
  endfacet
  facet normal -0.706027 -0.0556654 0.705994
    outer loop
      vertex 18.85 58.75 1.4
      vertex 18.8241 59.0785 1.4
      vertex 18.034 58.9534 0.6
    endloop
  endfacet
  facet normal -0.688665 -0.165288 0.705989
    outer loop
      vertex 18.8241 59.0785 1.4
      vertex 18.7472 59.3989 1.4
      vertex 18.034 58.9534 0.6
    endloop
  endfacet
  facet normal 0.16528 0.688629 0.706026
    outer loop
      vertex -17.4148 21.0523 5.35
      vertex -17.0785 23.1759 3.2
      vertex -17.3989 23.2528 3.2
    endloop
  endfacet
  facet normal 0.165333 0.688623 0.70602
    outer loop
      vertex -17.4148 21.0523 5.35
      vertex -17.3989 23.2528 3.2
      vertex -18.0633 21.208 5.35
    endloop
  endfacet
  facet normal 0.705992 0.0556627 0.706029
    outer loop
      vertex -20.9477 24.5852 5.35
      vertex -18.8241 24.9215 3.2
      vertex -18.85 25.25 3.2
    endloop
  endfacet
  facet normal 0.0555424 0.706015 0.706015
    outer loop
      vertex -16.75 21 5.35
      vertex -16.75 23.15 3.2
      vertex -17.4148 21.0523 5.35
    endloop
  endfacet
  facet normal 0 -0.707107 0.707107
    outer loop
      vertex -16.75 60.85 3.2
      vertex 16.75 63 5.35
      vertex -16.75 63 5.35
    endloop
  endfacet
  facet normal 0 -0.707107 0.707107
    outer loop
      vertex 16.75 63 5.35
      vertex -16.75 60.85 3.2
      vertex 16.75 60.85 3.2
    endloop
  endfacet
  facet normal 0.459932 0.538516 0.706019
    outer loop
      vertex -19.2481 21.8117 5.35
      vertex -18.2349 23.7651 3.2
      vertex -19.7552 22.2448 5.35
    endloop
  endfacet
  facet normal 0.688623 0.165333 0.70602
    outer loop
      vertex -20.792 23.9367 5.35
      vertex -18.7472 24.6011 3.2
      vertex -20.9477 24.5852 5.35
    endloop
  endfacet
  facet normal 0.270978 0.654297 0.706021
    outer loop
      vertex -18.0633 21.208 5.35
      vertex -17.3989 23.2528 3.2
      vertex -18.6795 21.4632 5.35
    endloop
  endfacet
  facet normal 0.538516 -0.459932 0.706019
    outer loop
      vertex -18.2349 60.2349 3.2
      vertex -19.7552 61.7552 5.35
      vertex -20.1883 61.2481 5.35
    endloop
  endfacet
  facet normal 0.45989 0.538544 0.706025
    outer loop
      vertex -19.2481 21.8117 5.35
      vertex -17.9843 23.5511 3.2
      vertex -18.2349 23.7651 3.2
    endloop
  endfacet
  facet normal 0.706015 0.0555424 0.706015
    outer loop
      vertex -20.9477 24.5852 5.35
      vertex -18.85 25.25 3.2
      vertex -21 25.25 5.35
    endloop
  endfacet
  facet normal -0.270978 0.654297 0.706021
    outer loop
      vertex 18.0633 21.208 5.35
      vertex 18.6795 21.4632 5.35
      vertex 17.3989 23.2528 3.2
    endloop
  endfacet
  facet normal -0.603766 0.370126 0.706026
    outer loop
      vertex 20.1883 22.7519 5.35
      vertex 18.6211 24.2966 3.2
      vertex 18.4489 24.0157 3.2
    endloop
  endfacet
  facet normal 0.0556627 -0.705992 0.706029
    outer loop
      vertex -17.0785 60.8241 3.2
      vertex -16.75 60.85 3.2
      vertex -17.4148 62.9477 5.35
    endloop
  endfacet
  facet normal -0.603805 0.370077 0.706019
    outer loop
      vertex 20.1883 22.7519 5.35
      vertex 20.5368 23.3205 5.35
      vertex 18.6211 24.2966 3.2
    endloop
  endfacet
  facet normal -0.654297 -0.270978 0.706021
    outer loop
      vertex 20.792 60.0633 5.35
      vertex 20.5368 60.6795 5.35
      vertex 18.7472 59.3989 3.2
    endloop
  endfacet
  facet normal -0.459932 0.538516 0.706019
    outer loop
      vertex 19.2481 21.8117 5.35
      vertex 19.7552 22.2448 5.35
      vertex 18.2349 23.7651 3.2
    endloop
  endfacet
  facet normal 0.16528 -0.688629 0.706026
    outer loop
      vertex -17.3989 60.7472 3.2
      vertex -17.0785 60.8241 3.2
      vertex -17.4148 62.9477 5.35
    endloop
  endfacet
  facet normal -0.16528 -0.688629 0.706026
    outer loop
      vertex 17.3989 60.7472 3.2
      vertex 17.4148 62.9477 5.35
      vertex 17.0785 60.8241 3.2
    endloop
  endfacet
  facet normal 0.538516 0.459932 0.706019
    outer loop
      vertex -19.7552 22.2448 5.35
      vertex -18.2349 23.7651 3.2
      vertex -20.1883 22.7519 5.35
    endloop
  endfacet
  facet normal -0.0556627 -0.705992 0.706029
    outer loop
      vertex 17.0785 60.8241 3.2
      vertex 17.4148 62.9477 5.35
      vertex 16.75 60.85 3.2
    endloop
  endfacet
  facet normal -0.370126 -0.603766 0.706026
    outer loop
      vertex 17.9843 60.4489 3.2
      vertex 19.2481 62.1883 5.35
      vertex 17.7034 60.6211 3.2
    endloop
  endfacet
  facet normal -0.270962 -0.654306 0.706019
    outer loop
      vertex 17.7034 60.6211 3.2
      vertex 18.6795 62.5368 5.35
      vertex 17.3989 60.7472 3.2
    endloop
  endfacet
  facet normal -0.165333 0.688623 0.70602
    outer loop
      vertex 17.4148 21.0523 5.35
      vertex 18.0633 21.208 5.35
      vertex 17.3989 23.2528 3.2
    endloop
  endfacet
  facet normal -0.707107 0 0.707107
    outer loop
      vertex 18.85 25.25 3.2
      vertex 21 58.75 5.35
      vertex 18.85 58.75 3.2
    endloop
  endfacet
  facet normal -0.707107 0 0.707107
    outer loop
      vertex 21 58.75 5.35
      vertex 18.85 25.25 3.2
      vertex 21 25.25 5.35
    endloop
  endfacet
  facet normal -0.706015 0.0555424 0.706015
    outer loop
      vertex 20.9477 24.5852 5.35
      vertex 21 25.25 5.35
      vertex 18.85 25.25 3.2
    endloop
  endfacet
  facet normal 0.707107 -0 0.707107
    outer loop
      vertex -21 25.25 5.35
      vertex -18.85 58.75 3.2
      vertex -21 58.75 5.35
    endloop
  endfacet
  facet normal 0.707107 0 0.707107
    outer loop
      vertex -18.85 58.75 3.2
      vertex -21 25.25 5.35
      vertex -18.85 25.25 3.2
    endloop
  endfacet
  facet normal -0.705992 -0.0556627 0.706029
    outer loop
      vertex 18.85 58.75 3.2
      vertex 20.9477 59.4148 5.35
      vertex 18.8241 59.0785 3.2
    endloop
  endfacet
  facet normal -0.538516 0.459932 0.706019
    outer loop
      vertex 19.7552 22.2448 5.35
      vertex 20.1883 22.7519 5.35
      vertex 18.2349 23.7651 3.2
    endloop
  endfacet
  facet normal -0.0555424 -0.706015 0.706015
    outer loop
      vertex 17.4148 62.9477 5.35
      vertex 16.75 63 5.35
      vertex 16.75 60.85 3.2
    endloop
  endfacet
  facet normal 0.603805 0.370077 0.706019
    outer loop
      vertex -20.1883 22.7519 5.35
      vertex -18.6211 24.2966 3.2
      vertex -20.5368 23.3205 5.35
    endloop
  endfacet
  facet normal -0.654306 0.270962 0.706019
    outer loop
      vertex 20.5368 23.3205 5.35
      vertex 18.7472 24.6011 3.2
      vertex 18.6211 24.2966 3.2
    endloop
  endfacet
  facet normal 0.706015 -0.0555424 0.706015
    outer loop
      vertex -18.85 58.75 3.2
      vertex -20.9477 59.4148 5.35
      vertex -21 58.75 5.35
    endloop
  endfacet
  facet normal -0.654306 -0.270962 0.706019
    outer loop
      vertex 18.7472 59.3989 3.2
      vertex 20.5368 60.6795 5.35
      vertex 18.6211 59.7034 3.2
    endloop
  endfacet
  facet normal 0.0556627 0.705992 0.706029
    outer loop
      vertex -17.4148 21.0523 5.35
      vertex -16.75 23.15 3.2
      vertex -17.0785 23.1759 3.2
    endloop
  endfacet
  facet normal -0.45989 -0.538544 0.706025
    outer loop
      vertex 18.2349 60.2349 3.2
      vertex 19.2481 62.1883 5.35
      vertex 17.9843 60.4489 3.2
    endloop
  endfacet
  facet normal -0.538516 -0.459932 0.706019
    outer loop
      vertex 20.1883 61.2481 5.35
      vertex 19.7552 61.7552 5.35
      vertex 18.2349 60.2349 3.2
    endloop
  endfacet
  facet normal 0.688623 -0.165333 0.70602
    outer loop
      vertex -18.7472 59.3989 3.2
      vertex -20.792 60.0633 5.35
      vertex -20.9477 59.4148 5.35
    endloop
  endfacet
  facet normal 0 0.707107 0.707107
    outer loop
      vertex 16.75 23.15 3.2
      vertex -16.75 21 5.35
      vertex 16.75 21 5.35
    endloop
  endfacet
  facet normal 0 0.707107 0.707107
    outer loop
      vertex -16.75 21 5.35
      vertex 16.75 23.15 3.2
      vertex -16.75 23.15 3.2
    endloop
  endfacet
  facet normal 0.654297 -0.270978 0.706021
    outer loop
      vertex -18.7472 59.3989 3.2
      vertex -20.5368 60.6795 5.35
      vertex -20.792 60.0633 5.35
    endloop
  endfacet
  facet normal -0.688629 -0.16528 0.706026
    outer loop
      vertex 18.8241 59.0785 3.2
      vertex 20.9477 59.4148 5.35
      vertex 18.7472 59.3989 3.2
    endloop
  endfacet
  facet normal 0.270962 -0.654306 0.706019
    outer loop
      vertex -17.7034 60.6211 3.2
      vertex -17.3989 60.7472 3.2
      vertex -18.6795 62.5368 5.35
    endloop
  endfacet
  facet normal 0.603766 -0.370126 0.706026
    outer loop
      vertex -18.6211 59.7034 3.2
      vertex -18.4489 59.9843 3.2
      vertex -20.1883 61.2481 5.35
    endloop
  endfacet
  facet normal -0.370077 -0.603805 0.706019
    outer loop
      vertex 19.2481 62.1883 5.35
      vertex 18.6795 62.5368 5.35
      vertex 17.7034 60.6211 3.2
    endloop
  endfacet
  facet normal -0.270962 0.654306 0.706019
    outer loop
      vertex 18.6795 21.4632 5.35
      vertex 17.7034 23.3789 3.2
      vertex 17.3989 23.2528 3.2
    endloop
  endfacet
  facet normal 0.654306 0.270962 0.706019
    outer loop
      vertex -20.5368 23.3205 5.35
      vertex -18.6211 24.2966 3.2
      vertex -18.7472 24.6011 3.2
    endloop
  endfacet
  facet normal 0.370126 -0.603766 0.706026
    outer loop
      vertex -17.9843 60.4489 3.2
      vertex -17.7034 60.6211 3.2
      vertex -19.2481 62.1883 5.35
    endloop
  endfacet
  facet normal 0.654306 -0.270962 0.706019
    outer loop
      vertex -18.7472 59.3989 3.2
      vertex -18.6211 59.7034 3.2
      vertex -20.5368 60.6795 5.35
    endloop
  endfacet
  facet normal -0.270978 -0.654297 0.706021
    outer loop
      vertex 18.6795 62.5368 5.35
      vertex 18.0633 62.792 5.35
      vertex 17.3989 60.7472 3.2
    endloop
  endfacet
  facet normal 0.654297 0.270978 0.706021
    outer loop
      vertex -20.5368 23.3205 5.35
      vertex -18.7472 24.6011 3.2
      vertex -20.792 23.9367 5.35
    endloop
  endfacet
  facet normal 0.688629 -0.16528 0.706026
    outer loop
      vertex -18.8241 59.0785 3.2
      vertex -18.7472 59.3989 3.2
      vertex -20.9477 59.4148 5.35
    endloop
  endfacet
  facet normal -0.0556627 0.705992 0.706029
    outer loop
      vertex 17.4148 21.0523 5.35
      vertex 17.0785 23.1759 3.2
      vertex 16.75 23.15 3.2
    endloop
  endfacet
  facet normal 0.688629 0.16528 0.706026
    outer loop
      vertex -20.9477 24.5852 5.35
      vertex -18.7472 24.6011 3.2
      vertex -18.8241 24.9215 3.2
    endloop
  endfacet
  facet normal -0.706015 -0.0555424 0.706015
    outer loop
      vertex 21 58.75 5.35
      vertex 20.9477 59.4148 5.35
      vertex 18.85 58.75 3.2
    endloop
  endfacet
  facet normal -0.45989 0.538544 0.706025
    outer loop
      vertex 19.2481 21.8117 5.35
      vertex 18.2349 23.7651 3.2
      vertex 17.9843 23.5511 3.2
    endloop
  endfacet
  facet normal 0.370126 0.603766 0.706026
    outer loop
      vertex -19.2481 21.8117 5.35
      vertex -17.7034 23.3789 3.2
      vertex -17.9843 23.5511 3.2
    endloop
  endfacet
  facet normal -0.165333 -0.688623 0.70602
    outer loop
      vertex 18.0633 62.792 5.35
      vertex 17.4148 62.9477 5.35
      vertex 17.3989 60.7472 3.2
    endloop
  endfacet
  facet normal -0.0555424 0.706015 0.706015
    outer loop
      vertex 17.4148 21.0523 5.35
      vertex 16.75 23.15 3.2
      vertex 16.75 21 5.35
    endloop
  endfacet
  facet normal -0.654297 0.270978 0.706021
    outer loop
      vertex 20.5368 23.3205 5.35
      vertex 20.792 23.9367 5.35
      vertex 18.7472 24.6011 3.2
    endloop
  endfacet
  facet normal -0.538544 0.45989 0.706025
    outer loop
      vertex 20.1883 22.7519 5.35
      vertex 18.4489 24.0157 3.2
      vertex 18.2349 23.7651 3.2
    endloop
  endfacet
  facet normal -0.688623 0.165333 0.70602
    outer loop
      vertex 20.792 23.9367 5.35
      vertex 20.9477 24.5852 5.35
      vertex 18.7472 24.6011 3.2
    endloop
  endfacet
  facet normal -0.16528 0.688629 0.706026
    outer loop
      vertex 17.4148 21.0523 5.35
      vertex 17.3989 23.2528 3.2
      vertex 17.0785 23.1759 3.2
    endloop
  endfacet
  facet normal 0.165333 -0.688623 0.70602
    outer loop
      vertex -17.3989 60.7472 3.2
      vertex -17.4148 62.9477 5.35
      vertex -18.0633 62.792 5.35
    endloop
  endfacet
  facet normal -0.603805 -0.370077 0.706019
    outer loop
      vertex 20.5368 60.6795 5.35
      vertex 20.1883 61.2481 5.35
      vertex 18.6211 59.7034 3.2
    endloop
  endfacet
  facet normal -0.459932 -0.538516 0.706019
    outer loop
      vertex 19.7552 61.7552 5.35
      vertex 19.2481 62.1883 5.35
      vertex 18.2349 60.2349 3.2
    endloop
  endfacet
  facet normal 0.603766 0.370126 0.706026
    outer loop
      vertex -20.1883 22.7519 5.35
      vertex -18.4489 24.0157 3.2
      vertex -18.6211 24.2966 3.2
    endloop
  endfacet
  facet normal 0.538544 0.45989 0.706025
    outer loop
      vertex -20.1883 22.7519 5.35
      vertex -18.2349 23.7651 3.2
      vertex -18.4489 24.0157 3.2
    endloop
  endfacet
  facet normal 0.370077 0.603805 0.706019
    outer loop
      vertex -18.6795 21.4632 5.35
      vertex -17.7034 23.3789 3.2
      vertex -19.2481 21.8117 5.35
    endloop
  endfacet
  facet normal 0.270962 0.654306 0.706019
    outer loop
      vertex -18.6795 21.4632 5.35
      vertex -17.3989 23.2528 3.2
      vertex -17.7034 23.3789 3.2
    endloop
  endfacet
  facet normal 0.538544 -0.45989 0.706025
    outer loop
      vertex -18.4489 59.9843 3.2
      vertex -18.2349 60.2349 3.2
      vertex -20.1883 61.2481 5.35
    endloop
  endfacet
  facet normal 0.603805 -0.370077 0.706019
    outer loop
      vertex -18.6211 59.7034 3.2
      vertex -20.1883 61.2481 5.35
      vertex -20.5368 60.6795 5.35
    endloop
  endfacet
  facet normal -0.688629 0.16528 0.706026
    outer loop
      vertex 20.9477 24.5852 5.35
      vertex 18.8241 24.9215 3.2
      vertex 18.7472 24.6011 3.2
    endloop
  endfacet
  facet normal 0.705992 -0.0556627 0.706029
    outer loop
      vertex -18.85 58.75 3.2
      vertex -18.8241 59.0785 3.2
      vertex -20.9477 59.4148 5.35
    endloop
  endfacet
  facet normal 0.459932 -0.538516 0.706019
    outer loop
      vertex -18.2349 60.2349 3.2
      vertex -19.2481 62.1883 5.35
      vertex -19.7552 61.7552 5.35
    endloop
  endfacet
  facet normal 0.370077 -0.603805 0.706019
    outer loop
      vertex -17.7034 60.6211 3.2
      vertex -18.6795 62.5368 5.35
      vertex -19.2481 62.1883 5.35
    endloop
  endfacet
  facet normal -0.370126 0.603766 0.706026
    outer loop
      vertex 19.2481 21.8117 5.35
      vertex 17.9843 23.5511 3.2
      vertex 17.7034 23.3789 3.2
    endloop
  endfacet
  facet normal -0.705992 0.0556627 0.706029
    outer loop
      vertex 20.9477 24.5852 5.35
      vertex 18.85 25.25 3.2
      vertex 18.8241 24.9215 3.2
    endloop
  endfacet
  facet normal -0.603766 -0.370126 0.706026
    outer loop
      vertex 18.6211 59.7034 3.2
      vertex 20.1883 61.2481 5.35
      vertex 18.4489 59.9843 3.2
    endloop
  endfacet
  facet normal -0.370077 0.603805 0.706019
    outer loop
      vertex 18.6795 21.4632 5.35
      vertex 19.2481 21.8117 5.35
      vertex 17.7034 23.3789 3.2
    endloop
  endfacet
  facet normal -0.538544 -0.45989 0.706025
    outer loop
      vertex 18.4489 59.9843 3.2
      vertex 20.1883 61.2481 5.35
      vertex 18.2349 60.2349 3.2
    endloop
  endfacet
  facet normal 0.45989 -0.538544 0.706025
    outer loop
      vertex -18.2349 60.2349 3.2
      vertex -17.9843 60.4489 3.2
      vertex -19.2481 62.1883 5.35
    endloop
  endfacet
  facet normal -0.688623 -0.165333 0.70602
    outer loop
      vertex 20.9477 59.4148 5.35
      vertex 20.792 60.0633 5.35
      vertex 18.7472 59.3989 3.2
    endloop
  endfacet
  facet normal 0.0555424 -0.706015 0.706015
    outer loop
      vertex -16.75 60.85 3.2
      vertex -16.75 63 5.35
      vertex -17.4148 62.9477 5.35
    endloop
  endfacet
  facet normal 0.270978 -0.654297 0.706021
    outer loop
      vertex -17.3989 60.7472 3.2
      vertex -18.0633 62.792 5.35
      vertex -18.6795 62.5368 5.35
    endloop
  endfacet
  facet normal -0.165288 0.688665 0.705989
    outer loop
      vertex 59.0785 -60.8241 1.4
      vertex 59.3989 -60.7472 1.4
      vertex 58.9534 -60.034 0.6
    endloop
  endfacet
  facet normal -0.165306 0.688657 0.705992
    outer loop
      vertex 59.3989 -60.7472 1.4
      vertex 59.1517 -59.9864 0.6
      vertex 58.9534 -60.034 0.6
    endloop
  endfacet
  facet normal 0.996906 0.0785993 0
    outer loop
      vertex 23.1759 -59.0785 3.2
      vertex 23.15 -58.75 1.4
      vertex 23.15 -58.75 3.2
    endloop
  endfacet
  facet normal 0.996906 0.0785993 0
    outer loop
      vertex 23.15 -58.75 1.4
      vertex 23.1759 -59.0785 3.2
      vertex 23.1759 -59.0785 1.4
    endloop
  endfacet
  facet normal -0.972385 -0.233384 0
    outer loop
      vertex 60.8241 -24.9215 1.4
      vertex 60.7472 -24.6011 3.2
      vertex 60.7472 -24.6011 1.4
    endloop
  endfacet
  facet normal -0.972385 -0.233384 0
    outer loop
      vertex 60.7472 -24.6011 3.2
      vertex 60.8241 -24.9215 1.4
      vertex 60.8241 -24.9215 3.2
    endloop
  endfacet
  facet normal -0.0555371 0.706015 0.706015
    outer loop
      vertex 58.9534 -60.034 0.6
      vertex 58.75 -60.05 0.6
      vertex 58.75 -60.85 1.4
    endloop
  endfacet
  facet normal 0.688665 0.165288 0.705989
    outer loop
      vertex 23.2528 -59.3989 1.4
      vertex 23.966 -58.9534 0.6
      vertex 23.1759 -59.0785 1.4
    endloop
  endfacet
  facet normal 0.706027 0.0556654 0.705994
    outer loop
      vertex 23.1759 -59.0785 1.4
      vertex 23.966 -58.9534 0.6
      vertex 23.15 -58.75 1.4
    endloop
  endfacet
  facet normal -0.538453 -0.459994 0.706027
    outer loop
      vertex 59.8017 -24.4859 0.6
      vertex 60.2349 -23.7651 1.4
      vertex 59.6692 -24.3308 0.6
    endloop
  endfacet
  facet normal -0.459994 0.538453 0.706027
    outer loop
      vertex 60.2349 -60.2349 1.4
      vertex 59.6692 -59.6692 0.6
      vertex 59.5141 -59.8017 0.6
    endloop
  endfacet
  facet normal -0.0785993 0.996906 0
    outer loop
      vertex 59.0785 -60.8241 1.4
      vertex 58.75 -60.85 3.2
      vertex 59.0785 -60.8241 3.2
    endloop
  endfacet
  facet normal -0.0785993 0.996906 0
    outer loop
      vertex 58.75 -60.85 3.2
      vertex 59.0785 -60.8241 1.4
      vertex 58.75 -60.85 1.4
    endloop
  endfacet
  facet normal 0.972385 0.233384 0
    outer loop
      vertex 23.2528 -59.3989 3.2
      vertex 23.1759 -59.0785 1.4
      vertex 23.1759 -59.0785 3.2
    endloop
  endfacet
  facet normal 0.972385 0.233384 0
    outer loop
      vertex 23.1759 -59.0785 1.4
      vertex 23.2528 -59.3989 3.2
      vertex 23.2528 -59.3989 1.4
    endloop
  endfacet
  facet normal -0.37012 -0.603789 0.70601
    outer loop
      vertex 59.5141 -24.1983 0.6
      vertex 59.7034 -23.3789 1.4
      vertex 59.3402 -24.0917 0.6
    endloop
  endfacet
  facet normal 0.233384 -0.972385 0
    outer loop
      vertex 24.6011 -23.2528 1.4
      vertex 24.9215 -23.1759 3.2
      vertex 24.6011 -23.2528 3.2
    endloop
  endfacet
  facet normal 0.233384 -0.972385 0
    outer loop
      vertex 24.9215 -23.1759 3.2
      vertex 24.6011 -23.2528 1.4
      vertex 24.9215 -23.1759 1.4
    endloop
  endfacet
  facet normal -0.996906 0.0785993 0
    outer loop
      vertex 60.8241 -59.0785 1.4
      vertex 60.85 -58.75 3.2
      vertex 60.85 -58.75 1.4
    endloop
  endfacet
  facet normal -0.996906 0.0785993 0
    outer loop
      vertex 60.85 -58.75 3.2
      vertex 60.8241 -59.0785 1.4
      vertex 60.8241 -59.0785 3.2
    endloop
  endfacet
  facet normal -0.165288 -0.688665 0.705989
    outer loop
      vertex 59.3989 -23.2528 1.4
      vertex 59.0785 -23.1759 1.4
      vertex 58.9534 -23.966 0.6
    endloop
  endfacet
  facet normal -0 0.707107 0.707107
    outer loop
      vertex 25.25 -60.05 0.6
      vertex 58.75 -60.85 1.4
      vertex 58.75 -60.05 0.6
    endloop
  endfacet
  facet normal 0 0.707107 0.707107
    outer loop
      vertex 58.75 -60.85 1.4
      vertex 25.25 -60.05 0.6
      vertex 25.25 -60.85 1.4
    endloop
  endfacet
  facet normal -0.233384 0.972385 0
    outer loop
      vertex 59.3989 -60.7472 1.4
      vertex 59.0785 -60.8241 3.2
      vertex 59.3989 -60.7472 3.2
    endloop
  endfacet
  facet normal -0.233384 0.972385 0
    outer loop
      vertex 59.0785 -60.8241 3.2
      vertex 59.3989 -60.7472 1.4
      vertex 59.0785 -60.8241 1.4
    endloop
  endfacet
  facet normal -0.0556654 0.706027 0.705994
    outer loop
      vertex 59.0785 -60.8241 1.4
      vertex 58.9534 -60.034 0.6
      vertex 58.75 -60.85 1.4
    endloop
  endfacet
  facet normal -0.271086 -0.654285 0.705991
    outer loop
      vertex 59.3402 -24.0917 0.6
      vertex 59.3989 -23.2528 1.4
      vertex 59.1517 -24.0136 0.6
    endloop
  endfacet
  facet normal 0.382611 0.92391 -0
    outer loop
      vertex 24.6011 -60.7472 1.4
      vertex 24.2966 -60.6211 3.2
      vertex 24.6011 -60.7472 3.2
    endloop
  endfacet
  facet normal 0.382611 0.92391 0
    outer loop
      vertex 24.2966 -60.6211 3.2
      vertex 24.6011 -60.7472 1.4
      vertex 24.2966 -60.6211 1.4
    endloop
  endfacet
  facet normal -0.760455 0.649391 0
    outer loop
      vertex 60.2349 -60.2349 1.4
      vertex 60.4489 -59.9843 3.2
      vertex 60.4489 -59.9843 1.4
    endloop
  endfacet
  facet normal -0.760455 0.649391 0
    outer loop
      vertex 60.4489 -59.9843 3.2
      vertex 60.2349 -60.2349 1.4
      vertex 60.2349 -60.2349 3.2
    endloop
  endfacet
  facet normal 0.233384 0.972385 -0
    outer loop
      vertex 24.9215 -60.8241 1.4
      vertex 24.6011 -60.7472 3.2
      vertex 24.9215 -60.8241 3.2
    endloop
  endfacet
  facet normal 0.233384 0.972385 0
    outer loop
      vertex 24.6011 -60.7472 3.2
      vertex 24.9215 -60.8241 1.4
      vertex 24.6011 -60.7472 1.4
    endloop
  endfacet
  facet normal 0.0556654 -0.706027 0.705994
    outer loop
      vertex 25.0466 -23.966 0.6
      vertex 25.25 -23.15 1.4
      vertex 24.9215 -23.1759 1.4
    endloop
  endfacet
  facet normal 0.165306 0.688657 0.705992
    outer loop
      vertex 25.0466 -60.034 0.6
      vertex 24.8483 -59.9864 0.6
      vertex 24.6011 -60.7472 1.4
    endloop
  endfacet
  facet normal -0.270965 0.654313 0.706011
    outer loop
      vertex 59.3989 -60.7472 1.4
      vertex 59.7034 -60.6211 1.4
      vertex 59.3402 -59.9083 0.6
    endloop
  endfacet
  facet normal -0.92391 -0.382611 0
    outer loop
      vertex 60.7472 -24.6011 1.4
      vertex 60.6211 -24.2966 3.2
      vertex 60.6211 -24.2966 1.4
    endloop
  endfacet
  facet normal -0.92391 -0.382611 0
    outer loop
      vertex 60.6211 -24.2966 3.2
      vertex 60.7472 -24.6011 1.4
      vertex 60.7472 -24.6011 3.2
    endloop
  endfacet
  facet normal 0.760455 -0.649391 0
    outer loop
      vertex 23.5511 -24.0157 3.2
      vertex 23.7651 -23.7651 1.4
      vertex 23.7651 -23.7651 3.2
    endloop
  endfacet
  facet normal 0.760455 -0.649391 0
    outer loop
      vertex 23.7651 -23.7651 1.4
      vertex 23.5511 -24.0157 3.2
      vertex 23.5511 -24.0157 1.4
    endloop
  endfacet
  facet normal 0.852553 0.52264 0
    outer loop
      vertex 23.5511 -59.9843 3.2
      vertex 23.3789 -59.7034 1.4
      vertex 23.3789 -59.7034 3.2
    endloop
  endfacet
  facet normal 0.852553 0.52264 0
    outer loop
      vertex 23.3789 -59.7034 1.4
      vertex 23.5511 -59.9843 3.2
      vertex 23.5511 -59.9843 1.4
    endloop
  endfacet
  facet normal -0.972385 0.233384 0
    outer loop
      vertex 60.7472 -59.3989 1.4
      vertex 60.8241 -59.0785 3.2
      vertex 60.8241 -59.0785 1.4
    endloop
  endfacet
  facet normal -0.972385 0.233384 0
    outer loop
      vertex 60.8241 -59.0785 3.2
      vertex 60.7472 -59.3989 1.4
      vertex 60.7472 -59.3989 3.2
    endloop
  endfacet
  facet normal 0.271086 0.654285 0.705991
    outer loop
      vertex 24.8483 -59.9864 0.6
      vertex 24.6598 -59.9083 0.6
      vertex 24.6011 -60.7472 1.4
    endloop
  endfacet
  facet normal 0 1 -0
    outer loop
      vertex 58.75 -60.85 1.4
      vertex 25.25 -60.85 3.2
      vertex 58.75 -60.85 3.2
    endloop
  endfacet
  facet normal 0 1 0
    outer loop
      vertex 25.25 -60.85 3.2
      vertex 58.75 -60.85 1.4
      vertex 25.25 -60.85 1.4
    endloop
  endfacet
  facet normal 0.0555371 -0.706015 0.706015
    outer loop
      vertex 25.25 -23.95 0.6
      vertex 25.25 -23.15 1.4
      vertex 25.0466 -23.966 0.6
    endloop
  endfacet
  facet normal -0.53856 -0.459904 0.706004
    outer loop
      vertex 60.4489 -24.0157 1.4
      vertex 60.2349 -23.7651 1.4
      vertex 59.8017 -24.4859 0.6
    endloop
  endfacet
  facet normal -0.538453 0.459994 0.706027
    outer loop
      vertex 60.2349 -60.2349 1.4
      vertex 59.8017 -59.5141 0.6
      vertex 59.6692 -59.6692 0.6
    endloop
  endfacet
  facet normal 0.0555371 0.706015 0.706015
    outer loop
      vertex 25.25 -60.85 1.4
      vertex 25.25 -60.05 0.6
      vertex 25.0466 -60.034 0.6
    endloop
  endfacet
  facet normal 0 -0.707107 0.707107
    outer loop
      vertex 25.25 -23.15 1.4
      vertex 58.75 -23.95 0.6
      vertex 58.75 -23.15 1.4
    endloop
  endfacet
  facet normal 0 -0.707107 0.707107
    outer loop
      vertex 58.75 -23.95 0.6
      vertex 25.25 -23.15 1.4
      vertex 25.25 -23.95 0.6
    endloop
  endfacet
  facet normal -0.459994 -0.538453 0.706027
    outer loop
      vertex 59.6692 -24.3308 0.6
      vertex 60.2349 -23.7651 1.4
      vertex 59.5141 -24.1983 0.6
    endloop
  endfacet
  facet normal 0 -1 0
    outer loop
      vertex 25.25 -23.15 1.4
      vertex 58.75 -23.15 3.2
      vertex 25.25 -23.15 3.2
    endloop
  endfacet
  facet normal 0 -1 -0
    outer loop
      vertex 58.75 -23.15 3.2
      vertex 25.25 -23.15 1.4
      vertex 58.75 -23.15 1.4
    endloop
  endfacet
  facet normal -0.707107 0 0.707107
    outer loop
      vertex 60.05 -25.25 0.6
      vertex 60.85 -58.75 1.4
      vertex 60.85 -25.25 1.4
    endloop
  endfacet
  facet normal -0.707107 0 0.707107
    outer loop
      vertex 60.85 -58.75 1.4
      vertex 60.05 -25.25 0.6
      vertex 60.05 -58.75 0.6
    endloop
  endfacet
  facet normal 0.459904 -0.53856 0.706004
    outer loop
      vertex 24.4859 -24.1983 0.6
      vertex 24.0157 -23.5511 1.4
      vertex 23.7651 -23.7651 1.4
    endloop
  endfacet
  facet normal 0.688665 -0.165288 0.705989
    outer loop
      vertex 23.966 -25.0466 0.6
      vertex 23.2528 -24.6011 1.4
      vertex 23.1759 -24.9215 1.4
    endloop
  endfacet
  facet normal -0.37012 0.603789 0.70601
    outer loop
      vertex 59.7034 -60.6211 1.4
      vertex 59.5141 -59.8017 0.6
      vertex 59.3402 -59.9083 0.6
    endloop
  endfacet
  facet normal -0.52264 -0.852553 0
    outer loop
      vertex 59.7034 -23.3789 1.4
      vertex 59.9843 -23.5511 3.2
      vertex 59.7034 -23.3789 3.2
    endloop
  endfacet
  facet normal -0.52264 -0.852553 -0
    outer loop
      vertex 59.9843 -23.5511 3.2
      vertex 59.7034 -23.3789 1.4
      vertex 59.9843 -23.5511 1.4
    endloop
  endfacet
  facet normal 0.37012 0.603789 0.70601
    outer loop
      vertex 24.6598 -59.9083 0.6
      vertex 24.4859 -59.8017 0.6
      vertex 24.2966 -60.6211 1.4
    endloop
  endfacet
  facet normal -0.370136 0.603782 0.706007
    outer loop
      vertex 59.7034 -60.6211 1.4
      vertex 59.9843 -60.4489 1.4
      vertex 59.5141 -59.8017 0.6
    endloop
  endfacet
  facet normal 0.603789 0.37012 0.70601
    outer loop
      vertex 24.1983 -59.5141 0.6
      vertex 24.0917 -59.3402 0.6
      vertex 23.3789 -59.7034 1.4
    endloop
  endfacet
  facet normal 0.654313 0.270965 0.706011
    outer loop
      vertex 23.3789 -59.7034 1.4
      vertex 24.0917 -59.3402 0.6
      vertex 23.2528 -59.3989 1.4
    endloop
  endfacet
  facet normal 0.459994 0.538453 0.706027
    outer loop
      vertex 24.4859 -59.8017 0.6
      vertex 24.3308 -59.6692 0.6
      vertex 23.7651 -60.2349 1.4
    endloop
  endfacet
  facet normal 0.52264 0.852553 -0
    outer loop
      vertex 24.2966 -60.6211 1.4
      vertex 24.0157 -60.4489 3.2
      vertex 24.2966 -60.6211 3.2
    endloop
  endfacet
  facet normal 0.52264 0.852553 0
    outer loop
      vertex 24.0157 -60.4489 3.2
      vertex 24.2966 -60.6211 1.4
      vertex 24.0157 -60.4489 1.4
    endloop
  endfacet
  facet normal -0.52264 0.852553 0
    outer loop
      vertex 59.9843 -60.4489 1.4
      vertex 59.7034 -60.6211 3.2
      vertex 59.9843 -60.4489 3.2
    endloop
  endfacet
  facet normal -0.52264 0.852553 0
    outer loop
      vertex 59.7034 -60.6211 3.2
      vertex 59.9843 -60.4489 1.4
      vertex 59.7034 -60.6211 1.4
    endloop
  endfacet
  facet normal 1 -0 0
    outer loop
      vertex 23.15 -58.75 3.2
      vertex 23.15 -25.25 1.4
      vertex 23.15 -25.25 3.2
    endloop
  endfacet
  facet normal 1 0 0
    outer loop
      vertex 23.15 -25.25 1.4
      vertex 23.15 -58.75 3.2
      vertex 23.15 -58.75 1.4
    endloop
  endfacet
  facet normal 0.706015 0.0555371 0.706015
    outer loop
      vertex 23.966 -58.9534 0.6
      vertex 23.95 -58.75 0.6
      vertex 23.15 -58.75 1.4
    endloop
  endfacet
  facet normal 0.270965 0.654313 0.706011
    outer loop
      vertex 24.6011 -60.7472 1.4
      vertex 24.6598 -59.9083 0.6
      vertex 24.2966 -60.6211 1.4
    endloop
  endfacet
  facet normal -1 0 0
    outer loop
      vertex 60.85 -58.75 1.4
      vertex 60.85 -25.25 3.2
      vertex 60.85 -25.25 1.4
    endloop
  endfacet
  facet normal -1 -0 0
    outer loop
      vertex 60.85 -25.25 3.2
      vertex 60.85 -58.75 1.4
      vertex 60.85 -58.75 3.2
    endloop
  endfacet
  facet normal -0.654285 0.271086 0.705991
    outer loop
      vertex 60.7472 -59.3989 1.4
      vertex 59.9864 -59.1517 0.6
      vertex 59.9083 -59.3402 0.6
    endloop
  endfacet
  facet normal 0.706015 -0.0555371 0.706015
    outer loop
      vertex 23.95 -25.25 0.6
      vertex 23.966 -25.0466 0.6
      vertex 23.15 -25.25 1.4
    endloop
  endfacet
  facet normal 0.603782 -0.370136 0.706007
    outer loop
      vertex 24.1983 -24.4859 0.6
      vertex 23.5511 -24.0157 1.4
      vertex 23.3789 -24.2966 1.4
    endloop
  endfacet
  facet normal -0.760455 -0.649391 0
    outer loop
      vertex 60.4489 -24.0157 1.4
      vertex 60.2349 -23.7651 3.2
      vertex 60.2349 -23.7651 1.4
    endloop
  endfacet
  facet normal -0.760455 -0.649391 0
    outer loop
      vertex 60.2349 -23.7651 3.2
      vertex 60.4489 -24.0157 1.4
      vertex 60.4489 -24.0157 3.2
    endloop
  endfacet
  facet normal 0.92391 -0.382611 0
    outer loop
      vertex 23.2528 -24.6011 3.2
      vertex 23.3789 -24.2966 1.4
      vertex 23.3789 -24.2966 3.2
    endloop
  endfacet
  facet normal 0.92391 -0.382611 0
    outer loop
      vertex 23.3789 -24.2966 1.4
      vertex 23.2528 -24.6011 3.2
      vertex 23.2528 -24.6011 1.4
    endloop
  endfacet
  facet normal 0.972385 -0.233384 0
    outer loop
      vertex 23.1759 -24.9215 3.2
      vertex 23.2528 -24.6011 1.4
      vertex 23.2528 -24.6011 3.2
    endloop
  endfacet
  facet normal 0.972385 -0.233384 0
    outer loop
      vertex 23.2528 -24.6011 1.4
      vertex 23.1759 -24.9215 3.2
      vertex 23.1759 -24.9215 1.4
    endloop
  endfacet
  facet normal 0.538453 -0.459994 0.706027
    outer loop
      vertex 24.1983 -24.4859 0.6
      vertex 24.3308 -24.3308 0.6
      vertex 23.7651 -23.7651 1.4
    endloop
  endfacet
  facet normal 0.53856 0.459904 0.706004
    outer loop
      vertex 23.7651 -60.2349 1.4
      vertex 24.1983 -59.5141 0.6
      vertex 23.5511 -59.9843 1.4
    endloop
  endfacet
  facet normal 0.654285 0.271086 0.705991
    outer loop
      vertex 24.0917 -59.3402 0.6
      vertex 24.0136 -59.1517 0.6
      vertex 23.2528 -59.3989 1.4
    endloop
  endfacet
  facet normal 0.688657 -0.165306 0.705992
    outer loop
      vertex 23.966 -25.0466 0.6
      vertex 24.0136 -24.8483 0.6
      vertex 23.2528 -24.6011 1.4
    endloop
  endfacet
  facet normal -0.271086 0.654285 0.705991
    outer loop
      vertex 59.3989 -60.7472 1.4
      vertex 59.3402 -59.9083 0.6
      vertex 59.1517 -59.9864 0.6
    endloop
  endfacet
  facet normal -0.649391 0.760455 0
    outer loop
      vertex 60.2349 -60.2349 1.4
      vertex 59.9843 -60.4489 3.2
      vertex 60.2349 -60.2349 3.2
    endloop
  endfacet
  facet normal -0.649391 0.760455 0
    outer loop
      vertex 59.9843 -60.4489 3.2
      vertex 60.2349 -60.2349 1.4
      vertex 59.9843 -60.4489 1.4
    endloop
  endfacet
  facet normal 0.654313 -0.270965 0.706011
    outer loop
      vertex 24.0917 -24.6598 0.6
      vertex 23.3789 -24.2966 1.4
      vertex 23.2528 -24.6011 1.4
    endloop
  endfacet
  facet normal -0.459904 0.53856 0.706004
    outer loop
      vertex 59.9843 -60.4489 1.4
      vertex 60.2349 -60.2349 1.4
      vertex 59.5141 -59.8017 0.6
    endloop
  endfacet
  facet normal -0.706027 0.0556654 0.705994
    outer loop
      vertex 60.8241 -59.0785 1.4
      vertex 60.85 -58.75 1.4
      vertex 60.034 -58.9534 0.6
    endloop
  endfacet
  facet normal 0.760455 0.649391 0
    outer loop
      vertex 23.7651 -60.2349 3.2
      vertex 23.5511 -59.9843 1.4
      vertex 23.5511 -59.9843 3.2
    endloop
  endfacet
  facet normal 0.760455 0.649391 0
    outer loop
      vertex 23.5511 -59.9843 1.4
      vertex 23.7651 -60.2349 3.2
      vertex 23.7651 -60.2349 1.4
    endloop
  endfacet
  facet normal 0.165288 0.688665 0.705989
    outer loop
      vertex 24.9215 -60.8241 1.4
      vertex 25.0466 -60.034 0.6
      vertex 24.6011 -60.7472 1.4
    endloop
  endfacet
  facet normal 0.649391 -0.760455 0
    outer loop
      vertex 23.7651 -23.7651 1.4
      vertex 24.0157 -23.5511 3.2
      vertex 23.7651 -23.7651 3.2
    endloop
  endfacet
  facet normal 0.649391 -0.760455 0
    outer loop
      vertex 24.0157 -23.5511 3.2
      vertex 23.7651 -23.7651 1.4
      vertex 24.0157 -23.5511 1.4
    endloop
  endfacet
  facet normal 0.370136 -0.603782 0.706007
    outer loop
      vertex 24.4859 -24.1983 0.6
      vertex 24.2966 -23.3789 1.4
      vertex 24.0157 -23.5511 1.4
    endloop
  endfacet
  facet normal 0.688657 0.165306 0.705992
    outer loop
      vertex 24.0136 -59.1517 0.6
      vertex 23.966 -58.9534 0.6
      vertex 23.2528 -59.3989 1.4
    endloop
  endfacet
  facet normal -0.0555371 -0.706015 0.706015
    outer loop
      vertex 58.9534 -23.966 0.6
      vertex 58.75 -23.15 1.4
      vertex 58.75 -23.95 0.6
    endloop
  endfacet
  facet normal -0.852553 0.52264 0
    outer loop
      vertex 60.4489 -59.9843 1.4
      vertex 60.6211 -59.7034 3.2
      vertex 60.6211 -59.7034 1.4
    endloop
  endfacet
  facet normal -0.852553 0.52264 0
    outer loop
      vertex 60.6211 -59.7034 3.2
      vertex 60.4489 -59.9843 1.4
      vertex 60.4489 -59.9843 3.2
    endloop
  endfacet
  facet normal 0.603782 0.370136 0.706007
    outer loop
      vertex 23.5511 -59.9843 1.4
      vertex 24.1983 -59.5141 0.6
      vertex 23.3789 -59.7034 1.4
    endloop
  endfacet
  facet normal 0.538453 0.459994 0.706027
    outer loop
      vertex 24.3308 -59.6692 0.6
      vertex 24.1983 -59.5141 0.6
      vertex 23.7651 -60.2349 1.4
    endloop
  endfacet
  facet normal 0.649391 0.760455 -0
    outer loop
      vertex 24.0157 -60.4489 1.4
      vertex 23.7651 -60.2349 3.2
      vertex 24.0157 -60.4489 3.2
    endloop
  endfacet
  facet normal 0.649391 0.760455 0
    outer loop
      vertex 23.7651 -60.2349 3.2
      vertex 24.0157 -60.4489 1.4
      vertex 23.7651 -60.2349 1.4
    endloop
  endfacet
  facet normal -0.603789 -0.37012 0.70601
    outer loop
      vertex 59.9083 -24.6598 0.6
      vertex 60.6211 -24.2966 1.4
      vertex 59.8017 -24.4859 0.6
    endloop
  endfacet
  facet normal -0.370136 -0.603782 0.706007
    outer loop
      vertex 59.9843 -23.5511 1.4
      vertex 59.7034 -23.3789 1.4
      vertex 59.5141 -24.1983 0.6
    endloop
  endfacet
  facet normal -0.706015 -0.0555371 0.706015
    outer loop
      vertex 60.05 -25.25 0.6
      vertex 60.85 -25.25 1.4
      vertex 60.034 -25.0466 0.6
    endloop
  endfacet
  facet normal -0.270965 -0.654313 0.706011
    outer loop
      vertex 59.7034 -23.3789 1.4
      vertex 59.3989 -23.2528 1.4
      vertex 59.3402 -24.0917 0.6
    endloop
  endfacet
  facet normal 0.459904 0.53856 0.706004
    outer loop
      vertex 24.0157 -60.4489 1.4
      vertex 24.4859 -59.8017 0.6
      vertex 23.7651 -60.2349 1.4
    endloop
  endfacet
  facet normal 0.706027 -0.0556654 0.705994
    outer loop
      vertex 23.966 -25.0466 0.6
      vertex 23.1759 -24.9215 1.4
      vertex 23.15 -25.25 1.4
    endloop
  endfacet
  facet normal 0.370136 0.603782 0.706007
    outer loop
      vertex 24.2966 -60.6211 1.4
      vertex 24.4859 -59.8017 0.6
      vertex 24.0157 -60.4489 1.4
    endloop
  endfacet
  facet normal 0.92391 0.382611 0
    outer loop
      vertex 23.3789 -59.7034 3.2
      vertex 23.2528 -59.3989 1.4
      vertex 23.2528 -59.3989 3.2
    endloop
  endfacet
  facet normal 0.92391 0.382611 0
    outer loop
      vertex 23.2528 -59.3989 1.4
      vertex 23.3789 -59.7034 3.2
      vertex 23.3789 -59.7034 1.4
    endloop
  endfacet
  facet normal 0.37012 -0.603789 0.70601
    outer loop
      vertex 24.4859 -24.1983 0.6
      vertex 24.6598 -24.0917 0.6
      vertex 24.2966 -23.3789 1.4
    endloop
  endfacet
  facet normal -0.0556654 -0.706027 0.705994
    outer loop
      vertex 58.9534 -23.966 0.6
      vertex 59.0785 -23.1759 1.4
      vertex 58.75 -23.15 1.4
    endloop
  endfacet
  facet normal 0.707107 0 0.707107
    outer loop
      vertex 23.15 -25.25 1.4
      vertex 23.95 -58.75 0.6
      vertex 23.95 -25.25 0.6
    endloop
  endfacet
  facet normal 0.707107 0 0.707107
    outer loop
      vertex 23.95 -58.75 0.6
      vertex 23.15 -25.25 1.4
      vertex 23.15 -58.75 1.4
    endloop
  endfacet
  facet normal -0.649391 -0.760455 0
    outer loop
      vertex 59.9843 -23.5511 1.4
      vertex 60.2349 -23.7651 3.2
      vertex 59.9843 -23.5511 3.2
    endloop
  endfacet
  facet normal -0.649391 -0.760455 -0
    outer loop
      vertex 60.2349 -23.7651 3.2
      vertex 59.9843 -23.5511 1.4
      vertex 60.2349 -23.7651 1.4
    endloop
  endfacet
  facet normal 0.53856 -0.459904 0.706004
    outer loop
      vertex 24.1983 -24.4859 0.6
      vertex 23.7651 -23.7651 1.4
      vertex 23.5511 -24.0157 1.4
    endloop
  endfacet
  facet normal 0.0785993 -0.996906 0
    outer loop
      vertex 24.9215 -23.1759 1.4
      vertex 25.25 -23.15 3.2
      vertex 24.9215 -23.1759 3.2
    endloop
  endfacet
  facet normal 0.0785993 -0.996906 0
    outer loop
      vertex 25.25 -23.15 3.2
      vertex 24.9215 -23.1759 1.4
      vertex 25.25 -23.15 1.4
    endloop
  endfacet
  facet normal 0.165306 -0.688657 0.705992
    outer loop
      vertex 24.8483 -24.0136 0.6
      vertex 25.0466 -23.966 0.6
      vertex 24.6011 -23.2528 1.4
    endloop
  endfacet
  facet normal 0.165288 -0.688665 0.705989
    outer loop
      vertex 25.0466 -23.966 0.6
      vertex 24.9215 -23.1759 1.4
      vertex 24.6011 -23.2528 1.4
    endloop
  endfacet
  facet normal -0.654313 -0.270965 0.706011
    outer loop
      vertex 60.7472 -24.6011 1.4
      vertex 60.6211 -24.2966 1.4
      vertex 59.9083 -24.6598 0.6
    endloop
  endfacet
  facet normal -0.459904 -0.53856 0.706004
    outer loop
      vertex 60.2349 -23.7651 1.4
      vertex 59.9843 -23.5511 1.4
      vertex 59.5141 -24.1983 0.6
    endloop
  endfacet
  facet normal -0.233384 -0.972385 0
    outer loop
      vertex 59.0785 -23.1759 1.4
      vertex 59.3989 -23.2528 3.2
      vertex 59.0785 -23.1759 3.2
    endloop
  endfacet
  facet normal -0.233384 -0.972385 -0
    outer loop
      vertex 59.3989 -23.2528 3.2
      vertex 59.0785 -23.1759 1.4
      vertex 59.3989 -23.2528 1.4
    endloop
  endfacet
  facet normal -0.53856 0.459904 0.706004
    outer loop
      vertex 60.2349 -60.2349 1.4
      vertex 60.4489 -59.9843 1.4
      vertex 59.8017 -59.5141 0.6
    endloop
  endfacet
  facet normal -0.0785993 -0.996906 0
    outer loop
      vertex 58.75 -23.15 1.4
      vertex 59.0785 -23.1759 3.2
      vertex 58.75 -23.15 3.2
    endloop
  endfacet
  facet normal -0.0785993 -0.996906 -0
    outer loop
      vertex 59.0785 -23.1759 3.2
      vertex 58.75 -23.15 1.4
      vertex 59.0785 -23.1759 1.4
    endloop
  endfacet
  facet normal -0.382611 0.92391 0
    outer loop
      vertex 59.7034 -60.6211 1.4
      vertex 59.3989 -60.7472 3.2
      vertex 59.7034 -60.6211 3.2
    endloop
  endfacet
  facet normal -0.382611 0.92391 0
    outer loop
      vertex 59.3989 -60.7472 3.2
      vertex 59.7034 -60.6211 1.4
      vertex 59.3989 -60.7472 1.4
    endloop
  endfacet
  facet normal 0.996906 -0.0785993 0
    outer loop
      vertex 23.15 -25.25 3.2
      vertex 23.1759 -24.9215 1.4
      vertex 23.1759 -24.9215 3.2
    endloop
  endfacet
  facet normal 0.996906 -0.0785993 0
    outer loop
      vertex 23.1759 -24.9215 1.4
      vertex 23.15 -25.25 3.2
      vertex 23.15 -25.25 1.4
    endloop
  endfacet
  facet normal -0.688665 0.165288 0.705989
    outer loop
      vertex 60.7472 -59.3989 1.4
      vertex 60.8241 -59.0785 1.4
      vertex 60.034 -58.9534 0.6
    endloop
  endfacet
  facet normal -0.688657 -0.165306 0.705992
    outer loop
      vertex 60.034 -25.0466 0.6
      vertex 60.7472 -24.6011 1.4
      vertex 59.9864 -24.8483 0.6
    endloop
  endfacet
  facet normal 0.52264 -0.852553 0
    outer loop
      vertex 24.0157 -23.5511 1.4
      vertex 24.2966 -23.3789 3.2
      vertex 24.0157 -23.5511 3.2
    endloop
  endfacet
  facet normal 0.52264 -0.852553 0
    outer loop
      vertex 24.2966 -23.3789 3.2
      vertex 24.0157 -23.5511 1.4
      vertex 24.2966 -23.3789 1.4
    endloop
  endfacet
  facet normal -0.603782 0.370136 0.706007
    outer loop
      vertex 60.4489 -59.9843 1.4
      vertex 60.6211 -59.7034 1.4
      vertex 59.8017 -59.5141 0.6
    endloop
  endfacet
  facet normal -0.996906 -0.0785993 0
    outer loop
      vertex 60.85 -25.25 1.4
      vertex 60.8241 -24.9215 3.2
      vertex 60.8241 -24.9215 1.4
    endloop
  endfacet
  facet normal -0.996906 -0.0785993 0
    outer loop
      vertex 60.8241 -24.9215 3.2
      vertex 60.85 -25.25 1.4
      vertex 60.85 -25.25 3.2
    endloop
  endfacet
  facet normal 0.852553 -0.52264 0
    outer loop
      vertex 23.3789 -24.2966 3.2
      vertex 23.5511 -24.0157 1.4
      vertex 23.5511 -24.0157 3.2
    endloop
  endfacet
  facet normal 0.852553 -0.52264 0
    outer loop
      vertex 23.5511 -24.0157 1.4
      vertex 23.3789 -24.2966 3.2
      vertex 23.3789 -24.2966 1.4
    endloop
  endfacet
  facet normal -0.688657 0.165306 0.705992
    outer loop
      vertex 60.7472 -59.3989 1.4
      vertex 60.034 -58.9534 0.6
      vertex 59.9864 -59.1517 0.6
    endloop
  endfacet
  facet normal 0.0556654 0.706027 0.705994
    outer loop
      vertex 25.25 -60.85 1.4
      vertex 25.0466 -60.034 0.6
      vertex 24.9215 -60.8241 1.4
    endloop
  endfacet
  facet normal 0.0785993 0.996906 -0
    outer loop
      vertex 25.25 -60.85 1.4
      vertex 24.9215 -60.8241 3.2
      vertex 25.25 -60.85 3.2
    endloop
  endfacet
  facet normal 0.0785993 0.996906 0
    outer loop
      vertex 24.9215 -60.8241 3.2
      vertex 25.25 -60.85 1.4
      vertex 24.9215 -60.8241 1.4
    endloop
  endfacet
  facet normal -0.382611 -0.92391 0
    outer loop
      vertex 59.3989 -23.2528 1.4
      vertex 59.7034 -23.3789 3.2
      vertex 59.3989 -23.2528 3.2
    endloop
  endfacet
  facet normal -0.382611 -0.92391 -0
    outer loop
      vertex 59.7034 -23.3789 3.2
      vertex 59.3989 -23.2528 1.4
      vertex 59.7034 -23.3789 1.4
    endloop
  endfacet
  facet normal 0.654285 -0.271086 0.705991
    outer loop
      vertex 24.0136 -24.8483 0.6
      vertex 24.0917 -24.6598 0.6
      vertex 23.2528 -24.6011 1.4
    endloop
  endfacet
  facet normal 0.603789 -0.37012 0.70601
    outer loop
      vertex 24.0917 -24.6598 0.6
      vertex 24.1983 -24.4859 0.6
      vertex 23.3789 -24.2966 1.4
    endloop
  endfacet
  facet normal -0.852553 -0.52264 0
    outer loop
      vertex 60.6211 -24.2966 1.4
      vertex 60.4489 -24.0157 3.2
      vertex 60.4489 -24.0157 1.4
    endloop
  endfacet
  facet normal -0.852553 -0.52264 0
    outer loop
      vertex 60.4489 -24.0157 3.2
      vertex 60.6211 -24.2966 1.4
      vertex 60.6211 -24.2966 3.2
    endloop
  endfacet
  facet normal -0.92391 0.382611 0
    outer loop
      vertex 60.6211 -59.7034 1.4
      vertex 60.7472 -59.3989 3.2
      vertex 60.7472 -59.3989 1.4
    endloop
  endfacet
  facet normal -0.92391 0.382611 0
    outer loop
      vertex 60.7472 -59.3989 3.2
      vertex 60.6211 -59.7034 1.4
      vertex 60.6211 -59.7034 3.2
    endloop
  endfacet
  facet normal -0.706015 0.0555371 0.706015
    outer loop
      vertex 60.85 -58.75 1.4
      vertex 60.05 -58.75 0.6
      vertex 60.034 -58.9534 0.6
    endloop
  endfacet
  facet normal 0 0 1
    outer loop
      vertex 58.75 -23.95 0.6
      vertex 60.05 -25.25 0.6
      vertex 60.034 -25.0466 0.6
    endloop
  endfacet
  facet normal 0 0 1
    outer loop
      vertex 60.05 -25.25 0.6
      vertex 58.75 -23.95 0.6
      vertex 60.05 -58.75 0.6
    endloop
  endfacet
  facet normal 0 0 1
    outer loop
      vertex 58.75 -23.95 0.6
      vertex 60.034 -25.0466 0.6
      vertex 59.9864 -24.8483 0.6
    endloop
  endfacet
  facet normal 0 0 1
    outer loop
      vertex 58.75 -60.05 0.6
      vertex 60.05 -58.75 0.6
      vertex 58.75 -23.95 0.6
    endloop
  endfacet
  facet normal 0 0 1
    outer loop
      vertex 58.75 -23.95 0.6
      vertex 59.9864 -24.8483 0.6
      vertex 59.9083 -24.6598 0.6
    endloop
  endfacet
  facet normal 0 0 1
    outer loop
      vertex 60.05 -58.75 0.6
      vertex 58.75 -60.05 0.6
      vertex 60.034 -58.9534 0.6
    endloop
  endfacet
  facet normal 0 0 1
    outer loop
      vertex 58.75 -23.95 0.6
      vertex 59.9083 -24.6598 0.6
      vertex 59.8017 -24.4859 0.6
    endloop
  endfacet
  facet normal 0 0 1
    outer loop
      vertex 60.034 -58.9534 0.6
      vertex 58.75 -60.05 0.6
      vertex 59.9864 -59.1517 0.6
    endloop
  endfacet
  facet normal 0 0 1
    outer loop
      vertex 58.75 -23.95 0.6
      vertex 59.8017 -24.4859 0.6
      vertex 59.6692 -24.3308 0.6
    endloop
  endfacet
  facet normal 0 0 1
    outer loop
      vertex 59.9864 -59.1517 0.6
      vertex 58.75 -60.05 0.6
      vertex 59.9083 -59.3402 0.6
    endloop
  endfacet
  facet normal 0 0 1
    outer loop
      vertex 58.75 -23.95 0.6
      vertex 59.6692 -24.3308 0.6
      vertex 59.5141 -24.1983 0.6
    endloop
  endfacet
  facet normal 0 0 1
    outer loop
      vertex 59.9083 -59.3402 0.6
      vertex 58.75 -60.05 0.6
      vertex 59.8017 -59.5141 0.6
    endloop
  endfacet
  facet normal 0 0 1
    outer loop
      vertex 58.75 -23.95 0.6
      vertex 59.5141 -24.1983 0.6
      vertex 59.3402 -24.0917 0.6
    endloop
  endfacet
  facet normal 0 0 1
    outer loop
      vertex 59.8017 -59.5141 0.6
      vertex 58.75 -60.05 0.6
      vertex 59.6692 -59.6692 0.6
    endloop
  endfacet
  facet normal 0 0 1
    outer loop
      vertex 58.75 -23.95 0.6
      vertex 59.3402 -24.0917 0.6
      vertex 59.1517 -24.0136 0.6
    endloop
  endfacet
  facet normal 0 0 1
    outer loop
      vertex 59.6692 -59.6692 0.6
      vertex 58.75 -60.05 0.6
      vertex 59.5141 -59.8017 0.6
    endloop
  endfacet
  facet normal 0 0 1
    outer loop
      vertex 58.75 -23.95 0.6
      vertex 59.1517 -24.0136 0.6
      vertex 58.9534 -23.966 0.6
    endloop
  endfacet
  facet normal 0 0 1
    outer loop
      vertex 59.5141 -59.8017 0.6
      vertex 58.75 -60.05 0.6
      vertex 59.3402 -59.9083 0.6
    endloop
  endfacet
  facet normal 0 0 1
    outer loop
      vertex 59.3402 -59.9083 0.6
      vertex 58.75 -60.05 0.6
      vertex 59.1517 -59.9864 0.6
    endloop
  endfacet
  facet normal 0 0 1
    outer loop
      vertex 59.1517 -59.9864 0.6
      vertex 58.75 -60.05 0.6
      vertex 58.9534 -60.034 0.6
    endloop
  endfacet
  facet normal -0 0 1
    outer loop
      vertex 25.25 -23.95 0.6
      vertex 58.75 -60.05 0.6
      vertex 58.75 -23.95 0.6
    endloop
  endfacet
  facet normal 0 0 1
    outer loop
      vertex 25.25 -23.95 0.6
      vertex 25.25 -60.05 0.6
      vertex 58.75 -60.05 0.6
    endloop
  endfacet
  facet normal 0 0 1
    outer loop
      vertex 23.95 -25.25 0.6
      vertex 25.25 -23.95 0.6
      vertex 25.0466 -23.966 0.6
    endloop
  endfacet
  facet normal 0 0 1
    outer loop
      vertex 25.25 -23.95 0.6
      vertex 23.95 -25.25 0.6
      vertex 25.25 -60.05 0.6
    endloop
  endfacet
  facet normal 0 0 1
    outer loop
      vertex 23.95 -25.25 0.6
      vertex 25.0466 -23.966 0.6
      vertex 24.8483 -24.0136 0.6
    endloop
  endfacet
  facet normal -0 0 1
    outer loop
      vertex 23.95 -58.75 0.6
      vertex 25.25 -60.05 0.6
      vertex 23.95 -25.25 0.6
    endloop
  endfacet
  facet normal 0 0 1
    outer loop
      vertex 23.95 -25.25 0.6
      vertex 24.8483 -24.0136 0.6
      vertex 24.6598 -24.0917 0.6
    endloop
  endfacet
  facet normal 0 0 1
    outer loop
      vertex 25.25 -60.05 0.6
      vertex 23.95 -58.75 0.6
      vertex 25.0466 -60.034 0.6
    endloop
  endfacet
  facet normal 0 0 1
    outer loop
      vertex 23.95 -25.25 0.6
      vertex 24.6598 -24.0917 0.6
      vertex 24.4859 -24.1983 0.6
    endloop
  endfacet
  facet normal 0 0 1
    outer loop
      vertex 25.0466 -60.034 0.6
      vertex 23.95 -58.75 0.6
      vertex 24.8483 -59.9864 0.6
    endloop
  endfacet
  facet normal 0 0 1
    outer loop
      vertex 23.95 -25.25 0.6
      vertex 24.4859 -24.1983 0.6
      vertex 24.3308 -24.3308 0.6
    endloop
  endfacet
  facet normal 0 0 1
    outer loop
      vertex 24.8483 -59.9864 0.6
      vertex 23.95 -58.75 0.6
      vertex 24.6598 -59.9083 0.6
    endloop
  endfacet
  facet normal 0 0 1
    outer loop
      vertex 23.95 -25.25 0.6
      vertex 24.3308 -24.3308 0.6
      vertex 24.1983 -24.4859 0.6
    endloop
  endfacet
  facet normal 0 0 1
    outer loop
      vertex 24.6598 -59.9083 0.6
      vertex 23.95 -58.75 0.6
      vertex 24.4859 -59.8017 0.6
    endloop
  endfacet
  facet normal 0 0 1
    outer loop
      vertex 23.95 -25.25 0.6
      vertex 24.1983 -24.4859 0.6
      vertex 24.0917 -24.6598 0.6
    endloop
  endfacet
  facet normal 0 0 1
    outer loop
      vertex 24.4859 -59.8017 0.6
      vertex 23.95 -58.75 0.6
      vertex 24.3308 -59.6692 0.6
    endloop
  endfacet
  facet normal 0 0 1
    outer loop
      vertex 23.95 -25.25 0.6
      vertex 24.0917 -24.6598 0.6
      vertex 24.0136 -24.8483 0.6
    endloop
  endfacet
  facet normal 0 0 1
    outer loop
      vertex 24.3308 -59.6692 0.6
      vertex 23.95 -58.75 0.6
      vertex 24.1983 -59.5141 0.6
    endloop
  endfacet
  facet normal 0 0 1
    outer loop
      vertex 23.95 -25.25 0.6
      vertex 24.0136 -24.8483 0.6
      vertex 23.966 -25.0466 0.6
    endloop
  endfacet
  facet normal 0 0 1
    outer loop
      vertex 24.1983 -59.5141 0.6
      vertex 23.95 -58.75 0.6
      vertex 24.0917 -59.3402 0.6
    endloop
  endfacet
  facet normal 0 0 1
    outer loop
      vertex 24.0917 -59.3402 0.6
      vertex 23.95 -58.75 0.6
      vertex 24.0136 -59.1517 0.6
    endloop
  endfacet
  facet normal 0 0 1
    outer loop
      vertex 24.0136 -59.1517 0.6
      vertex 23.95 -58.75 0.6
      vertex 23.966 -58.9534 0.6
    endloop
  endfacet
  facet normal -0.165306 -0.688657 0.705992
    outer loop
      vertex 59.1517 -24.0136 0.6
      vertex 59.3989 -23.2528 1.4
      vertex 58.9534 -23.966 0.6
    endloop
  endfacet
  facet normal 0.270965 -0.654313 0.706011
    outer loop
      vertex 24.6598 -24.0917 0.6
      vertex 24.6011 -23.2528 1.4
      vertex 24.2966 -23.3789 1.4
    endloop
  endfacet
  facet normal 0.271086 -0.654285 0.705991
    outer loop
      vertex 24.6598 -24.0917 0.6
      vertex 24.8483 -24.0136 0.6
      vertex 24.6011 -23.2528 1.4
    endloop
  endfacet
  facet normal -0.654285 -0.271086 0.705991
    outer loop
      vertex 59.9864 -24.8483 0.6
      vertex 60.7472 -24.6011 1.4
      vertex 59.9083 -24.6598 0.6
    endloop
  endfacet
  facet normal 0.382611 -0.92391 0
    outer loop
      vertex 24.2966 -23.3789 1.4
      vertex 24.6011 -23.2528 3.2
      vertex 24.2966 -23.3789 3.2
    endloop
  endfacet
  facet normal 0.382611 -0.92391 0
    outer loop
      vertex 24.6011 -23.2528 3.2
      vertex 24.2966 -23.3789 1.4
      vertex 24.6011 -23.2528 1.4
    endloop
  endfacet
  facet normal -0.603789 0.37012 0.70601
    outer loop
      vertex 60.6211 -59.7034 1.4
      vertex 59.9083 -59.3402 0.6
      vertex 59.8017 -59.5141 0.6
    endloop
  endfacet
  facet normal 0.459994 -0.538453 0.706027
    outer loop
      vertex 24.3308 -24.3308 0.6
      vertex 24.4859 -24.1983 0.6
      vertex 23.7651 -23.7651 1.4
    endloop
  endfacet
  facet normal -0.654313 0.270965 0.706011
    outer loop
      vertex 60.6211 -59.7034 1.4
      vertex 60.7472 -59.3989 1.4
      vertex 59.9083 -59.3402 0.6
    endloop
  endfacet
  facet normal -0.603782 -0.370136 0.706007
    outer loop
      vertex 60.6211 -24.2966 1.4
      vertex 60.4489 -24.0157 1.4
      vertex 59.8017 -24.4859 0.6
    endloop
  endfacet
  facet normal -0.706027 -0.0556654 0.705994
    outer loop
      vertex 60.85 -25.25 1.4
      vertex 60.8241 -24.9215 1.4
      vertex 60.034 -25.0466 0.6
    endloop
  endfacet
  facet normal -0.688665 -0.165288 0.705989
    outer loop
      vertex 60.8241 -24.9215 1.4
      vertex 60.7472 -24.6011 1.4
      vertex 60.034 -25.0466 0.6
    endloop
  endfacet
  facet normal 0.16528 0.688629 0.706026
    outer loop
      vertex 24.5852 -62.9477 5.35
      vertex 24.9215 -60.8241 3.2
      vertex 24.6011 -60.7472 3.2
    endloop
  endfacet
  facet normal 0.165333 0.688623 0.70602
    outer loop
      vertex 24.5852 -62.9477 5.35
      vertex 24.6011 -60.7472 3.2
      vertex 23.9367 -62.792 5.35
    endloop
  endfacet
  facet normal 0.705992 0.0556627 0.706029
    outer loop
      vertex 21.0523 -59.4148 5.35
      vertex 23.1759 -59.0785 3.2
      vertex 23.15 -58.75 3.2
    endloop
  endfacet
  facet normal 0.0555424 0.706015 0.706015
    outer loop
      vertex 25.25 -63 5.35
      vertex 25.25 -60.85 3.2
      vertex 24.5852 -62.9477 5.35
    endloop
  endfacet
  facet normal 0 -0.707107 0.707107
    outer loop
      vertex 25.25 -23.15 3.2
      vertex 58.75 -21 5.35
      vertex 25.25 -21 5.35
    endloop
  endfacet
  facet normal 0 -0.707107 0.707107
    outer loop
      vertex 58.75 -21 5.35
      vertex 25.25 -23.15 3.2
      vertex 58.75 -23.15 3.2
    endloop
  endfacet
  facet normal 0.459932 0.538516 0.706019
    outer loop
      vertex 22.7519 -62.1883 5.35
      vertex 23.7651 -60.2349 3.2
      vertex 22.2448 -61.7552 5.35
    endloop
  endfacet
  facet normal 0.688623 0.165333 0.70602
    outer loop
      vertex 21.208 -60.0633 5.35
      vertex 23.2528 -59.3989 3.2
      vertex 21.0523 -59.4148 5.35
    endloop
  endfacet
  facet normal 0.270978 0.654297 0.706021
    outer loop
      vertex 23.9367 -62.792 5.35
      vertex 24.6011 -60.7472 3.2
      vertex 23.3205 -62.5368 5.35
    endloop
  endfacet
  facet normal 0.538516 -0.459932 0.706019
    outer loop
      vertex 23.7651 -23.7651 3.2
      vertex 22.2448 -22.2448 5.35
      vertex 21.8117 -22.7519 5.35
    endloop
  endfacet
  facet normal 0.45989 0.538544 0.706025
    outer loop
      vertex 22.7519 -62.1883 5.35
      vertex 24.0157 -60.4489 3.2
      vertex 23.7651 -60.2349 3.2
    endloop
  endfacet
  facet normal 0.706015 0.0555424 0.706015
    outer loop
      vertex 21.0523 -59.4148 5.35
      vertex 23.15 -58.75 3.2
      vertex 21 -58.75 5.35
    endloop
  endfacet
  facet normal -0.270978 0.654297 0.706021
    outer loop
      vertex 60.0633 -62.792 5.35
      vertex 60.6795 -62.5368 5.35
      vertex 59.3989 -60.7472 3.2
    endloop
  endfacet
  facet normal -0.603766 0.370126 0.706026
    outer loop
      vertex 62.1883 -61.2481 5.35
      vertex 60.6211 -59.7034 3.2
      vertex 60.4489 -59.9843 3.2
    endloop
  endfacet
  facet normal 0.0556627 -0.705992 0.706029
    outer loop
      vertex 24.9215 -23.1759 3.2
      vertex 25.25 -23.15 3.2
      vertex 24.5852 -21.0523 5.35
    endloop
  endfacet
  facet normal -0.603805 0.370077 0.706019
    outer loop
      vertex 62.1883 -61.2481 5.35
      vertex 62.5368 -60.6795 5.35
      vertex 60.6211 -59.7034 3.2
    endloop
  endfacet
  facet normal -0.654297 -0.270978 0.706021
    outer loop
      vertex 62.792 -23.9367 5.35
      vertex 62.5368 -23.3205 5.35
      vertex 60.7472 -24.6011 3.2
    endloop
  endfacet
  facet normal -0.459932 0.538516 0.706019
    outer loop
      vertex 61.2481 -62.1883 5.35
      vertex 61.7552 -61.7552 5.35
      vertex 60.2349 -60.2349 3.2
    endloop
  endfacet
  facet normal 0.16528 -0.688629 0.706026
    outer loop
      vertex 24.6011 -23.2528 3.2
      vertex 24.9215 -23.1759 3.2
      vertex 24.5852 -21.0523 5.35
    endloop
  endfacet
  facet normal -0.16528 -0.688629 0.706026
    outer loop
      vertex 59.3989 -23.2528 3.2
      vertex 59.4148 -21.0523 5.35
      vertex 59.0785 -23.1759 3.2
    endloop
  endfacet
  facet normal 0.538516 0.459932 0.706019
    outer loop
      vertex 22.2448 -61.7552 5.35
      vertex 23.7651 -60.2349 3.2
      vertex 21.8117 -61.2481 5.35
    endloop
  endfacet
  facet normal -0.0556627 -0.705992 0.706029
    outer loop
      vertex 59.0785 -23.1759 3.2
      vertex 59.4148 -21.0523 5.35
      vertex 58.75 -23.15 3.2
    endloop
  endfacet
  facet normal -0.370126 -0.603766 0.706026
    outer loop
      vertex 59.9843 -23.5511 3.2
      vertex 61.2481 -21.8117 5.35
      vertex 59.7034 -23.3789 3.2
    endloop
  endfacet
  facet normal -0.270962 -0.654306 0.706019
    outer loop
      vertex 59.7034 -23.3789 3.2
      vertex 60.6795 -21.4632 5.35
      vertex 59.3989 -23.2528 3.2
    endloop
  endfacet
  facet normal -0.165333 0.688623 0.70602
    outer loop
      vertex 59.4148 -62.9477 5.35
      vertex 60.0633 -62.792 5.35
      vertex 59.3989 -60.7472 3.2
    endloop
  endfacet
  facet normal -0.707107 0 0.707107
    outer loop
      vertex 60.85 -58.75 3.2
      vertex 63 -25.25 5.35
      vertex 60.85 -25.25 3.2
    endloop
  endfacet
  facet normal -0.707107 0 0.707107
    outer loop
      vertex 63 -25.25 5.35
      vertex 60.85 -58.75 3.2
      vertex 63 -58.75 5.35
    endloop
  endfacet
  facet normal -0.706015 0.0555424 0.706015
    outer loop
      vertex 62.9477 -59.4148 5.35
      vertex 63 -58.75 5.35
      vertex 60.85 -58.75 3.2
    endloop
  endfacet
  facet normal 0.707107 -0 0.707107
    outer loop
      vertex 21 -58.75 5.35
      vertex 23.15 -25.25 3.2
      vertex 21 -25.25 5.35
    endloop
  endfacet
  facet normal 0.707107 0 0.707107
    outer loop
      vertex 23.15 -25.25 3.2
      vertex 21 -58.75 5.35
      vertex 23.15 -58.75 3.2
    endloop
  endfacet
  facet normal -0.705992 -0.0556627 0.706029
    outer loop
      vertex 60.85 -25.25 3.2
      vertex 62.9477 -24.5852 5.35
      vertex 60.8241 -24.9215 3.2
    endloop
  endfacet
  facet normal -0.538516 0.459932 0.706019
    outer loop
      vertex 61.7552 -61.7552 5.35
      vertex 62.1883 -61.2481 5.35
      vertex 60.2349 -60.2349 3.2
    endloop
  endfacet
  facet normal -0.0555424 -0.706015 0.706015
    outer loop
      vertex 59.4148 -21.0523 5.35
      vertex 58.75 -21 5.35
      vertex 58.75 -23.15 3.2
    endloop
  endfacet
  facet normal 0.603805 0.370077 0.706019
    outer loop
      vertex 21.8117 -61.2481 5.35
      vertex 23.3789 -59.7034 3.2
      vertex 21.4632 -60.6795 5.35
    endloop
  endfacet
  facet normal -0.654306 0.270962 0.706019
    outer loop
      vertex 62.5368 -60.6795 5.35
      vertex 60.7472 -59.3989 3.2
      vertex 60.6211 -59.7034 3.2
    endloop
  endfacet
  facet normal 0.706015 -0.0555424 0.706015
    outer loop
      vertex 23.15 -25.25 3.2
      vertex 21.0523 -24.5852 5.35
      vertex 21 -25.25 5.35
    endloop
  endfacet
  facet normal -0.654306 -0.270962 0.706019
    outer loop
      vertex 60.7472 -24.6011 3.2
      vertex 62.5368 -23.3205 5.35
      vertex 60.6211 -24.2966 3.2
    endloop
  endfacet
  facet normal 0.0556627 0.705992 0.706029
    outer loop
      vertex 24.5852 -62.9477 5.35
      vertex 25.25 -60.85 3.2
      vertex 24.9215 -60.8241 3.2
    endloop
  endfacet
  facet normal -0.45989 -0.538544 0.706025
    outer loop
      vertex 60.2349 -23.7651 3.2
      vertex 61.2481 -21.8117 5.35
      vertex 59.9843 -23.5511 3.2
    endloop
  endfacet
  facet normal -0.538516 -0.459932 0.706019
    outer loop
      vertex 62.1883 -22.7519 5.35
      vertex 61.7552 -22.2448 5.35
      vertex 60.2349 -23.7651 3.2
    endloop
  endfacet
  facet normal 0.688623 -0.165333 0.70602
    outer loop
      vertex 23.2528 -24.6011 3.2
      vertex 21.208 -23.9367 5.35
      vertex 21.0523 -24.5852 5.35
    endloop
  endfacet
  facet normal 0 0.707107 0.707107
    outer loop
      vertex 58.75 -60.85 3.2
      vertex 25.25 -63 5.35
      vertex 58.75 -63 5.35
    endloop
  endfacet
  facet normal 0 0.707107 0.707107
    outer loop
      vertex 25.25 -63 5.35
      vertex 58.75 -60.85 3.2
      vertex 25.25 -60.85 3.2
    endloop
  endfacet
  facet normal 0.654297 -0.270978 0.706021
    outer loop
      vertex 23.2528 -24.6011 3.2
      vertex 21.4632 -23.3205 5.35
      vertex 21.208 -23.9367 5.35
    endloop
  endfacet
  facet normal -0.688629 -0.16528 0.706026
    outer loop
      vertex 60.8241 -24.9215 3.2
      vertex 62.9477 -24.5852 5.35
      vertex 60.7472 -24.6011 3.2
    endloop
  endfacet
  facet normal 0.270962 -0.654306 0.706019
    outer loop
      vertex 24.2966 -23.3789 3.2
      vertex 24.6011 -23.2528 3.2
      vertex 23.3205 -21.4632 5.35
    endloop
  endfacet
  facet normal 0.603766 -0.370126 0.706026
    outer loop
      vertex 23.3789 -24.2966 3.2
      vertex 23.5511 -24.0157 3.2
      vertex 21.8117 -22.7519 5.35
    endloop
  endfacet
  facet normal -0.370077 -0.603805 0.706019
    outer loop
      vertex 61.2481 -21.8117 5.35
      vertex 60.6795 -21.4632 5.35
      vertex 59.7034 -23.3789 3.2
    endloop
  endfacet
  facet normal -0.270962 0.654306 0.706019
    outer loop
      vertex 60.6795 -62.5368 5.35
      vertex 59.7034 -60.6211 3.2
      vertex 59.3989 -60.7472 3.2
    endloop
  endfacet
  facet normal 0.654306 0.270962 0.706019
    outer loop
      vertex 21.4632 -60.6795 5.35
      vertex 23.3789 -59.7034 3.2
      vertex 23.2528 -59.3989 3.2
    endloop
  endfacet
  facet normal 0.370126 -0.603766 0.706026
    outer loop
      vertex 24.0157 -23.5511 3.2
      vertex 24.2966 -23.3789 3.2
      vertex 22.7519 -21.8117 5.35
    endloop
  endfacet
  facet normal 0.654306 -0.270962 0.706019
    outer loop
      vertex 23.2528 -24.6011 3.2
      vertex 23.3789 -24.2966 3.2
      vertex 21.4632 -23.3205 5.35
    endloop
  endfacet
  facet normal -0.270978 -0.654297 0.706021
    outer loop
      vertex 60.6795 -21.4632 5.35
      vertex 60.0633 -21.208 5.35
      vertex 59.3989 -23.2528 3.2
    endloop
  endfacet
  facet normal 0.654297 0.270978 0.706021
    outer loop
      vertex 21.4632 -60.6795 5.35
      vertex 23.2528 -59.3989 3.2
      vertex 21.208 -60.0633 5.35
    endloop
  endfacet
  facet normal 0.688629 -0.16528 0.706026
    outer loop
      vertex 23.1759 -24.9215 3.2
      vertex 23.2528 -24.6011 3.2
      vertex 21.0523 -24.5852 5.35
    endloop
  endfacet
  facet normal -0.0556627 0.705992 0.706029
    outer loop
      vertex 59.4148 -62.9477 5.35
      vertex 59.0785 -60.8241 3.2
      vertex 58.75 -60.85 3.2
    endloop
  endfacet
  facet normal 0.688629 0.16528 0.706026
    outer loop
      vertex 21.0523 -59.4148 5.35
      vertex 23.2528 -59.3989 3.2
      vertex 23.1759 -59.0785 3.2
    endloop
  endfacet
  facet normal -0.706015 -0.0555424 0.706015
    outer loop
      vertex 63 -25.25 5.35
      vertex 62.9477 -24.5852 5.35
      vertex 60.85 -25.25 3.2
    endloop
  endfacet
  facet normal -0.45989 0.538544 0.706025
    outer loop
      vertex 61.2481 -62.1883 5.35
      vertex 60.2349 -60.2349 3.2
      vertex 59.9843 -60.4489 3.2
    endloop
  endfacet
  facet normal 0.370126 0.603766 0.706026
    outer loop
      vertex 22.7519 -62.1883 5.35
      vertex 24.2966 -60.6211 3.2
      vertex 24.0157 -60.4489 3.2
    endloop
  endfacet
  facet normal -0.165333 -0.688623 0.70602
    outer loop
      vertex 60.0633 -21.208 5.35
      vertex 59.4148 -21.0523 5.35
      vertex 59.3989 -23.2528 3.2
    endloop
  endfacet
  facet normal -0.0555424 0.706015 0.706015
    outer loop
      vertex 59.4148 -62.9477 5.35
      vertex 58.75 -60.85 3.2
      vertex 58.75 -63 5.35
    endloop
  endfacet
  facet normal -0.654297 0.270978 0.706021
    outer loop
      vertex 62.5368 -60.6795 5.35
      vertex 62.792 -60.0633 5.35
      vertex 60.7472 -59.3989 3.2
    endloop
  endfacet
  facet normal -0.538544 0.45989 0.706025
    outer loop
      vertex 62.1883 -61.2481 5.35
      vertex 60.4489 -59.9843 3.2
      vertex 60.2349 -60.2349 3.2
    endloop
  endfacet
  facet normal -0.688623 0.165333 0.70602
    outer loop
      vertex 62.792 -60.0633 5.35
      vertex 62.9477 -59.4148 5.35
      vertex 60.7472 -59.3989 3.2
    endloop
  endfacet
  facet normal -0.16528 0.688629 0.706026
    outer loop
      vertex 59.4148 -62.9477 5.35
      vertex 59.3989 -60.7472 3.2
      vertex 59.0785 -60.8241 3.2
    endloop
  endfacet
  facet normal 0.165333 -0.688623 0.70602
    outer loop
      vertex 24.6011 -23.2528 3.2
      vertex 24.5852 -21.0523 5.35
      vertex 23.9367 -21.208 5.35
    endloop
  endfacet
  facet normal -0.603805 -0.370077 0.706019
    outer loop
      vertex 62.5368 -23.3205 5.35
      vertex 62.1883 -22.7519 5.35
      vertex 60.6211 -24.2966 3.2
    endloop
  endfacet
  facet normal -0.459932 -0.538516 0.706019
    outer loop
      vertex 61.7552 -22.2448 5.35
      vertex 61.2481 -21.8117 5.35
      vertex 60.2349 -23.7651 3.2
    endloop
  endfacet
  facet normal 0.603766 0.370126 0.706026
    outer loop
      vertex 21.8117 -61.2481 5.35
      vertex 23.5511 -59.9843 3.2
      vertex 23.3789 -59.7034 3.2
    endloop
  endfacet
  facet normal 0.538544 0.45989 0.706025
    outer loop
      vertex 21.8117 -61.2481 5.35
      vertex 23.7651 -60.2349 3.2
      vertex 23.5511 -59.9843 3.2
    endloop
  endfacet
  facet normal 0.370077 0.603805 0.706019
    outer loop
      vertex 23.3205 -62.5368 5.35
      vertex 24.2966 -60.6211 3.2
      vertex 22.7519 -62.1883 5.35
    endloop
  endfacet
  facet normal 0.270962 0.654306 0.706019
    outer loop
      vertex 23.3205 -62.5368 5.35
      vertex 24.6011 -60.7472 3.2
      vertex 24.2966 -60.6211 3.2
    endloop
  endfacet
  facet normal 0.538544 -0.45989 0.706025
    outer loop
      vertex 23.5511 -24.0157 3.2
      vertex 23.7651 -23.7651 3.2
      vertex 21.8117 -22.7519 5.35
    endloop
  endfacet
  facet normal 0.603805 -0.370077 0.706019
    outer loop
      vertex 23.3789 -24.2966 3.2
      vertex 21.8117 -22.7519 5.35
      vertex 21.4632 -23.3205 5.35
    endloop
  endfacet
  facet normal -0.688629 0.16528 0.706026
    outer loop
      vertex 62.9477 -59.4148 5.35
      vertex 60.8241 -59.0785 3.2
      vertex 60.7472 -59.3989 3.2
    endloop
  endfacet
  facet normal 0.705992 -0.0556627 0.706029
    outer loop
      vertex 23.15 -25.25 3.2
      vertex 23.1759 -24.9215 3.2
      vertex 21.0523 -24.5852 5.35
    endloop
  endfacet
  facet normal 0.459932 -0.538516 0.706019
    outer loop
      vertex 23.7651 -23.7651 3.2
      vertex 22.7519 -21.8117 5.35
      vertex 22.2448 -22.2448 5.35
    endloop
  endfacet
  facet normal 0.370077 -0.603805 0.706019
    outer loop
      vertex 24.2966 -23.3789 3.2
      vertex 23.3205 -21.4632 5.35
      vertex 22.7519 -21.8117 5.35
    endloop
  endfacet
  facet normal -0.370126 0.603766 0.706026
    outer loop
      vertex 61.2481 -62.1883 5.35
      vertex 59.9843 -60.4489 3.2
      vertex 59.7034 -60.6211 3.2
    endloop
  endfacet
  facet normal -0.705992 0.0556627 0.706029
    outer loop
      vertex 62.9477 -59.4148 5.35
      vertex 60.85 -58.75 3.2
      vertex 60.8241 -59.0785 3.2
    endloop
  endfacet
  facet normal -0.603766 -0.370126 0.706026
    outer loop
      vertex 60.6211 -24.2966 3.2
      vertex 62.1883 -22.7519 5.35
      vertex 60.4489 -24.0157 3.2
    endloop
  endfacet
  facet normal -0.370077 0.603805 0.706019
    outer loop
      vertex 60.6795 -62.5368 5.35
      vertex 61.2481 -62.1883 5.35
      vertex 59.7034 -60.6211 3.2
    endloop
  endfacet
  facet normal -0.538544 -0.45989 0.706025
    outer loop
      vertex 60.4489 -24.0157 3.2
      vertex 62.1883 -22.7519 5.35
      vertex 60.2349 -23.7651 3.2
    endloop
  endfacet
  facet normal 0.45989 -0.538544 0.706025
    outer loop
      vertex 23.7651 -23.7651 3.2
      vertex 24.0157 -23.5511 3.2
      vertex 22.7519 -21.8117 5.35
    endloop
  endfacet
  facet normal -0.688623 -0.165333 0.70602
    outer loop
      vertex 62.9477 -24.5852 5.35
      vertex 62.792 -23.9367 5.35
      vertex 60.7472 -24.6011 3.2
    endloop
  endfacet
  facet normal 0.0555424 -0.706015 0.706015
    outer loop
      vertex 25.25 -23.15 3.2
      vertex 25.25 -21 5.35
      vertex 24.5852 -21.0523 5.35
    endloop
  endfacet
  facet normal 0.270978 -0.654297 0.706021
    outer loop
      vertex 24.6011 -23.2528 3.2
      vertex 23.9367 -21.208 5.35
      vertex 23.3205 -21.4632 5.35
    endloop
  endfacet
  facet normal -0.165288 0.688665 0.705989
    outer loop
      vertex 59.0785 -18.8241 1.4
      vertex 59.3989 -18.7472 1.4
      vertex 58.9534 -18.034 0.6
    endloop
  endfacet
  facet normal -0.165306 0.688657 0.705992
    outer loop
      vertex 59.3989 -18.7472 1.4
      vertex 59.1517 -17.9864 0.6
      vertex 58.9534 -18.034 0.6
    endloop
  endfacet
  facet normal 0.996906 0.0785993 0
    outer loop
      vertex 23.1759 -17.0785 3.2
      vertex 23.15 -16.75 1.4
      vertex 23.15 -16.75 3.2
    endloop
  endfacet
  facet normal 0.996906 0.0785993 0
    outer loop
      vertex 23.15 -16.75 1.4
      vertex 23.1759 -17.0785 3.2
      vertex 23.1759 -17.0785 1.4
    endloop
  endfacet
  facet normal -0.972385 -0.233384 0
    outer loop
      vertex 60.8241 17.0785 1.4
      vertex 60.7472 17.3989 3.2
      vertex 60.7472 17.3989 1.4
    endloop
  endfacet
  facet normal -0.972385 -0.233384 0
    outer loop
      vertex 60.7472 17.3989 3.2
      vertex 60.8241 17.0785 1.4
      vertex 60.8241 17.0785 3.2
    endloop
  endfacet
  facet normal -0.0555371 0.706015 0.706015
    outer loop
      vertex 58.9534 -18.034 0.6
      vertex 58.75 -18.05 0.6
      vertex 58.75 -18.85 1.4
    endloop
  endfacet
  facet normal 0.688665 0.165288 0.705989
    outer loop
      vertex 23.2528 -17.3989 1.4
      vertex 23.966 -16.9534 0.6
      vertex 23.1759 -17.0785 1.4
    endloop
  endfacet
  facet normal 0.706027 0.0556654 0.705994
    outer loop
      vertex 23.1759 -17.0785 1.4
      vertex 23.966 -16.9534 0.6
      vertex 23.15 -16.75 1.4
    endloop
  endfacet
  facet normal -0.538453 -0.459994 0.706027
    outer loop
      vertex 59.8017 17.5141 0.6
      vertex 60.2349 18.2349 1.4
      vertex 59.6692 17.6692 0.6
    endloop
  endfacet
  facet normal -0.459994 0.538453 0.706027
    outer loop
      vertex 60.2349 -18.2349 1.4
      vertex 59.6692 -17.6692 0.6
      vertex 59.5141 -17.8017 0.6
    endloop
  endfacet
  facet normal -0.0785993 0.996906 0
    outer loop
      vertex 59.0785 -18.8241 1.4
      vertex 58.75 -18.85 3.2
      vertex 59.0785 -18.8241 3.2
    endloop
  endfacet
  facet normal -0.0785993 0.996906 0
    outer loop
      vertex 58.75 -18.85 3.2
      vertex 59.0785 -18.8241 1.4
      vertex 58.75 -18.85 1.4
    endloop
  endfacet
  facet normal 0.972385 0.233384 0
    outer loop
      vertex 23.2528 -17.3989 3.2
      vertex 23.1759 -17.0785 1.4
      vertex 23.1759 -17.0785 3.2
    endloop
  endfacet
  facet normal 0.972385 0.233384 0
    outer loop
      vertex 23.1759 -17.0785 1.4
      vertex 23.2528 -17.3989 3.2
      vertex 23.2528 -17.3989 1.4
    endloop
  endfacet
  facet normal -0.37012 -0.603789 0.70601
    outer loop
      vertex 59.5141 17.8017 0.6
      vertex 59.7034 18.6211 1.4
      vertex 59.3402 17.9083 0.6
    endloop
  endfacet
  facet normal 0.233384 -0.972385 0
    outer loop
      vertex 24.6011 18.7472 1.4
      vertex 24.9215 18.8241 3.2
      vertex 24.6011 18.7472 3.2
    endloop
  endfacet
  facet normal 0.233384 -0.972385 0
    outer loop
      vertex 24.9215 18.8241 3.2
      vertex 24.6011 18.7472 1.4
      vertex 24.9215 18.8241 1.4
    endloop
  endfacet
  facet normal -0.996906 0.0785993 0
    outer loop
      vertex 60.8241 -17.0785 1.4
      vertex 60.85 -16.75 3.2
      vertex 60.85 -16.75 1.4
    endloop
  endfacet
  facet normal -0.996906 0.0785993 0
    outer loop
      vertex 60.85 -16.75 3.2
      vertex 60.8241 -17.0785 1.4
      vertex 60.8241 -17.0785 3.2
    endloop
  endfacet
  facet normal -0.165288 -0.688665 0.705989
    outer loop
      vertex 59.3989 18.7472 1.4
      vertex 59.0785 18.8241 1.4
      vertex 58.9534 18.034 0.6
    endloop
  endfacet
  facet normal -0 0.707107 0.707107
    outer loop
      vertex 25.25 -18.05 0.6
      vertex 58.75 -18.85 1.4
      vertex 58.75 -18.05 0.6
    endloop
  endfacet
  facet normal 0 0.707107 0.707107
    outer loop
      vertex 58.75 -18.85 1.4
      vertex 25.25 -18.05 0.6
      vertex 25.25 -18.85 1.4
    endloop
  endfacet
  facet normal -0.233384 0.972385 0
    outer loop
      vertex 59.3989 -18.7472 1.4
      vertex 59.0785 -18.8241 3.2
      vertex 59.3989 -18.7472 3.2
    endloop
  endfacet
  facet normal -0.233384 0.972385 0
    outer loop
      vertex 59.0785 -18.8241 3.2
      vertex 59.3989 -18.7472 1.4
      vertex 59.0785 -18.8241 1.4
    endloop
  endfacet
  facet normal -0.0556654 0.706027 0.705994
    outer loop
      vertex 59.0785 -18.8241 1.4
      vertex 58.9534 -18.034 0.6
      vertex 58.75 -18.85 1.4
    endloop
  endfacet
  facet normal -0.271086 -0.654285 0.705991
    outer loop
      vertex 59.3402 17.9083 0.6
      vertex 59.3989 18.7472 1.4
      vertex 59.1517 17.9864 0.6
    endloop
  endfacet
  facet normal 0.382611 0.92391 -0
    outer loop
      vertex 24.6011 -18.7472 1.4
      vertex 24.2966 -18.6211 3.2
      vertex 24.6011 -18.7472 3.2
    endloop
  endfacet
  facet normal 0.382611 0.92391 0
    outer loop
      vertex 24.2966 -18.6211 3.2
      vertex 24.6011 -18.7472 1.4
      vertex 24.2966 -18.6211 1.4
    endloop
  endfacet
  facet normal -0.760455 0.649391 0
    outer loop
      vertex 60.2349 -18.2349 1.4
      vertex 60.4489 -17.9843 3.2
      vertex 60.4489 -17.9843 1.4
    endloop
  endfacet
  facet normal -0.760455 0.649391 0
    outer loop
      vertex 60.4489 -17.9843 3.2
      vertex 60.2349 -18.2349 1.4
      vertex 60.2349 -18.2349 3.2
    endloop
  endfacet
  facet normal 0.233384 0.972385 -0
    outer loop
      vertex 24.9215 -18.8241 1.4
      vertex 24.6011 -18.7472 3.2
      vertex 24.9215 -18.8241 3.2
    endloop
  endfacet
  facet normal 0.233384 0.972385 0
    outer loop
      vertex 24.6011 -18.7472 3.2
      vertex 24.9215 -18.8241 1.4
      vertex 24.6011 -18.7472 1.4
    endloop
  endfacet
  facet normal 0.0556654 -0.706027 0.705994
    outer loop
      vertex 25.0466 18.034 0.6
      vertex 25.25 18.85 1.4
      vertex 24.9215 18.8241 1.4
    endloop
  endfacet
  facet normal 0.165306 0.688657 0.705992
    outer loop
      vertex 25.0466 -18.034 0.6
      vertex 24.8483 -17.9864 0.6
      vertex 24.6011 -18.7472 1.4
    endloop
  endfacet
  facet normal -0.270965 0.654313 0.706011
    outer loop
      vertex 59.3989 -18.7472 1.4
      vertex 59.7034 -18.6211 1.4
      vertex 59.3402 -17.9083 0.6
    endloop
  endfacet
  facet normal -0.92391 -0.382611 0
    outer loop
      vertex 60.7472 17.3989 1.4
      vertex 60.6211 17.7034 3.2
      vertex 60.6211 17.7034 1.4
    endloop
  endfacet
  facet normal -0.92391 -0.382611 0
    outer loop
      vertex 60.6211 17.7034 3.2
      vertex 60.7472 17.3989 1.4
      vertex 60.7472 17.3989 3.2
    endloop
  endfacet
  facet normal 0.760455 -0.649391 0
    outer loop
      vertex 23.5511 17.9843 3.2
      vertex 23.7651 18.2349 1.4
      vertex 23.7651 18.2349 3.2
    endloop
  endfacet
  facet normal 0.760455 -0.649391 0
    outer loop
      vertex 23.7651 18.2349 1.4
      vertex 23.5511 17.9843 3.2
      vertex 23.5511 17.9843 1.4
    endloop
  endfacet
  facet normal 0.852553 0.52264 0
    outer loop
      vertex 23.5511 -17.9843 3.2
      vertex 23.3789 -17.7034 1.4
      vertex 23.3789 -17.7034 3.2
    endloop
  endfacet
  facet normal 0.852553 0.52264 0
    outer loop
      vertex 23.3789 -17.7034 1.4
      vertex 23.5511 -17.9843 3.2
      vertex 23.5511 -17.9843 1.4
    endloop
  endfacet
  facet normal -0.972385 0.233384 0
    outer loop
      vertex 60.7472 -17.3989 1.4
      vertex 60.8241 -17.0785 3.2
      vertex 60.8241 -17.0785 1.4
    endloop
  endfacet
  facet normal -0.972385 0.233384 0
    outer loop
      vertex 60.8241 -17.0785 3.2
      vertex 60.7472 -17.3989 1.4
      vertex 60.7472 -17.3989 3.2
    endloop
  endfacet
  facet normal 0.271086 0.654285 0.705991
    outer loop
      vertex 24.8483 -17.9864 0.6
      vertex 24.6598 -17.9083 0.6
      vertex 24.6011 -18.7472 1.4
    endloop
  endfacet
  facet normal 0 1 -0
    outer loop
      vertex 58.75 -18.85 1.4
      vertex 25.25 -18.85 3.2
      vertex 58.75 -18.85 3.2
    endloop
  endfacet
  facet normal 0 1 0
    outer loop
      vertex 25.25 -18.85 3.2
      vertex 58.75 -18.85 1.4
      vertex 25.25 -18.85 1.4
    endloop
  endfacet
  facet normal 0.0555371 -0.706015 0.706015
    outer loop
      vertex 25.25 18.05 0.6
      vertex 25.25 18.85 1.4
      vertex 25.0466 18.034 0.6
    endloop
  endfacet
  facet normal -0.53856 -0.459904 0.706004
    outer loop
      vertex 60.4489 17.9843 1.4
      vertex 60.2349 18.2349 1.4
      vertex 59.8017 17.5141 0.6
    endloop
  endfacet
  facet normal -0.538453 0.459994 0.706027
    outer loop
      vertex 60.2349 -18.2349 1.4
      vertex 59.8017 -17.5141 0.6
      vertex 59.6692 -17.6692 0.6
    endloop
  endfacet
  facet normal 0.0555371 0.706015 0.706015
    outer loop
      vertex 25.25 -18.85 1.4
      vertex 25.25 -18.05 0.6
      vertex 25.0466 -18.034 0.6
    endloop
  endfacet
  facet normal 0 -0.707107 0.707107
    outer loop
      vertex 25.25 18.85 1.4
      vertex 58.75 18.05 0.6
      vertex 58.75 18.85 1.4
    endloop
  endfacet
  facet normal 0 -0.707107 0.707107
    outer loop
      vertex 58.75 18.05 0.6
      vertex 25.25 18.85 1.4
      vertex 25.25 18.05 0.6
    endloop
  endfacet
  facet normal -0.459994 -0.538453 0.706027
    outer loop
      vertex 59.6692 17.6692 0.6
      vertex 60.2349 18.2349 1.4
      vertex 59.5141 17.8017 0.6
    endloop
  endfacet
  facet normal 0 -1 0
    outer loop
      vertex 25.25 18.85 1.4
      vertex 58.75 18.85 3.2
      vertex 25.25 18.85 3.2
    endloop
  endfacet
  facet normal 0 -1 -0
    outer loop
      vertex 58.75 18.85 3.2
      vertex 25.25 18.85 1.4
      vertex 58.75 18.85 1.4
    endloop
  endfacet
  facet normal -0.707107 0 0.707107
    outer loop
      vertex 60.05 16.75 0.6
      vertex 60.85 -16.75 1.4
      vertex 60.85 16.75 1.4
    endloop
  endfacet
  facet normal -0.707107 0 0.707107
    outer loop
      vertex 60.85 -16.75 1.4
      vertex 60.05 16.75 0.6
      vertex 60.05 -16.75 0.6
    endloop
  endfacet
  facet normal 0.459904 -0.53856 0.706004
    outer loop
      vertex 24.4859 17.8017 0.6
      vertex 24.0157 18.4489 1.4
      vertex 23.7651 18.2349 1.4
    endloop
  endfacet
  facet normal 0.688665 -0.165288 0.705989
    outer loop
      vertex 23.966 16.9534 0.6
      vertex 23.2528 17.3989 1.4
      vertex 23.1759 17.0785 1.4
    endloop
  endfacet
  facet normal -0.37012 0.603789 0.70601
    outer loop
      vertex 59.7034 -18.6211 1.4
      vertex 59.5141 -17.8017 0.6
      vertex 59.3402 -17.9083 0.6
    endloop
  endfacet
  facet normal -0.52264 -0.852553 0
    outer loop
      vertex 59.7034 18.6211 1.4
      vertex 59.9843 18.4489 3.2
      vertex 59.7034 18.6211 3.2
    endloop
  endfacet
  facet normal -0.52264 -0.852553 -0
    outer loop
      vertex 59.9843 18.4489 3.2
      vertex 59.7034 18.6211 1.4
      vertex 59.9843 18.4489 1.4
    endloop
  endfacet
  facet normal 0.37012 0.603789 0.70601
    outer loop
      vertex 24.6598 -17.9083 0.6
      vertex 24.4859 -17.8017 0.6
      vertex 24.2966 -18.6211 1.4
    endloop
  endfacet
  facet normal -0.370136 0.603782 0.706007
    outer loop
      vertex 59.7034 -18.6211 1.4
      vertex 59.9843 -18.4489 1.4
      vertex 59.5141 -17.8017 0.6
    endloop
  endfacet
  facet normal 0.603789 0.37012 0.70601
    outer loop
      vertex 24.1983 -17.5141 0.6
      vertex 24.0917 -17.3402 0.6
      vertex 23.3789 -17.7034 1.4
    endloop
  endfacet
  facet normal 0.654313 0.270965 0.706011
    outer loop
      vertex 23.3789 -17.7034 1.4
      vertex 24.0917 -17.3402 0.6
      vertex 23.2528 -17.3989 1.4
    endloop
  endfacet
  facet normal 0.459994 0.538453 0.706027
    outer loop
      vertex 24.4859 -17.8017 0.6
      vertex 24.3308 -17.6692 0.6
      vertex 23.7651 -18.2349 1.4
    endloop
  endfacet
  facet normal 0.52264 0.852553 -0
    outer loop
      vertex 24.2966 -18.6211 1.4
      vertex 24.0157 -18.4489 3.2
      vertex 24.2966 -18.6211 3.2
    endloop
  endfacet
  facet normal 0.52264 0.852553 0
    outer loop
      vertex 24.0157 -18.4489 3.2
      vertex 24.2966 -18.6211 1.4
      vertex 24.0157 -18.4489 1.4
    endloop
  endfacet
  facet normal -0.52264 0.852553 0
    outer loop
      vertex 59.9843 -18.4489 1.4
      vertex 59.7034 -18.6211 3.2
      vertex 59.9843 -18.4489 3.2
    endloop
  endfacet
  facet normal -0.52264 0.852553 0
    outer loop
      vertex 59.7034 -18.6211 3.2
      vertex 59.9843 -18.4489 1.4
      vertex 59.7034 -18.6211 1.4
    endloop
  endfacet
  facet normal 1 -0 0
    outer loop
      vertex 23.15 -16.75 3.2
      vertex 23.15 16.75 1.4
      vertex 23.15 16.75 3.2
    endloop
  endfacet
  facet normal 1 0 0
    outer loop
      vertex 23.15 16.75 1.4
      vertex 23.15 -16.75 3.2
      vertex 23.15 -16.75 1.4
    endloop
  endfacet
  facet normal 0.706015 0.0555371 0.706015
    outer loop
      vertex 23.966 -16.9534 0.6
      vertex 23.95 -16.75 0.6
      vertex 23.15 -16.75 1.4
    endloop
  endfacet
  facet normal 0.270965 0.654313 0.706011
    outer loop
      vertex 24.6011 -18.7472 1.4
      vertex 24.6598 -17.9083 0.6
      vertex 24.2966 -18.6211 1.4
    endloop
  endfacet
  facet normal -1 0 0
    outer loop
      vertex 60.85 -16.75 1.4
      vertex 60.85 16.75 3.2
      vertex 60.85 16.75 1.4
    endloop
  endfacet
  facet normal -1 -0 0
    outer loop
      vertex 60.85 16.75 3.2
      vertex 60.85 -16.75 1.4
      vertex 60.85 -16.75 3.2
    endloop
  endfacet
  facet normal -0.654285 0.271086 0.705991
    outer loop
      vertex 60.7472 -17.3989 1.4
      vertex 59.9864 -17.1517 0.6
      vertex 59.9083 -17.3402 0.6
    endloop
  endfacet
  facet normal 0.706015 -0.0555371 0.706015
    outer loop
      vertex 23.95 16.75 0.6
      vertex 23.966 16.9534 0.6
      vertex 23.15 16.75 1.4
    endloop
  endfacet
  facet normal 0.603782 -0.370136 0.706007
    outer loop
      vertex 24.1983 17.5141 0.6
      vertex 23.5511 17.9843 1.4
      vertex 23.3789 17.7034 1.4
    endloop
  endfacet
  facet normal -0.760455 -0.649391 0
    outer loop
      vertex 60.4489 17.9843 1.4
      vertex 60.2349 18.2349 3.2
      vertex 60.2349 18.2349 1.4
    endloop
  endfacet
  facet normal -0.760455 -0.649391 0
    outer loop
      vertex 60.2349 18.2349 3.2
      vertex 60.4489 17.9843 1.4
      vertex 60.4489 17.9843 3.2
    endloop
  endfacet
  facet normal 0.92391 -0.382611 0
    outer loop
      vertex 23.2528 17.3989 3.2
      vertex 23.3789 17.7034 1.4
      vertex 23.3789 17.7034 3.2
    endloop
  endfacet
  facet normal 0.92391 -0.382611 0
    outer loop
      vertex 23.3789 17.7034 1.4
      vertex 23.2528 17.3989 3.2
      vertex 23.2528 17.3989 1.4
    endloop
  endfacet
  facet normal 0.972385 -0.233384 0
    outer loop
      vertex 23.1759 17.0785 3.2
      vertex 23.2528 17.3989 1.4
      vertex 23.2528 17.3989 3.2
    endloop
  endfacet
  facet normal 0.972385 -0.233384 0
    outer loop
      vertex 23.2528 17.3989 1.4
      vertex 23.1759 17.0785 3.2
      vertex 23.1759 17.0785 1.4
    endloop
  endfacet
  facet normal 0.538453 -0.459994 0.706027
    outer loop
      vertex 24.1983 17.5141 0.6
      vertex 24.3308 17.6692 0.6
      vertex 23.7651 18.2349 1.4
    endloop
  endfacet
  facet normal 0.53856 0.459904 0.706004
    outer loop
      vertex 23.7651 -18.2349 1.4
      vertex 24.1983 -17.5141 0.6
      vertex 23.5511 -17.9843 1.4
    endloop
  endfacet
  facet normal 0.654285 0.271086 0.705991
    outer loop
      vertex 24.0917 -17.3402 0.6
      vertex 24.0136 -17.1517 0.6
      vertex 23.2528 -17.3989 1.4
    endloop
  endfacet
  facet normal 0.688657 -0.165306 0.705992
    outer loop
      vertex 23.966 16.9534 0.6
      vertex 24.0136 17.1517 0.6
      vertex 23.2528 17.3989 1.4
    endloop
  endfacet
  facet normal -0.271086 0.654285 0.705991
    outer loop
      vertex 59.3989 -18.7472 1.4
      vertex 59.3402 -17.9083 0.6
      vertex 59.1517 -17.9864 0.6
    endloop
  endfacet
  facet normal -0.649391 0.760455 0
    outer loop
      vertex 60.2349 -18.2349 1.4
      vertex 59.9843 -18.4489 3.2
      vertex 60.2349 -18.2349 3.2
    endloop
  endfacet
  facet normal -0.649391 0.760455 0
    outer loop
      vertex 59.9843 -18.4489 3.2
      vertex 60.2349 -18.2349 1.4
      vertex 59.9843 -18.4489 1.4
    endloop
  endfacet
  facet normal 0.654313 -0.270965 0.706011
    outer loop
      vertex 24.0917 17.3402 0.6
      vertex 23.3789 17.7034 1.4
      vertex 23.2528 17.3989 1.4
    endloop
  endfacet
  facet normal -0.459904 0.53856 0.706004
    outer loop
      vertex 59.9843 -18.4489 1.4
      vertex 60.2349 -18.2349 1.4
      vertex 59.5141 -17.8017 0.6
    endloop
  endfacet
  facet normal -0.706027 0.0556654 0.705994
    outer loop
      vertex 60.8241 -17.0785 1.4
      vertex 60.85 -16.75 1.4
      vertex 60.034 -16.9534 0.6
    endloop
  endfacet
  facet normal 0.760455 0.649391 0
    outer loop
      vertex 23.7651 -18.2349 3.2
      vertex 23.5511 -17.9843 1.4
      vertex 23.5511 -17.9843 3.2
    endloop
  endfacet
  facet normal 0.760455 0.649391 0
    outer loop
      vertex 23.5511 -17.9843 1.4
      vertex 23.7651 -18.2349 3.2
      vertex 23.7651 -18.2349 1.4
    endloop
  endfacet
  facet normal 0.165288 0.688665 0.705989
    outer loop
      vertex 24.9215 -18.8241 1.4
      vertex 25.0466 -18.034 0.6
      vertex 24.6011 -18.7472 1.4
    endloop
  endfacet
  facet normal 0.649391 -0.760455 0
    outer loop
      vertex 23.7651 18.2349 1.4
      vertex 24.0157 18.4489 3.2
      vertex 23.7651 18.2349 3.2
    endloop
  endfacet
  facet normal 0.649391 -0.760455 0
    outer loop
      vertex 24.0157 18.4489 3.2
      vertex 23.7651 18.2349 1.4
      vertex 24.0157 18.4489 1.4
    endloop
  endfacet
  facet normal 0.370136 -0.603782 0.706007
    outer loop
      vertex 24.4859 17.8017 0.6
      vertex 24.2966 18.6211 1.4
      vertex 24.0157 18.4489 1.4
    endloop
  endfacet
  facet normal 0.688657 0.165306 0.705992
    outer loop
      vertex 24.0136 -17.1517 0.6
      vertex 23.966 -16.9534 0.6
      vertex 23.2528 -17.3989 1.4
    endloop
  endfacet
  facet normal -0.0555371 -0.706015 0.706015
    outer loop
      vertex 58.9534 18.034 0.6
      vertex 58.75 18.85 1.4
      vertex 58.75 18.05 0.6
    endloop
  endfacet
  facet normal -0.852553 0.52264 0
    outer loop
      vertex 60.4489 -17.9843 1.4
      vertex 60.6211 -17.7034 3.2
      vertex 60.6211 -17.7034 1.4
    endloop
  endfacet
  facet normal -0.852553 0.52264 0
    outer loop
      vertex 60.6211 -17.7034 3.2
      vertex 60.4489 -17.9843 1.4
      vertex 60.4489 -17.9843 3.2
    endloop
  endfacet
  facet normal 0.603782 0.370136 0.706007
    outer loop
      vertex 23.5511 -17.9843 1.4
      vertex 24.1983 -17.5141 0.6
      vertex 23.3789 -17.7034 1.4
    endloop
  endfacet
  facet normal 0.538453 0.459994 0.706027
    outer loop
      vertex 24.3308 -17.6692 0.6
      vertex 24.1983 -17.5141 0.6
      vertex 23.7651 -18.2349 1.4
    endloop
  endfacet
  facet normal 0.649391 0.760455 -0
    outer loop
      vertex 24.0157 -18.4489 1.4
      vertex 23.7651 -18.2349 3.2
      vertex 24.0157 -18.4489 3.2
    endloop
  endfacet
  facet normal 0.649391 0.760455 0
    outer loop
      vertex 23.7651 -18.2349 3.2
      vertex 24.0157 -18.4489 1.4
      vertex 23.7651 -18.2349 1.4
    endloop
  endfacet
  facet normal -0.603789 -0.37012 0.70601
    outer loop
      vertex 59.9083 17.3402 0.6
      vertex 60.6211 17.7034 1.4
      vertex 59.8017 17.5141 0.6
    endloop
  endfacet
  facet normal -0.370136 -0.603782 0.706007
    outer loop
      vertex 59.9843 18.4489 1.4
      vertex 59.7034 18.6211 1.4
      vertex 59.5141 17.8017 0.6
    endloop
  endfacet
  facet normal -0.706015 -0.0555371 0.706015
    outer loop
      vertex 60.05 16.75 0.6
      vertex 60.85 16.75 1.4
      vertex 60.034 16.9534 0.6
    endloop
  endfacet
  facet normal -0.270965 -0.654313 0.706011
    outer loop
      vertex 59.7034 18.6211 1.4
      vertex 59.3989 18.7472 1.4
      vertex 59.3402 17.9083 0.6
    endloop
  endfacet
  facet normal 0.459904 0.53856 0.706004
    outer loop
      vertex 24.0157 -18.4489 1.4
      vertex 24.4859 -17.8017 0.6
      vertex 23.7651 -18.2349 1.4
    endloop
  endfacet
  facet normal 0.706027 -0.0556654 0.705994
    outer loop
      vertex 23.966 16.9534 0.6
      vertex 23.1759 17.0785 1.4
      vertex 23.15 16.75 1.4
    endloop
  endfacet
  facet normal 0.370136 0.603782 0.706007
    outer loop
      vertex 24.2966 -18.6211 1.4
      vertex 24.4859 -17.8017 0.6
      vertex 24.0157 -18.4489 1.4
    endloop
  endfacet
  facet normal 0.92391 0.382611 0
    outer loop
      vertex 23.3789 -17.7034 3.2
      vertex 23.2528 -17.3989 1.4
      vertex 23.2528 -17.3989 3.2
    endloop
  endfacet
  facet normal 0.92391 0.382611 0
    outer loop
      vertex 23.2528 -17.3989 1.4
      vertex 23.3789 -17.7034 3.2
      vertex 23.3789 -17.7034 1.4
    endloop
  endfacet
  facet normal 0.37012 -0.603789 0.70601
    outer loop
      vertex 24.4859 17.8017 0.6
      vertex 24.6598 17.9083 0.6
      vertex 24.2966 18.6211 1.4
    endloop
  endfacet
  facet normal -0.0556654 -0.706027 0.705994
    outer loop
      vertex 58.9534 18.034 0.6
      vertex 59.0785 18.8241 1.4
      vertex 58.75 18.85 1.4
    endloop
  endfacet
  facet normal 0.707107 0 0.707107
    outer loop
      vertex 23.15 16.75 1.4
      vertex 23.95 -16.75 0.6
      vertex 23.95 16.75 0.6
    endloop
  endfacet
  facet normal 0.707107 0 0.707107
    outer loop
      vertex 23.95 -16.75 0.6
      vertex 23.15 16.75 1.4
      vertex 23.15 -16.75 1.4
    endloop
  endfacet
  facet normal -0.649391 -0.760455 0
    outer loop
      vertex 59.9843 18.4489 1.4
      vertex 60.2349 18.2349 3.2
      vertex 59.9843 18.4489 3.2
    endloop
  endfacet
  facet normal -0.649391 -0.760455 -0
    outer loop
      vertex 60.2349 18.2349 3.2
      vertex 59.9843 18.4489 1.4
      vertex 60.2349 18.2349 1.4
    endloop
  endfacet
  facet normal 0.53856 -0.459904 0.706004
    outer loop
      vertex 24.1983 17.5141 0.6
      vertex 23.7651 18.2349 1.4
      vertex 23.5511 17.9843 1.4
    endloop
  endfacet
  facet normal 0.0785993 -0.996906 0
    outer loop
      vertex 24.9215 18.8241 1.4
      vertex 25.25 18.85 3.2
      vertex 24.9215 18.8241 3.2
    endloop
  endfacet
  facet normal 0.0785993 -0.996906 0
    outer loop
      vertex 25.25 18.85 3.2
      vertex 24.9215 18.8241 1.4
      vertex 25.25 18.85 1.4
    endloop
  endfacet
  facet normal 0.165306 -0.688657 0.705992
    outer loop
      vertex 24.8483 17.9864 0.6
      vertex 25.0466 18.034 0.6
      vertex 24.6011 18.7472 1.4
    endloop
  endfacet
  facet normal 0.165288 -0.688665 0.705989
    outer loop
      vertex 25.0466 18.034 0.6
      vertex 24.9215 18.8241 1.4
      vertex 24.6011 18.7472 1.4
    endloop
  endfacet
  facet normal -0.654313 -0.270965 0.706011
    outer loop
      vertex 60.7472 17.3989 1.4
      vertex 60.6211 17.7034 1.4
      vertex 59.9083 17.3402 0.6
    endloop
  endfacet
  facet normal -0.459904 -0.53856 0.706004
    outer loop
      vertex 60.2349 18.2349 1.4
      vertex 59.9843 18.4489 1.4
      vertex 59.5141 17.8017 0.6
    endloop
  endfacet
  facet normal -0.233384 -0.972385 0
    outer loop
      vertex 59.0785 18.8241 1.4
      vertex 59.3989 18.7472 3.2
      vertex 59.0785 18.8241 3.2
    endloop
  endfacet
  facet normal -0.233384 -0.972385 -0
    outer loop
      vertex 59.3989 18.7472 3.2
      vertex 59.0785 18.8241 1.4
      vertex 59.3989 18.7472 1.4
    endloop
  endfacet
  facet normal -0.53856 0.459904 0.706004
    outer loop
      vertex 60.2349 -18.2349 1.4
      vertex 60.4489 -17.9843 1.4
      vertex 59.8017 -17.5141 0.6
    endloop
  endfacet
  facet normal -0.0785993 -0.996906 0
    outer loop
      vertex 58.75 18.85 1.4
      vertex 59.0785 18.8241 3.2
      vertex 58.75 18.85 3.2
    endloop
  endfacet
  facet normal -0.0785993 -0.996906 -0
    outer loop
      vertex 59.0785 18.8241 3.2
      vertex 58.75 18.85 1.4
      vertex 59.0785 18.8241 1.4
    endloop
  endfacet
  facet normal -0.382611 0.92391 0
    outer loop
      vertex 59.7034 -18.6211 1.4
      vertex 59.3989 -18.7472 3.2
      vertex 59.7034 -18.6211 3.2
    endloop
  endfacet
  facet normal -0.382611 0.92391 0
    outer loop
      vertex 59.3989 -18.7472 3.2
      vertex 59.7034 -18.6211 1.4
      vertex 59.3989 -18.7472 1.4
    endloop
  endfacet
  facet normal 0.996906 -0.0785993 0
    outer loop
      vertex 23.15 16.75 3.2
      vertex 23.1759 17.0785 1.4
      vertex 23.1759 17.0785 3.2
    endloop
  endfacet
  facet normal 0.996906 -0.0785993 0
    outer loop
      vertex 23.1759 17.0785 1.4
      vertex 23.15 16.75 3.2
      vertex 23.15 16.75 1.4
    endloop
  endfacet
  facet normal -0.688665 0.165288 0.705989
    outer loop
      vertex 60.7472 -17.3989 1.4
      vertex 60.8241 -17.0785 1.4
      vertex 60.034 -16.9534 0.6
    endloop
  endfacet
  facet normal -0.688657 -0.165306 0.705992
    outer loop
      vertex 60.034 16.9534 0.6
      vertex 60.7472 17.3989 1.4
      vertex 59.9864 17.1517 0.6
    endloop
  endfacet
  facet normal 0.52264 -0.852553 0
    outer loop
      vertex 24.0157 18.4489 1.4
      vertex 24.2966 18.6211 3.2
      vertex 24.0157 18.4489 3.2
    endloop
  endfacet
  facet normal 0.52264 -0.852553 0
    outer loop
      vertex 24.2966 18.6211 3.2
      vertex 24.0157 18.4489 1.4
      vertex 24.2966 18.6211 1.4
    endloop
  endfacet
  facet normal -0.603782 0.370136 0.706007
    outer loop
      vertex 60.4489 -17.9843 1.4
      vertex 60.6211 -17.7034 1.4
      vertex 59.8017 -17.5141 0.6
    endloop
  endfacet
  facet normal -0.996906 -0.0785993 0
    outer loop
      vertex 60.85 16.75 1.4
      vertex 60.8241 17.0785 3.2
      vertex 60.8241 17.0785 1.4
    endloop
  endfacet
  facet normal -0.996906 -0.0785993 0
    outer loop
      vertex 60.8241 17.0785 3.2
      vertex 60.85 16.75 1.4
      vertex 60.85 16.75 3.2
    endloop
  endfacet
  facet normal 0.852553 -0.52264 0
    outer loop
      vertex 23.3789 17.7034 3.2
      vertex 23.5511 17.9843 1.4
      vertex 23.5511 17.9843 3.2
    endloop
  endfacet
  facet normal 0.852553 -0.52264 0
    outer loop
      vertex 23.5511 17.9843 1.4
      vertex 23.3789 17.7034 3.2
      vertex 23.3789 17.7034 1.4
    endloop
  endfacet
  facet normal -0.688657 0.165306 0.705992
    outer loop
      vertex 60.7472 -17.3989 1.4
      vertex 60.034 -16.9534 0.6
      vertex 59.9864 -17.1517 0.6
    endloop
  endfacet
  facet normal 0.0556654 0.706027 0.705994
    outer loop
      vertex 25.25 -18.85 1.4
      vertex 25.0466 -18.034 0.6
      vertex 24.9215 -18.8241 1.4
    endloop
  endfacet
  facet normal 0.0785993 0.996906 -0
    outer loop
      vertex 25.25 -18.85 1.4
      vertex 24.9215 -18.8241 3.2
      vertex 25.25 -18.85 3.2
    endloop
  endfacet
  facet normal 0.0785993 0.996906 0
    outer loop
      vertex 24.9215 -18.8241 3.2
      vertex 25.25 -18.85 1.4
      vertex 24.9215 -18.8241 1.4
    endloop
  endfacet
  facet normal -0.382611 -0.92391 0
    outer loop
      vertex 59.3989 18.7472 1.4
      vertex 59.7034 18.6211 3.2
      vertex 59.3989 18.7472 3.2
    endloop
  endfacet
  facet normal -0.382611 -0.92391 -0
    outer loop
      vertex 59.7034 18.6211 3.2
      vertex 59.3989 18.7472 1.4
      vertex 59.7034 18.6211 1.4
    endloop
  endfacet
  facet normal 0.654285 -0.271086 0.705991
    outer loop
      vertex 24.0136 17.1517 0.6
      vertex 24.0917 17.3402 0.6
      vertex 23.2528 17.3989 1.4
    endloop
  endfacet
  facet normal 0.603789 -0.37012 0.70601
    outer loop
      vertex 24.0917 17.3402 0.6
      vertex 24.1983 17.5141 0.6
      vertex 23.3789 17.7034 1.4
    endloop
  endfacet
  facet normal -0.852553 -0.52264 0
    outer loop
      vertex 60.6211 17.7034 1.4
      vertex 60.4489 17.9843 3.2
      vertex 60.4489 17.9843 1.4
    endloop
  endfacet
  facet normal -0.852553 -0.52264 0
    outer loop
      vertex 60.4489 17.9843 3.2
      vertex 60.6211 17.7034 1.4
      vertex 60.6211 17.7034 3.2
    endloop
  endfacet
  facet normal -0.92391 0.382611 0
    outer loop
      vertex 60.6211 -17.7034 1.4
      vertex 60.7472 -17.3989 3.2
      vertex 60.7472 -17.3989 1.4
    endloop
  endfacet
  facet normal -0.92391 0.382611 0
    outer loop
      vertex 60.7472 -17.3989 3.2
      vertex 60.6211 -17.7034 1.4
      vertex 60.6211 -17.7034 3.2
    endloop
  endfacet
  facet normal -0.706015 0.0555371 0.706015
    outer loop
      vertex 60.85 -16.75 1.4
      vertex 60.05 -16.75 0.6
      vertex 60.034 -16.9534 0.6
    endloop
  endfacet
  facet normal 0 0 1
    outer loop
      vertex 58.75 18.05 0.6
      vertex 60.05 16.75 0.6
      vertex 60.034 16.9534 0.6
    endloop
  endfacet
  facet normal 0 0 1
    outer loop
      vertex 60.05 16.75 0.6
      vertex 58.75 18.05 0.6
      vertex 60.05 -16.75 0.6
    endloop
  endfacet
  facet normal 0 0 1
    outer loop
      vertex 58.75 18.05 0.6
      vertex 60.034 16.9534 0.6
      vertex 59.9864 17.1517 0.6
    endloop
  endfacet
  facet normal 0 0 1
    outer loop
      vertex 58.75 -18.05 0.6
      vertex 60.05 -16.75 0.6
      vertex 58.75 18.05 0.6
    endloop
  endfacet
  facet normal 0 0 1
    outer loop
      vertex 58.75 18.05 0.6
      vertex 59.9864 17.1517 0.6
      vertex 59.9083 17.3402 0.6
    endloop
  endfacet
  facet normal 0 0 1
    outer loop
      vertex 60.05 -16.75 0.6
      vertex 58.75 -18.05 0.6
      vertex 60.034 -16.9534 0.6
    endloop
  endfacet
  facet normal 0 0 1
    outer loop
      vertex 58.75 18.05 0.6
      vertex 59.9083 17.3402 0.6
      vertex 59.8017 17.5141 0.6
    endloop
  endfacet
  facet normal 0 0 1
    outer loop
      vertex 60.034 -16.9534 0.6
      vertex 58.75 -18.05 0.6
      vertex 59.9864 -17.1517 0.6
    endloop
  endfacet
  facet normal 0 0 1
    outer loop
      vertex 58.75 18.05 0.6
      vertex 59.8017 17.5141 0.6
      vertex 59.6692 17.6692 0.6
    endloop
  endfacet
  facet normal 0 0 1
    outer loop
      vertex 59.9864 -17.1517 0.6
      vertex 58.75 -18.05 0.6
      vertex 59.9083 -17.3402 0.6
    endloop
  endfacet
  facet normal 0 0 1
    outer loop
      vertex 58.75 18.05 0.6
      vertex 59.6692 17.6692 0.6
      vertex 59.5141 17.8017 0.6
    endloop
  endfacet
  facet normal 0 0 1
    outer loop
      vertex 59.9083 -17.3402 0.6
      vertex 58.75 -18.05 0.6
      vertex 59.8017 -17.5141 0.6
    endloop
  endfacet
  facet normal 0 0 1
    outer loop
      vertex 58.75 18.05 0.6
      vertex 59.5141 17.8017 0.6
      vertex 59.3402 17.9083 0.6
    endloop
  endfacet
  facet normal 0 0 1
    outer loop
      vertex 59.8017 -17.5141 0.6
      vertex 58.75 -18.05 0.6
      vertex 59.6692 -17.6692 0.6
    endloop
  endfacet
  facet normal 0 0 1
    outer loop
      vertex 58.75 18.05 0.6
      vertex 59.3402 17.9083 0.6
      vertex 59.1517 17.9864 0.6
    endloop
  endfacet
  facet normal 0 0 1
    outer loop
      vertex 59.6692 -17.6692 0.6
      vertex 58.75 -18.05 0.6
      vertex 59.5141 -17.8017 0.6
    endloop
  endfacet
  facet normal 0 0 1
    outer loop
      vertex 58.75 18.05 0.6
      vertex 59.1517 17.9864 0.6
      vertex 58.9534 18.034 0.6
    endloop
  endfacet
  facet normal 0 0 1
    outer loop
      vertex 59.5141 -17.8017 0.6
      vertex 58.75 -18.05 0.6
      vertex 59.3402 -17.9083 0.6
    endloop
  endfacet
  facet normal 0 0 1
    outer loop
      vertex 59.3402 -17.9083 0.6
      vertex 58.75 -18.05 0.6
      vertex 59.1517 -17.9864 0.6
    endloop
  endfacet
  facet normal 0 0 1
    outer loop
      vertex 59.1517 -17.9864 0.6
      vertex 58.75 -18.05 0.6
      vertex 58.9534 -18.034 0.6
    endloop
  endfacet
  facet normal -0 0 1
    outer loop
      vertex 25.25 18.05 0.6
      vertex 58.75 -18.05 0.6
      vertex 58.75 18.05 0.6
    endloop
  endfacet
  facet normal 0 0 1
    outer loop
      vertex 25.25 18.05 0.6
      vertex 25.25 -18.05 0.6
      vertex 58.75 -18.05 0.6
    endloop
  endfacet
  facet normal 0 0 1
    outer loop
      vertex 23.95 16.75 0.6
      vertex 25.25 18.05 0.6
      vertex 25.0466 18.034 0.6
    endloop
  endfacet
  facet normal 0 0 1
    outer loop
      vertex 25.25 18.05 0.6
      vertex 23.95 16.75 0.6
      vertex 25.25 -18.05 0.6
    endloop
  endfacet
  facet normal 0 0 1
    outer loop
      vertex 23.95 16.75 0.6
      vertex 25.0466 18.034 0.6
      vertex 24.8483 17.9864 0.6
    endloop
  endfacet
  facet normal -0 0 1
    outer loop
      vertex 23.95 -16.75 0.6
      vertex 25.25 -18.05 0.6
      vertex 23.95 16.75 0.6
    endloop
  endfacet
  facet normal 0 0 1
    outer loop
      vertex 23.95 16.75 0.6
      vertex 24.8483 17.9864 0.6
      vertex 24.6598 17.9083 0.6
    endloop
  endfacet
  facet normal 0 0 1
    outer loop
      vertex 25.25 -18.05 0.6
      vertex 23.95 -16.75 0.6
      vertex 25.0466 -18.034 0.6
    endloop
  endfacet
  facet normal 0 0 1
    outer loop
      vertex 23.95 16.75 0.6
      vertex 24.6598 17.9083 0.6
      vertex 24.4859 17.8017 0.6
    endloop
  endfacet
  facet normal 0 0 1
    outer loop
      vertex 25.0466 -18.034 0.6
      vertex 23.95 -16.75 0.6
      vertex 24.8483 -17.9864 0.6
    endloop
  endfacet
  facet normal 0 0 1
    outer loop
      vertex 23.95 16.75 0.6
      vertex 24.4859 17.8017 0.6
      vertex 24.3308 17.6692 0.6
    endloop
  endfacet
  facet normal 0 0 1
    outer loop
      vertex 24.8483 -17.9864 0.6
      vertex 23.95 -16.75 0.6
      vertex 24.6598 -17.9083 0.6
    endloop
  endfacet
  facet normal 0 0 1
    outer loop
      vertex 23.95 16.75 0.6
      vertex 24.3308 17.6692 0.6
      vertex 24.1983 17.5141 0.6
    endloop
  endfacet
  facet normal 0 0 1
    outer loop
      vertex 24.6598 -17.9083 0.6
      vertex 23.95 -16.75 0.6
      vertex 24.4859 -17.8017 0.6
    endloop
  endfacet
  facet normal 0 0 1
    outer loop
      vertex 23.95 16.75 0.6
      vertex 24.1983 17.5141 0.6
      vertex 24.0917 17.3402 0.6
    endloop
  endfacet
  facet normal 0 0 1
    outer loop
      vertex 24.4859 -17.8017 0.6
      vertex 23.95 -16.75 0.6
      vertex 24.3308 -17.6692 0.6
    endloop
  endfacet
  facet normal 0 0 1
    outer loop
      vertex 23.95 16.75 0.6
      vertex 24.0917 17.3402 0.6
      vertex 24.0136 17.1517 0.6
    endloop
  endfacet
  facet normal 0 0 1
    outer loop
      vertex 24.3308 -17.6692 0.6
      vertex 23.95 -16.75 0.6
      vertex 24.1983 -17.5141 0.6
    endloop
  endfacet
  facet normal 0 0 1
    outer loop
      vertex 23.95 16.75 0.6
      vertex 24.0136 17.1517 0.6
      vertex 23.966 16.9534 0.6
    endloop
  endfacet
  facet normal 0 0 1
    outer loop
      vertex 24.1983 -17.5141 0.6
      vertex 23.95 -16.75 0.6
      vertex 24.0917 -17.3402 0.6
    endloop
  endfacet
  facet normal 0 0 1
    outer loop
      vertex 24.0917 -17.3402 0.6
      vertex 23.95 -16.75 0.6
      vertex 24.0136 -17.1517 0.6
    endloop
  endfacet
  facet normal 0 0 1
    outer loop
      vertex 24.0136 -17.1517 0.6
      vertex 23.95 -16.75 0.6
      vertex 23.966 -16.9534 0.6
    endloop
  endfacet
  facet normal -0.165306 -0.688657 0.705992
    outer loop
      vertex 59.1517 17.9864 0.6
      vertex 59.3989 18.7472 1.4
      vertex 58.9534 18.034 0.6
    endloop
  endfacet
  facet normal 0.270965 -0.654313 0.706011
    outer loop
      vertex 24.6598 17.9083 0.6
      vertex 24.6011 18.7472 1.4
      vertex 24.2966 18.6211 1.4
    endloop
  endfacet
  facet normal 0.271086 -0.654285 0.705991
    outer loop
      vertex 24.6598 17.9083 0.6
      vertex 24.8483 17.9864 0.6
      vertex 24.6011 18.7472 1.4
    endloop
  endfacet
  facet normal -0.654285 -0.271086 0.705991
    outer loop
      vertex 59.9864 17.1517 0.6
      vertex 60.7472 17.3989 1.4
      vertex 59.9083 17.3402 0.6
    endloop
  endfacet
  facet normal 0.382611 -0.92391 0
    outer loop
      vertex 24.2966 18.6211 1.4
      vertex 24.6011 18.7472 3.2
      vertex 24.2966 18.6211 3.2
    endloop
  endfacet
  facet normal 0.382611 -0.92391 0
    outer loop
      vertex 24.6011 18.7472 3.2
      vertex 24.2966 18.6211 1.4
      vertex 24.6011 18.7472 1.4
    endloop
  endfacet
  facet normal -0.603789 0.37012 0.70601
    outer loop
      vertex 60.6211 -17.7034 1.4
      vertex 59.9083 -17.3402 0.6
      vertex 59.8017 -17.5141 0.6
    endloop
  endfacet
  facet normal 0.459994 -0.538453 0.706027
    outer loop
      vertex 24.3308 17.6692 0.6
      vertex 24.4859 17.8017 0.6
      vertex 23.7651 18.2349 1.4
    endloop
  endfacet
  facet normal -0.654313 0.270965 0.706011
    outer loop
      vertex 60.6211 -17.7034 1.4
      vertex 60.7472 -17.3989 1.4
      vertex 59.9083 -17.3402 0.6
    endloop
  endfacet
  facet normal -0.603782 -0.370136 0.706007
    outer loop
      vertex 60.6211 17.7034 1.4
      vertex 60.4489 17.9843 1.4
      vertex 59.8017 17.5141 0.6
    endloop
  endfacet
  facet normal -0.706027 -0.0556654 0.705994
    outer loop
      vertex 60.85 16.75 1.4
      vertex 60.8241 17.0785 1.4
      vertex 60.034 16.9534 0.6
    endloop
  endfacet
  facet normal -0.688665 -0.165288 0.705989
    outer loop
      vertex 60.8241 17.0785 1.4
      vertex 60.7472 17.3989 1.4
      vertex 60.034 16.9534 0.6
    endloop
  endfacet
  facet normal 0.16528 0.688629 0.706026
    outer loop
      vertex 24.5852 -20.9477 5.35
      vertex 24.9215 -18.8241 3.2
      vertex 24.6011 -18.7472 3.2
    endloop
  endfacet
  facet normal 0.165333 0.688623 0.70602
    outer loop
      vertex 24.5852 -20.9477 5.35
      vertex 24.6011 -18.7472 3.2
      vertex 23.9367 -20.792 5.35
    endloop
  endfacet
  facet normal 0.705992 0.0556627 0.706029
    outer loop
      vertex 21.0523 -17.4148 5.35
      vertex 23.1759 -17.0785 3.2
      vertex 23.15 -16.75 3.2
    endloop
  endfacet
  facet normal 0.0555424 0.706015 0.706015
    outer loop
      vertex 25.25 -21 5.35
      vertex 25.25 -18.85 3.2
      vertex 24.5852 -20.9477 5.35
    endloop
  endfacet
  facet normal 0 -0.707107 0.707107
    outer loop
      vertex 25.25 18.85 3.2
      vertex 58.75 21 5.35
      vertex 25.25 21 5.35
    endloop
  endfacet
  facet normal 0 -0.707107 0.707107
    outer loop
      vertex 58.75 21 5.35
      vertex 25.25 18.85 3.2
      vertex 58.75 18.85 3.2
    endloop
  endfacet
  facet normal 0.459932 0.538516 0.706019
    outer loop
      vertex 22.7519 -20.1883 5.35
      vertex 23.7651 -18.2349 3.2
      vertex 22.2448 -19.7552 5.35
    endloop
  endfacet
  facet normal 0.688623 0.165333 0.70602
    outer loop
      vertex 21.208 -18.0633 5.35
      vertex 23.2528 -17.3989 3.2
      vertex 21.0523 -17.4148 5.35
    endloop
  endfacet
  facet normal 0.270978 0.654297 0.706021
    outer loop
      vertex 23.9367 -20.792 5.35
      vertex 24.6011 -18.7472 3.2
      vertex 23.3205 -20.5368 5.35
    endloop
  endfacet
  facet normal 0.538516 -0.459932 0.706019
    outer loop
      vertex 23.7651 18.2349 3.2
      vertex 22.2448 19.7552 5.35
      vertex 21.8117 19.2481 5.35
    endloop
  endfacet
  facet normal 0.45989 0.538544 0.706025
    outer loop
      vertex 22.7519 -20.1883 5.35
      vertex 24.0157 -18.4489 3.2
      vertex 23.7651 -18.2349 3.2
    endloop
  endfacet
  facet normal 0.706015 0.0555424 0.706015
    outer loop
      vertex 21.0523 -17.4148 5.35
      vertex 23.15 -16.75 3.2
      vertex 21 -16.75 5.35
    endloop
  endfacet
  facet normal -0.270978 0.654297 0.706021
    outer loop
      vertex 60.0633 -20.792 5.35
      vertex 60.6795 -20.5368 5.35
      vertex 59.3989 -18.7472 3.2
    endloop
  endfacet
  facet normal -0.603766 0.370126 0.706026
    outer loop
      vertex 62.1883 -19.2481 5.35
      vertex 60.6211 -17.7034 3.2
      vertex 60.4489 -17.9843 3.2
    endloop
  endfacet
  facet normal 0.0556627 -0.705992 0.706029
    outer loop
      vertex 24.9215 18.8241 3.2
      vertex 25.25 18.85 3.2
      vertex 24.5852 20.9477 5.35
    endloop
  endfacet
  facet normal -0.603805 0.370077 0.706019
    outer loop
      vertex 62.1883 -19.2481 5.35
      vertex 62.5368 -18.6795 5.35
      vertex 60.6211 -17.7034 3.2
    endloop
  endfacet
  facet normal -0.654297 -0.270978 0.706021
    outer loop
      vertex 62.792 18.0633 5.35
      vertex 62.5368 18.6795 5.35
      vertex 60.7472 17.3989 3.2
    endloop
  endfacet
  facet normal -0.459932 0.538516 0.706019
    outer loop
      vertex 61.2481 -20.1883 5.35
      vertex 61.7552 -19.7552 5.35
      vertex 60.2349 -18.2349 3.2
    endloop
  endfacet
  facet normal 0.16528 -0.688629 0.706026
    outer loop
      vertex 24.6011 18.7472 3.2
      vertex 24.9215 18.8241 3.2
      vertex 24.5852 20.9477 5.35
    endloop
  endfacet
  facet normal -0.16528 -0.688629 0.706026
    outer loop
      vertex 59.3989 18.7472 3.2
      vertex 59.4148 20.9477 5.35
      vertex 59.0785 18.8241 3.2
    endloop
  endfacet
  facet normal 0.538516 0.459932 0.706019
    outer loop
      vertex 22.2448 -19.7552 5.35
      vertex 23.7651 -18.2349 3.2
      vertex 21.8117 -19.2481 5.35
    endloop
  endfacet
  facet normal -0.0556627 -0.705992 0.706029
    outer loop
      vertex 59.0785 18.8241 3.2
      vertex 59.4148 20.9477 5.35
      vertex 58.75 18.85 3.2
    endloop
  endfacet
  facet normal -0.370126 -0.603766 0.706026
    outer loop
      vertex 59.9843 18.4489 3.2
      vertex 61.2481 20.1883 5.35
      vertex 59.7034 18.6211 3.2
    endloop
  endfacet
  facet normal -0.270962 -0.654306 0.706019
    outer loop
      vertex 59.7034 18.6211 3.2
      vertex 60.6795 20.5368 5.35
      vertex 59.3989 18.7472 3.2
    endloop
  endfacet
  facet normal -0.165333 0.688623 0.70602
    outer loop
      vertex 59.4148 -20.9477 5.35
      vertex 60.0633 -20.792 5.35
      vertex 59.3989 -18.7472 3.2
    endloop
  endfacet
  facet normal -0.707107 0 0.707107
    outer loop
      vertex 60.85 -16.75 3.2
      vertex 63 16.75 5.35
      vertex 60.85 16.75 3.2
    endloop
  endfacet
  facet normal -0.707107 0 0.707107
    outer loop
      vertex 63 16.75 5.35
      vertex 60.85 -16.75 3.2
      vertex 63 -16.75 5.35
    endloop
  endfacet
  facet normal -0.706015 0.0555424 0.706015
    outer loop
      vertex 62.9477 -17.4148 5.35
      vertex 63 -16.75 5.35
      vertex 60.85 -16.75 3.2
    endloop
  endfacet
  facet normal 0.707107 -0 0.707107
    outer loop
      vertex 21 -16.75 5.35
      vertex 23.15 16.75 3.2
      vertex 21 16.75 5.35
    endloop
  endfacet
  facet normal 0.707107 0 0.707107
    outer loop
      vertex 23.15 16.75 3.2
      vertex 21 -16.75 5.35
      vertex 23.15 -16.75 3.2
    endloop
  endfacet
  facet normal -0.705992 -0.0556627 0.706029
    outer loop
      vertex 60.85 16.75 3.2
      vertex 62.9477 17.4148 5.35
      vertex 60.8241 17.0785 3.2
    endloop
  endfacet
  facet normal -0.538516 0.459932 0.706019
    outer loop
      vertex 61.7552 -19.7552 5.35
      vertex 62.1883 -19.2481 5.35
      vertex 60.2349 -18.2349 3.2
    endloop
  endfacet
  facet normal -0.0555424 -0.706015 0.706015
    outer loop
      vertex 59.4148 20.9477 5.35
      vertex 58.75 21 5.35
      vertex 58.75 18.85 3.2
    endloop
  endfacet
  facet normal 0.603805 0.370077 0.706019
    outer loop
      vertex 21.8117 -19.2481 5.35
      vertex 23.3789 -17.7034 3.2
      vertex 21.4632 -18.6795 5.35
    endloop
  endfacet
  facet normal -0.654306 0.270962 0.706019
    outer loop
      vertex 62.5368 -18.6795 5.35
      vertex 60.7472 -17.3989 3.2
      vertex 60.6211 -17.7034 3.2
    endloop
  endfacet
  facet normal 0.706015 -0.0555424 0.706015
    outer loop
      vertex 23.15 16.75 3.2
      vertex 21.0523 17.4148 5.35
      vertex 21 16.75 5.35
    endloop
  endfacet
  facet normal -0.654306 -0.270962 0.706019
    outer loop
      vertex 60.7472 17.3989 3.2
      vertex 62.5368 18.6795 5.35
      vertex 60.6211 17.7034 3.2
    endloop
  endfacet
  facet normal 0.0556627 0.705992 0.706029
    outer loop
      vertex 24.5852 -20.9477 5.35
      vertex 25.25 -18.85 3.2
      vertex 24.9215 -18.8241 3.2
    endloop
  endfacet
  facet normal -0.45989 -0.538544 0.706025
    outer loop
      vertex 60.2349 18.2349 3.2
      vertex 61.2481 20.1883 5.35
      vertex 59.9843 18.4489 3.2
    endloop
  endfacet
  facet normal -0.538516 -0.459932 0.706019
    outer loop
      vertex 62.1883 19.2481 5.35
      vertex 61.7552 19.7552 5.35
      vertex 60.2349 18.2349 3.2
    endloop
  endfacet
  facet normal 0.688623 -0.165333 0.70602
    outer loop
      vertex 23.2528 17.3989 3.2
      vertex 21.208 18.0633 5.35
      vertex 21.0523 17.4148 5.35
    endloop
  endfacet
  facet normal 0 0.707107 0.707107
    outer loop
      vertex 58.75 -18.85 3.2
      vertex 25.25 -21 5.35
      vertex 58.75 -21 5.35
    endloop
  endfacet
  facet normal 0 0.707107 0.707107
    outer loop
      vertex 25.25 -21 5.35
      vertex 58.75 -18.85 3.2
      vertex 25.25 -18.85 3.2
    endloop
  endfacet
  facet normal 0.654297 -0.270978 0.706021
    outer loop
      vertex 23.2528 17.3989 3.2
      vertex 21.4632 18.6795 5.35
      vertex 21.208 18.0633 5.35
    endloop
  endfacet
  facet normal -0.688629 -0.16528 0.706026
    outer loop
      vertex 60.8241 17.0785 3.2
      vertex 62.9477 17.4148 5.35
      vertex 60.7472 17.3989 3.2
    endloop
  endfacet
  facet normal 0.270962 -0.654306 0.706019
    outer loop
      vertex 24.2966 18.6211 3.2
      vertex 24.6011 18.7472 3.2
      vertex 23.3205 20.5368 5.35
    endloop
  endfacet
  facet normal 0.603766 -0.370126 0.706026
    outer loop
      vertex 23.3789 17.7034 3.2
      vertex 23.5511 17.9843 3.2
      vertex 21.8117 19.2481 5.35
    endloop
  endfacet
  facet normal -0.370077 -0.603805 0.706019
    outer loop
      vertex 61.2481 20.1883 5.35
      vertex 60.6795 20.5368 5.35
      vertex 59.7034 18.6211 3.2
    endloop
  endfacet
  facet normal -0.270962 0.654306 0.706019
    outer loop
      vertex 60.6795 -20.5368 5.35
      vertex 59.7034 -18.6211 3.2
      vertex 59.3989 -18.7472 3.2
    endloop
  endfacet
  facet normal 0.654306 0.270962 0.706019
    outer loop
      vertex 21.4632 -18.6795 5.35
      vertex 23.3789 -17.7034 3.2
      vertex 23.2528 -17.3989 3.2
    endloop
  endfacet
  facet normal 0.370126 -0.603766 0.706026
    outer loop
      vertex 24.0157 18.4489 3.2
      vertex 24.2966 18.6211 3.2
      vertex 22.7519 20.1883 5.35
    endloop
  endfacet
  facet normal 0.654306 -0.270962 0.706019
    outer loop
      vertex 23.2528 17.3989 3.2
      vertex 23.3789 17.7034 3.2
      vertex 21.4632 18.6795 5.35
    endloop
  endfacet
  facet normal -0.270978 -0.654297 0.706021
    outer loop
      vertex 60.6795 20.5368 5.35
      vertex 60.0633 20.792 5.35
      vertex 59.3989 18.7472 3.2
    endloop
  endfacet
  facet normal 0.654297 0.270978 0.706021
    outer loop
      vertex 21.4632 -18.6795 5.35
      vertex 23.2528 -17.3989 3.2
      vertex 21.208 -18.0633 5.35
    endloop
  endfacet
  facet normal 0.688629 -0.16528 0.706026
    outer loop
      vertex 23.1759 17.0785 3.2
      vertex 23.2528 17.3989 3.2
      vertex 21.0523 17.4148 5.35
    endloop
  endfacet
  facet normal -0.0556627 0.705992 0.706029
    outer loop
      vertex 59.4148 -20.9477 5.35
      vertex 59.0785 -18.8241 3.2
      vertex 58.75 -18.85 3.2
    endloop
  endfacet
  facet normal 0.688629 0.16528 0.706026
    outer loop
      vertex 21.0523 -17.4148 5.35
      vertex 23.2528 -17.3989 3.2
      vertex 23.1759 -17.0785 3.2
    endloop
  endfacet
  facet normal -0.706015 -0.0555424 0.706015
    outer loop
      vertex 63 16.75 5.35
      vertex 62.9477 17.4148 5.35
      vertex 60.85 16.75 3.2
    endloop
  endfacet
  facet normal -0.45989 0.538544 0.706025
    outer loop
      vertex 61.2481 -20.1883 5.35
      vertex 60.2349 -18.2349 3.2
      vertex 59.9843 -18.4489 3.2
    endloop
  endfacet
  facet normal 0.370126 0.603766 0.706026
    outer loop
      vertex 22.7519 -20.1883 5.35
      vertex 24.2966 -18.6211 3.2
      vertex 24.0157 -18.4489 3.2
    endloop
  endfacet
  facet normal -0.165333 -0.688623 0.70602
    outer loop
      vertex 60.0633 20.792 5.35
      vertex 59.4148 20.9477 5.35
      vertex 59.3989 18.7472 3.2
    endloop
  endfacet
  facet normal -0.0555424 0.706015 0.706015
    outer loop
      vertex 59.4148 -20.9477 5.35
      vertex 58.75 -18.85 3.2
      vertex 58.75 -21 5.35
    endloop
  endfacet
  facet normal -0.654297 0.270978 0.706021
    outer loop
      vertex 62.5368 -18.6795 5.35
      vertex 62.792 -18.0633 5.35
      vertex 60.7472 -17.3989 3.2
    endloop
  endfacet
  facet normal -0.538544 0.45989 0.706025
    outer loop
      vertex 62.1883 -19.2481 5.35
      vertex 60.4489 -17.9843 3.2
      vertex 60.2349 -18.2349 3.2
    endloop
  endfacet
  facet normal -0.688623 0.165333 0.70602
    outer loop
      vertex 62.792 -18.0633 5.35
      vertex 62.9477 -17.4148 5.35
      vertex 60.7472 -17.3989 3.2
    endloop
  endfacet
  facet normal -0.16528 0.688629 0.706026
    outer loop
      vertex 59.4148 -20.9477 5.35
      vertex 59.3989 -18.7472 3.2
      vertex 59.0785 -18.8241 3.2
    endloop
  endfacet
  facet normal 0.165333 -0.688623 0.70602
    outer loop
      vertex 24.6011 18.7472 3.2
      vertex 24.5852 20.9477 5.35
      vertex 23.9367 20.792 5.35
    endloop
  endfacet
  facet normal -0.603805 -0.370077 0.706019
    outer loop
      vertex 62.5368 18.6795 5.35
      vertex 62.1883 19.2481 5.35
      vertex 60.6211 17.7034 3.2
    endloop
  endfacet
  facet normal -0.459932 -0.538516 0.706019
    outer loop
      vertex 61.7552 19.7552 5.35
      vertex 61.2481 20.1883 5.35
      vertex 60.2349 18.2349 3.2
    endloop
  endfacet
  facet normal 0.603766 0.370126 0.706026
    outer loop
      vertex 21.8117 -19.2481 5.35
      vertex 23.5511 -17.9843 3.2
      vertex 23.3789 -17.7034 3.2
    endloop
  endfacet
  facet normal 0.538544 0.45989 0.706025
    outer loop
      vertex 21.8117 -19.2481 5.35
      vertex 23.7651 -18.2349 3.2
      vertex 23.5511 -17.9843 3.2
    endloop
  endfacet
  facet normal 0.370077 0.603805 0.706019
    outer loop
      vertex 23.3205 -20.5368 5.35
      vertex 24.2966 -18.6211 3.2
      vertex 22.7519 -20.1883 5.35
    endloop
  endfacet
  facet normal 0.270962 0.654306 0.706019
    outer loop
      vertex 23.3205 -20.5368 5.35
      vertex 24.6011 -18.7472 3.2
      vertex 24.2966 -18.6211 3.2
    endloop
  endfacet
  facet normal 0.538544 -0.45989 0.706025
    outer loop
      vertex 23.5511 17.9843 3.2
      vertex 23.7651 18.2349 3.2
      vertex 21.8117 19.2481 5.35
    endloop
  endfacet
  facet normal 0.603805 -0.370077 0.706019
    outer loop
      vertex 23.3789 17.7034 3.2
      vertex 21.8117 19.2481 5.35
      vertex 21.4632 18.6795 5.35
    endloop
  endfacet
  facet normal -0.688629 0.16528 0.706026
    outer loop
      vertex 62.9477 -17.4148 5.35
      vertex 60.8241 -17.0785 3.2
      vertex 60.7472 -17.3989 3.2
    endloop
  endfacet
  facet normal 0.705992 -0.0556627 0.706029
    outer loop
      vertex 23.15 16.75 3.2
      vertex 23.1759 17.0785 3.2
      vertex 21.0523 17.4148 5.35
    endloop
  endfacet
  facet normal 0.459932 -0.538516 0.706019
    outer loop
      vertex 23.7651 18.2349 3.2
      vertex 22.7519 20.1883 5.35
      vertex 22.2448 19.7552 5.35
    endloop
  endfacet
  facet normal 0.370077 -0.603805 0.706019
    outer loop
      vertex 24.2966 18.6211 3.2
      vertex 23.3205 20.5368 5.35
      vertex 22.7519 20.1883 5.35
    endloop
  endfacet
  facet normal -0.370126 0.603766 0.706026
    outer loop
      vertex 61.2481 -20.1883 5.35
      vertex 59.9843 -18.4489 3.2
      vertex 59.7034 -18.6211 3.2
    endloop
  endfacet
  facet normal -0.705992 0.0556627 0.706029
    outer loop
      vertex 62.9477 -17.4148 5.35
      vertex 60.85 -16.75 3.2
      vertex 60.8241 -17.0785 3.2
    endloop
  endfacet
  facet normal -0.603766 -0.370126 0.706026
    outer loop
      vertex 60.6211 17.7034 3.2
      vertex 62.1883 19.2481 5.35
      vertex 60.4489 17.9843 3.2
    endloop
  endfacet
  facet normal -0.370077 0.603805 0.706019
    outer loop
      vertex 60.6795 -20.5368 5.35
      vertex 61.2481 -20.1883 5.35
      vertex 59.7034 -18.6211 3.2
    endloop
  endfacet
  facet normal -0.538544 -0.45989 0.706025
    outer loop
      vertex 60.4489 17.9843 3.2
      vertex 62.1883 19.2481 5.35
      vertex 60.2349 18.2349 3.2
    endloop
  endfacet
  facet normal 0.45989 -0.538544 0.706025
    outer loop
      vertex 23.7651 18.2349 3.2
      vertex 24.0157 18.4489 3.2
      vertex 22.7519 20.1883 5.35
    endloop
  endfacet
  facet normal -0.688623 -0.165333 0.70602
    outer loop
      vertex 62.9477 17.4148 5.35
      vertex 62.792 18.0633 5.35
      vertex 60.7472 17.3989 3.2
    endloop
  endfacet
  facet normal 0.0555424 -0.706015 0.706015
    outer loop
      vertex 25.25 18.85 3.2
      vertex 25.25 21 5.35
      vertex 24.5852 20.9477 5.35
    endloop
  endfacet
  facet normal 0.270978 -0.654297 0.706021
    outer loop
      vertex 24.6011 18.7472 3.2
      vertex 23.9367 20.792 5.35
      vertex 23.3205 20.5368 5.35
    endloop
  endfacet
  facet normal -0.165288 0.688665 0.705989
    outer loop
      vertex 59.0785 23.1759 1.4
      vertex 59.3989 23.2528 1.4
      vertex 58.9534 23.966 0.6
    endloop
  endfacet
  facet normal -0.165306 0.688657 0.705992
    outer loop
      vertex 59.3989 23.2528 1.4
      vertex 59.1517 24.0136 0.6
      vertex 58.9534 23.966 0.6
    endloop
  endfacet
  facet normal 0.996906 0.0785993 0
    outer loop
      vertex 23.1759 24.9215 3.2
      vertex 23.15 25.25 1.4
      vertex 23.15 25.25 3.2
    endloop
  endfacet
  facet normal 0.996906 0.0785993 0
    outer loop
      vertex 23.15 25.25 1.4
      vertex 23.1759 24.9215 3.2
      vertex 23.1759 24.9215 1.4
    endloop
  endfacet
  facet normal -0.972385 -0.233384 0
    outer loop
      vertex 60.8241 59.0785 1.4
      vertex 60.7472 59.3989 3.2
      vertex 60.7472 59.3989 1.4
    endloop
  endfacet
  facet normal -0.972385 -0.233384 0
    outer loop
      vertex 60.7472 59.3989 3.2
      vertex 60.8241 59.0785 1.4
      vertex 60.8241 59.0785 3.2
    endloop
  endfacet
  facet normal -0.0555371 0.706015 0.706015
    outer loop
      vertex 58.9534 23.966 0.6
      vertex 58.75 23.95 0.6
      vertex 58.75 23.15 1.4
    endloop
  endfacet
  facet normal 0.688665 0.165288 0.705989
    outer loop
      vertex 23.2528 24.6011 1.4
      vertex 23.966 25.0466 0.6
      vertex 23.1759 24.9215 1.4
    endloop
  endfacet
  facet normal 0.706027 0.0556654 0.705994
    outer loop
      vertex 23.1759 24.9215 1.4
      vertex 23.966 25.0466 0.6
      vertex 23.15 25.25 1.4
    endloop
  endfacet
  facet normal -0.538453 -0.459994 0.706027
    outer loop
      vertex 59.8017 59.5141 0.6
      vertex 60.2349 60.2349 1.4
      vertex 59.6692 59.6692 0.6
    endloop
  endfacet
  facet normal -0.459994 0.538453 0.706027
    outer loop
      vertex 60.2349 23.7651 1.4
      vertex 59.6692 24.3308 0.6
      vertex 59.5141 24.1983 0.6
    endloop
  endfacet
  facet normal -0.0785993 0.996906 0
    outer loop
      vertex 59.0785 23.1759 1.4
      vertex 58.75 23.15 3.2
      vertex 59.0785 23.1759 3.2
    endloop
  endfacet
  facet normal -0.0785993 0.996906 0
    outer loop
      vertex 58.75 23.15 3.2
      vertex 59.0785 23.1759 1.4
      vertex 58.75 23.15 1.4
    endloop
  endfacet
  facet normal 0.972385 0.233384 0
    outer loop
      vertex 23.2528 24.6011 3.2
      vertex 23.1759 24.9215 1.4
      vertex 23.1759 24.9215 3.2
    endloop
  endfacet
  facet normal 0.972385 0.233384 0
    outer loop
      vertex 23.1759 24.9215 1.4
      vertex 23.2528 24.6011 3.2
      vertex 23.2528 24.6011 1.4
    endloop
  endfacet
  facet normal -0.37012 -0.603789 0.70601
    outer loop
      vertex 59.5141 59.8017 0.6
      vertex 59.7034 60.6211 1.4
      vertex 59.3402 59.9083 0.6
    endloop
  endfacet
  facet normal 0.233384 -0.972385 0
    outer loop
      vertex 24.6011 60.7472 1.4
      vertex 24.9215 60.8241 3.2
      vertex 24.6011 60.7472 3.2
    endloop
  endfacet
  facet normal 0.233384 -0.972385 0
    outer loop
      vertex 24.9215 60.8241 3.2
      vertex 24.6011 60.7472 1.4
      vertex 24.9215 60.8241 1.4
    endloop
  endfacet
  facet normal -0.996906 0.0785993 0
    outer loop
      vertex 60.8241 24.9215 1.4
      vertex 60.85 25.25 3.2
      vertex 60.85 25.25 1.4
    endloop
  endfacet
  facet normal -0.996906 0.0785993 0
    outer loop
      vertex 60.85 25.25 3.2
      vertex 60.8241 24.9215 1.4
      vertex 60.8241 24.9215 3.2
    endloop
  endfacet
  facet normal -0.165288 -0.688665 0.705989
    outer loop
      vertex 59.3989 60.7472 1.4
      vertex 59.0785 60.8241 1.4
      vertex 58.9534 60.034 0.6
    endloop
  endfacet
  facet normal -0 0.707107 0.707107
    outer loop
      vertex 25.25 23.95 0.6
      vertex 58.75 23.15 1.4
      vertex 58.75 23.95 0.6
    endloop
  endfacet
  facet normal 0 0.707107 0.707107
    outer loop
      vertex 58.75 23.15 1.4
      vertex 25.25 23.95 0.6
      vertex 25.25 23.15 1.4
    endloop
  endfacet
  facet normal -0.233384 0.972385 0
    outer loop
      vertex 59.3989 23.2528 1.4
      vertex 59.0785 23.1759 3.2
      vertex 59.3989 23.2528 3.2
    endloop
  endfacet
  facet normal -0.233384 0.972385 0
    outer loop
      vertex 59.0785 23.1759 3.2
      vertex 59.3989 23.2528 1.4
      vertex 59.0785 23.1759 1.4
    endloop
  endfacet
  facet normal -0.0556654 0.706027 0.705994
    outer loop
      vertex 59.0785 23.1759 1.4
      vertex 58.9534 23.966 0.6
      vertex 58.75 23.15 1.4
    endloop
  endfacet
  facet normal -0.271086 -0.654285 0.705991
    outer loop
      vertex 59.3402 59.9083 0.6
      vertex 59.3989 60.7472 1.4
      vertex 59.1517 59.9864 0.6
    endloop
  endfacet
  facet normal 0.382611 0.92391 -0
    outer loop
      vertex 24.6011 23.2528 1.4
      vertex 24.2966 23.3789 3.2
      vertex 24.6011 23.2528 3.2
    endloop
  endfacet
  facet normal 0.382611 0.92391 0
    outer loop
      vertex 24.2966 23.3789 3.2
      vertex 24.6011 23.2528 1.4
      vertex 24.2966 23.3789 1.4
    endloop
  endfacet
  facet normal -0.760455 0.649391 0
    outer loop
      vertex 60.2349 23.7651 1.4
      vertex 60.4489 24.0157 3.2
      vertex 60.4489 24.0157 1.4
    endloop
  endfacet
  facet normal -0.760455 0.649391 0
    outer loop
      vertex 60.4489 24.0157 3.2
      vertex 60.2349 23.7651 1.4
      vertex 60.2349 23.7651 3.2
    endloop
  endfacet
  facet normal 0.233384 0.972385 -0
    outer loop
      vertex 24.9215 23.1759 1.4
      vertex 24.6011 23.2528 3.2
      vertex 24.9215 23.1759 3.2
    endloop
  endfacet
  facet normal 0.233384 0.972385 0
    outer loop
      vertex 24.6011 23.2528 3.2
      vertex 24.9215 23.1759 1.4
      vertex 24.6011 23.2528 1.4
    endloop
  endfacet
  facet normal 0.0556654 -0.706027 0.705994
    outer loop
      vertex 25.0466 60.034 0.6
      vertex 25.25 60.85 1.4
      vertex 24.9215 60.8241 1.4
    endloop
  endfacet
  facet normal 0.165306 0.688657 0.705992
    outer loop
      vertex 25.0466 23.966 0.6
      vertex 24.8483 24.0136 0.6
      vertex 24.6011 23.2528 1.4
    endloop
  endfacet
  facet normal -0.270965 0.654313 0.706011
    outer loop
      vertex 59.3989 23.2528 1.4
      vertex 59.7034 23.3789 1.4
      vertex 59.3402 24.0917 0.6
    endloop
  endfacet
  facet normal -0.92391 -0.382611 0
    outer loop
      vertex 60.7472 59.3989 1.4
      vertex 60.6211 59.7034 3.2
      vertex 60.6211 59.7034 1.4
    endloop
  endfacet
  facet normal -0.92391 -0.382611 0
    outer loop
      vertex 60.6211 59.7034 3.2
      vertex 60.7472 59.3989 1.4
      vertex 60.7472 59.3989 3.2
    endloop
  endfacet
  facet normal 0.760455 -0.649391 0
    outer loop
      vertex 23.5511 59.9843 3.2
      vertex 23.7651 60.2349 1.4
      vertex 23.7651 60.2349 3.2
    endloop
  endfacet
  facet normal 0.760455 -0.649391 0
    outer loop
      vertex 23.7651 60.2349 1.4
      vertex 23.5511 59.9843 3.2
      vertex 23.5511 59.9843 1.4
    endloop
  endfacet
  facet normal 0.852553 0.52264 0
    outer loop
      vertex 23.5511 24.0157 3.2
      vertex 23.3789 24.2966 1.4
      vertex 23.3789 24.2966 3.2
    endloop
  endfacet
  facet normal 0.852553 0.52264 0
    outer loop
      vertex 23.3789 24.2966 1.4
      vertex 23.5511 24.0157 3.2
      vertex 23.5511 24.0157 1.4
    endloop
  endfacet
  facet normal -0.972385 0.233384 0
    outer loop
      vertex 60.7472 24.6011 1.4
      vertex 60.8241 24.9215 3.2
      vertex 60.8241 24.9215 1.4
    endloop
  endfacet
  facet normal -0.972385 0.233384 0
    outer loop
      vertex 60.8241 24.9215 3.2
      vertex 60.7472 24.6011 1.4
      vertex 60.7472 24.6011 3.2
    endloop
  endfacet
  facet normal 0.271086 0.654285 0.705991
    outer loop
      vertex 24.8483 24.0136 0.6
      vertex 24.6598 24.0917 0.6
      vertex 24.6011 23.2528 1.4
    endloop
  endfacet
  facet normal 0 1 -0
    outer loop
      vertex 58.75 23.15 1.4
      vertex 25.25 23.15 3.2
      vertex 58.75 23.15 3.2
    endloop
  endfacet
  facet normal 0 1 0
    outer loop
      vertex 25.25 23.15 3.2
      vertex 58.75 23.15 1.4
      vertex 25.25 23.15 1.4
    endloop
  endfacet
  facet normal 0.0555371 -0.706015 0.706015
    outer loop
      vertex 25.25 60.05 0.6
      vertex 25.25 60.85 1.4
      vertex 25.0466 60.034 0.6
    endloop
  endfacet
  facet normal -0.53856 -0.459904 0.706004
    outer loop
      vertex 60.4489 59.9843 1.4
      vertex 60.2349 60.2349 1.4
      vertex 59.8017 59.5141 0.6
    endloop
  endfacet
  facet normal -0.538453 0.459994 0.706027
    outer loop
      vertex 60.2349 23.7651 1.4
      vertex 59.8017 24.4859 0.6
      vertex 59.6692 24.3308 0.6
    endloop
  endfacet
  facet normal 0.0555371 0.706015 0.706015
    outer loop
      vertex 25.25 23.15 1.4
      vertex 25.25 23.95 0.6
      vertex 25.0466 23.966 0.6
    endloop
  endfacet
  facet normal 0 -0.707107 0.707107
    outer loop
      vertex 25.25 60.85 1.4
      vertex 58.75 60.05 0.6
      vertex 58.75 60.85 1.4
    endloop
  endfacet
  facet normal 0 -0.707107 0.707107
    outer loop
      vertex 58.75 60.05 0.6
      vertex 25.25 60.85 1.4
      vertex 25.25 60.05 0.6
    endloop
  endfacet
  facet normal -0.459994 -0.538453 0.706027
    outer loop
      vertex 59.6692 59.6692 0.6
      vertex 60.2349 60.2349 1.4
      vertex 59.5141 59.8017 0.6
    endloop
  endfacet
  facet normal 0 -1 0
    outer loop
      vertex 25.25 60.85 1.4
      vertex 58.75 60.85 3.2
      vertex 25.25 60.85 3.2
    endloop
  endfacet
  facet normal 0 -1 -0
    outer loop
      vertex 58.75 60.85 3.2
      vertex 25.25 60.85 1.4
      vertex 58.75 60.85 1.4
    endloop
  endfacet
  facet normal -0.707107 0 0.707107
    outer loop
      vertex 60.05 58.75 0.6
      vertex 60.85 25.25 1.4
      vertex 60.85 58.75 1.4
    endloop
  endfacet
  facet normal -0.707107 0 0.707107
    outer loop
      vertex 60.85 25.25 1.4
      vertex 60.05 58.75 0.6
      vertex 60.05 25.25 0.6
    endloop
  endfacet
  facet normal 0.459904 -0.53856 0.706004
    outer loop
      vertex 24.4859 59.8017 0.6
      vertex 24.0157 60.4489 1.4
      vertex 23.7651 60.2349 1.4
    endloop
  endfacet
  facet normal 0.688665 -0.165288 0.705989
    outer loop
      vertex 23.966 58.9534 0.6
      vertex 23.2528 59.3989 1.4
      vertex 23.1759 59.0785 1.4
    endloop
  endfacet
  facet normal -0.37012 0.603789 0.70601
    outer loop
      vertex 59.7034 23.3789 1.4
      vertex 59.5141 24.1983 0.6
      vertex 59.3402 24.0917 0.6
    endloop
  endfacet
  facet normal -0.52264 -0.852553 0
    outer loop
      vertex 59.7034 60.6211 1.4
      vertex 59.9843 60.4489 3.2
      vertex 59.7034 60.6211 3.2
    endloop
  endfacet
  facet normal -0.52264 -0.852553 -0
    outer loop
      vertex 59.9843 60.4489 3.2
      vertex 59.7034 60.6211 1.4
      vertex 59.9843 60.4489 1.4
    endloop
  endfacet
  facet normal 0.37012 0.603789 0.70601
    outer loop
      vertex 24.6598 24.0917 0.6
      vertex 24.4859 24.1983 0.6
      vertex 24.2966 23.3789 1.4
    endloop
  endfacet
  facet normal -0.370136 0.603782 0.706007
    outer loop
      vertex 59.7034 23.3789 1.4
      vertex 59.9843 23.5511 1.4
      vertex 59.5141 24.1983 0.6
    endloop
  endfacet
  facet normal 0.603789 0.37012 0.70601
    outer loop
      vertex 24.1983 24.4859 0.6
      vertex 24.0917 24.6598 0.6
      vertex 23.3789 24.2966 1.4
    endloop
  endfacet
  facet normal 0.654313 0.270965 0.706011
    outer loop
      vertex 23.3789 24.2966 1.4
      vertex 24.0917 24.6598 0.6
      vertex 23.2528 24.6011 1.4
    endloop
  endfacet
  facet normal 0.459994 0.538453 0.706027
    outer loop
      vertex 24.4859 24.1983 0.6
      vertex 24.3308 24.3308 0.6
      vertex 23.7651 23.7651 1.4
    endloop
  endfacet
  facet normal 0.52264 0.852553 -0
    outer loop
      vertex 24.2966 23.3789 1.4
      vertex 24.0157 23.5511 3.2
      vertex 24.2966 23.3789 3.2
    endloop
  endfacet
  facet normal 0.52264 0.852553 0
    outer loop
      vertex 24.0157 23.5511 3.2
      vertex 24.2966 23.3789 1.4
      vertex 24.0157 23.5511 1.4
    endloop
  endfacet
  facet normal -0.52264 0.852553 0
    outer loop
      vertex 59.9843 23.5511 1.4
      vertex 59.7034 23.3789 3.2
      vertex 59.9843 23.5511 3.2
    endloop
  endfacet
  facet normal -0.52264 0.852553 0
    outer loop
      vertex 59.7034 23.3789 3.2
      vertex 59.9843 23.5511 1.4
      vertex 59.7034 23.3789 1.4
    endloop
  endfacet
  facet normal 1 -0 0
    outer loop
      vertex 23.15 25.25 3.2
      vertex 23.15 58.75 1.4
      vertex 23.15 58.75 3.2
    endloop
  endfacet
  facet normal 1 0 0
    outer loop
      vertex 23.15 58.75 1.4
      vertex 23.15 25.25 3.2
      vertex 23.15 25.25 1.4
    endloop
  endfacet
  facet normal 0.706015 0.0555371 0.706015
    outer loop
      vertex 23.966 25.0466 0.6
      vertex 23.95 25.25 0.6
      vertex 23.15 25.25 1.4
    endloop
  endfacet
  facet normal 0.270965 0.654313 0.706011
    outer loop
      vertex 24.6011 23.2528 1.4
      vertex 24.6598 24.0917 0.6
      vertex 24.2966 23.3789 1.4
    endloop
  endfacet
  facet normal -1 0 0
    outer loop
      vertex 60.85 25.25 1.4
      vertex 60.85 58.75 3.2
      vertex 60.85 58.75 1.4
    endloop
  endfacet
  facet normal -1 -0 0
    outer loop
      vertex 60.85 58.75 3.2
      vertex 60.85 25.25 1.4
      vertex 60.85 25.25 3.2
    endloop
  endfacet
  facet normal -0.654285 0.271086 0.705991
    outer loop
      vertex 60.7472 24.6011 1.4
      vertex 59.9864 24.8483 0.6
      vertex 59.9083 24.6598 0.6
    endloop
  endfacet
  facet normal 0.706015 -0.0555371 0.706015
    outer loop
      vertex 23.95 58.75 0.6
      vertex 23.966 58.9534 0.6
      vertex 23.15 58.75 1.4
    endloop
  endfacet
  facet normal 0.603782 -0.370136 0.706007
    outer loop
      vertex 24.1983 59.5141 0.6
      vertex 23.5511 59.9843 1.4
      vertex 23.3789 59.7034 1.4
    endloop
  endfacet
  facet normal -0.760455 -0.649391 0
    outer loop
      vertex 60.4489 59.9843 1.4
      vertex 60.2349 60.2349 3.2
      vertex 60.2349 60.2349 1.4
    endloop
  endfacet
  facet normal -0.760455 -0.649391 0
    outer loop
      vertex 60.2349 60.2349 3.2
      vertex 60.4489 59.9843 1.4
      vertex 60.4489 59.9843 3.2
    endloop
  endfacet
  facet normal 0.92391 -0.382611 0
    outer loop
      vertex 23.2528 59.3989 3.2
      vertex 23.3789 59.7034 1.4
      vertex 23.3789 59.7034 3.2
    endloop
  endfacet
  facet normal 0.92391 -0.382611 0
    outer loop
      vertex 23.3789 59.7034 1.4
      vertex 23.2528 59.3989 3.2
      vertex 23.2528 59.3989 1.4
    endloop
  endfacet
  facet normal 0.972385 -0.233384 0
    outer loop
      vertex 23.1759 59.0785 3.2
      vertex 23.2528 59.3989 1.4
      vertex 23.2528 59.3989 3.2
    endloop
  endfacet
  facet normal 0.972385 -0.233384 0
    outer loop
      vertex 23.2528 59.3989 1.4
      vertex 23.1759 59.0785 3.2
      vertex 23.1759 59.0785 1.4
    endloop
  endfacet
  facet normal 0.538453 -0.459994 0.706027
    outer loop
      vertex 24.1983 59.5141 0.6
      vertex 24.3308 59.6692 0.6
      vertex 23.7651 60.2349 1.4
    endloop
  endfacet
  facet normal 0.53856 0.459904 0.706004
    outer loop
      vertex 23.7651 23.7651 1.4
      vertex 24.1983 24.4859 0.6
      vertex 23.5511 24.0157 1.4
    endloop
  endfacet
  facet normal 0.654285 0.271086 0.705991
    outer loop
      vertex 24.0917 24.6598 0.6
      vertex 24.0136 24.8483 0.6
      vertex 23.2528 24.6011 1.4
    endloop
  endfacet
  facet normal 0.688657 -0.165306 0.705992
    outer loop
      vertex 23.966 58.9534 0.6
      vertex 24.0136 59.1517 0.6
      vertex 23.2528 59.3989 1.4
    endloop
  endfacet
  facet normal -0.271086 0.654285 0.705991
    outer loop
      vertex 59.3989 23.2528 1.4
      vertex 59.3402 24.0917 0.6
      vertex 59.1517 24.0136 0.6
    endloop
  endfacet
  facet normal -0.649391 0.760455 0
    outer loop
      vertex 60.2349 23.7651 1.4
      vertex 59.9843 23.5511 3.2
      vertex 60.2349 23.7651 3.2
    endloop
  endfacet
  facet normal -0.649391 0.760455 0
    outer loop
      vertex 59.9843 23.5511 3.2
      vertex 60.2349 23.7651 1.4
      vertex 59.9843 23.5511 1.4
    endloop
  endfacet
  facet normal 0.654313 -0.270965 0.706011
    outer loop
      vertex 24.0917 59.3402 0.6
      vertex 23.3789 59.7034 1.4
      vertex 23.2528 59.3989 1.4
    endloop
  endfacet
  facet normal -0.459904 0.53856 0.706004
    outer loop
      vertex 59.9843 23.5511 1.4
      vertex 60.2349 23.7651 1.4
      vertex 59.5141 24.1983 0.6
    endloop
  endfacet
  facet normal -0.706027 0.0556654 0.705994
    outer loop
      vertex 60.8241 24.9215 1.4
      vertex 60.85 25.25 1.4
      vertex 60.034 25.0466 0.6
    endloop
  endfacet
  facet normal 0.760455 0.649391 0
    outer loop
      vertex 23.7651 23.7651 3.2
      vertex 23.5511 24.0157 1.4
      vertex 23.5511 24.0157 3.2
    endloop
  endfacet
  facet normal 0.760455 0.649391 0
    outer loop
      vertex 23.5511 24.0157 1.4
      vertex 23.7651 23.7651 3.2
      vertex 23.7651 23.7651 1.4
    endloop
  endfacet
  facet normal 0.165288 0.688665 0.705989
    outer loop
      vertex 24.9215 23.1759 1.4
      vertex 25.0466 23.966 0.6
      vertex 24.6011 23.2528 1.4
    endloop
  endfacet
  facet normal 0.649391 -0.760455 0
    outer loop
      vertex 23.7651 60.2349 1.4
      vertex 24.0157 60.4489 3.2
      vertex 23.7651 60.2349 3.2
    endloop
  endfacet
  facet normal 0.649391 -0.760455 0
    outer loop
      vertex 24.0157 60.4489 3.2
      vertex 23.7651 60.2349 1.4
      vertex 24.0157 60.4489 1.4
    endloop
  endfacet
  facet normal 0.370136 -0.603782 0.706007
    outer loop
      vertex 24.4859 59.8017 0.6
      vertex 24.2966 60.6211 1.4
      vertex 24.0157 60.4489 1.4
    endloop
  endfacet
  facet normal 0.688657 0.165306 0.705992
    outer loop
      vertex 24.0136 24.8483 0.6
      vertex 23.966 25.0466 0.6
      vertex 23.2528 24.6011 1.4
    endloop
  endfacet
  facet normal -0.0555371 -0.706015 0.706015
    outer loop
      vertex 58.9534 60.034 0.6
      vertex 58.75 60.85 1.4
      vertex 58.75 60.05 0.6
    endloop
  endfacet
  facet normal -0.852553 0.52264 0
    outer loop
      vertex 60.4489 24.0157 1.4
      vertex 60.6211 24.2966 3.2
      vertex 60.6211 24.2966 1.4
    endloop
  endfacet
  facet normal -0.852553 0.52264 0
    outer loop
      vertex 60.6211 24.2966 3.2
      vertex 60.4489 24.0157 1.4
      vertex 60.4489 24.0157 3.2
    endloop
  endfacet
  facet normal 0.603782 0.370136 0.706007
    outer loop
      vertex 23.5511 24.0157 1.4
      vertex 24.1983 24.4859 0.6
      vertex 23.3789 24.2966 1.4
    endloop
  endfacet
  facet normal 0.538453 0.459994 0.706027
    outer loop
      vertex 24.3308 24.3308 0.6
      vertex 24.1983 24.4859 0.6
      vertex 23.7651 23.7651 1.4
    endloop
  endfacet
  facet normal 0.649391 0.760455 -0
    outer loop
      vertex 24.0157 23.5511 1.4
      vertex 23.7651 23.7651 3.2
      vertex 24.0157 23.5511 3.2
    endloop
  endfacet
  facet normal 0.649391 0.760455 0
    outer loop
      vertex 23.7651 23.7651 3.2
      vertex 24.0157 23.5511 1.4
      vertex 23.7651 23.7651 1.4
    endloop
  endfacet
  facet normal -0.603789 -0.37012 0.70601
    outer loop
      vertex 59.9083 59.3402 0.6
      vertex 60.6211 59.7034 1.4
      vertex 59.8017 59.5141 0.6
    endloop
  endfacet
  facet normal -0.370136 -0.603782 0.706007
    outer loop
      vertex 59.9843 60.4489 1.4
      vertex 59.7034 60.6211 1.4
      vertex 59.5141 59.8017 0.6
    endloop
  endfacet
  facet normal -0.706015 -0.0555371 0.706015
    outer loop
      vertex 60.05 58.75 0.6
      vertex 60.85 58.75 1.4
      vertex 60.034 58.9534 0.6
    endloop
  endfacet
  facet normal -0.270965 -0.654313 0.706011
    outer loop
      vertex 59.7034 60.6211 1.4
      vertex 59.3989 60.7472 1.4
      vertex 59.3402 59.9083 0.6
    endloop
  endfacet
  facet normal 0.459904 0.53856 0.706004
    outer loop
      vertex 24.0157 23.5511 1.4
      vertex 24.4859 24.1983 0.6
      vertex 23.7651 23.7651 1.4
    endloop
  endfacet
  facet normal 0.706027 -0.0556654 0.705994
    outer loop
      vertex 23.966 58.9534 0.6
      vertex 23.1759 59.0785 1.4
      vertex 23.15 58.75 1.4
    endloop
  endfacet
  facet normal 0.370136 0.603782 0.706007
    outer loop
      vertex 24.2966 23.3789 1.4
      vertex 24.4859 24.1983 0.6
      vertex 24.0157 23.5511 1.4
    endloop
  endfacet
  facet normal 0.92391 0.382611 0
    outer loop
      vertex 23.3789 24.2966 3.2
      vertex 23.2528 24.6011 1.4
      vertex 23.2528 24.6011 3.2
    endloop
  endfacet
  facet normal 0.92391 0.382611 0
    outer loop
      vertex 23.2528 24.6011 1.4
      vertex 23.3789 24.2966 3.2
      vertex 23.3789 24.2966 1.4
    endloop
  endfacet
  facet normal 0.37012 -0.603789 0.70601
    outer loop
      vertex 24.4859 59.8017 0.6
      vertex 24.6598 59.9083 0.6
      vertex 24.2966 60.6211 1.4
    endloop
  endfacet
  facet normal -0.0556654 -0.706027 0.705994
    outer loop
      vertex 58.9534 60.034 0.6
      vertex 59.0785 60.8241 1.4
      vertex 58.75 60.85 1.4
    endloop
  endfacet
  facet normal 0.707107 0 0.707107
    outer loop
      vertex 23.15 58.75 1.4
      vertex 23.95 25.25 0.6
      vertex 23.95 58.75 0.6
    endloop
  endfacet
  facet normal 0.707107 0 0.707107
    outer loop
      vertex 23.95 25.25 0.6
      vertex 23.15 58.75 1.4
      vertex 23.15 25.25 1.4
    endloop
  endfacet
  facet normal -0.649391 -0.760455 0
    outer loop
      vertex 59.9843 60.4489 1.4
      vertex 60.2349 60.2349 3.2
      vertex 59.9843 60.4489 3.2
    endloop
  endfacet
  facet normal -0.649391 -0.760455 -0
    outer loop
      vertex 60.2349 60.2349 3.2
      vertex 59.9843 60.4489 1.4
      vertex 60.2349 60.2349 1.4
    endloop
  endfacet
  facet normal 0.53856 -0.459904 0.706004
    outer loop
      vertex 24.1983 59.5141 0.6
      vertex 23.7651 60.2349 1.4
      vertex 23.5511 59.9843 1.4
    endloop
  endfacet
  facet normal 0.0785993 -0.996906 0
    outer loop
      vertex 24.9215 60.8241 1.4
      vertex 25.25 60.85 3.2
      vertex 24.9215 60.8241 3.2
    endloop
  endfacet
  facet normal 0.0785993 -0.996906 0
    outer loop
      vertex 25.25 60.85 3.2
      vertex 24.9215 60.8241 1.4
      vertex 25.25 60.85 1.4
    endloop
  endfacet
  facet normal 0.165306 -0.688657 0.705992
    outer loop
      vertex 24.8483 59.9864 0.6
      vertex 25.0466 60.034 0.6
      vertex 24.6011 60.7472 1.4
    endloop
  endfacet
  facet normal 0.165288 -0.688665 0.705989
    outer loop
      vertex 25.0466 60.034 0.6
      vertex 24.9215 60.8241 1.4
      vertex 24.6011 60.7472 1.4
    endloop
  endfacet
  facet normal -0.654313 -0.270965 0.706011
    outer loop
      vertex 60.7472 59.3989 1.4
      vertex 60.6211 59.7034 1.4
      vertex 59.9083 59.3402 0.6
    endloop
  endfacet
  facet normal -0.459904 -0.53856 0.706004
    outer loop
      vertex 60.2349 60.2349 1.4
      vertex 59.9843 60.4489 1.4
      vertex 59.5141 59.8017 0.6
    endloop
  endfacet
  facet normal -0.233384 -0.972385 0
    outer loop
      vertex 59.0785 60.8241 1.4
      vertex 59.3989 60.7472 3.2
      vertex 59.0785 60.8241 3.2
    endloop
  endfacet
  facet normal -0.233384 -0.972385 -0
    outer loop
      vertex 59.3989 60.7472 3.2
      vertex 59.0785 60.8241 1.4
      vertex 59.3989 60.7472 1.4
    endloop
  endfacet
  facet normal -0.53856 0.459904 0.706004
    outer loop
      vertex 60.2349 23.7651 1.4
      vertex 60.4489 24.0157 1.4
      vertex 59.8017 24.4859 0.6
    endloop
  endfacet
  facet normal -0.0785993 -0.996906 0
    outer loop
      vertex 58.75 60.85 1.4
      vertex 59.0785 60.8241 3.2
      vertex 58.75 60.85 3.2
    endloop
  endfacet
  facet normal -0.0785993 -0.996906 -0
    outer loop
      vertex 59.0785 60.8241 3.2
      vertex 58.75 60.85 1.4
      vertex 59.0785 60.8241 1.4
    endloop
  endfacet
  facet normal -0.382611 0.92391 0
    outer loop
      vertex 59.7034 23.3789 1.4
      vertex 59.3989 23.2528 3.2
      vertex 59.7034 23.3789 3.2
    endloop
  endfacet
  facet normal -0.382611 0.92391 0
    outer loop
      vertex 59.3989 23.2528 3.2
      vertex 59.7034 23.3789 1.4
      vertex 59.3989 23.2528 1.4
    endloop
  endfacet
  facet normal 0.996906 -0.0785993 0
    outer loop
      vertex 23.15 58.75 3.2
      vertex 23.1759 59.0785 1.4
      vertex 23.1759 59.0785 3.2
    endloop
  endfacet
  facet normal 0.996906 -0.0785993 0
    outer loop
      vertex 23.1759 59.0785 1.4
      vertex 23.15 58.75 3.2
      vertex 23.15 58.75 1.4
    endloop
  endfacet
  facet normal -0.688665 0.165288 0.705989
    outer loop
      vertex 60.7472 24.6011 1.4
      vertex 60.8241 24.9215 1.4
      vertex 60.034 25.0466 0.6
    endloop
  endfacet
  facet normal -0.688657 -0.165306 0.705992
    outer loop
      vertex 60.034 58.9534 0.6
      vertex 60.7472 59.3989 1.4
      vertex 59.9864 59.1517 0.6
    endloop
  endfacet
  facet normal 0.52264 -0.852553 0
    outer loop
      vertex 24.0157 60.4489 1.4
      vertex 24.2966 60.6211 3.2
      vertex 24.0157 60.4489 3.2
    endloop
  endfacet
  facet normal 0.52264 -0.852553 0
    outer loop
      vertex 24.2966 60.6211 3.2
      vertex 24.0157 60.4489 1.4
      vertex 24.2966 60.6211 1.4
    endloop
  endfacet
  facet normal -0.603782 0.370136 0.706007
    outer loop
      vertex 60.4489 24.0157 1.4
      vertex 60.6211 24.2966 1.4
      vertex 59.8017 24.4859 0.6
    endloop
  endfacet
  facet normal -0.996906 -0.0785993 0
    outer loop
      vertex 60.85 58.75 1.4
      vertex 60.8241 59.0785 3.2
      vertex 60.8241 59.0785 1.4
    endloop
  endfacet
  facet normal -0.996906 -0.0785993 0
    outer loop
      vertex 60.8241 59.0785 3.2
      vertex 60.85 58.75 1.4
      vertex 60.85 58.75 3.2
    endloop
  endfacet
  facet normal 0.852553 -0.52264 0
    outer loop
      vertex 23.3789 59.7034 3.2
      vertex 23.5511 59.9843 1.4
      vertex 23.5511 59.9843 3.2
    endloop
  endfacet
  facet normal 0.852553 -0.52264 0
    outer loop
      vertex 23.5511 59.9843 1.4
      vertex 23.3789 59.7034 3.2
      vertex 23.3789 59.7034 1.4
    endloop
  endfacet
  facet normal -0.688657 0.165306 0.705992
    outer loop
      vertex 60.7472 24.6011 1.4
      vertex 60.034 25.0466 0.6
      vertex 59.9864 24.8483 0.6
    endloop
  endfacet
  facet normal 0.0556654 0.706027 0.705994
    outer loop
      vertex 25.25 23.15 1.4
      vertex 25.0466 23.966 0.6
      vertex 24.9215 23.1759 1.4
    endloop
  endfacet
  facet normal 0.0785993 0.996906 -0
    outer loop
      vertex 25.25 23.15 1.4
      vertex 24.9215 23.1759 3.2
      vertex 25.25 23.15 3.2
    endloop
  endfacet
  facet normal 0.0785993 0.996906 0
    outer loop
      vertex 24.9215 23.1759 3.2
      vertex 25.25 23.15 1.4
      vertex 24.9215 23.1759 1.4
    endloop
  endfacet
  facet normal -0.382611 -0.92391 0
    outer loop
      vertex 59.3989 60.7472 1.4
      vertex 59.7034 60.6211 3.2
      vertex 59.3989 60.7472 3.2
    endloop
  endfacet
  facet normal -0.382611 -0.92391 -0
    outer loop
      vertex 59.7034 60.6211 3.2
      vertex 59.3989 60.7472 1.4
      vertex 59.7034 60.6211 1.4
    endloop
  endfacet
  facet normal 0.654285 -0.271086 0.705991
    outer loop
      vertex 24.0136 59.1517 0.6
      vertex 24.0917 59.3402 0.6
      vertex 23.2528 59.3989 1.4
    endloop
  endfacet
  facet normal 0.603789 -0.37012 0.70601
    outer loop
      vertex 24.0917 59.3402 0.6
      vertex 24.1983 59.5141 0.6
      vertex 23.3789 59.7034 1.4
    endloop
  endfacet
  facet normal -0.852553 -0.52264 0
    outer loop
      vertex 60.6211 59.7034 1.4
      vertex 60.4489 59.9843 3.2
      vertex 60.4489 59.9843 1.4
    endloop
  endfacet
  facet normal -0.852553 -0.52264 0
    outer loop
      vertex 60.4489 59.9843 3.2
      vertex 60.6211 59.7034 1.4
      vertex 60.6211 59.7034 3.2
    endloop
  endfacet
  facet normal -0.92391 0.382611 0
    outer loop
      vertex 60.6211 24.2966 1.4
      vertex 60.7472 24.6011 3.2
      vertex 60.7472 24.6011 1.4
    endloop
  endfacet
  facet normal -0.92391 0.382611 0
    outer loop
      vertex 60.7472 24.6011 3.2
      vertex 60.6211 24.2966 1.4
      vertex 60.6211 24.2966 3.2
    endloop
  endfacet
  facet normal -0.706015 0.0555371 0.706015
    outer loop
      vertex 60.85 25.25 1.4
      vertex 60.05 25.25 0.6
      vertex 60.034 25.0466 0.6
    endloop
  endfacet
  facet normal 0 0 1
    outer loop
      vertex 58.75 60.05 0.6
      vertex 60.05 58.75 0.6
      vertex 60.034 58.9534 0.6
    endloop
  endfacet
  facet normal 0 0 1
    outer loop
      vertex 60.05 58.75 0.6
      vertex 58.75 60.05 0.6
      vertex 60.05 25.25 0.6
    endloop
  endfacet
  facet normal 0 0 1
    outer loop
      vertex 58.75 60.05 0.6
      vertex 60.034 58.9534 0.6
      vertex 59.9864 59.1517 0.6
    endloop
  endfacet
  facet normal 0 0 1
    outer loop
      vertex 58.75 23.95 0.6
      vertex 60.05 25.25 0.6
      vertex 58.75 60.05 0.6
    endloop
  endfacet
  facet normal 0 0 1
    outer loop
      vertex 58.75 60.05 0.6
      vertex 59.9864 59.1517 0.6
      vertex 59.9083 59.3402 0.6
    endloop
  endfacet
  facet normal 0 0 1
    outer loop
      vertex 60.05 25.25 0.6
      vertex 58.75 23.95 0.6
      vertex 60.034 25.0466 0.6
    endloop
  endfacet
  facet normal 0 0 1
    outer loop
      vertex 58.75 60.05 0.6
      vertex 59.9083 59.3402 0.6
      vertex 59.8017 59.5141 0.6
    endloop
  endfacet
  facet normal 0 0 1
    outer loop
      vertex 60.034 25.0466 0.6
      vertex 58.75 23.95 0.6
      vertex 59.9864 24.8483 0.6
    endloop
  endfacet
  facet normal 0 0 1
    outer loop
      vertex 58.75 60.05 0.6
      vertex 59.8017 59.5141 0.6
      vertex 59.6692 59.6692 0.6
    endloop
  endfacet
  facet normal 0 0 1
    outer loop
      vertex 59.9864 24.8483 0.6
      vertex 58.75 23.95 0.6
      vertex 59.9083 24.6598 0.6
    endloop
  endfacet
  facet normal 0 0 1
    outer loop
      vertex 58.75 60.05 0.6
      vertex 59.6692 59.6692 0.6
      vertex 59.5141 59.8017 0.6
    endloop
  endfacet
  facet normal 0 0 1
    outer loop
      vertex 59.9083 24.6598 0.6
      vertex 58.75 23.95 0.6
      vertex 59.8017 24.4859 0.6
    endloop
  endfacet
  facet normal 0 0 1
    outer loop
      vertex 58.75 60.05 0.6
      vertex 59.5141 59.8017 0.6
      vertex 59.3402 59.9083 0.6
    endloop
  endfacet
  facet normal 0 0 1
    outer loop
      vertex 59.8017 24.4859 0.6
      vertex 58.75 23.95 0.6
      vertex 59.6692 24.3308 0.6
    endloop
  endfacet
  facet normal 0 0 1
    outer loop
      vertex 58.75 60.05 0.6
      vertex 59.3402 59.9083 0.6
      vertex 59.1517 59.9864 0.6
    endloop
  endfacet
  facet normal 0 0 1
    outer loop
      vertex 59.6692 24.3308 0.6
      vertex 58.75 23.95 0.6
      vertex 59.5141 24.1983 0.6
    endloop
  endfacet
  facet normal 0 0 1
    outer loop
      vertex 58.75 60.05 0.6
      vertex 59.1517 59.9864 0.6
      vertex 58.9534 60.034 0.6
    endloop
  endfacet
  facet normal 0 0 1
    outer loop
      vertex 59.5141 24.1983 0.6
      vertex 58.75 23.95 0.6
      vertex 59.3402 24.0917 0.6
    endloop
  endfacet
  facet normal 0 0 1
    outer loop
      vertex 59.3402 24.0917 0.6
      vertex 58.75 23.95 0.6
      vertex 59.1517 24.0136 0.6
    endloop
  endfacet
  facet normal 0 0 1
    outer loop
      vertex 59.1517 24.0136 0.6
      vertex 58.75 23.95 0.6
      vertex 58.9534 23.966 0.6
    endloop
  endfacet
  facet normal -0 0 1
    outer loop
      vertex 25.25 60.05 0.6
      vertex 58.75 23.95 0.6
      vertex 58.75 60.05 0.6
    endloop
  endfacet
  facet normal 0 0 1
    outer loop
      vertex 25.25 60.05 0.6
      vertex 25.25 23.95 0.6
      vertex 58.75 23.95 0.6
    endloop
  endfacet
  facet normal 0 0 1
    outer loop
      vertex 23.95 58.75 0.6
      vertex 25.25 60.05 0.6
      vertex 25.0466 60.034 0.6
    endloop
  endfacet
  facet normal 0 0 1
    outer loop
      vertex 25.25 60.05 0.6
      vertex 23.95 58.75 0.6
      vertex 25.25 23.95 0.6
    endloop
  endfacet
  facet normal 0 0 1
    outer loop
      vertex 23.95 58.75 0.6
      vertex 25.0466 60.034 0.6
      vertex 24.8483 59.9864 0.6
    endloop
  endfacet
  facet normal -0 0 1
    outer loop
      vertex 23.95 25.25 0.6
      vertex 25.25 23.95 0.6
      vertex 23.95 58.75 0.6
    endloop
  endfacet
  facet normal 0 0 1
    outer loop
      vertex 23.95 58.75 0.6
      vertex 24.8483 59.9864 0.6
      vertex 24.6598 59.9083 0.6
    endloop
  endfacet
  facet normal 0 0 1
    outer loop
      vertex 25.25 23.95 0.6
      vertex 23.95 25.25 0.6
      vertex 25.0466 23.966 0.6
    endloop
  endfacet
  facet normal 0 0 1
    outer loop
      vertex 23.95 58.75 0.6
      vertex 24.6598 59.9083 0.6
      vertex 24.4859 59.8017 0.6
    endloop
  endfacet
  facet normal 0 0 1
    outer loop
      vertex 25.0466 23.966 0.6
      vertex 23.95 25.25 0.6
      vertex 24.8483 24.0136 0.6
    endloop
  endfacet
  facet normal 0 0 1
    outer loop
      vertex 23.95 58.75 0.6
      vertex 24.4859 59.8017 0.6
      vertex 24.3308 59.6692 0.6
    endloop
  endfacet
  facet normal 0 0 1
    outer loop
      vertex 24.8483 24.0136 0.6
      vertex 23.95 25.25 0.6
      vertex 24.6598 24.0917 0.6
    endloop
  endfacet
  facet normal 0 0 1
    outer loop
      vertex 23.95 58.75 0.6
      vertex 24.3308 59.6692 0.6
      vertex 24.1983 59.5141 0.6
    endloop
  endfacet
  facet normal 0 0 1
    outer loop
      vertex 24.6598 24.0917 0.6
      vertex 23.95 25.25 0.6
      vertex 24.4859 24.1983 0.6
    endloop
  endfacet
  facet normal 0 0 1
    outer loop
      vertex 23.95 58.75 0.6
      vertex 24.1983 59.5141 0.6
      vertex 24.0917 59.3402 0.6
    endloop
  endfacet
  facet normal 0 0 1
    outer loop
      vertex 24.4859 24.1983 0.6
      vertex 23.95 25.25 0.6
      vertex 24.3308 24.3308 0.6
    endloop
  endfacet
  facet normal 0 0 1
    outer loop
      vertex 23.95 58.75 0.6
      vertex 24.0917 59.3402 0.6
      vertex 24.0136 59.1517 0.6
    endloop
  endfacet
  facet normal 0 0 1
    outer loop
      vertex 24.3308 24.3308 0.6
      vertex 23.95 25.25 0.6
      vertex 24.1983 24.4859 0.6
    endloop
  endfacet
  facet normal 0 0 1
    outer loop
      vertex 23.95 58.75 0.6
      vertex 24.0136 59.1517 0.6
      vertex 23.966 58.9534 0.6
    endloop
  endfacet
  facet normal 0 0 1
    outer loop
      vertex 24.1983 24.4859 0.6
      vertex 23.95 25.25 0.6
      vertex 24.0917 24.6598 0.6
    endloop
  endfacet
  facet normal 0 0 1
    outer loop
      vertex 24.0917 24.6598 0.6
      vertex 23.95 25.25 0.6
      vertex 24.0136 24.8483 0.6
    endloop
  endfacet
  facet normal 0 0 1
    outer loop
      vertex 24.0136 24.8483 0.6
      vertex 23.95 25.25 0.6
      vertex 23.966 25.0466 0.6
    endloop
  endfacet
  facet normal -0.165306 -0.688657 0.705992
    outer loop
      vertex 59.1517 59.9864 0.6
      vertex 59.3989 60.7472 1.4
      vertex 58.9534 60.034 0.6
    endloop
  endfacet
  facet normal 0.270965 -0.654313 0.706011
    outer loop
      vertex 24.6598 59.9083 0.6
      vertex 24.6011 60.7472 1.4
      vertex 24.2966 60.6211 1.4
    endloop
  endfacet
  facet normal 0.271086 -0.654285 0.705991
    outer loop
      vertex 24.6598 59.9083 0.6
      vertex 24.8483 59.9864 0.6
      vertex 24.6011 60.7472 1.4
    endloop
  endfacet
  facet normal -0.654285 -0.271086 0.705991
    outer loop
      vertex 59.9864 59.1517 0.6
      vertex 60.7472 59.3989 1.4
      vertex 59.9083 59.3402 0.6
    endloop
  endfacet
  facet normal 0.382611 -0.92391 0
    outer loop
      vertex 24.2966 60.6211 1.4
      vertex 24.6011 60.7472 3.2
      vertex 24.2966 60.6211 3.2
    endloop
  endfacet
  facet normal 0.382611 -0.92391 0
    outer loop
      vertex 24.6011 60.7472 3.2
      vertex 24.2966 60.6211 1.4
      vertex 24.6011 60.7472 1.4
    endloop
  endfacet
  facet normal -0.603789 0.37012 0.70601
    outer loop
      vertex 60.6211 24.2966 1.4
      vertex 59.9083 24.6598 0.6
      vertex 59.8017 24.4859 0.6
    endloop
  endfacet
  facet normal 0.459994 -0.538453 0.706027
    outer loop
      vertex 24.3308 59.6692 0.6
      vertex 24.4859 59.8017 0.6
      vertex 23.7651 60.2349 1.4
    endloop
  endfacet
  facet normal -0.654313 0.270965 0.706011
    outer loop
      vertex 60.6211 24.2966 1.4
      vertex 60.7472 24.6011 1.4
      vertex 59.9083 24.6598 0.6
    endloop
  endfacet
  facet normal -0.603782 -0.370136 0.706007
    outer loop
      vertex 60.6211 59.7034 1.4
      vertex 60.4489 59.9843 1.4
      vertex 59.8017 59.5141 0.6
    endloop
  endfacet
  facet normal -0.706027 -0.0556654 0.705994
    outer loop
      vertex 60.85 58.75 1.4
      vertex 60.8241 59.0785 1.4
      vertex 60.034 58.9534 0.6
    endloop
  endfacet
  facet normal -0.688665 -0.165288 0.705989
    outer loop
      vertex 60.8241 59.0785 1.4
      vertex 60.7472 59.3989 1.4
      vertex 60.034 58.9534 0.6
    endloop
  endfacet
  facet normal 0.16528 0.688629 0.706026
    outer loop
      vertex 24.5852 21.0523 5.35
      vertex 24.9215 23.1759 3.2
      vertex 24.6011 23.2528 3.2
    endloop
  endfacet
  facet normal 0.165333 0.688623 0.70602
    outer loop
      vertex 24.5852 21.0523 5.35
      vertex 24.6011 23.2528 3.2
      vertex 23.9367 21.208 5.35
    endloop
  endfacet
  facet normal 0.705992 0.0556627 0.706029
    outer loop
      vertex 21.0523 24.5852 5.35
      vertex 23.1759 24.9215 3.2
      vertex 23.15 25.25 3.2
    endloop
  endfacet
  facet normal 0.0555424 0.706015 0.706015
    outer loop
      vertex 25.25 21 5.35
      vertex 25.25 23.15 3.2
      vertex 24.5852 21.0523 5.35
    endloop
  endfacet
  facet normal 0 -0.707107 0.707107
    outer loop
      vertex 25.25 60.85 3.2
      vertex 58.75 63 5.35
      vertex 25.25 63 5.35
    endloop
  endfacet
  facet normal 0 -0.707107 0.707107
    outer loop
      vertex 58.75 63 5.35
      vertex 25.25 60.85 3.2
      vertex 58.75 60.85 3.2
    endloop
  endfacet
  facet normal 0.459932 0.538516 0.706019
    outer loop
      vertex 22.7519 21.8117 5.35
      vertex 23.7651 23.7651 3.2
      vertex 22.2448 22.2448 5.35
    endloop
  endfacet
  facet normal 0.688623 0.165333 0.70602
    outer loop
      vertex 21.208 23.9367 5.35
      vertex 23.2528 24.6011 3.2
      vertex 21.0523 24.5852 5.35
    endloop
  endfacet
  facet normal 0.270978 0.654297 0.706021
    outer loop
      vertex 23.9367 21.208 5.35
      vertex 24.6011 23.2528 3.2
      vertex 23.3205 21.4632 5.35
    endloop
  endfacet
  facet normal 0.538516 -0.459932 0.706019
    outer loop
      vertex 23.7651 60.2349 3.2
      vertex 22.2448 61.7552 5.35
      vertex 21.8117 61.2481 5.35
    endloop
  endfacet
  facet normal 0.45989 0.538544 0.706025
    outer loop
      vertex 22.7519 21.8117 5.35
      vertex 24.0157 23.5511 3.2
      vertex 23.7651 23.7651 3.2
    endloop
  endfacet
  facet normal 0.706015 0.0555424 0.706015
    outer loop
      vertex 21.0523 24.5852 5.35
      vertex 23.15 25.25 3.2
      vertex 21 25.25 5.35
    endloop
  endfacet
  facet normal -0.270978 0.654297 0.706021
    outer loop
      vertex 60.0633 21.208 5.35
      vertex 60.6795 21.4632 5.35
      vertex 59.3989 23.2528 3.2
    endloop
  endfacet
  facet normal -0.603766 0.370126 0.706026
    outer loop
      vertex 62.1883 22.7519 5.35
      vertex 60.6211 24.2966 3.2
      vertex 60.4489 24.0157 3.2
    endloop
  endfacet
  facet normal 0.0556627 -0.705992 0.706029
    outer loop
      vertex 24.9215 60.8241 3.2
      vertex 25.25 60.85 3.2
      vertex 24.5852 62.9477 5.35
    endloop
  endfacet
  facet normal -0.603805 0.370077 0.706019
    outer loop
      vertex 62.1883 22.7519 5.35
      vertex 62.5368 23.3205 5.35
      vertex 60.6211 24.2966 3.2
    endloop
  endfacet
  facet normal -0.654297 -0.270978 0.706021
    outer loop
      vertex 62.792 60.0633 5.35
      vertex 62.5368 60.6795 5.35
      vertex 60.7472 59.3989 3.2
    endloop
  endfacet
  facet normal -0.459932 0.538516 0.706019
    outer loop
      vertex 61.2481 21.8117 5.35
      vertex 61.7552 22.2448 5.35
      vertex 60.2349 23.7651 3.2
    endloop
  endfacet
  facet normal 0.16528 -0.688629 0.706026
    outer loop
      vertex 24.6011 60.7472 3.2
      vertex 24.9215 60.8241 3.2
      vertex 24.5852 62.9477 5.35
    endloop
  endfacet
  facet normal -0.16528 -0.688629 0.706026
    outer loop
      vertex 59.3989 60.7472 3.2
      vertex 59.4148 62.9477 5.35
      vertex 59.0785 60.8241 3.2
    endloop
  endfacet
  facet normal 0.538516 0.459932 0.706019
    outer loop
      vertex 22.2448 22.2448 5.35
      vertex 23.7651 23.7651 3.2
      vertex 21.8117 22.7519 5.35
    endloop
  endfacet
  facet normal -0.0556627 -0.705992 0.706029
    outer loop
      vertex 59.0785 60.8241 3.2
      vertex 59.4148 62.9477 5.35
      vertex 58.75 60.85 3.2
    endloop
  endfacet
  facet normal -0.370126 -0.603766 0.706026
    outer loop
      vertex 59.9843 60.4489 3.2
      vertex 61.2481 62.1883 5.35
      vertex 59.7034 60.6211 3.2
    endloop
  endfacet
  facet normal -0.270962 -0.654306 0.706019
    outer loop
      vertex 59.7034 60.6211 3.2
      vertex 60.6795 62.5368 5.35
      vertex 59.3989 60.7472 3.2
    endloop
  endfacet
  facet normal -0.165333 0.688623 0.70602
    outer loop
      vertex 59.4148 21.0523 5.35
      vertex 60.0633 21.208 5.35
      vertex 59.3989 23.2528 3.2
    endloop
  endfacet
  facet normal -0.707107 0 0.707107
    outer loop
      vertex 60.85 25.25 3.2
      vertex 63 58.75 5.35
      vertex 60.85 58.75 3.2
    endloop
  endfacet
  facet normal -0.707107 0 0.707107
    outer loop
      vertex 63 58.75 5.35
      vertex 60.85 25.25 3.2
      vertex 63 25.25 5.35
    endloop
  endfacet
  facet normal -0.706015 0.0555424 0.706015
    outer loop
      vertex 62.9477 24.5852 5.35
      vertex 63 25.25 5.35
      vertex 60.85 25.25 3.2
    endloop
  endfacet
  facet normal 0.707107 -0 0.707107
    outer loop
      vertex 21 25.25 5.35
      vertex 23.15 58.75 3.2
      vertex 21 58.75 5.35
    endloop
  endfacet
  facet normal 0.707107 0 0.707107
    outer loop
      vertex 23.15 58.75 3.2
      vertex 21 25.25 5.35
      vertex 23.15 25.25 3.2
    endloop
  endfacet
  facet normal -0.705992 -0.0556627 0.706029
    outer loop
      vertex 60.85 58.75 3.2
      vertex 62.9477 59.4148 5.35
      vertex 60.8241 59.0785 3.2
    endloop
  endfacet
  facet normal -0.538516 0.459932 0.706019
    outer loop
      vertex 61.7552 22.2448 5.35
      vertex 62.1883 22.7519 5.35
      vertex 60.2349 23.7651 3.2
    endloop
  endfacet
  facet normal -0.0555424 -0.706015 0.706015
    outer loop
      vertex 59.4148 62.9477 5.35
      vertex 58.75 63 5.35
      vertex 58.75 60.85 3.2
    endloop
  endfacet
  facet normal 0.603805 0.370077 0.706019
    outer loop
      vertex 21.8117 22.7519 5.35
      vertex 23.3789 24.2966 3.2
      vertex 21.4632 23.3205 5.35
    endloop
  endfacet
  facet normal -0.654306 0.270962 0.706019
    outer loop
      vertex 62.5368 23.3205 5.35
      vertex 60.7472 24.6011 3.2
      vertex 60.6211 24.2966 3.2
    endloop
  endfacet
  facet normal 0.706015 -0.0555424 0.706015
    outer loop
      vertex 23.15 58.75 3.2
      vertex 21.0523 59.4148 5.35
      vertex 21 58.75 5.35
    endloop
  endfacet
  facet normal -0.654306 -0.270962 0.706019
    outer loop
      vertex 60.7472 59.3989 3.2
      vertex 62.5368 60.6795 5.35
      vertex 60.6211 59.7034 3.2
    endloop
  endfacet
  facet normal 0.0556627 0.705992 0.706029
    outer loop
      vertex 24.5852 21.0523 5.35
      vertex 25.25 23.15 3.2
      vertex 24.9215 23.1759 3.2
    endloop
  endfacet
  facet normal -0.45989 -0.538544 0.706025
    outer loop
      vertex 60.2349 60.2349 3.2
      vertex 61.2481 62.1883 5.35
      vertex 59.9843 60.4489 3.2
    endloop
  endfacet
  facet normal -0.538516 -0.459932 0.706019
    outer loop
      vertex 62.1883 61.2481 5.35
      vertex 61.7552 61.7552 5.35
      vertex 60.2349 60.2349 3.2
    endloop
  endfacet
  facet normal 0.688623 -0.165333 0.70602
    outer loop
      vertex 23.2528 59.3989 3.2
      vertex 21.208 60.0633 5.35
      vertex 21.0523 59.4148 5.35
    endloop
  endfacet
  facet normal 0 0.707107 0.707107
    outer loop
      vertex 58.75 23.15 3.2
      vertex 25.25 21 5.35
      vertex 58.75 21 5.35
    endloop
  endfacet
  facet normal 0 0.707107 0.707107
    outer loop
      vertex 25.25 21 5.35
      vertex 58.75 23.15 3.2
      vertex 25.25 23.15 3.2
    endloop
  endfacet
  facet normal 0.654297 -0.270978 0.706021
    outer loop
      vertex 23.2528 59.3989 3.2
      vertex 21.4632 60.6795 5.35
      vertex 21.208 60.0633 5.35
    endloop
  endfacet
  facet normal -0.688629 -0.16528 0.706026
    outer loop
      vertex 60.8241 59.0785 3.2
      vertex 62.9477 59.4148 5.35
      vertex 60.7472 59.3989 3.2
    endloop
  endfacet
  facet normal 0.270962 -0.654306 0.706019
    outer loop
      vertex 24.2966 60.6211 3.2
      vertex 24.6011 60.7472 3.2
      vertex 23.3205 62.5368 5.35
    endloop
  endfacet
  facet normal 0.603766 -0.370126 0.706026
    outer loop
      vertex 23.3789 59.7034 3.2
      vertex 23.5511 59.9843 3.2
      vertex 21.8117 61.2481 5.35
    endloop
  endfacet
  facet normal -0.370077 -0.603805 0.706019
    outer loop
      vertex 61.2481 62.1883 5.35
      vertex 60.6795 62.5368 5.35
      vertex 59.7034 60.6211 3.2
    endloop
  endfacet
  facet normal -0.270962 0.654306 0.706019
    outer loop
      vertex 60.6795 21.4632 5.35
      vertex 59.7034 23.3789 3.2
      vertex 59.3989 23.2528 3.2
    endloop
  endfacet
  facet normal 0.654306 0.270962 0.706019
    outer loop
      vertex 21.4632 23.3205 5.35
      vertex 23.3789 24.2966 3.2
      vertex 23.2528 24.6011 3.2
    endloop
  endfacet
  facet normal 0.370126 -0.603766 0.706026
    outer loop
      vertex 24.0157 60.4489 3.2
      vertex 24.2966 60.6211 3.2
      vertex 22.7519 62.1883 5.35
    endloop
  endfacet
  facet normal 0.654306 -0.270962 0.706019
    outer loop
      vertex 23.2528 59.3989 3.2
      vertex 23.3789 59.7034 3.2
      vertex 21.4632 60.6795 5.35
    endloop
  endfacet
  facet normal -0.270978 -0.654297 0.706021
    outer loop
      vertex 60.6795 62.5368 5.35
      vertex 60.0633 62.792 5.35
      vertex 59.3989 60.7472 3.2
    endloop
  endfacet
  facet normal 0.654297 0.270978 0.706021
    outer loop
      vertex 21.4632 23.3205 5.35
      vertex 23.2528 24.6011 3.2
      vertex 21.208 23.9367 5.35
    endloop
  endfacet
  facet normal 0.688629 -0.16528 0.706026
    outer loop
      vertex 23.1759 59.0785 3.2
      vertex 23.2528 59.3989 3.2
      vertex 21.0523 59.4148 5.35
    endloop
  endfacet
  facet normal -0.0556627 0.705992 0.706029
    outer loop
      vertex 59.4148 21.0523 5.35
      vertex 59.0785 23.1759 3.2
      vertex 58.75 23.15 3.2
    endloop
  endfacet
  facet normal 0.688629 0.16528 0.706026
    outer loop
      vertex 21.0523 24.5852 5.35
      vertex 23.2528 24.6011 3.2
      vertex 23.1759 24.9215 3.2
    endloop
  endfacet
  facet normal -0.706015 -0.0555424 0.706015
    outer loop
      vertex 63 58.75 5.35
      vertex 62.9477 59.4148 5.35
      vertex 60.85 58.75 3.2
    endloop
  endfacet
  facet normal -0.45989 0.538544 0.706025
    outer loop
      vertex 61.2481 21.8117 5.35
      vertex 60.2349 23.7651 3.2
      vertex 59.9843 23.5511 3.2
    endloop
  endfacet
  facet normal 0.370126 0.603766 0.706026
    outer loop
      vertex 22.7519 21.8117 5.35
      vertex 24.2966 23.3789 3.2
      vertex 24.0157 23.5511 3.2
    endloop
  endfacet
  facet normal -0.165333 -0.688623 0.70602
    outer loop
      vertex 60.0633 62.792 5.35
      vertex 59.4148 62.9477 5.35
      vertex 59.3989 60.7472 3.2
    endloop
  endfacet
  facet normal -0.0555424 0.706015 0.706015
    outer loop
      vertex 59.4148 21.0523 5.35
      vertex 58.75 23.15 3.2
      vertex 58.75 21 5.35
    endloop
  endfacet
  facet normal -0.654297 0.270978 0.706021
    outer loop
      vertex 62.5368 23.3205 5.35
      vertex 62.792 23.9367 5.35
      vertex 60.7472 24.6011 3.2
    endloop
  endfacet
  facet normal -0.538544 0.45989 0.706025
    outer loop
      vertex 62.1883 22.7519 5.35
      vertex 60.4489 24.0157 3.2
      vertex 60.2349 23.7651 3.2
    endloop
  endfacet
  facet normal -0.688623 0.165333 0.70602
    outer loop
      vertex 62.792 23.9367 5.35
      vertex 62.9477 24.5852 5.35
      vertex 60.7472 24.6011 3.2
    endloop
  endfacet
  facet normal -0.16528 0.688629 0.706026
    outer loop
      vertex 59.4148 21.0523 5.35
      vertex 59.3989 23.2528 3.2
      vertex 59.0785 23.1759 3.2
    endloop
  endfacet
  facet normal 0.165333 -0.688623 0.70602
    outer loop
      vertex 24.6011 60.7472 3.2
      vertex 24.5852 62.9477 5.35
      vertex 23.9367 62.792 5.35
    endloop
  endfacet
  facet normal -0.603805 -0.370077 0.706019
    outer loop
      vertex 62.5368 60.6795 5.35
      vertex 62.1883 61.2481 5.35
      vertex 60.6211 59.7034 3.2
    endloop
  endfacet
  facet normal -0.459932 -0.538516 0.706019
    outer loop
      vertex 61.7552 61.7552 5.35
      vertex 61.2481 62.1883 5.35
      vertex 60.2349 60.2349 3.2
    endloop
  endfacet
  facet normal 0.603766 0.370126 0.706026
    outer loop
      vertex 21.8117 22.7519 5.35
      vertex 23.5511 24.0157 3.2
      vertex 23.3789 24.2966 3.2
    endloop
  endfacet
  facet normal 0.538544 0.45989 0.706025
    outer loop
      vertex 21.8117 22.7519 5.35
      vertex 23.7651 23.7651 3.2
      vertex 23.5511 24.0157 3.2
    endloop
  endfacet
  facet normal 0.370077 0.603805 0.706019
    outer loop
      vertex 23.3205 21.4632 5.35
      vertex 24.2966 23.3789 3.2
      vertex 22.7519 21.8117 5.35
    endloop
  endfacet
  facet normal 0.270962 0.654306 0.706019
    outer loop
      vertex 23.3205 21.4632 5.35
      vertex 24.6011 23.2528 3.2
      vertex 24.2966 23.3789 3.2
    endloop
  endfacet
  facet normal 0.538544 -0.45989 0.706025
    outer loop
      vertex 23.5511 59.9843 3.2
      vertex 23.7651 60.2349 3.2
      vertex 21.8117 61.2481 5.35
    endloop
  endfacet
  facet normal 0.603805 -0.370077 0.706019
    outer loop
      vertex 23.3789 59.7034 3.2
      vertex 21.8117 61.2481 5.35
      vertex 21.4632 60.6795 5.35
    endloop
  endfacet
  facet normal -0.688629 0.16528 0.706026
    outer loop
      vertex 62.9477 24.5852 5.35
      vertex 60.8241 24.9215 3.2
      vertex 60.7472 24.6011 3.2
    endloop
  endfacet
  facet normal 0.705992 -0.0556627 0.706029
    outer loop
      vertex 23.15 58.75 3.2
      vertex 23.1759 59.0785 3.2
      vertex 21.0523 59.4148 5.35
    endloop
  endfacet
  facet normal 0.459932 -0.538516 0.706019
    outer loop
      vertex 23.7651 60.2349 3.2
      vertex 22.7519 62.1883 5.35
      vertex 22.2448 61.7552 5.35
    endloop
  endfacet
  facet normal 0.370077 -0.603805 0.706019
    outer loop
      vertex 24.2966 60.6211 3.2
      vertex 23.3205 62.5368 5.35
      vertex 22.7519 62.1883 5.35
    endloop
  endfacet
  facet normal -0.370126 0.603766 0.706026
    outer loop
      vertex 61.2481 21.8117 5.35
      vertex 59.9843 23.5511 3.2
      vertex 59.7034 23.3789 3.2
    endloop
  endfacet
  facet normal -0.705992 0.0556627 0.706029
    outer loop
      vertex 62.9477 24.5852 5.35
      vertex 60.85 25.25 3.2
      vertex 60.8241 24.9215 3.2
    endloop
  endfacet
  facet normal -0.603766 -0.370126 0.706026
    outer loop
      vertex 60.6211 59.7034 3.2
      vertex 62.1883 61.2481 5.35
      vertex 60.4489 59.9843 3.2
    endloop
  endfacet
  facet normal -0.370077 0.603805 0.706019
    outer loop
      vertex 60.6795 21.4632 5.35
      vertex 61.2481 21.8117 5.35
      vertex 59.7034 23.3789 3.2
    endloop
  endfacet
  facet normal -0.538544 -0.45989 0.706025
    outer loop
      vertex 60.4489 59.9843 3.2
      vertex 62.1883 61.2481 5.35
      vertex 60.2349 60.2349 3.2
    endloop
  endfacet
  facet normal 0.45989 -0.538544 0.706025
    outer loop
      vertex 23.7651 60.2349 3.2
      vertex 24.0157 60.4489 3.2
      vertex 22.7519 62.1883 5.35
    endloop
  endfacet
  facet normal -0.688623 -0.165333 0.70602
    outer loop
      vertex 62.9477 59.4148 5.35
      vertex 62.792 60.0633 5.35
      vertex 60.7472 59.3989 3.2
    endloop
  endfacet
  facet normal 0.0555424 -0.706015 0.706015
    outer loop
      vertex 25.25 60.85 3.2
      vertex 25.25 63 5.35
      vertex 24.5852 62.9477 5.35
    endloop
  endfacet
  facet normal 0.270978 -0.654297 0.706021
    outer loop
      vertex 24.6011 60.7472 3.2
      vertex 23.9367 62.792 5.35
      vertex 23.3205 62.5368 5.35
    endloop
  endfacet
  facet normal 0.07839 -0.996923 0
    outer loop
      vertex 59 -63 0
      vertex 59.6257 -62.9508 5.35
      vertex 59 -63 5.35
    endloop
  endfacet
  facet normal 0.07839 -0.996923 0
    outer loop
      vertex 59.6257 -62.9508 5.35
      vertex 59 -63 0
      vertex 59.6257 -62.9508 0
    endloop
  endfacet
  facet normal 1 -0 0
    outer loop
      vertex 63 -59 5.35
      vertex 63 59 0
      vertex 63 59 5.35
    endloop
  endfacet
  facet normal 1 0 0
    outer loop
      vertex 63 59 0
      vertex 63 -59 5.35
      vertex 63 -59 0
    endloop
  endfacet
  facet normal 0 -1 0
    outer loop
      vertex -59 -63 0
      vertex 59 -63 5.35
      vertex -59 -63 5.35
    endloop
  endfacet
  facet normal 0 -1 -0
    outer loop
      vertex 59 -63 5.35
      vertex -59 -63 0
      vertex 59 -63 0
    endloop
  endfacet
  facet normal 0.97235 -0.23353 0
    outer loop
      vertex 62.8042 -60.2361 5.35
      vertex 62.9508 -59.6257 0
      vertex 62.9508 -59.6257 5.35
    endloop
  endfacet
  facet normal 0.97235 -0.23353 0
    outer loop
      vertex 62.9508 -59.6257 0
      vertex 62.8042 -60.2361 5.35
      vertex 62.8042 -60.2361 0
    endloop
  endfacet
  facet normal -0.23353 0.97235 0
    outer loop
      vertex -59.6257 62.9508 0
      vertex -60.2361 62.8042 5.35
      vertex -59.6257 62.9508 5.35
    endloop
  endfacet
  facet normal -0.23353 0.97235 0
    outer loop
      vertex -60.2361 62.8042 5.35
      vertex -59.6257 62.9508 0
      vertex -60.2361 62.8042 0
    endloop
  endfacet
  facet normal -0.522487 -0.852647 0
    outer loop
      vertex -61.3511 -62.2361 0
      vertex -60.816 -62.564 5.35
      vertex -61.3511 -62.2361 5.35
    endloop
  endfacet
  facet normal -0.522487 -0.852647 -0
    outer loop
      vertex -60.816 -62.564 5.35
      vertex -61.3511 -62.2361 0
      vertex -60.816 -62.564 0
    endloop
  endfacet
  facet normal -0.522487 0.852647 0
    outer loop
      vertex -60.816 62.564 0
      vertex -61.3511 62.2361 5.35
      vertex -60.816 62.564 5.35
    endloop
  endfacet
  facet normal -0.522487 0.852647 0
    outer loop
      vertex -61.3511 62.2361 5.35
      vertex -60.816 62.564 0
      vertex -61.3511 62.2361 0
    endloop
  endfacet
  facet normal -0.07839 0.996923 0
    outer loop
      vertex -59 63 0
      vertex -59.6257 62.9508 5.35
      vertex -59 63 5.35
    endloop
  endfacet
  facet normal -0.07839 0.996923 0
    outer loop
      vertex -59.6257 62.9508 5.35
      vertex -59 63 0
      vertex -59.6257 62.9508 0
    endloop
  endfacet
  facet normal 0.38268 0.923881 -0
    outer loop
      vertex 60.816 62.564 0
      vertex 60.2361 62.8042 5.35
      vertex 60.816 62.564 5.35
    endloop
  endfacet
  facet normal 0.38268 0.923881 0
    outer loop
      vertex 60.2361 62.8042 5.35
      vertex 60.816 62.564 0
      vertex 60.2361 62.8042 0
    endloop
  endfacet
  facet normal 0.760369 -0.649492 0
    outer loop
      vertex 61.8284 -61.8284 5.35
      vertex 62.2361 -61.3511 0
      vertex 62.2361 -61.3511 5.35
    endloop
  endfacet
  facet normal 0.760369 -0.649492 0
    outer loop
      vertex 62.2361 -61.3511 0
      vertex 61.8284 -61.8284 5.35
      vertex 61.8284 -61.8284 0
    endloop
  endfacet
  facet normal 0 1 -0
    outer loop
      vertex 59 63 0
      vertex -59 63 5.35
      vertex 59 63 5.35
    endloop
  endfacet
  facet normal 0 1 0
    outer loop
      vertex -59 63 5.35
      vertex 59 63 0
      vertex -59 63 0
    endloop
  endfacet
  facet normal 0.522487 0.852647 -0
    outer loop
      vertex 61.3511 62.2361 0
      vertex 60.816 62.564 5.35
      vertex 61.3511 62.2361 5.35
    endloop
  endfacet
  facet normal 0.522487 0.852647 0
    outer loop
      vertex 60.816 62.564 5.35
      vertex 61.3511 62.2361 0
      vertex 60.816 62.564 0
    endloop
  endfacet
  facet normal 0.23353 0.97235 -0
    outer loop
      vertex 60.2361 62.8042 0
      vertex 59.6257 62.9508 5.35
      vertex 60.2361 62.8042 5.35
    endloop
  endfacet
  facet normal 0.23353 0.97235 0
    outer loop
      vertex 59.6257 62.9508 5.35
      vertex 60.2361 62.8042 0
      vertex 59.6257 62.9508 0
    endloop
  endfacet
  facet normal 0.23353 -0.97235 0
    outer loop
      vertex 59.6257 -62.9508 0
      vertex 60.2361 -62.8042 5.35
      vertex 59.6257 -62.9508 5.35
    endloop
  endfacet
  facet normal 0.23353 -0.97235 0
    outer loop
      vertex 60.2361 -62.8042 5.35
      vertex 59.6257 -62.9508 0
      vertex 60.2361 -62.8042 0
    endloop
  endfacet
  facet normal 0.649492 0.760369 -0
    outer loop
      vertex 61.8284 61.8284 0
      vertex 61.3511 62.2361 5.35
      vertex 61.8284 61.8284 5.35
    endloop
  endfacet
  facet normal 0.649492 0.760369 0
    outer loop
      vertex 61.3511 62.2361 5.35
      vertex 61.8284 61.8284 0
      vertex 61.3511 62.2361 0
    endloop
  endfacet
  facet normal -1 0 0
    outer loop
      vertex -63 -59 0
      vertex -63 59 5.35
      vertex -63 59 0
    endloop
  endfacet
  facet normal -1 -0 0
    outer loop
      vertex -63 59 5.35
      vertex -63 -59 0
      vertex -63 -59 5.35
    endloop
  endfacet
  facet normal -0.760369 -0.649492 0
    outer loop
      vertex -61.8284 -61.8284 0
      vertex -62.2361 -61.3511 5.35
      vertex -62.2361 -61.3511 0
    endloop
  endfacet
  facet normal -0.760369 -0.649492 0
    outer loop
      vertex -62.2361 -61.3511 5.35
      vertex -61.8284 -61.8284 0
      vertex -61.8284 -61.8284 5.35
    endloop
  endfacet
  facet normal -0.07839 -0.996923 0
    outer loop
      vertex -59.6257 -62.9508 0
      vertex -59 -63 5.35
      vertex -59.6257 -62.9508 5.35
    endloop
  endfacet
  facet normal -0.07839 -0.996923 -0
    outer loop
      vertex -59 -63 5.35
      vertex -59.6257 -62.9508 0
      vertex -59 -63 0
    endloop
  endfacet
  facet normal -0.23353 -0.97235 0
    outer loop
      vertex -60.2361 -62.8042 0
      vertex -59.6257 -62.9508 5.35
      vertex -60.2361 -62.8042 5.35
    endloop
  endfacet
  facet normal -0.23353 -0.97235 -0
    outer loop
      vertex -59.6257 -62.9508 5.35
      vertex -60.2361 -62.8042 0
      vertex -59.6257 -62.9508 0
    endloop
  endfacet
  facet normal -0.649492 -0.760369 0
    outer loop
      vertex -61.8284 -61.8284 0
      vertex -61.3511 -62.2361 5.35
      vertex -61.8284 -61.8284 5.35
    endloop
  endfacet
  facet normal -0.649492 -0.760369 -0
    outer loop
      vertex -61.3511 -62.2361 5.35
      vertex -61.8284 -61.8284 0
      vertex -61.3511 -62.2361 0
    endloop
  endfacet
  facet normal -0.38268 0.923881 0
    outer loop
      vertex -60.2361 62.8042 0
      vertex -60.816 62.564 5.35
      vertex -60.2361 62.8042 5.35
    endloop
  endfacet
  facet normal -0.38268 0.923881 0
    outer loop
      vertex -60.816 62.564 5.35
      vertex -60.2361 62.8042 0
      vertex -60.816 62.564 0
    endloop
  endfacet
  facet normal 0.522487 -0.852647 0
    outer loop
      vertex 60.816 -62.564 0
      vertex 61.3511 -62.2361 5.35
      vertex 60.816 -62.564 5.35
    endloop
  endfacet
  facet normal 0.522487 -0.852647 0
    outer loop
      vertex 61.3511 -62.2361 5.35
      vertex 60.816 -62.564 0
      vertex 61.3511 -62.2361 0
    endloop
  endfacet
  facet normal -0.97235 0.23353 0
    outer loop
      vertex -62.9508 59.6257 0
      vertex -62.8042 60.2361 5.35
      vertex -62.8042 60.2361 0
    endloop
  endfacet
  facet normal -0.97235 0.23353 0
    outer loop
      vertex -62.8042 60.2361 5.35
      vertex -62.9508 59.6257 0
      vertex -62.9508 59.6257 5.35
    endloop
  endfacet
  facet normal -0.38268 -0.923881 0
    outer loop
      vertex -60.816 -62.564 0
      vertex -60.2361 -62.8042 5.35
      vertex -60.816 -62.564 5.35
    endloop
  endfacet
  facet normal -0.38268 -0.923881 -0
    outer loop
      vertex -60.2361 -62.8042 5.35
      vertex -60.816 -62.564 0
      vertex -60.2361 -62.8042 0
    endloop
  endfacet
  facet normal -0.97235 -0.23353 0
    outer loop
      vertex -62.8042 -60.2361 0
      vertex -62.9508 -59.6257 5.35
      vertex -62.9508 -59.6257 0
    endloop
  endfacet
  facet normal -0.97235 -0.23353 0
    outer loop
      vertex -62.9508 -59.6257 5.35
      vertex -62.8042 -60.2361 0
      vertex -62.8042 -60.2361 5.35
    endloop
  endfacet
  facet normal 0.38268 -0.923881 0
    outer loop
      vertex 60.2361 -62.8042 0
      vertex 60.816 -62.564 5.35
      vertex 60.2361 -62.8042 5.35
    endloop
  endfacet
  facet normal 0.38268 -0.923881 0
    outer loop
      vertex 60.816 -62.564 5.35
      vertex 60.2361 -62.8042 0
      vertex 60.816 -62.564 0
    endloop
  endfacet
  facet normal 0.97235 0.23353 0
    outer loop
      vertex 62.9508 59.6257 5.35
      vertex 62.8042 60.2361 0
      vertex 62.8042 60.2361 5.35
    endloop
  endfacet
  facet normal 0.97235 0.23353 0
    outer loop
      vertex 62.8042 60.2361 0
      vertex 62.9508 59.6257 5.35
      vertex 62.9508 59.6257 0
    endloop
  endfacet
  facet normal -0.923881 -0.38268 0
    outer loop
      vertex -62.564 -60.816 0
      vertex -62.8042 -60.2361 5.35
      vertex -62.8042 -60.2361 0
    endloop
  endfacet
  facet normal -0.923881 -0.38268 0
    outer loop
      vertex -62.8042 -60.2361 5.35
      vertex -62.564 -60.816 0
      vertex -62.564 -60.816 5.35
    endloop
  endfacet
  facet normal 0.996923 0.07839 0
    outer loop
      vertex 63 59 5.35
      vertex 62.9508 59.6257 0
      vertex 62.9508 59.6257 5.35
    endloop
  endfacet
  facet normal 0.996923 0.07839 0
    outer loop
      vertex 62.9508 59.6257 0
      vertex 63 59 5.35
      vertex 63 59 0
    endloop
  endfacet
  facet normal -0.760369 0.649492 0
    outer loop
      vertex -62.2361 61.3511 0
      vertex -61.8284 61.8284 5.35
      vertex -61.8284 61.8284 0
    endloop
  endfacet
  facet normal -0.760369 0.649492 0
    outer loop
      vertex -61.8284 61.8284 5.35
      vertex -62.2361 61.3511 0
      vertex -62.2361 61.3511 5.35
    endloop
  endfacet
  facet normal -0.852647 0.522487 0
    outer loop
      vertex -62.564 60.816 0
      vertex -62.2361 61.3511 5.35
      vertex -62.2361 61.3511 0
    endloop
  endfacet
  facet normal -0.852647 0.522487 0
    outer loop
      vertex -62.2361 61.3511 5.35
      vertex -62.564 60.816 0
      vertex -62.564 60.816 5.35
    endloop
  endfacet
  facet normal 0.996923 -0.07839 0
    outer loop
      vertex 62.9508 -59.6257 5.35
      vertex 63 -59 0
      vertex 63 -59 5.35
    endloop
  endfacet
  facet normal 0.996923 -0.07839 0
    outer loop
      vertex 63 -59 0
      vertex 62.9508 -59.6257 5.35
      vertex 62.9508 -59.6257 0
    endloop
  endfacet
  facet normal 0.852647 -0.522487 0
    outer loop
      vertex 62.2361 -61.3511 5.35
      vertex 62.564 -60.816 0
      vertex 62.564 -60.816 5.35
    endloop
  endfacet
  facet normal 0.852647 -0.522487 0
    outer loop
      vertex 62.564 -60.816 0
      vertex 62.2361 -61.3511 5.35
      vertex 62.2361 -61.3511 0
    endloop
  endfacet
  facet normal -0.852647 -0.522487 0
    outer loop
      vertex -62.2361 -61.3511 0
      vertex -62.564 -60.816 5.35
      vertex -62.564 -60.816 0
    endloop
  endfacet
  facet normal -0.852647 -0.522487 0
    outer loop
      vertex -62.564 -60.816 5.35
      vertex -62.2361 -61.3511 0
      vertex -62.2361 -61.3511 5.35
    endloop
  endfacet
  facet normal 0.649492 -0.760369 0
    outer loop
      vertex 61.3511 -62.2361 0
      vertex 61.8284 -61.8284 5.35
      vertex 61.3511 -62.2361 5.35
    endloop
  endfacet
  facet normal 0.649492 -0.760369 0
    outer loop
      vertex 61.8284 -61.8284 5.35
      vertex 61.3511 -62.2361 0
      vertex 61.8284 -61.8284 0
    endloop
  endfacet
  facet normal 0.852647 0.522487 0
    outer loop
      vertex 62.564 60.816 5.35
      vertex 62.2361 61.3511 0
      vertex 62.2361 61.3511 5.35
    endloop
  endfacet
  facet normal 0.852647 0.522487 0
    outer loop
      vertex 62.2361 61.3511 0
      vertex 62.564 60.816 5.35
      vertex 62.564 60.816 0
    endloop
  endfacet
  facet normal -0.996923 0.07839 0
    outer loop
      vertex -63 59 0
      vertex -62.9508 59.6257 5.35
      vertex -62.9508 59.6257 0
    endloop
  endfacet
  facet normal -0.996923 0.07839 0
    outer loop
      vertex -62.9508 59.6257 5.35
      vertex -63 59 0
      vertex -63 59 5.35
    endloop
  endfacet
  facet normal 0.07839 0.996923 -0
    outer loop
      vertex 59.6257 62.9508 0
      vertex 59 63 5.35
      vertex 59.6257 62.9508 5.35
    endloop
  endfacet
  facet normal 0.07839 0.996923 0
    outer loop
      vertex 59 63 5.35
      vertex 59.6257 62.9508 0
      vertex 59 63 0
    endloop
  endfacet
  facet normal -0.923881 0.38268 0
    outer loop
      vertex -62.8042 60.2361 0
      vertex -62.564 60.816 5.35
      vertex -62.564 60.816 0
    endloop
  endfacet
  facet normal -0.923881 0.38268 0
    outer loop
      vertex -62.564 60.816 5.35
      vertex -62.8042 60.2361 0
      vertex -62.8042 60.2361 5.35
    endloop
  endfacet
  facet normal -0.996923 -0.07839 0
    outer loop
      vertex -62.9508 -59.6257 0
      vertex -63 -59 5.35
      vertex -63 -59 0
    endloop
  endfacet
  facet normal -0.996923 -0.07839 0
    outer loop
      vertex -63 -59 5.35
      vertex -62.9508 -59.6257 0
      vertex -62.9508 -59.6257 5.35
    endloop
  endfacet
  facet normal 0.923881 0.38268 0
    outer loop
      vertex 62.8042 60.2361 5.35
      vertex 62.564 60.816 0
      vertex 62.564 60.816 5.35
    endloop
  endfacet
  facet normal 0.923881 0.38268 0
    outer loop
      vertex 62.564 60.816 0
      vertex 62.8042 60.2361 5.35
      vertex 62.8042 60.2361 0
    endloop
  endfacet
  facet normal 0.760369 0.649492 0
    outer loop
      vertex 62.2361 61.3511 5.35
      vertex 61.8284 61.8284 0
      vertex 61.8284 61.8284 5.35
    endloop
  endfacet
  facet normal 0.760369 0.649492 0
    outer loop
      vertex 61.8284 61.8284 0
      vertex 62.2361 61.3511 5.35
      vertex 62.2361 61.3511 0
    endloop
  endfacet
  facet normal 0.923881 -0.38268 0
    outer loop
      vertex 62.564 -60.816 5.35
      vertex 62.8042 -60.2361 0
      vertex 62.8042 -60.2361 5.35
    endloop
  endfacet
  facet normal 0.923881 -0.38268 0
    outer loop
      vertex 62.8042 -60.2361 0
      vertex 62.564 -60.816 5.35
      vertex 62.564 -60.816 0
    endloop
  endfacet
  facet normal -0.649492 0.760369 0
    outer loop
      vertex -61.3511 62.2361 0
      vertex -61.8284 61.8284 5.35
      vertex -61.3511 62.2361 5.35
    endloop
  endfacet
  facet normal -0.649492 0.760369 0
    outer loop
      vertex -61.8284 61.8284 5.35
      vertex -61.3511 62.2361 0
      vertex -61.8284 61.8284 0
    endloop
  endfacet
  facet normal 0 0 1
    outer loop
      vertex -59.4148 -20.9477 5.35
      vertex -59.4148 -21.0523 5.35
      vertex -58.75 -21 5.35
    endloop
  endfacet
  facet normal 0 0 1
    outer loop
      vertex -60.0633 -20.792 5.35
      vertex -59.4148 -21.0523 5.35
      vertex -59.4148 -20.9477 5.35
    endloop
  endfacet
  facet normal 0 0 1
    outer loop
      vertex -60.0633 -20.792 5.35
      vertex -60.0633 -21.208 5.35
      vertex -59.4148 -21.0523 5.35
    endloop
  endfacet
  facet normal 0 0 1
    outer loop
      vertex -60.6795 -20.5368 5.35
      vertex -60.0633 -21.208 5.35
      vertex -60.0633 -20.792 5.35
    endloop
  endfacet
  facet normal 0 0 1
    outer loop
      vertex -60.6795 -20.5368 5.35
      vertex -60.6795 -21.4632 5.35
      vertex -60.0633 -21.208 5.35
    endloop
  endfacet
  facet normal 0 0 1
    outer loop
      vertex -61.2481 -20.1883 5.35
      vertex -60.6795 -21.4632 5.35
      vertex -60.6795 -20.5368 5.35
    endloop
  endfacet
  facet normal 0 0 1
    outer loop
      vertex -61.2481 -20.1883 5.35
      vertex -61.2481 -21.8117 5.35
      vertex -60.6795 -21.4632 5.35
    endloop
  endfacet
  facet normal 0 0 1
    outer loop
      vertex -61.7552 -19.7552 5.35
      vertex -61.2481 -21.8117 5.35
      vertex -61.2481 -20.1883 5.35
    endloop
  endfacet
  facet normal 0 0 1
    outer loop
      vertex -61.7552 -19.7552 5.35
      vertex -61.7552 -22.2448 5.35
      vertex -61.2481 -21.8117 5.35
    endloop
  endfacet
  facet normal 0 0 1
    outer loop
      vertex -62.1883 -19.2481 5.35
      vertex -61.7552 -22.2448 5.35
      vertex -61.7552 -19.7552 5.35
    endloop
  endfacet
  facet normal 0 0 1
    outer loop
      vertex -62.1883 -19.2481 5.35
      vertex -62.1883 -22.7519 5.35
      vertex -61.7552 -22.2448 5.35
    endloop
  endfacet
  facet normal 0 0 1
    outer loop
      vertex -62.5368 -18.6795 5.35
      vertex -62.1883 -22.7519 5.35
      vertex -62.1883 -19.2481 5.35
    endloop
  endfacet
  facet normal 0 0 1
    outer loop
      vertex -62.5368 -18.6795 5.35
      vertex -62.5368 -23.3205 5.35
      vertex -62.1883 -22.7519 5.35
    endloop
  endfacet
  facet normal 0 0 1
    outer loop
      vertex -62.792 -18.0633 5.35
      vertex -62.5368 -23.3205 5.35
      vertex -62.5368 -18.6795 5.35
    endloop
  endfacet
  facet normal 0 0 1
    outer loop
      vertex -62.792 -18.0633 5.35
      vertex -62.792 -23.9367 5.35
      vertex -62.5368 -23.3205 5.35
    endloop
  endfacet
  facet normal 0 0 1
    outer loop
      vertex -62.9477 -17.4148 5.35
      vertex -62.792 -23.9367 5.35
      vertex -62.792 -18.0633 5.35
    endloop
  endfacet
  facet normal 0 0 1
    outer loop
      vertex -62.9477 -17.4148 5.35
      vertex -62.9477 -24.5852 5.35
      vertex -62.792 -23.9367 5.35
    endloop
  endfacet
  facet normal 0 0 1
    outer loop
      vertex -63 -16.75 5.35
      vertex -62.9477 -24.5852 5.35
      vertex -62.9477 -17.4148 5.35
    endloop
  endfacet
  facet normal 0 0 1
    outer loop
      vertex -62.9477 -24.5852 5.35
      vertex -63 -16.75 5.35
      vertex -63 -25.25 5.35
    endloop
  endfacet
  facet normal 0 0 1
    outer loop
      vertex -59.4148 21.0523 5.35
      vertex -59.4148 20.9477 5.35
      vertex -58.75 21 5.35
    endloop
  endfacet
  facet normal 0 0 1
    outer loop
      vertex -60.0633 21.208 5.35
      vertex -59.4148 20.9477 5.35
      vertex -59.4148 21.0523 5.35
    endloop
  endfacet
  facet normal 0 0 1
    outer loop
      vertex -60.0633 21.208 5.35
      vertex -60.0633 20.792 5.35
      vertex -59.4148 20.9477 5.35
    endloop
  endfacet
  facet normal 0 0 1
    outer loop
      vertex -60.6795 21.4632 5.35
      vertex -60.0633 20.792 5.35
      vertex -60.0633 21.208 5.35
    endloop
  endfacet
  facet normal 0 0 1
    outer loop
      vertex -60.6795 21.4632 5.35
      vertex -60.6795 20.5368 5.35
      vertex -60.0633 20.792 5.35
    endloop
  endfacet
  facet normal 0 0 1
    outer loop
      vertex -61.2481 21.8117 5.35
      vertex -60.6795 20.5368 5.35
      vertex -60.6795 21.4632 5.35
    endloop
  endfacet
  facet normal 0 0 1
    outer loop
      vertex -61.2481 21.8117 5.35
      vertex -61.2481 20.1883 5.35
      vertex -60.6795 20.5368 5.35
    endloop
  endfacet
  facet normal 0 0 1
    outer loop
      vertex -61.7552 22.2448 5.35
      vertex -61.2481 20.1883 5.35
      vertex -61.2481 21.8117 5.35
    endloop
  endfacet
  facet normal 0 0 1
    outer loop
      vertex -61.7552 22.2448 5.35
      vertex -61.7552 19.7552 5.35
      vertex -61.2481 20.1883 5.35
    endloop
  endfacet
  facet normal 0 0 1
    outer loop
      vertex -62.1883 22.7519 5.35
      vertex -61.7552 19.7552 5.35
      vertex -61.7552 22.2448 5.35
    endloop
  endfacet
  facet normal 0 0 1
    outer loop
      vertex -62.1883 22.7519 5.35
      vertex -62.1883 19.2481 5.35
      vertex -61.7552 19.7552 5.35
    endloop
  endfacet
  facet normal 0 0 1
    outer loop
      vertex -62.5368 23.3205 5.35
      vertex -62.1883 19.2481 5.35
      vertex -62.1883 22.7519 5.35
    endloop
  endfacet
  facet normal 0 0 1
    outer loop
      vertex -62.5368 23.3205 5.35
      vertex -62.5368 18.6795 5.35
      vertex -62.1883 19.2481 5.35
    endloop
  endfacet
  facet normal 0 0 1
    outer loop
      vertex -62.792 23.9367 5.35
      vertex -62.5368 18.6795 5.35
      vertex -62.5368 23.3205 5.35
    endloop
  endfacet
  facet normal 0 0 1
    outer loop
      vertex -62.792 23.9367 5.35
      vertex -62.792 18.0633 5.35
      vertex -62.5368 18.6795 5.35
    endloop
  endfacet
  facet normal 0 0 1
    outer loop
      vertex -62.9477 24.5852 5.35
      vertex -62.792 18.0633 5.35
      vertex -62.792 23.9367 5.35
    endloop
  endfacet
  facet normal 0 0 1
    outer loop
      vertex -62.9477 24.5852 5.35
      vertex -62.9477 17.4148 5.35
      vertex -62.792 18.0633 5.35
    endloop
  endfacet
  facet normal 0 0 1
    outer loop
      vertex -63 25.25 5.35
      vertex -62.9477 17.4148 5.35
      vertex -62.9477 24.5852 5.35
    endloop
  endfacet
  facet normal 0 0 1
    outer loop
      vertex -62.9477 17.4148 5.35
      vertex -63 25.25 5.35
      vertex -63 16.75 5.35
    endloop
  endfacet
  facet normal -0 0 1
    outer loop
      vertex -59 63 5.35
      vertex -59.4148 62.9477 5.35
      vertex -58.75 63 5.35
    endloop
  endfacet
  facet normal -0 0 1
    outer loop
      vertex -59.6257 62.9508 5.35
      vertex -59.4148 62.9477 5.35
      vertex -59 63 5.35
    endloop
  endfacet
  facet normal 0 0 1
    outer loop
      vertex -59.6257 62.9508 5.35
      vertex -60.0633 62.792 5.35
      vertex -59.4148 62.9477 5.35
    endloop
  endfacet
  facet normal -0 0 1
    outer loop
      vertex -60.2361 62.8042 5.35
      vertex -60.0633 62.792 5.35
      vertex -59.6257 62.9508 5.35
    endloop
  endfacet
  facet normal 0 0 1
    outer loop
      vertex -60.2361 62.8042 5.35
      vertex -60.6795 62.5368 5.35
      vertex -60.0633 62.792 5.35
    endloop
  endfacet
  facet normal -0 0 1
    outer loop
      vertex -60.816 62.564 5.35
      vertex -60.6795 62.5368 5.35
      vertex -60.2361 62.8042 5.35
    endloop
  endfacet
  facet normal 0 0 1
    outer loop
      vertex -60.816 62.564 5.35
      vertex -61.2481 62.1883 5.35
      vertex -60.6795 62.5368 5.35
    endloop
  endfacet
  facet normal -0 0 1
    outer loop
      vertex -61.3511 62.2361 5.35
      vertex -61.2481 62.1883 5.35
      vertex -60.816 62.564 5.35
    endloop
  endfacet
  facet normal 0 0 1
    outer loop
      vertex -61.3511 62.2361 5.35
      vertex -61.7552 61.7552 5.35
      vertex -61.2481 62.1883 5.35
    endloop
  endfacet
  facet normal -0 0 1
    outer loop
      vertex -61.8284 61.8284 5.35
      vertex -61.7552 61.7552 5.35
      vertex -61.3511 62.2361 5.35
    endloop
  endfacet
  facet normal 0 0 1
    outer loop
      vertex -62.2361 61.3511 5.35
      vertex -61.7552 61.7552 5.35
      vertex -61.8284 61.8284 5.35
    endloop
  endfacet
  facet normal 0 0 1
    outer loop
      vertex -61.7552 61.7552 5.35
      vertex -62.2361 61.3511 5.35
      vertex -62.1883 61.2481 5.35
    endloop
  endfacet
  facet normal 0 0 1
    outer loop
      vertex -62.564 60.816 5.35
      vertex -62.1883 61.2481 5.35
      vertex -62.2361 61.3511 5.35
    endloop
  endfacet
  facet normal 0 0 1
    outer loop
      vertex -62.1883 61.2481 5.35
      vertex -62.564 60.816 5.35
      vertex -62.5368 60.6795 5.35
    endloop
  endfacet
  facet normal 0 0 1
    outer loop
      vertex -62.8042 60.2361 5.35
      vertex -62.5368 60.6795 5.35
      vertex -62.564 60.816 5.35
    endloop
  endfacet
  facet normal 0 0 1
    outer loop
      vertex -62.5368 60.6795 5.35
      vertex -62.8042 60.2361 5.35
      vertex -62.792 60.0633 5.35
    endloop
  endfacet
  facet normal 0 0 1
    outer loop
      vertex -62.9508 59.6257 5.35
      vertex -62.792 60.0633 5.35
      vertex -62.8042 60.2361 5.35
    endloop
  endfacet
  facet normal 0 0 1
    outer loop
      vertex -62.792 60.0633 5.35
      vertex -62.9508 59.6257 5.35
      vertex -62.9477 59.4148 5.35
    endloop
  endfacet
  facet normal 0 0 1
    outer loop
      vertex -63 59 5.35
      vertex -62.9477 59.4148 5.35
      vertex -62.9508 59.6257 5.35
    endloop
  endfacet
  facet normal 0 0 1
    outer loop
      vertex -62.9477 59.4148 5.35
      vertex -63 59 5.35
      vertex -63 58.75 5.35
    endloop
  endfacet
  facet normal 0 0 1
    outer loop
      vertex -17.4148 -20.9477 5.35
      vertex -17.4148 -21.0523 5.35
      vertex -16.75 -21 5.35
    endloop
  endfacet
  facet normal 0 0 1
    outer loop
      vertex -18.0633 -20.792 5.35
      vertex -17.4148 -21.0523 5.35
      vertex -17.4148 -20.9477 5.35
    endloop
  endfacet
  facet normal 0 0 1
    outer loop
      vertex -18.0633 -20.792 5.35
      vertex -18.0633 -21.208 5.35
      vertex -17.4148 -21.0523 5.35
    endloop
  endfacet
  facet normal 0 0 1
    outer loop
      vertex -18.6795 -20.5368 5.35
      vertex -18.0633 -21.208 5.35
      vertex -18.0633 -20.792 5.35
    endloop
  endfacet
  facet normal 0 0 1
    outer loop
      vertex -18.6795 -20.5368 5.35
      vertex -18.6795 -21.4632 5.35
      vertex -18.0633 -21.208 5.35
    endloop
  endfacet
  facet normal 0 0 1
    outer loop
      vertex -19.2481 -20.1883 5.35
      vertex -18.6795 -21.4632 5.35
      vertex -18.6795 -20.5368 5.35
    endloop
  endfacet
  facet normal 0 0 1
    outer loop
      vertex -19.2481 -20.1883 5.35
      vertex -19.2481 -21.8117 5.35
      vertex -18.6795 -21.4632 5.35
    endloop
  endfacet
  facet normal 0 0 1
    outer loop
      vertex -19.7552 -19.7552 5.35
      vertex -19.2481 -21.8117 5.35
      vertex -19.2481 -20.1883 5.35
    endloop
  endfacet
  facet normal 0 0 1
    outer loop
      vertex -19.7552 -19.7552 5.35
      vertex -19.7552 -22.2448 5.35
      vertex -19.2481 -21.8117 5.35
    endloop
  endfacet
  facet normal 0 0 1
    outer loop
      vertex -22.2448 -19.7552 5.35
      vertex -19.7552 -19.7552 5.35
      vertex -20.1883 -19.2481 5.35
    endloop
  endfacet
  facet normal 0 0 1
    outer loop
      vertex -19.7552 -19.7552 5.35
      vertex -22.2448 -19.7552 5.35
      vertex -19.7552 -22.2448 5.35
    endloop
  endfacet
  facet normal 0 0 1
    outer loop
      vertex -21.8117 -19.2481 5.35
      vertex -20.1883 -19.2481 5.35
      vertex -20.5368 -18.6795 5.35
    endloop
  endfacet
  facet normal 0 0 1
    outer loop
      vertex -22.2448 -19.7552 5.35
      vertex -20.1883 -19.2481 5.35
      vertex -21.8117 -19.2481 5.35
    endloop
  endfacet
  facet normal 0 0 1
    outer loop
      vertex -21.4632 -18.6795 5.35
      vertex -20.5368 -18.6795 5.35
      vertex -20.792 -18.0633 5.35
    endloop
  endfacet
  facet normal 0 0 1
    outer loop
      vertex -22.2448 -22.2448 5.35
      vertex -19.7552 -22.2448 5.35
      vertex -22.2448 -19.7552 5.35
    endloop
  endfacet
  facet normal 0 0 1
    outer loop
      vertex -21.208 -18.0633 5.35
      vertex -20.792 -18.0633 5.35
      vertex -20.9477 -17.4148 5.35
    endloop
  endfacet
  facet normal 0 0 1
    outer loop
      vertex -21.4632 -18.6795 5.35
      vertex -20.792 -18.0633 5.35
      vertex -21.208 -18.0633 5.35
    endloop
  endfacet
  facet normal 0 0 1
    outer loop
      vertex -21.0523 -17.4148 5.35
      vertex -20.9477 -17.4148 5.35
      vertex -21 -16.75 5.35
    endloop
  endfacet
  facet normal 0 0 1
    outer loop
      vertex -21.208 -18.0633 5.35
      vertex -20.9477 -17.4148 5.35
      vertex -21.0523 -17.4148 5.35
    endloop
  endfacet
  facet normal 0 0 1
    outer loop
      vertex -20.5368 -18.6795 5.35
      vertex -21.4632 -18.6795 5.35
      vertex -21.8117 -19.2481 5.35
    endloop
  endfacet
  facet normal 0 0 1
    outer loop
      vertex -20.9477 -24.5852 5.35
      vertex -21.0523 -24.5852 5.35
      vertex -21 -25.25 5.35
    endloop
  endfacet
  facet normal 0 0 1
    outer loop
      vertex -20.792 -23.9367 5.35
      vertex -21.208 -23.9367 5.35
      vertex -20.9477 -24.5852 5.35
    endloop
  endfacet
  facet normal 0 0 1
    outer loop
      vertex -20.9477 -24.5852 5.35
      vertex -21.208 -23.9367 5.35
      vertex -21.0523 -24.5852 5.35
    endloop
  endfacet
  facet normal 0 0 1
    outer loop
      vertex -20.1883 -22.7519 5.35
      vertex -21.8117 -22.7519 5.35
      vertex -20.5368 -23.3205 5.35
    endloop
  endfacet
  facet normal 0 0 1
    outer loop
      vertex -20.792 -23.9367 5.35
      vertex -21.4632 -23.3205 5.35
      vertex -21.208 -23.9367 5.35
    endloop
  endfacet
  facet normal 0 -0 1
    outer loop
      vertex -21.4632 -23.3205 5.35
      vertex -20.5368 -23.3205 5.35
      vertex -21.8117 -22.7519 5.35
    endloop
  endfacet
  facet normal 0 0 1
    outer loop
      vertex -20.5368 -23.3205 5.35
      vertex -21.4632 -23.3205 5.35
      vertex -20.792 -23.9367 5.35
    endloop
  endfacet
  facet normal 0 0 1
    outer loop
      vertex -19.7552 -22.2448 5.35
      vertex -22.2448 -22.2448 5.35
      vertex -20.1883 -22.7519 5.35
    endloop
  endfacet
  facet normal 0 0 1
    outer loop
      vertex -20.1883 -22.7519 5.35
      vertex -22.2448 -22.2448 5.35
      vertex -21.8117 -22.7519 5.35
    endloop
  endfacet
  facet normal -0 0 1
    outer loop
      vertex -22.7519 -20.1883 5.35
      vertex -22.2448 -22.2448 5.35
      vertex -22.2448 -19.7552 5.35
    endloop
  endfacet
  facet normal 0 0 1
    outer loop
      vertex -22.7519 -20.1883 5.35
      vertex -22.7519 -21.8117 5.35
      vertex -22.2448 -22.2448 5.35
    endloop
  endfacet
  facet normal -0 0 1
    outer loop
      vertex -23.3205 -20.5368 5.35
      vertex -22.7519 -21.8117 5.35
      vertex -22.7519 -20.1883 5.35
    endloop
  endfacet
  facet normal 0 0 1
    outer loop
      vertex -23.3205 -20.5368 5.35
      vertex -23.3205 -21.4632 5.35
      vertex -22.7519 -21.8117 5.35
    endloop
  endfacet
  facet normal -0 0 1
    outer loop
      vertex -23.9367 -20.792 5.35
      vertex -23.3205 -21.4632 5.35
      vertex -23.3205 -20.5368 5.35
    endloop
  endfacet
  facet normal 0 0 1
    outer loop
      vertex -23.9367 -20.792 5.35
      vertex -23.9367 -21.208 5.35
      vertex -23.3205 -21.4632 5.35
    endloop
  endfacet
  facet normal -0 0 1
    outer loop
      vertex -24.5852 -20.9477 5.35
      vertex -23.9367 -21.208 5.35
      vertex -23.9367 -20.792 5.35
    endloop
  endfacet
  facet normal 0 0 1
    outer loop
      vertex -24.5852 -20.9477 5.35
      vertex -24.5852 -21.0523 5.35
      vertex -23.9367 -21.208 5.35
    endloop
  endfacet
  facet normal 0 -0 1
    outer loop
      vertex -24.5852 -21.0523 5.35
      vertex -24.5852 -20.9477 5.35
      vertex -25.25 -21 5.35
    endloop
  endfacet
  facet normal 0 0 1
    outer loop
      vertex -17.4148 21.0523 5.35
      vertex -17.4148 20.9477 5.35
      vertex -16.75 21 5.35
    endloop
  endfacet
  facet normal 0 0 1
    outer loop
      vertex -18.0633 21.208 5.35
      vertex -17.4148 20.9477 5.35
      vertex -17.4148 21.0523 5.35
    endloop
  endfacet
  facet normal 0 0 1
    outer loop
      vertex -18.0633 21.208 5.35
      vertex -18.0633 20.792 5.35
      vertex -17.4148 20.9477 5.35
    endloop
  endfacet
  facet normal 0 0 1
    outer loop
      vertex -18.6795 21.4632 5.35
      vertex -18.0633 20.792 5.35
      vertex -18.0633 21.208 5.35
    endloop
  endfacet
  facet normal 0 0 1
    outer loop
      vertex -18.6795 21.4632 5.35
      vertex -18.6795 20.5368 5.35
      vertex -18.0633 20.792 5.35
    endloop
  endfacet
  facet normal 0 0 1
    outer loop
      vertex -19.2481 21.8117 5.35
      vertex -18.6795 20.5368 5.35
      vertex -18.6795 21.4632 5.35
    endloop
  endfacet
  facet normal 0 0 1
    outer loop
      vertex -19.2481 21.8117 5.35
      vertex -19.2481 20.1883 5.35
      vertex -18.6795 20.5368 5.35
    endloop
  endfacet
  facet normal 0 0 1
    outer loop
      vertex -19.7552 22.2448 5.35
      vertex -19.2481 20.1883 5.35
      vertex -19.2481 21.8117 5.35
    endloop
  endfacet
  facet normal 0 0 1
    outer loop
      vertex -19.7552 22.2448 5.35
      vertex -19.7552 19.7552 5.35
      vertex -19.2481 20.1883 5.35
    endloop
  endfacet
  facet normal 0 0 1
    outer loop
      vertex -22.2448 22.2448 5.35
      vertex -19.7552 22.2448 5.35
      vertex -20.1883 22.7519 5.35
    endloop
  endfacet
  facet normal 0 0 1
    outer loop
      vertex -19.7552 22.2448 5.35
      vertex -22.2448 22.2448 5.35
      vertex -19.7552 19.7552 5.35
    endloop
  endfacet
  facet normal 0 0 1
    outer loop
      vertex -21.8117 22.7519 5.35
      vertex -20.1883 22.7519 5.35
      vertex -20.5368 23.3205 5.35
    endloop
  endfacet
  facet normal 0 0 1
    outer loop
      vertex -22.2448 22.2448 5.35
      vertex -20.1883 22.7519 5.35
      vertex -21.8117 22.7519 5.35
    endloop
  endfacet
  facet normal 0 0 1
    outer loop
      vertex -21.4632 23.3205 5.35
      vertex -20.5368 23.3205 5.35
      vertex -20.792 23.9367 5.35
    endloop
  endfacet
  facet normal 0 0 1
    outer loop
      vertex -22.2448 19.7552 5.35
      vertex -19.7552 19.7552 5.35
      vertex -22.2448 22.2448 5.35
    endloop
  endfacet
  facet normal 0 0 1
    outer loop
      vertex -21.208 23.9367 5.35
      vertex -20.792 23.9367 5.35
      vertex -20.9477 24.5852 5.35
    endloop
  endfacet
  facet normal 0 0 1
    outer loop
      vertex -21.4632 23.3205 5.35
      vertex -20.792 23.9367 5.35
      vertex -21.208 23.9367 5.35
    endloop
  endfacet
  facet normal 0 0 1
    outer loop
      vertex -21.0523 24.5852 5.35
      vertex -20.9477 24.5852 5.35
      vertex -21 25.25 5.35
    endloop
  endfacet
  facet normal 0 0 1
    outer loop
      vertex -21.208 23.9367 5.35
      vertex -20.9477 24.5852 5.35
      vertex -21.0523 24.5852 5.35
    endloop
  endfacet
  facet normal 0 0 1
    outer loop
      vertex -20.5368 23.3205 5.35
      vertex -21.4632 23.3205 5.35
      vertex -21.8117 22.7519 5.35
    endloop
  endfacet
  facet normal 0 0 1
    outer loop
      vertex -20.9477 17.4148 5.35
      vertex -21.0523 17.4148 5.35
      vertex -21 16.75 5.35
    endloop
  endfacet
  facet normal 0 0 1
    outer loop
      vertex -20.792 18.0633 5.35
      vertex -21.208 18.0633 5.35
      vertex -20.9477 17.4148 5.35
    endloop
  endfacet
  facet normal 0 0 1
    outer loop
      vertex -20.9477 17.4148 5.35
      vertex -21.208 18.0633 5.35
      vertex -21.0523 17.4148 5.35
    endloop
  endfacet
  facet normal 0 0 1
    outer loop
      vertex -20.1883 19.2481 5.35
      vertex -21.8117 19.2481 5.35
      vertex -20.5368 18.6795 5.35
    endloop
  endfacet
  facet normal 0 0 1
    outer loop
      vertex -20.792 18.0633 5.35
      vertex -21.4632 18.6795 5.35
      vertex -21.208 18.0633 5.35
    endloop
  endfacet
  facet normal 0 -0 1
    outer loop
      vertex -21.4632 18.6795 5.35
      vertex -20.5368 18.6795 5.35
      vertex -21.8117 19.2481 5.35
    endloop
  endfacet
  facet normal 0 0 1
    outer loop
      vertex -20.5368 18.6795 5.35
      vertex -21.4632 18.6795 5.35
      vertex -20.792 18.0633 5.35
    endloop
  endfacet
  facet normal 0 0 1
    outer loop
      vertex -19.7552 19.7552 5.35
      vertex -22.2448 19.7552 5.35
      vertex -20.1883 19.2481 5.35
    endloop
  endfacet
  facet normal 0 0 1
    outer loop
      vertex -20.1883 19.2481 5.35
      vertex -22.2448 19.7552 5.35
      vertex -21.8117 19.2481 5.35
    endloop
  endfacet
  facet normal -0 0 1
    outer loop
      vertex -22.7519 21.8117 5.35
      vertex -22.2448 19.7552 5.35
      vertex -22.2448 22.2448 5.35
    endloop
  endfacet
  facet normal 0 0 1
    outer loop
      vertex -22.7519 21.8117 5.35
      vertex -22.7519 20.1883 5.35
      vertex -22.2448 19.7552 5.35
    endloop
  endfacet
  facet normal -0 0 1
    outer loop
      vertex -23.3205 21.4632 5.35
      vertex -22.7519 20.1883 5.35
      vertex -22.7519 21.8117 5.35
    endloop
  endfacet
  facet normal 0 0 1
    outer loop
      vertex -23.3205 21.4632 5.35
      vertex -23.3205 20.5368 5.35
      vertex -22.7519 20.1883 5.35
    endloop
  endfacet
  facet normal -0 0 1
    outer loop
      vertex -23.9367 21.208 5.35
      vertex -23.3205 20.5368 5.35
      vertex -23.3205 21.4632 5.35
    endloop
  endfacet
  facet normal 0 0 1
    outer loop
      vertex -23.9367 21.208 5.35
      vertex -23.9367 20.792 5.35
      vertex -23.3205 20.5368 5.35
    endloop
  endfacet
  facet normal -0 0 1
    outer loop
      vertex -24.5852 21.0523 5.35
      vertex -23.9367 20.792 5.35
      vertex -23.9367 21.208 5.35
    endloop
  endfacet
  facet normal 0 0 1
    outer loop
      vertex -24.5852 21.0523 5.35
      vertex -24.5852 20.9477 5.35
      vertex -23.9367 20.792 5.35
    endloop
  endfacet
  facet normal 0 -0 1
    outer loop
      vertex -24.5852 20.9477 5.35
      vertex -24.5852 21.0523 5.35
      vertex -25.25 21 5.35
    endloop
  endfacet
  facet normal 0 0 1
    outer loop
      vertex -20.9477 59.4148 5.35
      vertex -21.0523 59.4148 5.35
      vertex -21 58.75 5.35
    endloop
  endfacet
  facet normal 0 0 1
    outer loop
      vertex -20.792 60.0633 5.35
      vertex -21.0523 59.4148 5.35
      vertex -20.9477 59.4148 5.35
    endloop
  endfacet
  facet normal 0 0 1
    outer loop
      vertex -20.792 60.0633 5.35
      vertex -21.208 60.0633 5.35
      vertex -21.0523 59.4148 5.35
    endloop
  endfacet
  facet normal 0 0 1
    outer loop
      vertex -20.5368 60.6795 5.35
      vertex -21.208 60.0633 5.35
      vertex -20.792 60.0633 5.35
    endloop
  endfacet
  facet normal 0 0 1
    outer loop
      vertex -21.4632 60.6795 5.35
      vertex -20.5368 60.6795 5.35
      vertex -20.1883 61.2481 5.35
    endloop
  endfacet
  facet normal 0 0 1
    outer loop
      vertex -21.8117 61.2481 5.35
      vertex -20.1883 61.2481 5.35
      vertex -19.7552 61.7552 5.35
    endloop
  endfacet
  facet normal 0 0 1
    outer loop
      vertex -20.5368 60.6795 5.35
      vertex -21.4632 60.6795 5.35
      vertex -21.208 60.0633 5.35
    endloop
  endfacet
  facet normal 0 0 1
    outer loop
      vertex -22.2448 61.7552 5.35
      vertex -19.7552 61.7552 5.35
      vertex -19.2481 62.1883 5.35
    endloop
  endfacet
  facet normal 0 0 1
    outer loop
      vertex -20.1883 61.2481 5.35
      vertex -21.8117 61.2481 5.35
      vertex -21.4632 60.6795 5.35
    endloop
  endfacet
  facet normal 0 0 1
    outer loop
      vertex -22.7519 62.1883 5.35
      vertex -19.2481 62.1883 5.35
      vertex -18.6795 62.5368 5.35
    endloop
  endfacet
  facet normal 0 0 1
    outer loop
      vertex -23.3205 62.5368 5.35
      vertex -18.6795 62.5368 5.35
      vertex -18.0633 62.792 5.35
    endloop
  endfacet
  facet normal 0 0 1
    outer loop
      vertex -19.7552 61.7552 5.35
      vertex -22.2448 61.7552 5.35
      vertex -21.8117 61.2481 5.35
    endloop
  endfacet
  facet normal 0 0 1
    outer loop
      vertex -19.2481 62.1883 5.35
      vertex -22.7519 62.1883 5.35
      vertex -22.2448 61.7552 5.35
    endloop
  endfacet
  facet normal 0 0 1
    outer loop
      vertex -23.9367 62.792 5.35
      vertex -18.0633 62.792 5.35
      vertex -17.4148 62.9477 5.35
    endloop
  endfacet
  facet normal 0 0 1
    outer loop
      vertex -18.6795 62.5368 5.35
      vertex -23.3205 62.5368 5.35
      vertex -22.7519 62.1883 5.35
    endloop
  endfacet
  facet normal 0 0 1
    outer loop
      vertex -24.5852 62.9477 5.35
      vertex -17.4148 62.9477 5.35
      vertex -16.75 63 5.35
    endloop
  endfacet
  facet normal 0 0 1
    outer loop
      vertex -18.0633 62.792 5.35
      vertex -23.9367 62.792 5.35
      vertex -23.3205 62.5368 5.35
    endloop
  endfacet
  facet normal 0 0 1
    outer loop
      vertex -17.4148 62.9477 5.35
      vertex -24.5852 62.9477 5.35
      vertex -23.9367 62.792 5.35
    endloop
  endfacet
  facet normal 0 -0 1
    outer loop
      vertex -24.5852 62.9477 5.35
      vertex -16.75 63 5.35
      vertex -25.25 63 5.35
    endloop
  endfacet
  facet normal 0 0 1
    outer loop
      vertex -21.0523 -59.4148 5.35
      vertex -20.9477 -59.4148 5.35
      vertex -21 -58.75 5.35
    endloop
  endfacet
  facet normal -0 0 1
    outer loop
      vertex -21.0523 -59.4148 5.35
      vertex -20.792 -60.0633 5.35
      vertex -20.9477 -59.4148 5.35
    endloop
  endfacet
  facet normal 0 0 1
    outer loop
      vertex -21.208 -60.0633 5.35
      vertex -20.792 -60.0633 5.35
      vertex -21.0523 -59.4148 5.35
    endloop
  endfacet
  facet normal -0 0 1
    outer loop
      vertex -21.208 -60.0633 5.35
      vertex -20.5368 -60.6795 5.35
      vertex -20.792 -60.0633 5.35
    endloop
  endfacet
  facet normal 0 0 1
    outer loop
      vertex -21.4632 -60.6795 5.35
      vertex -20.5368 -60.6795 5.35
      vertex -21.208 -60.0633 5.35
    endloop
  endfacet
  facet normal 0 0 1
    outer loop
      vertex -20.5368 -60.6795 5.35
      vertex -21.4632 -60.6795 5.35
      vertex -20.1883 -61.2481 5.35
    endloop
  endfacet
  facet normal 0 0 1
    outer loop
      vertex -21.8117 -61.2481 5.35
      vertex -20.1883 -61.2481 5.35
      vertex -21.4632 -60.6795 5.35
    endloop
  endfacet
  facet normal 0 0 1
    outer loop
      vertex -20.1883 -61.2481 5.35
      vertex -21.8117 -61.2481 5.35
      vertex -19.7552 -61.7552 5.35
    endloop
  endfacet
  facet normal 0 0 1
    outer loop
      vertex -22.2448 -61.7552 5.35
      vertex -19.7552 -61.7552 5.35
      vertex -21.8117 -61.2481 5.35
    endloop
  endfacet
  facet normal 0 0 1
    outer loop
      vertex -19.7552 -61.7552 5.35
      vertex -22.2448 -61.7552 5.35
      vertex -19.2481 -62.1883 5.35
    endloop
  endfacet
  facet normal 0 0 1
    outer loop
      vertex -22.7519 -62.1883 5.35
      vertex -19.2481 -62.1883 5.35
      vertex -22.2448 -61.7552 5.35
    endloop
  endfacet
  facet normal 0 0 1
    outer loop
      vertex -19.2481 -62.1883 5.35
      vertex -22.7519 -62.1883 5.35
      vertex -18.6795 -62.5368 5.35
    endloop
  endfacet
  facet normal 0 0 1
    outer loop
      vertex -23.3205 -62.5368 5.35
      vertex -18.6795 -62.5368 5.35
      vertex -22.7519 -62.1883 5.35
    endloop
  endfacet
  facet normal 0 0 1
    outer loop
      vertex -18.6795 -62.5368 5.35
      vertex -23.3205 -62.5368 5.35
      vertex -18.0633 -62.792 5.35
    endloop
  endfacet
  facet normal 0 0 1
    outer loop
      vertex -23.9367 -62.792 5.35
      vertex -18.0633 -62.792 5.35
      vertex -23.3205 -62.5368 5.35
    endloop
  endfacet
  facet normal 0 0 1
    outer loop
      vertex -18.0633 -62.792 5.35
      vertex -23.9367 -62.792 5.35
      vertex -17.4148 -62.9477 5.35
    endloop
  endfacet
  facet normal 0 0 1
    outer loop
      vertex -24.5852 -62.9477 5.35
      vertex -17.4148 -62.9477 5.35
      vertex -23.9367 -62.792 5.35
    endloop
  endfacet
  facet normal 0 0 1
    outer loop
      vertex -17.4148 -62.9477 5.35
      vertex -24.5852 -62.9477 5.35
      vertex -16.75 -63 5.35
    endloop
  endfacet
  facet normal 0 0 1
    outer loop
      vertex -16.75 -63 5.35
      vertex -24.5852 -62.9477 5.35
      vertex -25.25 -63 5.35
    endloop
  endfacet
  facet normal 0 0 1
    outer loop
      vertex -59.4148 -62.9477 5.35
      vertex -59 -63 5.35
      vertex -58.75 -63 5.35
    endloop
  endfacet
  facet normal 0 0 1
    outer loop
      vertex -59.4148 -62.9477 5.35
      vertex -59.6257 -62.9508 5.35
      vertex -59 -63 5.35
    endloop
  endfacet
  facet normal 0 0 1
    outer loop
      vertex -60.0633 -62.792 5.35
      vertex -59.6257 -62.9508 5.35
      vertex -59.4148 -62.9477 5.35
    endloop
  endfacet
  facet normal 0 0 1
    outer loop
      vertex -60.0633 -62.792 5.35
      vertex -60.2361 -62.8042 5.35
      vertex -59.6257 -62.9508 5.35
    endloop
  endfacet
  facet normal 0 0 1
    outer loop
      vertex -60.6795 -62.5368 5.35
      vertex -60.2361 -62.8042 5.35
      vertex -60.0633 -62.792 5.35
    endloop
  endfacet
  facet normal 0 0 1
    outer loop
      vertex -60.6795 -62.5368 5.35
      vertex -60.816 -62.564 5.35
      vertex -60.2361 -62.8042 5.35
    endloop
  endfacet
  facet normal 0 0 1
    outer loop
      vertex -61.2481 -62.1883 5.35
      vertex -60.816 -62.564 5.35
      vertex -60.6795 -62.5368 5.35
    endloop
  endfacet
  facet normal 0 0 1
    outer loop
      vertex -61.2481 -62.1883 5.35
      vertex -61.3511 -62.2361 5.35
      vertex -60.816 -62.564 5.35
    endloop
  endfacet
  facet normal 0 0 1
    outer loop
      vertex -61.7552 -61.7552 5.35
      vertex -61.3511 -62.2361 5.35
      vertex -61.2481 -62.1883 5.35
    endloop
  endfacet
  facet normal 0 0 1
    outer loop
      vertex -61.7552 -61.7552 5.35
      vertex -61.8284 -61.8284 5.35
      vertex -61.3511 -62.2361 5.35
    endloop
  endfacet
  facet normal -0 0 1
    outer loop
      vertex -62.2361 -61.3511 5.35
      vertex -61.7552 -61.7552 5.35
      vertex -62.1883 -61.2481 5.35
    endloop
  endfacet
  facet normal 0 0 1
    outer loop
      vertex -61.7552 -61.7552 5.35
      vertex -62.2361 -61.3511 5.35
      vertex -61.8284 -61.8284 5.35
    endloop
  endfacet
  facet normal -0 0 1
    outer loop
      vertex -62.564 -60.816 5.35
      vertex -62.1883 -61.2481 5.35
      vertex -62.5368 -60.6795 5.35
    endloop
  endfacet
  facet normal 0 0 1
    outer loop
      vertex -62.1883 -61.2481 5.35
      vertex -62.564 -60.816 5.35
      vertex -62.2361 -61.3511 5.35
    endloop
  endfacet
  facet normal -0 0 1
    outer loop
      vertex -62.8042 -60.2361 5.35
      vertex -62.5368 -60.6795 5.35
      vertex -62.792 -60.0633 5.35
    endloop
  endfacet
  facet normal 0 0 1
    outer loop
      vertex -62.5368 -60.6795 5.35
      vertex -62.8042 -60.2361 5.35
      vertex -62.564 -60.816 5.35
    endloop
  endfacet
  facet normal -0 0 1
    outer loop
      vertex -62.9508 -59.6257 5.35
      vertex -62.792 -60.0633 5.35
      vertex -62.9477 -59.4148 5.35
    endloop
  endfacet
  facet normal 0 0 1
    outer loop
      vertex -62.792 -60.0633 5.35
      vertex -62.9508 -59.6257 5.35
      vertex -62.8042 -60.2361 5.35
    endloop
  endfacet
  facet normal -0 0 1
    outer loop
      vertex -63 -59 5.35
      vertex -62.9477 -59.4148 5.35
      vertex -63 -58.75 5.35
    endloop
  endfacet
  facet normal 0 0 1
    outer loop
      vertex -62.9477 -59.4148 5.35
      vertex -63 -59 5.35
      vertex -62.9508 -59.6257 5.35
    endloop
  endfacet
  facet normal 0 0 1
    outer loop
      vertex 24.5852 -20.9477 5.35
      vertex 24.5852 -21.0523 5.35
      vertex 25.25 -21 5.35
    endloop
  endfacet
  facet normal 0 0 1
    outer loop
      vertex 23.9367 -20.792 5.35
      vertex 24.5852 -21.0523 5.35
      vertex 24.5852 -20.9477 5.35
    endloop
  endfacet
  facet normal 0 0 1
    outer loop
      vertex 23.9367 -20.792 5.35
      vertex 23.9367 -21.208 5.35
      vertex 24.5852 -21.0523 5.35
    endloop
  endfacet
  facet normal 0 0 1
    outer loop
      vertex 23.3205 -20.5368 5.35
      vertex 23.9367 -21.208 5.35
      vertex 23.9367 -20.792 5.35
    endloop
  endfacet
  facet normal 0 0 1
    outer loop
      vertex 23.3205 -20.5368 5.35
      vertex 23.3205 -21.4632 5.35
      vertex 23.9367 -21.208 5.35
    endloop
  endfacet
  facet normal 0 0 1
    outer loop
      vertex 22.7519 -20.1883 5.35
      vertex 23.3205 -21.4632 5.35
      vertex 23.3205 -20.5368 5.35
    endloop
  endfacet
  facet normal 0 0 1
    outer loop
      vertex 22.7519 -20.1883 5.35
      vertex 22.7519 -21.8117 5.35
      vertex 23.3205 -21.4632 5.35
    endloop
  endfacet
  facet normal 0 0 1
    outer loop
      vertex 22.2448 -19.7552 5.35
      vertex 22.7519 -21.8117 5.35
      vertex 22.7519 -20.1883 5.35
    endloop
  endfacet
  facet normal 0 0 1
    outer loop
      vertex 22.2448 -19.7552 5.35
      vertex 22.2448 -22.2448 5.35
      vertex 22.7519 -21.8117 5.35
    endloop
  endfacet
  facet normal 0 0 1
    outer loop
      vertex 19.7552 -19.7552 5.35
      vertex 22.2448 -19.7552 5.35
      vertex 21.8117 -19.2481 5.35
    endloop
  endfacet
  facet normal 0 0 1
    outer loop
      vertex 22.2448 -19.7552 5.35
      vertex 19.7552 -19.7552 5.35
      vertex 22.2448 -22.2448 5.35
    endloop
  endfacet
  facet normal 0 0 1
    outer loop
      vertex 20.1883 -19.2481 5.35
      vertex 21.8117 -19.2481 5.35
      vertex 21.4632 -18.6795 5.35
    endloop
  endfacet
  facet normal 0 0 1
    outer loop
      vertex 19.7552 -19.7552 5.35
      vertex 21.8117 -19.2481 5.35
      vertex 20.1883 -19.2481 5.35
    endloop
  endfacet
  facet normal 0 0 1
    outer loop
      vertex 20.5368 -18.6795 5.35
      vertex 21.4632 -18.6795 5.35
      vertex 21.208 -18.0633 5.35
    endloop
  endfacet
  facet normal 0 0 1
    outer loop
      vertex 19.7552 -22.2448 5.35
      vertex 22.2448 -22.2448 5.35
      vertex 19.7552 -19.7552 5.35
    endloop
  endfacet
  facet normal 0 0 1
    outer loop
      vertex 20.792 -18.0633 5.35
      vertex 21.208 -18.0633 5.35
      vertex 21.0523 -17.4148 5.35
    endloop
  endfacet
  facet normal 0 0 1
    outer loop
      vertex 20.5368 -18.6795 5.35
      vertex 21.208 -18.0633 5.35
      vertex 20.792 -18.0633 5.35
    endloop
  endfacet
  facet normal 0 0 1
    outer loop
      vertex 20.9477 -17.4148 5.35
      vertex 21.0523 -17.4148 5.35
      vertex 21 -16.75 5.35
    endloop
  endfacet
  facet normal 0 0 1
    outer loop
      vertex 20.792 -18.0633 5.35
      vertex 21.0523 -17.4148 5.35
      vertex 20.9477 -17.4148 5.35
    endloop
  endfacet
  facet normal 0 0 1
    outer loop
      vertex 21.4632 -18.6795 5.35
      vertex 20.5368 -18.6795 5.35
      vertex 20.1883 -19.2481 5.35
    endloop
  endfacet
  facet normal 0 0 1
    outer loop
      vertex 21.0523 -24.5852 5.35
      vertex 20.9477 -24.5852 5.35
      vertex 21 -25.25 5.35
    endloop
  endfacet
  facet normal 0 0 1
    outer loop
      vertex 21.208 -23.9367 5.35
      vertex 20.792 -23.9367 5.35
      vertex 21.0523 -24.5852 5.35
    endloop
  endfacet
  facet normal 0 0 1
    outer loop
      vertex 21.0523 -24.5852 5.35
      vertex 20.792 -23.9367 5.35
      vertex 20.9477 -24.5852 5.35
    endloop
  endfacet
  facet normal 0 0 1
    outer loop
      vertex 21.8117 -22.7519 5.35
      vertex 20.1883 -22.7519 5.35
      vertex 21.4632 -23.3205 5.35
    endloop
  endfacet
  facet normal 0 0 1
    outer loop
      vertex 21.208 -23.9367 5.35
      vertex 20.5368 -23.3205 5.35
      vertex 20.792 -23.9367 5.35
    endloop
  endfacet
  facet normal 0 -0 1
    outer loop
      vertex 20.5368 -23.3205 5.35
      vertex 21.4632 -23.3205 5.35
      vertex 20.1883 -22.7519 5.35
    endloop
  endfacet
  facet normal 0 0 1
    outer loop
      vertex 21.4632 -23.3205 5.35
      vertex 20.5368 -23.3205 5.35
      vertex 21.208 -23.9367 5.35
    endloop
  endfacet
  facet normal 0 0 1
    outer loop
      vertex 22.2448 -22.2448 5.35
      vertex 19.7552 -22.2448 5.35
      vertex 21.8117 -22.7519 5.35
    endloop
  endfacet
  facet normal 0 0 1
    outer loop
      vertex 21.8117 -22.7519 5.35
      vertex 19.7552 -22.2448 5.35
      vertex 20.1883 -22.7519 5.35
    endloop
  endfacet
  facet normal -0 0 1
    outer loop
      vertex 19.2481 -20.1883 5.35
      vertex 19.7552 -22.2448 5.35
      vertex 19.7552 -19.7552 5.35
    endloop
  endfacet
  facet normal 0 0 1
    outer loop
      vertex 19.2481 -20.1883 5.35
      vertex 19.2481 -21.8117 5.35
      vertex 19.7552 -22.2448 5.35
    endloop
  endfacet
  facet normal -0 0 1
    outer loop
      vertex 18.6795 -20.5368 5.35
      vertex 19.2481 -21.8117 5.35
      vertex 19.2481 -20.1883 5.35
    endloop
  endfacet
  facet normal 0 0 1
    outer loop
      vertex 18.6795 -20.5368 5.35
      vertex 18.6795 -21.4632 5.35
      vertex 19.2481 -21.8117 5.35
    endloop
  endfacet
  facet normal -0 0 1
    outer loop
      vertex 18.0633 -20.792 5.35
      vertex 18.6795 -21.4632 5.35
      vertex 18.6795 -20.5368 5.35
    endloop
  endfacet
  facet normal 0 0 1
    outer loop
      vertex 18.0633 -20.792 5.35
      vertex 18.0633 -21.208 5.35
      vertex 18.6795 -21.4632 5.35
    endloop
  endfacet
  facet normal -0 0 1
    outer loop
      vertex 17.4148 -20.9477 5.35
      vertex 18.0633 -21.208 5.35
      vertex 18.0633 -20.792 5.35
    endloop
  endfacet
  facet normal 0 0 1
    outer loop
      vertex 17.4148 -20.9477 5.35
      vertex 17.4148 -21.0523 5.35
      vertex 18.0633 -21.208 5.35
    endloop
  endfacet
  facet normal 0 -0 1
    outer loop
      vertex 17.4148 -21.0523 5.35
      vertex 17.4148 -20.9477 5.35
      vertex 16.75 -21 5.35
    endloop
  endfacet
  facet normal 0 0 1
    outer loop
      vertex 24.5852 21.0523 5.35
      vertex 24.5852 20.9477 5.35
      vertex 25.25 21 5.35
    endloop
  endfacet
  facet normal 0 0 1
    outer loop
      vertex 23.9367 21.208 5.35
      vertex 24.5852 20.9477 5.35
      vertex 24.5852 21.0523 5.35
    endloop
  endfacet
  facet normal 0 0 1
    outer loop
      vertex 23.9367 21.208 5.35
      vertex 23.9367 20.792 5.35
      vertex 24.5852 20.9477 5.35
    endloop
  endfacet
  facet normal 0 0 1
    outer loop
      vertex 23.3205 21.4632 5.35
      vertex 23.9367 20.792 5.35
      vertex 23.9367 21.208 5.35
    endloop
  endfacet
  facet normal 0 0 1
    outer loop
      vertex 23.3205 21.4632 5.35
      vertex 23.3205 20.5368 5.35
      vertex 23.9367 20.792 5.35
    endloop
  endfacet
  facet normal 0 0 1
    outer loop
      vertex 22.7519 21.8117 5.35
      vertex 23.3205 20.5368 5.35
      vertex 23.3205 21.4632 5.35
    endloop
  endfacet
  facet normal 0 0 1
    outer loop
      vertex 22.7519 21.8117 5.35
      vertex 22.7519 20.1883 5.35
      vertex 23.3205 20.5368 5.35
    endloop
  endfacet
  facet normal 0 0 1
    outer loop
      vertex 22.2448 22.2448 5.35
      vertex 22.7519 20.1883 5.35
      vertex 22.7519 21.8117 5.35
    endloop
  endfacet
  facet normal 0 0 1
    outer loop
      vertex 22.2448 22.2448 5.35
      vertex 22.2448 19.7552 5.35
      vertex 22.7519 20.1883 5.35
    endloop
  endfacet
  facet normal 0 0 1
    outer loop
      vertex 19.7552 22.2448 5.35
      vertex 22.2448 22.2448 5.35
      vertex 21.8117 22.7519 5.35
    endloop
  endfacet
  facet normal 0 0 1
    outer loop
      vertex 22.2448 22.2448 5.35
      vertex 19.7552 22.2448 5.35
      vertex 22.2448 19.7552 5.35
    endloop
  endfacet
  facet normal 0 0 1
    outer loop
      vertex 20.1883 22.7519 5.35
      vertex 21.8117 22.7519 5.35
      vertex 21.4632 23.3205 5.35
    endloop
  endfacet
  facet normal 0 0 1
    outer loop
      vertex 19.7552 22.2448 5.35
      vertex 21.8117 22.7519 5.35
      vertex 20.1883 22.7519 5.35
    endloop
  endfacet
  facet normal 0 0 1
    outer loop
      vertex 20.5368 23.3205 5.35
      vertex 21.4632 23.3205 5.35
      vertex 21.208 23.9367 5.35
    endloop
  endfacet
  facet normal 0 0 1
    outer loop
      vertex 19.7552 19.7552 5.35
      vertex 22.2448 19.7552 5.35
      vertex 19.7552 22.2448 5.35
    endloop
  endfacet
  facet normal 0 0 1
    outer loop
      vertex 20.792 23.9367 5.35
      vertex 21.208 23.9367 5.35
      vertex 21.0523 24.5852 5.35
    endloop
  endfacet
  facet normal 0 0 1
    outer loop
      vertex 20.5368 23.3205 5.35
      vertex 21.208 23.9367 5.35
      vertex 20.792 23.9367 5.35
    endloop
  endfacet
  facet normal 0 0 1
    outer loop
      vertex 20.9477 24.5852 5.35
      vertex 21.0523 24.5852 5.35
      vertex 21 25.25 5.35
    endloop
  endfacet
  facet normal 0 0 1
    outer loop
      vertex 20.792 23.9367 5.35
      vertex 21.0523 24.5852 5.35
      vertex 20.9477 24.5852 5.35
    endloop
  endfacet
  facet normal 0 0 1
    outer loop
      vertex 21.4632 23.3205 5.35
      vertex 20.5368 23.3205 5.35
      vertex 20.1883 22.7519 5.35
    endloop
  endfacet
  facet normal 0 0 1
    outer loop
      vertex 21.0523 17.4148 5.35
      vertex 20.9477 17.4148 5.35
      vertex 21 16.75 5.35
    endloop
  endfacet
  facet normal 0 0 1
    outer loop
      vertex 21.208 18.0633 5.35
      vertex 20.792 18.0633 5.35
      vertex 21.0523 17.4148 5.35
    endloop
  endfacet
  facet normal 0 0 1
    outer loop
      vertex 21.0523 17.4148 5.35
      vertex 20.792 18.0633 5.35
      vertex 20.9477 17.4148 5.35
    endloop
  endfacet
  facet normal 0 0 1
    outer loop
      vertex 21.8117 19.2481 5.35
      vertex 20.1883 19.2481 5.35
      vertex 21.4632 18.6795 5.35
    endloop
  endfacet
  facet normal 0 0 1
    outer loop
      vertex 21.208 18.0633 5.35
      vertex 20.5368 18.6795 5.35
      vertex 20.792 18.0633 5.35
    endloop
  endfacet
  facet normal 0 -0 1
    outer loop
      vertex 20.5368 18.6795 5.35
      vertex 21.4632 18.6795 5.35
      vertex 20.1883 19.2481 5.35
    endloop
  endfacet
  facet normal 0 0 1
    outer loop
      vertex 21.4632 18.6795 5.35
      vertex 20.5368 18.6795 5.35
      vertex 21.208 18.0633 5.35
    endloop
  endfacet
  facet normal 0 0 1
    outer loop
      vertex 22.2448 19.7552 5.35
      vertex 19.7552 19.7552 5.35
      vertex 21.8117 19.2481 5.35
    endloop
  endfacet
  facet normal 0 0 1
    outer loop
      vertex 21.8117 19.2481 5.35
      vertex 19.7552 19.7552 5.35
      vertex 20.1883 19.2481 5.35
    endloop
  endfacet
  facet normal -0 0 1
    outer loop
      vertex 19.2481 21.8117 5.35
      vertex 19.7552 19.7552 5.35
      vertex 19.7552 22.2448 5.35
    endloop
  endfacet
  facet normal 0 0 1
    outer loop
      vertex 19.2481 21.8117 5.35
      vertex 19.2481 20.1883 5.35
      vertex 19.7552 19.7552 5.35
    endloop
  endfacet
  facet normal -0 0 1
    outer loop
      vertex 18.6795 21.4632 5.35
      vertex 19.2481 20.1883 5.35
      vertex 19.2481 21.8117 5.35
    endloop
  endfacet
  facet normal 0 0 1
    outer loop
      vertex 18.6795 21.4632 5.35
      vertex 18.6795 20.5368 5.35
      vertex 19.2481 20.1883 5.35
    endloop
  endfacet
  facet normal -0 0 1
    outer loop
      vertex 18.0633 21.208 5.35
      vertex 18.6795 20.5368 5.35
      vertex 18.6795 21.4632 5.35
    endloop
  endfacet
  facet normal 0 0 1
    outer loop
      vertex 18.0633 21.208 5.35
      vertex 18.0633 20.792 5.35
      vertex 18.6795 20.5368 5.35
    endloop
  endfacet
  facet normal -0 0 1
    outer loop
      vertex 17.4148 21.0523 5.35
      vertex 18.0633 20.792 5.35
      vertex 18.0633 21.208 5.35
    endloop
  endfacet
  facet normal 0 0 1
    outer loop
      vertex 17.4148 21.0523 5.35
      vertex 17.4148 20.9477 5.35
      vertex 18.0633 20.792 5.35
    endloop
  endfacet
  facet normal 0 -0 1
    outer loop
      vertex 17.4148 20.9477 5.35
      vertex 17.4148 21.0523 5.35
      vertex 16.75 21 5.35
    endloop
  endfacet
  facet normal 0 0 1
    outer loop
      vertex 21.0523 59.4148 5.35
      vertex 20.9477 59.4148 5.35
      vertex 21 58.75 5.35
    endloop
  endfacet
  facet normal 0 0 1
    outer loop
      vertex 21.208 60.0633 5.35
      vertex 20.9477 59.4148 5.35
      vertex 21.0523 59.4148 5.35
    endloop
  endfacet
  facet normal 0 0 1
    outer loop
      vertex 21.208 60.0633 5.35
      vertex 20.792 60.0633 5.35
      vertex 20.9477 59.4148 5.35
    endloop
  endfacet
  facet normal 0 0 1
    outer loop
      vertex 21.4632 60.6795 5.35
      vertex 20.792 60.0633 5.35
      vertex 21.208 60.0633 5.35
    endloop
  endfacet
  facet normal 0 0 1
    outer loop
      vertex 20.5368 60.6795 5.35
      vertex 21.4632 60.6795 5.35
      vertex 21.8117 61.2481 5.35
    endloop
  endfacet
  facet normal 0 0 1
    outer loop
      vertex 20.1883 61.2481 5.35
      vertex 21.8117 61.2481 5.35
      vertex 22.2448 61.7552 5.35
    endloop
  endfacet
  facet normal 0 0 1
    outer loop
      vertex 21.4632 60.6795 5.35
      vertex 20.5368 60.6795 5.35
      vertex 20.792 60.0633 5.35
    endloop
  endfacet
  facet normal 0 0 1
    outer loop
      vertex 19.7552 61.7552 5.35
      vertex 22.2448 61.7552 5.35
      vertex 22.7519 62.1883 5.35
    endloop
  endfacet
  facet normal 0 0 1
    outer loop
      vertex 21.8117 61.2481 5.35
      vertex 20.1883 61.2481 5.35
      vertex 20.5368 60.6795 5.35
    endloop
  endfacet
  facet normal 0 0 1
    outer loop
      vertex 19.2481 62.1883 5.35
      vertex 22.7519 62.1883 5.35
      vertex 23.3205 62.5368 5.35
    endloop
  endfacet
  facet normal 0 0 1
    outer loop
      vertex 18.6795 62.5368 5.35
      vertex 23.3205 62.5368 5.35
      vertex 23.9367 62.792 5.35
    endloop
  endfacet
  facet normal 0 0 1
    outer loop
      vertex 22.2448 61.7552 5.35
      vertex 19.7552 61.7552 5.35
      vertex 20.1883 61.2481 5.35
    endloop
  endfacet
  facet normal 0 0 1
    outer loop
      vertex 22.7519 62.1883 5.35
      vertex 19.2481 62.1883 5.35
      vertex 19.7552 61.7552 5.35
    endloop
  endfacet
  facet normal 0 0 1
    outer loop
      vertex 18.0633 62.792 5.35
      vertex 23.9367 62.792 5.35
      vertex 24.5852 62.9477 5.35
    endloop
  endfacet
  facet normal 0 0 1
    outer loop
      vertex 23.3205 62.5368 5.35
      vertex 18.6795 62.5368 5.35
      vertex 19.2481 62.1883 5.35
    endloop
  endfacet
  facet normal 0 0 1
    outer loop
      vertex 17.4148 62.9477 5.35
      vertex 24.5852 62.9477 5.35
      vertex 25.25 63 5.35
    endloop
  endfacet
  facet normal 0 0 1
    outer loop
      vertex 23.9367 62.792 5.35
      vertex 18.0633 62.792 5.35
      vertex 18.6795 62.5368 5.35
    endloop
  endfacet
  facet normal 0 0 1
    outer loop
      vertex 24.5852 62.9477 5.35
      vertex 17.4148 62.9477 5.35
      vertex 18.0633 62.792 5.35
    endloop
  endfacet
  facet normal 0 -0 1
    outer loop
      vertex 17.4148 62.9477 5.35
      vertex 25.25 63 5.35
      vertex 16.75 63 5.35
    endloop
  endfacet
  facet normal -0 0 1
    outer loop
      vertex 62.9477 59.4148 5.35
      vertex 63 59 5.35
      vertex 62.9508 59.6257 5.35
    endloop
  endfacet
  facet normal 0 0 1
    outer loop
      vertex 63 59 5.35
      vertex 62.9477 59.4148 5.35
      vertex 63 58.75 5.35
    endloop
  endfacet
  facet normal -0 0 1
    outer loop
      vertex 62.792 60.0633 5.35
      vertex 62.9508 59.6257 5.35
      vertex 62.8042 60.2361 5.35
    endloop
  endfacet
  facet normal 0 0 1
    outer loop
      vertex 62.9508 59.6257 5.35
      vertex 62.792 60.0633 5.35
      vertex 62.9477 59.4148 5.35
    endloop
  endfacet
  facet normal -0 0 1
    outer loop
      vertex 62.5368 60.6795 5.35
      vertex 62.8042 60.2361 5.35
      vertex 62.564 60.816 5.35
    endloop
  endfacet
  facet normal 0 0 1
    outer loop
      vertex 62.8042 60.2361 5.35
      vertex 62.5368 60.6795 5.35
      vertex 62.792 60.0633 5.35
    endloop
  endfacet
  facet normal -0 0 1
    outer loop
      vertex 62.1883 61.2481 5.35
      vertex 62.564 60.816 5.35
      vertex 62.2361 61.3511 5.35
    endloop
  endfacet
  facet normal 0 0 1
    outer loop
      vertex 62.564 60.816 5.35
      vertex 62.1883 61.2481 5.35
      vertex 62.5368 60.6795 5.35
    endloop
  endfacet
  facet normal -0 0 1
    outer loop
      vertex 61.7552 61.7552 5.35
      vertex 62.2361 61.3511 5.35
      vertex 61.8284 61.8284 5.35
    endloop
  endfacet
  facet normal 0 0 1
    outer loop
      vertex 62.2361 61.3511 5.35
      vertex 61.7552 61.7552 5.35
      vertex 62.1883 61.2481 5.35
    endloop
  endfacet
  facet normal 0 0 1
    outer loop
      vertex 61.3511 62.2361 5.35
      vertex 61.7552 61.7552 5.35
      vertex 61.8284 61.8284 5.35
    endloop
  endfacet
  facet normal 0 0 1
    outer loop
      vertex 61.3511 62.2361 5.35
      vertex 61.2481 62.1883 5.35
      vertex 61.7552 61.7552 5.35
    endloop
  endfacet
  facet normal 0 0 1
    outer loop
      vertex 60.816 62.564 5.35
      vertex 61.2481 62.1883 5.35
      vertex 61.3511 62.2361 5.35
    endloop
  endfacet
  facet normal 0 0 1
    outer loop
      vertex 60.816 62.564 5.35
      vertex 60.6795 62.5368 5.35
      vertex 61.2481 62.1883 5.35
    endloop
  endfacet
  facet normal 0 0 1
    outer loop
      vertex 60.2361 62.8042 5.35
      vertex 60.6795 62.5368 5.35
      vertex 60.816 62.564 5.35
    endloop
  endfacet
  facet normal 0 0 1
    outer loop
      vertex 60.2361 62.8042 5.35
      vertex 60.0633 62.792 5.35
      vertex 60.6795 62.5368 5.35
    endloop
  endfacet
  facet normal 0 0 1
    outer loop
      vertex 59.6257 62.9508 5.35
      vertex 60.0633 62.792 5.35
      vertex 60.2361 62.8042 5.35
    endloop
  endfacet
  facet normal 0 0 1
    outer loop
      vertex 59.6257 62.9508 5.35
      vertex 59.4148 62.9477 5.35
      vertex 60.0633 62.792 5.35
    endloop
  endfacet
  facet normal 0 0 1
    outer loop
      vertex 59 63 5.35
      vertex 59.4148 62.9477 5.35
      vertex 59.6257 62.9508 5.35
    endloop
  endfacet
  facet normal 0 0 1
    outer loop
      vertex 59.4148 62.9477 5.35
      vertex 59 63 5.35
      vertex 58.75 63 5.35
    endloop
  endfacet
  facet normal -0 0 1
    outer loop
      vertex 62.9477 24.5852 5.35
      vertex 63 16.75 5.35
      vertex 63 25.25 5.35
    endloop
  endfacet
  facet normal 0 0 1
    outer loop
      vertex 62.9477 24.5852 5.35
      vertex 62.9477 17.4148 5.35
      vertex 63 16.75 5.35
    endloop
  endfacet
  facet normal -0 0 1
    outer loop
      vertex 62.792 23.9367 5.35
      vertex 62.9477 17.4148 5.35
      vertex 62.9477 24.5852 5.35
    endloop
  endfacet
  facet normal 0 0 1
    outer loop
      vertex 62.792 23.9367 5.35
      vertex 62.792 18.0633 5.35
      vertex 62.9477 17.4148 5.35
    endloop
  endfacet
  facet normal -0 0 1
    outer loop
      vertex 62.5368 23.3205 5.35
      vertex 62.792 18.0633 5.35
      vertex 62.792 23.9367 5.35
    endloop
  endfacet
  facet normal 0 0 1
    outer loop
      vertex 62.5368 23.3205 5.35
      vertex 62.5368 18.6795 5.35
      vertex 62.792 18.0633 5.35
    endloop
  endfacet
  facet normal -0 0 1
    outer loop
      vertex 62.1883 22.7519 5.35
      vertex 62.5368 18.6795 5.35
      vertex 62.5368 23.3205 5.35
    endloop
  endfacet
  facet normal 0 0 1
    outer loop
      vertex 62.1883 22.7519 5.35
      vertex 62.1883 19.2481 5.35
      vertex 62.5368 18.6795 5.35
    endloop
  endfacet
  facet normal -0 0 1
    outer loop
      vertex 61.7552 22.2448 5.35
      vertex 62.1883 19.2481 5.35
      vertex 62.1883 22.7519 5.35
    endloop
  endfacet
  facet normal 0 0 1
    outer loop
      vertex 61.7552 22.2448 5.35
      vertex 61.7552 19.7552 5.35
      vertex 62.1883 19.2481 5.35
    endloop
  endfacet
  facet normal -0 0 1
    outer loop
      vertex 61.2481 21.8117 5.35
      vertex 61.7552 19.7552 5.35
      vertex 61.7552 22.2448 5.35
    endloop
  endfacet
  facet normal 0 0 1
    outer loop
      vertex 61.2481 21.8117 5.35
      vertex 61.2481 20.1883 5.35
      vertex 61.7552 19.7552 5.35
    endloop
  endfacet
  facet normal -0 0 1
    outer loop
      vertex 60.6795 21.4632 5.35
      vertex 61.2481 20.1883 5.35
      vertex 61.2481 21.8117 5.35
    endloop
  endfacet
  facet normal 0 0 1
    outer loop
      vertex 60.6795 21.4632 5.35
      vertex 60.6795 20.5368 5.35
      vertex 61.2481 20.1883 5.35
    endloop
  endfacet
  facet normal -0 0 1
    outer loop
      vertex 60.0633 21.208 5.35
      vertex 60.6795 20.5368 5.35
      vertex 60.6795 21.4632 5.35
    endloop
  endfacet
  facet normal 0 0 1
    outer loop
      vertex 60.0633 21.208 5.35
      vertex 60.0633 20.792 5.35
      vertex 60.6795 20.5368 5.35
    endloop
  endfacet
  facet normal -0 0 1
    outer loop
      vertex 59.4148 21.0523 5.35
      vertex 60.0633 20.792 5.35
      vertex 60.0633 21.208 5.35
    endloop
  endfacet
  facet normal 0 0 1
    outer loop
      vertex 59.4148 21.0523 5.35
      vertex 59.4148 20.9477 5.35
      vertex 60.0633 20.792 5.35
    endloop
  endfacet
  facet normal 0 -0 1
    outer loop
      vertex 59.4148 20.9477 5.35
      vertex 59.4148 21.0523 5.35
      vertex 58.75 21 5.35
    endloop
  endfacet
  facet normal -0 0 1
    outer loop
      vertex 62.9477 -17.4148 5.35
      vertex 63 -25.25 5.35
      vertex 63 -16.75 5.35
    endloop
  endfacet
  facet normal 0 0 1
    outer loop
      vertex 62.9477 -17.4148 5.35
      vertex 62.9477 -24.5852 5.35
      vertex 63 -25.25 5.35
    endloop
  endfacet
  facet normal -0 0 1
    outer loop
      vertex 62.792 -18.0633 5.35
      vertex 62.9477 -24.5852 5.35
      vertex 62.9477 -17.4148 5.35
    endloop
  endfacet
  facet normal 0 0 1
    outer loop
      vertex 62.792 -18.0633 5.35
      vertex 62.792 -23.9367 5.35
      vertex 62.9477 -24.5852 5.35
    endloop
  endfacet
  facet normal -0 0 1
    outer loop
      vertex 62.5368 -18.6795 5.35
      vertex 62.792 -23.9367 5.35
      vertex 62.792 -18.0633 5.35
    endloop
  endfacet
  facet normal 0 0 1
    outer loop
      vertex 62.5368 -18.6795 5.35
      vertex 62.5368 -23.3205 5.35
      vertex 62.792 -23.9367 5.35
    endloop
  endfacet
  facet normal -0 0 1
    outer loop
      vertex 62.1883 -19.2481 5.35
      vertex 62.5368 -23.3205 5.35
      vertex 62.5368 -18.6795 5.35
    endloop
  endfacet
  facet normal 0 0 1
    outer loop
      vertex 62.1883 -19.2481 5.35
      vertex 62.1883 -22.7519 5.35
      vertex 62.5368 -23.3205 5.35
    endloop
  endfacet
  facet normal -0 0 1
    outer loop
      vertex 61.7552 -19.7552 5.35
      vertex 62.1883 -22.7519 5.35
      vertex 62.1883 -19.2481 5.35
    endloop
  endfacet
  facet normal 0 0 1
    outer loop
      vertex 61.7552 -19.7552 5.35
      vertex 61.7552 -22.2448 5.35
      vertex 62.1883 -22.7519 5.35
    endloop
  endfacet
  facet normal -0 0 1
    outer loop
      vertex 61.2481 -20.1883 5.35
      vertex 61.7552 -22.2448 5.35
      vertex 61.7552 -19.7552 5.35
    endloop
  endfacet
  facet normal 0 0 1
    outer loop
      vertex 61.2481 -20.1883 5.35
      vertex 61.2481 -21.8117 5.35
      vertex 61.7552 -22.2448 5.35
    endloop
  endfacet
  facet normal -0 0 1
    outer loop
      vertex 60.6795 -20.5368 5.35
      vertex 61.2481 -21.8117 5.35
      vertex 61.2481 -20.1883 5.35
    endloop
  endfacet
  facet normal 0 0 1
    outer loop
      vertex 60.6795 -20.5368 5.35
      vertex 60.6795 -21.4632 5.35
      vertex 61.2481 -21.8117 5.35
    endloop
  endfacet
  facet normal -0 0 1
    outer loop
      vertex 60.0633 -20.792 5.35
      vertex 60.6795 -21.4632 5.35
      vertex 60.6795 -20.5368 5.35
    endloop
  endfacet
  facet normal 0 0 1
    outer loop
      vertex 60.0633 -20.792 5.35
      vertex 60.0633 -21.208 5.35
      vertex 60.6795 -21.4632 5.35
    endloop
  endfacet
  facet normal -0 0 1
    outer loop
      vertex 59.4148 -20.9477 5.35
      vertex 60.0633 -21.208 5.35
      vertex 60.0633 -20.792 5.35
    endloop
  endfacet
  facet normal 0 0 1
    outer loop
      vertex 59.4148 -20.9477 5.35
      vertex 59.4148 -21.0523 5.35
      vertex 60.0633 -21.208 5.35
    endloop
  endfacet
  facet normal 0 -0 1
    outer loop
      vertex 59.4148 -21.0523 5.35
      vertex 59.4148 -20.9477 5.35
      vertex 58.75 -21 5.35
    endloop
  endfacet
  facet normal 0 0 1
    outer loop
      vertex 62.9477 -59.4148 5.35
      vertex 63 -59 5.35
      vertex 63 -58.75 5.35
    endloop
  endfacet
  facet normal 0 0 1
    outer loop
      vertex 63 -59 5.35
      vertex 62.9477 -59.4148 5.35
      vertex 62.9508 -59.6257 5.35
    endloop
  endfacet
  facet normal 0 0 1
    outer loop
      vertex 62.792 -60.0633 5.35
      vertex 62.9508 -59.6257 5.35
      vertex 62.9477 -59.4148 5.35
    endloop
  endfacet
  facet normal 0 0 1
    outer loop
      vertex 62.9508 -59.6257 5.35
      vertex 62.792 -60.0633 5.35
      vertex 62.8042 -60.2361 5.35
    endloop
  endfacet
  facet normal 0 0 1
    outer loop
      vertex 62.5368 -60.6795 5.35
      vertex 62.8042 -60.2361 5.35
      vertex 62.792 -60.0633 5.35
    endloop
  endfacet
  facet normal 0 0 1
    outer loop
      vertex 62.8042 -60.2361 5.35
      vertex 62.5368 -60.6795 5.35
      vertex 62.564 -60.816 5.35
    endloop
  endfacet
  facet normal 0 0 1
    outer loop
      vertex 62.1883 -61.2481 5.35
      vertex 62.564 -60.816 5.35
      vertex 62.5368 -60.6795 5.35
    endloop
  endfacet
  facet normal 0 0 1
    outer loop
      vertex 62.564 -60.816 5.35
      vertex 62.1883 -61.2481 5.35
      vertex 62.2361 -61.3511 5.35
    endloop
  endfacet
  facet normal 0 0 1
    outer loop
      vertex 61.7552 -61.7552 5.35
      vertex 62.2361 -61.3511 5.35
      vertex 62.1883 -61.2481 5.35
    endloop
  endfacet
  facet normal 0 0 1
    outer loop
      vertex 62.2361 -61.3511 5.35
      vertex 61.7552 -61.7552 5.35
      vertex 61.8284 -61.8284 5.35
    endloop
  endfacet
  facet normal 0 0 1
    outer loop
      vertex 61.7552 -61.7552 5.35
      vertex 61.3511 -62.2361 5.35
      vertex 61.8284 -61.8284 5.35
    endloop
  endfacet
  facet normal -0 0 1
    outer loop
      vertex 61.2481 -62.1883 5.35
      vertex 61.3511 -62.2361 5.35
      vertex 61.7552 -61.7552 5.35
    endloop
  endfacet
  facet normal 0 0 1
    outer loop
      vertex 61.2481 -62.1883 5.35
      vertex 60.816 -62.564 5.35
      vertex 61.3511 -62.2361 5.35
    endloop
  endfacet
  facet normal -0 0 1
    outer loop
      vertex 60.6795 -62.5368 5.35
      vertex 60.816 -62.564 5.35
      vertex 61.2481 -62.1883 5.35
    endloop
  endfacet
  facet normal 0 0 1
    outer loop
      vertex 60.6795 -62.5368 5.35
      vertex 60.2361 -62.8042 5.35
      vertex 60.816 -62.564 5.35
    endloop
  endfacet
  facet normal -0 0 1
    outer loop
      vertex 60.0633 -62.792 5.35
      vertex 60.2361 -62.8042 5.35
      vertex 60.6795 -62.5368 5.35
    endloop
  endfacet
  facet normal 0 0 1
    outer loop
      vertex 60.0633 -62.792 5.35
      vertex 59.6257 -62.9508 5.35
      vertex 60.2361 -62.8042 5.35
    endloop
  endfacet
  facet normal -0 0 1
    outer loop
      vertex 59.4148 -62.9477 5.35
      vertex 59.6257 -62.9508 5.35
      vertex 60.0633 -62.792 5.35
    endloop
  endfacet
  facet normal 0 0 1
    outer loop
      vertex 59.4148 -62.9477 5.35
      vertex 59 -63 5.35
      vertex 59.6257 -62.9508 5.35
    endloop
  endfacet
  facet normal 0 -0 1
    outer loop
      vertex 59 -63 5.35
      vertex 59.4148 -62.9477 5.35
      vertex 58.75 -63 5.35
    endloop
  endfacet
  facet normal 0 0 1
    outer loop
      vertex 20.9477 -59.4148 5.35
      vertex 21.0523 -59.4148 5.35
      vertex 21 -58.75 5.35
    endloop
  endfacet
  facet normal -0 0 1
    outer loop
      vertex 20.9477 -59.4148 5.35
      vertex 21.208 -60.0633 5.35
      vertex 21.0523 -59.4148 5.35
    endloop
  endfacet
  facet normal 0 0 1
    outer loop
      vertex 20.792 -60.0633 5.35
      vertex 21.208 -60.0633 5.35
      vertex 20.9477 -59.4148 5.35
    endloop
  endfacet
  facet normal -0 0 1
    outer loop
      vertex 20.792 -60.0633 5.35
      vertex 21.4632 -60.6795 5.35
      vertex 21.208 -60.0633 5.35
    endloop
  endfacet
  facet normal 0 0 1
    outer loop
      vertex 20.5368 -60.6795 5.35
      vertex 21.4632 -60.6795 5.35
      vertex 20.792 -60.0633 5.35
    endloop
  endfacet
  facet normal 0 0 1
    outer loop
      vertex 21.4632 -60.6795 5.35
      vertex 20.5368 -60.6795 5.35
      vertex 21.8117 -61.2481 5.35
    endloop
  endfacet
  facet normal 0 0 1
    outer loop
      vertex 20.1883 -61.2481 5.35
      vertex 21.8117 -61.2481 5.35
      vertex 20.5368 -60.6795 5.35
    endloop
  endfacet
  facet normal 0 0 1
    outer loop
      vertex 21.8117 -61.2481 5.35
      vertex 20.1883 -61.2481 5.35
      vertex 22.2448 -61.7552 5.35
    endloop
  endfacet
  facet normal 0 0 1
    outer loop
      vertex 19.7552 -61.7552 5.35
      vertex 22.2448 -61.7552 5.35
      vertex 20.1883 -61.2481 5.35
    endloop
  endfacet
  facet normal 0 0 1
    outer loop
      vertex 22.2448 -61.7552 5.35
      vertex 19.7552 -61.7552 5.35
      vertex 22.7519 -62.1883 5.35
    endloop
  endfacet
  facet normal 0 0 1
    outer loop
      vertex 19.2481 -62.1883 5.35
      vertex 22.7519 -62.1883 5.35
      vertex 19.7552 -61.7552 5.35
    endloop
  endfacet
  facet normal 0 0 1
    outer loop
      vertex 22.7519 -62.1883 5.35
      vertex 19.2481 -62.1883 5.35
      vertex 23.3205 -62.5368 5.35
    endloop
  endfacet
  facet normal 0 0 1
    outer loop
      vertex 18.6795 -62.5368 5.35
      vertex 23.3205 -62.5368 5.35
      vertex 19.2481 -62.1883 5.35
    endloop
  endfacet
  facet normal 0 0 1
    outer loop
      vertex 23.3205 -62.5368 5.35
      vertex 18.6795 -62.5368 5.35
      vertex 23.9367 -62.792 5.35
    endloop
  endfacet
  facet normal 0 0 1
    outer loop
      vertex 18.0633 -62.792 5.35
      vertex 23.9367 -62.792 5.35
      vertex 18.6795 -62.5368 5.35
    endloop
  endfacet
  facet normal 0 0 1
    outer loop
      vertex 23.9367 -62.792 5.35
      vertex 18.0633 -62.792 5.35
      vertex 24.5852 -62.9477 5.35
    endloop
  endfacet
  facet normal 0 0 1
    outer loop
      vertex 17.4148 -62.9477 5.35
      vertex 24.5852 -62.9477 5.35
      vertex 18.0633 -62.792 5.35
    endloop
  endfacet
  facet normal 0 0 1
    outer loop
      vertex 24.5852 -62.9477 5.35
      vertex 17.4148 -62.9477 5.35
      vertex 25.25 -63 5.35
    endloop
  endfacet
  facet normal 0 0 1
    outer loop
      vertex 25.25 -63 5.35
      vertex 17.4148 -62.9477 5.35
      vertex 16.75 -63 5.35
    endloop
  endfacet
  facet normal 0 0 0
    outer loop
      vertex -63 -59 5.35
      vertex -63 -58.75 5.35
      vertex -63 -25.25 5.35
    endloop
  endfacet
  facet normal 0 -0 0
    outer loop
      vertex 58.75 63 5.35
      vertex 59 63 5.35
      vertex -59 63 5.35
    endloop
  endfacet
  facet normal 0 0 0
    outer loop
      vertex 63 -16.75 5.35
      vertex 63 -25.25 5.35
      vertex 63 -58.75 5.35
    endloop
  endfacet
  facet normal 0 0 0
    outer loop
      vertex -16.75 -63 5.35
      vertex -25.25 -63 5.35
      vertex -58.75 -63 5.35
    endloop
  endfacet
  facet normal 0 0 0
    outer loop
      vertex 16.75 63 5.35
      vertex 25.25 63 5.35
      vertex 58.75 63 5.35
    endloop
  endfacet
  facet normal 0 0 0
    outer loop
      vertex -63 -25.25 5.35
      vertex -63 -16.75 5.35
      vertex -63 16.75 5.35
    endloop
  endfacet
  facet normal 0 0 -0
    outer loop
      vertex -58.75 -63 5.35
      vertex -59 -63 5.35
      vertex 59 -63 5.35
    endloop
  endfacet
  facet normal 0 0 0
    outer loop
      vertex -63 16.75 5.35
      vertex -63 25.25 5.35
      vertex -63 58.75 5.35
    endloop
  endfacet
  facet normal 0 0 0
    outer loop
      vertex 59 -63 5.35
      vertex 58.75 -63 5.35
      vertex 25.25 -63 5.35
    endloop
  endfacet
  facet normal 0 0 0
    outer loop
      vertex 63 58.75 5.35
      vertex 63 25.25 5.35
      vertex 63 16.75 5.35
    endloop
  endfacet
  facet normal 0 0 0
    outer loop
      vertex -63 16.75 5.35
      vertex -63 58.75 5.35
      vertex -63 59 5.35
    endloop
  endfacet
  facet normal 0 0 -0
    outer loop
      vertex -16.75 -63 5.35
      vertex -58.75 -63 5.35
      vertex 59 -63 5.35
    endloop
  endfacet
  facet normal 0 0 0
    outer loop
      vertex -63 -59 5.35
      vertex -63 -25.25 5.35
      vertex -63 16.75 5.35
    endloop
  endfacet
  facet normal 0 0 0
    outer loop
      vertex 25.25 -63 5.35
      vertex 16.75 -63 5.35
      vertex -16.75 -63 5.35
    endloop
  endfacet
  facet normal -0 0 0
    outer loop
      vertex 63 -58.75 5.35
      vertex 63 -59 5.35
      vertex 63 59 5.35
    endloop
  endfacet
  facet normal 0 0 0
    outer loop
      vertex 58.75 63 5.35
      vertex -59 63 5.35
      vertex -58.75 63 5.35
    endloop
  endfacet
  facet normal 0 0 -0
    outer loop
      vertex -63 16.75 5.35
      vertex -63 59 5.35
      vertex -63 -59 5.35
    endloop
  endfacet
  facet normal 0 0 0
    outer loop
      vertex 63 58.75 5.35
      vertex 63 16.75 5.35
      vertex 63 -16.75 5.35
    endloop
  endfacet
  facet normal 0 -0 0
    outer loop
      vertex 16.75 63 5.35
      vertex 58.75 63 5.35
      vertex -58.75 63 5.35
    endloop
  endfacet
  facet normal 0 0 0
    outer loop
      vertex -25.25 63 5.35
      vertex -16.75 63 5.35
      vertex 16.75 63 5.35
    endloop
  endfacet
  facet normal 0 0 0
    outer loop
      vertex 63 59 5.35
      vertex 63 58.75 5.35
      vertex 63 -16.75 5.35
    endloop
  endfacet
  facet normal 0 0 -0
    outer loop
      vertex 25.25 -63 5.35
      vertex -16.75 -63 5.35
      vertex 59 -63 5.35
    endloop
  endfacet
  facet normal 0 0 0
    outer loop
      vertex 63 59 5.35
      vertex 63 -16.75 5.35
      vertex 63 -58.75 5.35
    endloop
  endfacet
  facet normal 0 -0 0
    outer loop
      vertex -25.25 63 5.35
      vertex 16.75 63 5.35
      vertex -58.75 63 5.35
    endloop
  endfacet
  facet normal 0 0 -1
    outer loop
      vertex 59 -63 0
      vertex 63 -59 0
      vertex 62.9508 -59.6257 0
    endloop
  endfacet
  facet normal -0 0 -1
    outer loop
      vertex 63 -59 0
      vertex 59 -63 0
      vertex 63 59 0
    endloop
  endfacet
  facet normal 0 0 -1
    outer loop
      vertex 59 -63 0
      vertex 62.9508 -59.6257 0
      vertex 62.8042 -60.2361 0
    endloop
  endfacet
  facet normal 0 0 -1
    outer loop
      vertex 59 63 0
      vertex 63 59 0
      vertex 59 -63 0
    endloop
  endfacet
  facet normal 0 0 -1
    outer loop
      vertex 59 -63 0
      vertex 62.8042 -60.2361 0
      vertex 62.564 -60.816 0
    endloop
  endfacet
  facet normal 0 0 -1
    outer loop
      vertex 63 59 0
      vertex 59 63 0
      vertex 62.9508 59.6257 0
    endloop
  endfacet
  facet normal 0 0 -1
    outer loop
      vertex 59 -63 0
      vertex 62.564 -60.816 0
      vertex 62.2361 -61.3511 0
    endloop
  endfacet
  facet normal 0 0 -1
    outer loop
      vertex 62.9508 59.6257 0
      vertex 59 63 0
      vertex 62.8042 60.2361 0
    endloop
  endfacet
  facet normal 0 0 -1
    outer loop
      vertex 59 -63 0
      vertex 62.2361 -61.3511 0
      vertex 61.8284 -61.8284 0
    endloop
  endfacet
  facet normal 0 0 -1
    outer loop
      vertex 62.8042 60.2361 0
      vertex 59 63 0
      vertex 62.564 60.816 0
    endloop
  endfacet
  facet normal 0 0 -1
    outer loop
      vertex 59 -63 0
      vertex 61.8284 -61.8284 0
      vertex 61.3511 -62.2361 0
    endloop
  endfacet
  facet normal 0 0 -1
    outer loop
      vertex 62.564 60.816 0
      vertex 59 63 0
      vertex 62.2361 61.3511 0
    endloop
  endfacet
  facet normal 0 0 -1
    outer loop
      vertex 59 -63 0
      vertex 61.3511 -62.2361 0
      vertex 60.816 -62.564 0
    endloop
  endfacet
  facet normal 0 0 -1
    outer loop
      vertex 62.2361 61.3511 0
      vertex 59 63 0
      vertex 61.8284 61.8284 0
    endloop
  endfacet
  facet normal 0 0 -1
    outer loop
      vertex 59 -63 0
      vertex 60.816 -62.564 0
      vertex 60.2361 -62.8042 0
    endloop
  endfacet
  facet normal 0 0 -1
    outer loop
      vertex 61.8284 61.8284 0
      vertex 59 63 0
      vertex 61.3511 62.2361 0
    endloop
  endfacet
  facet normal 0 0 -1
    outer loop
      vertex 59 -63 0
      vertex 60.2361 -62.8042 0
      vertex 59.6257 -62.9508 0
    endloop
  endfacet
  facet normal 0 0 -1
    outer loop
      vertex 61.3511 62.2361 0
      vertex 59 63 0
      vertex 60.816 62.564 0
    endloop
  endfacet
  facet normal 0 0 -1
    outer loop
      vertex 60.816 62.564 0
      vertex 59 63 0
      vertex 60.2361 62.8042 0
    endloop
  endfacet
  facet normal 0 0 -1
    outer loop
      vertex 60.2361 62.8042 0
      vertex 59 63 0
      vertex 59.6257 62.9508 0
    endloop
  endfacet
  facet normal 0 0 -1
    outer loop
      vertex -59 -63 0
      vertex 59 63 0
      vertex 59 -63 0
    endloop
  endfacet
  facet normal 0 0 -1
    outer loop
      vertex -59 -63 0
      vertex -59 63 0
      vertex 59 63 0
    endloop
  endfacet
  facet normal 0 0 -1
    outer loop
      vertex -63 -59 0
      vertex -59 -63 0
      vertex -59.6257 -62.9508 0
    endloop
  endfacet
  facet normal 0 0 -1
    outer loop
      vertex -59 -63 0
      vertex -63 -59 0
      vertex -59 63 0
    endloop
  endfacet
  facet normal 0 0 -1
    outer loop
      vertex -63 -59 0
      vertex -59.6257 -62.9508 0
      vertex -60.2361 -62.8042 0
    endloop
  endfacet
  facet normal 0 0 -1
    outer loop
      vertex -63 59 0
      vertex -59 63 0
      vertex -63 -59 0
    endloop
  endfacet
  facet normal 0 0 -1
    outer loop
      vertex -63 -59 0
      vertex -60.2361 -62.8042 0
      vertex -60.816 -62.564 0
    endloop
  endfacet
  facet normal 0 0 -1
    outer loop
      vertex -59 63 0
      vertex -63 59 0
      vertex -59.6257 62.9508 0
    endloop
  endfacet
  facet normal 0 0 -1
    outer loop
      vertex -63 -59 0
      vertex -60.816 -62.564 0
      vertex -61.3511 -62.2361 0
    endloop
  endfacet
  facet normal 0 0 -1
    outer loop
      vertex -59.6257 62.9508 0
      vertex -63 59 0
      vertex -60.2361 62.8042 0
    endloop
  endfacet
  facet normal 0 0 -1
    outer loop
      vertex -63 -59 0
      vertex -61.3511 -62.2361 0
      vertex -61.8284 -61.8284 0
    endloop
  endfacet
  facet normal 0 0 -1
    outer loop
      vertex -60.2361 62.8042 0
      vertex -63 59 0
      vertex -60.816 62.564 0
    endloop
  endfacet
  facet normal 0 0 -1
    outer loop
      vertex -63 -59 0
      vertex -61.8284 -61.8284 0
      vertex -62.2361 -61.3511 0
    endloop
  endfacet
  facet normal 0 0 -1
    outer loop
      vertex -60.816 62.564 0
      vertex -63 59 0
      vertex -61.3511 62.2361 0
    endloop
  endfacet
  facet normal 0 0 -1
    outer loop
      vertex -63 -59 0
      vertex -62.2361 -61.3511 0
      vertex -62.564 -60.816 0
    endloop
  endfacet
  facet normal 0 0 -1
    outer loop
      vertex -61.3511 62.2361 0
      vertex -63 59 0
      vertex -61.8284 61.8284 0
    endloop
  endfacet
  facet normal 0 0 -1
    outer loop
      vertex -63 -59 0
      vertex -62.564 -60.816 0
      vertex -62.8042 -60.2361 0
    endloop
  endfacet
  facet normal 0 0 -1
    outer loop
      vertex -61.8284 61.8284 0
      vertex -63 59 0
      vertex -62.2361 61.3511 0
    endloop
  endfacet
  facet normal 0 0 -1
    outer loop
      vertex -63 -59 0
      vertex -62.8042 -60.2361 0
      vertex -62.9508 -59.6257 0
    endloop
  endfacet
  facet normal 0 0 -1
    outer loop
      vertex -62.2361 61.3511 0
      vertex -63 59 0
      vertex -62.564 60.816 0
    endloop
  endfacet
  facet normal 0 0 -1
    outer loop
      vertex -62.564 60.816 0
      vertex -63 59 0
      vertex -62.8042 60.2361 0
    endloop
  endfacet
  facet normal 0 0 -1
    outer loop
      vertex -62.8042 60.2361 0
      vertex -63 59 0
      vertex -62.9508 59.6257 0
    endloop
  endfacet
endsolid OpenSCAD_Model
